/* Copyright Advanced Micro Devices, Inc.
 *
 * SPDX-License-Identifier: MIT
 */

static const unsigned char psp_v15_0_8_ta_bin[] = {
	0x31, 0x43, 0x00, 0x00, 0x24, 0x00, 0x00, 0x00, 0x02, 0x00, 0x00, 0x00, 0x0F, 0x00,
	0x00, 0x00, 0x00, 0x00, 0x00, 0x00, 0x31, 0x42, 0x00, 0x00, 0x00, 0x01, 0x00, 0x00,
	0x2D, 0xA6, 0xAE, 0x54, 0x01, 0x00, 0x00, 0x00, 0x03, 0x00, 0x00, 0x00, 0x02, 0x00,
	0x44, 0x1B, 0x00, 0x00, 0x00, 0x00, 0x31, 0x42, 0x00, 0x00, 0x00, 0x00, 0x00, 0x00,
	0x00, 0x00, 0x00, 0x00, 0x00, 0x00, 0x00, 0x00, 0x00, 0x00, 0x00, 0x00, 0x00, 0x00,
	0x00, 0x00, 0x00, 0x00, 0x00, 0x00, 0x00, 0x00, 0x00, 0x00, 0x00, 0x00, 0x00, 0x00,
	0x00, 0x00, 0x00, 0x00, 0x00, 0x00, 0x00, 0x00, 0x00, 0x00, 0x00, 0x00, 0x00, 0x00,
	0x00, 0x00, 0x00, 0x00, 0x00, 0x00, 0x00, 0x00, 0x00, 0x00, 0x00, 0x00, 0x00, 0x00,
	0x00, 0x00, 0x00, 0x00, 0x00, 0x00, 0x00, 0x00, 0x00, 0x00, 0x00, 0x00, 0x00, 0x00,
	0x00, 0x00, 0x00, 0x00, 0x00, 0x00, 0x00, 0x00, 0x00, 0x00, 0x00, 0x00, 0x00, 0x00,
	0x00, 0x00, 0x00, 0x00, 0x00, 0x00, 0x00, 0x00, 0x00, 0x00, 0x00, 0x00, 0x00, 0x00,
	0x00, 0x00, 0x00, 0x00, 0x00, 0x00, 0x00, 0x00, 0x00, 0x00, 0x00, 0x00, 0x00, 0x00,
	0x00, 0x00, 0x00, 0x00, 0x00, 0x00, 0x00, 0x00, 0x00, 0x00, 0x00, 0x00, 0x00, 0x00,
	0x00, 0x00, 0x00, 0x00, 0x00, 0x00, 0x00, 0x00, 0x00, 0x00, 0x00, 0x00, 0x00, 0x00,
	0x00, 0x00, 0x00, 0x00, 0x00, 0x00, 0x00, 0x00, 0x00, 0x00, 0x00, 0x00, 0x00, 0x00,
	0x00, 0x00, 0x00, 0x00, 0x00, 0x00, 0x00, 0x00, 0x00, 0x00, 0x00, 0x00, 0x00, 0x00,
	0x00, 0x00, 0x00, 0x00, 0x00, 0x00, 0x00, 0x00, 0x00, 0x00, 0x00, 0x00, 0x00, 0x00,
	0x00, 0x00, 0x00, 0x00, 0x00, 0x00, 0x00, 0x00, 0x00, 0x00, 0x00, 0x00, 0x00, 0x00,
	0x00, 0x00, 0x00, 0x00, 0x5B, 0x8B, 0xF5, 0xAF, 0x60, 0x9C, 0x9D, 0x4B, 0x8D, 0x51,
	0x4A, 0x67, 0x01, 0x64, 0x20, 0x09, 0x24, 0x50, 0x53, 0x31, 0x31, 0x3F, 0x00, 0x00,
	0x00, 0x00, 0x00, 0x00, 0x02, 0x00, 0x00, 0x00, 0x00, 0x00, 0x00, 0x00, 0x00, 0x00,
	0x00, 0x00, 0x00, 0x00, 0x00, 0x00, 0x00, 0x00, 0x00, 0x00, 0x01, 0x00, 0x00, 0x00,
	0x02, 0x00, 0x00, 0x00, 0x83, 0xF5, 0x3A, 0xB0, 0x6B, 0x0C, 0x41, 0xA9, 0xAB, 0xB4,
	0x50, 0x11, 0xF5, 0x31, 0x62, 0xB6, 0x00, 0x00, 0x00, 0x00, 0x00, 0x00, 0x00, 0x00,
	0x00, 0x00, 0x00, 0x00, 0x00, 0x00, 0x00, 0x00, 0x1B, 0x0F, 0x02, 0x82, 0x00, 0x00,
	0x00, 0x00, 0x02, 0x00, 0x44, 0x1B, 0xFF, 0xFF, 0xFF, 0xFF, 0x00, 0x02, 0x00, 0x00,
	0x31, 0x40, 0x00, 0x00, 0x00, 0x00, 0x00, 0x00, 0x00, 0x00, 0x00, 0x00, 0x00, 0x00,
	0x00, 0x00, 0x00, 0x00, 0x00, 0x00, 0x00, 0x00, 0x00, 0x00, 0x00, 0x00, 0x00, 0x00,
	0x00, 0x00, 0x00, 0x00, 0x00, 0x00, 0x00, 0x00, 0x00, 0x00, 0x00, 0x00, 0x00, 0x00,
	0x00, 0x00, 0x00, 0x00, 0x00, 0x00, 0x00, 0x00, 0x00, 0x00, 0x00, 0x00, 0x00, 0x00,
	0x00, 0x00, 0x00, 0x00, 0x00, 0x00, 0x00, 0x00, 0x00, 0x00, 0x00, 0x00, 0x00, 0x00,
	0x00, 0x00, 0x00, 0x00, 0x00, 0x00, 0x00, 0x00, 0x00, 0x00, 0x00, 0x00, 0x00, 0x00,
	0x00, 0x00, 0x00, 0x00, 0x00, 0x00, 0x00, 0x00, 0x00, 0x00, 0x00, 0x00, 0x00, 0x00,
	0x00, 0x00, 0xFF, 0x99, 0xD6, 0xCC, 0x86, 0x4F, 0x34, 0xEF, 0xCF, 0x6D, 0x22, 0xA8,
	0xFD, 0xF2, 0xF6, 0x89, 0x8C, 0x14, 0xAC, 0xD8, 0x16, 0xCE, 0xA0, 0xA8, 0x0A, 0x91,
	0x5B, 0x85, 0xC2, 0xBD, 0x4D, 0xEE, 0x41, 0x89, 0xFF, 0x40, 0x5F, 0xD4, 0x02, 0x00,
	0xDD, 0xEA, 0x1E, 0x04, 0x66, 0x68, 0x0F, 0x60, 0x00, 0x03, 0x00, 0x00, 0x00, 0x00,
	0xC0, 0x04, 0x00, 0x40, 0xC0, 0x04, 0x30, 0x51, 0xC0, 0x04, 0x00, 0x10, 0xC0, 0x04,
	0x54, 0x41, 0x00, 0x00, 0x00, 0x48, 0xC0, 0x04, 0x00, 0x50, 0xC0, 0x04, 0x08, 0x10,
	0xC0, 0x04, 0x00, 0x00, 0x00, 0x00, 0x00, 0x00, 0x00, 0x00, 0x00, 0x00, 0x00, 0x00,
	0x00, 0x00, 0x00, 0x00, 0x00, 0x00, 0x00, 0x00, 0x00, 0x00, 0x00, 0x00, 0x00, 0x00,
	0x00, 0x00, 0x00, 0x00, 0x00, 0x00, 0x00, 0x00, 0x00, 0x00, 0x00, 0x00, 0x00, 0x00,
	0xA0, 0x38, 0xC0, 0x04, 0xF0, 0x38, 0xC0, 0x04, 0x00, 0x00, 0x00, 0x00, 0x00, 0x00,
	0x00, 0x00, 0x00, 0x00, 0x00, 0x00, 0x00, 0x00, 0x00, 0x00, 0x00, 0x00, 0x00, 0x00,
	0x00, 0x00, 0x00, 0x00, 0x00, 0x00, 0x00, 0x00, 0x00, 0x00, 0x00, 0x00, 0x00, 0x00,
	0x00, 0x00, 0x00, 0x00, 0x00, 0x00, 0x00, 0x00, 0x00, 0x00, 0x00, 0x00, 0x00, 0x00,
	0x00, 0x00, 0x00, 0x00, 0x00, 0x00, 0x00, 0x00, 0x00, 0x00, 0x00, 0x00, 0x00, 0x00,
	0x00, 0x00, 0x00, 0x00, 0x00, 0x00, 0x00, 0x00, 0x00, 0x00, 0x00, 0x00, 0x00, 0x00,
	0x00, 0x00, 0x00, 0x00, 0x00, 0x00, 0x00, 0x00, 0x00, 0x00, 0x00, 0x00, 0x00, 0x00,
	0x00, 0x00, 0x00, 0x00, 0x00, 0x00, 0x00, 0x00, 0x00, 0x00, 0x00, 0x00, 0x00, 0x00,
	0x00, 0x00, 0x00, 0x00, 0x00, 0x00, 0x00, 0x00, 0x00, 0x00, 0x00, 0x00, 0x00, 0x00,
	0x00, 0x00, 0x00, 0x00, 0x00, 0x00, 0x00, 0x00, 0x00, 0x00, 0x00, 0x00, 0x00, 0x00,
	0x00, 0x00, 0x00, 0x00, 0x00, 0x00, 0x00, 0x00, 0x00, 0x00, 0x00, 0x00, 0x00, 0x00,
	0x00, 0x00, 0x00, 0x00, 0x00, 0x00, 0x00, 0x00, 0x00, 0x00, 0x00, 0x00, 0x00, 0x00,
	0x00, 0x00, 0x00, 0x00, 0x00, 0x00, 0x00, 0x00, 0x00, 0x00, 0x00, 0x00, 0x00, 0x00,
	0x00, 0x00, 0x00, 0x00, 0x00, 0x00, 0x00, 0x00, 0x00, 0x00, 0x00, 0x00, 0x00, 0x00,
	0x00, 0x00, 0x00, 0x00, 0x00, 0x00, 0x00, 0x00, 0x00, 0x00, 0x00, 0x00, 0x00, 0x00,
	0x00, 0x00, 0x00, 0x00, 0x00, 0x00, 0x00, 0x00, 0x00, 0x00, 0x00, 0x00, 0x00, 0x00,
	0x00, 0x00, 0x00, 0x00, 0x00, 0x00, 0x00, 0x00, 0x00, 0x00, 0x00, 0x00, 0x00, 0x00,
	0x00, 0x00, 0x00, 0x00, 0x00, 0x00, 0x00, 0x00, 0x00, 0x00, 0x00, 0x00, 0x00, 0x00,
	0x00, 0x00, 0x00, 0x00, 0x00, 0x00, 0x00, 0x00, 0x00, 0x00, 0x00, 0x00, 0x00, 0x00,
	0x00, 0x00, 0x00, 0x00, 0x00, 0x00, 0x00, 0x00, 0x00, 0x00, 0x00, 0x00, 0x00, 0x00,
	0x00, 0x00, 0x00, 0x00, 0x00, 0x00, 0x00, 0x00, 0x00, 0x00, 0x00, 0x00, 0x00, 0x00,
	0x00, 0x00, 0x00, 0x00, 0x00, 0x00, 0x00, 0x00, 0x00, 0x00, 0x00, 0x00, 0x00, 0x00,
	0x00, 0x00, 0x00, 0x00, 0x00, 0x00, 0x00, 0x00, 0x00, 0x00, 0x00, 0x00, 0x00, 0x00,
	0x00, 0x00, 0x00, 0x00, 0x00, 0x00, 0x00, 0x00, 0x00, 0x00, 0x00, 0x00, 0x00, 0x00,
	0x00, 0x00, 0x00, 0x00, 0x00, 0x00, 0x00, 0x00, 0x00, 0x00, 0x00, 0x00, 0x00, 0x00,
	0x00, 0x00, 0x00, 0x00, 0x00, 0x00, 0x00, 0x00, 0x00, 0x00, 0x00, 0x00, 0x00, 0x00,
	0x00, 0x00, 0x00, 0x00, 0x00, 0x00, 0x00, 0x00, 0x00, 0x00, 0x00, 0x00, 0x00, 0x00,
	0x00, 0x00, 0x00, 0x00, 0x00, 0x00, 0x00, 0x00, 0x00, 0x00, 0x00, 0x00, 0x00, 0x00,
	0x00, 0x00, 0x00, 0x00, 0x00, 0x00, 0x00, 0x00, 0x00, 0x00, 0x00, 0x00, 0x00, 0x00,
	0x00, 0x00, 0x00, 0x00, 0x00, 0x00, 0x00, 0x00, 0x00, 0x00, 0x00, 0x00, 0x00, 0x00,
	0x00, 0x00, 0x00, 0x00, 0x00, 0x00, 0x00, 0x00, 0x00, 0x00, 0x00, 0x00, 0x00, 0x00,
	0x00, 0x00, 0x00, 0x00, 0x00, 0x00, 0x00, 0x00, 0x00, 0x00, 0x00, 0x00, 0x00, 0x00,
	0x00, 0x00, 0x00, 0x00, 0x00, 0x00, 0x00, 0x00, 0x00, 0x00, 0x00, 0x00, 0x00, 0x00,
	0x00, 0x00, 0x00, 0x00, 0x00, 0x00, 0x00, 0x00, 0x00, 0x00, 0x00, 0x00, 0x00, 0x00,
	0x00, 0x00, 0x00, 0x00, 0x00, 0x00, 0x00, 0x00, 0x00, 0x00, 0x00, 0x00, 0x00, 0x00,
	0x00, 0x00, 0x00, 0x00, 0x00, 0x00, 0x00, 0x00, 0x00, 0x00, 0x00, 0x00, 0x00, 0x00,
	0x00, 0x00, 0x00, 0x00, 0x00, 0x00, 0x00, 0x00, 0x00, 0x00, 0x00, 0x00, 0x00, 0x00,
	0x00, 0x00, 0x00, 0x00, 0x00, 0x00, 0x00, 0x00, 0x00, 0x00, 0x00, 0x00, 0x00, 0x00,
	0x00, 0x00, 0x00, 0x00, 0x00, 0x00, 0x00, 0x00, 0x00, 0x00, 0x00, 0x00, 0x00, 0x00,
	0x00, 0x00, 0x00, 0x00, 0x00, 0x00, 0x00, 0x00, 0x00, 0x00, 0x00, 0x00, 0x00, 0x00,
	0x00, 0x00, 0x00, 0x00, 0x00, 0x00, 0x00, 0x00, 0x00, 0x00, 0x00, 0x00, 0x00, 0x00,
	0x00, 0x00, 0x00, 0x00, 0x00, 0x00, 0x00, 0x00, 0x00, 0x00, 0x00, 0x00, 0x00, 0x00,
	0x00, 0x00, 0x00, 0x00, 0x00, 0x00, 0x00, 0x00, 0x00, 0x00, 0x00, 0x00, 0x00, 0x00,
	0x00, 0x00, 0x00, 0x00, 0x00, 0x00, 0x00, 0x00, 0x00, 0x00, 0x00, 0x00, 0x00, 0x00,
	0x00, 0x00, 0x00, 0x00, 0x00, 0x00, 0x00, 0x00, 0x00, 0x00, 0x00, 0x00, 0x00, 0x00,
	0x00, 0x00, 0x00, 0x00, 0x00, 0x00, 0x00, 0x00, 0x00, 0x00, 0x00, 0x00, 0x00, 0x00,
	0x00, 0x00, 0x00, 0x00, 0x00, 0x00, 0x00, 0x00, 0x00, 0x00, 0x00, 0x00, 0x00, 0x00,
	0x00, 0x00, 0x00, 0x00, 0x00, 0x00, 0x00, 0x00, 0x00, 0x00, 0x00, 0x00, 0x00, 0x00,
	0x00, 0x00, 0x00, 0x00, 0x00, 0x00, 0x00, 0x00, 0x00, 0x00, 0x00, 0x00, 0x00, 0x00,
	0x00, 0x00, 0x00, 0x00, 0x00, 0x00, 0x00, 0x00, 0x00, 0x00, 0x00, 0x00, 0x00, 0x00,
	0x00, 0x00, 0x00, 0x00, 0x00, 0x00, 0x00, 0x00, 0x00, 0x00, 0x00, 0x00, 0x00, 0x00,
	0x00, 0x00, 0x00, 0x00, 0x00, 0x00, 0x00, 0x00, 0x00, 0x00, 0x00, 0x00, 0x00, 0x00,
	0x00, 0x00, 0x00, 0x00, 0x00, 0x00, 0x00, 0x00, 0x00, 0x00, 0x00, 0x00, 0x00, 0x00,
	0x00, 0x00, 0x00, 0x00, 0x00, 0x00, 0x00, 0x00, 0x00, 0x00, 0x00, 0x00, 0x00, 0x00,
	0x00, 0x00, 0x00, 0x00, 0x00, 0x00, 0x00, 0x00, 0x00, 0x00, 0x00, 0x00, 0x00, 0x00,
	0x00, 0x00, 0x00, 0x00, 0x00, 0x00, 0x00, 0x00, 0x00, 0x00, 0x00, 0x00, 0x00, 0x00,
	0x00, 0x00, 0x00, 0x00, 0x00, 0x00, 0x00, 0x00, 0x00, 0x00, 0x00, 0x00, 0x00, 0x00,
	0x00, 0x00, 0x00, 0x00, 0x00, 0x00, 0x00, 0x00, 0x00, 0x00, 0x00, 0x00, 0x00, 0x00,
	0x00, 0x00, 0x00, 0x00, 0x00, 0x00, 0x00, 0x00, 0x00, 0x00, 0x00, 0x00, 0x00, 0x00,
	0x00, 0x00, 0x00, 0x00, 0x00, 0x00, 0x00, 0x00, 0x00, 0x00, 0x00, 0x00, 0x00, 0x00,
	0x00, 0x00, 0x00, 0x00, 0x00, 0x00, 0x00, 0x00, 0x00, 0x00, 0x00, 0x00, 0x00, 0x00,
	0x00, 0x00, 0x00, 0x00, 0x00, 0x00, 0x00, 0x00, 0x00, 0x00, 0x00, 0x00, 0x00, 0x00,
	0x00, 0x00, 0x00, 0x00, 0x00, 0x00, 0x00, 0x00, 0x00, 0x00, 0x00, 0x00, 0x00, 0x00,
	0x00, 0x00, 0x00, 0x00, 0x00, 0x00, 0x00, 0x00, 0x00, 0x00, 0x00, 0x00, 0x00, 0x00,
	0x00, 0x00, 0x00, 0x00, 0x00, 0x00, 0x00, 0x00, 0x00, 0x00, 0x00, 0x00, 0x00, 0x00,
	0x00, 0x00, 0x00, 0x00, 0x00, 0x00, 0x00, 0x00, 0x00, 0x00, 0x00, 0x00, 0x00, 0x00,
	0x00, 0x00, 0x00, 0x00, 0x00, 0x00, 0x00, 0x00, 0x00, 0x00, 0x00, 0x00, 0x00, 0x00,
	0x00, 0x00, 0x00, 0x00, 0x00, 0x00, 0x00, 0x00, 0x00, 0x00, 0x00, 0x00, 0x00, 0x00,
	0x00, 0x00, 0x00, 0x00, 0x00, 0x00, 0x00, 0x00, 0x00, 0x00, 0x00, 0x00, 0x00, 0x00,
	0x00, 0x00, 0x00, 0x00, 0x00, 0x00, 0x00, 0x00, 0x00, 0x00, 0x00, 0x00, 0x00, 0x00,
	0x00, 0x00, 0x00, 0x00, 0x00, 0x00, 0x00, 0x00, 0x00, 0x00, 0x00, 0x00, 0x00, 0x00,
	0x00, 0x00, 0x00, 0x00, 0x00, 0x00, 0x00, 0x00, 0x00, 0x00, 0x00, 0x00, 0x00, 0x00,
	0x00, 0x00, 0x00, 0x00, 0x00, 0x00, 0x00, 0x00, 0x00, 0x00, 0x00, 0x00, 0x00, 0x00,
	0x00, 0x00, 0x00, 0x00, 0x00, 0x00, 0x00, 0x00, 0x00, 0x00, 0x00, 0x00, 0x00, 0x00,
	0x00, 0x00, 0x00, 0x00, 0x00, 0x00, 0x00, 0x00, 0x00, 0x00, 0x00, 0x00, 0x00, 0x00,
	0x00, 0x00, 0x00, 0x00, 0x00, 0x00, 0x00, 0x00, 0x00, 0x00, 0x00, 0x00, 0x00, 0x00,
	0x00, 0x00, 0x00, 0x00, 0x00, 0x00, 0x00, 0x00, 0x00, 0x00, 0x00, 0x00, 0x00, 0x00,
	0x00, 0x00, 0x00, 0x00, 0x00, 0x00, 0x00, 0x00, 0x00, 0x00, 0x00, 0x00, 0x00, 0x00,
	0x00, 0x00, 0x00, 0x00, 0x00, 0x00, 0x00, 0x00, 0x00, 0x00, 0x00, 0x00, 0x00, 0x00,
	0x00, 0x00, 0x00, 0x00, 0x00, 0x00, 0x00, 0x00, 0x00, 0x00, 0x00, 0x00, 0x00, 0x00,
	0x00, 0x00, 0x00, 0x00, 0x00, 0x00, 0x00, 0x00, 0x00, 0x00, 0x00, 0x00, 0x00, 0x00,
	0x00, 0x00, 0x00, 0x00, 0x00, 0x00, 0x00, 0x00, 0x00, 0x00, 0x00, 0x00, 0x00, 0x00,
	0x00, 0x00, 0x00, 0x00, 0x00, 0x00, 0x00, 0x00, 0x00, 0x00, 0x00, 0x00, 0x00, 0x00,
	0x00, 0x00, 0x00, 0x00, 0x00, 0x00, 0x00, 0x00, 0x00, 0x00, 0x00, 0x00, 0x00, 0x00,
	0x00, 0x00, 0x00, 0x00, 0x00, 0x00, 0x00, 0x00, 0x00, 0x00, 0x00, 0x00, 0x00, 0x00,
	0x00, 0x00, 0x00, 0x00, 0x00, 0x00, 0x00, 0x00, 0x00, 0x00, 0x00, 0x00, 0x00, 0x00,
	0x00, 0x00, 0x00, 0x00, 0x00, 0x00, 0x00, 0x00, 0x00, 0x00, 0x00, 0x00, 0x00, 0x00,
	0x00, 0x00, 0x00, 0x00, 0x00, 0x00, 0x00, 0x00, 0x00, 0x00, 0x00, 0x00, 0x00, 0x00,
	0x00, 0x00, 0x00, 0x00, 0x00, 0x00, 0x00, 0x00, 0x00, 0x00, 0x00, 0x00, 0x00, 0x00,
	0x00, 0x00, 0x00, 0x00, 0x00, 0x00, 0x00, 0x00, 0x00, 0x00, 0x00, 0x00, 0x00, 0x00,
	0x00, 0x00, 0x00, 0x00, 0x00, 0x00, 0x00, 0x00, 0x00, 0x00, 0x00, 0x00, 0x00, 0x00,
	0x00, 0x00, 0x00, 0x00, 0x00, 0x00, 0x00, 0x00, 0x00, 0x00, 0x00, 0x00, 0x00, 0x00,
	0x00, 0x00, 0x00, 0x00, 0x00, 0x00, 0x00, 0x00, 0x00, 0x00, 0x00, 0x00, 0x00, 0x00,
	0x00, 0x00, 0x00, 0x00, 0x00, 0x00, 0x00, 0x00, 0x00, 0x00, 0x00, 0x00, 0x00, 0x00,
	0x00, 0x00, 0x00, 0x00, 0x00, 0x00, 0x00, 0x00, 0x00, 0x00, 0x00, 0x00, 0x00, 0x00,
	0x00, 0x00, 0x00, 0x00, 0x00, 0x00, 0x00, 0x00, 0x00, 0x00, 0x00, 0x00, 0x00, 0x00,
	0x00, 0x00, 0x00, 0x00, 0x00, 0x00, 0x00, 0x00, 0x00, 0x00, 0x00, 0x00, 0x00, 0x00,
	0x00, 0x00, 0x00, 0x00, 0x00, 0x00, 0x00, 0x00, 0x00, 0x00, 0x00, 0x00, 0x00, 0x00,
	0x00, 0x00, 0x00, 0x00, 0x00, 0x00, 0x00, 0x00, 0x00, 0x00, 0x00, 0x00, 0x00, 0x00,
	0x00, 0x00, 0x00, 0x00, 0x00, 0x00, 0x00, 0x00, 0x00, 0x00, 0x00, 0x00, 0x00, 0x00,
	0x00, 0x00, 0x00, 0x00, 0x00, 0x00, 0x00, 0x00, 0x00, 0x00, 0x00, 0x00, 0x00, 0x00,
	0x00, 0x00, 0x00, 0x00, 0x00, 0x00, 0x00, 0x00, 0x00, 0x00, 0x00, 0x00, 0x00, 0x00,
	0x00, 0x00, 0x00, 0x00, 0x00, 0x00, 0x00, 0x00, 0x00, 0x00, 0x00, 0x00, 0x00, 0x00,
	0x00, 0x00, 0x00, 0x00, 0x00, 0x00, 0x00, 0x00, 0x00, 0x00, 0x00, 0x00, 0x00, 0x00,
	0x00, 0x00, 0x00, 0x00, 0x00, 0x00, 0x00, 0x00, 0x00, 0x00, 0x00, 0x00, 0x00, 0x00,
	0x00, 0x00, 0x00, 0x00, 0x00, 0x00, 0x00, 0x00, 0x00, 0x00, 0x00, 0x00, 0x00, 0x00,
	0x00, 0x00, 0x00, 0x00, 0x00, 0x00, 0x00, 0x00, 0x00, 0x00, 0x00, 0x00, 0x00, 0x00,
	0x00, 0x00, 0x00, 0x00, 0x00, 0x00, 0x00, 0x00, 0x00, 0x00, 0x00, 0x00, 0x00, 0x00,
	0x00, 0x00, 0x00, 0x00, 0x00, 0x00, 0x00, 0x00, 0x00, 0x00, 0x00, 0x00, 0x00, 0x00,
	0x00, 0x00, 0x00, 0x00, 0x00, 0x00, 0x00, 0x00, 0x00, 0x00, 0x00, 0x00, 0x00, 0x00,
	0x00, 0x00, 0x00, 0x00, 0x00, 0x00, 0x00, 0x00, 0x00, 0x00, 0x00, 0x00, 0x00, 0x00,
	0x00, 0x00, 0x00, 0x00, 0x00, 0x00, 0x00, 0x00, 0x00, 0x00, 0x00, 0x00, 0x00, 0x00,
	0x00, 0x00, 0x00, 0x00, 0x00, 0x00, 0x00, 0x00, 0x00, 0x00, 0x00, 0x00, 0x00, 0x00,
	0x00, 0x00, 0x00, 0x00, 0x00, 0x00, 0x00, 0x00, 0x00, 0x00, 0x00, 0x00, 0x00, 0x00,
	0x00, 0x00, 0x00, 0x00, 0x00, 0x00, 0x00, 0x00, 0x00, 0x00, 0x00, 0x00, 0x00, 0x00,
	0x00, 0x00, 0x00, 0x00, 0x00, 0x00, 0x00, 0x00, 0x00, 0x00, 0x00, 0x00, 0x00, 0x00,
	0x00, 0x00, 0x00, 0x00, 0x00, 0x00, 0x00, 0x00, 0x00, 0x00, 0x00, 0x00, 0x00, 0x00,
	0x00, 0x00, 0x00, 0x00, 0x00, 0x00, 0x00, 0x00, 0x00, 0x00, 0x00, 0x00, 0x00, 0x00,
	0x00, 0x00, 0x00, 0x00, 0x00, 0x00, 0x00, 0x00, 0x00, 0x00, 0x00, 0x00, 0x00, 0x00,
	0x00, 0x00, 0x00, 0x00, 0x00, 0x00, 0x00, 0x00, 0x00, 0x00, 0x00, 0x00, 0x00, 0x00,
	0x00, 0x00, 0x00, 0x00, 0x00, 0x00, 0x00, 0x00, 0x00, 0x00, 0x00, 0x00, 0x00, 0x00,
	0x00, 0x00, 0x00, 0x00, 0x00, 0x00, 0x00, 0x00, 0x00, 0x00, 0x00, 0x00, 0x00, 0x00,
	0x00, 0x00, 0x00, 0x00, 0x00, 0x00, 0x00, 0x00, 0x01, 0x01, 0x00, 0x00, 0x09, 0x00,
	0x00, 0x00, 0x00, 0x00, 0x00, 0x00, 0x00, 0x00, 0x00, 0x00, 0x21, 0x04, 0x0D, 0x10,
	0x67, 0x70, 0x64, 0x2E, 0x74, 0x61, 0x2E, 0x61, 0x70, 0x70, 0x49, 0x44, 0x00, 0x10,
	0xB7, 0x25, 0xE4, 0xEF, 0xAE, 0xAE, 0x49, 0x97, 0x20, 0xFF, 0x31, 0x4E, 0x65, 0x84,
	0x48, 0x19, 0x01, 0x11, 0x04, 0x67, 0x70, 0x64, 0x2E, 0x74, 0x61, 0x2E, 0x73, 0x74,
	0x61, 0x63, 0x6B, 0x53, 0x69, 0x7A, 0x65, 0x00, 0x00, 0x40, 0x00, 0x00, 0x18, 0x01,
	0x10, 0x04, 0x67, 0x70, 0x64, 0x2E, 0x74, 0x61, 0x2E, 0x68, 0x65, 0x61, 0x70, 0x53,
	0x69, 0x7A, 0x65, 0x00, 0x00, 0x40, 0x00, 0x00, 0x1B, 0x02, 0x16, 0x01, 0x67, 0x70,
	0x64, 0x2E, 0x74, 0x61, 0x2E, 0x73, 0x69, 0x6E, 0x67, 0x6C, 0x65, 0x49, 0x6E, 0x73,
	0x74, 0x61, 0x6E, 0x63, 0x65, 0x00, 0x01, 0x19, 0x02, 0x14, 0x01, 0x67, 0x70, 0x64,
	0x2E, 0x74, 0x61, 0x2E, 0x6D, 0x75, 0x6C, 0x74, 0x69, 0x53, 0x65, 0x73, 0x73, 0x69,
	0x6F, 0x6E, 0x00, 0x00, 0x17, 0x00, 0x0F, 0x04, 0x67, 0x70, 0x64, 0x2E, 0x74, 0x61,
	0x2E, 0x76, 0x65, 0x72, 0x73, 0x69, 0x6F, 0x6E, 0x00, 0x31, 0x2E, 0x30, 0x00, 0x17,
	0x01, 0x0F, 0x04, 0x61, 0x6D, 0x64, 0x2E, 0x74, 0x61, 0x2E, 0x76, 0x65, 0x72, 0x73,
	0x69, 0x6F, 0x6E, 0x00, 0x02, 0x00, 0x44, 0x1B, 0x2B, 0x00, 0x13, 0x14, 0x67, 0x70,
	0x64, 0x2E, 0x74, 0x61, 0x2E, 0x64, 0x65, 0x73, 0x63, 0x72, 0x69, 0x70, 0x74, 0x69,
	0x6F, 0x6E, 0x00, 0x41, 0x4D, 0x44, 0x20, 0x52, 0x41, 0x53, 0x20, 0x41, 0x70, 0x70,
	0x6C, 0x69, 0x63, 0x61, 0x74, 0x69, 0x6F, 0x6E, 0x00, 0x12, 0x02, 0x0D, 0x01, 0x61,
	0x6D, 0x64, 0x2E, 0x66, 0x77, 0x2E, 0x41, 0x6D, 0x64, 0x46, 0x77, 0x00, 0x01, 0x00,
	0x00, 0x00, 0x00, 0x00, 0x00, 0x00, 0x00, 0x00, 0x00, 0x00, 0x00, 0x00, 0x00, 0x00,
	0x00, 0x00, 0x00, 0x00, 0x00, 0x00, 0x00, 0x00, 0x00, 0x00, 0x00, 0x00, 0x00, 0x00,
	0x00, 0x00, 0x00, 0x00, 0x00, 0x00, 0x00, 0x00, 0x00, 0x00, 0x00, 0x00, 0x00, 0x00,
	0x00, 0x00, 0x00, 0x00, 0x00, 0x00, 0x00, 0x00, 0x00, 0x00, 0x00, 0x00, 0x00, 0x00,
	0x00, 0x00, 0x00, 0x00, 0x00, 0x00, 0x00, 0x00, 0x00, 0x00, 0x00, 0x00, 0x00, 0x00,
	0x00, 0x00, 0x00, 0x00, 0x00, 0x00, 0x00, 0x00, 0x00, 0x00, 0x00, 0x00, 0x00, 0x00,
	0x00, 0x00, 0x00, 0x00, 0x00, 0x00, 0x00, 0x00, 0x00, 0x00, 0x00, 0x00, 0x00, 0x00,
	0x00, 0x00, 0x00, 0x00, 0x00, 0x00, 0x00, 0x00, 0x00, 0x00, 0x00, 0x00, 0x00, 0x00,
	0x00, 0x00, 0x00, 0x00, 0x00, 0x00, 0x00, 0x00, 0x00, 0x00, 0x00, 0x00, 0x00, 0x00,
	0x00, 0x00, 0x00, 0x00, 0x00, 0x00, 0x00, 0x00, 0x00, 0x00, 0x00, 0x00, 0x00, 0x00,
	0x00, 0x00, 0x00, 0x00, 0x00, 0x00, 0x00, 0x00, 0x00, 0x00, 0x00, 0x00, 0x00, 0x00,
	0x00, 0x00, 0x00, 0x00, 0x00, 0x00, 0x00, 0x00, 0x00, 0x00, 0x00, 0x00, 0x00, 0x00,
	0x00, 0x00, 0x00, 0x00, 0x00, 0x00, 0x00, 0x00, 0x00, 0x00, 0x00, 0x00, 0x00, 0x00,
	0x00, 0x00, 0x00, 0x00, 0x00, 0x00, 0x00, 0x00, 0x00, 0x00, 0x00, 0x00, 0x00, 0x00,
	0x00, 0x00, 0x00, 0x00, 0x00, 0x00, 0x00, 0x00, 0x00, 0x00, 0x00, 0x00, 0x00, 0x00,
	0x00, 0x00, 0x00, 0x00, 0x00, 0x00, 0x00, 0x00, 0x00, 0x00, 0x00, 0x00, 0x00, 0x00,
	0x00, 0x00, 0x00, 0x00, 0x00, 0x00, 0x00, 0x00, 0x00, 0x00, 0x00, 0x00, 0x00, 0x00,
	0x00, 0x00, 0x00, 0x00, 0x00, 0x00, 0x00, 0x00, 0x00, 0x00, 0x00, 0x00, 0x00, 0x00,
	0x00, 0x00, 0x00, 0x00, 0x00, 0x00, 0x00, 0x00, 0x00, 0x00, 0x00, 0x00, 0x00, 0x00,
	0x00, 0x00, 0x00, 0x00, 0x00, 0x00, 0x00, 0x00, 0x00, 0x00, 0x00, 0x00, 0x00, 0x00,
	0x00, 0x00, 0x00, 0x00, 0x00, 0x00, 0x00, 0x00, 0x00, 0x00, 0x00, 0x00, 0x00, 0x00,
	0x00, 0x00, 0x00, 0x00, 0x00, 0x00, 0x00, 0x00, 0x00, 0x00, 0x00, 0x00, 0x00, 0x00,
	0x00, 0x00, 0x00, 0x00, 0x00, 0x00, 0x00, 0x00, 0x00, 0x00, 0x00, 0x00, 0x00, 0x00,
	0x00, 0x00, 0x00, 0x00, 0x00, 0x00, 0x00, 0x00, 0x00, 0x00, 0x00, 0x00, 0x00, 0x00,
	0x00, 0x00, 0x00, 0x00, 0x00, 0x00, 0x00, 0x00, 0x00, 0x00, 0x00, 0x00, 0x00, 0x00,
	0x00, 0x00, 0x00, 0x00, 0x00, 0x00, 0x00, 0x00, 0x00, 0x00, 0x00, 0x00, 0x00, 0x00,
	0x00, 0x00, 0x00, 0x00, 0x00, 0x00, 0x00, 0x00, 0x00, 0x00, 0x00, 0x00, 0x00, 0x00,
	0x00, 0x00, 0x00, 0x00, 0x00, 0x00, 0x00, 0x00, 0x00, 0x00, 0x00, 0x00, 0x00, 0x00,
	0x00, 0x00, 0x00, 0x00, 0x00, 0x00, 0x00, 0x00, 0x00, 0x00, 0x00, 0x00, 0x00, 0x00,
	0x00, 0x00, 0x00, 0x00, 0x00, 0x00, 0x00, 0x00, 0x00, 0x00, 0x00, 0x00, 0x00, 0x00,
	0x00, 0x00, 0x00, 0x00, 0x00, 0x00, 0x00, 0x00, 0x00, 0x00, 0x00, 0x00, 0x00, 0x00,
	0x00, 0x00, 0x00, 0x00, 0x00, 0x00, 0x00, 0x00, 0x00, 0x00, 0x00, 0x00, 0x00, 0x00,
	0x00, 0x00, 0x00, 0x00, 0x00, 0x00, 0x00, 0x00, 0x00, 0x00, 0x00, 0x00, 0x00, 0x00,
	0x00, 0x00, 0x00, 0x00, 0x00, 0x00, 0x00, 0x00, 0x00, 0x00, 0x00, 0x00, 0x00, 0x00,
	0x00, 0x00, 0x00, 0x00, 0x00, 0x00, 0x00, 0x00, 0x00, 0x00, 0x00, 0x00, 0x00, 0x00,
	0x00, 0x00, 0x00, 0x00, 0x00, 0x00, 0x00, 0x00, 0x00, 0x00, 0x00, 0x00, 0x00, 0x00,
	0x00, 0x00, 0x00, 0x00, 0x00, 0x00, 0x00, 0x00, 0x00, 0x00, 0x00, 0x00, 0x00, 0x00,
	0x00, 0x00, 0x00, 0x00, 0x00, 0x00, 0x00, 0x00, 0x00, 0x00, 0x00, 0x00, 0x00, 0x00,
	0x00, 0x00, 0x00, 0x00, 0x00, 0x00, 0x00, 0x00, 0x00, 0x00, 0x00, 0x00, 0x00, 0x00,
	0x00, 0x00, 0x00, 0x00, 0x00, 0x00, 0x00, 0x00, 0x00, 0x00, 0x00, 0x00, 0x00, 0x00,
	0x00, 0x00, 0x00, 0x00, 0x00, 0x00, 0x00, 0x00, 0x00, 0x00, 0x00, 0x00, 0x00, 0x00,
	0x00, 0x00, 0x00, 0x00, 0x00, 0x00, 0x00, 0x00, 0x00, 0x00, 0x00, 0x00, 0x00, 0x00,
	0x00, 0x00, 0x00, 0x00, 0x00, 0x00, 0x00, 0x00, 0x00, 0x00, 0x00, 0x00, 0x00, 0x00,
	0x00, 0x00, 0x00, 0x00, 0x00, 0x00, 0x00, 0x00, 0x00, 0x00, 0x00, 0x00, 0x00, 0x00,
	0x00, 0x00, 0x00, 0x00, 0x00, 0x00, 0x00, 0x00, 0x00, 0x00, 0x00, 0x00, 0x00, 0x00,
	0x00, 0x00, 0x00, 0x00, 0x00, 0x00, 0x00, 0x00, 0x00, 0x00, 0x00, 0x00, 0x00, 0x00,
	0x00, 0x00, 0x00, 0x00, 0x00, 0x00, 0x00, 0x00, 0x00, 0x00, 0x00, 0x00, 0x00, 0x00,
	0x00, 0x00, 0x00, 0x00, 0x00, 0x00, 0x00, 0x00, 0x00, 0x00, 0x00, 0x00, 0x00, 0x00,
	0x00, 0x00, 0x00, 0x00, 0x00, 0x00, 0x00, 0x00, 0x00, 0x00, 0x00, 0x00, 0x00, 0x00,
	0x00, 0x00, 0x00, 0x00, 0x00, 0x00, 0x00, 0x00, 0x00, 0x00, 0x00, 0x00, 0x00, 0x00,
	0x00, 0x00, 0x00, 0x00, 0x00, 0x00, 0x00, 0x00, 0x00, 0x00, 0x00, 0x00, 0x00, 0x00,
	0x00, 0x00, 0x00, 0x00, 0x00, 0x00, 0x00, 0x00, 0x00, 0x00, 0x00, 0x00, 0x00, 0x00,
	0x00, 0x00, 0x00, 0x00, 0x00, 0x00, 0x00, 0x00, 0x00, 0x00, 0x00, 0x00, 0x00, 0x00,
	0x00, 0x00, 0x00, 0x00, 0x00, 0x00, 0x00, 0x00, 0x00, 0x00, 0x00, 0x00, 0x00, 0x00,
	0x00, 0x00, 0x00, 0x00, 0x00, 0x00, 0x00, 0x00, 0x00, 0x00, 0x00, 0x00, 0x00, 0x00,
	0x00, 0x00, 0x00, 0x00, 0x00, 0x00, 0x00, 0x00, 0x00, 0x00, 0x00, 0x00, 0x00, 0x00,
	0x00, 0x00, 0x00, 0x00, 0x00, 0x00, 0x00, 0x00, 0x00, 0x00, 0x00, 0x00, 0x00, 0x00,
	0x00, 0x00, 0x00, 0x00, 0x00, 0x00, 0x00, 0x00, 0x00, 0x00, 0x00, 0x00, 0x00, 0x00,
	0x00, 0x00, 0x00, 0x00, 0x00, 0x00, 0x00, 0x00, 0x00, 0x00, 0x00, 0x00, 0x00, 0x00,
	0x00, 0x00, 0x00, 0x00, 0x00, 0x00, 0x00, 0x00, 0x00, 0x00, 0x00, 0x00, 0x00, 0x00,
	0x00, 0x00, 0x00, 0x00, 0x00, 0x00, 0x00, 0x00, 0x00, 0x00, 0x00, 0x00, 0x00, 0x00,
	0x00, 0x00, 0x00, 0x00, 0x00, 0x00, 0x00, 0x00, 0x00, 0x00, 0x00, 0x00, 0x00, 0x00,
	0x00, 0x00, 0x00, 0x00, 0x00, 0x00, 0x00, 0x00, 0x00, 0x00, 0x00, 0x00, 0x00, 0x00,
	0x00, 0x00, 0x00, 0x00, 0x00, 0x00, 0x00, 0x00, 0x00, 0x00, 0x00, 0x00, 0x00, 0x00,
	0x00, 0x00, 0x00, 0x00, 0x00, 0x00, 0x00, 0x00, 0x00, 0x00, 0x00, 0x00, 0x00, 0x00,
	0x00, 0x00, 0x00, 0x00, 0x00, 0x00, 0x00, 0x00, 0x00, 0x00, 0x00, 0x00, 0x00, 0x00,
	0x00, 0x00, 0x00, 0x00, 0x00, 0x00, 0x00, 0x00, 0x00, 0x00, 0x00, 0x00, 0x00, 0x00,
	0x00, 0x00, 0x00, 0x00, 0x00, 0x00, 0x00, 0x00, 0x00, 0x00, 0x00, 0x00, 0x00, 0x00,
	0x00, 0x00, 0x00, 0x00, 0x00, 0x00, 0x00, 0x00, 0x00, 0x00, 0x00, 0x00, 0x00, 0x00,
	0x00, 0x00, 0x00, 0x00, 0x00, 0x00, 0x00, 0x00, 0x00, 0x00, 0x00, 0x00, 0x00, 0x00,
	0x00, 0x00, 0x00, 0x00, 0x00, 0x00, 0x00, 0x00, 0x00, 0x00, 0x00, 0x00, 0x00, 0x00,
	0x00, 0x00, 0x00, 0x00, 0x00, 0x00, 0x00, 0x00, 0x00, 0x00, 0x00, 0x00, 0x00, 0x00,
	0x00, 0x00, 0x00, 0x00, 0x00, 0x00, 0x00, 0x00, 0x00, 0x00, 0x00, 0x00, 0x00, 0x00,
	0x00, 0x00, 0x00, 0x00, 0x00, 0x00, 0x00, 0x00, 0x00, 0x00, 0x00, 0x00, 0x00, 0x00,
	0x00, 0x00, 0x00, 0x00, 0x00, 0x00, 0x00, 0x00, 0x00, 0x00, 0x00, 0x00, 0x00, 0x00,
	0x00, 0x00, 0x00, 0x00, 0x00, 0x00, 0x00, 0x00, 0x00, 0x00, 0x00, 0x00, 0x00, 0x00,
	0x00, 0x00, 0x00, 0x00, 0x00, 0x00, 0x00, 0x00, 0x00, 0x00, 0x00, 0x00, 0x00, 0x00,
	0x00, 0x00, 0x00, 0x00, 0x00, 0x00, 0x00, 0x00, 0x00, 0x00, 0x00, 0x00, 0x00, 0x00,
	0x00, 0x00, 0x00, 0x00, 0x00, 0x00, 0x00, 0x00, 0x00, 0x00, 0x00, 0x00, 0x00, 0x00,
	0x00, 0x00, 0x00, 0x00, 0x00, 0x00, 0x00, 0x00, 0x00, 0x00, 0x00, 0x00, 0x00, 0x00,
	0x00, 0x00, 0x00, 0x00, 0x00, 0x00, 0x00, 0x00, 0x00, 0x00, 0x00, 0x00, 0x00, 0x00,
	0x00, 0x00, 0x00, 0x00, 0x00, 0x00, 0x00, 0x00, 0x00, 0x00, 0x00, 0x00, 0x00, 0x00,
	0x00, 0x00, 0x00, 0x00, 0x00, 0x00, 0x00, 0x00, 0x00, 0x00, 0x00, 0x00, 0x00, 0x00,
	0x00, 0x00, 0x00, 0x00, 0x00, 0x00, 0x00, 0x00, 0x00, 0x00, 0x00, 0x00, 0x00, 0x00,
	0x00, 0x00, 0x00, 0x00, 0x00, 0x00, 0x00, 0x00, 0x00, 0x00, 0x00, 0x00, 0x00, 0x00,
	0x00, 0x00, 0x00, 0x00, 0x00, 0x00, 0x00, 0x00, 0x00, 0x00, 0x00, 0x00, 0x00, 0x00,
	0x00, 0x00, 0x00, 0x00, 0x00, 0x00, 0x00, 0x00, 0x00, 0x00, 0x00, 0x00, 0x00, 0x00,
	0x00, 0x00, 0x00, 0x00, 0x00, 0x00, 0x00, 0x00, 0x00, 0x00, 0x00, 0x00, 0x00, 0x00,
	0x00, 0x00, 0x00, 0x00, 0x00, 0x00, 0x00, 0x00, 0x00, 0x00, 0x00, 0x00, 0x00, 0x00,
	0x00, 0x00, 0x00, 0x00, 0x00, 0x00, 0x00, 0x00, 0x00, 0x00, 0x00, 0x00, 0x00, 0x00,
	0x00, 0x00, 0x00, 0x00, 0x00, 0x00, 0x00, 0x00, 0x00, 0x00, 0x00, 0x00, 0x00, 0x00,
	0x00, 0x00, 0x00, 0x00, 0x00, 0x00, 0x00, 0x00, 0x00, 0x00, 0x00, 0x00, 0x00, 0x00,
	0x00, 0x00, 0x00, 0x00, 0x00, 0x00, 0x00, 0x00, 0x00, 0x00, 0x00, 0x00, 0x00, 0x00,
	0x00, 0x00, 0x00, 0x00, 0x00, 0x00, 0x00, 0x00, 0x00, 0x00, 0x00, 0x00, 0x00, 0x00,
	0x00, 0x00, 0x00, 0x00, 0x00, 0x00, 0x00, 0x00, 0x00, 0x00, 0x00, 0x00, 0x00, 0x00,
	0x00, 0x00, 0x00, 0x00, 0x00, 0x00, 0x00, 0x00, 0x00, 0x00, 0x00, 0x00, 0x00, 0x00,
	0x00, 0x00, 0x00, 0x00, 0x00, 0x00, 0x00, 0x00, 0x00, 0x00, 0x00, 0x00, 0x00, 0x00,
	0x00, 0x00, 0x00, 0x00, 0x00, 0x00, 0x00, 0x00, 0x00, 0x00, 0x00, 0x00, 0x00, 0x00,
	0x00, 0x00, 0x00, 0x00, 0x00, 0x00, 0x00, 0x00, 0x00, 0x00, 0x00, 0x00, 0x00, 0x00,
	0x00, 0x00, 0x00, 0x00, 0x00, 0x00, 0x00, 0x00, 0x00, 0x00, 0x00, 0x00, 0x00, 0x00,
	0x00, 0x00, 0x00, 0x00, 0x00, 0x00, 0x00, 0x00, 0x00, 0x00, 0x00, 0x00, 0x00, 0x00,
	0x00, 0x00, 0x00, 0x00, 0x00, 0x00, 0x00, 0x00, 0x00, 0x00, 0x00, 0x00, 0x00, 0x00,
	0x00, 0x00, 0x00, 0x00, 0x00, 0x00, 0x00, 0x00, 0x00, 0x00, 0x00, 0x00, 0x00, 0x00,
	0x00, 0x00, 0x00, 0x00, 0x00, 0x00, 0x00, 0x00, 0x00, 0x00, 0x00, 0x00, 0x00, 0x00,
	0x00, 0x00, 0x00, 0x00, 0x00, 0x00, 0x00, 0x00, 0x00, 0x00, 0x00, 0x00, 0x00, 0x00,
	0x00, 0x00, 0x00, 0x00, 0x00, 0x00, 0x00, 0x00, 0x00, 0x00, 0x00, 0x00, 0x00, 0x00,
	0x00, 0x00, 0x00, 0x00, 0x00, 0x00, 0x00, 0x00, 0x00, 0x00, 0x00, 0x00, 0x00, 0x00,
	0x00, 0x00, 0x00, 0x00, 0x00, 0x00, 0x00, 0x00, 0x00, 0x00, 0x00, 0x00, 0x00, 0x00,
	0x00, 0x00, 0x00, 0x00, 0x00, 0x00, 0x00, 0x00, 0x00, 0x00, 0x00, 0x00, 0x00, 0x00,
	0x00, 0x00, 0x00, 0x00, 0x00, 0x00, 0x00, 0x00, 0x00, 0x00, 0x00, 0x00, 0x00, 0x00,
	0x00, 0x00, 0x00, 0x00, 0x00, 0x00, 0x00, 0x00, 0x00, 0x00, 0x00, 0x00, 0x00, 0x00,
	0x00, 0x00, 0x00, 0x00, 0x00, 0x00, 0x00, 0x00, 0x00, 0x00, 0x00, 0x00, 0x00, 0x00,
	0x00, 0x00, 0x00, 0x00, 0x00, 0x00, 0x00, 0x00, 0x00, 0x00, 0x00, 0x00, 0x00, 0x00,
	0x00, 0x00, 0x00, 0x00, 0x00, 0x00, 0x00, 0x00, 0x00, 0x00, 0x00, 0x00, 0x00, 0x00,
	0x00, 0x00, 0x00, 0x00, 0x00, 0x00, 0x00, 0x00, 0x00, 0x00, 0x00, 0x00, 0x00, 0x00,
	0x00, 0x00, 0x00, 0x00, 0x00, 0x00, 0x00, 0x00, 0x00, 0x00, 0x00, 0x00, 0x00, 0x00,
	0x00, 0x00, 0x00, 0x00, 0x00, 0x00, 0x00, 0x00, 0x00, 0x00, 0x00, 0x00, 0x00, 0x00,
	0x00, 0x00, 0x00, 0x00, 0x00, 0x00, 0x00, 0x00, 0x00, 0x00, 0x00, 0x00, 0x00, 0x00,
	0x00, 0x00, 0x00, 0x00, 0x00, 0x00, 0x00, 0x00, 0x00, 0x00, 0x00, 0x00, 0x00, 0x00,
	0x00, 0x00, 0x00, 0x00, 0x00, 0x00, 0x00, 0x00, 0x00, 0x00, 0x00, 0x00, 0x00, 0x00,
	0x00, 0x00, 0x00, 0x00, 0x00, 0x00, 0x00, 0x00, 0x00, 0x00, 0x00, 0x00, 0x00, 0x00,
	0x00, 0x00, 0x00, 0x00, 0x00, 0x00, 0x00, 0x00, 0x00, 0x00, 0x00, 0x00, 0x00, 0x00,
	0x00, 0x00, 0x00, 0x00, 0x00, 0x00, 0x00, 0x00, 0x00, 0x00, 0x00, 0x00, 0x00, 0x00,
	0x00, 0x00, 0x00, 0x00, 0x00, 0x00, 0x00, 0x00, 0x00, 0x00, 0x00, 0x00, 0x00, 0x00,
	0x00, 0x00, 0x00, 0x00, 0x00, 0x00, 0x00, 0x00, 0x00, 0x00, 0x00, 0x00, 0x00, 0x00,
	0x00, 0x00, 0x00, 0x00, 0x00, 0x00, 0x00, 0x00, 0x00, 0x00, 0x00, 0x00, 0x00, 0x00,
	0x00, 0x00, 0x00, 0x00, 0x00, 0x00, 0x00, 0x00, 0x00, 0x00, 0x00, 0x00, 0x00, 0x00,
	0x00, 0x00, 0x00, 0x00, 0x00, 0x00, 0x00, 0x00, 0x00, 0x00, 0x00, 0x00, 0xEF, 0x20,
	0x20, 0x5B, 0x82, 0x80, 0x01, 0x00, 0x33, 0x33, 0x33, 0x33, 0xB7, 0xC2, 0xAD, 0xDE,
	0x93, 0x82, 0xF2, 0xEE, 0x03, 0xA3, 0x02, 0x00, 0x82, 0x80, 0x00, 0x00, 0x85, 0x47,
	0x63, 0xF7, 0xA7, 0x00, 0x79, 0x15, 0x13, 0x35, 0x15, 0x00, 0x0E, 0x05, 0x82, 0x80,
	0x09, 0x45, 0x82, 0x80, 0x01, 0x11, 0x4A, 0xC8, 0x37, 0x19, 0xC0, 0x04, 0x83, 0x27,
	0x89, 0x00, 0x3E, 0xC6, 0x81, 0x47, 0x81, 0x47, 0x01, 0x48, 0x2E, 0x85, 0x22, 0xCC,
	0x26, 0xCA, 0x06, 0xCE, 0xB2, 0x84, 0x36, 0x84, 0x3E, 0xC0, 0x42, 0xC2, 0xE1, 0x37,
	0x8A, 0x86, 0x11, 0x46, 0xA6, 0x85, 0xEF, 0x20, 0x20, 0x25, 0x11, 0xE9, 0x82, 0x47,
	0x1C, 0xC0, 0x32, 0x47, 0x83, 0x27, 0x89, 0x00, 0xB9, 0x8F, 0x01, 0x47, 0x89, 0xC7,
	0x69, 0x3F, 0x29, 0x65, 0x45, 0x05, 0xFD, 0xB7, 0xF2, 0x40, 0x62, 0x44, 0xD2, 0x44,
	0x42, 0x49, 0x05, 0x61, 0x82, 0x80, 0x01, 0x11, 0x2E, 0x85, 0x22, 0xCC, 0x06, 0xCE,
	0x32, 0x84, 0x36, 0xC6, 0x69, 0x37, 0xB2, 0x46, 0x01, 0x47, 0x11, 0x46, 0xA2, 0x85,
	0xEF, 0x20, 0xA0, 0x24, 0x19, 0xC1, 0x29, 0x65, 0x45, 0x05, 0xF2, 0x40, 0x62, 0x44,
	0x05, 0x61, 0x82, 0x80, 0x01, 0x11, 0x2E, 0x85, 0x22, 0xCC, 0x06, 0xCE, 0x32, 0x84,
	0x36, 0xC6, 0x8D, 0x37, 0xB2, 0x46, 0x21, 0x46, 0xA2, 0x85, 0xEF, 0x20, 0xC0, 0x1E,
	0x19, 0xC1, 0x29, 0x65, 0x45, 0x05, 0xF2, 0x40, 0x62, 0x44, 0x05, 0x61, 0x82, 0x80,
	0x01, 0x11, 0x2E, 0x85, 0x22, 0xCC, 0x06, 0xCE, 0x32, 0x84, 0x36, 0xC6, 0x3A, 0xC4,
	0x2D, 0x3F, 0xB2, 0x46, 0x22, 0x47, 0x21, 0x46, 0xA2, 0x85, 0xEF, 0x20, 0xA0, 0x1F,
	0x19, 0xC1, 0x29, 0x65, 0x45, 0x05, 0xF2, 0x40, 0x62, 0x44, 0x05, 0x61, 0x82, 0x80,
	0x39, 0x71, 0x4E, 0xD6, 0xB7, 0x19, 0xC0, 0x04, 0x3E, 0xC4, 0x83, 0xA7, 0x89, 0x00,
	0x3E, 0xCE, 0x81, 0x47, 0x4A, 0xD8, 0x81, 0x47, 0x01, 0x48, 0x2A, 0x89, 0x2E, 0x85,
	0x22, 0xDC, 0x26, 0xDA, 0x06, 0xDE, 0xB2, 0x84, 0x36, 0x84, 0x3A, 0xC6, 0x3E, 0xC8,
	0x42, 0xCA, 0xCD, 0x3D, 0x22, 0x48, 0xB2, 0x46, 0x81, 0x48, 0xCA, 0x87, 0x18, 0x08,
	0x11, 0x46, 0xA6, 0x85, 0xEF, 0x20, 0x80, 0x1D, 0x11, 0xE9, 0xC2, 0x47, 0x1C, 0xC0,
	0x72, 0x47, 0x83, 0xA7, 0x89, 0x00, 0xB9, 0x8F, 0x01, 0x47, 0x89, 0xC7, 0x75, 0x3D,
	0x29, 0x65, 0x45, 0x05, 0xFD, 0xB7, 0xF2, 0x50, 0x62, 0x54, 0xD2, 0x54, 0x42, 0x59,
	0xB2, 0x59, 0x21, 0x61, 0x82, 0x80, 0x01, 0x11, 0x2A, 0xC6, 0x2E, 0x85, 0x22, 0xCC,
	0x06, 0xCE, 0x32, 0x84, 0x36, 0xC4, 0x3A, 0xC2, 0x5D, 0x35, 0x12, 0x48, 0xB2, 0x47,
	0xA2, 0x46, 0x81, 0x48, 0x01, 0x47, 0x11, 0x46, 0xA2, 0x85, 0xEF, 0x20, 0x60, 0x1C,
	0x19, 0xC1, 0x29, 0x65, 0x45, 0x05, 0xF2, 0x40, 0x62, 0x44, 0x05, 0x61, 0x82, 0x80,
	0x79, 0x71, 0x4E, 0xCE, 0xAA, 0x89, 0x2E, 0x85, 0x22, 0xD4, 0x26, 0xD2, 0x4A, 0xD0,
	0x32, 0x84, 0x36, 0x89, 0xBA, 0x84, 0x06, 0xD6, 0x3E, 0xC6, 0xB5, 0x35, 0x32, 0x48,
	0x81, 0x48, 0xCE, 0x87, 0x4A, 0x87, 0xA6, 0x86, 0x21, 0x46, 0xA2, 0x85, 0xEF, 0x20,
	0x20, 0x15, 0x19, 0xC1, 0x29, 0x65, 0x45, 0x05, 0xB2, 0x50, 0x22, 0x54, 0x92, 0x54,
	0x02, 0x59, 0xF2, 0x49, 0x45, 0x61, 0x82, 0x80, 0x01, 0x11, 0x26, 0xCA, 0xAA, 0x84,
	0x2E, 0x85, 0x22, 0xCC, 0x06, 0xCE, 0x32, 0x84, 0x36, 0xC6, 0x3A, 0xC4, 0x3E, 0xC2,
	0x05, 0x3D, 0x12, 0x48, 0xB2, 0x46, 0x22, 0x47, 0x81, 0x48, 0xA6, 0x87, 0x21, 0x46,
	0xA2, 0x85, 0xEF, 0x20, 0x00, 0x15, 0x19, 0xC1, 0x29, 0x65, 0x45, 0x05, 0xF2, 0x40,
	0x62, 0x44, 0xD2, 0x44, 0x05, 0x61, 0x82, 0x80, 0x79, 0x71, 0x26, 0xD2, 0xB7, 0x14,
	0xC0, 0x04, 0x3E, 0xC0, 0x83, 0xA7, 0x84, 0x00, 0x3E, 0xCE, 0x81, 0x47, 0x81, 0x47,
	0x01, 0x48, 0x22, 0xD4, 0x06, 0xD6, 0x2E, 0xC6, 0x32, 0x84, 0x36, 0xC4, 0x3A, 0xC2,
	0x3E, 0xC8, 0x42, 0xCA, 0xDD, 0x33, 0x82, 0x48, 0x12, 0x48, 0xA2, 0x46, 0xB2, 0x45,
	0x8D, 0x47, 0x18, 0x08, 0x11, 0x46, 0xEF, 0x20, 0xC0, 0x0C, 0x11, 0xE9, 0xC2, 0x47,
	0x1C, 0xC0, 0x72, 0x47, 0x83, 0xA7, 0x84, 0x00, 0xB9, 0x8F, 0x01, 0x47, 0x89, 0xC7,
	0x45, 0x3B, 0x29, 0x65, 0x45, 0x05, 0xFD, 0xB7, 0xB2, 0x50, 0x22, 0x54, 0x92, 0x54,
	0x45, 0x61, 0x82, 0x80, 0x01, 0x11, 0x22, 0xCC, 0x06, 0xCE, 0x32, 0x84, 0x2E, 0xC6,
	0x36, 0xC4, 0x3A, 0xC2, 0x45, 0x33, 0x92, 0x48, 0x22, 0x48, 0xB2, 0x45, 0x8D, 0x47,
	0xA2, 0x86, 0x01, 0x47, 0x11, 0x46, 0xEF, 0x20, 0x00, 0x0C, 0x19, 0xC1, 0x29, 0x65,
	0x45, 0x05, 0xF2, 0x40, 0x62, 0x44, 0x05, 0x61, 0x82, 0x80, 0x01, 0x11, 0x22, 0xCC,
	0x06, 0xCE, 0x32, 0x84, 0x2E, 0xC6, 0x36, 0xC4, 0x3A, 0xC2, 0x3E, 0xC0, 0xBD, 0x33,
	0x82, 0x48, 0x12, 0x48, 0xA2, 0x46, 0xB2, 0x45, 0x8D, 0x47, 0x22, 0x87, 0x21, 0x46,
	0xEF, 0x20, 0x40, 0x05, 0x19, 0xC1, 0x29, 0x65, 0x45, 0x05, 0xF2, 0x40, 0x62, 0x44,
	0x05, 0x61, 0x82, 0x80, 0x01, 0x11, 0x22, 0xCC, 0x06, 0xCE, 0x36, 0x84, 0x2E, 0xC6,
	0x32, 0xC4, 0x3A, 0xC2, 0x3E, 0xC0, 0x35, 0x3B, 0x82, 0x48, 0x12, 0x48, 0xA2, 0x46,
	0xB2, 0x45, 0x8D, 0x47, 0x22, 0x87, 0x21, 0x46, 0xEF, 0x20, 0xC0, 0x05, 0x19, 0xC1,
	0x29, 0x65, 0x45, 0x05, 0xF2, 0x40, 0x62, 0x44, 0x05, 0x61, 0x82, 0x80, 0x5D, 0x71,
	0xA2, 0xC4, 0xA6, 0xC2, 0xCA, 0xC0, 0x52, 0xDC, 0x56, 0xDA, 0x5A, 0xD8, 0x62, 0xD4,
	0x66, 0xD2, 0x6A, 0xD0, 0x6E, 0xCE, 0x86, 0xC6, 0x4E, 0xDE, 0x5E, 0xD6, 0x2A, 0xC4,
	0x2E, 0x89, 0x32, 0x8A, 0xB6, 0x8A, 0xEF, 0x10, 0xA0, 0x15, 0xA9, 0x67, 0x2A, 0x84,
	0xAE, 0x8D, 0x81, 0x44, 0x13, 0x85, 0x27, 0x01, 0x61, 0x4B, 0x05, 0x4C, 0xB7, 0x0C,
	0x00, 0x80, 0x13, 0x0D, 0x00, 0x20, 0xB3, 0x67, 0xB4, 0x01, 0x85, 0xE3, 0xB6, 0x40,
	0x26, 0x44, 0x96, 0x44, 0x06, 0x49, 0xF2, 0x59, 0x62, 0x5A, 0xD2, 0x5A, 0x42, 0x5B,
	0xB2, 0x5B, 0x22, 0x5C, 0x92, 0x5C, 0x02, 0x5D, 0xF2, 0x4D, 0x61, 0x61, 0x82, 0x80,
	0x93, 0x77, 0x14, 0x00, 0xBD, 0xC3, 0xB3, 0xD7, 0x64, 0x03, 0x33, 0x16, 0xFC, 0x00,
	0xB3, 0x77, 0x46, 0x01, 0xA1, 0xCF, 0xB3, 0xFB, 0x64, 0x03, 0x63, 0x88, 0x0A, 0x02,
	0x26, 0x44, 0xB7, 0x06, 0x00, 0x80, 0x22, 0x45, 0xB6, 0x40, 0x96, 0x44, 0xF2, 0x59,
	0x62, 0x5A, 0xD2, 0x5A, 0x42, 0x5B, 0x22, 0x5C, 0x92, 0x5C, 0x02, 0x5D, 0xF2, 0x4D,
	0xB3, 0xE6, 0xDB, 0x00, 0xCA, 0x85, 0xB2, 0x5B, 0x06, 0x49, 0x61, 0x61, 0x6F, 0x10,
	0xF0, 0x4A, 0x81, 0x49, 0x83, 0x25, 0x09, 0x00, 0x22, 0x45, 0xB3, 0xE6, 0x79, 0x01,
	0xB3, 0xE6, 0x96, 0x01, 0x32, 0xC6, 0xEF, 0x10, 0x50, 0x4B, 0x51, 0xF1, 0x93, 0x89,
	0x09, 0x04, 0x32, 0x46, 0xE3, 0x92, 0xA9, 0xFF, 0x93, 0x97, 0xFD, 0x01, 0x05, 0x80,
	0x5D, 0x8C, 0x93, 0xDD, 0x1D, 0x00, 0x85, 0x04, 0x95, 0xB7, 0x39, 0x71, 0x26, 0xDA,
	0xB7, 0x54, 0xC0, 0x04, 0x52, 0xD4, 0x13, 0x8A, 0x84, 0x03, 0x03, 0x26, 0x0A, 0x0E,
	0x4A, 0xD8, 0x37, 0x19, 0xC0, 0x04, 0x4E, 0xD6, 0x83, 0x27, 0x89, 0x00, 0x3E, 0xC6,
	0x81, 0x47, 0xAA, 0x89, 0x85, 0x46, 0x4C, 0x00, 0x13, 0x05, 0x40, 0x0B, 0x22, 0xDC,
	0x06, 0xDE, 0x56, 0xD2, 0x5A, 0xD0, 0x5E, 0xCE, 0xF5, 0x35, 0x2A, 0x84, 0x21, 0xE5,
	0x92, 0x47, 0x03, 0x26, 0x0A, 0x0E, 0x63, 0x8C, 0x09, 0x00, 0x93, 0xE7, 0x07, 0x20,
	0x81, 0x46, 0x4C, 0x00, 0x13, 0x05, 0x40, 0x0B, 0x3E, 0xC2, 0xF9, 0x35, 0x2A, 0x84,
	0x2D, 0xA0, 0x93, 0xF7, 0xF7, 0xDF, 0x81, 0x46, 0x4C, 0x00, 0x13, 0x05, 0x40, 0x0B,
	0x3E, 0xC2, 0x6D, 0x3D, 0x2A, 0x84, 0x19, 0xE9, 0x93, 0x84, 0x84, 0x03, 0x81, 0x49,
	0x01, 0x4A, 0x05, 0x4B, 0x93, 0x0B, 0x80, 0x3E, 0xDC, 0x58, 0x63, 0xE9, 0xF9, 0x00,
	0x32, 0x47, 0x83, 0x27, 0x89, 0x00, 0xB9, 0x8F, 0x01, 0x47, 0x9D, 0xCB, 0x79, 0x3E,
	0x83, 0xA7, 0x04, 0x0E, 0xB3, 0x1A, 0x3B, 0x01, 0xB3, 0xF7, 0xFA, 0x00, 0x91, 0xCF,
	0x85, 0x46, 0x56, 0x86, 0x2C, 0x00, 0x13, 0x05, 0x40, 0x0C, 0xAD, 0x3D, 0x55, 0xF5,
	0x05, 0x0A, 0x63, 0x07, 0x7A, 0x01, 0xA2, 0x47, 0x85, 0x8B, 0xDD, 0xB7, 0x85, 0x09,
	0xC9, 0xB7, 0x29, 0x65, 0x21, 0x05, 0x59, 0xBF, 0xF2, 0x50, 0x22, 0x85, 0x62, 0x54,
	0xD2, 0x54, 0x42, 0x59, 0xB2, 0x59, 0x22, 0x5A, 0x92, 0x5A, 0x02, 0x5B, 0xF2, 0x4B,
	0x21, 0x61, 0x82, 0x80, 0x79, 0x71, 0x26, 0xD2, 0xB7, 0x14, 0xC0, 0x04, 0x5A, 0xC8,
	0x83, 0xA7, 0x84, 0x00, 0x3E, 0xC6, 0x81, 0x47, 0x37, 0x5B, 0xC0, 0x04, 0x93, 0x07,
	0x8B, 0x03, 0x52, 0xCC, 0x32, 0x8A, 0x03, 0xA6, 0x07, 0x0E, 0x4A, 0xD0, 0x56, 0xCA,
	0x36, 0x89, 0xAE, 0x8A, 0x85, 0x46, 0x2C, 0x00, 0x22, 0xD4, 0x4E, 0xCE, 0x06, 0xD6,
	0x2A, 0x84, 0xBA, 0x89, 0x01, 0x3D, 0x71, 0xE1, 0xA2, 0x47, 0xA1, 0x46, 0x13, 0x07,
	0x8B, 0x03, 0x23, 0xA0, 0xFA, 0x00, 0x63, 0x88, 0xD9, 0x02, 0xF9, 0x76, 0x93, 0x86,
	0xF6, 0xCF, 0xF5, 0x8F, 0x91, 0x46, 0x63, 0x14, 0xDA, 0x04, 0x89, 0x66, 0x93, 0x86,
	0x06, 0x20, 0xD5, 0x8F, 0x85, 0x46, 0xF1, 0x9B, 0x63, 0x1A, 0xD9, 0x06, 0x93, 0xE7,
	0x17, 0x00, 0x3E, 0xC4, 0x85, 0x47, 0x63, 0x90, 0xF9, 0x08, 0x95, 0xA8, 0xF9, 0x76,
	0x93, 0x86, 0xC6, 0xBF, 0xF5, 0x8F, 0x91, 0x46, 0x63, 0x1C, 0xDA, 0x02, 0x85, 0x46,
	0x63, 0x12, 0xD9, 0x02, 0x89, 0x66, 0x93, 0x86, 0x16, 0x40, 0xD5, 0x8F, 0x3E, 0xC4,
	0xA2, 0x47, 0x93, 0xE7, 0xC7, 0x03, 0x91, 0xA8, 0x89, 0x46, 0x63, 0x1B, 0xDA, 0x02,
	0x89, 0x66, 0x93, 0x86, 0x06, 0x10, 0x5D, 0xBF, 0x89, 0x46, 0x63, 0x1F, 0xD9, 0x04,
	0x89, 0x66, 0x93, 0x86, 0x26, 0x40, 0xE9, 0xBF, 0x85, 0x46, 0x63, 0x15, 0xD9, 0x00,
	0x89, 0x66, 0x85, 0x06, 0xF9, 0xB7, 0x89, 0x46, 0x63, 0x04, 0xD9, 0x00, 0x89, 0x66,
	0xD1, 0xB7, 0x89, 0x66, 0x89, 0x06, 0x7D, 0xBF, 0x89, 0x66, 0x61, 0xB7, 0x09, 0x46,
	0xE3, 0x19, 0xC9, 0xF8, 0x93, 0xE7, 0x27, 0x00, 0x3E, 0xC4, 0x63, 0x96, 0xD9, 0x00,
	0xA2, 0x47, 0x93, 0xE7, 0x47, 0x00, 0x3E, 0xC4, 0x03, 0x26, 0x07, 0x0E, 0x81, 0x46,
	0x2C, 0x00, 0x22, 0x85, 0xB1, 0x33, 0x32, 0x47, 0x83, 0xA7, 0x84, 0x00, 0xB9, 0x8F,
	0x01, 0x47, 0x91, 0xC7, 0xA1, 0x34, 0x89, 0x66, 0x93, 0x86, 0x06, 0x40, 0x41, 0xB7,
	0xB2, 0x50, 0x22, 0x54, 0x92, 0x54, 0x02, 0x59, 0xF2, 0x49, 0x62, 0x4A, 0xD2, 0x4A,
	0x42, 0x4B, 0x45, 0x61, 0x82, 0x80, 0x01, 0x11, 0x06, 0xCE, 0x2A, 0xC6, 0x99, 0x47,
	0x63, 0x84, 0xF5, 0x04, 0x63, 0xED, 0xB7, 0x00, 0x85, 0x47, 0x63, 0x83, 0xF5, 0x04,
	0x15, 0x47, 0x93, 0x07, 0x80, 0x12, 0x63, 0x8B, 0xE5, 0x00, 0x29, 0x65, 0x09, 0x05,
	0x1D, 0xA0, 0xA1, 0x47, 0xE3, 0x9C, 0xF5, 0xFE, 0x85, 0x67, 0x93, 0x87, 0xC7, 0xC2,
	0x09, 0x47, 0x01, 0x45, 0x63, 0x0A, 0xE6, 0x00, 0x37, 0x57, 0xC0, 0x04, 0x03, 0x26,
	0x87, 0x11, 0x81, 0x46, 0x6C, 0x00, 0x3E, 0x85, 0xE1, 0x39, 0xF2, 0x40, 0x05, 0x61,
	0x82, 0x80, 0x85, 0x67, 0x93, 0x87, 0x47, 0xC2, 0xF1, 0xBF, 0x85, 0x67, 0x93, 0x87,
	0x07, 0xC2, 0xD1, 0xBF, 0x01, 0x11, 0x4A, 0xC8, 0x37, 0x19, 0xC0, 0x04, 0x22, 0xCC,
	0x83, 0x27, 0x89, 0x00, 0x3E, 0xC6, 0x81, 0x47, 0x37, 0x54, 0xC0, 0x04, 0x93, 0x07,
	0x84, 0x03, 0x03, 0xA6, 0x07, 0x0E, 0x26, 0xCA, 0x85, 0x46, 0xAA, 0x84, 0x2C, 0x00,
	0x13, 0x05, 0x80, 0x11, 0x06, 0xCE, 0x51, 0x39, 0x1D, 0xE1, 0xA5, 0x47, 0x13, 0x04,
	0x84, 0x03, 0x63, 0x96, 0xF4, 0x02, 0xA2, 0x47, 0x37, 0x07, 0x00, 0xF4, 0x7D, 0x17,
	0xF9, 0x8F, 0x3E, 0xC4, 0x03, 0x26, 0x04, 0x0E, 0x81, 0x46, 0x2C, 0x00, 0x13, 0x05,
	0x80, 0x11, 0xBD, 0x31, 0x32, 0x47, 0x83, 0x27, 0x89, 0x00, 0xB9, 0x8F, 0x01, 0x47,
	0x89, 0xCB, 0xAD, 0x32, 0x9D, 0x47, 0xE3, 0x91, 0xF4, 0xFE, 0xA2, 0x47, 0x37, 0x07,
	0x00, 0xFD, 0xC9, 0xBF, 0xF2, 0x40, 0x62, 0x44, 0xD2, 0x44, 0x42, 0x49, 0x05, 0x61,
	0x82, 0x80, 0x01, 0x11, 0x4A, 0xC8, 0x37, 0x19, 0xC0, 0x04, 0x22, 0xCC, 0x83, 0x27,
	0x89, 0x00, 0x3E, 0xC6, 0x81, 0x47, 0x37, 0x54, 0xC0, 0x04, 0x93, 0x07, 0x84, 0x03,
	0xB0, 0x43, 0x26, 0xCA, 0x85, 0x46, 0xAA, 0x84, 0x2C, 0x00, 0x13, 0x05, 0x00, 0x1E,
	0x06, 0xCE, 0x29, 0x39, 0x05, 0xE1, 0x22, 0x47, 0x13, 0x04, 0x84, 0x03, 0x93, 0x67,
	0x47, 0x00, 0x99, 0xC0, 0x93, 0x77, 0xB7, 0xFF, 0x50, 0x5C, 0x81, 0x46, 0x2C, 0x00,
	0x13, 0x05, 0x00, 0x1E, 0x3E, 0xC4, 0xED, 0x3E, 0x32, 0x47, 0x83, 0x27, 0x89, 0x00,
	0xB9, 0x8F, 0x01, 0x47, 0x91, 0xC3, 0xDD, 0x38, 0xF2, 0x40, 0x62, 0x44, 0xD2, 0x44,
	0x42, 0x49, 0x05, 0x61, 0x82, 0x80, 0x79, 0x71, 0x26, 0xD2, 0xB7, 0x14, 0xC0, 0x04,
	0x22, 0xD4, 0x83, 0xA7, 0x84, 0x00, 0x3E, 0xC6, 0x81, 0x47, 0x37, 0x54, 0xC0, 0x04,
	0x93, 0x07, 0x84, 0x03, 0x03, 0xA6, 0x07, 0x0E, 0x4A, 0xD0, 0x37, 0x39, 0x00, 0x49,
	0x4E, 0xCE, 0x52, 0xCC, 0xAA, 0x89, 0x2E, 0x8A, 0x13, 0x05, 0x49, 0x8F, 0x4C, 0x00,
	0x06, 0xD6, 0x02, 0xC2, 0x02, 0xC4, 0xEF, 0x10, 0x70, 0x0D, 0x41, 0xE9, 0x12, 0x47,
	0x13, 0x04, 0x84, 0x03, 0xC1, 0x77, 0x42, 0x0A, 0x03, 0x26, 0x04, 0x0E, 0xF9, 0x8F,
	0x13, 0x5A, 0x0A, 0x01, 0xB3, 0xE5, 0x47, 0x01, 0x13, 0x05, 0x49, 0x8F, 0x2E, 0xC2,
	0xEF, 0x10, 0xD0, 0x0C, 0x35, 0xE5, 0x03, 0x26, 0x04, 0x0E, 0x2C, 0x00, 0x13, 0x05,
	0x09, 0x8F, 0xEF, 0x10, 0x30, 0x0A, 0x31, 0xED, 0xA2, 0x45, 0x93, 0xF9, 0x09, 0xFC,
	0x03, 0x26, 0x04, 0x0E, 0x93, 0xF5, 0xF5, 0x03, 0xB3, 0xE5, 0x35, 0x01, 0x93, 0xE5,
	0x15, 0x00, 0x13, 0x05, 0x09, 0x8F, 0x2E, 0xC4, 0xEF, 0x10, 0xB0, 0x09, 0x0D, 0xED,
	0xB7, 0x39, 0x00, 0x49, 0x13, 0x09, 0x80, 0x3E, 0x13, 0x8A, 0x09, 0x8F, 0x03, 0x26,
	0x04, 0x0E, 0x2C, 0x00, 0x52, 0x85, 0xEF, 0x10, 0x70, 0x06, 0x05, 0xE1, 0x7D, 0x19,
	0x63, 0x06, 0x09, 0x02, 0xA2, 0x45, 0x93, 0xF7, 0x25, 0x00, 0xFD, 0xD3, 0x03, 0x26,
	0x04, 0x0E, 0xF1, 0x99, 0x13, 0x85, 0x09, 0x8F, 0x2E, 0xC4, 0xEF, 0x10, 0x10, 0x06,
	0x32, 0x47, 0x83, 0xA7, 0x84, 0x00, 0xB9, 0x8F, 0x01, 0x47, 0x91, 0xC7, 0xEF, 0xF0,
	0x1F, 0x81, 0x29, 0x65, 0x21, 0x05, 0xF5, 0xB7, 0xB2, 0x50, 0x22, 0x54, 0x92, 0x54,
	0x02, 0x59, 0xF2, 0x49, 0x62, 0x4A, 0x45, 0x61, 0x82, 0x80, 0xA1, 0x47, 0x63, 0x1B,
	0xF5, 0x00, 0x41, 0x11, 0x06, 0xC6, 0xEF, 0x00, 0x10, 0x40, 0xB2, 0x40, 0x33, 0x35,
	0xA0, 0x00, 0x41, 0x01, 0x82, 0x80, 0x01, 0x45, 0x82, 0x80, 0x01, 0x11, 0x22, 0xCC,
	0x37, 0x54, 0xC0, 0x04, 0x13, 0x04, 0x84, 0x03, 0x30, 0x40, 0x26, 0xCA, 0xB7, 0x14,
	0xC0, 0x04, 0x83, 0xA7, 0x84, 0x00, 0x3E, 0xC6, 0x81, 0x47, 0x85, 0x46, 0x2C, 0x00,
	0x13, 0x05, 0x00, 0x15, 0x06, 0xCE, 0x6D, 0x34, 0x01, 0xED, 0xA2, 0x47, 0x01, 0x77,
	0x50, 0x5C, 0x7D, 0x17, 0xF9, 0x8F, 0x81, 0x46, 0x2C, 0x00, 0x13, 0x05, 0x00, 0x15,
	0x3E, 0xC4, 0x49, 0x3C, 0x32, 0x47, 0x83, 0xA7, 0x84, 0x00, 0xB9, 0x8F, 0x01, 0x47,
	0x99, 0xC3, 0xEF, 0xF0, 0xEF, 0xF8, 0xF2, 0x40, 0x62, 0x44, 0xD2, 0x44, 0x05, 0x61,
	0x82, 0x80, 0x01, 0x11, 0x22, 0xCC, 0x37, 0x54, 0xC0, 0x04, 0x13, 0x04, 0x84, 0x03,
	0x03, 0x26, 0x04, 0x0E, 0x26, 0xCA, 0x4A, 0xC8, 0xB7, 0x14, 0xC0, 0x04, 0x05, 0x69,
	0x83, 0xA7, 0x84, 0x00, 0x3E, 0xC6, 0x81, 0x47, 0x85, 0x46, 0x2C, 0x00, 0x13, 0x05,
	0x09, 0xCE, 0x06, 0xCE, 0xA9, 0x34, 0x01, 0xED, 0xA2, 0x47, 0x03, 0x26, 0x04, 0x0E,
	0x81, 0x46, 0x93, 0xF7, 0x67, 0xFA, 0x2C, 0x00, 0x13, 0x05, 0x09, 0xCE, 0x3E, 0xC4,
	0x0D, 0x3C, 0x32, 0x47, 0x83, 0xA7, 0x84, 0x00, 0xB9, 0x8F, 0x01, 0x47, 0x99, 0xC3,
	0xEF, 0xF0, 0xEF, 0xF2, 0xF2, 0x40, 0x62, 0x44, 0xD2, 0x44, 0x42, 0x49, 0x05, 0x61,
	0x82, 0x80, 0x01, 0x11, 0x06, 0xCE, 0x22, 0xCC, 0x26, 0xCA, 0x2E, 0xC6, 0x11, 0xC5,
	0xAA, 0x87, 0x15, 0x47, 0x01, 0x45, 0x63, 0x9F, 0xE7, 0x02, 0x37, 0x54, 0xC0, 0x04,
	0x13, 0x04, 0x84, 0x03, 0x03, 0x26, 0x04, 0x0E, 0x81, 0x46, 0x6C, 0x00, 0x13, 0x05,
	0x40, 0x0B, 0xED, 0x32, 0x15, 0xE1, 0x03, 0x26, 0x04, 0x0E, 0xB7, 0x34, 0x00, 0x49,
	0x81, 0x45, 0x13, 0x85, 0x04, 0x8F, 0xEF, 0x10, 0x20, 0x72, 0x01, 0xE9, 0x03, 0x26,
	0x04, 0x0E, 0x81, 0x45, 0x13, 0x85, 0x44, 0x8F, 0xEF, 0x10, 0x20, 0x71, 0xF2, 0x40,
	0x62, 0x44, 0xD2, 0x44, 0x05, 0x61, 0x82, 0x80, 0x79, 0x71, 0x52, 0xCC, 0x37, 0x1A,
	0xC0, 0x04, 0x83, 0x27, 0x8A, 0x00, 0x3E, 0xC6, 0x81, 0x47, 0x26, 0xD2, 0x4E, 0xCE,
	0x06, 0xD6, 0x22, 0xD4, 0x4A, 0xD0, 0x89, 0x47, 0xAA, 0x84, 0xAE, 0x89, 0x63, 0x1D,
	0xF5, 0x00, 0xCE, 0x85, 0x26, 0x85, 0xBD, 0x3F, 0x32, 0x47, 0x83, 0x27, 0x8A, 0x00,
	0xB9, 0x8F, 0x01, 0x47, 0xB5, 0xC3, 0xEF, 0xF0, 0xEF, 0xE8, 0x9D, 0x47, 0xE3, 0x04,
	0xF5, 0xFE, 0x37, 0x54, 0xC0, 0x04, 0x13, 0x04, 0x84, 0x03, 0x30, 0x40, 0x05, 0x69,
	0x85, 0x46, 0x4C, 0x00, 0x13, 0x05, 0x89, 0xCA, 0x9D, 0x32, 0x71, 0xF9, 0x30, 0x40,
	0x85, 0x46, 0x2C, 0x00, 0x13, 0x05, 0x09, 0xCD, 0xA1, 0x3A, 0x79, 0xF1, 0x92, 0x47,
	0x50, 0x5C, 0x37, 0x07, 0x00, 0xFE, 0xC1, 0x9B, 0x3E, 0xC2, 0xA2, 0x47, 0x81, 0x46,
	0x4C, 0x00, 0xF9, 0x8F, 0x13, 0x05, 0x89, 0xCA, 0x3E, 0xC4, 0xEF, 0xF0, 0xBF, 0x93,
	0x5D, 0xF1, 0x50, 0x5C, 0x81, 0x46, 0x2C, 0x00, 0x13, 0x05, 0x09, 0xCD, 0xEF, 0xF0,
	0xBF, 0x92, 0x41, 0xD9, 0x51, 0xBF, 0xB2, 0x50, 0x22, 0x54, 0x92, 0x54, 0x02, 0x59,
	0xF2, 0x49, 0x62, 0x4A, 0x45, 0x61, 0x82, 0x80, 0x79, 0x71, 0x4A, 0xD0, 0x37, 0x19,
	0xC0, 0x04, 0x26, 0xD2, 0x83, 0x27, 0x89, 0x00, 0x3E, 0xC6, 0x81, 0x47, 0xB7, 0x54,
	0xC0, 0x04, 0x93, 0x87, 0x84, 0x03, 0x03, 0xA6, 0x07, 0x0E, 0x52, 0xCC, 0x05, 0x6A,
	0x22, 0xD4, 0x4E, 0xCE, 0x2E, 0x84, 0xAA, 0x89, 0x85, 0x46, 0x2C, 0x00, 0x13, 0x05,
	0x0A, 0xCD, 0x06, 0xD6, 0xEF, 0xF0, 0xFF, 0x8D, 0x25, 0xED, 0x22, 0x47, 0x93, 0x84,
	0x84, 0x03, 0xB7, 0x07, 0x00, 0xFE, 0xF9, 0x8F, 0x03, 0xA6, 0x04, 0x0E, 0x41, 0x67,
	0x13, 0x07, 0x17, 0x10, 0xD9, 0x8F, 0x81, 0x46, 0x2C, 0x00, 0x13, 0x05, 0x0A, 0xCD,
	0x3E, 0xC4, 0xEF, 0xF0, 0x7F, 0x8B, 0x21, 0xE9, 0x03, 0xA6, 0x04, 0x0E, 0x85, 0x46,
	0x4C, 0x00, 0x13, 0x05, 0x8A, 0xCA, 0xEF, 0xF0, 0x5F, 0x8A, 0x1D, 0xED, 0x92, 0x47,
	0xC1, 0x9B, 0x63, 0x84, 0x09, 0x00, 0x93, 0xE7, 0x87, 0x00, 0x3E, 0xC2, 0x85, 0x47,
	0x63, 0x05, 0xF4, 0x00, 0x99, 0x47, 0x63, 0x1B, 0xF4, 0x02, 0x92, 0x47, 0x93, 0xE7,
	0x27, 0x00, 0x3E, 0xC2, 0x03, 0xA6, 0x04, 0x0E, 0x05, 0x65, 0x81, 0x46, 0x4C, 0x00,
	0x13, 0x05, 0x85, 0xCA, 0xEF, 0xF0, 0xFF, 0x86, 0x01, 0xE5, 0x81, 0x45, 0x22, 0x85,
	0x6D, 0x35, 0x32, 0x47, 0x83, 0x27, 0x89, 0x00, 0xB9, 0x8F, 0x01, 0x47, 0x89, 0xCF,
	0xEF, 0xF0, 0x0F, 0xD6, 0x89, 0x47, 0x63, 0x05, 0xF4, 0x00, 0x9D, 0x47, 0xE3, 0x17,
	0xF4, 0xFC, 0x92, 0x47, 0x93, 0xE7, 0x17, 0x00, 0xC9, 0xB7, 0xB2, 0x50, 0x22, 0x54,
	0x92, 0x54, 0x02, 0x59, 0xF2, 0x49, 0x62, 0x4A, 0x45, 0x61, 0x82, 0x80, 0x79, 0x71,
	0x4E, 0xCE, 0xB7, 0x19, 0xC0, 0x04, 0x83, 0xA7, 0x89, 0x00, 0x3E, 0xC6, 0x81, 0x47,
	0x26, 0xD2, 0x4A, 0xD0, 0x06, 0xD6, 0x22, 0xD4, 0x52, 0xCC, 0x89, 0x47, 0xAA, 0x84,
	0x2E, 0x89, 0x63, 0x1D, 0xF5, 0x00, 0xCA, 0x85, 0x26, 0x85, 0xCD, 0x3B, 0x32, 0x47,
	0x83, 0xA7, 0x89, 0x00, 0xB9, 0x8F, 0x01, 0x47, 0x8D, 0xCF, 0xEF, 0xF0, 0x2F, 0xD0,
	0x37, 0x54, 0xC0, 0x04, 0x13, 0x04, 0x84, 0x03, 0x30, 0x40, 0x05, 0x6A, 0x85, 0x46,
	0x2C, 0x00, 0x13, 0x05, 0x8A, 0xCB, 0xEF, 0xF0, 0x0F, 0xFE, 0x61, 0xFD, 0xA2, 0x47,
	0x50, 0x5C, 0x81, 0x46, 0x93, 0xF7, 0xC7, 0xF8, 0x2C, 0x00, 0x13, 0x05, 0x8A, 0xCB,
	0x3E, 0xC4, 0xEF, 0xF0, 0x8F, 0xFC, 0x4D, 0xDD, 0x7D, 0xBF, 0xB2, 0x50, 0x22, 0x54,
	0x92, 0x54, 0x02, 0x59, 0xF2, 0x49, 0x62, 0x4A, 0x45, 0x61, 0x82, 0x80, 0x01, 0x11,
	0x26, 0xCA, 0xB7, 0x14, 0xC0, 0x04, 0x83, 0xA7, 0x84, 0x00, 0x3E, 0xC6, 0x81, 0x47,
	0x22, 0xCC, 0x37, 0x54, 0xC0, 0x04, 0x06, 0xCE, 0x13, 0x04, 0x84, 0x03, 0xEF, 0x00,
	0x10, 0x10, 0x03, 0x26, 0x04, 0x0E, 0x85, 0x46, 0x2C, 0x00, 0x13, 0x05, 0xC0, 0x0B,
	0xEF, 0xF0, 0x4F, 0xF8, 0xAA, 0x87, 0x29, 0xE9, 0xA2, 0x47, 0x03, 0x26, 0x04, 0x0E,
	0x37, 0x07, 0x00, 0xF0, 0x3E, 0xC2, 0x81, 0x46, 0xF9, 0x8F, 0x2C, 0x00, 0x13, 0x05,
	0xC0, 0x0B, 0x3E, 0xC4, 0xEF, 0xF0, 0x4F, 0xF6, 0xAA, 0x87, 0x0D, 0xE9, 0x05, 0x45,
	0xEF, 0xF0, 0x9F, 0x83, 0xAA, 0x87, 0x05, 0xE5, 0x13, 0x05, 0x00, 0x7D, 0xEF, 0x10,
	0x40, 0x40, 0xAA, 0x87, 0x11, 0xED, 0xEF, 0xF0, 0x5F, 0x82, 0xAA, 0x87, 0x11, 0xE9,
	0x03, 0x26, 0x04, 0x0E, 0x81, 0x46, 0x4C, 0x00, 0x13, 0x05, 0xC0, 0x0B, 0xEF, 0xF0,
	0x2F, 0xF3, 0xAA, 0x87, 0xB2, 0x46, 0x03, 0xA7, 0x84, 0x00, 0x35, 0x8F, 0x81, 0x46,
	0x19, 0xC3, 0xEF, 0xF0, 0xAF, 0xC2, 0xF2, 0x40, 0x62, 0x44, 0xD2, 0x44, 0x3E, 0x85,
	0x05, 0x61, 0x82, 0x80, 0x79, 0x71, 0x26, 0xD2, 0xB7, 0x14, 0xC0, 0x04, 0x4E, 0xCE,
	0x83, 0xA7, 0x84, 0x00, 0x3E, 0xC6, 0x81, 0x47, 0xAA, 0x89, 0x7D, 0x55, 0x52, 0xCC,
	0x56, 0xCA, 0x06, 0xD6, 0x22, 0xD4, 0x4A, 0xD0, 0xAE, 0x8A, 0x32, 0x8A, 0xEF, 0x10,
	0x20, 0x7C, 0x09, 0xCD, 0x29, 0x65, 0x13, 0x04, 0x75, 0x00, 0x32, 0x47, 0x83, 0xA7,
	0x84, 0x00, 0xB9, 0x8F, 0x01, 0x47, 0x63, 0x8A, 0x07, 0x0C, 0xEF, 0xF0, 0xCF, 0xBD,
	0x37, 0x59, 0xC0, 0x04, 0x93, 0x07, 0x89, 0x03, 0x03, 0xA6, 0x07, 0x0E, 0x85, 0x46,
	0x8A, 0x85, 0x13, 0x05, 0x40, 0x0B, 0xEF, 0xF0, 0xAF, 0xEB, 0x2A, 0x84, 0x13, 0x09,
	0x89, 0x03, 0x51, 0xED, 0xEF, 0xF0, 0xCF, 0xF8, 0x2A, 0x84, 0x51, 0xE9, 0x03, 0x26,
	0x09, 0x0E, 0x05, 0x65, 0x85, 0x46, 0x4C, 0x00, 0x13, 0x05, 0x85, 0xCA, 0xEF, 0xF0,
	0x8F, 0xE9, 0x2A, 0x84, 0x3D, 0xED, 0x92, 0x47, 0xD1, 0x9B, 0x63, 0x84, 0x0A, 0x00,
	0x93, 0xE7, 0x87, 0x00, 0x03, 0x26, 0x09, 0x0E, 0x85, 0x6A, 0x93, 0xE7, 0x47, 0x00,
	0x81, 0x46, 0x4C, 0x00, 0x13, 0x85, 0x8A, 0xCA, 0x3E, 0xC2, 0xEF, 0xF0, 0x0F, 0xE7,
	0x2A, 0x84, 0x39, 0xE9, 0x03, 0x26, 0x09, 0x0E, 0x85, 0x46, 0x2C, 0x00, 0x13, 0x85,
	0x0A, 0xCD, 0xEF, 0xF0, 0xCF, 0xE5, 0x2A, 0x84, 0x29, 0xE1, 0x22, 0x47, 0xB7, 0x07,
	0x00, 0xFE, 0x03, 0x26, 0x09, 0x0E, 0xF9, 0x8F, 0x41, 0x67, 0x13, 0x07, 0x17, 0x10,
	0xD9, 0x8F, 0x81, 0x46, 0x2C, 0x00, 0x13, 0x85, 0x0A, 0xCD, 0x3E, 0xC4, 0xEF, 0xF0,
	0x6F, 0xE3, 0x2A, 0x84, 0x11, 0xED, 0x03, 0x25, 0x0A, 0x00, 0x83, 0x25, 0x4A, 0x00,
	0xA1, 0x34, 0x2A, 0x84, 0x19, 0xE5, 0x63, 0x9B, 0x09, 0x00, 0x82, 0x45, 0x01, 0x45,
	0xB9, 0x39, 0x2A, 0x84, 0x7D, 0x55, 0xEF, 0x10, 0x60, 0x6C, 0x1D, 0xD5, 0x1D, 0xB7,
	0xA9, 0x3D, 0x2A, 0x84, 0x6D, 0xD5, 0xC5, 0xBF, 0xB2, 0x50, 0x22, 0x85, 0x22, 0x54,
	0x92, 0x54, 0x02, 0x59, 0xF2, 0x49, 0x62, 0x4A, 0xD2, 0x4A, 0x45, 0x61, 0x82, 0x80,
	0x01, 0x11, 0x26, 0xCA, 0xB7, 0x14, 0xC0, 0x04, 0x22, 0xCC, 0x83, 0xA7, 0x84, 0x00,
	0x3E, 0xC6, 0x81, 0x47, 0x37, 0x54, 0xC0, 0x04, 0x93, 0x07, 0x84, 0x03, 0x9C, 0x5B,
	0x37, 0xF6, 0x03, 0x00, 0x11, 0x47, 0x34, 0x00, 0x13, 0x06, 0xC6, 0x82, 0x89, 0x45,
	0x09, 0x45, 0x06, 0xCE, 0xEF, 0x10, 0xC0, 0x13, 0xA2, 0x47, 0x13, 0x04, 0x84, 0x03,
	0x8D, 0xC3, 0x05, 0xE1, 0x13, 0xD7, 0x87, 0x00, 0xE2, 0x07, 0x23, 0x28, 0xF4, 0x0E,
	0x23, 0x2A, 0xE4, 0x0E, 0x32, 0x47, 0x83, 0xA7, 0x84, 0x00, 0xB9, 0x8F, 0x01, 0x47,
	0x9D, 0xC3, 0xEF, 0xF0, 0x2F, 0xAA, 0xEF, 0x00, 0x20, 0x71, 0xB7, 0x07, 0x00, 0x01,
	0xFD, 0x17, 0x63, 0x17, 0xF5, 0x00, 0x89, 0xE5, 0x81, 0x47, 0x13, 0x07, 0x60, 0x03,
	0xC9, 0xBF, 0x81, 0x47, 0x13, 0x07, 0xC0, 0x06, 0xE9, 0xB7, 0xF2, 0x40, 0x62, 0x44,
	0xD2, 0x44, 0x01, 0x45, 0x05, 0x61, 0x82, 0x80, 0x23, 0x00, 0x05, 0x00, 0x01, 0x45,
	0x82, 0x80, 0x1D, 0x71, 0xDA, 0xC0, 0x5E, 0xDE, 0x03, 0x2B, 0x85, 0x00, 0x83, 0x2B,
	0xC5, 0x00, 0xA6, 0xCA, 0xB7, 0x14, 0xC0, 0x04, 0xA2, 0xCC, 0xCE, 0xC6, 0xD2, 0xC4,
	0xD6, 0xC2, 0x03, 0x2A, 0x05, 0x00, 0x83, 0x29, 0x05, 0x01, 0x40, 0x49, 0x83, 0x2A,
	0x45, 0x00, 0x83, 0xA7, 0x84, 0x00, 0x3E, 0xD6, 0x81, 0x47, 0x5A, 0x85, 0xDE, 0x85,
	0x86, 0xCE, 0xCA, 0xC8, 0x62, 0xDC, 0x5A, 0xD0, 0x5E, 0xD2, 0xEF, 0x10, 0xC0, 0x59,
	0x63, 0x18, 0x05, 0x5E, 0xAD, 0x47, 0x63, 0xEC, 0x57, 0x03, 0x37, 0x37, 0xC0, 0x04,
	0x93, 0x97, 0x2A, 0x00, 0x13, 0x07, 0xC7, 0x66, 0xBA, 0x97, 0x9C, 0x43, 0x82, 0x87,
	0x93, 0x07, 0xCA, 0xFF, 0xED, 0x9B, 0x91, 0xEF, 0x05, 0x4C, 0x3D, 0xA8, 0x93, 0x07,
	0xEA, 0xFF, 0xF5, 0x9B, 0xD5, 0xBF, 0x93, 0x07, 0xEA, 0xFF, 0xF5, 0x9B, 0xFD, 0xD7,
	0xA1, 0x47, 0xE3, 0x05, 0xFA, 0xFE, 0x01, 0x4C, 0x63, 0x02, 0x0A, 0x02, 0x29, 0x65,
	0x13, 0x04, 0x25, 0x00, 0x32, 0x57, 0x83, 0xA7, 0x84, 0x00, 0xB9, 0x8F, 0x01, 0x47,
	0x63, 0x82, 0x07, 0x5A, 0xEF, 0xF0, 0xEF, 0x9C, 0x91, 0x47, 0x05, 0x4C, 0xE3, 0x1F,
	0xFA, 0xFC, 0x15, 0x25, 0x37, 0x59, 0xC0, 0x04, 0x13, 0x07, 0x89, 0x03, 0x83, 0x26,
	0x07, 0x0E, 0x5C, 0x5F, 0x13, 0x09, 0x89, 0x03, 0xF5, 0x8F, 0x23, 0x20, 0xF7, 0x0E,
	0xF9, 0xD3, 0x21, 0x25, 0x21, 0x2D, 0xB7, 0x07, 0x00, 0x01, 0xFD, 0x17, 0x63, 0x11,
	0xF5, 0x02, 0x99, 0xED, 0x29, 0x25, 0x21, 0x25, 0x23, 0x22, 0x09, 0x0E, 0x23, 0x24,
	0x09, 0x0E, 0x05, 0x45, 0xEF, 0xF0, 0xBF, 0x83, 0x11, 0xCD, 0x29, 0x65, 0x13, 0x04,
	0xC5, 0x01, 0x45, 0xB7, 0xFD, 0x23, 0xFD, 0x57, 0xE3, 0x16, 0xF5, 0xFE, 0xC1, 0x67,
	0xFD, 0x17, 0xE3, 0x92, 0xF5, 0xFE, 0xD1, 0xBF, 0xA9, 0x47, 0x63, 0xEB, 0x57, 0x1F,
	0x37, 0x37, 0xC0, 0x04, 0x93, 0x97, 0x2A, 0x00, 0x13, 0x07, 0xC7, 0x69, 0xBA, 0x97,
	0x9C, 0x43, 0x82, 0x87, 0x63, 0x08, 0x0C, 0x04, 0x1D, 0x46, 0x81, 0x46, 0x4E, 0x85,
	0xA2, 0x85, 0xEF, 0x10, 0x20, 0x53, 0x85, 0x47, 0x63, 0xE7, 0xA7, 0x1C, 0x37, 0x37,
	0xC0, 0x04, 0x93, 0x97, 0x29, 0x00, 0x13, 0x07, 0x87, 0x6C, 0xBA, 0x97, 0x9C, 0x43,
	0x82, 0x87, 0x10, 0x10, 0x85, 0x45, 0x05, 0x45, 0x21, 0xA0, 0x10, 0x10, 0x85, 0x45,
	0x01, 0x45, 0x01, 0x33, 0x2A, 0x84, 0x75, 0xAA, 0x10, 0x10, 0x81, 0x45, 0xF5, 0xB7,
	0xCE, 0x85, 0x05, 0x45, 0xFD, 0x34, 0xC5, 0xBF, 0xCE, 0x85, 0x01, 0x45, 0xE5, 0xBF,
	0x63, 0x18, 0x0A, 0x18, 0x8D, 0x47, 0x63, 0x95, 0xF9, 0x18, 0x63, 0x13, 0x04, 0x18,
	0x81, 0x45, 0x0D, 0x45, 0x2D, 0x34, 0xD1, 0xBF, 0x63, 0x05, 0x0C, 0x14, 0x93, 0xB7,
	0x19, 0x00, 0x13, 0x87, 0xF9, 0xFF, 0x63, 0x17, 0xF4, 0x16, 0x85, 0x47, 0x63, 0xE4,
	0xE7, 0x16, 0x99, 0x47, 0x63, 0x87, 0xFA, 0x10, 0x63, 0xEF, 0x57, 0x11, 0x05, 0x4B,
	0x63, 0x80, 0x6A, 0x13, 0x15, 0x47, 0x89, 0x46, 0x52, 0x86, 0x6C, 0x00, 0x13, 0x05,
	0x80, 0x12, 0xEF, 0xF0, 0x6F, 0xD6, 0x2A, 0x84, 0x63, 0x1C, 0x05, 0x14, 0x03, 0x26,
	0x09, 0x0E, 0x85, 0x6B, 0x85, 0x46, 0x4C, 0x08, 0x13, 0x85, 0x4B, 0xCE, 0xEF, 0xF0,
	0x6F, 0xB9, 0x2A, 0x84, 0x63, 0x10, 0x05, 0x14, 0x52, 0x4A, 0xB7, 0x07, 0xD0, 0xFF,
	0x03, 0x26, 0x09, 0x0E, 0xFD, 0x17, 0x3D, 0x67, 0xB3, 0x77, 0xFA, 0x00, 0xD9, 0x8F,
	0x81, 0x46, 0x4C, 0x08, 0x13, 0x85, 0x4B, 0xCE, 0x3E, 0xCA, 0xEF, 0xF0, 0xEF, 0xB6,
	0x2A, 0x84, 0x63, 0x1C, 0x05, 0x10, 0x03, 0x26, 0x09, 0x0E, 0x85, 0x46, 0x0C, 0x08,
	0x13, 0x85, 0x0B, 0xCE, 0xEF, 0xF0, 0x8F, 0xB5, 0x2A, 0x84, 0x63, 0x11, 0x05, 0x10,
	0x42, 0x47, 0x13, 0x77, 0xF7, 0xFA, 0x93, 0x67, 0x07, 0x04, 0x63, 0x94, 0x69, 0x01,
	0x93, 0x67, 0x07, 0x01, 0x03, 0x26, 0x09, 0x0E, 0xE1, 0x9B, 0x05, 0x6B, 0x93, 0xE7,
	0x27, 0x00, 0x81, 0x46, 0x0C, 0x08, 0x13, 0x05, 0x0B, 0xCE, 0x3E, 0xC8, 0xEF, 0xF0,
	0x6F, 0xB2, 0x2A, 0x84, 0x61, 0xE9, 0x52, 0xCC, 0x89, 0x47, 0x63, 0x84, 0xF9, 0x04,
	0x03, 0x26, 0x09, 0x04, 0x85, 0x46, 0x6C, 0x08, 0x13, 0x05, 0x0B, 0xCE, 0xEF, 0xF0,
	0xAF, 0xB0, 0x2A, 0x84, 0x55, 0xE9, 0xF2, 0x47, 0x03, 0x26, 0xC9, 0x03, 0x81, 0x46,
	0x93, 0xF7, 0x87, 0xFA, 0x6C, 0x08, 0x13, 0x05, 0x0B, 0xCE, 0x3E, 0xCE, 0xEF, 0xF0,
	0xEF, 0xAE, 0x2A, 0x84, 0x41, 0xED, 0x03, 0x26, 0xC9, 0x03, 0x81, 0x46, 0x2C, 0x08,
	0x13, 0x05, 0x4B, 0xCE, 0xEF, 0xF0, 0xAF, 0xAD, 0x2A, 0x84, 0x51, 0xE1, 0x81, 0x45,
	0x4E, 0x85, 0xEF, 0xF0, 0xBF, 0x8B, 0x2A, 0x84, 0x25, 0xED, 0x32, 0x45, 0x4E, 0x86,
	0xD6, 0x85, 0xEF, 0xF0, 0x0F, 0xDA, 0x7D, 0xB5, 0x05, 0x65, 0x13, 0x05, 0x45, 0xC2,
	0x56, 0x87, 0xCE, 0x86, 0x52, 0x86, 0x6C, 0x00, 0xEF, 0xF0, 0x4F, 0xC6, 0xF9, 0xBF,
	0x05, 0x65, 0x13, 0x05, 0xC5, 0xC2, 0xF5, 0xB7, 0x05, 0x65, 0x13, 0x05, 0x05, 0xC2,
	0xD5, 0xB7, 0x63, 0x18, 0x0A, 0x02, 0x8D, 0x47, 0x63, 0x95, 0xF9, 0x02, 0x1D, 0xE0,
	0x0D, 0x46, 0xD6, 0x85, 0x01, 0x45, 0xD1, 0xB7, 0x63, 0x06, 0x0C, 0x1C, 0xB3, 0xE7,
	0x89, 0x00, 0x91, 0xCF, 0x93, 0xB7, 0x19, 0x00, 0x13, 0x87, 0xF9, 0xFF, 0x63, 0x15,
	0xF4, 0x00, 0x85, 0x47, 0x63, 0xFF, 0xE7, 0x0E, 0x29, 0x65, 0x13, 0x04, 0x25, 0x00,
	0x01, 0xA8, 0x7D, 0x55, 0xEF, 0x10, 0x20, 0x33, 0x11, 0xC9, 0x29, 0x65, 0x13, 0x04,
	0x75, 0x00, 0x01, 0x45, 0xEF, 0xF0, 0xAF, 0xE0, 0xE3, 0x0C, 0x05, 0xD6, 0xF9, 0xB3,
	0x52, 0x85, 0xEF, 0xF0, 0x6F, 0xF5, 0x49, 0xED, 0x03, 0x26, 0x09, 0x0E, 0x85, 0x46,
	0x4C, 0x08, 0x13, 0x05, 0x40, 0x0B, 0xEF, 0xF0, 0x0F, 0xA3, 0x2A, 0x84, 0x4D, 0xE1,
	0xEF, 0xF0, 0x6F, 0xB0, 0x2A, 0x84, 0x49, 0xED, 0x03, 0x26, 0x09, 0x0E, 0x05, 0x65,
	0x85, 0x46, 0x2C, 0x08, 0x13, 0x05, 0x85, 0xCB, 0xEF, 0xF0, 0x2F, 0xA1, 0x2A, 0x84,
	0x51, 0xE1, 0xE2, 0x47, 0x13, 0x07, 0xCA, 0xFF, 0x6D, 0x9B, 0x93, 0xF7, 0xC7, 0xFC,
	0x49, 0xE3, 0x13, 0xE7, 0x37, 0x04, 0x03, 0x26, 0x09, 0x0E, 0x05, 0x65, 0x81, 0x46,
	0x2C, 0x08, 0x13, 0x05, 0x85, 0xCB, 0x3A, 0xCC, 0xEF, 0xF0, 0x8F, 0x9E, 0x2A, 0x84,
	0x49, 0xF9, 0x5A, 0x85, 0xDE, 0x85, 0xEF, 0xF0, 0xEF, 0xDF, 0x2A, 0x84, 0x39, 0xE5,
	0x15, 0x34, 0x2A, 0x84, 0x21, 0xE5, 0xD2, 0x45, 0xEF, 0xF0, 0xFF, 0x99, 0x2A, 0x84,
	0x1D, 0xED, 0x52, 0x85, 0xEF, 0xF0, 0x6F, 0xED, 0x1D, 0xC9, 0xC2, 0x47, 0x03, 0x26,
	0xC9, 0x03, 0x81, 0x46, 0x6C, 0x08, 0x13, 0x05, 0x00, 0x15, 0x3E, 0xCE, 0xEF, 0xF0,
	0xCF, 0x9A, 0x2A, 0x84, 0x39, 0xA8, 0x03, 0x26, 0x09, 0x04, 0x85, 0x46, 0x0C, 0x08,
	0x13, 0x05, 0x00, 0x15, 0xEF, 0xF0, 0x8F, 0x99, 0x2A, 0x84, 0x09, 0xE5, 0xEF, 0xF0,
	0x0F, 0xEC, 0x2A, 0x84, 0x39, 0xD5, 0x7D, 0x55, 0xEF, 0x10, 0xA0, 0x23, 0xE3, 0x09,
	0x05, 0xF2, 0x25, 0xB7, 0x89, 0x46, 0x13, 0xE7, 0x17, 0x04, 0xE3, 0x0F, 0xDA, 0xF6,
	0x13, 0xE7, 0x07, 0x04, 0x9D, 0xBF, 0x52, 0x85, 0xEF, 0xF0, 0xEF, 0xE7, 0x49, 0xE1,
	0x03, 0x26, 0x09, 0x0E, 0x05, 0x65, 0x85, 0x46, 0x2C, 0x08, 0x13, 0x05, 0x85, 0xCB,
	0xEF, 0xF0, 0x6F, 0x95, 0x2A, 0x84, 0xE3, 0x10, 0x05, 0xF0, 0x62, 0x47, 0x85, 0x46,
	0x13, 0x77, 0xC7, 0xF8, 0x93, 0x67, 0x07, 0x01, 0x63, 0x94, 0xD9, 0x00, 0x93, 0x67,
	0x07, 0x02, 0x13, 0x07, 0xCA, 0xFF, 0x6D, 0x9B, 0x25, 0xEB, 0x93, 0xE7, 0x37, 0x00,
	0x03, 0x26, 0x09, 0x0E, 0x05, 0x65, 0x81, 0x46, 0x2C, 0x08, 0x13, 0x05, 0x85, 0xCB,
	0x3E, 0xCC, 0xEF, 0xF0, 0xCF, 0x91, 0x2A, 0x84, 0xE3, 0x13, 0x05, 0xEC, 0x81, 0x45,
	0x4E, 0x85, 0xEF, 0xF0, 0x1F, 0x8E, 0x2A, 0x84, 0xE3, 0x1C, 0x05, 0xEA, 0x52, 0x85,
	0xEF, 0xF0, 0x6F, 0xE1, 0xE3, 0x07, 0x05, 0xEA, 0xD2, 0x47, 0x03, 0x26, 0xC9, 0x03,
	0x81, 0x46, 0x3E, 0xCE, 0x6C, 0x08, 0x13, 0x05, 0x00, 0x15, 0xEF, 0xF0, 0xAF, 0x8E,
	0xE1, 0xB9, 0x03, 0x26, 0x09, 0x04, 0x85, 0x46, 0x4C, 0x08, 0x13, 0x05, 0x00, 0x15,
	0xEF, 0xF0, 0x8F, 0x8D, 0x2A, 0x84, 0xE3, 0x11, 0x05, 0xE8, 0xEF, 0xF0, 0xEF, 0xDF,
	0x2A, 0x84, 0xE3, 0x1C, 0x05, 0xE6, 0x85, 0xB7, 0x09, 0x47, 0xE3, 0x1A, 0xEA, 0xF8,
	0x93, 0xE7, 0x17, 0x00, 0x71, 0xB7, 0xE3, 0x18, 0x0A, 0xE4, 0x8D, 0x47, 0xE3, 0x95,
	0xF9, 0xE4, 0xE3, 0x13, 0x04, 0xE4, 0x81, 0x45, 0x0D, 0x45, 0xEF, 0xF0, 0x7F, 0x87,
	0x49, 0xB9, 0x63, 0x05, 0x0C, 0x06, 0x13, 0xB7, 0x19, 0x00, 0x93, 0x87, 0xF9, 0xFF,
	0xE3, 0x16, 0xE4, 0xE2, 0x05, 0x4A, 0xE3, 0x63, 0xFA, 0xE2, 0x03, 0x26, 0x09, 0x0E,
	0x05, 0x65, 0x85, 0x46, 0x6C, 0x08, 0x13, 0x05, 0x05, 0xCE, 0xEF, 0xF0, 0xAF, 0x87,
	0x2A, 0x84, 0xE3, 0x12, 0x05, 0xE2, 0x72, 0x47, 0x13, 0x77, 0xF7, 0xFA, 0x93, 0x67,
	0x07, 0x04, 0x63, 0x94, 0x49, 0x01, 0x93, 0x67, 0x07, 0x01, 0x03, 0x26, 0x09, 0x0E,
	0x05, 0x65, 0x93, 0xE7, 0x97, 0x00, 0x81, 0x46, 0x6C, 0x08, 0x13, 0x05, 0x05, 0xCE,
	0x3E, 0xCE, 0xEF, 0xF0, 0xAF, 0x84, 0x2A, 0x84, 0xE3, 0x1A, 0x05, 0xDE, 0x89, 0x47,
	0xE3, 0x87, 0xF9, 0xDE, 0xEF, 0xF0, 0x4F, 0xDC, 0x25, 0xB1, 0xE3, 0x17, 0x0A, 0xDC,
	0x8D, 0x47, 0xE3, 0x94, 0xF9, 0xDC, 0xE3, 0x12, 0x04, 0xDC, 0xF5, 0xB7, 0x63, 0x0A,
	0x0C, 0x06, 0x13, 0xB7, 0x19, 0x00, 0x93, 0x87, 0xF9, 0xFF, 0xE3, 0x19, 0xE4, 0xDA,
	0x85, 0x4A, 0xE3, 0xE6, 0xFA, 0xDA, 0x03, 0x26, 0x09, 0x0E, 0x85, 0x46, 0x2C, 0x08,
	0x13, 0x05, 0x40, 0x1A, 0xEF, 0xF0, 0x2F, 0x80, 0x2A, 0x84, 0xE3, 0x16, 0x05, 0xDA,
	0x62, 0x4A, 0xB7, 0x07, 0x10, 0xF0, 0xFD, 0x17, 0xB3, 0x77, 0xFA, 0x00, 0x37, 0x07,
	0xF0, 0x00, 0x63, 0x84, 0x59, 0x01, 0x37, 0x07, 0x00, 0x0F, 0x03, 0x26, 0x09, 0x0E,
	0xD9, 0x8F, 0x81, 0x46, 0x2C, 0x08, 0x13, 0x05, 0x40, 0x1A, 0x3E, 0xCC, 0xEF, 0xE0,
	0x1F, 0xFD, 0x2A, 0x84, 0xE3, 0x1D, 0x05, 0xD6, 0x52, 0xCE, 0x89, 0x47, 0xE3, 0x89,
	0xF9, 0xD6, 0x03, 0x26, 0x09, 0x0E, 0x81, 0x46, 0x6C, 0x08, 0x13, 0x05, 0x40, 0x1A,
	0xE1, 0xB5, 0xE3, 0x15, 0x0A, 0xD4, 0x8D, 0x47, 0xE3, 0x92, 0xF9, 0xD4, 0xE3, 0x10,
	0x04, 0xD4, 0x02, 0xCE, 0xCD, 0xB7, 0x63, 0x0D, 0x0C, 0x04, 0x85, 0x47, 0xE3, 0x99,
	0xF9, 0xD2, 0xE3, 0x17, 0x04, 0xD2, 0x03, 0x26, 0x09, 0x0E, 0x85, 0x46, 0x6C, 0x08,
	0x13, 0x05, 0x80, 0x11, 0xEF, 0xE0, 0x5F, 0xF8, 0x2A, 0x84, 0xE3, 0x17, 0x05, 0xD2,
	0xF2, 0x47, 0x37, 0x07, 0x00, 0xF1, 0x7D, 0x17, 0xF9, 0x8F, 0x25, 0x47, 0x63, 0x95,
	0xEA, 0x00, 0x37, 0x07, 0x00, 0x0C, 0xD9, 0x8F, 0x03, 0x26, 0x09, 0x0E, 0x81, 0x46,
	0x6C, 0x08, 0x13, 0x05, 0x80, 0x11, 0x3E, 0xCE, 0xEF, 0xE0, 0x7F, 0xF5, 0x2A, 0x84,
	0xE3, 0x10, 0x05, 0xD0, 0x56, 0x85, 0xEF, 0xF0, 0xAF, 0xA8, 0x25, 0xBE, 0xE3, 0x1F,
	0x0A, 0xCC, 0x8D, 0x47, 0xE3, 0x9C, 0xF9, 0xCC, 0xE3, 0x1A, 0x04, 0xCC, 0xED, 0xB7,
	0x29, 0x65, 0x13, 0x04, 0x45, 0x01, 0xF9, 0xB9, 0x29, 0x65, 0x13, 0x04, 0xA5, 0x01,
	0x91, 0xBC, 0xF6, 0x40, 0x22, 0x85, 0x66, 0x44, 0xD6, 0x44, 0x46, 0x49, 0xB6, 0x49,
	0x26, 0x4A, 0x96, 0x4A, 0x06, 0x4B, 0xF2, 0x5B, 0x62, 0x5C, 0x25, 0x61, 0x82, 0x80,
	0x29, 0x65, 0x41, 0x05, 0x82, 0x80, 0x29, 0x65, 0x41, 0x05, 0x82, 0x80, 0xAA, 0x85,
	0x37, 0x55, 0xC0, 0x04, 0x41, 0x11, 0x51, 0x46, 0x13, 0x05, 0x45, 0x02, 0x06, 0xC6,
	0xEF, 0x10, 0xE0, 0x00, 0xB2, 0x40, 0x01, 0x45, 0x41, 0x01, 0x82, 0x80, 0xB7, 0x57,
	0xC0, 0x04, 0x03, 0xC5, 0x47, 0x02, 0x82, 0x80, 0xB7, 0x57, 0xC0, 0x04, 0x03, 0xC5,
	0x57, 0x02, 0x82, 0x80, 0xCD, 0x47, 0x63, 0xEA, 0xA7, 0x00, 0xB7, 0x57, 0xC0, 0x04,
	0x93, 0x87, 0x07, 0x01, 0x3E, 0x95, 0x03, 0x45, 0x05, 0x00, 0x82, 0x80, 0x05, 0x45,
	0x82, 0x80, 0xCD, 0x47, 0x63, 0xE9, 0xA7, 0x00, 0xB7, 0x57, 0xC0, 0x04, 0x93, 0x87,
	0x07, 0x01, 0x3E, 0x95, 0x23, 0x00, 0xB5, 0x00, 0x82, 0x80, 0xB7, 0x57, 0xC0, 0x04,
	0x03, 0xD5, 0x67, 0x02, 0x82, 0x80, 0xB7, 0x57, 0xC0, 0x04, 0x83, 0xC7, 0x97, 0x02,
	0x13, 0xF5, 0xF7, 0x0F, 0x91, 0xE3, 0x05, 0x45, 0x82, 0x80, 0xB7, 0x57, 0xC0, 0x04,
	0x93, 0x87, 0x47, 0x02, 0x8C, 0x4B, 0x88, 0x47, 0x89, 0xE5, 0x01, 0xE5, 0x37, 0x05,
	0x00, 0x01, 0x7D, 0x15, 0x82, 0x80, 0x39, 0x71, 0x5A, 0xD0, 0x37, 0x1B, 0xC0, 0x04,
	0x83, 0x27, 0x8B, 0x00, 0x3E, 0xC6, 0x81, 0x47, 0xB7, 0x57, 0xC0, 0x04, 0x4A, 0xD8,
	0x03, 0xA9, 0x87, 0x11, 0x22, 0xDC, 0x4E, 0xD6, 0x52, 0xD4, 0x56, 0xD2, 0x5E, 0xCE,
	0x06, 0xDE, 0x26, 0xDA, 0x2A, 0x84, 0x2E, 0x8A, 0x02, 0xC4, 0x81, 0x49, 0x85, 0x4A,
	0x93, 0x0B, 0x10, 0x08, 0x63, 0x14, 0x09, 0x00, 0x11, 0x45, 0x49, 0xA0, 0xB3, 0x94,
	0x3A, 0x01, 0xB3, 0xF7, 0x24, 0x01, 0xB1, 0xC3, 0x63, 0x13, 0x5A, 0x05, 0x8D, 0x47,
	0x01, 0x46, 0x63, 0xEC, 0x87, 0x00, 0xB7, 0x47, 0xC0, 0x04, 0x13, 0x17, 0x24, 0x00,
	0x93, 0x87, 0x47, 0x84, 0xBA, 0x97, 0x90, 0x43, 0x13, 0x06, 0x06, 0x07, 0xA6, 0x87,
	0x11, 0x47, 0x34, 0x00, 0x89, 0x45, 0x0D, 0x45, 0xEF, 0x00, 0x50, 0x17, 0x21, 0xED,
	0x83, 0x47, 0x81, 0x00, 0x3E, 0xC4, 0x63, 0x96, 0x77, 0x03, 0x93, 0xC4, 0xF4, 0xFF,
	0x33, 0x79, 0x99, 0x00, 0x85, 0x09, 0x6D, 0xB7, 0x01, 0x46, 0xE3, 0xEC, 0x8A, 0xFC,
	0xB7, 0x47, 0xC0, 0x04, 0x13, 0x17, 0x24, 0x00, 0x93, 0x87, 0x07, 0x89, 0xBA, 0x97,
	0x90, 0x43, 0x13, 0x06, 0x86, 0x07, 0xC1, 0xB7, 0x45, 0x47, 0x09, 0x45, 0x63, 0x88,
	0xE7, 0x00, 0x13, 0x07, 0x10, 0x0E, 0x15, 0x45, 0x63, 0x93, 0xE7, 0x00, 0x0D, 0x45,
	0x32, 0x47, 0x83, 0x27, 0x8B, 0x00, 0xB9, 0x8F, 0x01, 0x47, 0x89, 0xC7, 0xEF, 0xE0,
	0xBF, 0xAA, 0x01, 0x45, 0xFD, 0xB7, 0xF2, 0x50, 0x62, 0x54, 0xD2, 0x54, 0x42, 0x59,
	0xB2, 0x59, 0x22, 0x5A, 0x92, 0x5A, 0x02, 0x5B, 0xF2, 0x4B, 0x21, 0x61, 0x82, 0x80,
	0xB7, 0x17, 0xC0, 0x04, 0x19, 0x71, 0x3E, 0x87, 0x3E, 0xCC, 0x83, 0x27, 0x87, 0x00,
	0x3E, 0xDE, 0x81, 0x47, 0x18, 0x41, 0x86, 0xDE, 0xA2, 0xDC, 0xA6, 0xDA, 0xCA, 0xD8,
	0xCE, 0xD6, 0xD2, 0xD4, 0xD6, 0xD2, 0xDA, 0xD0, 0xDE, 0xCE, 0xE2, 0xCC, 0xE6, 0xCA,
	0xEA, 0xC8, 0xEE, 0xC6, 0x93, 0x76, 0xD7, 0xFF, 0x5C, 0x41, 0x81, 0xC6, 0x91, 0x46,
	0x63, 0x16, 0xD7, 0x00, 0x13, 0x07, 0x90, 0x03, 0x63, 0x75, 0xF7, 0x00, 0x29, 0x65,
	0x09, 0x05, 0x59, 0xA8, 0x13, 0x87, 0x47, 0xFE, 0x9D, 0x46, 0x09, 0x49, 0x63, 0xFC,
	0xE6, 0x00, 0x13, 0x87, 0x07, 0xFD, 0x8D, 0x46, 0x63, 0xF7, 0xE6, 0x00, 0x13, 0x09,
	0x70, 0x03, 0x33, 0x39, 0xF9, 0x00, 0x05, 0x09, 0x18, 0x49, 0x8A, 0x07, 0x44, 0x49,
	0x3A, 0xC6, 0x37, 0x37, 0xC0, 0x04, 0x13, 0x07, 0xC7, 0x75, 0xBA, 0x97, 0x80, 0x43,
	0xCA, 0x85, 0x93, 0x09, 0x50, 0x06, 0x22, 0x85, 0x49, 0x3D, 0x11, 0x4A, 0x63, 0x1A,
	0x45, 0x03, 0xDD, 0xF8, 0x32, 0x47, 0xF1, 0x47, 0xE3, 0xE8, 0xE7, 0xFA, 0x32, 0x47,
	0x85, 0x47, 0xB3, 0x97, 0xE7, 0x00, 0x37, 0x67, 0x81, 0x1C, 0x13, 0x07, 0xF7, 0xF7,
	0x7D, 0x8F, 0x29, 0xEF, 0x37, 0xA7, 0x3E, 0x03, 0x13, 0x07, 0x07, 0x08, 0x29, 0x65,
	0xF9, 0x8F, 0x0D, 0x05, 0x95, 0xE3, 0x61, 0xB7, 0xFD, 0x19, 0x63, 0x99, 0x09, 0x02,
	0x63, 0x0A, 0x05, 0x34, 0x89, 0x47, 0x63, 0x0A, 0xF5, 0x34, 0x8D, 0x47, 0x63, 0x0A,
	0xF5, 0x34, 0x95, 0x47, 0x63, 0x1A, 0xF5, 0x34, 0x29, 0x65, 0x5D, 0x05, 0xE2, 0x47,
	0x72, 0x57, 0x83, 0xA7, 0x87, 0x00, 0xB9, 0x8F, 0x01, 0x47, 0x63, 0x86, 0x07, 0x34,
	0xEF, 0xE0, 0xFF, 0x99, 0x05, 0x45, 0xEF, 0x00, 0x50, 0x37, 0x63, 0x1C, 0x05, 0x32,
	0xCA, 0x85, 0x22, 0x85, 0x21, 0x3D, 0x61, 0xB7, 0xB7, 0x57, 0xC0, 0x04, 0x03, 0xAD,
	0x87, 0x11, 0xB2, 0x47, 0x81, 0x4D, 0x02, 0xC8, 0x13, 0x97, 0x27, 0x00, 0xB7, 0x37,
	0xC0, 0x04, 0x93, 0x87, 0x87, 0x6E, 0xBA, 0x97, 0x05, 0x4C, 0x3E, 0xCE, 0x63, 0x14,
	0x0D, 0x00, 0x01, 0x45, 0x55, 0xBF, 0xC2, 0x47, 0xB3, 0x17, 0xFC, 0x00, 0x3E, 0xC4,
	0xB3, 0xF7, 0xA7, 0x01, 0x63, 0x82, 0x07, 0x12, 0x63, 0x1E, 0x89, 0x09, 0x8D, 0x47,
	0x81, 0x49, 0x63, 0xED, 0x87, 0x00, 0xB7, 0x47, 0xC0, 0x04, 0x13, 0x17, 0x24, 0x00,
	0x93, 0x87, 0x47, 0x84, 0xBA, 0x97, 0x83, 0xA9, 0x07, 0x00, 0x93, 0x89, 0x89, 0x35,
	0xA2, 0x47, 0x11, 0x47, 0x14, 0x18, 0x4E, 0x86, 0x89, 0x45, 0x0D, 0x45, 0xEF, 0x00,
	0x40, 0x79, 0xAA, 0x84, 0x3D, 0xF5, 0x63, 0x12, 0x89, 0x09, 0x8D, 0x47, 0x01, 0x46,
	0x63, 0xEC, 0x87, 0x00, 0xB7, 0x47, 0xC0, 0x04, 0x13, 0x17, 0x24, 0x00, 0x93, 0x87,
	0x47, 0x84, 0xBA, 0x97, 0x90, 0x43, 0x13, 0x06, 0xC6, 0x35, 0xA2, 0x47, 0x11, 0x47,
	0x54, 0x18, 0x89, 0x45, 0x0D, 0x45, 0xEF, 0x00, 0x20, 0x76, 0x1D, 0xFD, 0x8D, 0x47,
	0x63, 0xF2, 0x87, 0x06, 0xA2, 0x47, 0x11, 0x47, 0x74, 0x10, 0x26, 0x86, 0x89, 0x45,
	0x0D, 0x45, 0xEF, 0x00, 0xA0, 0x74, 0x2A, 0x8B, 0x15, 0xF1, 0x32, 0x45, 0x71, 0x46,
	0x81, 0x46, 0x81, 0x45, 0x42, 0x5A, 0xD2, 0x5B, 0xB2, 0x5C, 0xEF, 0x00, 0x10, 0x4B,
	0xE3, 0x6B, 0xAC, 0xE6, 0xF2, 0x47, 0x9C, 0x43, 0x82, 0x87, 0x81, 0x49, 0xE3, 0x62,
	0x8C, 0xF8, 0xB7, 0x47, 0xC0, 0x04, 0x13, 0x17, 0x24, 0x00, 0x93, 0x87, 0x07, 0x89,
	0xBA, 0x97, 0x83, 0xA9, 0x07, 0x00, 0x93, 0x89, 0xC9, 0x35, 0xAD, 0xB7, 0xE3, 0x69,
	0x8C, 0xFA, 0xB7, 0x47, 0xC0, 0x04, 0x13, 0x17, 0x24, 0x00, 0x93, 0x87, 0x07, 0x89,
	0x39, 0xA0, 0xB7, 0x47, 0xC0, 0x04, 0x13, 0x17, 0x24, 0x00, 0x93, 0x87, 0x47, 0x84,
	0xBA, 0x97, 0x84, 0x43, 0x93, 0x84, 0xC4, 0x33, 0x71, 0xB7, 0xB7, 0x07, 0x00, 0x88,
	0x85, 0x07, 0xB3, 0x67, 0xFA, 0x00, 0x3E, 0xD8, 0x93, 0xE7, 0x1C, 0x00, 0x3E, 0xD6,
	0xC2, 0x56, 0x63, 0x10, 0xDA, 0x1A, 0xD2, 0x56, 0x63, 0x95, 0xDB, 0x1A, 0xB2, 0x56,
	0x63, 0x8A, 0xDC, 0x00, 0x22, 0x47, 0x26, 0x86, 0x89, 0x45, 0x0D, 0x45, 0xEF, 0x00,
	0x80, 0x6C, 0xE3, 0x18, 0x05, 0xE8, 0xA2, 0x47, 0x93, 0xC7, 0xF7, 0xFF, 0x33, 0x7D,
	0xFD, 0x00, 0xC2, 0x47, 0x85, 0x07, 0x3E, 0xC8, 0xC9, 0xB5, 0x93, 0x67, 0x4A, 0x00,
	0x3E, 0xD8, 0xD9, 0xB7, 0x89, 0x67, 0xB3, 0x67, 0xFA, 0x00, 0xDD, 0xBF, 0x93, 0xE7,
	0x2B, 0x00, 0x3E, 0xDA, 0x5D, 0xBF, 0x93, 0xE7, 0x4B, 0x00, 0xE5, 0xBF, 0x85, 0x47,
	0x63, 0x14, 0xF9, 0x0A, 0x8D, 0x47, 0x81, 0x4A, 0x63, 0xED, 0x87, 0x00, 0xB7, 0x47,
	0xC0, 0x04, 0x13, 0x17, 0x24, 0x00, 0x93, 0x87, 0x47, 0x84, 0xBA, 0x97, 0x83, 0xAA,
	0x07, 0x00, 0x93, 0x8A, 0x0A, 0x20, 0xA2, 0x47, 0x11, 0x47, 0x34, 0x18, 0x56, 0x86,
	0x89, 0x45, 0x0D, 0x45, 0xB1, 0x25, 0xE3, 0x15, 0x05, 0xE2, 0xE2, 0x56, 0xB7, 0x07,
	0xE1, 0x00, 0xFD, 0x17, 0x22, 0x47, 0xFD, 0x8E, 0xB7, 0x07, 0x20, 0x02, 0xDD, 0x8E,
	0x56, 0x86, 0x89, 0x45, 0x0D, 0x45, 0x36, 0xDC, 0x81, 0x25, 0xE3, 0x15, 0x05, 0xE0,
	0xB2, 0x57, 0x93, 0xE7, 0x17, 0x00, 0x3E, 0xD6, 0x89, 0x47, 0x22, 0x47, 0xB2, 0x56,
	0x26, 0x86, 0x89, 0x45, 0x0D, 0x45, 0x3E, 0xCA, 0x15, 0x25, 0xE3, 0x17, 0x05, 0xDE,
	0x13, 0x05, 0x40, 0x06, 0xEF, 0x00, 0x00, 0x74, 0xE3, 0x11, 0x05, 0xDE, 0xD2, 0x47,
	0x05, 0x47, 0x63, 0x9E, 0xE7, 0x02, 0xE2, 0x56, 0xB7, 0x07, 0xE1, 0x00, 0xFD, 0x17,
	0x22, 0x47, 0xFD, 0x8E, 0xB7, 0x07, 0x06, 0x1D, 0xDD, 0x8E, 0x56, 0x86, 0x89, 0x45,
	0x0D, 0x45, 0x36, 0xDC, 0xC5, 0x2B, 0xE3, 0x1D, 0x05, 0xDA, 0x66, 0xD6, 0x19, 0xB7,
	0x81, 0x4A, 0xE3, 0xEC, 0x87, 0xF6, 0xB7, 0x47, 0xC0, 0x04, 0x13, 0x17, 0x24, 0x00,
	0x93, 0x87, 0x07, 0x89, 0xB9, 0xBF, 0x85, 0x47, 0x45, 0xB7, 0x22, 0x47, 0x93, 0x66,
	0x0A, 0x20, 0x93, 0xE7, 0x1C, 0x00, 0x4E, 0x86, 0x89, 0x45, 0x0D, 0x45, 0x36, 0xD8,
	0x3E, 0xD6, 0x6D, 0x2B, 0xE3, 0x12, 0x05, 0xD8, 0x93, 0x0A, 0x40, 0x06, 0xA2, 0x47,
	0x11, 0x47, 0x14, 0x18, 0x4E, 0x86, 0x89, 0x45, 0x0D, 0x45, 0x41, 0x2B, 0xE3, 0x17,
	0x05, 0xD6, 0xC2, 0x57, 0x93, 0xF7, 0x07, 0x20, 0x99, 0xCF, 0x22, 0x47, 0xB2, 0x56,
	0x26, 0x86, 0x89, 0x45, 0x0D, 0x45, 0x71, 0x23, 0xE3, 0x1B, 0x05, 0xD4, 0x93, 0x87,
	0x1D, 0x00, 0x63, 0xE1, 0xBA, 0x09, 0xBE, 0x8D, 0xF1, 0xB7, 0x52, 0xD8, 0x79, 0xB7,
	0x93, 0x67, 0x0A, 0x10, 0xE1, 0xB5, 0x93, 0x67, 0x0A, 0x40, 0xC9, 0xB5, 0x85, 0x67,
	0x93, 0x87, 0x07, 0x80, 0xC1, 0xB5, 0x85, 0x67, 0x75, 0xBD, 0x93, 0xE7, 0x1B, 0x00,
	0xC1, 0xB5, 0x93, 0xE7, 0x8B, 0x00, 0x6D, 0xBD, 0x93, 0xE7, 0x0B, 0x04, 0x55, 0xBD,
	0x93, 0xE7, 0x0B, 0x08, 0x7D, 0xB5, 0x93, 0xE7, 0x0B, 0x02, 0x65, 0xB5, 0x22, 0x47,
	0x4E, 0x86, 0x89, 0x45, 0x0D, 0x45, 0x25, 0x2B, 0xE3, 0x0D, 0x05, 0xE4, 0xFD, 0xB9,
	0xE3, 0x1D, 0x89, 0xE5, 0x8D, 0x47, 0x63, 0xED, 0x87, 0x00, 0xB7, 0x47, 0xC0, 0x04,
	0x13, 0x17, 0x24, 0x00, 0x93, 0x87, 0x47, 0x84, 0xBA, 0x97, 0x03, 0xAB, 0x07, 0x00,
	0x13, 0x0B, 0xCB, 0x35, 0x22, 0x47, 0x5A, 0x86, 0x89, 0x45, 0x0D, 0x45, 0x21, 0x23,
	0xE3, 0x08, 0x05, 0xE2, 0xF9, 0xB1, 0x29, 0x65, 0x15, 0x05, 0xE1, 0xB1, 0x29, 0x65,
	0x61, 0x05, 0xC9, 0xB1, 0x29, 0x65, 0x55, 0x05, 0x75, 0xB9, 0x29, 0x65, 0x59, 0x05,
	0x5D, 0xB9, 0x29, 0x65, 0x21, 0x05, 0x45, 0xB9, 0x29, 0x65, 0x3D, 0x05, 0x6D, 0xB1,
	0xF6, 0x50, 0x66, 0x54, 0xD6, 0x54, 0x46, 0x59, 0xB6, 0x59, 0x26, 0x5A, 0x96, 0x5A,
	0x06, 0x5B, 0xF6, 0x4B, 0x66, 0x4C, 0xD6, 0x4C, 0x46, 0x4D, 0xB6, 0x4D, 0x09, 0x61,
	0x82, 0x80, 0xB7, 0x57, 0xC0, 0x04, 0x83, 0xC7, 0x87, 0x00, 0x23, 0x08, 0xF5, 0x40,
	0xB7, 0x57, 0xC0, 0x04, 0x83, 0xA7, 0x47, 0x00, 0xA3, 0x08, 0xF5, 0x40, 0xB7, 0x57,
	0xC0, 0x04, 0x83, 0xA7, 0x07, 0x00, 0x23, 0x09, 0xF5, 0x40, 0x82, 0x80, 0x19, 0xE1,
	0x01, 0x45, 0x82, 0x80, 0x93, 0x77, 0xF5, 0x00, 0xED, 0x17, 0x93, 0xF7, 0xF7, 0x0F,
	0x09, 0x47, 0x63, 0x68, 0xF7, 0x02, 0x81, 0x47, 0x11, 0xA0, 0x85, 0x47, 0x23, 0x88,
	0xF1, 0x82, 0x83, 0xC7, 0x01, 0x83, 0x11, 0x47, 0xE3, 0x8E, 0xE7, 0xFC, 0x8E, 0x07,
	0xBE, 0x95, 0xD8, 0x41, 0x85, 0x67, 0x93, 0x87, 0xF7, 0x80, 0xE3, 0xF6, 0xE7, 0xFC,
	0x88, 0x41, 0x82, 0x80, 0x89, 0x47, 0xF1, 0xBF, 0x93, 0x57, 0x45, 0x00, 0xBD, 0x8B,
	0xED, 0x17, 0x93, 0xF7, 0xF7, 0x0F, 0xE3, 0x76, 0xF7, 0xFC, 0x93, 0x57, 0x85, 0x00,
	0xBD, 0x8B, 0xED, 0x17, 0x93, 0xF7, 0xF7, 0x0F, 0xE3, 0x70, 0xF7, 0xFE, 0x31, 0x81,
	0x3D, 0x89, 0x6D, 0x15, 0x13, 0x75, 0xF5, 0x0F, 0xE3, 0x6A, 0xA7, 0xFA, 0x8D, 0x47,
	0x6D, 0xB7, 0x01, 0x45, 0x82, 0x80, 0x82, 0x80, 0x41, 0x11, 0x06, 0xC6, 0x22, 0xC4,
	0x41, 0x37, 0x05, 0xCD, 0x2A, 0x84, 0x41, 0x05, 0xEF, 0xF0, 0x3F, 0x98, 0xD9, 0x24,
	0x19, 0xC9, 0x08, 0xC4, 0x23, 0x26, 0x04, 0x00, 0x22, 0x85, 0x89, 0x37, 0x01, 0x45,
	0xB2, 0x40, 0x22, 0x44, 0x41, 0x01, 0x82, 0x80, 0x99, 0x2E, 0x08, 0xC4, 0x23, 0x26,
	0x04, 0x00, 0x6D, 0xF5, 0xB7, 0x57, 0xC0, 0x04, 0x05, 0x47, 0x23, 0x84, 0xE7, 0x00,
	0xF9, 0xBF, 0x41, 0x75, 0x2D, 0x05, 0xF9, 0xBF, 0xB1, 0xA6, 0x41, 0x11, 0xB6, 0x85,
	0x32, 0x85, 0x06, 0xC6, 0x22, 0xC4, 0x26, 0xC2, 0x0D, 0x3F, 0x35, 0xC9, 0xB7, 0x57,
	0xC0, 0x04, 0x83, 0xC7, 0x87, 0x00, 0xAA, 0x84, 0xA9, 0xCF, 0x00, 0x41, 0x95, 0x47,
	0x63, 0xED, 0x87, 0x04, 0x37, 0x47, 0xC0, 0x04, 0x93, 0x17, 0x24, 0x00, 0x13, 0x07,
	0x47, 0x85, 0xBA, 0x97, 0x9C, 0x43, 0x41, 0x05, 0x82, 0x87, 0x0D, 0x26, 0x9C, 0x40,
	0x37, 0x07, 0x00, 0x80, 0x88, 0xC4, 0xD9, 0x8F, 0xDC, 0xC0, 0x23, 0xA6, 0x04, 0x00,
	0x26, 0x85, 0xF1, 0x35, 0xB2, 0x40, 0x22, 0x85, 0x22, 0x44, 0x92, 0x44, 0x41, 0x01,
	0x82, 0x80, 0x01, 0x2E, 0x01, 0x44, 0xF1, 0xBF, 0x29, 0x2E, 0xED, 0xBF, 0x25, 0x26,
	0xDD, 0xBF, 0x1D, 0x2E, 0xCD, 0xBF, 0x93, 0x85, 0x04, 0x41, 0x81, 0x26, 0xED, 0xB7,
	0x29, 0x65, 0x39, 0x05, 0xD5, 0xB7, 0x41, 0x74, 0x01, 0x45, 0x29, 0x04, 0x6D, 0xBF,
	0x41, 0x74, 0x2D, 0x04, 0xE1, 0xB7, 0x41, 0x11, 0x06, 0xC6, 0xEF, 0xF0, 0x7F, 0x92,
	0x7D, 0x15, 0x85, 0x47, 0x63, 0xE6, 0xA7, 0x00, 0x01, 0x45, 0xB2, 0x40, 0x41, 0x01,
	0x82, 0x80, 0x29, 0x65, 0x79, 0x05, 0xDD, 0xBF, 0x41, 0x11, 0x22, 0xC4, 0x06, 0xC6,
	0x05, 0x44, 0xEF, 0xF0, 0x7F, 0x8B, 0x63, 0x65, 0xA4, 0x02, 0xEF, 0xF0, 0x9F, 0x8B,
	0x63, 0x61, 0xA4, 0x02, 0xEF, 0xF0, 0xBF, 0x8E, 0x93, 0x07, 0xF0, 0x0F, 0x63, 0xEB,
	0xA7, 0x00, 0xEF, 0xF0, 0xBF, 0x8F, 0xC1, 0x67, 0x63, 0xF6, 0xF5, 0x00, 0x22, 0x44,
	0xB2, 0x40, 0x41, 0x01, 0x7D, 0xB7, 0xB2, 0x40, 0x22, 0x44, 0x29, 0x65, 0x09, 0x05,
	0x41, 0x01, 0x82, 0x80, 0x01, 0x11, 0x22, 0xCC, 0x37, 0x14, 0xC0, 0x04, 0x83, 0x27,
	0x84, 0x00, 0x3E, 0xC6, 0x81, 0x47, 0x85, 0x47, 0x0D, 0x45, 0x06, 0xCE, 0xA3, 0x05,
	0xF1, 0x00, 0x31, 0x26, 0x15, 0xE5, 0x09, 0x45, 0x19, 0x26, 0x1D, 0xE1, 0x19, 0x45,
	0x01, 0x26, 0x05, 0xE1, 0x51, 0x3F, 0x11, 0xED, 0xEF, 0xF0, 0x3F, 0x89, 0x13, 0x05,
	0xB1, 0x00, 0xEF, 0xF0, 0x0F, 0x9C, 0x83, 0x45, 0xB1, 0x00, 0x01, 0x45, 0xEF, 0xF0,
	0xBF, 0x86, 0xEF, 0xF0, 0xCF, 0x92, 0x32, 0x47, 0x83, 0x27, 0x84, 0x00, 0xB9, 0x8F,
	0x01, 0x47, 0x99, 0xC3, 0xEF, 0xE0, 0x4F, 0xC1, 0xF2, 0x40, 0x62, 0x44, 0x05, 0x61,
	0x82, 0x80, 0x01, 0x45, 0x82, 0x80, 0x01, 0x45, 0x82, 0x80, 0x39, 0x71, 0x4A, 0xD8,
	0x37, 0x19, 0xC0, 0x04, 0x06, 0xDE, 0x22, 0xDC, 0x26, 0xDA, 0x4E, 0xD6, 0x83, 0x27,
	0x89, 0x00, 0x3E, 0xCE, 0x81, 0x47, 0x4D, 0xC5, 0x5C, 0x41, 0x83, 0x29, 0x85, 0x00,
	0x18, 0x49, 0x3E, 0xC0, 0x93, 0x97, 0x49, 0x01, 0xD1, 0x83, 0x3E, 0xC2, 0x5C, 0x49,
	0x3A, 0xC4, 0x18, 0x4D, 0x3E, 0xC6, 0x5C, 0x4D, 0x00, 0x41, 0xB7, 0x54, 0xC0, 0x04,
	0x93, 0xD9, 0xC9, 0x00, 0x93, 0x84, 0x84, 0x03, 0x3E, 0xCA, 0x3A, 0xC8, 0x23, 0xA0,
	0x34, 0x0F, 0xC9, 0x47, 0x63, 0xF1, 0x87, 0x02, 0x63, 0x95, 0x09, 0x00, 0xBC, 0x40,
	0x23, 0xA0, 0xF4, 0x0E, 0x29, 0x65, 0x51, 0x05, 0x72, 0x47, 0x83, 0x27, 0x89, 0x00,
	0xB9, 0x8F, 0x01, 0x47, 0xB5, 0xC3, 0xEF, 0xE0, 0x4F, 0xB9, 0x22, 0x85, 0xEF, 0xF0,
	0x6F, 0xFB, 0x29, 0xE9, 0x63, 0x9B, 0x09, 0x02, 0x85, 0x47, 0x63, 0x1D, 0xF4, 0x00,
	0x83, 0xA7, 0x04, 0x08, 0x8A, 0x07, 0x33, 0x14, 0xF4, 0x00, 0x06, 0x04, 0x23, 0xA0,
	0x84, 0x0E, 0x0A, 0x85, 0xE5, 0x26, 0xE9, 0xB7, 0xBC, 0x40, 0x23, 0xA0, 0xF4, 0x0E,
	0x9D, 0x47, 0x63, 0x0D, 0xF4, 0x00, 0x45, 0xFC, 0x0A, 0x85, 0xEF, 0xF0, 0xEF, 0x8E,
	0x55, 0xBF, 0x23, 0xA0, 0x34, 0x0F, 0x85, 0x47, 0xE3, 0x15, 0xF4, 0xFE, 0xE9, 0xBF,
	0x0A, 0x85, 0xEF, 0xF0, 0x9F, 0x8B, 0x45, 0xB7, 0x29, 0x65, 0x09, 0x05, 0x69, 0xBF,
	0x29, 0x65, 0x25, 0x05, 0x51, 0xBF, 0xF2, 0x50, 0x62, 0x54, 0xD2, 0x54, 0x42, 0x59,
	0xB2, 0x59, 0x21, 0x61, 0x82, 0x80, 0x1C, 0x41, 0x99, 0xE3, 0x6F, 0xF0, 0xCF, 0xF0,
	0x05, 0x47, 0x63, 0x94, 0xE7, 0x00, 0x6F, 0xF0, 0x8F, 0xF0, 0x29, 0x65, 0x09, 0x05,
	0x82, 0x80, 0x35, 0x71, 0x22, 0xCD, 0x37, 0x14, 0xC0, 0x04, 0x83, 0x27, 0x84, 0x00,
	0x3E, 0xC7, 0x81, 0x47, 0x13, 0x06, 0x00, 0x08, 0x81, 0x45, 0x68, 0x00, 0x06, 0xCF,
	0xEF, 0x00, 0x00, 0x7F, 0x68, 0x00, 0xF1, 0x29, 0x11, 0xED, 0x32, 0x47, 0xB7, 0x57,
	0xC0, 0x04, 0x23, 0xAC, 0xE7, 0x02, 0x3A, 0x47, 0x83, 0x27, 0x84, 0x00, 0xB9, 0x8F,
	0x01, 0x47, 0x91, 0xC7, 0xEF, 0xE0, 0x2F, 0xAD, 0x29, 0x65, 0x31, 0x05, 0xF5, 0xB7,
	0xFA, 0x40, 0x6A, 0x44, 0x0D, 0x61, 0x82, 0x80, 0x41, 0x11, 0x37, 0x55, 0xC0, 0x04,
	0x4A, 0xC0, 0x13, 0x06, 0x80, 0x0F, 0x81, 0x45, 0x13, 0x09, 0x85, 0x03, 0x13, 0x05,
	0x85, 0x03, 0x06, 0xC6, 0x22, 0xC4, 0x26, 0xC2, 0xEF, 0x00, 0x20, 0x7A, 0x51, 0x3F,
	0x2A, 0x84, 0x25, 0xE9, 0x03, 0x27, 0x09, 0x00, 0x93, 0x07, 0x40, 0x04, 0x63, 0x1A,
	0xF7, 0x06, 0xB7, 0x37, 0xC0, 0x04, 0x93, 0x04, 0x09, 0x08, 0x93, 0x87, 0x47, 0xBA,
	0x9C, 0xC8, 0xB7, 0x37, 0xC0, 0x04, 0x93, 0x87, 0x47, 0xC0, 0x9C, 0xCC, 0xB7, 0x37,
	0xC0, 0x04, 0x93, 0x87, 0x87, 0xC0, 0xDC, 0xCC, 0xB7, 0x37, 0xC0, 0x04, 0x93, 0x87,
	0xC7, 0xC0, 0x41, 0x46, 0x93, 0x85, 0x01, 0x82, 0x13, 0x05, 0x09, 0x0B, 0x9C, 0xD0,
	0xBD, 0x25, 0xB7, 0x45, 0xC0, 0x04, 0x41, 0x46, 0x93, 0x85, 0x05, 0x01, 0x13, 0x05,
	0x09, 0x0C, 0xB9, 0x2D, 0xB7, 0x45, 0xC0, 0x04, 0x41, 0x46, 0x93, 0x85, 0x05, 0x00,
	0x13, 0x05, 0x09, 0x0D, 0xB9, 0x25, 0xB7, 0x37, 0xC0, 0x04, 0x93, 0x87, 0x87, 0xCE,
	0xDC, 0xD4, 0xB2, 0x40, 0x22, 0x85, 0x22, 0x44, 0x92, 0x44, 0x02, 0x49, 0x41, 0x01,
	0x82, 0x80, 0x29, 0x64, 0x35, 0x04, 0xFD, 0xB7, 0xB7, 0x57, 0xC0, 0x04, 0x83, 0xA7,
	0x87, 0x0C, 0x91, 0xC3, 0x82, 0x87, 0x29, 0x65, 0x41, 0x05, 0x82, 0x80, 0xB7, 0x57,
	0xC0, 0x04, 0x83, 0xA7, 0xC7, 0x0C, 0x91, 0xC3, 0x82, 0x87, 0x01, 0x45, 0x82, 0x80,
	0xB7, 0x57, 0xC0, 0x04, 0x83, 0xA7, 0x07, 0x0D, 0x91, 0xC3, 0x82, 0x87, 0x01, 0x45,
	0x82, 0x80, 0xB7, 0x57, 0xC0, 0x04, 0x83, 0xA7, 0x47, 0x0D, 0x91, 0xC3, 0x82, 0x87,
	0x01, 0x45, 0x82, 0x80, 0xB7, 0x57, 0xC0, 0x04, 0x83, 0xA7, 0x87, 0x0D, 0x91, 0xC3,
	0x82, 0x87, 0x29, 0x65, 0x41, 0x05, 0x82, 0x80, 0xB7, 0x57, 0xC0, 0x04, 0x83, 0xA7,
	0xC7, 0x0D, 0x91, 0xC3, 0x82, 0x87, 0x29, 0x65, 0x41, 0x05, 0x82, 0x80, 0xB7, 0x57,
	0xC0, 0x04, 0x83, 0xA7, 0x07, 0x0E, 0x91, 0xC3, 0x82, 0x87, 0x29, 0x65, 0x41, 0x05,
	0x82, 0x80, 0xB7, 0x57, 0xC0, 0x04, 0x83, 0xA7, 0x47, 0x0E, 0x91, 0xC3, 0x82, 0x87,
	0x29, 0x65, 0x41, 0x05, 0x82, 0x80, 0x37, 0x58, 0xC0, 0x04, 0x03, 0x28, 0x88, 0x0F,
	0x63, 0x03, 0x08, 0x00, 0x02, 0x88, 0x29, 0x65, 0x41, 0x05, 0x82, 0x80, 0xB7, 0x57,
	0xC0, 0x04, 0x83, 0xA7, 0xC7, 0x0F, 0x91, 0xC3, 0x82, 0x87, 0x29, 0x65, 0x41, 0x05,
	0x82, 0x80, 0x37, 0x58, 0xC0, 0x04, 0x03, 0x28, 0x88, 0x10, 0x63, 0x03, 0x08, 0x00,
	0x02, 0x88, 0x29, 0x65, 0x41, 0x05, 0x82, 0x80, 0xB7, 0x57, 0xC0, 0x04, 0x83, 0xA7,
	0xC7, 0x10, 0x91, 0xC3, 0x82, 0x87, 0x29, 0x65, 0x41, 0x05, 0x82, 0x80, 0x01, 0x11,
	0x26, 0xCA, 0xB7, 0x14, 0xC0, 0x04, 0x83, 0xA7, 0x84, 0x00, 0x3E, 0xC6, 0x81, 0x47,
	0x4C, 0x00, 0x22, 0xCC, 0x06, 0xCE, 0x2A, 0x84, 0x02, 0xC2, 0x02, 0xC4, 0x69, 0x26,
	0x39, 0xE9, 0xB7, 0x56, 0xC0, 0x04, 0x13, 0x87, 0x86, 0x03, 0x93, 0x17, 0x44, 0x00,
	0x3E, 0x97, 0x92, 0x47, 0x93, 0x86, 0x86, 0x03, 0x5C, 0xC3, 0xA2, 0x47, 0x33, 0x05,
	0xF0, 0x40, 0x7D, 0x8D, 0x5C, 0xC7, 0x08, 0xCB, 0x99, 0xEF, 0x0D, 0xE5, 0x71, 0x04,
	0x0A, 0x04, 0xA2, 0x96, 0xFD, 0x17, 0xDC, 0xC2, 0x32, 0x47, 0x83, 0xA7, 0x84, 0x00,
	0xB9, 0x8F, 0x01, 0x47, 0x85, 0xC3, 0xEF, 0xE0, 0x6F, 0x8E, 0x10, 0x47, 0x93, 0xF5,
	0x17, 0x00, 0x85, 0x83, 0x2E, 0x96, 0x10, 0xC7, 0xD9, 0xBF, 0x05, 0x81, 0x85, 0x07,
	0xC9, 0xBF, 0x29, 0x65, 0x29, 0x05, 0xE1, 0xBF, 0xF2, 0x40, 0x62, 0x44, 0xD2, 0x44,
	0x05, 0x61, 0x82, 0x80, 0xB7, 0x57, 0xC0, 0x04, 0x13, 0x17, 0x45, 0x00, 0x93, 0x87,
	0x87, 0x03, 0xBA, 0x97, 0xDC, 0x47, 0x01, 0x11, 0x22, 0xCC, 0x4A, 0xC8, 0x4E, 0xC6,
	0x52, 0xC4, 0x56, 0xC2, 0x5A, 0xC0, 0x06, 0xCE, 0x26, 0xCA, 0x2A, 0x89, 0xAE, 0x89,
	0x32, 0x8A, 0x33, 0xF4, 0xF6, 0x00, 0x81, 0x4A, 0x05, 0x4B, 0x01, 0xEC, 0x01, 0x45,
	0xF2, 0x40, 0x62, 0x44, 0xD2, 0x44, 0x42, 0x49, 0xB2, 0x49, 0x22, 0x4A, 0x92, 0x4A,
	0x02, 0x4B, 0x05, 0x61, 0x82, 0x80, 0xB3, 0x14, 0x5B, 0x01, 0xB3, 0xF7, 0x84, 0x00,
	0x99, 0xCB, 0x26, 0x87, 0xD2, 0x86, 0x4E, 0x86, 0x89, 0x45, 0x4A, 0x85, 0xE5, 0x35,
	0x79, 0xF9, 0x93, 0xC4, 0xF4, 0xFF, 0x65, 0x8C, 0x85, 0x0A, 0xE1, 0xB7, 0x79, 0x71,
	0x4A, 0xD0, 0x37, 0x19, 0xC0, 0x04, 0x06, 0xD6, 0x22, 0xD4, 0x26, 0xD2, 0x4E, 0xCE,
	0x83, 0x27, 0x89, 0x00, 0x3E, 0xC6, 0x81, 0x47, 0x21, 0xC9, 0x2A, 0x84, 0x2C, 0x00,
	0x48, 0x00, 0x81, 0x2C, 0x19, 0xC9, 0x29, 0x65, 0x75, 0x05, 0x32, 0x47, 0x83, 0x27,
	0x89, 0x00, 0xB9, 0x8F, 0x01, 0x47, 0x8D, 0xCF, 0xEF, 0xE0, 0x0F, 0x82, 0x92, 0x44,
	0xA2, 0x49, 0x05, 0x04, 0x2C, 0x00, 0x48, 0x00, 0x3D, 0x24, 0x65, 0xF1, 0x12, 0x47,
	0xA2, 0x47, 0xE3, 0x6D, 0x97, 0xFC, 0x63, 0x94, 0xE4, 0x00, 0xE3, 0xE9, 0x37, 0xFD,
	0xB3, 0x86, 0x37, 0x41, 0xB3, 0xB7, 0xD7, 0x00, 0x05, 0x8F, 0x63, 0x14, 0xF7, 0x00,
	0xE3, 0xED, 0x86, 0xFC, 0x01, 0x45, 0x7D, 0xBF, 0xB2, 0x50, 0x22, 0x54, 0x92, 0x54,
	0x02, 0x59, 0xF2, 0x49, 0x45, 0x61, 0x82, 0x80, 0xAE, 0x86, 0x09, 0xCA, 0xB3, 0x07,
	0xC0, 0x40, 0xF1, 0x8F, 0x11, 0x47, 0x2A, 0x86, 0x89, 0x45, 0x19, 0x45, 0x2D, 0xBD,
	0x29, 0x65, 0x09, 0x05, 0x82, 0x80, 0xAE, 0x86, 0x32, 0x87, 0x89, 0x45, 0x2A, 0x86,
	0x19, 0x45, 0x35, 0xBD, 0xB6, 0x87, 0x11, 0xCA, 0x89, 0xCA, 0x33, 0x07, 0xC0, 0x40,
	0x71, 0x8F, 0x91, 0x46, 0x2E, 0x86, 0xAA, 0x85, 0x09, 0x45, 0x25, 0xBD, 0x29, 0x65,
	0x09, 0x05, 0x82, 0x80, 0x36, 0x87, 0x91, 0xC6, 0xB2, 0x86, 0x2E, 0x86, 0xAA, 0x85,
	0x09, 0x45, 0x25, 0xBD, 0x29, 0x65, 0x09, 0x05, 0x82, 0x80, 0x50, 0x41, 0xE5, 0x47,
	0x63, 0xEE, 0xC7, 0x0E, 0xB7, 0x57, 0xC0, 0x04, 0x39, 0x71, 0x13, 0x87, 0x87, 0x03,
	0x22, 0xDC, 0x03, 0x24, 0x07, 0x0E, 0x62, 0xCC, 0x06, 0xDE, 0x26, 0xDA, 0x4A, 0xD8,
	0x4E, 0xD6, 0x52, 0xD4, 0x56, 0xD2, 0x5A, 0xD0, 0x5E, 0xCE, 0x66, 0xCA, 0x6A, 0xC8,
	0x6E, 0xC6, 0x22, 0x87, 0x81, 0x46, 0x01, 0x4C, 0x93, 0x87, 0x87, 0x03, 0x85, 0x45,
	0x31, 0xE3, 0x23, 0xA0, 0x87, 0x0F, 0xBD, 0x67, 0x93, 0x87, 0xE7, 0xEE, 0x7D, 0x8C,
	0x55, 0xCC, 0x05, 0x69, 0x85, 0x49, 0x13, 0x0B, 0x49, 0x26, 0xB3, 0x99, 0xC9, 0x00,
	0x85, 0x4D, 0xB7, 0x4A, 0xC0, 0x04, 0x0D, 0x4A, 0x13, 0x09, 0x39, 0x26, 0x93, 0x87,
	0xFD, 0xFF, 0x85, 0x44, 0xB3, 0x94, 0xF4, 0x00, 0xB3, 0xF4, 0x84, 0x01, 0x8D, 0xE0,
	0x13, 0x55, 0x44, 0x00, 0x85, 0x0D, 0x25, 0xC5, 0x2A, 0x84, 0xDD, 0xB7, 0x13, 0x75,
	0xF7, 0x00, 0x09, 0xC5, 0x33, 0x95, 0xD5, 0x00, 0x33, 0x6C, 0xAC, 0x00, 0x11, 0x83,
	0x85, 0x06, 0x6D, 0xB7, 0x93, 0x7B, 0xF4, 0x00, 0x13, 0x8D, 0xCA, 0x86, 0x81, 0x4C,
	0xE3, 0x8B, 0x0B, 0xFC, 0x93, 0xF7, 0x1B, 0x00, 0x91, 0xE7, 0x93, 0xDB, 0x1B, 0x00,
	0x85, 0x0C, 0x11, 0x0D, 0xFD, 0xB7, 0x81, 0x45, 0x63, 0x46, 0x9A, 0x01, 0x83, 0x25,
	0x0D, 0x00, 0xCA, 0x95, 0x8A, 0x05, 0xA6, 0x86, 0x2D, 0x46, 0x0D, 0x45, 0x01, 0x35,
	0x09, 0xED, 0x63, 0x46, 0x9A, 0x01, 0x03, 0x25, 0x0D, 0x00, 0x5A, 0x95, 0x0A, 0x05,
	0xAA, 0x85, 0xA6, 0x86, 0x4E, 0x86, 0x0D, 0x45, 0xE5, 0x33, 0x61, 0xD5, 0xF2, 0x50,
	0x62, 0x54, 0xD2, 0x54, 0x42, 0x59, 0xB2, 0x59, 0x22, 0x5A, 0x92, 0x5A, 0x02, 0x5B,
	0xF2, 0x4B, 0x62, 0x4C, 0xD2, 0x4C, 0x42, 0x4D, 0xB2, 0x4D, 0x21, 0x61, 0x82, 0x80,
	0x29, 0x65, 0x09, 0x05, 0x82, 0x80, 0x29, 0x65, 0x65, 0x05, 0xE1, 0xBF, 0x03, 0x28,
	0x85, 0x00, 0x13, 0x06, 0xC5, 0x00, 0x01, 0x47, 0x81, 0x46, 0x89, 0x48, 0xC1, 0x45,
	0xB3, 0x57, 0xE8, 0x00, 0xBD, 0x8B, 0x8D, 0xC3, 0xED, 0x17, 0x93, 0xF7, 0xF7, 0x0F,
	0x63, 0xE9, 0xF8, 0x00, 0x93, 0x87, 0x86, 0x00, 0x8E, 0x07, 0xAA, 0x97, 0x9C, 0x43,
	0x85, 0x06, 0x1C, 0xC2, 0x83, 0x47, 0x55, 0x00, 0x63, 0xE8, 0xD7, 0x00, 0x11, 0x07,
	0x21, 0x06, 0xE3, 0x1A, 0xB7, 0xFC, 0x01, 0x45, 0x82, 0x80, 0x41, 0x75, 0x19, 0x05,
	0x82, 0x80, 0x93, 0x08, 0x70, 0x0F, 0x73, 0x00, 0x00, 0x00, 0x82, 0x80, 0xDD, 0xBF,
	0xAA, 0x87, 0x2E, 0x86, 0x19, 0x45, 0xBE, 0x85, 0x93, 0x08, 0x60, 0x0F, 0x73, 0x00,
	0x00, 0x00, 0x82, 0x80, 0x75, 0x71, 0x93, 0x07, 0x00, 0x08, 0xBE, 0xC6, 0xB7, 0x45,
	0xC0, 0x04, 0x93, 0x07, 0xF0, 0x02, 0xAA, 0xC4, 0x3E, 0xC4, 0x28, 0x00, 0x93, 0x07,
	0x10, 0x10, 0x93, 0x85, 0x85, 0x8A, 0x06, 0xC7, 0x23, 0x16, 0xF1, 0x00, 0xE9, 0x37,
	0xBA, 0x40, 0x49, 0x61, 0x82, 0x80, 0x15, 0xCD, 0x75, 0x71, 0x22, 0xC5, 0x06, 0xC7,
	0x26, 0xC3, 0x2E, 0x84, 0x9D, 0xC9, 0x93, 0x07, 0xD0, 0x02, 0xB7, 0x45, 0xC0, 0x04,
	0xAA, 0x84, 0x3E, 0xC4, 0x93, 0x85, 0x05, 0x8A, 0x85, 0x47, 0x28, 0x00, 0x23, 0x16,
	0xF1, 0x00, 0x71, 0x3F, 0x09, 0xE5, 0xC2, 0x47, 0x9C, 0xC0, 0xD2, 0x47, 0x1C, 0xC0,
	0xBA, 0x40, 0x2A, 0x44, 0x9A, 0x44, 0x49, 0x61, 0x82, 0x80, 0x41, 0x75, 0x19, 0x05,
	0x82, 0x80, 0x41, 0x75, 0x19, 0x05, 0xF5, 0xB7, 0x75, 0x71, 0xA1, 0x47, 0xAE, 0xC4,
	0xBE, 0xC6, 0xB7, 0x45, 0xC0, 0x04, 0x93, 0x07, 0x20, 0x03, 0x2A, 0xC8, 0x3E, 0xC4,
	0x28, 0x00, 0x93, 0x07, 0x10, 0x10, 0x93, 0x85, 0x05, 0x8B, 0x06, 0xC7, 0x23, 0x16,
	0xF1, 0x00, 0x99, 0x3F, 0xBA, 0x40, 0x49, 0x61, 0x82, 0x80, 0xAA, 0x87, 0x2E, 0x86,
	0x35, 0x45, 0xBE, 0x85, 0x93, 0x08, 0x60, 0x0F, 0x73, 0x00, 0x00, 0x00, 0x82, 0x80,
	0x75, 0x71, 0x85, 0x67, 0x89, 0x07, 0x2E, 0xCA, 0xB7, 0x45, 0xC0, 0x04, 0x2A, 0xC8,
	0x3E, 0xC4, 0x93, 0x85, 0x05, 0x8D, 0x85, 0x47, 0x28, 0x00, 0x22, 0xC5, 0x06, 0xC7,
	0x36, 0x84, 0x32, 0xCC, 0x23, 0x16, 0xF1, 0x00, 0xE9, 0x37, 0x09, 0xE5, 0xF2, 0x47,
	0x1C, 0xC0, 0x82, 0x57, 0x5C, 0xC0, 0xBA, 0x40, 0x2A, 0x44, 0x49, 0x61, 0x82, 0x80,
	0x75, 0x71, 0x85, 0x67, 0x2E, 0xCA, 0x85, 0x07, 0xB7, 0x45, 0xC0, 0x04, 0x2A, 0xC8,
	0x3E, 0xC4, 0x28, 0x00, 0x85, 0x47, 0x93, 0x85, 0x85, 0x8C, 0x06, 0xC7, 0x32, 0xCC,
	0x36, 0xCE, 0x3A, 0xD0, 0x23, 0x16, 0xF1, 0x00, 0x49, 0x3F, 0xBA, 0x40, 0x49, 0x61,
	0x82, 0x80, 0x75, 0x71, 0x3E, 0xCE, 0x85, 0x47, 0x2E, 0xCA, 0x23, 0x06, 0xF1, 0x00,
	0xB7, 0x45, 0xC0, 0x04, 0x85, 0x67, 0x2A, 0xC8, 0xBA, 0xC4, 0x99, 0x07, 0x33, 0x37,
	0xE0, 0x00, 0x28, 0x00, 0x93, 0x85, 0x05, 0x8E, 0x06, 0xC7, 0x32, 0xCC, 0x42, 0xD0,
	0x46, 0xD2, 0xB6, 0xC6, 0x3E, 0xC4, 0xA3, 0x06, 0xE1, 0x00, 0xA1, 0x3F, 0xBA, 0x40,
	0x49, 0x61, 0x82, 0x80, 0x75, 0x71, 0x3E, 0xCE, 0x85, 0x67, 0x2E, 0xCA, 0x95, 0x07,
	0xB7, 0x45, 0xC0, 0x04, 0x2A, 0xC8, 0x3E, 0xC4, 0x28, 0x00, 0x85, 0x47, 0x93, 0x85,
	0x85, 0x8D, 0x06, 0xC7, 0x32, 0xCC, 0x42, 0xD0, 0x36, 0xD2, 0x3A, 0xD4, 0x46, 0xD6,
	0x23, 0x16, 0xF1, 0x00, 0x1D, 0x37, 0xBA, 0x40, 0x49, 0x61, 0x82, 0x80, 0x75, 0x71,
	0x85, 0x67, 0x2E, 0xCA, 0x9D, 0x07, 0xB7, 0x45, 0xC0, 0x04, 0x2A, 0xC8, 0x3E, 0xC4,
	0x28, 0x00, 0x85, 0x47, 0x93, 0x85, 0x85, 0x8E, 0x06, 0xC7, 0x23, 0x16, 0xF1, 0x00,
	0x01, 0x37, 0xBA, 0x40, 0x49, 0x61, 0x82, 0x80, 0xAA, 0x87, 0x2E, 0x86, 0x21, 0x45,
	0xBE, 0x85, 0x93, 0x08, 0x60, 0x0F, 0x73, 0x00, 0x00, 0x00, 0x82, 0x80, 0x75, 0x71,
	0xAD, 0x47, 0xB7, 0x45, 0xC0, 0x04, 0x2A, 0xC8, 0x3E, 0xC4, 0x28, 0x00, 0x85, 0x47,
	0x93, 0x85, 0x85, 0x8B, 0x06, 0xC7, 0x23, 0x16, 0xF1, 0x00, 0xD1, 0x3F, 0xBA, 0x40,
	0x49, 0x61, 0x82, 0x80, 0x75, 0x71, 0xB1, 0x47, 0xB7, 0x45, 0xC0, 0x04, 0x2A, 0xC8,
	0x3E, 0xC4, 0x28, 0x00, 0x85, 0x47, 0x93, 0x85, 0x05, 0x8C, 0x06, 0xC7, 0x23, 0x16,
	0xF1, 0x00, 0x4D, 0x3F, 0xBA, 0x40, 0x49, 0x61, 0x82, 0x80, 0x85, 0x47, 0x63, 0xE7,
	0xB6, 0x00, 0x63, 0x94, 0xD5, 0x00, 0x63, 0x63, 0xA6, 0x00, 0x81, 0x47, 0x05, 0x47,
	0x63, 0xE7, 0xD5, 0x00, 0x63, 0x94, 0xB6, 0x00, 0x63, 0x63, 0xC5, 0x00, 0x01, 0x47,
	0x33, 0x85, 0xE7, 0x40, 0x05, 0x05, 0x82, 0x80, 0xB3, 0x47, 0xB5, 0x00, 0x8D, 0x8B,
	0xB3, 0x06, 0xC5, 0x00, 0x81, 0xE7, 0x8D, 0x47, 0x63, 0xEF, 0xC7, 0x00, 0xAA, 0x87,
	0x63, 0x69, 0xD5, 0x00, 0x82, 0x80, 0x03, 0xC7, 0x05, 0x00, 0x85, 0x07, 0x85, 0x05,
	0xA3, 0x8F, 0xE7, 0xFE, 0xE3, 0xEA, 0xD7, 0xFE, 0x82, 0x80, 0x93, 0x77, 0x35, 0x00,
	0xB1, 0xE7, 0xAA, 0x87, 0x13, 0xF7, 0xC6, 0xFF, 0x33, 0x08, 0xF7, 0x40, 0x13, 0x06,
	0x00, 0x02, 0x63, 0x48, 0x06, 0x09, 0x3E, 0x86, 0x2E, 0x88, 0x63, 0x69, 0xE6, 0x08,
	0x13, 0x88, 0xD7, 0xFF, 0x01, 0x46, 0x63, 0x66, 0x07, 0x01, 0x0D, 0x07, 0x1D, 0x8F,
	0x13, 0x76, 0xC7, 0xFF, 0xB2, 0x97, 0xB2, 0x95, 0xE3, 0xE2, 0xD7, 0xFC, 0x82, 0x80,
	0x03, 0xC7, 0x05, 0x00, 0x85, 0x07, 0x85, 0x05, 0xA3, 0x8F, 0xE7, 0xFE, 0x13, 0xF7,
	0x37, 0x00, 0x65, 0xFB, 0x6D, 0xBF, 0xAA, 0x87, 0xDD, 0xBF, 0x83, 0xA3, 0x05, 0x00,
	0x83, 0xA2, 0x45, 0x00, 0x83, 0xAF, 0x85, 0x00, 0x03, 0xAF, 0xC5, 0x00, 0x83, 0xAE,
	0x05, 0x01, 0x03, 0xAE, 0x45, 0x01, 0x03, 0xA3, 0x85, 0x01, 0x83, 0xA8, 0xC5, 0x01,
	0x23, 0xA0, 0x77, 0x00, 0x23, 0xA2, 0x57, 0x00, 0x03, 0xA8, 0x05, 0x02, 0x23, 0xA4,
	0xF7, 0x01, 0x23, 0xA6, 0xE7, 0x01, 0x23, 0xA8, 0xD7, 0x01, 0x23, 0xAA, 0xC7, 0x01,
	0x23, 0xAC, 0x67, 0x00, 0x23, 0xAE, 0x17, 0x01, 0x93, 0x85, 0x45, 0x02, 0x93, 0x87,
	0x47, 0x02, 0x23, 0xAE, 0x07, 0xFF, 0x33, 0x08, 0xF7, 0x40, 0xE3, 0x46, 0x06, 0xFB,
	0xB5, 0xB7, 0x83, 0x28, 0x08, 0x00, 0x11, 0x08, 0x23, 0x20, 0x16, 0x01, 0x11, 0x06,
	0x8D, 0xB7, 0x3D, 0x43, 0x2A, 0x87, 0x63, 0x73, 0xC3, 0x02, 0x93, 0x77, 0xF7, 0x00,
	0xBD, 0xEF, 0xAD, 0xE5, 0x93, 0x76, 0x06, 0xFF, 0x3D, 0x8A, 0xBA, 0x96, 0x0C, 0xC3,
	0x4C, 0xC3, 0x0C, 0xC7, 0x4C, 0xC7, 0x41, 0x07, 0xE3, 0x6B, 0xD7, 0xFE, 0x11, 0xE2,
	0x82, 0x80, 0xB3, 0x06, 0xC3, 0x40, 0x8A, 0x06, 0x97, 0x02, 0x00, 0x00, 0x96, 0x96,
	0x67, 0x80, 0xA6, 0x00, 0x23, 0x07, 0xB7, 0x00, 0xA3, 0x06, 0xB7, 0x00, 0x23, 0x06,
	0xB7, 0x00, 0xA3, 0x05, 0xB7, 0x00, 0x23, 0x05, 0xB7, 0x00, 0xA3, 0x04, 0xB7, 0x00,
	0x23, 0x04, 0xB7, 0x00, 0xA3, 0x03, 0xB7, 0x00, 0x23, 0x03, 0xB7, 0x00, 0xA3, 0x02,
	0xB7, 0x00, 0x23, 0x02, 0xB7, 0x00, 0xA3, 0x01, 0xB7, 0x00, 0x23, 0x01, 0xB7, 0x00,
	0xA3, 0x00, 0xB7, 0x00, 0x23, 0x00, 0xB7, 0x00, 0x82, 0x80, 0x93, 0xF5, 0xF5, 0x0F,
	0x93, 0x96, 0x85, 0x00, 0xD5, 0x8D, 0x93, 0x96, 0x05, 0x01, 0xD5, 0x8D, 0x61, 0xB7,
	0x93, 0x96, 0x27, 0x00, 0x97, 0x02, 0x00, 0x00, 0x96, 0x96, 0x86, 0x82, 0xE7, 0x80,
	0x86, 0xFA, 0x96, 0x80, 0xC1, 0x17, 0x1D, 0x8F, 0x3E, 0x96, 0xE3, 0x74, 0xC3, 0xF8,
	0xA5, 0xB7, 0x35, 0x71, 0xB7, 0x17, 0xC0, 0x04, 0x06, 0xCF, 0x22, 0xCD, 0x26, 0xCB,
	0x4A, 0xC9, 0x4E, 0xC7, 0x03, 0xA7, 0x87, 0x00, 0xBA, 0xDE, 0x01, 0x47, 0x48, 0x00,
	0x85, 0x45, 0x93, 0x08, 0x20, 0x0F, 0x73, 0x00, 0x00, 0x00, 0x0D, 0xC5, 0x37, 0xC7,
	0xAD, 0xDE, 0x83, 0x46, 0xF7, 0xEE, 0x93, 0x07, 0xF7, 0xEE, 0xA3, 0x07, 0x07, 0xEE,
	0x03, 0x47, 0x07, 0xEF, 0xA3, 0x80, 0x07, 0x00, 0x03, 0xC7, 0x27, 0x00, 0x23, 0x81,
	0x07, 0x00, 0x03, 0xC7, 0x37, 0x00, 0xA3, 0x81, 0x07, 0x00, 0xB7, 0x44, 0xC0, 0x04,
	0x01, 0x44, 0x11, 0x49, 0xC1, 0x69, 0x93, 0x84, 0xC4, 0x87, 0x22, 0x85, 0x93, 0x08,
	0x30, 0x0F, 0x73, 0x00, 0x00, 0x00, 0x48, 0x00, 0x4A, 0xDC, 0xA5, 0x3E, 0x2A, 0x84,
	0x7D, 0xF5, 0x92, 0x47, 0xCE, 0x97, 0x63, 0x66, 0xF9, 0x00, 0x8A, 0x07, 0xA6, 0x97,
	0x9C, 0x43, 0x82, 0x87, 0x41, 0x75, 0x13, 0x04, 0xA5, 0x00, 0xD9, 0xBF, 0xEF, 0xF0,
	0x4F, 0xC3, 0x2A, 0x84, 0xF9, 0xB7, 0xEF, 0xF0, 0x0F, 0xC3, 0xE1, 0xB7, 0x32, 0x45,
	0x10, 0x18, 0x0C, 0x08, 0xEF, 0xF0, 0x6F, 0xC2, 0xF5, 0xB7, 0x42, 0x55, 0xEF, 0xF0,
	0x4F, 0xC6, 0x55, 0xBF, 0x32, 0x46, 0xD2, 0x55, 0x42, 0x55, 0x14, 0x08, 0xEF, 0xF0,
	0x8F, 0xC5, 0xD9, 0xBF, 0x00, 0x00, 0x02, 0x1E, 0xC0, 0x04, 0x0E, 0x1E, 0xC0, 0x04,
	0x16, 0x1E, 0xC0, 0x04, 0x42, 0x1E, 0xC0, 0x04, 0x42, 0x1E, 0xC0, 0x04, 0x0E, 0x1E,
	0xC0, 0x04, 0x0E, 0x1E, 0xC0, 0x04, 0x42, 0x1E, 0xC0, 0x04, 0x42, 0x1E, 0xC0, 0x04,
	0x42, 0x1E, 0xC0, 0x04, 0x42, 0x1E, 0xC0, 0x04, 0x42, 0x1E, 0xC0, 0x04, 0xBC, 0x1E,
	0xC0, 0x04, 0x22, 0x1F, 0xC0, 0x04, 0x80, 0x20, 0xC0, 0x04, 0xCE, 0x23, 0xC0, 0x04,
	0x64, 0x22, 0xC0, 0x04, 0x22, 0x1F, 0xC0, 0x04, 0x22, 0x1F, 0xC0, 0x04, 0xDE, 0x22,
	0xC0, 0x04, 0x22, 0x1F, 0xC0, 0x04, 0x64, 0x23, 0xC0, 0x04, 0x64, 0x23, 0xC0, 0x04,
	0xE4, 0x1E, 0xC0, 0x04, 0xFE, 0x1E, 0xC0, 0x04, 0xFE, 0x1E, 0xC0, 0x04, 0x9C, 0x20,
	0xC0, 0x04, 0xEC, 0x1E, 0xC0, 0x04, 0xF8, 0x1E, 0xC0, 0x04, 0x06, 0x1F, 0xC0, 0x04,
	0x06, 0x1F, 0xC0, 0x04, 0x9E, 0x27, 0xC0, 0x04, 0xE4, 0x27, 0xC0, 0x04, 0xEC, 0x27,
	0xC0, 0x04, 0xF4, 0x27, 0xC0, 0x04, 0xFC, 0x27, 0xC0, 0x04, 0xAA, 0x27, 0xC0, 0x04,
	0x02, 0x28, 0xC0, 0x04, 0xC4, 0x25, 0xC0, 0x04, 0xC4, 0x28, 0xC0, 0x04, 0x1C, 0x29,
	0xC0, 0x04, 0x22, 0x29, 0xC0, 0x04, 0x28, 0x29, 0xC0, 0x04, 0x30, 0x29, 0xC0, 0x04,
	0xC4, 0x25, 0xC0, 0x04, 0x34, 0x29, 0xC0, 0x04, 0xC4, 0x25, 0xC0, 0x04, 0x30, 0x29,
	0xC0, 0x04, 0xC4, 0x25, 0xC0, 0x04, 0xC4, 0x25, 0xC0, 0x04, 0xC4, 0x25, 0xC0, 0x04,
	0xC4, 0x25, 0xC0, 0x04, 0xC4, 0x25, 0xC0, 0x04, 0xC4, 0x25, 0xC0, 0x04, 0x3A, 0x29,
	0xC0, 0x04, 0xC4, 0x25, 0xC0, 0x04, 0xC4, 0x25, 0xC0, 0x04, 0x40, 0x29, 0xC0, 0x04,
	0x46, 0x29, 0xC0, 0x04, 0x4C, 0x29, 0xC0, 0x04, 0x02, 0x00, 0x00, 0x00, 0x01, 0x00,
	0x00, 0x00, 0x01, 0x00, 0x00, 0x00, 0x01, 0x00, 0x00, 0x00, 0x01, 0x00, 0x00, 0x00,
	0x01, 0x00, 0x00, 0x00, 0x02, 0x00, 0x00, 0x00, 0x02, 0x00, 0x00, 0x00, 0x01, 0x00,
	0x00, 0x00, 0x01, 0x00, 0x00, 0x00, 0x02, 0x00, 0x00, 0x00, 0x02, 0x00, 0x00, 0x00,
	0x02, 0x00, 0x00, 0x00, 0x02, 0x00, 0x00, 0x00, 0x01, 0x00, 0x00, 0x00, 0x01, 0x00,
	0x00, 0x00, 0x01, 0x00, 0x00, 0x00, 0x02, 0x00, 0x00, 0x00, 0x02, 0x00, 0x00, 0x00,
	0x01, 0x00, 0x00, 0x00, 0x01, 0x00, 0x00, 0x00, 0x02, 0x00, 0x00, 0x00, 0x01, 0x00,
	0x00, 0x00, 0x02, 0x00, 0x00, 0x00, 0x02, 0x00, 0x00, 0x00, 0x01, 0x00, 0x00, 0x00,
	0x01, 0x00, 0x00, 0x00, 0x01, 0x00, 0x00, 0x00, 0x00, 0x00, 0x00, 0x00, 0x00, 0x00,
	0x00, 0x00, 0x01, 0x00, 0x00, 0x00, 0x01, 0x00, 0x00, 0x00, 0x01, 0x00, 0x00, 0x00,
	0x01, 0x00, 0x00, 0x00, 0x01, 0x00, 0x00, 0x00, 0x01, 0x00, 0x00, 0x00, 0x01, 0x00,
	0x00, 0x00, 0x01, 0x00, 0x00, 0x00, 0x00, 0x00, 0x00, 0x00, 0x01, 0x00, 0x00, 0x00,
	0x01, 0x00, 0x00, 0x00, 0x00, 0x00, 0x00, 0x00, 0x00, 0x00, 0x00, 0x00, 0x01, 0x00,
	0x00, 0x00, 0x01, 0x00, 0x00, 0x00, 0x00, 0x00, 0x00, 0x00, 0x01, 0x00, 0x00, 0x00,
	0x01, 0x00, 0x00, 0x00, 0x00, 0x00, 0x00, 0x00, 0x01, 0x00, 0x00, 0x00, 0x01, 0x00,
	0x00, 0x00, 0x01, 0x00, 0x00, 0x00, 0x01, 0x00, 0x00, 0x00, 0x01, 0x00, 0x00, 0x00,
	0x01, 0x00, 0x00, 0x00, 0x01, 0x00, 0x00, 0x00, 0x00, 0x00, 0x00, 0x00, 0x01, 0x00,
	0x00, 0x00, 0x00, 0x00, 0xA0, 0x11, 0x00, 0x00, 0xB0, 0x11, 0x00, 0x00, 0x10, 0x12,
	0x00, 0x00, 0x20, 0x12, 0xF4, 0x2A, 0xC0, 0x04, 0x16, 0x2B, 0xC0, 0x04, 0x1C, 0x2B,
	0xC0, 0x04, 0x20, 0x2B, 0xC0, 0x04, 0x24, 0x2B, 0xC0, 0x04, 0x28, 0x2B, 0xC0, 0x04,
	0x00, 0x00, 0x00, 0x00, 0x00, 0x06, 0x00, 0x00, 0xA0, 0x81, 0x01, 0x00, 0xA0, 0x85,
	0x01, 0x00, 0x3A, 0x36, 0xC0, 0x04, 0x42, 0x36, 0xC0, 0x04, 0x48, 0x36, 0xC0, 0x04,
	0x54, 0x36, 0xC0, 0x04, 0x5C, 0x36, 0xC0, 0x04, 0x00, 0x00, 0xC0, 0x11, 0x00, 0x00,
	0xD0, 0x11, 0x00, 0x00, 0x00, 0x00, 0x00, 0x00, 0x00, 0x00, 0x2D, 0x00, 0x00, 0x00,
	0x06, 0x00, 0x00, 0x00, 0x2F, 0x00, 0x00, 0x00, 0x06, 0x00, 0x00, 0x00, 0x32, 0x00,
	0x00, 0x00, 0x06, 0x00, 0x00, 0x00, 0x0B, 0x00, 0x00, 0x00, 0x08, 0x00, 0x00, 0x00,
	0x0C, 0x00, 0x00, 0x00, 0x08, 0x00, 0x00, 0x00, 0x01, 0x10, 0x00, 0x00, 0x0D, 0x00,
	0x00, 0x00, 0x02, 0x10, 0x00, 0x00, 0x0D, 0x00, 0x00, 0x00, 0x05, 0x10, 0x00, 0x00,
	0x0D, 0x00, 0x00, 0x00, 0x06, 0x10, 0x00, 0x00, 0x0D, 0x00, 0x00, 0x00, 0x07, 0x10,
	0x00, 0x00, 0x0D, 0x00, 0x00, 0x00, 0x00, 0x00, 0x00, 0x00, 0x00, 0x00, 0x00, 0x00,
	0x00, 0x00, 0x00, 0x00, 0x00, 0x00, 0x00, 0x00, 0x00, 0x00, 0x00, 0x00, 0x00, 0x00,
	0x00, 0x00, 0x00, 0x00, 0x00, 0x00, 0x00, 0x00, 0x00, 0x00, 0x00, 0x00, 0x00, 0x00,
	0x00, 0x00, 0x00, 0x00, 0x00, 0x00, 0x00, 0x00, 0x00, 0x00, 0x00, 0x00, 0x00, 0x00,
	0x00, 0x00, 0x00, 0x00, 0x00, 0x00, 0x00, 0x00, 0x00, 0x00, 0x00, 0x00, 0x00, 0x00,
	0x00, 0x00, 0x00, 0x00, 0x00, 0x00, 0x00, 0x00, 0x00, 0x00, 0x00, 0x00, 0x00, 0x00,
	0x00, 0x00, 0x00, 0x00, 0x00, 0x00, 0x00, 0x00, 0x00, 0x00, 0x00, 0x00, 0x00, 0x00,
	0x00, 0x00, 0x00, 0x00, 0x00, 0x00, 0x00, 0x00, 0x00, 0x00, 0x00, 0x00, 0x00, 0x00,
	0x00, 0x00, 0x00, 0x00, 0x00, 0x00, 0x00, 0x00, 0x00, 0x00, 0x00, 0x00, 0x00, 0x00,
	0x00, 0x00, 0x00, 0x00, 0x00, 0x00, 0x00, 0x00, 0x00, 0x00, 0x00, 0x00, 0x00, 0x00,
	0x00, 0x00, 0x00, 0x00, 0x00, 0x00, 0x00, 0x00, 0x00, 0x00, 0x00, 0x00, 0x00, 0x00,
	0x00, 0x00, 0x00, 0x00, 0x00, 0x00, 0x00, 0x00, 0x00, 0x00, 0x00, 0x00, 0x00, 0x00,
	0x00, 0x00, 0x00, 0x00, 0x00, 0x00, 0x00, 0x00, 0x00, 0x00, 0x00, 0x00, 0x00, 0x00,
	0x00, 0x00, 0x00, 0x00, 0x00, 0x00, 0x00, 0x00, 0x00, 0x00, 0x00, 0x00, 0x00, 0x00,
	0x00, 0x00, 0x00, 0x00, 0x00, 0x00, 0x00, 0x00, 0x00, 0x00, 0x00, 0x00, 0x00, 0x00,
	0x00, 0x00, 0x00, 0x00, 0x00, 0x00, 0x00, 0x00, 0x00, 0x00, 0x00, 0x00, 0x00, 0x00,
	0x00, 0x00, 0x00, 0x00, 0x00, 0x00, 0x00, 0x00, 0x00, 0x00, 0x00, 0x00, 0x00, 0x00,
	0x00, 0x00, 0x00, 0x00, 0x00, 0x00, 0x00, 0x00, 0x00, 0x00, 0x00, 0x00, 0x00, 0x00,
	0x00, 0x00, 0x00, 0x00, 0x00, 0x00, 0x00, 0x00, 0x00, 0x00, 0x00, 0x00, 0x00, 0x00,
	0x00, 0x00, 0x00, 0x00, 0x00, 0x00, 0x00, 0x00, 0x00, 0x00, 0x00, 0x00, 0x00, 0x00,
	0x00, 0x00, 0x00, 0x00, 0x00, 0x00, 0x00, 0x00, 0x00, 0x00, 0x00, 0x00, 0x00, 0x00,
	0x00, 0x00, 0x00, 0x00, 0x00, 0x00, 0x00, 0x00, 0x00, 0x00, 0x00, 0x00, 0x00, 0x00,
	0x00, 0x00, 0x00, 0x00, 0x00, 0x00, 0x00, 0x00, 0x00, 0x00, 0x00, 0x00, 0x00, 0x00,
	0x00, 0x00, 0x00, 0x00, 0x00, 0x00, 0x00, 0x00, 0x00, 0x00, 0x00, 0x00, 0x00, 0x00,
	0x00, 0x00, 0x00, 0x00, 0x00, 0x00, 0x00, 0x00, 0x00, 0x00, 0x00, 0x00, 0x00, 0x00,
	0x00, 0x00, 0x00, 0x00, 0x00, 0x00, 0x00, 0x00, 0x00, 0x00, 0x00, 0x00, 0x00, 0x00,
	0x00, 0x00, 0x00, 0x00, 0x00, 0x00, 0x00, 0x00, 0x00, 0x00, 0x00, 0x00, 0x00, 0x00,
	0x00, 0x00, 0x00, 0x00, 0x00, 0x00, 0x00, 0x00, 0x00, 0x00, 0x00, 0x00, 0x00, 0x00,
	0x00, 0x00, 0x00, 0x00, 0x00, 0x00, 0x00, 0x00, 0x00, 0x00, 0x00, 0x00, 0x00, 0x00,
	0x00, 0x00, 0x00, 0x00, 0x00, 0x00, 0x00, 0x00, 0x00, 0x00, 0x00, 0x00, 0x00, 0x00,
	0x00, 0x00, 0x00, 0x00, 0x00, 0x00, 0x00, 0x00, 0x00, 0x00, 0x00, 0x00, 0x00, 0x00,
	0x00, 0x00, 0x00, 0x00, 0x00, 0x00, 0x00, 0x00, 0x00, 0x00, 0x00, 0x00, 0x00, 0x00,
	0x00, 0x00, 0x00, 0x00, 0x00, 0x00, 0x00, 0x00, 0x00, 0x00, 0x00, 0x00, 0x00, 0x00,
	0x00, 0x00, 0x00, 0x00, 0x00, 0x00, 0x00, 0x00, 0x00, 0x00, 0x00, 0x00, 0x00, 0x00,
	0x00, 0x00, 0x00, 0x00, 0x00, 0x00, 0x00, 0x00, 0x00, 0x00, 0x00, 0x00, 0x00, 0x00,
	0x00, 0x00, 0x00, 0x00, 0x00, 0x00, 0x00, 0x00, 0x00, 0x00, 0x00, 0x00, 0x00, 0x00,
	0x00, 0x00, 0x00, 0x00, 0x00, 0x00, 0x00, 0x00, 0x00, 0x00, 0x00, 0x00, 0x00, 0x00,
	0x00, 0x00, 0x00, 0x00, 0x00, 0x00, 0x00, 0x00, 0x00, 0x00, 0x00, 0x00, 0x00, 0x00,
	0x00, 0x00, 0x00, 0x00, 0x00, 0x00, 0x00, 0x00, 0x00, 0x00, 0x00, 0x00, 0x00, 0x00,
	0x00, 0x00, 0x00, 0x00, 0x00, 0x00, 0x00, 0x00, 0x00, 0x00, 0x00, 0x00, 0x00, 0x00,
	0x00, 0x00, 0x00, 0x00, 0x00, 0x00, 0x00, 0x00, 0x00, 0x00, 0x00, 0x00, 0x00, 0x00,
	0x00, 0x00, 0x00, 0x00, 0x00, 0x00, 0x00, 0x00, 0x00, 0x00, 0x00, 0x00, 0x00, 0x00,
	0x00, 0x00, 0x00, 0x00, 0x00, 0x00, 0x00, 0x00, 0x00, 0x00, 0x00, 0x00, 0x00, 0x00,
	0x00, 0x00, 0x00, 0x00, 0x00, 0x00, 0x00, 0x00, 0x00, 0x00, 0x00, 0x00, 0x00, 0x00,
	0x00, 0x00, 0x00, 0x00, 0x00, 0x00, 0x00, 0x00, 0x00, 0x00, 0x00, 0x00, 0x00, 0x00,
	0x00, 0x00, 0x00, 0x00, 0x00, 0x00, 0x00, 0x00, 0x00, 0x00, 0x00, 0x00, 0x00, 0x00,
	0x00, 0x00, 0x00, 0x00, 0x00, 0x00, 0x00, 0x00, 0x00, 0x00, 0x00, 0x00, 0x00, 0x00,
	0x00, 0x00, 0x00, 0x00, 0x00, 0x00, 0x00, 0x00, 0x00, 0x00, 0x00, 0x00, 0x00, 0x00,
	0x00, 0x00, 0x00, 0x00, 0x00, 0x00, 0x00, 0x00, 0x00, 0x00, 0x00, 0x00, 0x00, 0x00,
	0x00, 0x00, 0x00, 0x00, 0x00, 0x00, 0x00, 0x00, 0x00, 0x00, 0x00, 0x00, 0x00, 0x00,
	0x00, 0x00, 0x00, 0x00, 0x00, 0x00, 0x00, 0x00, 0x00, 0x00, 0x00, 0x00, 0x00, 0x00,
	0x00, 0x00, 0x00, 0x00, 0x00, 0x00, 0x00, 0x00, 0x00, 0x00, 0x00, 0x00, 0x00, 0x00,
	0x00, 0x00, 0x00, 0x00, 0x00, 0x00, 0x00, 0x00, 0x00, 0x00, 0x00, 0x00, 0x00, 0x00,
	0x00, 0x00, 0x00, 0x00, 0x00, 0x00, 0x00, 0x00, 0x00, 0x00, 0x00, 0x00, 0x00, 0x00,
	0x00, 0x00, 0x00, 0x00, 0x00, 0x00, 0x00, 0x00, 0x00, 0x00, 0x00, 0x00, 0x00, 0x00,
	0x00, 0x00, 0x00, 0x00, 0x00, 0x00, 0x00, 0x00, 0x00, 0x00, 0x00, 0x00, 0x00, 0x00,
	0x00, 0x00, 0x00, 0x00, 0x00, 0x00, 0x00, 0x00, 0x00, 0x00, 0x00, 0x00, 0x00, 0x00,
	0x00, 0x00, 0x00, 0x00, 0x00, 0x00, 0x00, 0x00, 0x00, 0x00, 0x00, 0x00, 0x00, 0x00,
	0x00, 0x00, 0x00, 0x00, 0x00, 0x00, 0x00, 0x00, 0x00, 0x00, 0x00, 0x00, 0x00, 0x00,
	0x00, 0x00, 0x00, 0x00, 0x00, 0x00, 0x00, 0x00, 0x00, 0x00, 0x00, 0x00, 0x00, 0x00,
	0x00, 0x00, 0x00, 0x00, 0x00, 0x00, 0x00, 0x00, 0x00, 0x00, 0x00, 0x00, 0x00, 0x00,
	0x00, 0x00, 0x00, 0x00, 0x00, 0x00, 0x00, 0x00, 0x00, 0x00, 0x00, 0x00, 0x00, 0x00,
	0x00, 0x00, 0x00, 0x00, 0x00, 0x00, 0x00, 0x00, 0x00, 0x00, 0x00, 0x00, 0x00, 0x00,
	0x00, 0x00, 0x00, 0x00, 0x00, 0x00, 0x00, 0x00, 0x00, 0x00, 0x00, 0x00, 0x00, 0x00,
	0x00, 0x00, 0x00, 0x00, 0x00, 0x00, 0x00, 0x00, 0x00, 0x00, 0x00, 0x00, 0x00, 0x00,
	0x00, 0x00, 0x00, 0x00, 0x00, 0x00, 0x00, 0x00, 0x00, 0x00, 0x00, 0x00, 0x00, 0x00,
	0x00, 0x00, 0x00, 0x00, 0x00, 0x00, 0x00, 0x00, 0x00, 0x00, 0x00, 0x00, 0x00, 0x00,
	0x00, 0x00, 0x00, 0x00, 0x00, 0x00, 0x00, 0x00, 0x00, 0x00, 0x00, 0x00, 0x00, 0x00,
	0x00, 0x00, 0x00, 0x00, 0x00, 0x00, 0x00, 0x00, 0x00, 0x00, 0x00, 0x00, 0x00, 0x00,
	0x00, 0x00, 0x00, 0x00, 0x00, 0x00, 0x00, 0x00, 0x00, 0x00, 0x00, 0x00, 0x00, 0x00,
	0x00, 0x00, 0x00, 0x00, 0x00, 0x00, 0x00, 0x00, 0x00, 0x00, 0x00, 0x00, 0x00, 0x00,
	0x00, 0x00, 0x00, 0x00, 0x00, 0x00, 0x00, 0x00, 0x00, 0x00, 0x00, 0x00, 0x00, 0x00,
	0x00, 0x00, 0x00, 0x00, 0x00, 0x00, 0x00, 0x00, 0x00, 0x00, 0x00, 0x00, 0x00, 0x00,
	0x00, 0x00, 0x00, 0x00, 0x00, 0x00, 0x00, 0x00, 0x00, 0x00, 0x00, 0x00, 0x00, 0x00,
	0x00, 0x00, 0x00, 0x00, 0x00, 0x00, 0x00, 0x00, 0x00, 0x00, 0x00, 0x00, 0x00, 0x00,
	0x00, 0x00, 0x00, 0x00, 0x00, 0x00, 0x00, 0x00, 0x00, 0x00, 0x00, 0x00, 0x00, 0x00,
	0x00, 0x00, 0x00, 0x00, 0x00, 0x00, 0x00, 0x00, 0x00, 0x00, 0x00, 0x00, 0x00, 0x00,
	0x00, 0x00, 0x00, 0x00, 0x00, 0x00, 0x00, 0x00, 0x00, 0x00, 0x00, 0x00, 0x00, 0x00,
	0x00, 0x00, 0x00, 0x00, 0x00, 0x00, 0x00, 0x00, 0x00, 0x00, 0x00, 0x00, 0x00, 0x00,
	0x00, 0x00, 0x00, 0x00, 0x00, 0x00, 0x00, 0x00, 0x00, 0x00, 0x00, 0x00, 0x00, 0x00,
	0x00, 0x00, 0x00, 0x00, 0x00, 0x00, 0x00, 0x00, 0x00, 0x00, 0x00, 0x00, 0x00, 0x00,
	0x00, 0x00, 0x00, 0x00, 0x00, 0x00, 0x00, 0x00, 0x00, 0x00, 0x00, 0x00, 0x00, 0x00,
	0x00, 0x00, 0x00, 0x00, 0x00, 0x00, 0x00, 0x00, 0x00, 0x00, 0x00, 0x00, 0x00, 0x00,
	0x00, 0x00, 0x00, 0x00, 0x00, 0x00, 0x00, 0x00, 0x00, 0x00, 0x00, 0x00, 0x00, 0x00,
	0x00, 0x00, 0x00, 0x00, 0x00, 0x00, 0x00, 0x00, 0x00, 0x00, 0x00, 0x00, 0x00, 0x00,
	0x00, 0x00, 0x00, 0x00, 0x00, 0x00, 0x00, 0x00, 0x00, 0x00, 0x00, 0x00, 0x00, 0x00,
	0x00, 0x00, 0x00, 0x00, 0x00, 0x00, 0x00, 0x00, 0x00, 0x00, 0x00, 0x00, 0x00, 0x00,
	0x00, 0x00, 0x00, 0x00, 0x00, 0x00, 0x00, 0x00, 0x00, 0x00, 0x00, 0x00, 0x00, 0x00,
	0x00, 0x00, 0x00, 0x00, 0x00, 0x00, 0x00, 0x00, 0x00, 0x00, 0x00, 0x00, 0x00, 0x00,
	0x00, 0x00, 0x00, 0x00, 0x00, 0x00, 0x00, 0x00, 0x00, 0x00, 0x00, 0x00, 0x00, 0x00,
	0x00, 0x00, 0x00, 0x00, 0x00, 0x00, 0x00, 0x00, 0x00, 0x00, 0x00, 0x00, 0x00, 0x00,
	0x00, 0x00, 0x00, 0x00, 0x00, 0x00, 0x00, 0x00, 0x00, 0x00, 0x00, 0x00, 0x00, 0x00,
	0x00, 0x00, 0x00, 0x00, 0x00, 0x00, 0x00, 0x00, 0x00, 0x00, 0x00, 0x00, 0x00, 0x00,
	0x00, 0x00, 0x00, 0x00, 0x00, 0x00, 0x00, 0x00, 0x00, 0x00, 0x00, 0x00, 0x00, 0x00,
	0x00, 0x00, 0x00, 0x00, 0x00, 0x00, 0x00, 0x00, 0x00, 0x00, 0x00, 0x00, 0x00, 0x00,
	0x00, 0x00, 0x00, 0x00, 0x00, 0x00, 0x00, 0x00, 0x00, 0x00, 0x00, 0x00, 0x00, 0x00,
	0x00, 0x00, 0x00, 0x00, 0x00, 0x00, 0x00, 0x00, 0x00, 0x00, 0x00, 0x00, 0x00, 0x00,
	0x00, 0x00, 0x00, 0x00, 0x00, 0x00, 0x00, 0x00, 0x00, 0x00, 0x00, 0x00, 0x00, 0x00,
	0x00, 0x00, 0x00, 0x00, 0x00, 0x00, 0x00, 0x00, 0x00, 0x00, 0x00, 0x00, 0x00, 0x00,
	0x00, 0x00, 0x00, 0x00, 0x00, 0x00, 0x00, 0x00, 0x00, 0x00, 0x00, 0x00, 0x00, 0x00,
	0x00, 0x00, 0x00, 0x00, 0x00, 0x00, 0x00, 0x00, 0x00, 0x00, 0x00, 0x00, 0x00, 0x00,
	0x00, 0x00, 0x00, 0x00, 0x00, 0x00, 0x00, 0x00, 0x00, 0x00, 0x00, 0x00, 0x00, 0x00,
	0x00, 0x00, 0x00, 0x00, 0x00, 0x00, 0x00, 0x00, 0x00, 0x00, 0x00, 0x00, 0x00, 0x00,
	0x00, 0x00, 0x00, 0x00, 0x00, 0x00, 0x00, 0x00, 0x00, 0x00, 0x00, 0x00, 0x00, 0x00,
	0x00, 0x00, 0x00, 0x00, 0x00, 0x00, 0x00, 0x00, 0x00, 0x00, 0x00, 0x00, 0x00, 0x00,
	0x00, 0x00, 0x00, 0x00, 0x00, 0x00, 0x00, 0x00, 0x00, 0x00, 0x00, 0x00, 0x00, 0x00,
	0x00, 0x00, 0x00, 0x00, 0x00, 0x00, 0x00, 0x00, 0x00, 0x00, 0x00, 0x00, 0x00, 0x00,
	0x00, 0x00, 0x00, 0x00, 0x00, 0x00, 0x00, 0x00, 0x00, 0x00, 0x00, 0x00, 0x00, 0x00,
	0x00, 0x00, 0x00, 0x00, 0x00, 0x00, 0x00, 0x00, 0x00, 0x00, 0x00, 0x00, 0x00, 0x00,
	0x00, 0x00, 0x00, 0x00, 0x00, 0x00, 0x00, 0x00, 0x00, 0x00, 0x00, 0x00, 0x00, 0x00,
	0x00, 0x00, 0x00, 0x00, 0x00, 0x00, 0x00, 0x00, 0x00, 0x00, 0x00, 0x00, 0x00, 0x00,
	0x00, 0x00, 0x00, 0x00, 0x00, 0x00, 0x00, 0x00, 0x00, 0x00, 0x00, 0x00, 0x00, 0x00,
	0x00, 0x00, 0x00, 0x00, 0x00, 0x00, 0x00, 0x00, 0x00, 0x00, 0x00, 0x00, 0x00, 0x00,
	0x00, 0x00, 0x00, 0x00, 0x00, 0x00, 0x00, 0x00, 0x00, 0x00, 0x00, 0x00, 0x00, 0x00,
	0x00, 0x00, 0x00, 0x00, 0x00, 0x00, 0x00, 0x00, 0x00, 0x00, 0x00, 0x00, 0x00, 0x00,
	0x00, 0x00, 0x00, 0x00, 0x00, 0x00, 0x00, 0x00, 0x00, 0x00, 0x00, 0x00, 0x00, 0x00,
	0x00, 0x00, 0x00, 0x00, 0x00, 0x00, 0x00, 0x00, 0x00, 0x00, 0x00, 0x00, 0x00, 0x00,
	0x00, 0x00, 0x00, 0x00, 0x00, 0x00, 0x00, 0x00, 0x00, 0x00, 0x00, 0x00, 0x00, 0x00,
	0x00, 0x00, 0x00, 0x00, 0x00, 0x00, 0x00, 0x00, 0x00, 0x00, 0x00, 0x00, 0x00, 0x00,
	0x00, 0x00, 0x00, 0x00, 0x00, 0x00, 0x00, 0x00, 0x00, 0x00, 0x00, 0x00, 0x00, 0x00,
	0x00, 0x00, 0x00, 0x00, 0x00, 0x00, 0x00, 0x00, 0x00, 0x00, 0x00, 0x00, 0x00, 0x00,
	0x00, 0x00, 0x00, 0x00, 0x00, 0x00, 0x00, 0x00, 0x00, 0x00, 0x00, 0x00, 0x00, 0x00,
	0x00, 0x00, 0x00, 0x00, 0x00, 0x00, 0x00, 0x00, 0x00, 0x00, 0x00, 0x00, 0x00, 0x00,
	0x00, 0x00, 0x00, 0x00, 0x00, 0x00, 0x00, 0x00, 0x00, 0x00, 0x00, 0x00, 0x00, 0x00,
	0x00, 0x00, 0x00, 0x00, 0x00, 0x00, 0x00, 0x00, 0x00, 0x00, 0x00, 0x00, 0x00, 0x00,
	0x00, 0x00, 0x00, 0x00, 0x00, 0x00, 0x00, 0x00, 0x00, 0x00, 0x00, 0x00, 0x00, 0x00,
	0x00, 0x00, 0x00, 0x00, 0x00, 0x00, 0x00, 0x00, 0x00, 0x00, 0x00, 0x00, 0x00, 0x00,
	0x00, 0x00, 0x00, 0x00, 0x00, 0x00, 0x00, 0x00, 0x00, 0x00, 0x00, 0x00, 0x00, 0x00,
	0x00, 0x00, 0x00, 0x00, 0x00, 0x00, 0x00, 0x00, 0x00, 0x00, 0x00, 0x00, 0x00, 0x00,
	0x00, 0x00, 0x00, 0x00, 0x00, 0x00, 0x00, 0x00, 0x10, 0x12, 0xC0, 0x04, 0x6E, 0x12,
	0xC0, 0x04, 0x9E, 0x12, 0xC0, 0x04, 0xD0, 0x12, 0xC0, 0x04, 0xFE, 0x10, 0xC0, 0x04,
	0x66, 0x11, 0xC0, 0x04, 0x98, 0x11, 0xC0, 0x04, 0xD8, 0x11, 0xC0, 0x04, 0x30, 0x10,
	0xC0, 0x04, 0x86, 0x10, 0xC0, 0x04, 0xAE, 0x10, 0xC0, 0x04, 0xD4, 0x10, 0xC0, 0x04,
	0x04, 0xA6, 0xBD, 0x08, 0x3F, 0x4C, 0x90, 0x01, 0x20, 0x1D, 0x60, 0x3A, 0x64, 0xC2,
	0x2F, 0xEE, 0x27, 0xA0, 0xE9, 0x08, 0xD4, 0xEC, 0x64, 0xBC, 0xEF, 0xEC, 0x29, 0xC3,
	0xF1, 0x6F, 0xCA, 0x53, 0x72, 0x7F, 0x13, 0x15, 0xEE, 0x5E, 0xC6, 0xA3, 0xE5, 0xBB,
	0xD4, 0x0D, 0xEB, 0x09, 0xB0, 0xE7, 0x16, 0x36, 0xFF, 0x4A, 0x41, 0x65, 0x9F, 0xDA,
	0x51, 0x27, 0x50, 0xAE, 0x8E, 0x6C, 0xDD, 0xBF, 0x48, 0x9B, 0x2F, 0xC4, 0xF7, 0xAA,
	0x3E, 0x29, 0x02, 0x96, 0xB8, 0xF0, 0xCE, 0x2B, 0x87, 0xDA, 0xA2, 0xF8, 0xB4, 0xC6,
	0x62, 0x92, 0xA8, 0x87, 0x91, 0xF1, 0x57, 0xCC, 0x93, 0xFF, 0x10, 0x5F, 0x95, 0x01,
	0xBE, 0x60, 0x22, 0x72, 0xA8, 0xEA, 0xAE, 0xDE, 0x0F, 0xF0, 0xF0, 0xC9, 0xA2, 0x96,
	0xE3, 0x92, 0xED, 0x6B, 0x36, 0x56, 0x19, 0x13, 0xBC, 0xE9, 0x7A, 0x77, 0xD4, 0x8B,
	0x35, 0x54, 0xA0, 0xF2, 0xAC, 0x5B, 0x87, 0xCA, 0x60, 0x7B, 0x92, 0xE2, 0x41, 0x23,
	0x15, 0x57, 0xE4, 0x54, 0x64, 0xB3, 0x12, 0x98, 0xEB, 0x18, 0xA0, 0x31, 0xD4, 0xA4,
	0xB6, 0xE1, 0xD0, 0x0E, 0x89, 0xEC, 0x4A, 0x29, 0xB1, 0xB0, 0x20, 0xFB, 0xDE, 0xB6,
	0xA1, 0x03, 0x24, 0xED, 0x50, 0x31, 0x62, 0xE6, 0xCE, 0xA5, 0xD5, 0x24, 0xCA, 0x32,
	0x64, 0x45, 0x85, 0xE5, 0xDD, 0xF9, 0x70, 0x42, 0x15, 0x87, 0x6C, 0xAA, 0x86, 0x5E,
	0x65, 0x0A, 0x73, 0x85, 0xA0, 0x37, 0xFE, 0x78, 0x1D, 0x0B, 0x0E, 0x6C, 0x72, 0x1C,
	0x22, 0x9A, 0x51, 0xE6, 0x8D, 0x34, 0x53, 0xA4, 0xF3, 0x9E, 0x17, 0x3C, 0xAC, 0xFD,
	0x5F, 0xC3, 0x67, 0x7E, 0xAC, 0xD8, 0x1F, 0xE4, 0x40, 0x4A, 0xB4, 0xC9, 0xF6, 0xB1,
	0xFE, 0x2A, 0x04, 0x5B, 0xF1, 0x4A, 0xE9, 0x2E, 0xB2, 0x6D, 0xC7, 0x21, 0x6D, 0x45,
	0xF7, 0x64, 0xB0, 0x34, 0x66, 0x84, 0x36, 0xB3, 0x6F, 0x36, 0xC5, 0x02, 0x52, 0x52,
	0xFF, 0x28, 0x7E, 0x81, 0x2B, 0xC5, 0x93, 0xCC, 0xA3, 0x17, 0xC9, 0x9E, 0x29, 0x20,
	0xA9, 0xC7, 0x0D, 0x85, 0x89, 0x5F, 0x64, 0xB8, 0x3C, 0x2F, 0xE1, 0x2A, 0x50, 0x16,
	0xB3, 0xF4, 0x59, 0x17, 0x6B, 0x03, 0xDD, 0x10, 0x8A, 0x34, 0x4F, 0xA8, 0xDE, 0x02,
	0x4E, 0x14, 0xD3, 0xB8, 0xD8, 0xE7, 0x14, 0x2E, 0x71, 0xA8, 0x46, 0x4B, 0xF5, 0xEE,
	0xF5, 0x9F, 0x8C, 0x16, 0xF7, 0x78, 0x50, 0xD7, 0xB5, 0x48, 0x5A, 0x8A, 0x71, 0x87,
	0xA0, 0x7E, 0x15, 0x9D, 0x8B, 0x37, 0xB2, 0xC6, 0xAF, 0x6A, 0x15, 0xA7, 0x15, 0x6C,
	0x53, 0x76, 0xDC, 0xDC, 0x87, 0x4E, 0x95, 0x2B, 0xAD, 0x64, 0x09, 0x65, 0x4E, 0xAA,
	0x70, 0xC2, 0xE6, 0xCE, 0xAA, 0xE4, 0x16, 0x47, 0x52, 0xD8, 0x62, 0xDC, 0x70, 0x0F,
	0xB4, 0x32, 0xB6, 0x5C, 0xA3, 0x1E, 0x8C, 0xA7, 0x22, 0x4A, 0xA5, 0x8B, 0x59, 0x61,
	0x78, 0xE5, 0xD5, 0x14, 0xD0, 0x2B, 0xFE, 0xFE, 0x40, 0x4C, 0xBD, 0x41, 0x5E, 0x0D,
	0xFB, 0x52, 0x6A, 0x45, 0xCB, 0x30, 0xD1, 0xD9, 0xD7, 0xA9, 0x03, 0x02, 0xE1, 0xFF,
	0x80, 0x33, 0xEB, 0x5B, 0xE6, 0x2A, 0x66, 0xDD, 0x6B, 0x9A, 0xBC, 0x46, 0x77, 0xED,
	0x90, 0x81, 0xB0, 0xD3, 0x26, 0x49, 0x2F, 0xA7, 0xED, 0xF7, 0x38, 0x36, 0x02, 0xC7,
	0x72, 0xF7, 0xDB, 0x64, 0xFC, 0xBC, 0xC7, 0x6A, 0x27, 0x3B, 0x72, 0x78, 0x0B, 0x7B,
	0x55, 0x59, 0x33, 0x41, 0xF4, 0x3C, 0x5F, 0xC9, 0x46, 0x5A, 0xF7, 0xCB, 0x62, 0xA0,
	0xE8, 0x8E, 0x03, 0x3E, 0xB6, 0x07, 0xB4, 0xBD, 0x48, 0x09, 0xF1, 0xE7, 0x91, 0x15,
	0x3B, 0x82, 0xFF, 0x04, 0xE6, 0x3C, 0xD4, 0xD8, 0x03, 0xC7, 0x27, 0x0D, 0x50, 0x1E,
	0x94, 0xBC, 0x57, 0xF7, 0x91, 0x0F, 0x41, 0x0E, 0x33,
};
