/*
 * Copyright (c) Advanced Micro Devices, Inc. All rights reserved.
 *
 * Permission is hereby granted, free of charge, to any person obtaining a
 * copy of this software and associated documentation files (the "Software"),
 * to deal in the Software without restriction, including without limitation
 * the rights to use, copy, modify, merge, publish, distribute, sublicense,
 * and/or sell copies of the Software, and to permit persons to whom the
 * Software is furnished to do so, subject to the following conditions:
 *
 * The above copyright notice and this permission notice shall be included in
 * all copies or substantial portions of the Software.
 *
 * THE SOFTWARE IS PROVIDED "AS IS", WITHOUT WARRANTY OF ANY KIND, EXPRESS OR
 * IMPLIED, INCLUDING BUT NOT LIMITED TO THE WARRANTIES OF MERCHANTABILITY,
 * FITNESS FOR A PARTICULAR PURPOSE AND NONINFRINGEMENT.  IN NO EVENT SHALL
 * THE COPYRIGHT HOLDER(S) OR AUTHOR(S) BE LIABLE FOR ANY CLAIM, DAMAGES OR
 * OTHER LIABILITY, WHETHER IN AN ACTION OF CONTRACT, TORT OR OTHERWISE,
 * ARISING FROM, OUT OF OR IN CONNECTION WITH THE SOFTWARE OR THE USE OR
 * OTHER DEALINGS IN THE SOFTWARE.
 *
 */
//-------------------------------------------------------------------------
//  Description:
//      This file provides an array of hard-coded micro-instructions
//      for the F32 RISC processor.
//      It is assembled by f32asm_mt
//-------------------------------------------------------------------------

#ifndef RLC_UCODE_H
#define RLC_UCODE_H

#define RLC_UCODE_VERSION "#100"

#define RLC_FEATURE_VERSION 1

#define RLC_UCODE_SIZE			  6144 /* size in DWORDs of only ucode (signing overhead not included) */
#define RLC_UCODE_SIZE_SIGNED_BYTES	  25088 /* size in bytes of signed ucode */
#define RLC_UCODE_SIZE_SIGNED_BODY_OFFSET 256	/* size in bytes of signature header */

#define RLC_UCODE_JT_OFFSET 6144 /* in DWORDs from start of ucode*/

#define RLC_UCODE_JT_SIZE 0 /* size in DWORDs of jumptable included in ucode */

#define RLC_RegisterRestoreListSize 0x13a
#define RLC_RegisterListFormatStart 0x13b
#define RLC_StartingOffsetsStart    0x17b

static const unsigned char aRLC_Ucode[RLC_UCODE_SIZE_SIGNED_BYTES] = {
	0xdb, 0x9c, 0x67, 0x62, 0x58, 0xb5, 0x4a, 0xc2, 0xab, 0x80, 0xf4, 0xdd, 0x66, 0xe4,
	0x41, 0xcb, 0x24, 0x50, 0x53, 0x31, 0x00, 0x60, 0x00, 0x00, 0x00, 0x00, 0x00, 0x00,
	0x00, 0x00, 0x00, 0x00, 0x00, 0x00, 0x00, 0x00, 0x00, 0x00, 0x00, 0x00, 0x00, 0x00,
	0x00, 0x00, 0x00, 0x00, 0x00, 0x00, 0x01, 0x00, 0x00, 0x00, 0x00, 0x00, 0x00, 0x00,
	0x29, 0x8b, 0x26, 0x88, 0x39, 0x74, 0x4d, 0x15, 0xaf, 0xef, 0x32, 0xe0, 0x2e, 0x25,
	0x43, 0x22, 0x00, 0x00, 0x00, 0x00, 0x01, 0x00, 0x00, 0x00, 0x00, 0x00, 0x00, 0x00,
	0x00, 0x00, 0x00, 0x00, 0x09, 0x20, 0x01, 0x81, 0x00, 0x00, 0x00, 0x00, 0x64, 0x00,
	0x00, 0x00, 0xff, 0xff, 0xff, 0xff, 0x00, 0x00, 0x00, 0x00, 0x00, 0x62, 0x00, 0x00,
	0x00, 0x00, 0x00, 0x00, 0x00, 0x00, 0x00, 0x00, 0x00, 0x00, 0x00, 0x00, 0x00, 0x00,
	0x00, 0x00, 0x00, 0x00, 0x00, 0x00, 0x00, 0x00, 0x00, 0x00, 0x00, 0x00, 0x00, 0x00,
	0x00, 0x00, 0x00, 0x00, 0x00, 0x00, 0x00, 0x00, 0x00, 0x00, 0x00, 0x00, 0x00, 0x00,
	0x00, 0x00, 0x00, 0x00, 0x00, 0x00, 0x00, 0x00, 0x00, 0x00, 0x00, 0x00, 0x00, 0x00,
	0x00, 0x00, 0x00, 0x00, 0x00, 0x00, 0x00, 0x00, 0x00, 0x00, 0x00, 0x00, 0x00, 0x00,
	0x00, 0x00, 0x00, 0x00, 0x00, 0x00, 0x00, 0x00, 0x00, 0x00, 0x00, 0x00, 0x00, 0x00,
	0x00, 0x00, 0x00, 0x00, 0x00, 0x00, 0x00, 0x00, 0x00, 0x00, 0x00, 0x00, 0xdf, 0x32,
	0x7b, 0x5e, 0x80, 0x1b, 0x75, 0x7f, 0x32, 0x81, 0xa5, 0xb5, 0x84, 0x0a, 0x81, 0x59,
	0xa9, 0xbf, 0x2f, 0xee, 0x5a, 0xb7, 0xcb, 0x07, 0x62, 0xcf, 0x33, 0xf8, 0x9d, 0xbb,
	0x24, 0x67, 0x00, 0x00, 0x00, 0x00, 0x00, 0x00, 0x00, 0x00, 0x00, 0x00, 0x00, 0x00,
	0x00, 0x00, 0x00, 0x00, 0x15, 0x00, 0x08, 0xc4, 0x02, 0x00, 0x8c, 0x30, 0xa8, 0x17,
	0xc0, 0x98, 0x04, 0x20, 0x00, 0x80, 0x07, 0x00, 0x40, 0xd8, 0x64, 0x00, 0x08, 0xc0,
	0x02, 0x00, 0x80, 0xcc, 0x1b, 0x01, 0x08, 0xc0, 0xb0, 0xec, 0x83, 0xcc, 0x90, 0x00,
	0x3c, 0xc0, 0x5d, 0x37, 0x00, 0x8c, 0x11, 0x00, 0x08, 0xc0, 0xa0, 0x00, 0x80, 0xcc,
	0x6e, 0x00, 0x09, 0xc0, 0x36, 0xef, 0x81, 0xcc, 0x45, 0x37, 0x00, 0x8c, 0xff, 0x00,
	0x08, 0xc0, 0x86, 0xee, 0x83, 0xcc, 0x27, 0x01, 0x03, 0xd8, 0x17, 0xee, 0x0b, 0xc4,
	0x02, 0x00, 0x8c, 0x24, 0x03, 0x00, 0xc0, 0x98, 0x01, 0x00, 0x08, 0xc0, 0x97, 0x37,
	0x00, 0x8c, 0xfc, 0x31, 0x00, 0x8c, 0x7c, 0xec, 0x03, 0xd8, 0x93, 0x00, 0x03, 0xd8,
	0x0c, 0x01, 0x03, 0xd8, 0xdd, 0x00, 0x03, 0xd8, 0xd5, 0x00, 0x03, 0xd8, 0xd7, 0x00,
	0x03, 0xd8, 0xd1, 0x00, 0x03, 0xd8, 0xe4, 0x00, 0x03, 0xd8, 0x97, 0x00, 0x03, 0xd8,
	0x87, 0x00, 0x03, 0xd8, 0xda, 0x00, 0x03, 0xd8, 0xa1, 0x00, 0x03, 0xcc, 0x16, 0xee,
	0x0b, 0xc4, 0x01, 0x00, 0x8c, 0x14, 0x01, 0x00, 0xcc, 0x24, 0x02, 0x00, 0xc0, 0x94,
	0xa1, 0x00, 0x43, 0xd8, 0xea, 0x28, 0x00, 0x8c, 0xef, 0x00, 0x43, 0xd8, 0x7b, 0x20,
	0x00, 0x8c, 0x17, 0xee, 0x0b, 0xc4, 0x02, 0x00, 0x8c, 0x24, 0x06, 0x00, 0xc0, 0x94,
	0xff, 0xbf, 0x09, 0xc0, 0x7c, 0xec, 0x83, 0xcc, 0x91, 0x00, 0x3c, 0xc0, 0x5d, 0x37,
	0x00, 0x8c, 0x79, 0x25, 0x00, 0x80, 0x83, 0x01, 0x03, 0xd8, 0x24, 0x01, 0x03, 0xd8,
	0x25, 0x01, 0x03, 0xd8, 0x26, 0x01, 0x03, 0xd8, 0xb8, 0x21, 0x00, 0x8c, 0xf3, 0x20,
	0x00, 0x8c, 0x40, 0x21, 0x00, 0x8c, 0x83, 0x21, 0x00, 0x8c, 0x33, 0x37, 0x00, 0x8c,
	0x00, 0x00, 0x08, 0xc0, 0x00, 0x00, 0x0b, 0xcc, 0x01, 0x00, 0x88, 0x04, 0xa0, 0x00,
	0x8c, 0x3c, 0xfd, 0xff, 0xcf, 0x94, 0xd0, 0x00, 0x08, 0xc0, 0x00, 0x00, 0x0b, 0xcc,
	0x01, 0x00, 0x88, 0x04, 0x39, 0x01, 0x8c, 0x3c, 0xfd, 0xff, 0xcf, 0x94, 0x00, 0x00,
	0x20, 0xc0, 0x1f, 0x00, 0x08, 0xc0, 0x00, 0x00, 0x0c, 0xc0, 0xd0, 0x34, 0x00, 0x8c,
	0x00, 0x00, 0x1c, 0xc0, 0x01, 0x00, 0x20, 0xc0, 0x4b, 0xec, 0x24, 0xc0, 0x13, 0x35,
	0x00, 0x8c, 0x00, 0x00, 0x1c, 0xc0, 0x01, 0x00, 0x20, 0xc0, 0x6e, 0xec, 0x24, 0xc0,
	0x13, 0x35, 0x00, 0x8c, 0x01, 0x00, 0x14, 0xc0, 0x11, 0x25, 0x00, 0x8c, 0xe9, 0xee,
	0x13, 0xc4, 0x02, 0x00, 0x10, 0x29, 0xe9, 0xee, 0x03, 0xcd, 0x82, 0xee, 0x3f, 0xc4,
	0x00, 0x40, 0x12, 0xc0, 0x0a, 0xc0, 0xd3, 0x7f, 0x82, 0xee, 0xc3, 0xcf, 0x00, 0x00,
	0x14, 0xc0, 0x11, 0x25, 0x00, 0x8c, 0x06, 0x00, 0x10, 0xc0, 0x05, 0x00, 0x10, 0x41,
	0xd2, 0x00, 0x03, 0xcd, 0xf8, 0x34, 0x00, 0x8c, 0x15, 0x00, 0x40, 0x95, 0x03, 0x00,
	0x20, 0xc0, 0x40, 0x00, 0x08, 0xc0, 0x30, 0x00, 0x0c, 0xc0, 0xdd, 0x34, 0x00, 0x8c,
	0x00, 0x00, 0x1c, 0xc0, 0x00, 0x00, 0x20, 0xc0, 0xd7, 0x24, 0x24, 0xc0, 0x13, 0x35,
	0x00, 0x8c, 0x00, 0x00, 0x08, 0xc0, 0x40, 0x00, 0x0c, 0xc0, 0x01, 0x00, 0x20, 0xc0,
	0xdd, 0x34, 0x00, 0x8c, 0x00, 0x00, 0x1c, 0xc0, 0x01, 0x00, 0x20, 0xc0, 0xd7, 0x24,
	0x24, 0xc0, 0x13, 0x35, 0x00, 0x8c, 0x00, 0x00, 0x1c, 0xc0, 0x01, 0x00, 0x20, 0xc0,
	0x6e, 0xec, 0x24, 0xc0, 0x13, 0x35, 0x00, 0x8c, 0x91, 0x00, 0x3c, 0xc0, 0x5d, 0x37,
	0x00, 0x8c, 0xbc, 0x21, 0x00, 0x80, 0x00, 0xe0, 0x0a, 0xc0, 0x00, 0x20, 0x88, 0x28,
	0xff, 0x00, 0x0c, 0xc0, 0x00, 0x00, 0xc9, 0xcc, 0x00, 0xe0, 0x0a, 0xc0, 0x69, 0x22,
	0x88, 0x28, 0xff, 0x05, 0x0c, 0xc0, 0x00, 0x00, 0xc9, 0xcc, 0x00, 0xe0, 0x0a, 0xc0,
	0x85, 0x22, 0x88, 0x28, 0x88, 0x00, 0x0e, 0xc0, 0x07, 0x00, 0xcc, 0x28, 0x00, 0x00,
	0xc9, 0xcc, 0x00, 0xe0, 0x0a, 0xc0, 0x1a, 0x23, 0x88, 0x28, 0x00, 0x00, 0x09, 0xd8,
	0x00, 0xe0, 0x0a, 0xc0, 0xf6, 0x24, 0x88, 0x28, 0x12, 0x00, 0x0c, 0xc0, 0x00, 0x00,
	0xc9, 0xcc, 0x00, 0xe0, 0x0a, 0xc0, 0x45, 0x25, 0x88, 0x28, 0x04, 0x00, 0x0e, 0xc0,
	0x00, 0x00, 0xc9, 0xcc, 0x00, 0xe0, 0x0a, 0xc0, 0x25, 0x25, 0x88, 0x28, 0x00, 0x00,
	0x49, 0xd8, 0x00, 0xe0, 0x0a, 0xc0, 0x7a, 0x26, 0x88, 0x28, 0x00, 0x00, 0x0d, 0xc0,
	0x00, 0x00, 0xc9, 0xcc, 0x00, 0xe0, 0x0a, 0xc0, 0x7b, 0x26, 0x88, 0x28, 0xff, 0xff,
	0x0d, 0xc0, 0x00, 0x00, 0xc9, 0xcc, 0x00, 0xe0, 0x0a, 0xc0, 0x7c, 0x26, 0x88, 0x28,
	0x88, 0xf8, 0x0e, 0xc0, 0xf0, 0xff, 0xcc, 0x28, 0x00, 0x00, 0xc9, 0xcc, 0x00, 0xe0,
	0x0a, 0xc0, 0x7d, 0x26, 0x88, 0x28, 0x88, 0xf8, 0x0e, 0xc0, 0x00, 0x00, 0xc9, 0xcc,
	0x00, 0xe0, 0x0a, 0xc0, 0x7e, 0x26, 0x88, 0x28, 0x00, 0xfc, 0x0e, 0xc0, 0x80, 0xff,
	0xcc, 0x28, 0x00, 0x00, 0xc9, 0xcc, 0x00, 0xe0, 0x0a, 0xc0, 0x7f, 0x26, 0x88, 0x28,
	0xc0, 0xc0, 0x0e, 0xc0, 0xe0, 0xe0, 0xcc, 0x28, 0x00, 0x00, 0xc9, 0xcc, 0x00, 0xe0,
	0x0a, 0xc0, 0x80, 0x26, 0x88, 0x28, 0x00, 0xf0, 0x0e, 0xc0, 0x88, 0xf8, 0xcc, 0x28,
	0x00, 0x00, 0xc9, 0xcc, 0x00, 0xe0, 0x0a, 0xc0, 0x81, 0x26, 0x88, 0x28, 0x88, 0x88,
	0x0c, 0xc0, 0x00, 0x00, 0xc9, 0xcc, 0x00, 0xe0, 0x0a, 0xc0, 0x0d, 0x26, 0x88, 0x28,
	0x00, 0x04, 0x0c, 0xc0, 0x00, 0x00, 0xc9, 0xcc, 0x00, 0xe0, 0x0a, 0xc0, 0x0e, 0x26,
	0x88, 0x28, 0x00, 0x80, 0x0e, 0xc0, 0x00, 0x04, 0xcc, 0x28, 0x00, 0x00, 0xc9, 0xcc,
	0x00, 0xe0, 0x0a, 0xc0, 0x31, 0x26, 0x88, 0x28, 0x00, 0x08, 0x0c, 0xc0, 0x00, 0x00,
	0xc9, 0xcc, 0x00, 0xe0, 0x0a, 0xc0, 0x60, 0xa9, 0x88, 0x28, 0x48, 0x55, 0x0e, 0xc0,
	0x00, 0x01, 0xcc, 0x28, 0x00, 0x00, 0xc9, 0xcc, 0x00, 0xe0, 0x0a, 0xc0, 0x42, 0xa9,
	0x88, 0x28, 0x0c, 0x44, 0x0e, 0xc0, 0x00, 0x20, 0xcc, 0x28, 0x00, 0x00, 0xc9, 0xcc,
	0x00, 0xe0, 0x0a, 0xc0, 0x44, 0xa9, 0x88, 0x28, 0x88, 0x01, 0x0c, 0xc0, 0x00, 0x00,
	0xc9, 0xcc, 0x00, 0xe0, 0x0a, 0xc0, 0x4d, 0xb9, 0x88, 0x28, 0x01, 0x00, 0x0e, 0xc0,
	0x00, 0x00, 0xc9, 0xcc, 0x00, 0xe0, 0x0a, 0xc0, 0xa3, 0xb9, 0x88, 0x28, 0x0a, 0x20,
	0x0c, 0xc0, 0x00, 0x00, 0xc9, 0xcc, 0x00, 0xe0, 0x0a, 0xc0, 0x90, 0xb9, 0x88, 0x28,
	0xf0, 0x00, 0x0e, 0xc0, 0x00, 0x85, 0xcc, 0x28, 0x00, 0x00, 0xc9, 0xcc, 0x00, 0xe0,
	0x0a, 0xc0, 0x03, 0xce, 0x88, 0x28, 0xcf, 0xff, 0x0d, 0xc0, 0x00, 0x00, 0xc9, 0xcc,
	0x00, 0xe0, 0x0a, 0xc0, 0x21, 0xce, 0x88, 0x28, 0xcf, 0xff, 0x0d, 0xc0, 0x00, 0x00,
	0xc9, 0xcc, 0x00, 0xe0, 0x0a, 0xc0, 0x86, 0xf0, 0x88, 0x28, 0x10, 0x00, 0x0c, 0xc0,
	0x00, 0x00, 0xc9, 0xcc, 0x00, 0xe0, 0x0a, 0xc0, 0x87, 0xf0, 0x88, 0x28, 0x10, 0x00,
	0x0c, 0xc0, 0x00, 0x00, 0xc9, 0xcc, 0x00, 0x00, 0x00, 0x90, 0x82, 0x00, 0x08, 0xc4,
	0xa1, 0x00, 0x27, 0xc4, 0x03, 0x00, 0x40, 0x96, 0x01, 0x00, 0x0c, 0xc0, 0x36, 0x21,
	0x00, 0x8c, 0x48, 0xec, 0x1b, 0xc4, 0x0a, 0x00, 0x8c, 0x15, 0x01, 0x00, 0xcc, 0x24,
	0xd9, 0xee, 0xc3, 0xcc, 0x50, 0x00, 0x0a, 0xc0, 0xfa, 0xff, 0x88, 0x28, 0x53, 0x28,
	0x00, 0x8c, 0x3d, 0x28, 0x00, 0x8c, 0x02, 0x00, 0x8c, 0x15, 0x07, 0x00, 0xcc, 0x24,
	0x04, 0x00, 0x90, 0x15, 0x38, 0x00, 0x10, 0x25, 0x0a, 0xc0, 0xd0, 0x7c, 0x04, 0x00,
	0xcc, 0x2c, 0x0f, 0x00, 0x0a, 0xc0, 0xfa, 0xff, 0x88, 0x28, 0x53, 0x28, 0x00, 0x8c,
	0x48, 0xec, 0x1b, 0xc4, 0x04, 0x00, 0x8c, 0x25, 0x02, 0x00, 0xcc, 0x14, 0x01, 0x00,
	0xcc, 0x2c, 0xa1, 0x00, 0xc3, 0xcc, 0x40, 0x00, 0x8c, 0x25, 0x06, 0x00, 0xcc, 0x14,
	0x05, 0x00, 0x0a, 0xc0, 0xfa, 0xff, 0x88, 0x28, 0x53, 0x28, 0x00, 0x8c, 0x3d, 0x28,
	0x00, 0x8c, 0x43, 0x28, 0x00, 0x8c, 0x48, 0xec, 0x1b, 0xc4, 0x00, 0x01, 0x8c, 0x25,
	0x08, 0x00, 0xd4, 0x14, 0x04, 0x00, 0x8c, 0x25, 0x02, 0x00, 0xcc, 0x14, 0x6b, 0xee,
	0x0b, 0xc4, 0x7f, 0xff, 0x13, 0xc0, 0x09, 0x80, 0x90, 0x7c, 0xdf, 0xff, 0x13, 0xc0,
	0x09, 0x80, 0x90, 0x7c, 0x17, 0x00, 0x54, 0x11, 0x15, 0x00, 0xcc, 0x10, 0x0a, 0xc0,
	0xd4, 0x7c, 0x0a, 0x80, 0x8c, 0x7c, 0xad, 0xff, 0x0e, 0xc0, 0xfa, 0xff, 0xcc, 0x28,
	0x09, 0x80, 0x8c, 0x7c, 0x6b, 0xee, 0x83, 0xcc, 0x00, 0x00, 0x00, 0x90, 0x01, 0x00,
	0x0c, 0xc0, 0xd9, 0xee, 0x03, 0xcd, 0x50, 0x00, 0x0a, 0xc0, 0xfa, 0xff, 0x88, 0x28,
	0x53, 0x28, 0x00, 0x8c, 0x3d, 0x28, 0x00, 0x8c, 0x00, 0x00, 0x00, 0x90, 0x00, 0x00,
	0x00, 0x90, 0x00, 0x00, 0x0a, 0xc0, 0x3c, 0x21, 0x00, 0x80, 0x02, 0x00, 0x0a, 0xc0,
	0x3c, 0x21, 0x00, 0x80, 0x09, 0x00, 0x0a, 0xc0, 0x3c, 0x21, 0x00, 0x80, 0x03, 0x00,
	0x0a, 0xc0, 0x3c, 0x21, 0x00, 0x80, 0x04, 0x00, 0x0a, 0xc0, 0x3c, 0x21, 0x00, 0x80,
	0x05, 0x00, 0x0a, 0xc0, 0x3c, 0x21, 0x00, 0x80, 0xfa, 0xff, 0x88, 0x28, 0x53, 0x28,
	0x00, 0x8c, 0x3d, 0x28, 0x00, 0x8c, 0x00, 0x00, 0x00, 0x90, 0x49, 0x22, 0x0d, 0xc4,
	0x92, 0xfb, 0x11, 0xc4, 0x0a, 0xc0, 0xd0, 0x7c, 0x08, 0x00, 0xd0, 0x14, 0x3f, 0x00,
	0x10, 0x25, 0x3d, 0x00, 0x00, 0x95, 0x01, 0x00, 0x14, 0x15, 0x0a, 0x00, 0x51, 0x7d,
	0x00, 0x00, 0x18, 0xc0, 0x01, 0x00, 0x08, 0xc0, 0x00, 0x00, 0x20, 0xc0, 0x09, 0x40,
	0x09, 0x7d, 0x05, 0x40, 0x61, 0x7d, 0x0a, 0x80, 0x95, 0x7d, 0x10, 0x00, 0x9c, 0x3c,
	0x04, 0x00, 0xc0, 0x99, 0x01, 0x00, 0x20, 0x06, 0x02, 0x00, 0x88, 0x10, 0x4b, 0x21,
	0x00, 0x80, 0x01, 0x00, 0xa0, 0x25, 0x03, 0x00, 0x00, 0x9a, 0x01, 0x00, 0x20, 0xc0,
	0x70, 0x21, 0x00, 0x80, 0x02, 0x00, 0xa0, 0x25, 0x03, 0x00, 0x00, 0x9a, 0x03, 0x00,
	0x20, 0xc0, 0x70, 0x21, 0x00, 0x80, 0x04, 0x00, 0xa0, 0x25, 0x03, 0x00, 0x00, 0x9a,
	0x05, 0x00, 0x20, 0xc0, 0x70, 0x21, 0x00, 0x80, 0x08, 0x00, 0xa0, 0x25, 0x03, 0x00,
	0x00, 0x9a, 0x07, 0x00, 0x20, 0xc0, 0x70, 0x21, 0x00, 0x80, 0x10, 0x00, 0xa0, 0x25,
	0x03, 0x00, 0x00, 0x9a, 0x09, 0x00, 0x20, 0xc0, 0x70, 0x21, 0x00, 0x80, 0x20, 0x00,
	0xa0, 0x25, 0x03, 0x00, 0x00, 0x9a, 0x0b, 0x00, 0x20, 0xc0, 0x70, 0x21, 0x00, 0x80,
	0x40, 0x00, 0xa0, 0x25, 0x03, 0x00, 0x00, 0x9a, 0x0d, 0x00, 0x20, 0xc0, 0x70, 0x21,
	0x00, 0x80, 0x0f, 0x00, 0x20, 0xc0, 0x00, 0x00, 0x1c, 0xc0, 0x01, 0x00, 0x0c, 0xc0,
	0x08, 0xfa, 0x11, 0xc4, 0xff, 0xff, 0x15, 0xc0, 0x09, 0x80, 0x8c, 0x7d, 0x07, 0x00,
	0x80, 0x94, 0x0f, 0x00, 0x08, 0xc0, 0x04, 0x80, 0x9c, 0x7c, 0x0b, 0x80, 0x48, 0x7d,
	0x09, 0x00, 0x09, 0x7d, 0x04, 0x80, 0x1c, 0x7e, 0x0a, 0x00, 0x09, 0x7d, 0x01, 0x00,
	0xcc, 0x10, 0x04, 0x00, 0xdc, 0x05, 0x01, 0x00, 0x64, 0x06, 0x00, 0x01, 0xc8, 0x30,
	0xf4, 0xff, 0x8f, 0x94, 0xa6, 0x21, 0x00, 0x8c, 0x00, 0x00, 0x00, 0x90, 0x49, 0x22,
	0x15, 0xc4, 0x92, 0xfb, 0x19, 0xc4, 0x0a, 0x40, 0x59, 0x7d, 0x08, 0x00, 0x58, 0x15,
	0x3f, 0x00, 0x98, 0x25, 0x13, 0x00, 0x80, 0x95, 0x00, 0x00, 0x3c, 0xc0, 0x1a, 0x00,
	0xf8, 0x13, 0x03, 0x00, 0x94, 0x25, 0x03, 0x00, 0x54, 0x31, 0x0a, 0x00, 0x40, 0x95,
	0x4c, 0xef, 0x97, 0xc7, 0x02, 0x00, 0x54, 0x29, 0x4c, 0xef, 0x7b, 0xcd, 0x4c, 0xef,
	0x97, 0xc7, 0x02, 0x00, 0x54, 0x25, 0xfe, 0xff, 0x4f, 0x95, 0x4c, 0xef, 0x97, 0xc7,
	0x07, 0x00, 0x54, 0x29, 0x4c, 0xef, 0x7b, 0xcd, 0x02, 0x00, 0x98, 0x15, 0x01, 0x00,
	0xfc, 0x07, 0x03, 0x00, 0xf8, 0x33, 0xf0, 0xff, 0x8f, 0x97, 0x00, 0x00, 0x00, 0x90,
	0x1a, 0x00, 0x6c, 0x12, 0x0a, 0x00, 0xaf, 0x7e, 0x00, 0x00, 0x2d, 0xc7, 0x03, 0x00,
	0xec, 0x2a, 0x00, 0x00, 0xf1, 0xce, 0x00, 0x00, 0x35, 0xc7, 0x0c, 0x40, 0xf7, 0x7e,
	0xfe, 0xff, 0x4f, 0x97, 0x00, 0x00, 0x00, 0x90, 0x00, 0x00, 0x00, 0x90, 0x08, 0xfa,
	0x01, 0xcd, 0x08, 0xfa, 0x09, 0xc4, 0x0c, 0x80, 0x90, 0x7c, 0xfe, 0xff, 0x8f, 0x94,
	0x7f, 0x01, 0x03, 0xcd, 0x00, 0x00, 0x00, 0x90, 0x7f, 0x01, 0x1b, 0xc4, 0x01, 0x00,
	0x20, 0xc0, 0x04, 0x00, 0x34, 0x41, 0x04, 0x00, 0x36, 0x7e, 0x09, 0x80, 0xa1, 0x7d,
	0x00, 0x00, 0x00, 0x90, 0x7f, 0x01, 0x3b, 0xc4, 0x01, 0x00, 0x24, 0xc0, 0x04, 0x00,
	0x34, 0x41, 0x04, 0x40, 0x76, 0x7e, 0x09, 0x80, 0xa7, 0x7f, 0x00, 0x00, 0x00, 0x90,
	0xa8, 0xec, 0x12, 0xc0, 0x20, 0x64, 0x10, 0x29, 0xa6, 0x21, 0x00, 0x8c, 0x00, 0x00,
	0x00, 0x90, 0x07, 0x00, 0x00, 0xd8, 0x01, 0x80, 0x40, 0x7c, 0x07, 0x00, 0x40, 0xd8,
	0xc0, 0x21, 0x88, 0x04, 0x00, 0x00, 0x80, 0x84, 0xe1, 0x21, 0x00, 0x80, 0xef, 0x21,
	0x00, 0x80, 0xe8, 0x21, 0x00, 0x80, 0xc4, 0x34, 0x00, 0x80, 0x0d, 0x22, 0x00, 0x80,
	0x1a, 0x22, 0x00, 0x80, 0x47, 0x22, 0x00, 0x80, 0xed, 0x33, 0x00, 0x80, 0x1f, 0x34,
	0x00, 0x80, 0xeb, 0x22, 0x00, 0x80, 0x8c, 0x34, 0x00, 0x80, 0x4f, 0x37, 0x00, 0x80,
	0xbc, 0x21, 0x00, 0x80, 0x22, 0x24, 0x00, 0x80, 0xbc, 0x21, 0x00, 0x80, 0x32, 0x23,
	0x00, 0x80, 0x5a, 0x23, 0x00, 0x80, 0xc9, 0x23, 0x00, 0x80, 0xdc, 0x23, 0x00, 0x80,
	0x4f, 0x22, 0x00, 0x80, 0x66, 0x22, 0x00, 0x80, 0x73, 0x22, 0x00, 0x80, 0x9d, 0x22,
	0x00, 0x80, 0xcc, 0x23, 0x00, 0x80, 0xde, 0x23, 0x00, 0x80, 0xb6, 0x24, 0x00, 0x80,
	0xc4, 0x24, 0x00, 0x80, 0xb9, 0x22, 0x00, 0x80, 0xc2, 0x22, 0x00, 0x80, 0xda, 0x22,
	0x00, 0x80, 0xab, 0x23, 0x00, 0x80, 0xb7, 0x23, 0x00, 0x80, 0x80, 0xa9, 0x3f, 0xc4,
	0x01, 0x00, 0x2c, 0xc0, 0xf6, 0x21, 0x00, 0x8c, 0x02, 0x00, 0x40, 0x97, 0xbb, 0x26,
	0x00, 0x80, 0x80, 0xa9, 0x43, 0xce, 0xbc, 0x21, 0x00, 0x80, 0x02, 0xee, 0x3f, 0xc4,
	0x02, 0x00, 0x2c, 0xc0, 0xf6, 0x21, 0x00, 0x8c, 0x02, 0x00, 0x40, 0x97, 0xbb, 0x26,
	0x00, 0x80, 0x02, 0xee, 0x43, 0xce, 0xbc, 0x21, 0x00, 0x80, 0x03, 0xee, 0x3f, 0xc4,
	0x04, 0x00, 0x2c, 0xc0, 0xf6, 0x21, 0x00, 0x8c, 0x02, 0x00, 0x40, 0x97, 0xbb, 0x26,
	0x00, 0x80, 0x03, 0xee, 0x43, 0xce, 0xbc, 0x21, 0x00, 0x80, 0x00, 0x00, 0x34, 0xc0,
	0x01, 0x00, 0xcc, 0x33, 0xde, 0x00, 0x2b, 0xc4, 0x09, 0x00, 0xc0, 0x94, 0x1e, 0x00,
	0xc3, 0x7e, 0x09, 0x80, 0xb2, 0x7e, 0xde, 0x00, 0x83, 0xce, 0x03, 0x00, 0x80, 0x9a,
	0x00, 0x00, 0x24, 0xc0, 0x00, 0x00, 0x00, 0x90, 0x00, 0x01, 0x24, 0xc0, 0x00, 0x00,
	0x00, 0x90, 0x0a, 0x00, 0xae, 0x7e, 0xde, 0x00, 0x03, 0xce, 0x03, 0x00, 0x80, 0x96,
	0x02, 0x00, 0x24, 0xc0, 0x00, 0x00, 0x00, 0x90, 0x6c, 0xee, 0x03, 0xcc, 0xd7, 0x00,
	0x03, 0xd8, 0xd3, 0x00, 0x03, 0xd8, 0x0a, 0x40, 0xc3, 0x7e, 0xdf, 0x00, 0x43, 0xcf,
	0x00, 0x00, 0x00, 0x90, 0x80, 0xee, 0x2b, 0xc4, 0x10, 0x00, 0xa8, 0x16, 0xff, 0x01,
	0xa8, 0x26, 0x01, 0x00, 0x08, 0x28, 0x7f, 0xee, 0x0f, 0xc4, 0xff, 0x00, 0xcc, 0x24,
	0x04, 0x00, 0xd0, 0x14, 0x06, 0x00, 0x14, 0x11, 0x0f, 0x00, 0xd0, 0x24, 0x0a, 0x80,
	0x15, 0x7d, 0x0a, 0xc0, 0x00, 0x7c, 0x7e, 0xee, 0x83, 0xcc, 0xdd, 0x25, 0x00, 0x80,
	0x7d, 0xee, 0x2b, 0xc4, 0xff, 0x01, 0x1e, 0xc0, 0x09, 0x80, 0x9e, 0x7e, 0x10, 0x00,
	0xa8, 0x16, 0xbb, 0x01, 0x88, 0x32, 0xbc, 0x01, 0x8c, 0x32, 0xbd, 0x01, 0x90, 0x32,
	0xbe, 0x01, 0x94, 0x32, 0x0a, 0xc0, 0x8d, 0x7c, 0x0a, 0x00, 0x16, 0x7d, 0x0a, 0xc0,
	0xe1, 0x7d, 0x11, 0x00, 0xc0, 0x99, 0xb0, 0x01, 0x88, 0x32, 0x02, 0x00, 0x80, 0x94,
	0xc0, 0x36, 0x00, 0x80, 0x01, 0x00, 0x08, 0x28, 0x7c, 0xee, 0x0f, 0xc4, 0x7d, 0xee,
	0x1b, 0xc4, 0xff, 0xff, 0x98, 0x25, 0x02, 0x00, 0x9c, 0x15, 0x03, 0x00, 0xdc, 0x25,
	0x02, 0x00, 0xa0, 0x11, 0x0c, 0x00, 0x20, 0x26, 0x0a, 0x00, 0x1e, 0x7e, 0xf0, 0xff,
	0x98, 0x25, 0x0a, 0x80, 0xa1, 0x7d, 0x7a, 0xee, 0x83, 0xcc, 0xdd, 0x25, 0x00, 0x80,
	0xde, 0x00, 0x1b, 0xc4, 0x06, 0x00, 0x80, 0x95, 0x7a, 0xee, 0x43, 0xd8, 0x07, 0x00,
	0x2c, 0xc0, 0x00, 0x00, 0x24, 0xc0, 0x46, 0x35, 0x00, 0x8c, 0xbc, 0x21, 0x00, 0x80,
	0xd7, 0x00, 0x83, 0xce, 0x6c, 0xee, 0x03, 0xd8, 0xd3, 0x00, 0x03, 0xd8, 0xc7, 0x03,
	0x80, 0x98, 0x79, 0x04, 0xc0, 0x98, 0x53, 0x04, 0x00, 0x99, 0xc5, 0xec, 0x0b, 0xc4,
	0x01, 0x00, 0x88, 0x24, 0xa6, 0x04, 0x80, 0x98, 0xba, 0x26, 0x00, 0x80, 0xe0, 0x00,
	0x43, 0xd8, 0xd9, 0x00, 0x0b, 0xc4, 0xd3, 0x00, 0x83, 0xcc, 0x00, 0x20, 0x08, 0xc0,
	0x6c, 0xee, 0x0f, 0xc4, 0x0a, 0x80, 0x8c, 0x7c, 0x6c, 0xee, 0x83, 0xcc, 0xbb, 0x26,
	0x00, 0x80, 0x37, 0xec, 0x0b, 0xc4, 0x01, 0x00, 0x8c, 0x24, 0x08, 0x00, 0xc0, 0x98,
	0x02, 0x00, 0x8c, 0x24, 0x09, 0x00, 0xc0, 0x98, 0x04, 0x00, 0x8c, 0x24, 0x0a, 0x00,
	0xc0, 0x98, 0x08, 0x00, 0x8c, 0x24, 0x0b, 0x00, 0xc0, 0x98, 0x65, 0x22, 0x00, 0x80,
	0x38, 0xec, 0x0b, 0xc4, 0x39, 0xec, 0x0f, 0xc4, 0x65, 0x22, 0x00, 0x80, 0x3a, 0xec,
	0x0b, 0xc4, 0x3b, 0xec, 0x0f, 0xc4, 0x65, 0x22, 0x00, 0x80, 0x3c, 0xec, 0x0b, 0xc4,
	0x3d, 0xec, 0x0f, 0xc4, 0x65, 0x22, 0x00, 0x80, 0x3e, 0xec, 0x0b, 0xc4, 0x3f, 0xec,
	0x0f, 0xc4, 0x65, 0x22, 0x00, 0x80, 0xbc, 0x21, 0x00, 0x80, 0x8d, 0xa9, 0x0b, 0xc4,
	0x00, 0x40, 0x0e, 0xc0, 0x0a, 0xc0, 0x8c, 0x7c, 0x8d, 0xa9, 0xc3, 0xcc, 0x00, 0x00,
	0x38, 0xc0, 0x90, 0x00, 0x3c, 0xc0, 0xaa, 0x36, 0x00, 0x8c, 0xb4, 0x36, 0x00, 0x8c,
	0x8d, 0xa9, 0x0b, 0xc4, 0x00, 0x80, 0x0e, 0xc0, 0x0a, 0xc0, 0x8c, 0x7c, 0x8d, 0xa9,
	0xc3, 0xcc, 0xbc, 0x21, 0x00, 0x80, 0x8e, 0xa9, 0x0b, 0xc4, 0x00, 0x40, 0x0e, 0xc0,
	0x0a, 0xc0, 0x8c, 0x7c, 0x8e, 0xa9, 0xc3, 0xcc, 0x88, 0x00, 0x0b, 0xc4, 0x01, 0x00,
	0x88, 0x04, 0x88, 0x00, 0x83, 0xcc, 0x1b, 0x01, 0x0f, 0xc4, 0x00, 0x08, 0xcc, 0x24,
	0x1c, 0x00, 0xc0, 0x94, 0xf7, 0x24, 0x00, 0x8c, 0x04, 0x00, 0x40, 0x99, 0xe8, 0xee,
	0x13, 0xc4, 0x02, 0x00, 0x10, 0x25, 0x04, 0x00, 0x00, 0x99, 0x00, 0x00, 0x14, 0xc0,
	0x11, 0x25, 0x00, 0x8c, 0x98, 0x22, 0x00, 0x80, 0x93, 0x00, 0x43, 0xd8, 0x89, 0x00,
	0x0b, 0xc4, 0x01, 0x00, 0x88, 0x04, 0x89, 0x00, 0x83, 0xcc, 0x90, 0x00, 0x83, 0xd8,
	0x1a, 0x37, 0x00, 0x8c, 0xe9, 0xee, 0x13, 0xc4, 0x01, 0x00, 0x10, 0x29, 0xe9, 0xee,
	0x03, 0xcd, 0x00, 0x00, 0x14, 0xc0, 0x11, 0x25, 0x00, 0x8c, 0xd7, 0x00, 0x0b, 0xc4,
	0xbb, 0x01, 0x88, 0x30, 0x06, 0x00, 0x80, 0x94, 0x8e, 0xa9, 0x0b, 0xc4, 0x00, 0x80,
	0x0e, 0xc0, 0x0a, 0xc0, 0x8c, 0x7c, 0x8e, 0xa9, 0xc3, 0xcc, 0x32, 0x25, 0x00, 0x80,
	0x8e, 0xa9, 0x0b, 0xc4, 0x00, 0x80, 0x0e, 0xc0, 0x0a, 0xc0, 0x8c, 0x7c, 0x8e, 0xa9,
	0xc3, 0xcc, 0xbc, 0x21, 0x00, 0x80, 0x8f, 0xa9, 0x0b, 0xc4, 0x00, 0x40, 0x0e, 0xc0,
	0x0a, 0xc0, 0x8c, 0x7c, 0x8f, 0xa9, 0xc3, 0xcc, 0x1b, 0x01, 0x13, 0xc4, 0x40, 0x00,
	0x10, 0x25, 0x06, 0x00, 0x10, 0x15, 0x01, 0x00, 0x10, 0x25, 0x0f, 0x00, 0x00, 0x95,
	0x83, 0x01, 0x0b, 0xc4, 0x0d, 0x00, 0x80, 0x98, 0x8f, 0xa9, 0x0b, 0xc4, 0x1f, 0x00,
	0x0e, 0xc0, 0xff, 0xff, 0xcc, 0x28, 0x09, 0x80, 0x8c, 0x7c, 0xfa, 0x00, 0x83, 0xcc,
	0x0b, 0x01, 0x43, 0xd8, 0x21, 0x00, 0x3c, 0xc0, 0xfa, 0x00, 0x3b, 0xc4, 0x00, 0x00,
	0x34, 0xc0, 0xaa, 0x36, 0x00, 0x8c, 0xb4, 0x36, 0x00, 0x8c, 0x17, 0x30, 0x00, 0x8c,
	0x8f, 0xa9, 0x0b, 0xc4, 0x00, 0x80, 0x0e, 0xc0, 0x0a, 0xc0, 0x8c, 0x7c, 0x8f, 0xa9,
	0xc3, 0xcc, 0xbc, 0x21, 0x00, 0x80, 0x13, 0xec, 0x0b, 0xc4, 0x0f, 0x1f, 0x0c, 0xc0,
	0x0f, 0x00, 0x12, 0xc0, 0x1a, 0xc0, 0xd0, 0x7c, 0x09, 0x80, 0x8c, 0x7c, 0x10, 0x00,
	0x0c, 0xc0, 0x1a, 0x80, 0x8c, 0x7c, 0x13, 0xec, 0x83, 0xcc, 0xbc, 0x21, 0x00, 0x80,
	0x16, 0xec, 0x0b, 0xc4, 0x01, 0x00, 0x8c, 0x24, 0x0a, 0x00, 0xc0, 0x98, 0x02, 0x00,
	0x8c, 0x24, 0x0b, 0x00, 0xc0, 0x98, 0x04, 0x00, 0x8c, 0x24, 0x0b, 0x00, 0xc0, 0x98,
	0x08, 0x00, 0x8c, 0x24, 0x0b, 0x00, 0xc0, 0x98, 0x10, 0x00, 0x8c, 0x24, 0x0b, 0x00,
	0xc0, 0x98, 0xcd, 0x22, 0x00, 0x80, 0x17, 0xec, 0x43, 0xd8, 0xc3, 0x24, 0x00, 0x8c,
	0xd8, 0x22, 0x00, 0x80, 0x17, 0xec, 0x83, 0xd8, 0xd8, 0x22, 0x00, 0x80, 0x17, 0xec,
	0x03, 0xd9, 0xd8, 0x22, 0x00, 0x80, 0x17, 0xec, 0x03, 0xda, 0xd8, 0x22, 0x00, 0x80,
	0xd8, 0x22, 0x00, 0x80, 0xc0, 0x34, 0x00, 0x8c, 0xbc, 0x21, 0x00, 0x80, 0xd1, 0xee,
	0x0b, 0xc4, 0x01, 0x00, 0x8c, 0x24, 0x08, 0x00, 0xc0, 0x98, 0x02, 0x00, 0x8c, 0x24,
	0x08, 0x00, 0xc0, 0x98, 0x04, 0x00, 0x8c, 0x24, 0x08, 0x00, 0xc0, 0x98, 0x08, 0x00,
	0x8c, 0x24, 0x07, 0x00, 0xc0, 0x98, 0xe3, 0x22, 0x00, 0x80, 0xbd, 0x34, 0x00, 0x80,
	0xe3, 0x22, 0x00, 0x80, 0x87, 0x34, 0x00, 0x80, 0xe3, 0x22, 0x00, 0x80, 0xe3, 0x22,
	0x00, 0x80, 0xe3, 0x22, 0x00, 0x80, 0xbc, 0x21, 0x00, 0x80, 0xe0, 0xee, 0x0b, 0xc4,
	0x3f, 0x00, 0x88, 0x24, 0x44, 0x00, 0x80, 0x94, 0xf0, 0x22, 0x90, 0x04, 0x01, 0x00,
	0x3c, 0xc0, 0x00, 0x00, 0x00, 0x85, 0x30, 0x23, 0x00, 0x80, 0x30, 0x23, 0x00, 0x80,
	0x30, 0x23, 0x00, 0x80, 0x30, 0x23, 0x00, 0x80, 0x21, 0x29, 0x00, 0x80, 0x59, 0x28,
	0x00, 0x80, 0x6c, 0x29, 0x00, 0x80, 0x30, 0x23, 0x00, 0x80, 0x30, 0x23, 0x00, 0x80,
	0x30, 0x23, 0x00, 0x80, 0x30, 0x23, 0x00, 0x80, 0x30, 0x23, 0x00, 0x80, 0x30, 0x23,
	0x00, 0x80, 0x5b, 0x29, 0x00, 0x80, 0x7d, 0x37, 0x00, 0x80, 0x76, 0x2a, 0x00, 0x80,
	0x18, 0x2b, 0x00, 0x80, 0xac, 0x2c, 0x00, 0x80, 0xba, 0x2c, 0x00, 0x80, 0xdf, 0x2c,
	0x00, 0x80, 0xfb, 0x2c, 0x00, 0x80, 0x50, 0x2d, 0x00, 0x80, 0x62, 0x2d, 0x00, 0x80,
	0x80, 0x2d, 0x00, 0x80, 0x8e, 0x2d, 0x00, 0x80, 0x60, 0x30, 0x00, 0x80, 0x80, 0x30,
	0x00, 0x80, 0x99, 0x30, 0x00, 0x80, 0x13, 0x31, 0x00, 0x80, 0x1a, 0x31, 0x00, 0x80,
	0x30, 0x23, 0x00, 0x80, 0x70, 0x2a, 0x00, 0x80, 0x30, 0x23, 0x00, 0x80, 0x30, 0x23,
	0x00, 0x80, 0x30, 0x23, 0x00, 0x80, 0x30, 0x23, 0x00, 0x80, 0x30, 0x23, 0x00, 0x80,
	0x30, 0x23, 0x00, 0x80, 0x30, 0x23, 0x00, 0x80, 0x6c, 0x2a, 0x00, 0x80, 0x30, 0x23,
	0x00, 0x80, 0x6e, 0x2a, 0x00, 0x80, 0x30, 0x23, 0x00, 0x80, 0x30, 0x23, 0x00, 0x80,
	0x30, 0x23, 0x00, 0x80, 0x30, 0x23, 0x00, 0x80, 0x30, 0x23, 0x00, 0x80, 0x30, 0x23,
	0x00, 0x80, 0x30, 0x23, 0x00, 0x80, 0x30, 0x23, 0x00, 0x80, 0x30, 0x23, 0x00, 0x80,
	0x30, 0x23, 0x00, 0x80, 0x30, 0x23, 0x00, 0x80, 0x30, 0x23, 0x00, 0x80, 0x30, 0x23,
	0x00, 0x80, 0x30, 0x23, 0x00, 0x80, 0x30, 0x23, 0x00, 0x80, 0x30, 0x23, 0x00, 0x80,
	0x30, 0x23, 0x00, 0x80, 0x30, 0x23, 0x00, 0x80, 0x30, 0x23, 0x00, 0x80, 0x30, 0x23,
	0x00, 0x80, 0x30, 0x23, 0x00, 0x80, 0xe1, 0xee, 0x43, 0xd8, 0xbc, 0x21, 0x00, 0x80,
	0x04, 0xee, 0x0b, 0xc4, 0x16, 0x00, 0x80, 0x94, 0x00, 0x00, 0x3c, 0xc0, 0xee, 0x00,
	0x03, 0xd8, 0x0f, 0x00, 0x88, 0x24, 0x39, 0x23, 0x88, 0x04, 0x00, 0x00, 0x80, 0x84,
	0x49, 0x23, 0x00, 0x80, 0x58, 0x23, 0x00, 0x80, 0x08, 0x2a, 0x00, 0x80, 0x34, 0x2a,
	0x00, 0x80, 0x58, 0x23, 0x00, 0x80, 0x58, 0x23, 0x00, 0x80, 0x58, 0x23, 0x00, 0x80,
	0x58, 0x23, 0x00, 0x80, 0x58, 0x23, 0x00, 0x80, 0x58, 0x23, 0x00, 0x80, 0x99, 0x35,
	0x00, 0x80, 0x58, 0x23, 0x00, 0x80, 0x58, 0x23, 0x00, 0x80, 0x58, 0x23, 0x00, 0x80,
	0x58, 0x23, 0x00, 0x80, 0x4b, 0x23, 0x00, 0x80, 0x4d, 0xfb, 0x03, 0xd8, 0xbc, 0x21,
	0x00, 0x80, 0x01, 0x00, 0x0e, 0xc0, 0x1e, 0x28, 0x00, 0x8c, 0x0f, 0x00, 0x22, 0xc0,
	0x08, 0x20, 0x01, 0xce, 0x00, 0x20, 0x1d, 0xc4, 0x01, 0x00, 0xc0, 0x95, 0x08, 0x20,
	0x01, 0xd8, 0x00, 0x20, 0x1d, 0xc4, 0x01, 0x00, 0xc0, 0x99, 0x00, 0x00, 0x0e, 0xc0,
	0x1e, 0x28, 0x00, 0x8c, 0x4d, 0xfb, 0x03, 0xd8, 0xbc, 0x21, 0x00, 0x80, 0x4d, 0xfb,
	0x43, 0xd8, 0xbc, 0x21, 0x00, 0x80, 0xe1, 0x00, 0x08, 0xc0, 0xb0, 0xec, 0x83, 0xcc,
	0x24, 0x01, 0x0b, 0xc4, 0x01, 0x00, 0x88, 0x08, 0x04, 0x00, 0x80, 0x94, 0x01, 0x00,
	0x88, 0x08, 0x1a, 0x00, 0x80, 0x94, 0xa8, 0x23, 0x00, 0x80, 0xb0, 0xec, 0xc3, 0xd8,
	0x04, 0xfb, 0x0b, 0xc4, 0x07, 0x00, 0x88, 0x24, 0x16, 0x00, 0x80, 0x94, 0x02, 0x00,
	0x88, 0x08, 0x03, 0x00, 0x80, 0x94, 0x02, 0x00, 0x08, 0xc0, 0xa8, 0x23, 0x00, 0x80,
	0xb0, 0xec, 0x03, 0xd9, 0x23, 0x01, 0x13, 0xc4, 0x00, 0xef, 0x1b, 0xc4, 0x09, 0x00,
	0x92, 0x7d, 0x02, 0xef, 0x03, 0xce, 0x21, 0x01, 0x03, 0xce, 0x00, 0xef, 0x1b, 0xc4,
	0x09, 0x80, 0x90, 0x7d, 0x09, 0x80, 0xa0, 0x7c, 0xfd, 0xff, 0x8f, 0x98, 0x21, 0x01,
	0x83, 0xcd, 0x02, 0xef, 0x03, 0xcc, 0x01, 0x00, 0x08, 0xc0, 0x04, 0xfb, 0x83, 0xcc,
	0x24, 0x01, 0x83, 0xd8, 0xa8, 0x23, 0x00, 0x80, 0xb0, 0xec, 0xc3, 0xd9, 0xb0, 0xec,
	0x03, 0xda, 0x26, 0x01, 0x13, 0xc4, 0x0b, 0x00, 0x00, 0x95, 0x22, 0x01, 0x0f, 0xc4,
	0xff, 0xee, 0x17, 0xc4, 0x09, 0x40, 0x4d, 0x7d, 0xfd, 0x03, 0x10, 0xc0, 0x09, 0x40,
	0x51, 0x7d, 0x05, 0x00, 0x40, 0x95, 0x26, 0x01, 0x03, 0xd8, 0x23, 0x01, 0x13, 0xc4,
	0x35, 0x24, 0x00, 0x8c, 0xa8, 0x23, 0x00, 0x80, 0xb0, 0xec, 0x43, 0xda, 0x25, 0x01,
	0x03, 0xd8, 0xb0, 0xec, 0x83, 0xda, 0x24, 0x01, 0x03, 0xd8, 0x20, 0x01, 0x1f, 0xc4,
	0x02, 0x00, 0xc0, 0x95, 0x01, 0xef, 0xc3, 0xcd, 0xb0, 0xec, 0xc3, 0xda, 0x21, 0x01,
	0x23, 0xc4, 0x0a, 0x80, 0xe0, 0x7d, 0x16, 0x00, 0x80, 0x94, 0x01, 0x00, 0x14, 0xc0,
	0x02, 0x00, 0x00, 0x96, 0x02, 0xef, 0x03, 0xce, 0xb0, 0xec, 0x03, 0xdb, 0x22, 0x01,
	0x0f, 0xc4, 0xff, 0xee, 0x17, 0xc4, 0x09, 0x40, 0x4d, 0x7d, 0x09, 0x80, 0x5c, 0x7d,
	0xfc, 0xff, 0x8f, 0x98, 0x01, 0xef, 0x03, 0xcc, 0xb0, 0xec, 0x43, 0xdb, 0x23, 0x01,
	0x13, 0xc4, 0x00, 0xef, 0x1b, 0xc4, 0x09, 0x80, 0x91, 0x7d, 0x09, 0x80, 0xa0, 0x7d,
	0xfc, 0xff, 0x8f, 0x98, 0x02, 0xef, 0x03, 0xcc, 0x0a, 0x80, 0x95, 0x7d, 0x03, 0x00,
	0x80, 0x95, 0xb0, 0xec, 0x83, 0xdb, 0x35, 0x24, 0x00, 0x8c, 0xe2, 0x00, 0x08, 0xc0,
	0xb0, 0xec, 0x83, 0xcc, 0xbc, 0x21, 0x00, 0x80, 0x6c, 0xee, 0x03, 0xd8, 0xd3, 0x00,
	0x0f, 0xc4, 0x02, 0x00, 0xc0, 0x98, 0xbb, 0x26, 0x00, 0x80, 0xd3, 0x00, 0x03, 0xd8,
	0xbb, 0x00, 0xc8, 0x30, 0x61, 0x02, 0x80, 0x98, 0xbd, 0x00, 0xc8, 0x30, 0xe3, 0x02,
	0x80, 0x98, 0xbe, 0x00, 0xc8, 0x30, 0xe1, 0x02, 0x80, 0x98, 0xbc, 0x21, 0x00, 0x80,
	0x87, 0xee, 0x0b, 0xc4, 0x01, 0x00, 0x88, 0x28, 0xf9, 0x07, 0x0c, 0xc0, 0x09, 0x80,
	0x8c, 0x7c, 0x87, 0xee, 0x83, 0xcc, 0xde, 0x00, 0x0b, 0xc4, 0x0a, 0x00, 0x80, 0x98,
	0x85, 0xee, 0x0b, 0xc4, 0x02, 0x00, 0x88, 0x24, 0x07, 0x00, 0x80, 0x94, 0xd7, 0x00,
	0x0b, 0xc4, 0xbb, 0x01, 0x88, 0x30, 0xd1, 0x00, 0x0f, 0xc4, 0x01, 0x00, 0xcc, 0x30,
	0x09, 0x80, 0x8c, 0x7c, 0x4c, 0x02, 0x80, 0x98, 0xc0, 0x34, 0x00, 0x8c, 0xbc, 0x21,
	0x00, 0x80, 0xf3, 0x20, 0x00, 0x8c, 0xea, 0x28, 0x00, 0x8c, 0xbc, 0x21, 0x00, 0x80,
	0x13, 0xec, 0x13, 0xc4, 0x1e, 0x1f, 0x0c, 0xc0, 0x1e, 0x00, 0x16, 0xc0, 0x1a, 0xc0,
	0xd4, 0x7c, 0x09, 0x00, 0x0d, 0x7d, 0x01, 0x00, 0x0e, 0xc0, 0x1a, 0x00, 0x0d, 0x7d,
	0x13, 0xec, 0x03, 0xcd, 0x14, 0xec, 0x13, 0xc4, 0x00, 0x01, 0x10, 0x25, 0xfe, 0xff,
	0x0f, 0x99, 0x13, 0xec, 0x13, 0xc4, 0xff, 0xff, 0x10, 0x25, 0x01, 0x00, 0x10, 0x29,
	0x13, 0xec, 0x03, 0xcd, 0xbc, 0x21, 0x00, 0x80, 0xdc, 0x23, 0x00, 0x8c, 0xbc, 0x21,
	0x00, 0x80, 0x13, 0xec, 0x13, 0xc4, 0x1d, 0x1f, 0x0c, 0xc0, 0x1d, 0x00, 0x16, 0xc0,
	0x1a, 0xc0, 0xd4, 0x7c, 0x09, 0x00, 0x0d, 0x7d, 0x02, 0x00, 0x0e, 0xc0, 0x1a, 0x00,
	0x0d, 0x7d, 0x13, 0xec, 0x03, 0xcd, 0x1b, 0x01, 0x0b, 0xc4, 0x03, 0x00, 0x8c, 0x24,
	0x12, 0x00, 0xc0, 0x94, 0x1b, 0x01, 0x0f, 0xc4, 0x10, 0x00, 0xcc, 0x24, 0x0f, 0x00,
	0xc0, 0x94, 0xda, 0x00, 0x0b, 0xc4, 0x0d, 0x00, 0x80, 0x94, 0x60, 0x00, 0x3c, 0xc0,
	0x5d, 0x37, 0x00, 0x8c, 0xd5, 0x00, 0x43, 0xd8, 0xf6, 0x00, 0x3b, 0xc4, 0x00, 0x00,
	0x34, 0xc0, 0x5b, 0x00, 0x3c, 0xc0, 0xaa, 0x36, 0x00, 0x8c, 0xb4, 0x36, 0x00, 0x8c,
	0x17, 0x30, 0x00, 0x8c, 0x72, 0xee, 0x0f, 0xc4, 0x08, 0x00, 0xcc, 0x28, 0x72, 0xee,
	0xc3, 0xcc, 0x13, 0xec, 0x13, 0xc4, 0x02, 0x00, 0x10, 0x25, 0xfe, 0xff, 0x0f, 0x99,
	0x1b, 0x01, 0x0f, 0xc4, 0x20, 0x00, 0xcc, 0x24, 0x06, 0x00, 0xc0, 0x94, 0x13, 0xec,
	0x13, 0xc4, 0xff, 0xff, 0x10, 0x25, 0x08, 0x00, 0x10, 0x29, 0x13, 0xec, 0x03, 0xcd,
	0xdd, 0x00, 0x43, 0xd8, 0xbc, 0x21, 0x00, 0x80, 0xff, 0x00, 0xa8, 0x26, 0xfe, 0xee,
	0x27, 0xc4, 0x20, 0x00, 0x64, 0x26, 0xfe, 0xff, 0x4f, 0x9a, 0xff, 0x0f, 0x27, 0xc0,
	0x09, 0x40, 0x4e, 0x7e, 0xfb, 0xee, 0x43, 0xce, 0x00, 0xf0, 0x26, 0xc0, 0x09, 0x40,
	0x4e, 0x7e, 0x10, 0x00, 0x64, 0x16, 0x03, 0x00, 0x9c, 0x25, 0x0a, 0x00, 0xdc, 0x11,
	0x0a, 0x40, 0x5e, 0x7e, 0x0c, 0x00, 0x9c, 0x25, 0x06, 0x00, 0xdc, 0x11, 0x0a, 0x40,
	0x5e, 0x7e, 0xc0, 0x03, 0x9c, 0x25, 0x0a, 0x00, 0xdc, 0x11, 0x0a, 0x40, 0x5e, 0x7e,
	0xfc, 0xee, 0x43, 0xce, 0x00, 0x80, 0xa4, 0x25, 0x02, 0x00, 0x64, 0x16, 0x00, 0x7c,
	0x9c, 0x25, 0x02, 0x00, 0xdc, 0x15, 0x0a, 0x40, 0x5e, 0x7e, 0x0a, 0x40, 0x6a, 0x7e,
	0xfd, 0xee, 0x43, 0xce, 0x00, 0x00, 0x00, 0x90, 0xf1, 0x00, 0x08, 0xc0, 0xb0, 0xec,
	0x83, 0xcc, 0x25, 0x01, 0x0f, 0xc4, 0x03, 0x00, 0xc0, 0x94, 0x26, 0x01, 0x43, 0xd8,
	0x32, 0x24, 0x00, 0x80, 0xf3, 0x00, 0x08, 0xc0, 0xb0, 0xec, 0x83, 0xcc, 0x03, 0xef,
	0x0f, 0xc4, 0x1e, 0xc0, 0xc0, 0x7c, 0x22, 0x01, 0xc3, 0xcc, 0x04, 0xef, 0x13, 0xc4,
	0x1e, 0x00, 0x01, 0x7d, 0x23, 0x01, 0x03, 0xcd, 0x35, 0x24, 0x00, 0x8c, 0x25, 0x01,
	0x43, 0xd8, 0xf2, 0x00, 0x08, 0xc0, 0xb0, 0xec, 0x83, 0xcc, 0xbc, 0x21, 0x00, 0x80,
	0xff, 0xee, 0x1f, 0xc4, 0x09, 0xc0, 0xcd, 0x7d, 0x20, 0x01, 0xc3, 0xcd, 0x00, 0xef,
	0x23, 0xc4, 0x09, 0x00, 0x12, 0x7e, 0x21, 0x01, 0x03, 0xce, 0x0a, 0xc0, 0xe0, 0x7d,
	0x03, 0x00, 0xc0, 0x98, 0x01, 0x00, 0x08, 0xc0, 0x49, 0x24, 0x00, 0x80, 0x01, 0x00,
	0x08, 0xc0, 0x04, 0xfb, 0x83, 0xcc, 0xff, 0x00, 0xcc, 0x25, 0x02, 0x00, 0x00, 0x96,
	0x00, 0x01, 0xcc, 0x28, 0x24, 0x01, 0x43, 0xd8, 0x00, 0x00, 0x18, 0xc0, 0x80, 0x00,
	0x28, 0xc0, 0x06, 0x24, 0x00, 0x8c, 0xb0, 0xec, 0x43, 0xd8, 0x00, 0x00, 0x00, 0x90,
	0x65, 0x30, 0x11, 0xc4, 0x01, 0x00, 0x14, 0x15, 0x09, 0x00, 0x54, 0x09, 0x03, 0x00,
	0x40, 0x99, 0x01, 0x00, 0x10, 0x29, 0x65, 0x30, 0x01, 0xcd, 0x00, 0x00, 0x00, 0x90,
	0xe8, 0x00, 0x13, 0xc4, 0x0b, 0x00, 0x00, 0x99, 0x67, 0xee, 0x13, 0xc4, 0x04, 0x00,
	0x10, 0x25, 0x08, 0x00, 0x00, 0x99, 0xe8, 0x00, 0x43, 0xd8, 0x68, 0xee, 0x0f, 0xc4,
	0x01, 0x00, 0xcc, 0x28, 0x68, 0xee, 0xc3, 0xcc, 0x69, 0xee, 0x0f, 0xc4, 0x01, 0x00,
	0xcc, 0x28, 0x69, 0xee, 0xc3, 0xcc, 0x00, 0x00, 0x00, 0x90, 0xe8, 0x00, 0x13, 0xc4,
	0x0c, 0x00, 0x00, 0x95, 0x68, 0xee, 0x0b, 0xc4, 0x01, 0x00, 0x0c, 0xc0, 0x1e, 0xc0,
	0xc0, 0x7c, 0x09, 0x80, 0x8c, 0x7c, 0x68, 0xee, 0x83, 0xcc, 0x69, 0xee, 0x09, 0xc4,
	0x01, 0x00, 0x0c, 0xc0, 0x1e, 0xc0, 0xc0, 0x7c, 0x09, 0x80, 0x8c, 0x7c, 0x69, 0xee,
	0x83, 0xcc, 0xe8, 0x00, 0x03, 0xd8, 0x00, 0x00, 0x00, 0x90, 0x70, 0x00, 0x3c, 0xc0,
	0x5d, 0x37, 0x00, 0x8c, 0x13, 0xec, 0x13, 0xc4, 0x1d, 0x1f, 0x0c, 0xc0, 0x1d, 0x00,
	0x16, 0xc0, 0x1a, 0xc0, 0xd4, 0x7c, 0x09, 0x00, 0x0d, 0x7d, 0x02, 0x00, 0x0e, 0xc0,
	0x1a, 0x00, 0x0d, 0x7d, 0x13, 0xec, 0xc3, 0xcc, 0x14, 0xec, 0x17, 0xc4, 0x00, 0x02,
	0x54, 0x25, 0xfe, 0xff, 0x4f, 0x99, 0x13, 0xec, 0xc3, 0xcc, 0xd5, 0x00, 0x0b, 0xc4,
	0x0f, 0x00, 0x80, 0x94, 0xd5, 0x00, 0x03, 0xd8, 0xf7, 0x00, 0x17, 0xc4, 0xfb, 0x00,
	0x43, 0xcd, 0x59, 0x00, 0x3c, 0xc0, 0xf9, 0x00, 0x3b, 0xc4, 0xf8, 0x00, 0x37, 0xc4,
	0xaa, 0x36, 0x00, 0x8c, 0xb4, 0x36, 0x00, 0x8c, 0x17, 0x30, 0x00, 0x8c, 0x72, 0xee,
	0x0f, 0xc4, 0xff, 0xff, 0x0a, 0xc0, 0xf7, 0xff, 0x88, 0x28, 0x09, 0xc0, 0xc8, 0x7c,
	0x72, 0xee, 0xc3, 0xcc, 0x00, 0x00, 0x00, 0x90, 0x03, 0x00, 0x00, 0x99, 0x03, 0x00,
	0x14, 0xc0, 0x8f, 0x24, 0x00, 0x80, 0x0a, 0x01, 0x17, 0xc4, 0x01, 0x00, 0x54, 0x11,
	0x00, 0x04, 0x58, 0x29, 0x01, 0x00, 0x98, 0x29, 0xcd, 0xee, 0x83, 0xcd, 0xcd, 0xee,
	0x1b, 0xc4, 0x0b, 0x00, 0x98, 0x15, 0xfe, 0xff, 0x8f, 0x95, 0xcd, 0xee, 0x43, 0xcd,
	0xcd, 0xee, 0x1b, 0xc4, 0x0b, 0x00, 0x98, 0x15, 0xfe, 0xff, 0x8f, 0x99, 0x00, 0x00,
	0x00, 0x90, 0x43, 0xec, 0x0f, 0xc4, 0x17, 0x00, 0xcc, 0x14, 0x01, 0x00, 0xcc, 0x24,
	0x0c, 0x00, 0xc0, 0x98, 0xe4, 0xee, 0x1b, 0xc4, 0x02, 0x00, 0x98, 0x25, 0xe2, 0xee,
	0x43, 0xcd, 0xe3, 0xee, 0x03, 0xcd, 0xe4, 0xee, 0x43, 0xd8, 0x10, 0x00, 0x24, 0xc0,
	0x24, 0x27, 0x00, 0x8c, 0xe4, 0xee, 0x0f, 0xc4, 0x02, 0x00, 0xcc, 0x24, 0x0c, 0xc0,
	0xd8, 0x7c, 0xfb, 0xff, 0xcf, 0x98, 0x00, 0x00, 0x00, 0x90, 0x1b, 0x01, 0x0b, 0xc4,
	0x03, 0x00, 0x8c, 0x24, 0x08, 0x00, 0xc0, 0x94, 0x1b, 0x01, 0x0b, 0xc4, 0x20, 0x00,
	0x88, 0x24, 0x05, 0x00, 0x80, 0x94, 0x05, 0x01, 0x0b, 0xc4, 0xfb, 0x00, 0x83, 0xcc,
	0x17, 0x30, 0x00, 0x8c, 0x95, 0x00, 0x43, 0xd8, 0x00, 0x00, 0x00, 0x90, 0x13, 0xec,
	0x13, 0xc4, 0x1b, 0x1f, 0x0c, 0xc0, 0x1b, 0x00, 0x16, 0xc0, 0x1a, 0xc0, 0xd4, 0x7c,
	0x09, 0x00, 0x0d, 0x7d, 0x04, 0x00, 0x0e, 0xc0, 0x1a, 0x00, 0x0d, 0x7d, 0x13, 0xec,
	0x03, 0xcd, 0x13, 0xec, 0x13, 0xc4, 0x04, 0x00, 0x10, 0x25, 0xfe, 0xff, 0x0f, 0x99,
	0xd0, 0x00, 0x03, 0xd8, 0x63, 0x26, 0x00, 0x80, 0x00, 0x00, 0x00, 0x90, 0x13, 0xec,
	0x13, 0xc4, 0x17, 0x1f, 0x0c, 0xc0, 0x17, 0x00, 0x16, 0xc0, 0x1a, 0xc0, 0xd4, 0x7c,
	0x09, 0x00, 0x0d, 0x7d, 0x08, 0x00, 0x0e, 0xc0, 0x1a, 0x00, 0x0d, 0x7d, 0x13, 0xec,
	0x03, 0xcd, 0x13, 0xec, 0x13, 0xc4, 0x08, 0x00, 0x10, 0x25, 0xfe, 0xff, 0x0f, 0x99,
	0xf7, 0x24, 0x00, 0x8c, 0x0c, 0x00, 0x40, 0x99, 0x43, 0xec, 0x0f, 0xc4, 0x17, 0x00,
	0xcc, 0x14, 0x01, 0x00, 0xcc, 0x24, 0x04, 0x00, 0xc0, 0x98, 0xe8, 0xee, 0x0f, 0xc4,
	0x01, 0x00, 0xcc, 0x24, 0x05, 0x00, 0xc0, 0x94, 0x0e, 0x00, 0x14, 0xc4, 0x03, 0x00,
	0x40, 0x99, 0x90, 0x00, 0x43, 0xd8, 0x32, 0x25, 0x00, 0x80, 0x00, 0x00, 0x14, 0xc0,
	0x11, 0x25, 0x00, 0x8c, 0x1b, 0x01, 0x0f, 0xc4, 0x20, 0x00, 0xcc, 0x24, 0x06, 0x00,
	0xc0, 0x94, 0x13, 0xec, 0x13, 0xc4, 0xff, 0xff, 0x10, 0x25, 0x08, 0x00, 0x10, 0x29,
	0x13, 0xec, 0x03, 0xcd, 0xdd, 0x00, 0x43, 0xd8, 0xbc, 0x21, 0x00, 0x80, 0xdd, 0x00,
	0x0b, 0xc4, 0x0e, 0x00, 0x80, 0x94, 0x13, 0xec, 0x13, 0xc4, 0x17, 0x1f, 0x0c, 0xc0,
	0x17, 0x00, 0x16, 0xc0, 0x1a, 0xc0, 0xd4, 0x7c, 0x09, 0x00, 0x0d, 0x7d, 0x08, 0x00,
	0x0e, 0xc0, 0x1a, 0x00, 0x0d, 0x7d, 0x13, 0xec, 0xc3, 0xcc, 0x14, 0xec, 0x17, 0xc4,
	0x00, 0x08, 0x54, 0x25, 0xfe, 0xff, 0x4f, 0x99, 0x13, 0xec, 0xc3, 0xcc, 0xdd, 0x00,
	0x03, 0xd8, 0x00, 0x00, 0x00, 0x90, 0x43, 0xec, 0x0f, 0xc4, 0x17, 0x00, 0xcc, 0x14,
	0x01, 0x00, 0xcc, 0x24, 0x16, 0x00, 0xc0, 0x98, 0xe7, 0xee, 0x0f, 0xc4, 0xfe, 0xff,
	0x11, 0xc0, 0x09, 0xc0, 0xd0, 0x7c, 0x01, 0x00, 0xcc, 0x28, 0xe7, 0xee, 0xc3, 0xcc,
	0x00, 0x00, 0x14, 0xc0, 0x00, 0x00, 0x28, 0xc0, 0x10, 0x00, 0x24, 0xc0, 0x24, 0x27,
	0x00, 0x8c, 0xe7, 0xee, 0x13, 0xc4, 0x01, 0x00, 0x10, 0x15, 0x01, 0x00, 0x10, 0x25,
	0x09, 0x00, 0x00, 0x99, 0x01, 0x00, 0xa8, 0x06, 0x05, 0x00, 0xa4, 0x32, 0x02, 0x00,
	0x40, 0x9a, 0x02, 0x25, 0x00, 0x80, 0xc6, 0xed, 0x0f, 0xc4, 0x01, 0x00, 0xcc, 0x04,
	0xc6, 0xed, 0xc3, 0xcc, 0x01, 0x00, 0x14, 0xc0, 0x00, 0x00, 0x00, 0x90, 0x43, 0xec,
	0x0f, 0xc4, 0x17, 0x00, 0xcc, 0x14, 0x01, 0x00, 0xcc, 0x24, 0x0e, 0x00, 0xc0, 0x98,
	0xe7, 0xee, 0x0f, 0xc4, 0xfe, 0xff, 0x11, 0xc0, 0x09, 0xc0, 0xd0, 0x7c, 0x01, 0x00,
	0x54, 0x25, 0x0a, 0xc0, 0xd4, 0x7c, 0xe7, 0xee, 0xc3, 0xcc, 0x10, 0x00, 0x24, 0xc0,
	0x24, 0x27, 0x00, 0x8c, 0xe7, 0xee, 0x13, 0xc4, 0x01, 0x00, 0x10, 0x15, 0x01, 0x00,
	0x10, 0x25, 0x0c, 0x00, 0x15, 0x7d, 0xfa, 0xff, 0x0f, 0x95, 0x00, 0x00, 0x00, 0x90,
	0x0a, 0x00, 0x24, 0xc0, 0x24, 0x27, 0x00, 0x8c, 0xa2, 0x00, 0x18, 0xc4, 0x0c, 0x80,
	0x91, 0x7d, 0xfc, 0xff, 0x8f, 0x95, 0x00, 0x00, 0x00, 0x90, 0x02, 0x27, 0x11, 0xc4,
	0x1f, 0xfc, 0x17, 0xc0, 0x09, 0x00, 0x51, 0x7d, 0x00, 0x01, 0x1a, 0xc0, 0x0a, 0x00,
	0x19, 0x7d, 0x00, 0xe0, 0x1e, 0xc0, 0x02, 0x27, 0xdc, 0x29, 0x00, 0x00, 0x1d, 0xcd,
	0x00, 0x00, 0x00, 0x90, 0x40, 0x00, 0x3c, 0xc0, 0x5d, 0x37, 0x00, 0x8c, 0x97, 0x00,
	0x03, 0xd8, 0xe9, 0xee, 0x13, 0xc4, 0x01, 0x00, 0x10, 0x29, 0xe9, 0xee, 0x03, 0xcd,
	0x90, 0x00, 0x0b, 0xc4, 0x03, 0x00, 0x88, 0x30, 0x03, 0x00, 0x80, 0x98, 0x00, 0x00,
	0x14, 0xc0, 0x11, 0x25, 0x00, 0x8c, 0x7a, 0x24, 0x00, 0x8c, 0x1a, 0x37, 0x00, 0x8c,
	0x97, 0x00, 0x0b, 0xc4, 0x06, 0x00, 0x80, 0x94, 0xe9, 0xee, 0x13, 0xc4, 0xfe, 0xff,
	0x09, 0xc0, 0x09, 0x00, 0x09, 0x7d, 0xe9, 0xee, 0x03, 0xcd, 0xbc, 0x21, 0x00, 0x80,
	0x0c, 0x01, 0x0b, 0xc4, 0x06, 0x00, 0x80, 0x98, 0x0c, 0x01, 0x43, 0xd8, 0x10, 0x00,
	0x3c, 0xc0, 0x00, 0x00, 0x38, 0xc0, 0xaa, 0x36, 0x00, 0x8c, 0xb4, 0x36, 0x00, 0x8c,
	0x60, 0x00, 0x3c, 0xc0, 0xaa, 0x36, 0x00, 0x8c, 0xb4, 0x36, 0x00, 0x8c, 0x1b, 0x01,
	0x0b, 0xc4, 0x03, 0x00, 0x8c, 0x24, 0x10, 0x00, 0xc0, 0x94, 0xfc, 0x00, 0x3b, 0xc4,
	0x0a, 0x00, 0x8c, 0x17, 0xff, 0x01, 0xcc, 0x24, 0x04, 0x00, 0xc0, 0x98, 0x82, 0x00,
	0x0c, 0xc0, 0x0a, 0x00, 0xcc, 0x10, 0x0a, 0x80, 0x8f, 0x7f, 0x00, 0x20, 0x0e, 0xc0,
	0x0a, 0x80, 0x8f, 0x7f, 0xfb, 0x00, 0x83, 0xcf, 0x59, 0x00, 0x3c, 0xc0, 0x00, 0x00,
	0x34, 0xc0, 0xaa, 0x36, 0x00, 0x8c, 0xb4, 0x36, 0x00, 0x8c, 0x17, 0x30, 0x00, 0x8c,
	0x72, 0x29, 0x00, 0x8c, 0xb6, 0x29, 0x00, 0x8c, 0x04, 0x00, 0x08, 0xc0, 0x80, 0xed,
	0x83, 0xcc, 0x81, 0xed, 0x09, 0xc4, 0xff, 0xff, 0x8f, 0x98, 0x5c, 0x00, 0x3c, 0xc0,
	0x00, 0x00, 0x38, 0xc0, 0xaa, 0x36, 0x00, 0x8c, 0xb4, 0x36, 0x00, 0x8c, 0x13, 0x37,
	0x00, 0x8c, 0x90, 0x00, 0x13, 0xc4, 0x01, 0x00, 0x10, 0x31, 0x02, 0x00, 0x00, 0x99,
	0xe1, 0xee, 0x43, 0xd8, 0x02, 0x00, 0x10, 0xc0, 0x00, 0x00, 0x14, 0xc0, 0x41, 0x00,
	0x3c, 0xc0, 0x5d, 0x37, 0x00, 0x8c, 0x9b, 0x24, 0x00, 0x8c, 0x07, 0x00, 0x00, 0xd8,
	0x00, 0xec, 0x03, 0xd8, 0xbc, 0x21, 0x00, 0x80, 0x50, 0x00, 0x3c, 0xc0, 0x5d, 0x37,
	0x00, 0x8c, 0xe8, 0x27, 0x00, 0x8c, 0x01, 0x00, 0x3c, 0xc0, 0x34, 0x2a, 0x00, 0x8c,
	0xd6, 0x00, 0x0b, 0xc4, 0x31, 0xfb, 0x83, 0xcc, 0x9c, 0x33, 0x00, 0x8c, 0xb8, 0x21,
	0x00, 0x8c, 0xf3, 0x20, 0x00, 0x8c, 0xea, 0x28, 0x00, 0x8c, 0x40, 0x21, 0x00, 0x8c,
	0x83, 0x21, 0x00, 0x8c, 0x0f, 0x32, 0x00, 0x8c, 0xa6, 0x25, 0x00, 0x8c, 0x90, 0x00,
	0x13, 0xc4, 0x01, 0x00, 0x10, 0x31, 0x05, 0x00, 0x00, 0x99, 0x1b, 0x01, 0x0b, 0xc4,
	0x01, 0x00, 0x8c, 0x24, 0x02, 0x00, 0xc0, 0x94, 0x8f, 0x37, 0x00, 0x8c, 0x33, 0x37,
	0x00, 0x8c, 0x3c, 0x37, 0x00, 0x8c, 0xd9, 0x29, 0x00, 0x8c, 0xee, 0x29, 0x00, 0x8c,
	0x7c, 0xec, 0x03, 0xd8, 0xe9, 0xee, 0x13, 0xc4, 0xfe, 0xff, 0x15, 0xc0, 0x09, 0x00,
	0x15, 0x7d, 0xe9, 0xee, 0x03, 0xcd, 0x01, 0x00, 0x14, 0xc0, 0x11, 0x25, 0x00, 0x8c,
	0xe9, 0xee, 0x13, 0xc4, 0x02, 0x00, 0x10, 0x29, 0xe9, 0xee, 0x03, 0xcd, 0x82, 0xee,
	0x3f, 0xc4, 0x00, 0x40, 0x12, 0xc0, 0x0a, 0xc0, 0xd3, 0x7f, 0x82, 0xee, 0xc3, 0xcf,
	0x00, 0x00, 0x14, 0xc0, 0x11, 0x25, 0x00, 0x8c, 0x51, 0x00, 0x3c, 0xc0, 0x5d, 0x37,
	0x00, 0x8c, 0xbc, 0x21, 0x00, 0x80, 0xf1, 0x00, 0x43, 0xd8, 0x1b, 0x01, 0x0b, 0xc4,
	0x01, 0x00, 0x8c, 0x24, 0x1f, 0x00, 0xc0, 0x94, 0x61, 0x00, 0x3c, 0xc0, 0xaa, 0x36,
	0x00, 0x8c, 0xb4, 0x36, 0x00, 0x8c, 0x4b, 0x2b, 0x00, 0x8c, 0x1b, 0x01, 0x0b, 0xc4,
	0x00, 0x02, 0x8c, 0x24, 0x02, 0x00, 0xc0, 0x94, 0x72, 0x2d, 0x00, 0x8c, 0x07, 0x01,
	0x0b, 0xc4, 0x82, 0xe9, 0x81, 0xcc, 0x00, 0xe0, 0x0e, 0xc0, 0xb2, 0xe9, 0xcc, 0x28,
	0x00, 0x00, 0x8d, 0xcc, 0x1b, 0x01, 0x0b, 0xc4, 0x80, 0x00, 0x8c, 0x24, 0x09, 0x00,
	0xc0, 0x94, 0xf3, 0x00, 0x0b, 0xc4, 0x3f, 0x00, 0x8c, 0x24, 0x5e, 0x2f, 0x00, 0x8c,
	0x84, 0x01, 0x0f, 0xc4, 0x0c, 0xe8, 0xc1, 0xcc, 0x00, 0xe0, 0x0a, 0xc0, 0xcc, 0xe8,
	0x88, 0x28, 0x00, 0x00, 0xc9, 0xcc, 0x1b, 0x01, 0x0b, 0xc4, 0x08, 0x00, 0x8c, 0x24,
	0x04, 0x00, 0xc0, 0x94, 0xf2, 0x00, 0x0b, 0xc4, 0x0f, 0x00, 0x88, 0x24, 0xcd, 0x2f,
	0x00, 0x8c, 0x1b, 0x01, 0x0b, 0xc4, 0x10, 0x00, 0x8c, 0x24, 0x03, 0x00, 0xc0, 0x94,
	0x09, 0x01, 0x0b, 0xc4, 0x0f, 0xec, 0x83, 0xcc, 0x1b, 0x01, 0x0b, 0xc4, 0x20, 0x00,
	0x8c, 0x24, 0x03, 0x00, 0xc0, 0x94, 0x08, 0x01, 0x0b, 0xc4, 0x11, 0xec, 0x83, 0xcc,
	0x1b, 0x01, 0x0b, 0xc4, 0x40, 0x00, 0x8c, 0x24, 0x05, 0x00, 0xc0, 0x94, 0x20, 0x00,
	0x3c, 0xc0, 0x01, 0x00, 0x38, 0xc0, 0xaa, 0x36, 0x00, 0x8c, 0xb4, 0x36, 0x00, 0x8c,
	0x1b, 0x01, 0x0b, 0xc4, 0x88, 0xee, 0x83, 0xcc, 0xf1, 0x00, 0x03, 0xd8, 0x00, 0x00,
	0x00, 0x90, 0x77, 0xee, 0x43, 0xd8, 0x77, 0xee, 0x0b, 0xc4, 0x01, 0x00, 0x88, 0x30,
	0x04, 0x00, 0x80, 0x98, 0x09, 0x00, 0x24, 0xc0, 0x56, 0x27, 0x00, 0x8c, 0xdd, 0x25,
	0x00, 0x80, 0x42, 0xfb, 0x27, 0xc4, 0x03, 0x00, 0x64, 0x26, 0x04, 0x00, 0x40, 0x9a,
	0x09, 0x00, 0x24, 0xc0, 0x56, 0x27, 0x00, 0x8c, 0xe4, 0x25, 0x00, 0x80, 0x02, 0x00,
	0x9c, 0x15, 0x03, 0x00, 0xdc, 0x25, 0x02, 0x00, 0xa4, 0x11, 0x0c, 0x00, 0x64, 0x26,
	0x0a, 0x40, 0x5e, 0x7e, 0x1c, 0x00, 0xdc, 0x14, 0x04, 0x00, 0xdc, 0x11, 0x0a, 0x40,
	0xe6, 0x7d, 0x06, 0x00, 0x9c, 0x15, 0x0f, 0x00, 0xdc, 0x25, 0x08, 0x00, 0xdc, 0x11,
	0x0a, 0x40, 0x5e, 0x7e, 0x10, 0x00, 0x64, 0x12, 0xff, 0x00, 0xa8, 0x26, 0x08, 0x00,
	0x9c, 0x12, 0x07, 0x00, 0xdc, 0x29, 0x0a, 0x40, 0x5e, 0x7e, 0x41, 0xfb, 0x41, 0xce,
	0x41, 0xfb, 0x01, 0xcc, 0x41, 0xfb, 0x01, 0xcc, 0x41, 0xfb, 0x01, 0xcc, 0xff, 0x0f,
	0x1f, 0xc0, 0x09, 0x40, 0xde, 0x7c, 0x41, 0xfb, 0x41, 0xce, 0x41, 0xfb, 0x01, 0xcc,
	0x41, 0xfb, 0x01, 0xcc, 0x41, 0xfb, 0x01, 0xcc, 0x77, 0xee, 0x43, 0xd8, 0xbc, 0x21,
	0x00, 0x80, 0xe0, 0x00, 0x0b, 0xc4, 0x0a, 0x00, 0x80, 0x98, 0x7a, 0xee, 0x43, 0xd8,
	0x85, 0xee, 0x0b, 0xc4, 0x02, 0x00, 0x88, 0x24, 0x04, 0x00, 0x80, 0x94, 0xd1, 0x00,
	0x0b, 0xc4, 0x01, 0x00, 0x8c, 0x30, 0x03, 0x00, 0xc0, 0x98, 0xc0, 0x34, 0x00, 0x8c,
	0xbc, 0x21, 0x00, 0x80, 0xbb, 0x00, 0x0c, 0xc0, 0xd9, 0x00, 0xc3, 0xcc, 0x6b, 0xee,
	0x0b, 0xc4, 0x20, 0x00, 0x88, 0x28, 0xad, 0xff, 0x0e, 0xc0, 0xfa, 0xff, 0xcc, 0x28,
	0x09, 0x80, 0x8c, 0x7c, 0x6b, 0xee, 0x83, 0xcc, 0xe0, 0x00, 0x03, 0xd8, 0xe4, 0x00,
	0x03, 0xd8, 0x0c, 0x01, 0x0b, 0xc4, 0x07, 0x00, 0x80, 0x98, 0x0c, 0x01, 0x43, 0xd8,
	0x10, 0x00, 0x3c, 0xc0, 0x00, 0x00, 0x38, 0xc0, 0x9a, 0xed, 0x83, 0xcf, 0x99, 0xed,
	0xc3, 0xcf, 0xb4, 0x36, 0x00, 0x8c, 0x93, 0x00, 0x0b, 0xc4, 0x04, 0x00, 0x80, 0x94,
	0x93, 0x00, 0x03, 0xd8, 0x90, 0x00, 0x83, 0xd8, 0x32, 0x25, 0x00, 0x80, 0x08, 0xd8,
	0x09, 0xc4, 0xf0, 0x00, 0x88, 0x24, 0x09, 0x00, 0x80, 0x94, 0x6b, 0xee, 0x0b, 0xc4,
	0xdf, 0xff, 0x0d, 0xc0, 0x09, 0x80, 0x8c, 0x7c, 0xad, 0xff, 0x0e, 0xc0, 0xfa, 0xff,
	0xcc, 0x28, 0x09, 0x80, 0x8c, 0x7c, 0x6b, 0xee, 0x83, 0xcc, 0xbc, 0x21, 0x00, 0x80,
	0x49, 0xec, 0x0b, 0xc4, 0x01, 0x00, 0x9c, 0x24, 0x07, 0x00, 0xc0, 0x95, 0x64, 0x26,
	0x00, 0x8c, 0x1f, 0x00, 0x80, 0x9b, 0x13, 0xec, 0x13, 0xc4, 0xff, 0xff, 0x10, 0x25,
	0x02, 0x00, 0x10, 0x29, 0x13, 0xec, 0x03, 0xcd, 0x6b, 0xee, 0x0b, 0xc4, 0xdf, 0xff,
	0x0d, 0xc0, 0x09, 0x80, 0x8c, 0x7c, 0xad, 0xff, 0x0e, 0xc0, 0xfa, 0xff, 0xcc, 0x28,
	0x09, 0x80, 0x8c, 0x7c, 0x6b, 0xee, 0x83, 0xcc, 0x51, 0x24, 0x00, 0x8c, 0xdd, 0xec,
	0x0b, 0xc4, 0x0f, 0x00, 0x80, 0x94, 0x01, 0x00, 0x88, 0x08, 0x05, 0x00, 0x80, 0x94,
	0x9d, 0xed, 0x0c, 0xc0, 0x01, 0x00, 0x08, 0xc0, 0x00, 0x00, 0x8d, 0xcc, 0x55, 0x26,
	0x00, 0x80, 0x60, 0x0e, 0x0c, 0xc0, 0x01, 0x00, 0x08, 0xc0, 0x0f, 0x00, 0x18, 0xc0,
	0x04, 0x80, 0x98, 0x7c, 0x01, 0x00, 0x18, 0xc0, 0x08, 0x00, 0x98, 0x11, 0x0a, 0x80,
	0x98, 0x7c, 0x00, 0x00, 0x8d, 0xcc, 0x00, 0x00, 0x38, 0xc0, 0xbc, 0x21, 0x00, 0x80,
	0x7c, 0xec, 0x03, 0xd8, 0x6c, 0xee, 0x83, 0xcf, 0x6b, 0xee, 0x0b, 0xc4, 0xdf, 0xff,
	0x0d, 0xc0, 0x09, 0x80, 0x8c, 0x7c, 0xad, 0xff, 0x0e, 0xc0, 0xfa, 0xff, 0xcc, 0x28,
	0x09, 0x80, 0x8c, 0x7c, 0x6b, 0xee, 0x83, 0xcc, 0x22, 0x00, 0x3c, 0xc0, 0x5d, 0x37,
	0x00, 0x8c, 0xbc, 0x21, 0x00, 0x80, 0xbc, 0x21, 0x00, 0x80, 0x49, 0xec, 0x0b, 0xc4,
	0x08, 0x00, 0xac, 0x14, 0x07, 0x00, 0x2b, 0xc0, 0x09, 0xc0, 0xea, 0x7e, 0x01, 0x00,
	0x24, 0xc0, 0x00, 0x00, 0x20, 0xc0, 0x56, 0x35, 0x00, 0x8c, 0x03, 0x00, 0x00, 0x96,
	0x00, 0x04, 0x38, 0xc0, 0x80, 0x26, 0x00, 0x80, 0x66, 0x37, 0x00, 0x8c, 0xe4, 0x00,
	0x0b, 0xc4, 0x05, 0x00, 0x80, 0x98, 0xd0, 0x27, 0x00, 0x8c, 0x03, 0x00, 0x80, 0x9b,
	0x00, 0x05, 0x38, 0xc0, 0x80, 0x26, 0x00, 0x80, 0x59, 0x27, 0x00, 0x8c, 0x49, 0xec,
	0x0b, 0xc4, 0x02, 0x00, 0x9c, 0x24, 0x03, 0x00, 0xc0, 0x95, 0x61, 0x27, 0x00, 0x8c,
	0x35, 0x28, 0x00, 0x8c, 0x80, 0x31, 0x08, 0xc0, 0x87, 0xb0, 0x0e, 0xc0, 0x0a, 0x80,
	0x8c, 0x7c, 0x7c, 0xec, 0x83, 0xcc, 0x00, 0x00, 0x38, 0xc0, 0x00, 0x00, 0x00, 0x90,
	0x00, 0x40, 0x80, 0xdf, 0x03, 0x00, 0x88, 0x33, 0x04, 0x00, 0x80, 0x94, 0x8a, 0xa9,
	0x33, 0xc4, 0x00, 0x00, 0x2c, 0xc0, 0x73, 0x31, 0x00, 0x8c, 0x20, 0x31, 0x00, 0x8c,
	0x00, 0x80, 0x22, 0xc0, 0x3b, 0x31, 0x00, 0x8c, 0x00, 0x00, 0x38, 0xc0, 0x20, 0x31,
	0x00, 0x8c, 0x00, 0x00, 0x20, 0xc0, 0x3b, 0x31, 0x00, 0x8c, 0x00, 0x00, 0x38, 0xdc,
	0x12, 0x00, 0x88, 0x33, 0x04, 0x00, 0x80, 0x94, 0x8a, 0xa9, 0x33, 0xc4, 0x00, 0x00,
	0x2c, 0xc0, 0xab, 0x31, 0x00, 0x8c, 0x00, 0x00, 0x00, 0x90, 0x7a, 0xee, 0x43, 0xd8,
	0xe0, 0x00, 0x03, 0xd8, 0x6b, 0xee, 0x0b, 0xc4, 0x80, 0x00, 0x88, 0x28, 0xad, 0xff,
	0x0e, 0xc0, 0xfa, 0xff, 0xcc, 0x28, 0x09, 0x80, 0x8c, 0x7c, 0x6b, 0xee, 0x83, 0xcc,
	0xbd, 0x00, 0x0c, 0xc0, 0xd9, 0x00, 0xc3, 0xcc, 0x10, 0x00, 0x3c, 0xc0, 0x01, 0x00,
	0x38, 0xc0, 0x9a, 0xed, 0x83, 0xcf, 0x99, 0xed, 0xc3, 0xcf, 0xb4, 0x36, 0x00, 0x8c,
	0x3a, 0x27, 0x00, 0x8c, 0x0c, 0x00, 0x80, 0x9b, 0x07, 0x00, 0x2c, 0xc0, 0x00, 0x00,
	0x24, 0xc0, 0x46, 0x35, 0x00, 0x8c, 0x6b, 0xee, 0x0b, 0xc4, 0x7f, 0xff, 0x0d, 0xc0,
	0x09, 0x80, 0x8c, 0x7c, 0xad, 0xff, 0x0e, 0xc0, 0xfa, 0xff, 0xcc, 0x28, 0x09, 0x80,
	0x8c, 0x7c, 0x6b, 0xee, 0x83, 0xcc, 0xbc, 0x21, 0x00, 0x80, 0x6b, 0xee, 0x0b, 0xc4,
	0x7f, 0xff, 0x0d, 0xc0, 0x09, 0x80, 0x8c, 0x7c, 0xad, 0xff, 0x0e, 0xc0, 0xfa, 0xff,
	0xcc, 0x28, 0x09, 0x80, 0x8c, 0x7c, 0x6b, 0xee, 0x83, 0xcc, 0x6c, 0xee, 0x83, 0xcf,
	0xbc, 0x21, 0x00, 0x80, 0x96, 0x00, 0x43, 0xd8, 0x0c, 0x01, 0x03, 0xd8, 0xbc, 0x00,
	0x08, 0xc0, 0xd9, 0x00, 0x83, 0xcc, 0x6b, 0xee, 0x0b, 0xc4, 0x40, 0x00, 0x88, 0x28,
	0xad, 0xff, 0x0e, 0xc0, 0xfa, 0xff, 0xcc, 0x28, 0x09, 0x80, 0x8c, 0x7c, 0x6b, 0xee,
	0x83, 0xcc, 0x7c, 0xec, 0x03, 0xd8, 0x5e, 0x24, 0x00, 0x8c, 0x6c, 0x24, 0x00, 0x8c,
	0xe7, 0x24, 0x00, 0x8c, 0x4c, 0x30, 0x00, 0x8c, 0x7b, 0xee, 0x03, 0xd8, 0xdf, 0x27,
	0x00, 0x8c, 0x96, 0x00, 0x33, 0xc4, 0x03, 0x00, 0x00, 0x97, 0x7a, 0xee, 0x43, 0xd8,
	0x96, 0x00, 0x03, 0xd8, 0xb8, 0x34, 0x00, 0x8c, 0x74, 0x37, 0x00, 0x8c, 0xdf, 0x00,
	0x33, 0xc4, 0x0c, 0x00, 0x00, 0x97, 0x01, 0x00, 0x34, 0x27, 0x02, 0x00, 0x40, 0x97,
	0x80, 0xa9, 0x83, 0xd8, 0x02, 0x00, 0x34, 0x27, 0x02, 0x00, 0x40, 0x97, 0x02, 0xee,
	0x83, 0xd8, 0x04, 0x00, 0x34, 0x27, 0x02, 0x00, 0x40, 0x97, 0x03, 0xee, 0x83, 0xd8,
	0xdf, 0x00, 0x03, 0xd8, 0xde, 0x26, 0x00, 0x80, 0x11, 0x00, 0x3c, 0xc0, 0x00, 0x00,
	0x38, 0xc0, 0x9a, 0xed, 0x83, 0xcf, 0x99, 0xed, 0xc3, 0xcf, 0xb4, 0x36, 0x00, 0x8c,
	0x6b, 0xee, 0x0b, 0xc4, 0xbf, 0xff, 0x0d, 0xc0, 0x09, 0x80, 0x8c, 0x7c, 0xad, 0xff,
	0x0e, 0xc0, 0xfa, 0xff, 0xcc, 0x28, 0x09, 0x80, 0x8c, 0x7c, 0x6b, 0xee, 0x83, 0xcc,
	0xbc, 0x21, 0x00, 0x80, 0x7a, 0xee, 0x43, 0xd8, 0x0c, 0x01, 0x03, 0xd8, 0xbe, 0x00,
	0x08, 0xc0, 0xd9, 0x00, 0x83, 0xcc, 0x5e, 0x24, 0x00, 0x8c, 0x6c, 0x24, 0x00, 0x8c,
	0xe7, 0x24, 0x00, 0x8c, 0x6b, 0xee, 0x0b, 0xc4, 0x00, 0x01, 0x88, 0x28, 0xad, 0xff,
	0x0e, 0xc0, 0xfa, 0xff, 0xcc, 0x28, 0x09, 0x80, 0x8c, 0x7c, 0x6b, 0xee, 0x83, 0xcc,
	0x7c, 0xec, 0x03, 0xd8, 0x6b, 0xee, 0x0b, 0xc4, 0x08, 0x00, 0x88, 0x24, 0x02, 0x00,
	0x80, 0x94, 0xaf, 0x27, 0x00, 0x8c, 0x67, 0xee, 0x0b, 0xc4, 0x04, 0x00, 0x88, 0x24,
	0x02, 0x00, 0x80, 0x98, 0x30, 0x27, 0x00, 0x8c, 0x67, 0xee, 0x0f, 0xc4, 0x20, 0x00,
	0xcc, 0x24, 0x05, 0x00, 0xcc, 0x14, 0x67, 0xee, 0x13, 0xc4, 0x04, 0x00, 0x10, 0x25,
	0x02, 0x00, 0x10, 0x15, 0xc2, 0x27, 0x00, 0x8c, 0x74, 0x37, 0x00, 0x8c, 0xb8, 0x34,
	0x00, 0x8c, 0x11, 0x00, 0x3c, 0xc0, 0x01, 0x00, 0x38, 0xc0, 0x9a, 0xed, 0x83, 0xcf,
	0x99, 0xed, 0xc3, 0xcf, 0xb4, 0x36, 0x00, 0x8c, 0x6b, 0xee, 0x0b, 0xc4, 0xff, 0xfe,
	0x0d, 0xc0, 0x09, 0x80, 0x8c, 0x7c, 0xad, 0xff, 0x0e, 0xc0, 0xfa, 0xff, 0xcc, 0x28,
	0x09, 0x80, 0x8c, 0x7c, 0x6b, 0xee, 0x83, 0xcc, 0x67, 0xee, 0x0b, 0xc4, 0x20, 0x00,
	0x88, 0x24, 0x7e, 0xff, 0x8f, 0x98, 0xbc, 0x21, 0x00, 0x80, 0x66, 0xee, 0xc3, 0xd8,
	0x67, 0xee, 0x13, 0xc4, 0x04, 0x00, 0x10, 0x25, 0x02, 0x00, 0x10, 0x15, 0x67, 0xee,
	0x17, 0xc4, 0x20, 0x00, 0x54, 0x25, 0x05, 0x00, 0x54, 0x15, 0x09, 0x00, 0x15, 0x7d,
	0xf9, 0xff, 0x0f, 0x95, 0x00, 0x00, 0x00, 0x90, 0x01, 0x00, 0x64, 0x0a, 0xff, 0xff,
	0x4f, 0x9a, 0x00, 0x00, 0x00, 0x90, 0x67, 0xee, 0x13, 0xc4, 0x04, 0x00, 0x10, 0x25,
	0x02, 0x00, 0x10, 0x15, 0x01, 0x00, 0x10, 0x25, 0x66, 0xee, 0x03, 0xcd, 0x67, 0xee,
	0x13, 0xc4, 0x20, 0x00, 0x10, 0x25, 0xfe, 0xff, 0x0f, 0x99, 0x00, 0x00, 0x00, 0x90,
	0x67, 0xee, 0x13, 0xc4, 0x20, 0x00, 0x10, 0x25, 0x05, 0x00, 0x10, 0x15, 0x01, 0x00,
	0x10, 0x11, 0x01, 0x00, 0x10, 0x29, 0x66, 0xee, 0x03, 0xcd, 0x67, 0xee, 0x13, 0xc4,
	0x04, 0x00, 0x10, 0x25, 0xfe, 0xff, 0x0f, 0x95, 0x00, 0x00, 0x00, 0x90, 0xc5, 0xec,
	0x0b, 0xc4, 0x01, 0x00, 0x9c, 0x24, 0x11, 0x00, 0xc0, 0x95, 0x67, 0xee, 0x0b, 0xc4,
	0x20, 0x00, 0x88, 0x24, 0x06, 0x00, 0x80, 0x94, 0x4f, 0x27, 0x00, 0x8c, 0x03, 0x00,
	0x80, 0x9b, 0x10, 0x05, 0x38, 0xc0, 0x4e, 0x27, 0x00, 0x80, 0x27, 0x27, 0x00, 0x8c,
	0xc5, 0xec, 0x0b, 0xc4, 0x02, 0x00, 0x9c, 0x24, 0x06, 0x00, 0xc0, 0x95, 0x6b, 0xee,
	0x0b, 0xc4, 0x10, 0x00, 0x88, 0x14, 0x08, 0x00, 0x88, 0x24, 0x02, 0x00, 0x80, 0x98,
	0x99, 0x27, 0x00, 0x8c, 0x00, 0x00, 0x38, 0xc0, 0x00, 0x00, 0x00, 0x90, 0x11, 0x00,
	0x0e, 0xc0, 0x1e, 0x28, 0x00, 0x8c, 0x03, 0x00, 0x38, 0xc0, 0x29, 0x28, 0x00, 0x8c,
	0x00, 0x40, 0x38, 0x28, 0x01, 0x28, 0x00, 0x8c, 0x00, 0x00, 0x00, 0x90, 0x01, 0x00,
	0x64, 0x0a, 0xff, 0xff, 0x4f, 0x9a, 0x00, 0x00, 0x00, 0x90, 0x66, 0xee, 0x03, 0xd8,
	0x67, 0xee, 0x13, 0xc4, 0x20, 0x00, 0x10, 0x25, 0xfe, 0xff, 0x0f, 0x99, 0x67, 0xee,
	0x13, 0xc4, 0x04, 0x00, 0x10, 0x25, 0xfe, 0xff, 0x0f, 0x99, 0x00, 0x00, 0x00, 0x90,
	0x6b, 0xee, 0x0b, 0xc4, 0x08, 0x00, 0x88, 0x24, 0x1a, 0x00, 0x80, 0x98, 0x01, 0x00,
	0x0a, 0xc0, 0xfa, 0xff, 0x88, 0x28, 0x01, 0x00, 0x0c, 0xc0, 0x53, 0x28, 0x00, 0x8c,
	0x4d, 0xec, 0x2f, 0xc4, 0x18, 0x00, 0xec, 0x16, 0xff, 0x00, 0xec, 0x26, 0x00, 0x00,
	0x24, 0xc0, 0x46, 0x35, 0x00, 0x8c, 0x6b, 0xee, 0x0b, 0xc4, 0x08, 0x00, 0x88, 0x28,
	0xad, 0xff, 0x0e, 0xc0, 0xfa, 0xff, 0xcc, 0x28, 0x09, 0x80, 0x8c, 0x7c, 0x6b, 0xee,
	0x83, 0xcc, 0x6b, 0xee, 0x0b, 0xc4, 0x08, 0x00, 0x0e, 0xc0, 0x0a, 0x80, 0x8c, 0x7c,
	0xad, 0xff, 0x0e, 0xc0, 0xfa, 0xff, 0xcc, 0x28, 0x09, 0x80, 0x8c, 0x7c, 0x6b, 0xee,
	0x83, 0xcc, 0x3d, 0x28, 0x00, 0x8c, 0x32, 0x28, 0x00, 0x8c, 0xde, 0x28, 0x00, 0x8c,
	0x00, 0x00, 0x00, 0x90, 0x01, 0x00, 0x0a, 0xc0, 0xfa, 0xff, 0x88, 0x28, 0x00, 0x00,
	0x0c, 0xc0, 0x53, 0x28, 0x00, 0x8c, 0x00, 0x00, 0x24, 0xc0, 0x4d, 0xec, 0x2f, 0xc4,
	0x18, 0x00, 0xec, 0x16, 0xff, 0x00, 0xec, 0x26, 0x46, 0x35, 0x00, 0x8c, 0x6b, 0xee,
	0x0b, 0xc4, 0xf7, 0xff, 0x0d, 0xc0, 0x09, 0x80, 0x8c, 0x7c, 0xad, 0xff, 0x0e, 0xc0,
	0xfa, 0xff, 0xcc, 0x28, 0x09, 0x80, 0x8c, 0x7c, 0x6b, 0xee, 0x83, 0xcc, 0x6b, 0xee,
	0x0b, 0xc4, 0xf7, 0xff, 0x0f, 0xc0, 0x09, 0x80, 0x8c, 0x7c, 0xad, 0xff, 0x0e, 0xc0,
	0xfa, 0xff, 0xcc, 0x28, 0x09, 0x80, 0x8c, 0x7c, 0x6b, 0xee, 0x83, 0xcc, 0x3d, 0x28,
	0x00, 0x8c, 0x32, 0x28, 0x00, 0x8c, 0xe4, 0x28, 0x00, 0x8c, 0x00, 0x00, 0x00, 0x90,
	0x67, 0xee, 0x0b, 0xc4, 0x20, 0x00, 0x88, 0x24, 0xfe, 0xff, 0x8f, 0x98, 0x01, 0x00,
	0x0a, 0xc0, 0x02, 0xfe, 0x88, 0x28, 0x01, 0x00, 0x0c, 0xc0, 0x53, 0x28, 0x00, 0x8c,
	0x4d, 0xec, 0x2f, 0xc4, 0x18, 0x00, 0xec, 0x16, 0xff, 0x00, 0xec, 0x26, 0x00, 0x00,
	0x24, 0xc0, 0x46, 0x35, 0x00, 0x8c, 0x6b, 0xee, 0x0b, 0xc4, 0x08, 0x00, 0x0e, 0xc0,
	0x0a, 0x80, 0x8c, 0x7c, 0xad, 0xff, 0x0e, 0xc0, 0xfa, 0xff, 0xcc, 0x28, 0x09, 0x80,
	0x8c, 0x7c, 0x6b, 0xee, 0x83, 0xcc, 0x35, 0x28, 0x00, 0x8c, 0x5e, 0xec, 0x03, 0xcc,
	0x00, 0x00, 0x00, 0x90, 0x01, 0x00, 0x0a, 0xc0, 0x42, 0xfe, 0x88, 0x28, 0x00, 0x00,
	0x0c, 0xc0, 0x53, 0x28, 0x00, 0x8c, 0x00, 0x00, 0x24, 0xc0, 0x4d, 0xec, 0x2f, 0xc4,
	0x18, 0x00, 0xec, 0x16, 0xff, 0x00, 0xec, 0x26, 0x46, 0x35, 0x00, 0x8c, 0x6b, 0xee,
	0x13, 0xc4, 0xf7, 0xff, 0x15, 0xc0, 0x09, 0x00, 0x15, 0x7d, 0xad, 0xff, 0x16, 0xc0,
	0xfa, 0xff, 0x54, 0x29, 0x09, 0x00, 0x15, 0x7d, 0x6b, 0xee, 0x03, 0xcd, 0x3d, 0x28,
	0x00, 0x8c, 0x32, 0x28, 0x00, 0x8c, 0x00, 0x00, 0x00, 0x90, 0x09, 0x40, 0xd1, 0x7c,
	0x1c, 0x00, 0x40, 0x99, 0x0a, 0x40, 0xd1, 0x7c, 0x0b, 0x00, 0x40, 0x95, 0x09, 0x00,
	0x00, 0x95, 0x03, 0x80, 0x38, 0x28, 0x01, 0x28, 0x00, 0x8c, 0x00, 0x40, 0x38, 0x28,
	0x01, 0x28, 0x00, 0x8c, 0x03, 0x00, 0x38, 0x28, 0x29, 0x28, 0x00, 0x8c, 0x11, 0x00,
	0x0e, 0xc0, 0x1e, 0x28, 0x00, 0x8c, 0x00, 0x00, 0x00, 0x90, 0x01, 0x00, 0x38, 0xc0,
	0x03, 0x20, 0x0d, 0xc4, 0xa0, 0x00, 0xd0, 0x24, 0xa0, 0x00, 0x10, 0x31, 0x0a, 0x00,
	0x00, 0x99, 0x01, 0x00, 0x0e, 0xc0, 0x1e, 0x28, 0x00, 0x8c, 0x03, 0x0f, 0x39, 0xc0,
	0x29, 0x28, 0x00, 0x8c, 0x00, 0x80, 0x38, 0x28, 0x01, 0x28, 0x00, 0x8c, 0x03, 0x00,
	0x80, 0x97, 0x00, 0x40, 0x38, 0x28, 0x01, 0x28, 0x00, 0x8c, 0x00, 0x00, 0x00, 0x90,
	0x03, 0x80, 0x38, 0x28, 0x01, 0x28, 0x00, 0x8c, 0x0c, 0x40, 0x38, 0x28, 0x01, 0x28,
	0x00, 0x8c, 0x00, 0x00, 0x38, 0x28, 0x29, 0x28, 0x00, 0x8c, 0x00, 0x00, 0x0e, 0xc0,
	0x1e, 0x28, 0x00, 0x8c, 0x00, 0x00, 0x00, 0x90, 0x03, 0x80, 0x38, 0x28, 0x01, 0x28,
	0x00, 0x8c, 0x0c, 0x40, 0x38, 0x28, 0x01, 0x28, 0x00, 0x8c, 0x00, 0x00, 0x00, 0x90,
	0x00, 0x80, 0x38, 0x28, 0x01, 0x28, 0x00, 0x8c, 0x03, 0x00, 0x80, 0x97, 0x00, 0x40,
	0x38, 0x28, 0x01, 0x28, 0x00, 0x8c, 0x00, 0x00, 0x00, 0x90, 0x9a, 0xf8, 0x01, 0xcd,
	0xba, 0xf8, 0x01, 0xcd, 0x9a, 0xf8, 0x2d, 0xc4, 0x01, 0x00, 0xec, 0x26, 0xfe, 0xff,
	0xcf, 0x9a, 0xba, 0xf8, 0x2d, 0xc4, 0x01, 0x00, 0xec, 0x26, 0xfe, 0xff, 0xcf, 0x9a,
	0x00, 0x00, 0x00, 0x90, 0x9a, 0xf8, 0x11, 0xc4, 0xfe, 0xff, 0x0d, 0xc0, 0x09, 0x00,
	0xd1, 0x7c, 0xf3, 0x27, 0x00, 0x8c, 0x00, 0x00, 0x00, 0x90, 0x03, 0x20, 0x81, 0xcf,
	0x00, 0x40, 0xa0, 0x27, 0x00, 0x40, 0x20, 0x32, 0x00, 0x80, 0xa4, 0x27, 0x00, 0x80,
	0x64, 0x32, 0x00, 0x40, 0xa8, 0x33, 0x00, 0x80, 0xac, 0x33, 0x0a, 0x80, 0xae, 0x7e,
	0x03, 0x20, 0x35, 0xc4, 0x40, 0x00, 0x50, 0x27, 0x10, 0x00, 0x58, 0x27, 0x00, 0x00,
	0x14, 0x31, 0x09, 0x40, 0x61, 0x7d, 0x00, 0x00, 0x9c, 0x31, 0x09, 0xc0, 0xe5, 0x7d,
	0x0a, 0x80, 0x5f, 0x7d, 0x0b, 0x00, 0x80, 0x9b, 0xc0, 0x00, 0x50, 0x27, 0xc0, 0x00,
	0x14, 0x31, 0x09, 0x40, 0x61, 0x7d, 0x30, 0x00, 0x58, 0x27, 0x30, 0x00, 0x9c, 0x31,
	0x09, 0xc0, 0xe5, 0x7d, 0x0a, 0x80, 0x5f, 0x7d, 0x04, 0x00, 0x80, 0x9b, 0xef, 0xff,
	0x8f, 0x9a, 0x1d, 0x28, 0x00, 0x80, 0x01, 0x00, 0xb8, 0x2f, 0x00, 0x00, 0x00, 0x90,
	0x25, 0x20, 0x39, 0xc4, 0xee, 0xff, 0x0b, 0xc0, 0x09, 0x80, 0x8b, 0x7f, 0x0a, 0x80,
	0x8f, 0x7f, 0x25, 0x20, 0x81, 0xcf, 0x25, 0x20, 0x39, 0xc4, 0x11, 0x00, 0x0a, 0xc0,
	0x09, 0x80, 0x8b, 0x7f, 0x0b, 0x80, 0x8f, 0x7f, 0xf7, 0xff, 0x8f, 0x9b, 0x00, 0x00,
	0x00, 0x90, 0x78, 0x30, 0x81, 0xcf, 0x00, 0x40, 0x00, 0xdf, 0x01, 0x01, 0xb8, 0x27,
	0x78, 0x30, 0x31, 0xc4, 0x01, 0x01, 0x30, 0x27, 0x0c, 0x00, 0x3b, 0x7f, 0xfd, 0xff,
	0x0f, 0x97, 0x00, 0x00, 0x30, 0xdc, 0x00, 0x00, 0x00, 0x90, 0x5e, 0xec, 0x03, 0xcc,
	0x5e, 0xec, 0x03, 0xcc, 0x00, 0x00, 0x00, 0x90, 0x0c, 0x00, 0x2c, 0xc0, 0x01, 0x00,
	0xec, 0x0a, 0xff, 0xff, 0xcf, 0x9a, 0x61, 0xec, 0x2f, 0xc4, 0xff, 0xff, 0xcf, 0x9a,
	0x61, 0xec, 0x2f, 0xc4, 0xff, 0xff, 0xcf, 0x9a, 0x00, 0x00, 0x00, 0x90, 0x40, 0x00,
	0x2c, 0xc0, 0x00, 0x00, 0x24, 0xc0, 0x46, 0x35, 0x00, 0x8c, 0x61, 0xec, 0x17, 0xc4,
	0xff, 0xff, 0x4f, 0x99, 0x00, 0x00, 0x00, 0x90, 0x3f, 0x00, 0x0a, 0xc0, 0x01, 0x00,
	0x0c, 0xc0, 0x02, 0x00, 0x12, 0xc0, 0x02, 0x4c, 0x10, 0x29, 0xce, 0x28, 0x00, 0x8c,
	0x03, 0x00, 0x12, 0xc0, 0x02, 0x4c, 0x10, 0x29, 0xce, 0x28, 0x00, 0x8c, 0x01, 0x00,
	0x08, 0xc0, 0x02, 0x00, 0x12, 0xc0, 0xfb, 0x0f, 0x10, 0x29, 0xce, 0x28, 0x00, 0x8c,
	0x03, 0x00, 0x12, 0xc0, 0xfb, 0x0f, 0x10, 0x29, 0xce, 0x28, 0x00, 0x8c, 0x00, 0x00,
	0x00, 0x90, 0x3d, 0x28, 0x00, 0x8c, 0xff, 0xff, 0x15, 0xc0, 0x5e, 0xec, 0x43, 0xcd,
	0x60, 0xec, 0xc3, 0xcc, 0x5f, 0xec, 0x83, 0xcc, 0x00, 0x00, 0x00, 0x90, 0x7a, 0x28,
	0x00, 0x8c, 0x5d, 0x28, 0x00, 0x8c, 0xe1, 0xee, 0x43, 0xd8, 0xbc, 0x21, 0x00, 0x80,
	0x07, 0x00, 0x0a, 0xc0, 0x03, 0x00, 0x88, 0x28, 0xdc, 0xee, 0x0f, 0xc4, 0x13, 0x00,
	0x12, 0xc0, 0xfb, 0xff, 0x10, 0x29, 0xce, 0x28, 0x00, 0x8c, 0xdd, 0xee, 0x0f, 0xc4,
	0x14, 0x00, 0x12, 0xc0, 0xfb, 0xff, 0x10, 0x29, 0xce, 0x28, 0x00, 0x8c, 0x08, 0x00,
	0x0e, 0xc0, 0x90, 0x00, 0xcc, 0x28, 0x12, 0x00, 0x12, 0xc0, 0xfb, 0xff, 0x10, 0x29,
	0xce, 0x28, 0x00, 0x8c, 0xde, 0xee, 0x0f, 0xc4, 0x13, 0x00, 0x12, 0xc0, 0xfb, 0xff,
	0x10, 0x29, 0xce, 0x28, 0x00, 0x8c, 0xdf, 0xee, 0x0f, 0xc4, 0x14, 0x00, 0x12, 0xc0,
	0xfb, 0xff, 0x10, 0x29, 0xce, 0x28, 0x00, 0x8c, 0x08, 0x00, 0x0e, 0xc0, 0x90, 0x00,
	0xcc, 0x28, 0x12, 0x00, 0x12, 0xc0, 0xfb, 0xff, 0x10, 0x29, 0xce, 0x28, 0x00, 0x8c,
	0x00, 0x00, 0x00, 0x90, 0xff, 0xff, 0x11, 0xc0, 0xe1, 0x03, 0x03, 0xcd, 0xe2, 0x03,
	0x03, 0xd8, 0xe2, 0xee, 0x03, 0xd8, 0xdb, 0xee, 0x17, 0xc4, 0xe3, 0x03, 0x43, 0xcd,
	0x00, 0x00, 0x30, 0xc0, 0x01, 0x00, 0x01, 0x7f, 0xac, 0x21, 0x00, 0x8c, 0x47, 0x00,
	0x80, 0x99, 0x07, 0x00, 0x0a, 0xc0, 0x03, 0x00, 0x88, 0x28, 0x08, 0x00, 0x0e, 0xc0,
	0xd0, 0x01, 0xcc, 0x28, 0x12, 0x00, 0x12, 0xc0, 0xfb, 0xff, 0x10, 0x29, 0xce, 0x28,
	0x00, 0x8c, 0x59, 0xec, 0xc3, 0xd8, 0x00, 0x00, 0x18, 0x33, 0x07, 0x00, 0x80, 0x99,
	0x01, 0x00, 0x18, 0x33, 0x09, 0x00, 0x80, 0x99, 0x02, 0x00, 0x18, 0x33, 0x0a, 0x00,
	0x80, 0x99, 0x03, 0x00, 0x18, 0x33, 0xca, 0x28, 0x00, 0x80, 0x0c, 0x00, 0x18, 0xc0,
	0x01, 0x00, 0x0a, 0xc0, 0x03, 0x00, 0x88, 0x28, 0x9e, 0x28, 0x00, 0x80, 0x0a, 0x00,
	0x18, 0xc0, 0x02, 0x00, 0x0a, 0xc0, 0x9e, 0x28, 0x00, 0x80, 0x0a, 0x00, 0x18, 0xc0,
	0x04, 0x00, 0x0a, 0xc0, 0x9e, 0x28, 0x00, 0x80, 0x15, 0x00, 0x12, 0xc0, 0xf9, 0xff,
	0x10, 0x29, 0x5e, 0xec, 0x83, 0xcc, 0x5f, 0xec, 0x03, 0xcd, 0x00, 0x00, 0x3c, 0xc0,
	0x10, 0x00, 0x2c, 0xc0, 0x00, 0x00, 0x24, 0xc0, 0x46, 0x35, 0x00, 0x8c, 0x61, 0xec,
	0x17, 0xc4, 0x1e, 0x00, 0x54, 0x15, 0x01, 0x00, 0x54, 0x25, 0xfa, 0xff, 0x4f, 0x95,
	0x5d, 0xec, 0x0d, 0xc4, 0x01, 0x00, 0xcc, 0x14, 0xff, 0x3f, 0x14, 0xc0, 0x09, 0xc0,
	0xd4, 0x7c, 0xe3, 0x03, 0x17, 0xc4, 0x08, 0x00, 0x40, 0x99, 0xe1, 0x03, 0x1f, 0xc4,
	0x0f, 0xc0, 0xcd, 0x7d, 0x02, 0x00, 0xc0, 0x99, 0xbe, 0x28, 0x00, 0x80, 0xe1, 0x03,
	0xc3, 0xcc, 0xe2, 0xee, 0xc3, 0xcc, 0xbe, 0x28, 0x00, 0x80, 0xe2, 0x03, 0x1f, 0xc4,
	0x0f, 0xc0, 0xdd, 0x7c, 0x02, 0x00, 0xc0, 0x99, 0xbe, 0x28, 0x00, 0x80, 0xe2, 0x03,
	0xc3, 0xcc, 0xe2, 0xee, 0xc3, 0xcc, 0xbe, 0x28, 0x00, 0x80, 0x01, 0x00, 0xfc, 0x07,
	0x0c, 0x80, 0xd8, 0x7f, 0xe3, 0xff, 0x8f, 0x94, 0x10, 0x00, 0x2c, 0xc0, 0x00, 0x00,
	0x24, 0xc0, 0x46, 0x35, 0x00, 0x8c, 0x61, 0xec, 0x17, 0xc4, 0x1e, 0x00, 0x54, 0x15,
	0x01, 0x00, 0x54, 0x25, 0x03, 0x00, 0x40, 0x95, 0x5d, 0xec, 0x15, 0xc4, 0xc1, 0x28,
	0x00, 0x80, 0x01, 0x00, 0x30, 0x07, 0x03, 0x00, 0x3c, 0x3f, 0xb5, 0xff, 0xcf, 0x97,
	0x00, 0x00, 0x00, 0x90, 0x5e, 0xec, 0x83, 0xcc, 0x60, 0xec, 0xc3, 0xcc, 0x5f, 0xec,
	0x03, 0xcd, 0x3d, 0x28, 0x00, 0x8c, 0x00, 0x00, 0x00, 0x90, 0x13, 0x29, 0x00, 0x8c,
	0x01, 0x00, 0xa8, 0x16, 0xff, 0x1f, 0xa8, 0x26, 0x12, 0x00, 0xa8, 0x12, 0x01, 0x00,
	0x64, 0x16, 0xff, 0x1f, 0x64, 0x26, 0x05, 0x00, 0x64, 0x12, 0x0a, 0x80, 0xa6, 0x7e,
	0x0a, 0x80, 0xa2, 0x7e, 0x08, 0xee, 0x83, 0xce, 0x00, 0x00, 0x00, 0x90, 0x00, 0x01,
	0x12, 0xc0, 0x14, 0x00, 0x10, 0x29, 0x00, 0xee, 0x17, 0xc4, 0x0a, 0x40, 0x15, 0x7d,
	0x00, 0xee, 0x43, 0xcd, 0x00, 0x00, 0x00, 0x90, 0xff, 0xfe, 0x12, 0xc0, 0xeb, 0xff,
	0x10, 0x29, 0x00, 0xee, 0x17, 0xc4, 0x09, 0x40, 0x15, 0x7d, 0x00, 0xee, 0x43, 0xcd,
	0x00, 0x00, 0x00, 0x90, 0x48, 0xec, 0x0d, 0xc4, 0x04, 0x00, 0xcc, 0x24, 0x07, 0x00,
	0xc0, 0x98, 0x1a, 0xec, 0x09, 0xc4, 0xfe, 0xff, 0x0e, 0xc0, 0xff, 0x7f, 0xcc, 0x28,
	0x09, 0x80, 0x8c, 0x7c, 0x1a, 0xec, 0x81, 0xcc, 0xf8, 0x28, 0x00, 0x80, 0x1a, 0xec,
	0x09, 0xc4, 0x01, 0x00, 0x0e, 0xc0, 0x00, 0x80, 0xcc, 0x28, 0x0a, 0x80, 0x8c, 0x7c,
	0x1a, 0xec, 0x81, 0xcc, 0x00, 0x00, 0x00, 0x90, 0x9b, 0xec, 0x2b, 0xc4, 0xff, 0xff,
	0x8f, 0x9a, 0x00, 0x00, 0x00, 0x90, 0xff, 0xff, 0x1b, 0xc0, 0x00, 0x00, 0x8b, 0xc7,
	0x0c, 0x80, 0x88, 0x7d, 0x13, 0x00, 0x80, 0x98, 0x1a, 0x29, 0x00, 0x8c, 0x02, 0x00,
	0xb8, 0x07, 0x00, 0x00, 0xa7, 0xc7, 0x0f, 0x00, 0x0b, 0xc0, 0x09, 0x80, 0xa4, 0x7c,
	0x8b, 0xec, 0x83, 0xcc, 0x14, 0x00, 0x48, 0x16, 0x93, 0xec, 0x83, 0xcc, 0x03, 0x00,
	0x24, 0xc0, 0x08, 0xee, 0x43, 0xce, 0x1a, 0x29, 0x00, 0x8c, 0x02, 0x00, 0xb8, 0x0b,
	0x00, 0x00, 0xab, 0xc7, 0x01, 0x00, 0xb8, 0x07, 0x00, 0x00, 0xa7, 0xc7, 0x02, 0x00,
	0xb8, 0x07, 0xd3, 0x28, 0x00, 0x8c, 0xfd, 0x28, 0x00, 0x80, 0x00, 0x00, 0x00, 0x90,
	0x10, 0x00, 0x08, 0xc0, 0x01, 0x00, 0x88, 0x08, 0xff, 0xff, 0x8f, 0x98, 0x88, 0xec,
	0x0b, 0xc4, 0x02, 0x00, 0x88, 0x24, 0xfb, 0xff, 0x8f, 0x98, 0x00, 0x00, 0x00, 0x90,
	0x10, 0x00, 0x08, 0xc0, 0x01, 0x00, 0x88, 0x08, 0xff, 0xff, 0x8f, 0x98, 0x88, 0xec,
	0x0b, 0xc4, 0x01, 0x00, 0x88, 0x24, 0xfb, 0xff, 0x8f, 0x94, 0x00, 0x00, 0x00, 0x90,
	0xdb, 0xee, 0x0b, 0xc4, 0x01, 0x00, 0x88, 0x24, 0x1f, 0x00, 0x80, 0x94, 0x1b, 0x01,
	0x0b, 0xc4, 0x40, 0x00, 0x88, 0x28, 0x1b, 0x01, 0x83, 0xcc, 0x20, 0x00, 0x3c, 0xc0,
	0x01, 0x00, 0x38, 0xc0, 0x9a, 0xed, 0x83, 0xcf, 0x99, 0xed, 0xc3, 0xcf, 0xb4, 0x36,
	0x00, 0x8c, 0x31, 0xfb, 0x09, 0xc4, 0x00, 0x04, 0x88, 0x28, 0x31, 0xfb, 0x81, 0xcc,
	0x0a, 0x00, 0x08, 0xc0, 0x10, 0x00, 0x88, 0x10, 0x0a, 0x00, 0x88, 0x28, 0x17, 0xe8,
	0x81, 0xcc, 0xd7, 0xe8, 0x81, 0xcc, 0x02, 0x00, 0x0c, 0xc0, 0x0a, 0x00, 0xc8, 0x10,
	0x05, 0x00, 0xcc, 0x10, 0x0a, 0x80, 0x8c, 0x7c, 0x02, 0x00, 0x88, 0x28, 0x18, 0xe8,
	0x81, 0xcc, 0xd8, 0xe8, 0x81, 0xcc, 0x0c, 0xe8, 0x09, 0xc4, 0x02, 0x00, 0x0e, 0xc0,
	0x0a, 0x80, 0x8c, 0x7c, 0x0c, 0xe8, 0x81, 0xcc, 0xcc, 0xe8, 0x81, 0xcc, 0xe1, 0xee,
	0x43, 0xd8, 0xbc, 0x21, 0x00, 0x80, 0x0b, 0x01, 0x03, 0xd8, 0x1b, 0x01, 0x0b, 0xc4,
	0xff, 0xff, 0x0e, 0xc0, 0xbf, 0xff, 0xcc, 0x28, 0x09, 0x80, 0x8c, 0x7c, 0x1b, 0x01,
	0x83, 0xcc, 0x20, 0x00, 0x3c, 0xc0, 0x00, 0x00, 0x38, 0xc0, 0x9a, 0xed, 0x83, 0xcf,
	0x99, 0xed, 0xc3, 0xcf, 0x0c, 0xe8, 0x09, 0xc4, 0xfd, 0x00, 0x0e, 0xc0, 0xff, 0xff,
	0xcc, 0x28, 0x09, 0x80, 0x8c, 0x7c, 0x0c, 0xe8, 0x81, 0xcc, 0xcc, 0xe8, 0x81, 0xcc,
	0xb4, 0x36, 0x00, 0x8c, 0x59, 0x00, 0x3c, 0xc0, 0xf9, 0x00, 0x3b, 0xc4, 0xf8, 0x00,
	0x37, 0xc4, 0xaa, 0x36, 0x00, 0x8c, 0xb4, 0x36, 0x00, 0x8c, 0x17, 0x30, 0x00, 0x8c,
	0xe1, 0xee, 0x43, 0xd8, 0xbc, 0x21, 0x00, 0x80, 0xdb, 0xee, 0x0b, 0xc4, 0x00, 0x00,
	0x88, 0x30, 0x05, 0x00, 0x80, 0x98, 0xdc, 0xee, 0x3b, 0xc4, 0x99, 0x00, 0x83, 0xcf,
	0xdd, 0xee, 0x3b, 0xc4, 0x9a, 0x00, 0x83, 0xcf, 0x1b, 0x01, 0x0f, 0xc4, 0xff, 0xf7,
	0xcc, 0x24, 0xdb, 0xee, 0x0b, 0xc4, 0x01, 0x00, 0x90, 0x24, 0x0b, 0x00, 0x10, 0x11,
	0x0a, 0xc0, 0x0c, 0x7d, 0x1b, 0x01, 0xc3, 0xcc, 0x88, 0xee, 0xc3, 0xcc, 0xe1, 0xee,
	0x43, 0xd8, 0xbc, 0x21, 0x00, 0x80, 0x90, 0x00, 0xc3, 0xd8, 0xdc, 0xee, 0x3b, 0xc4,
	0x99, 0x00, 0x83, 0xcf, 0xdd, 0xee, 0x3b, 0xc4, 0x9a, 0x00, 0x83, 0xcf, 0x32, 0x25,
	0x00, 0x80, 0xff, 0xbf, 0x09, 0xc0, 0x7c, 0xec, 0x83, 0xcc, 0x7b, 0xee, 0xc3, 0xd8,
	0xf4, 0xee, 0x43, 0xd8, 0x7b, 0xee, 0x0b, 0xc4, 0x03, 0x00, 0x88, 0x24, 0x03, 0x00,
	0x8c, 0x30, 0xf4, 0xee, 0x13, 0xc4, 0x01, 0x00, 0x10, 0x25, 0x01, 0x00, 0x14, 0x31,
	0x09, 0x40, 0xd5, 0x7c, 0xf9, 0xff, 0x4f, 0x95, 0x02, 0x00, 0x24, 0xc0, 0x24, 0x27,
	0x00, 0x8c, 0x18, 0xec, 0x0d, 0xc4, 0x00, 0x01, 0xcc, 0x24, 0xf5, 0xee, 0x11, 0xc4,
	0x11, 0x00, 0x10, 0x15, 0x01, 0x00, 0x10, 0x25, 0x0a, 0xc0, 0xd0, 0x7c, 0x0a, 0x00,
	0xc0, 0x94, 0x7a, 0xee, 0x43, 0xd8, 0xf3, 0xee, 0x43, 0xd8, 0x18, 0xec, 0x0d, 0xc4,
	0x00, 0x01, 0xcc, 0x24, 0xf5, 0xee, 0x11, 0xc4, 0x11, 0x00, 0x10, 0x15, 0x01, 0x00,
	0x10, 0x25, 0x0a, 0xc0, 0xd0, 0x7c, 0xf8, 0xff, 0xcf, 0x98, 0x4c, 0x30, 0x00, 0x8c,
	0xdf, 0x27, 0x00, 0x8c, 0x02, 0x27, 0x09, 0xc4, 0xff, 0x7f, 0x0c, 0xc0, 0xfe, 0xff,
	0x12, 0xc0, 0x0a, 0xc0, 0xd0, 0x7c, 0x09, 0x80, 0x8c, 0x7c, 0x00, 0x80, 0x88, 0x28,
	0x00, 0xe0, 0x16, 0xc0, 0x02, 0x27, 0x54, 0x29, 0x00, 0x00, 0x95, 0xcc, 0x8a, 0xa9,
	0x2b, 0xc4, 0x00, 0x00, 0x2c, 0xc0, 0x03, 0x00, 0xec, 0x12, 0x05, 0x80, 0xae, 0x7e,
	0x80, 0x00, 0xac, 0x26, 0x07, 0x00, 0xc0, 0x96, 0x60, 0x00, 0xac, 0x26, 0x05, 0x00,
	0xec, 0x16, 0x03, 0x00, 0xec, 0x32, 0x03, 0x00, 0xc0, 0x96, 0x07, 0xc8, 0x29, 0xc4,
	0x55, 0xc8, 0x81, 0xce, 0x90, 0x00, 0x3b, 0xc4, 0x01, 0x00, 0xb8, 0x33, 0x03, 0x00,
	0x80, 0x9b, 0x00, 0x40, 0x3a, 0xc0, 0x01, 0x00, 0xb8, 0x2b, 0x81, 0x26, 0x00, 0x8c,
	0x90, 0x00, 0x0b, 0xc4, 0x01, 0x00, 0x88, 0x30, 0x06, 0x00, 0x80, 0x98, 0x07, 0x00,
	0x20, 0xc0, 0x5c, 0x33, 0x00, 0x8c, 0x61, 0x33, 0x00, 0x8c, 0x00, 0x00, 0x20, 0xc0,
	0x5c, 0x33, 0x00, 0x8c, 0x00, 0x00, 0x00, 0x90, 0x03, 0x00, 0x08, 0xc0, 0x80, 0xed,
	0x83, 0xcc, 0x6b, 0xee, 0x13, 0xc4, 0x00, 0x02, 0x10, 0x29, 0xad, 0xff, 0x1e, 0xc0,
	0xfa, 0xff, 0xdc, 0x29, 0x09, 0x00, 0x1d, 0x7d, 0x6b, 0xee, 0x03, 0xcd, 0x12, 0x00,
	0x38, 0xc0, 0x81, 0x26, 0x00, 0x8c, 0x01, 0x00, 0x3c, 0xc0, 0x08, 0x2a, 0x00, 0x8c,
	0x31, 0xfb, 0x0b, 0xc4, 0xd6, 0x00, 0x83, 0xcc, 0x01, 0x00, 0x34, 0xc0, 0x36, 0x33,
	0x00, 0x8c, 0x4a, 0x24, 0x00, 0x8c, 0x82, 0xe9, 0x09, 0xc4, 0x07, 0x01, 0x83, 0xcc,
	0x00, 0x00, 0x0e, 0xc0, 0x1e, 0x28, 0x00, 0x8c, 0x55, 0x36, 0x00, 0x8c, 0x29, 0x25,
	0x00, 0x8c, 0x02, 0x20, 0x31, 0xc4, 0x14, 0x00, 0x30, 0x17, 0x01, 0x00, 0x30, 0x27,
	0xfd, 0xff, 0x0f, 0x9b, 0x6b, 0xee, 0x0b, 0xc4, 0xff, 0xfd, 0x0d, 0xc0, 0x09, 0x80,
	0x8c, 0x7c, 0xad, 0xff, 0x0e, 0xc0, 0xfa, 0xff, 0xcc, 0x28, 0x09, 0x80, 0x8c, 0x7c,
	0x6b, 0xee, 0x83, 0xcc, 0x00, 0x00, 0x00, 0x90, 0x7b, 0xee, 0xc3, 0xd8, 0x00, 0x00,
	0x34, 0xc0, 0x36, 0x33, 0x00, 0x8c, 0x02, 0x00, 0x08, 0xc0, 0x8f, 0x33, 0x00, 0x8c,
	0x03, 0x00, 0x38, 0xc0, 0x29, 0x28, 0x00, 0x8c, 0x03, 0xc9, 0x09, 0xc4, 0x01, 0x00,
	0x88, 0x24, 0x04, 0x00, 0x80, 0x94, 0x00, 0x3c, 0x0a, 0xc0, 0x04, 0xc9, 0x81, 0xcc,
	0xe7, 0x29, 0x00, 0x80, 0x02, 0xa8, 0x01, 0xd8, 0xb8, 0x30, 0x0d, 0xc4, 0x02, 0x00,
	0xcc, 0x28, 0xb8, 0x30, 0xc1, 0xcc, 0x03, 0x00, 0x38, 0xc0, 0x81, 0x26, 0x00, 0x8c,
	0x4a, 0x24, 0x00, 0x8c, 0x00, 0x00, 0x00, 0x90, 0x00, 0xca, 0x09, 0xc4, 0x01, 0x00,
	0x88, 0x24, 0x03, 0x00, 0x80, 0x94, 0xcd, 0x33, 0x00, 0x8c, 0xf4, 0x29, 0x00, 0x80,
	0xb5, 0x33, 0x00, 0x8c, 0x03, 0xa8, 0x01, 0xd8, 0x00, 0x00, 0x38, 0xc0, 0x29, 0x28,
	0x00, 0x8c, 0x87, 0x20, 0x09, 0xc4, 0x3a, 0x00, 0x88, 0x18, 0xa0, 0x21, 0x0d, 0xc4,
	0x2f, 0x00, 0xcc, 0x18, 0x0a, 0x80, 0x8c, 0x7c, 0xfb, 0xff, 0x8f, 0x98, 0x04, 0x00,
	0x38, 0xc0, 0x81, 0x26, 0x00, 0x8c, 0x7b, 0xee, 0x03, 0xd8, 0x6e, 0x12, 0x0d, 0xc4,
	0x6e, 0x18, 0x11, 0xc4, 0x09, 0xc0, 0xd0, 0x7c, 0x00, 0x80, 0x12, 0xc0, 0x09, 0xc0,
	0xd0, 0x7c, 0xfb, 0xff, 0xcf, 0x94, 0xfc, 0x27, 0x00, 0x8c, 0x00, 0x00, 0x00, 0x90,
	0x40, 0x21, 0x00, 0x8c, 0x80, 0xec, 0xc3, 0xd8, 0x03, 0x00, 0x12, 0xc0, 0xc2, 0x25,
	0x01, 0xcd, 0xd9, 0xee, 0x43, 0xd8, 0x0c, 0x00, 0xc0, 0x97, 0x00, 0x00, 0x20, 0xc0,
	0x68, 0x33, 0x00, 0x8c, 0x8a, 0x33, 0x00, 0x8c, 0x6d, 0x33, 0x00, 0x8c, 0x76, 0x33,
	0x00, 0x8c, 0x7b, 0x33, 0x00, 0x8c, 0x80, 0x33, 0x00, 0x8c, 0x7c, 0x01, 0x3b, 0xc4,
	0x3b, 0x01, 0xb8, 0x07, 0xfc, 0x28, 0x00, 0x8c, 0x22, 0x2a, 0x00, 0x80, 0x00, 0x00,
	0x20, 0xc0, 0x68, 0x33, 0x00, 0x8c, 0x6d, 0x33, 0x00, 0x8c, 0x76, 0x33, 0x00, 0x8c,
	0x80, 0x33, 0x00, 0x8c, 0x85, 0x33, 0x00, 0x8c, 0x7e, 0x01, 0x3b, 0xc4, 0x3b, 0x01,
	0xb8, 0x07, 0xfc, 0x28, 0x00, 0x8c, 0x7b, 0x01, 0x3b, 0xc4, 0x3b, 0x01, 0xb8, 0x07,
	0xfc, 0x28, 0x00, 0x8c, 0x7d, 0x01, 0x3b, 0xc4, 0x3b, 0x01, 0xb8, 0x07, 0xfc, 0x28,
	0x00, 0x8c, 0xf9, 0x28, 0x00, 0x8c, 0x4a, 0x24, 0x00, 0x8c, 0xd9, 0xee, 0x03, 0xd8,
	0xc2, 0x25, 0x01, 0xcc, 0x80, 0xec, 0x83, 0xd8, 0x02, 0x00, 0xc0, 0x97, 0x00, 0x00,
	0x00, 0x90, 0x3a, 0x01, 0x17, 0xc4, 0x10, 0x00, 0x54, 0x11, 0x00, 0x00, 0x54, 0x29,
	0x4d, 0xfb, 0x43, 0xcd, 0xbc, 0x21, 0x00, 0x80, 0x6b, 0xee, 0x0b, 0xc4, 0x00, 0x04,
	0x88, 0x28, 0xad, 0xff, 0x12, 0xc0, 0xfa, 0xff, 0x10, 0x29, 0x09, 0x80, 0x90, 0x7c,
	0x6b, 0xee, 0x83, 0xcc, 0x40, 0x21, 0x00, 0x8c, 0x80, 0xec, 0xc3, 0xd8, 0x03, 0x00,
	0x12, 0xc0, 0xc2, 0x25, 0x01, 0xcd, 0xd9, 0xee, 0x43, 0xd8, 0x0c, 0x00, 0xc0, 0x97,
	0x01, 0x00, 0x20, 0xc0, 0x68, 0x33, 0x00, 0x8c, 0x8a, 0x33, 0x00, 0x8c, 0x6d, 0x33,
	0x00, 0x8c, 0x76, 0x33, 0x00, 0x8c, 0x7b, 0x33, 0x00, 0x8c, 0x80, 0x33, 0x00, 0x8c,
	0x7c, 0x01, 0x3b, 0xc4, 0x3b, 0x01, 0xb8, 0x07, 0xfc, 0x28, 0x00, 0x8c, 0x54, 0x2a,
	0x00, 0x80, 0x01, 0x00, 0x20, 0xc0, 0x68, 0x33, 0x00, 0x8c, 0x6d, 0x33, 0x00, 0x8c,
	0x76, 0x33, 0x00, 0x8c, 0x80, 0x33, 0x00, 0x8c, 0x85, 0x33, 0x00, 0x8c, 0x7e, 0x01,
	0x3b, 0xc4, 0x3b, 0x01, 0xb8, 0x07, 0xfc, 0x28, 0x00, 0x8c, 0x7b, 0x01, 0x3b, 0xc4,
	0x3b, 0x01, 0xb8, 0x07, 0xfc, 0x28, 0x00, 0x8c, 0x7d, 0x01, 0x3b, 0xc4, 0x3b, 0x01,
	0xb8, 0x07, 0xfc, 0x28, 0x00, 0x8c, 0xf9, 0x28, 0x00, 0x8c, 0x4a, 0x24, 0x00, 0x8c,
	0x08, 0xd8, 0x39, 0xc4, 0x08, 0xd8, 0x81, 0xcf, 0xd9, 0xee, 0x03, 0xd8, 0xc2, 0x25,
	0x01, 0xcc, 0x6b, 0xee, 0x0b, 0xc4, 0xff, 0xfb, 0x0d, 0xc0, 0x09, 0x80, 0x8c, 0x7c,
	0xad, 0xff, 0x0e, 0xc0, 0xfa, 0xff, 0xcc, 0x28, 0x09, 0x80, 0x8c, 0x7c, 0x6b, 0xee,
	0x83, 0xcc, 0x02, 0x00, 0xc0, 0x97, 0x00, 0x00, 0x00, 0x90, 0xc6, 0x32, 0x00, 0x8c,
	0x4d, 0xfb, 0x03, 0xd8, 0xbc, 0x21, 0x00, 0x80, 0xe1, 0xee, 0x43, 0xd8, 0xbc, 0x21,
	0x00, 0x80, 0xe1, 0xee, 0x43, 0xd8, 0xbc, 0x21, 0x00, 0x80, 0xdb, 0xee, 0x0b, 0xc4,
	0xf9, 0x00, 0x83, 0xcc, 0xdc, 0xee, 0x0b, 0xc4, 0xf8, 0x00, 0x83, 0xcc, 0xe1, 0xee,
	0x43, 0xd8, 0xbc, 0x21, 0x00, 0x80, 0x1b, 0x01, 0x0b, 0xc4, 0x03, 0x00, 0x8c, 0x24,
	0x24, 0x03, 0xc0, 0x98, 0xf4, 0x00, 0x03, 0xd8, 0xf6, 0x00, 0x03, 0xd8, 0xf7, 0x00,
	0x03, 0xd8, 0xf8, 0x00, 0x03, 0xd8, 0xf9, 0x00, 0x03, 0xd8, 0xfa, 0x00, 0x03, 0xd8,
	0xfb, 0x00, 0x03, 0xd8, 0x21, 0x00, 0x08, 0xc0, 0x5f, 0x2e, 0x00, 0x8c, 0xff, 0xf7,
	0xcc, 0x24, 0x00, 0x04, 0xcc, 0x28, 0x7c, 0x2e, 0x00, 0x8c, 0x00, 0x00, 0x10, 0xc0,
	0x21, 0x00, 0x08, 0xc0, 0x6a, 0x2e, 0x00, 0x8c, 0xff, 0xf7, 0xcc, 0x24, 0x00, 0x04,
	0xcc, 0x28, 0x87, 0x2e, 0x00, 0x8c, 0x01, 0x00, 0x10, 0x05, 0x03, 0x00, 0x1c, 0x31,
	0xf9, 0xff, 0xcf, 0x95, 0x23, 0x00, 0x08, 0xc0, 0x5f, 0x2e, 0x00, 0x8c, 0xff, 0xf7,
	0xcc, 0x24, 0x00, 0x04, 0xcc, 0x28, 0x7c, 0x2e, 0x00, 0x8c, 0x00, 0x00, 0x10, 0xc0,
	0x23, 0x00, 0x08, 0xc0, 0x6a, 0x2e, 0x00, 0x8c, 0xff, 0xf7, 0xcc, 0x24, 0x00, 0x04,
	0xcc, 0x28, 0x87, 0x2e, 0x00, 0x8c, 0x01, 0x00, 0x10, 0x05, 0x03, 0x00, 0x1c, 0x31,
	0xf9, 0xff, 0xcf, 0x95, 0x25, 0x00, 0x08, 0xc0, 0x5f, 0x2e, 0x00, 0x8c, 0x00, 0x08,
	0xcc, 0x28, 0x7c, 0x2e, 0x00, 0x8c, 0x00, 0x00, 0x10, 0xc0, 0x25, 0x00, 0x08, 0xc0,
	0x6a, 0x2e, 0x00, 0x8c, 0x00, 0x08, 0xcc, 0x28, 0x87, 0x2e, 0x00, 0x8c, 0x01, 0x00,
	0x10, 0x05, 0x03, 0x00, 0x1c, 0x31, 0xfa, 0xff, 0xcf, 0x95, 0x27, 0x00, 0x08, 0xc0,
	0x5f, 0x2e, 0x00, 0x8c, 0x00, 0x08, 0xcc, 0x28, 0x7c, 0x2e, 0x00, 0x8c, 0x00, 0x00,
	0x10, 0xc0, 0x27, 0x00, 0x08, 0xc0, 0x6a, 0x2e, 0x00, 0x8c, 0x00, 0x08, 0xcc, 0x28,
	0x87, 0x2e, 0x00, 0x8c, 0x01, 0x00, 0x10, 0x05, 0x03, 0x00, 0x1c, 0x31, 0xfa, 0xff,
	0xcf, 0x95, 0xaa, 0x00, 0x08, 0xc0, 0x82, 0xe9, 0x81, 0xcc, 0x00, 0xe0, 0x16, 0xc0,
	0xb2, 0xe9, 0x54, 0x29, 0x00, 0x00, 0x95, 0xcc, 0x24, 0xef, 0x0f, 0xc4, 0x00, 0x80,
	0x08, 0xc0, 0x0a, 0xc0, 0xc8, 0x7c, 0x24, 0xef, 0xc3, 0xcc, 0x00, 0x00, 0x3c, 0xc0,
	0x01, 0x00, 0xc1, 0x7f, 0xac, 0x21, 0x00, 0x8c, 0x06, 0x00, 0x80, 0x99, 0x1a, 0x00,
	0xf8, 0x13, 0x3b, 0xef, 0x8f, 0xc7, 0x00, 0x80, 0x08, 0xc0, 0x0a, 0x80, 0x8c, 0x7c,
	0x3b, 0xef, 0xbb, 0xcc, 0x01, 0x00, 0xfc, 0x07, 0x03, 0x00, 0xf8, 0x33, 0xf6, 0xff,
	0x8f, 0x97, 0x01, 0x00, 0x08, 0xc0, 0x30, 0xef, 0x83, 0xcc, 0x00, 0x00, 0x3c, 0xc0,
	0x01, 0x00, 0xc1, 0x7f, 0xac, 0x21, 0x00, 0x8c, 0x04, 0x00, 0x80, 0x99, 0x1a, 0x00,
	0xf8, 0x13, 0x01, 0x00, 0x08, 0xc0, 0x47, 0xef, 0xbb, 0xcc, 0x01, 0x00, 0xfc, 0x07,
	0x03, 0x00, 0xf8, 0x33, 0xf8, 0xff, 0x8f, 0x97, 0x00, 0xfe, 0x15, 0xc0, 0x24, 0xef,
	0x0f, 0xc4, 0x09, 0xc0, 0xd4, 0x7c, 0x10, 0x00, 0xcc, 0x28, 0x24, 0xef, 0xc3, 0xcc,
	0x27, 0xef, 0x34, 0xc0, 0x3f, 0x2f, 0x00, 0x8c, 0x00, 0x00, 0x10, 0xc0, 0xac, 0x21,
	0x00, 0x8c, 0x09, 0x00, 0x80, 0x99, 0x1a, 0x00, 0x38, 0x11, 0x3b, 0xef, 0x8f, 0xc7,
	0x09, 0xc0, 0xd4, 0x7c, 0x10, 0x00, 0xcc, 0x28, 0x3b, 0xef, 0xfb, 0xcc, 0x3e, 0xef,
	0x34, 0xc0, 0x0a, 0x40, 0x7b, 0x7f, 0x3f, 0x2f, 0x00, 0x8c, 0x01, 0x00, 0x10, 0x05,
	0x03, 0x00, 0x38, 0x31, 0xf4, 0xff, 0x8f, 0x97, 0x02, 0x00, 0x08, 0xc0, 0x5f, 0x2e,
	0x00, 0x8c, 0x00, 0x0c, 0xcc, 0x28, 0x7c, 0x2e, 0x00, 0x8c, 0x00, 0x00, 0x10, 0xc0,
	0x02, 0x00, 0x08, 0xc0, 0x6a, 0x2e, 0x00, 0x8c, 0x00, 0x0c, 0xcc, 0x28, 0x87, 0x2e,
	0x00, 0x8c, 0x01, 0x00, 0x10, 0x05, 0x03, 0x00, 0x1c, 0x31, 0xfa, 0xff, 0xcf, 0x95,
	0xf1, 0x00, 0x0b, 0xc4, 0x03, 0x00, 0x80, 0x94, 0x06, 0x01, 0x0b, 0xc4, 0xfb, 0x2a,
	0x00, 0x80, 0xdb, 0xee, 0x0b, 0xc4, 0x0a, 0x00, 0x8c, 0x14, 0xff, 0x01, 0xcc, 0x24,
	0x01, 0x00, 0xc0, 0x94, 0x23, 0x2e, 0x00, 0x8c, 0x42, 0x2e, 0x00, 0x8c, 0xba, 0x00,
	0x08, 0xc0, 0x82, 0xe9, 0x81, 0xcc, 0x00, 0xe0, 0x16, 0xc0, 0xb2, 0xe9, 0x54, 0x29,
	0x00, 0x00, 0x95, 0xcc, 0x14, 0x00, 0x08, 0xc0, 0xff, 0x2e, 0x00, 0x8c, 0x06, 0x2f,
	0x00, 0x8c, 0xdb, 0xee, 0x0b, 0xc4, 0xf4, 0x00, 0x83, 0xcc, 0xf7, 0x00, 0x83, 0xcc,
	0xff, 0x01, 0x88, 0x24, 0x26, 0x2f, 0x00, 0x8c, 0x2d, 0x2f, 0x00, 0x8c, 0xfa, 0x00,
	0x08, 0xc0, 0x82, 0xe9, 0x81, 0xcc, 0x00, 0xe0, 0x16, 0xc0, 0xb2, 0xe9, 0x54, 0x29,
	0x00, 0x00, 0x95, 0xcc, 0x1b, 0x01, 0x0b, 0xc4, 0x02, 0x00, 0x88, 0x28, 0x1b, 0x01,
	0x83, 0xcc, 0xe1, 0xee, 0x43, 0xd8, 0xbc, 0x21, 0x00, 0x80, 0x1b, 0x01, 0x0b, 0xc4,
	0x03, 0x00, 0x8c, 0x24, 0x82, 0x02, 0xc0, 0x98, 0xf4, 0x00, 0x03, 0xd8, 0x01, 0x00,
	0x08, 0xc0, 0xf4, 0x00, 0x0b, 0xd8, 0xf6, 0x00, 0x03, 0xd8, 0xf7, 0x00, 0x03, 0xd8,
	0xf8, 0x00, 0x03, 0xd8, 0xf9, 0x00, 0x03, 0xd8, 0xfa, 0x00, 0x03, 0xd8, 0xfb, 0x00,
	0x03, 0xd8, 0x30, 0xe8, 0x09, 0xc4, 0x01, 0x00, 0x88, 0x28, 0x30, 0xe8, 0x81, 0xcc,
	0x00, 0x00, 0x3c, 0xc0, 0x01, 0x00, 0xc1, 0x7f, 0xac, 0x21, 0x00, 0x8c, 0x05, 0x00,
	0x80, 0x99, 0x1a, 0x00, 0xf8, 0x13, 0xf0, 0xe8, 0x89, 0xc7, 0x01, 0x00, 0x88, 0x28,
	0xf0, 0xe8, 0xb9, 0xcc, 0x01, 0x00, 0xfc, 0x07, 0x03, 0x00, 0xf8, 0x33, 0xf7, 0xff,
	0x8f, 0x97, 0x9f, 0x2d, 0x00, 0x8c, 0x00, 0x00, 0x10, 0xc0, 0xac, 0x21, 0x00, 0x8c,
	0x03, 0x00, 0x80, 0x99, 0x1a, 0x00, 0x38, 0x11, 0xe1, 0x2d, 0x00, 0x8c, 0x01, 0x00,
	0x10, 0x05, 0x03, 0x00, 0x38, 0x31, 0xfa, 0xff, 0x8f, 0x97, 0x00, 0x00, 0x10, 0xc0,
	0x18, 0x01, 0x14, 0xc0, 0x01, 0x40, 0x51, 0x7d, 0xf4, 0x00, 0x1b, 0xc5, 0x77, 0xfb,
	0x43, 0xcd, 0x78, 0xfb, 0x83, 0xcd, 0x00, 0x00, 0x10, 0xc0, 0x35, 0x01, 0x14, 0xc0,
	0x77, 0xfb, 0x43, 0xcd, 0x78, 0xfb, 0x03, 0xcd, 0x01, 0x00, 0x10, 0xc0, 0x18, 0x01,
	0x14, 0xc0, 0x01, 0x40, 0x51, 0x7d, 0xf4, 0x00, 0x1b, 0xc5, 0x77, 0xfb, 0x43, 0xcd,
	0x78, 0xfb, 0x83, 0xcd, 0x21, 0x00, 0x08, 0xc0, 0x5f, 0x2e, 0x00, 0x8c, 0x00, 0x04,
	0xcc, 0x28, 0x7c, 0x2e, 0x00, 0x8c, 0x00, 0x00, 0x10, 0xc0, 0x21, 0x00, 0x08, 0xc0,
	0x6a, 0x2e, 0x00, 0x8c, 0x00, 0x04, 0xcc, 0x28, 0x87, 0x2e, 0x00, 0x8c, 0x01, 0x00,
	0x10, 0x05, 0x03, 0x00, 0x1c, 0x31, 0xfa, 0xff, 0xcf, 0x95, 0x23, 0x00, 0x08, 0xc0,
	0x5f, 0x2e, 0x00, 0x8c, 0x00, 0x04, 0xcc, 0x28, 0x7c, 0x2e, 0x00, 0x8c, 0x00, 0x00,
	0x10, 0xc0, 0x23, 0x00, 0x08, 0xc0, 0x6a, 0x2e, 0x00, 0x8c, 0x00, 0x04, 0xcc, 0x28,
	0x87, 0x2e, 0x00, 0x8c, 0x01, 0x00, 0x10, 0x05, 0x03, 0x00, 0x1c, 0x31, 0xfa, 0xff,
	0xcf, 0x95, 0x25, 0x00, 0x08, 0xc0, 0x5f, 0x2e, 0x00, 0x8c, 0xff, 0xf7, 0xcc, 0x24,
	0xff, 0xfb, 0xcc, 0x24, 0x7c, 0x2e, 0x00, 0x8c, 0x00, 0x00, 0x10, 0xc0, 0x25, 0x00,
	0x08, 0xc0, 0x6a, 0x2e, 0x00, 0x8c, 0xff, 0xf7, 0xcc, 0x24, 0xff, 0xfb, 0xcc, 0x24,
	0x87, 0x2e, 0x00, 0x8c, 0x01, 0x00, 0x10, 0x05, 0x03, 0x00, 0x1c, 0x31, 0xf9, 0xff,
	0xcf, 0x95, 0x27, 0x00, 0x08, 0xc0, 0x5f, 0x2e, 0x00, 0x8c, 0xff, 0xf7, 0xcc, 0x24,
	0xff, 0xfb, 0xcc, 0x24, 0x7c, 0x2e, 0x00, 0x8c, 0x00, 0x00, 0x10, 0xc0, 0x27, 0x00,
	0x08, 0xc0, 0x6a, 0x2e, 0x00, 0x8c, 0xff, 0xf7, 0xcc, 0x24, 0xff, 0xfb, 0xcc, 0x24,
	0x87, 0x2e, 0x00, 0x8c, 0x01, 0x00, 0x10, 0x05, 0x03, 0x00, 0x1c, 0x31, 0xf9, 0xff,
	0xcf, 0x95, 0x16, 0x00, 0x08, 0xc0, 0x5f, 0x2e, 0x00, 0x8c, 0x00, 0xfe, 0xcc, 0x24,
	0x10, 0x00, 0xcc, 0x28, 0x7c, 0x2e, 0x00, 0x8c, 0x00, 0x00, 0x10, 0xc0, 0x16, 0x00,
	0x08, 0xc0, 0x6a, 0x2e, 0x00, 0x8c, 0x00, 0xfe, 0xcc, 0x24, 0x10, 0x00, 0xcc, 0x28,
	0x87, 0x2e, 0x00, 0x8c, 0x01, 0x00, 0x10, 0x05, 0x03, 0x00, 0x1c, 0x31, 0xf9, 0xff,
	0xcf, 0x95, 0x2b, 0x00, 0x08, 0xc0, 0x5f, 0x2e, 0x00, 0x8c, 0x01, 0x00, 0x12, 0xc0,
	0x0a, 0xc0, 0xd0, 0x7c, 0x7c, 0x2e, 0x00, 0x8c, 0x00, 0x00, 0x10, 0xc0, 0x2b, 0x00,
	0x08, 0xc0, 0x6a, 0x2e, 0x00, 0x8c, 0x01, 0x00, 0x16, 0xc0, 0x0a, 0xc0, 0xd4, 0x7c,
	0x87, 0x2e, 0x00, 0x8c, 0x01, 0x00, 0x10, 0x05, 0x03, 0x00, 0x1c, 0x31, 0xf9, 0xff,
	0xcf, 0x95, 0x2b, 0x00, 0x08, 0xc0, 0x5f, 0x2e, 0x00, 0x8c, 0x11, 0x00, 0xcc, 0x14,
	0x01, 0x00, 0xcc, 0x24, 0xfc, 0xff, 0xcf, 0x94, 0x00, 0x00, 0x10, 0xc0, 0x7f, 0x01,
	0x1b, 0xc4, 0x01, 0x00, 0x20, 0xc0, 0x04, 0x00, 0x34, 0x41, 0x04, 0x00, 0x36, 0x7e,
	0x09, 0x80, 0xa1, 0x7d, 0x06, 0x00, 0x80, 0x99, 0x2b, 0x00, 0x08, 0xc0, 0x6a, 0x2e,
	0x00, 0x8c, 0x11, 0x00, 0xcc, 0x14, 0x01, 0x00, 0xcc, 0x24, 0xfc, 0xff, 0xcf, 0x94,
	0x01, 0x00, 0x10, 0x05, 0x03, 0x00, 0x1c, 0x31, 0xf3, 0xff, 0xcf, 0x95, 0x2b, 0x00,
	0x08, 0xc0, 0x5f, 0x2e, 0x00, 0x8c, 0xfe, 0xff, 0x13, 0xc0, 0x09, 0xc0, 0xd0, 0x7c,
	0x7c, 0x2e, 0x00, 0x8c, 0x00, 0x00, 0x10, 0xc0, 0x2b, 0x00, 0x08, 0xc0, 0x6a, 0x2e,
	0x00, 0x8c, 0xfe, 0xff, 0x17, 0xc0, 0x09, 0xc0, 0xd4, 0x7c, 0x87, 0x2e, 0x00, 0x8c,
	0x01, 0x00, 0x10, 0x05, 0x03, 0x00, 0x1c, 0x31, 0xf9, 0xff, 0xcf, 0x95, 0x2b, 0x00,
	0x08, 0xc0, 0x5f, 0x2e, 0x00, 0x8c, 0x11, 0x00, 0xcc, 0x14, 0x01, 0x00, 0xcc, 0x24,
	0xfc, 0xff, 0xcf, 0x98, 0x00, 0x00, 0x10, 0xc0, 0x7f, 0x01, 0x1b, 0xc4, 0x01, 0x00,
	0x20, 0xc0, 0x04, 0x00, 0x34, 0x41, 0x04, 0x00, 0x36, 0x7e, 0x09, 0x80, 0xa1, 0x7d,
	0x06, 0x00, 0x80, 0x99, 0x2b, 0x00, 0x08, 0xc0, 0x6a, 0x2e, 0x00, 0x8c, 0x11, 0x00,
	0xcc, 0x14, 0x01, 0x00, 0xcc, 0x24, 0xfc, 0xff, 0xcf, 0x98, 0x01, 0x00, 0x10, 0x05,
	0x03, 0x00, 0x1c, 0x31, 0xf3, 0xff, 0xcf, 0x95, 0x18, 0x00, 0x08, 0xc0, 0x17, 0x00,
	0x0c, 0xc0, 0x05, 0x00, 0xcc, 0x10, 0x17, 0x00, 0xcc, 0x28, 0x05, 0x00, 0xcc, 0x10,
	0x17, 0x00, 0xcc, 0x28, 0x7c, 0x2e, 0x00, 0x8c, 0x00, 0x00, 0x10, 0xc0, 0x18, 0x00,
	0x08, 0xc0, 0x17, 0x00, 0x0c, 0xc0, 0x05, 0x00, 0xcc, 0x10, 0x17, 0x00, 0xcc, 0x28,
	0x05, 0x00, 0xcc, 0x10, 0x17, 0x00, 0xcc, 0x28, 0x87, 0x2e, 0x00, 0x8c, 0x01, 0x00,
	0x10, 0x05, 0x03, 0x00, 0x1c, 0x31, 0xf7, 0xff, 0xcf, 0x95, 0x1c, 0x00, 0x08, 0xc0,
	0x11, 0x00, 0x0c, 0xc0, 0x05, 0x00, 0xcc, 0x10, 0x12, 0x00, 0xcc, 0x28, 0x05, 0x00,
	0xcc, 0x10, 0x13, 0x00, 0xcc, 0x28, 0x7c, 0x2e, 0x00, 0x8c, 0x00, 0x00, 0x10, 0xc0,
	0x1c, 0x00, 0x08, 0xc0, 0x11, 0x00, 0x0c, 0xc0, 0x05, 0x00, 0xcc, 0x10, 0x12, 0x00,
	0xcc, 0x28, 0x05, 0x00, 0xcc, 0x10, 0x13, 0x00, 0xcc, 0x28, 0x87, 0x2e, 0x00, 0x8c,
	0x01, 0x00, 0x10, 0x05, 0x03, 0x00, 0x1c, 0x31, 0xf7, 0xff, 0xcf, 0x95, 0x2f, 0x00,
	0x08, 0xc0, 0xc8, 0x00, 0x0c, 0xc0, 0x09, 0x00, 0xcc, 0x10, 0x64, 0x00, 0xcc, 0x28,
	0x7c, 0x2e, 0x00, 0x8c, 0x00, 0x00, 0x10, 0xc0, 0x2f, 0x00, 0x08, 0xc0, 0xc8, 0x00,
	0x0c, 0xc0, 0x09, 0x00, 0xcc, 0x10, 0x64, 0x00, 0xcc, 0x28, 0x87, 0x2e, 0x00, 0x8c,
	0x01, 0x00, 0x10, 0x05, 0x03, 0x00, 0x1c, 0x31, 0xf9, 0xff, 0xcf, 0x95, 0x2b, 0x00,
	0x08, 0xc0, 0x5f, 0x2e, 0x00, 0x8c, 0xe1, 0xff, 0xcc, 0x24, 0x01, 0x01, 0xcc, 0x20,
	0x2f, 0x00, 0xcc, 0x20, 0x7c, 0x2e, 0x00, 0x8c, 0x00, 0x00, 0x10, 0xc0, 0x2b, 0x00,
	0x08, 0xc0, 0x6a, 0x2e, 0x00, 0x8c, 0xe1, 0xff, 0xcc, 0x24, 0x01, 0x01, 0xcc, 0x20,
	0x2f, 0x00, 0xcc, 0x20, 0x87, 0x2e, 0x00, 0x8c, 0x01, 0x00, 0x10, 0x05, 0x03, 0x00,
	0x1c, 0x31, 0xf8, 0xff, 0xcf, 0x95, 0x34, 0x00, 0x08, 0xc0, 0x01, 0x00, 0x0c, 0xc0,
	0x7c, 0x2e, 0x00, 0x8c, 0x00, 0x00, 0x10, 0xc0, 0x34, 0x00, 0x08, 0xc0, 0x01, 0x00,
	0x0c, 0xc0, 0x87, 0x2e, 0x00, 0x8c, 0x01, 0x00, 0x10, 0x05, 0x03, 0x00, 0x1c, 0x31,
	0xfb, 0xff, 0xcf, 0x95, 0x35, 0x00, 0x08, 0xc0, 0x20, 0x03, 0x0c, 0xc0, 0x7c, 0x2e,
	0x00, 0x8c, 0x00, 0x00, 0x10, 0xc0, 0x35, 0x00, 0x08, 0xc0, 0x20, 0x03, 0x0c, 0xc0,
	0x87, 0x2e, 0x00, 0x8c, 0x01, 0x00, 0x10, 0x05, 0x03, 0x00, 0x1c, 0x31, 0xfb, 0xff,
	0xcf, 0x95, 0x1a, 0x00, 0x08, 0xc0, 0x00, 0x00, 0x0c, 0xc0, 0x10, 0x00, 0xcc, 0x10,
	0x00, 0x00, 0x10, 0xc0, 0x0f, 0x00, 0x10, 0x11, 0x0a, 0xc0, 0xd0, 0x7c, 0x00, 0x00,
	0xcc, 0x28, 0x7c, 0x2e, 0x00, 0x8c, 0x00, 0x00, 0x10, 0xc0, 0x1a, 0x00, 0x08, 0xc0,
	0x00, 0x00, 0x0c, 0xc0, 0x10, 0x00, 0xcc, 0x10, 0x00, 0x00, 0x14, 0xc0, 0x0f, 0x00,
	0x54, 0x11, 0x0a, 0xc0, 0xd4, 0x7c, 0x00, 0x00, 0xcc, 0x28, 0x87, 0x2e, 0x00, 0x8c,
	0x01, 0x00, 0x10, 0x05, 0x03, 0x00, 0x1c, 0x31, 0xf6, 0xff, 0xcf, 0x95, 0x10, 0x00,
	0x08, 0xc0, 0x00, 0x00, 0x0c, 0xc0, 0x0a, 0x00, 0xcc, 0x10, 0x00, 0x00, 0x10, 0xc0,
	0x09, 0x00, 0x10, 0x11, 0x0a, 0xc0, 0xd0, 0x7c, 0x00, 0x00, 0xcc, 0x28, 0x7c, 0x2e,
	0x00, 0x8c, 0x00, 0x00, 0x10, 0xc0, 0x10, 0x00, 0x08, 0xc0, 0x00, 0x00, 0x0c, 0xc0,
	0x0a, 0x00, 0xcc, 0x10, 0x00, 0x00, 0x14, 0xc0, 0x09, 0x00, 0x54, 0x11, 0x0a, 0xc0,
	0xd4, 0x7c, 0x00, 0x00, 0xcc, 0x28, 0x87, 0x2e, 0x00, 0x8c, 0x01, 0x00, 0x10, 0x05,
	0x03, 0x00, 0x1c, 0x31, 0xf6, 0xff, 0xcf, 0x95, 0xaa, 0x00, 0x08, 0xc0, 0x82, 0xe9,
	0x81, 0xcc, 0x00, 0xe0, 0x16, 0xc0, 0xb2, 0xe9, 0x54, 0x29, 0x00, 0x00, 0x95, 0xcc,
	0x24, 0xef, 0x0f, 0xc4, 0x00, 0x80, 0x08, 0xc0, 0x0a, 0x80, 0x8c, 0x7c, 0x24, 0xef,
	0x83, 0xcc, 0x00, 0x00, 0x3c, 0xc0, 0x01, 0x00, 0xc1, 0x7f, 0xac, 0x21, 0x00, 0x8c,
	0x06, 0x00, 0x80, 0x99, 0x1a, 0x00, 0xf8, 0x13, 0x3b, 0xef, 0x8f, 0xc7, 0x00, 0x80,
	0x08, 0xc0, 0x0a, 0x80, 0x8c, 0x7c, 0x3b, 0xef, 0xbb, 0xcc, 0x01, 0x00, 0xfc, 0x07,
	0x03, 0x00, 0xf8, 0x33, 0xf6, 0xff, 0x8f, 0x97, 0x01, 0x00, 0x22, 0xc0, 0x01, 0x00,
	0x24, 0xc0, 0x04, 0x00, 0x2a, 0xc0, 0x2d, 0xef, 0x34, 0xc0, 0x44, 0xef, 0x3c, 0xc0,
	0xe2, 0x2f, 0x00, 0x8c, 0x02, 0x00, 0x08, 0xc0, 0x5f, 0x2e, 0x00, 0x8c, 0x00, 0x0c,
	0xcc, 0x28, 0x7c, 0x2e, 0x00, 0x8c, 0x00, 0x00, 0x10, 0xc0, 0x02, 0x00, 0x08, 0xc0,
	0x6a, 0x2e, 0x00, 0x8c, 0x00, 0x0c, 0xcc, 0x28, 0x87, 0x2e, 0x00, 0x8c, 0x01, 0x00,
	0x10, 0x05, 0x03, 0x00, 0x1c, 0x31, 0xfa, 0xff, 0xcf, 0x95, 0xf1, 0x00, 0x0b, 0xc4,
	0x03, 0x00, 0x80, 0x94, 0x06, 0x01, 0x0b, 0xc4, 0x88, 0x2c, 0x00, 0x80, 0xdb, 0xee,
	0x0b, 0xc4, 0x0a, 0x00, 0x8c, 0x14, 0xff, 0x01, 0xcc, 0x24, 0x0b, 0x00, 0xc0, 0x94,
	0x49, 0x00, 0x3c, 0xc0, 0x01, 0x00, 0xc1, 0x7c, 0x01, 0x80, 0xc3, 0x7c, 0x00, 0x00,
	0x34, 0xc0, 0xaa, 0x36, 0x00, 0x8c, 0xb4, 0x36, 0x00, 0x8c, 0x9c, 0xed, 0x0f, 0xc4,
	0xff, 0x03, 0x08, 0xc0, 0x09, 0xc0, 0xc8, 0x7c, 0x8a, 0x2c, 0x00, 0x80, 0x99, 0x01,
	0x0c, 0xc0, 0x83, 0x00, 0x10, 0xc0, 0x01, 0x80, 0x00, 0x7d, 0x40, 0x30, 0x00, 0x8c,
	0x01, 0x80, 0xc0, 0x7c, 0x23, 0x2e, 0x00, 0x8c, 0x42, 0x2e, 0x00, 0x8c, 0xba, 0x00,
	0x08, 0xc0, 0x82, 0xe9, 0x81, 0xcc, 0x00, 0xe0, 0x16, 0xc0, 0xb2, 0xe9, 0x54, 0x29,
	0x00, 0x00, 0x95, 0xcc, 0xf1, 0x00, 0x0b, 0xc4, 0x03, 0x00, 0x80, 0x94, 0x06, 0x01,
	0x0b, 0xc4, 0x9b, 0x2c, 0x00, 0x80, 0xdb, 0xee, 0x0b, 0xc4, 0xf4, 0x00, 0x83, 0xcc,
	0xf7, 0x00, 0x83, 0xcc, 0xff, 0x03, 0x88, 0x24, 0x14, 0x00, 0x0c, 0xc0, 0x4d, 0x2f,
	0x00, 0x8c, 0xfa, 0x00, 0x08, 0xc0, 0x82, 0xe9, 0x81, 0xcc, 0x00, 0xe0, 0x16, 0xc0,
	0xb2, 0xe9, 0x54, 0x29, 0x00, 0x00, 0x95, 0xcc, 0xf1, 0x00, 0x0f, 0xc4, 0x02, 0x00,
	0xc0, 0x94, 0x00, 0x00, 0x00, 0x90, 0x1b, 0x01, 0x0b, 0xc4, 0x01, 0x00, 0x88, 0x28,
	0x1b, 0x01, 0x83, 0xcc, 0x88, 0xee, 0x83, 0xcc, 0xe1, 0xee, 0x43, 0xd8, 0xbc, 0x21,
	0x00, 0x80, 0x1b, 0x01, 0x0b, 0xc4, 0x02, 0x00, 0x8c, 0x24, 0xee, 0x00, 0xc0, 0x94,
	0xdb, 0xee, 0x13, 0xc4, 0xf7, 0x00, 0x03, 0xcd, 0xfb, 0x00, 0x03, 0xcd, 0x59, 0x00,
	0x3c, 0xc0, 0xf7, 0x00, 0x3b, 0xc4, 0xf7, 0x00, 0x37, 0xc4, 0xaa, 0x36, 0x00, 0x8c,
	0xb4, 0x36, 0x00, 0x8c, 0x17, 0x30, 0x00, 0x8c, 0xe1, 0xee, 0x43, 0xd8, 0xbc, 0x21,
	0x00, 0x80, 0x1b, 0x01, 0x0b, 0xc4, 0x01, 0x00, 0x8c, 0x24, 0xe0, 0x00, 0xc0, 0x94,
	0xdb, 0xee, 0x0b, 0xc4, 0xff, 0x03, 0x88, 0x24, 0x32, 0x00, 0x88, 0x38, 0xdc, 0x00,
	0x80, 0x94, 0xdb, 0xee, 0x3b, 0xc4, 0xf9, 0x00, 0x83, 0xcf, 0xdc, 0xee, 0x3b, 0xc4,
	0xf8, 0x00, 0x83, 0xcf, 0xd5, 0x00, 0x13, 0xc4, 0x02, 0x00, 0x00, 0x95, 0x9c, 0x2d,
	0x00, 0x80, 0x20, 0x01, 0x14, 0xc0, 0x1b, 0x01, 0x1b, 0xc4, 0x77, 0xfb, 0x43, 0xcd,
	0x78, 0xfb, 0x83, 0xcd, 0x80, 0x00, 0x3c, 0xc0, 0x5d, 0x37, 0x00, 0x8c, 0xdb, 0xee,
	0x0b, 0xc4, 0xff, 0x03, 0x88, 0x24, 0x64, 0x00, 0x88, 0x3c, 0x00, 0x00, 0x88, 0x30,
	0x83, 0x01, 0x83, 0xcc, 0x59, 0x00, 0x3c, 0xc0, 0xdb, 0xee, 0x3b, 0xc4, 0xdc, 0xee,
	0x37, 0xc4, 0xf7, 0x00, 0x83, 0xcf, 0xaa, 0x36, 0x00, 0x8c, 0xb4, 0x36, 0x00, 0x8c,
	0x17, 0x30, 0x00, 0x8c, 0x81, 0x00, 0x3c, 0xc0, 0x5d, 0x37, 0x00, 0x8c, 0xda, 0x00,
	0x43, 0xd8, 0xe1, 0xee, 0x43, 0xd8, 0xbc, 0x21, 0x00, 0x80, 0xdb, 0xee, 0x0b, 0xc4,
	0x82, 0xe9, 0x11, 0xc4, 0x01, 0x00, 0x8c, 0x24, 0x11, 0x00, 0xc0, 0x98, 0x02, 0x00,
	0x8c, 0x24, 0x0b, 0x00, 0xc0, 0x98, 0x04, 0x00, 0x8c, 0x24, 0x04, 0x00, 0xc0, 0x98,
	0xbf, 0xff, 0x10, 0x25, 0x01, 0x00, 0x10, 0x29, 0xf5, 0x2c, 0x00, 0x80, 0x40, 0x00,
	0x10, 0x29, 0x04, 0x00, 0x10, 0x29, 0x01, 0x00, 0x10, 0x29, 0xef, 0xff, 0x10, 0x25,
	0xf5, 0x2c, 0x00, 0x80, 0x40, 0x00, 0x10, 0x29, 0x01, 0x00, 0x10, 0x29, 0x10, 0x00,
	0x10, 0x29, 0xf5, 0x2c, 0x00, 0x80, 0x40, 0x00, 0x10, 0x29, 0xfe, 0xff, 0x10, 0x25,
	0x82, 0xe9, 0x01, 0xcd, 0x00, 0xe0, 0x0a, 0xc0, 0xb2, 0xe9, 0x88, 0x28, 0x00, 0x00,
	0x09, 0xcd, 0xe1, 0xee, 0x43, 0xd8, 0xbc, 0x21, 0x00, 0x80, 0x1b, 0x01, 0x0b, 0xc4,
	0x03, 0x00, 0x8c, 0x24, 0x9f, 0x00, 0xc0, 0x94, 0x0c, 0xe8, 0x21, 0xc4, 0x00, 0xe0,
	0x20, 0x26, 0x00, 0x40, 0x00, 0xde, 0x0c, 0xe8, 0x01, 0xcc, 0x00, 0xe0, 0x0a, 0xc0,
	0xcc, 0xe8, 0x88, 0x28, 0x00, 0x00, 0x09, 0xcc, 0xdb, 0xee, 0x0b, 0xc4, 0xf3, 0x00,
	0x83, 0xcc, 0x3f, 0x00, 0x8c, 0x24, 0x5e, 0x2f, 0x00, 0x8c, 0x00, 0x00, 0x20, 0xdc,
	0xdb, 0xee, 0x17, 0xc4, 0x00, 0x01, 0x48, 0x25, 0x0d, 0x00, 0x80, 0x94, 0x00, 0x20,
	0x38, 0xc0, 0x0a, 0x00, 0xa2, 0x7f, 0xdc, 0xee, 0x0b, 0xc4, 0xdd, 0xee, 0x0f, 0xc4,
	0x0f, 0xe8, 0x81, 0xcc, 0x10, 0xe8, 0xc1, 0xcc, 0x00, 0xe0, 0x12, 0xc0, 0xcf, 0xe8,
	0x10, 0x29, 0x00, 0x00, 0x91, 0xcc, 0x00, 0xe0, 0x12, 0xc0, 0xd0, 0xe8, 0x10, 0x29,
	0x00, 0x00, 0xd1, 0xcc, 0x00, 0x02, 0x48, 0x25, 0x0d, 0x00, 0x80, 0x94, 0x00, 0x40,
	0x38, 0xc0, 0x0a, 0x00, 0xa2, 0x7f, 0xdc, 0xee, 0x0b, 0xc4, 0xdd, 0xee, 0x0f, 0xc4,
	0x11, 0xe8, 0x81, 0xcc, 0x12, 0xe8, 0xc1, 0xcc, 0x00, 0xe0, 0x12, 0xc0, 0xd1, 0xe8,
	0x10, 0x29, 0x00, 0x00, 0x91, 0xcc, 0x00, 0xe0, 0x12, 0xc0, 0xd2, 0xe8, 0x10, 0x29,
	0x00, 0x00, 0xd1, 0xcc, 0x00, 0x04, 0x48, 0x25, 0x0d, 0x00, 0x80, 0x94, 0x00, 0x80,
	0x38, 0xc0, 0x0a, 0x00, 0xa2, 0x7f, 0xdc, 0xee, 0x0b, 0xc4, 0xdd, 0xee, 0x0f, 0xc4,
	0x13, 0xe8, 0x81, 0xcc, 0x14, 0xe8, 0xc1, 0xcc, 0x00, 0xe0, 0x12, 0xc0, 0xd3, 0xe8,
	0x10, 0x29, 0x00, 0x00, 0x91, 0xcc, 0x00, 0xe0, 0x12, 0xc0, 0xd4, 0xe8, 0x10, 0x29,
	0x00, 0x00, 0xd1, 0xcc, 0xdb, 0xee, 0x0b, 0xc4, 0x80, 0x00, 0x8c, 0x24, 0x07, 0x00,
	0xcc, 0x14, 0x03, 0x00, 0xcc, 0x10, 0x40, 0x00, 0x90, 0x24, 0x03, 0x00, 0x00, 0x99,
	0x44, 0x04, 0xcc, 0x28, 0x3f, 0x2d, 0x00, 0x80, 0x33, 0x1b, 0x08, 0xc0, 0x0a, 0xc0,
	0xc8, 0x7c, 0x0a, 0xc0, 0xe0, 0x7c, 0x0c, 0xe8, 0xc1, 0xcc, 0x00, 0xe0, 0x0a, 0xc0,
	0xcc, 0xe8, 0x88, 0x28, 0x00, 0x00, 0xc9, 0xcc, 0x84, 0x01, 0xc3, 0xcc, 0x1b, 0x01,
	0x0f, 0xc4, 0x7f, 0xff, 0xcc, 0x24, 0xdb, 0xee, 0x0b, 0xc4, 0x20, 0x00, 0x88, 0x24,
	0x05, 0x00, 0x88, 0x14, 0x07, 0x00, 0x88, 0x10, 0x0a, 0xc0, 0xc8, 0x7c, 0x1b, 0x01,
	0xc3, 0xcc, 0x88, 0xee, 0xc3, 0xcc, 0xe1, 0xee, 0x43, 0xd8, 0xbc, 0x21, 0x00, 0x80,
	0x1b, 0x01, 0x0b, 0xc4, 0x03, 0x00, 0x8c, 0x24, 0x4a, 0x00, 0xc0, 0x94, 0xdb, 0xee,
	0x0b, 0xc4, 0x0f, 0x00, 0x88, 0x24, 0xf2, 0x00, 0x83, 0xcc, 0xcd, 0x2f, 0x00, 0x8c,
	0x1b, 0x01, 0x0f, 0xc4, 0xf7, 0xff, 0xcc, 0x24, 0xdb, 0xee, 0x0b, 0xc4, 0x08, 0x00,
	0x88, 0x24, 0x03, 0x00, 0x88, 0x14, 0x03, 0x00, 0x88, 0x10, 0x0a, 0xc0, 0xc8, 0x7c,
	0x1b, 0x01, 0xc3, 0xcc, 0x88, 0xee, 0xc3, 0xcc, 0xe1, 0xee, 0x43, 0xd8, 0xbc, 0x21,
	0x00, 0x80, 0x1b, 0x01, 0x0b, 0xc4, 0x03, 0x00, 0x8c, 0x24, 0x38, 0x00, 0xc0, 0x94,
	0xdb, 0xee, 0x13, 0xc4, 0x02, 0x00, 0x0c, 0x25, 0x01, 0x00, 0xcc, 0x14, 0x02, 0x00,
	0xcc, 0x10, 0x01, 0x00, 0x08, 0x25, 0x0a, 0xc0, 0xc8, 0x7c, 0x31, 0xef, 0x0b, 0xc4,
	0xfa, 0xff, 0x88, 0x24, 0x0a, 0x80, 0x8c, 0x7c, 0xec, 0x00, 0x83, 0xcc, 0xdc, 0xee,
	0x0f, 0xc4, 0x02, 0x00, 0xcc, 0x10, 0xed, 0x00, 0xc3, 0xcc, 0x97, 0x2f, 0x00, 0x8c,
	0xf1, 0x00, 0x0f, 0xc4, 0x02, 0x00, 0xc0, 0x94, 0x00, 0x00, 0x00, 0x90, 0x1b, 0x01,
	0x0f, 0xc4, 0xff, 0xfd, 0xcc, 0x24, 0xdb, 0xee, 0x0b, 0xc4, 0x01, 0x00, 0x88, 0x24,
	0x02, 0x00, 0x80, 0x94, 0x00, 0x02, 0xcc, 0x28, 0x1b, 0x01, 0xc3, 0xcc, 0x88, 0xee,
	0xc3, 0xcc, 0xe1, 0xee, 0x43, 0xd8, 0xbc, 0x21, 0x00, 0x80, 0xdc, 0xee, 0x0f, 0xc4,
	0xff, 0x01, 0xc8, 0x24, 0x40, 0x30, 0x00, 0x8c, 0xdb, 0xee, 0x0b, 0xc4, 0x07, 0x00,
	0x90, 0x24, 0xdc, 0xee, 0x0f, 0xc4, 0xff, 0x01, 0xc8, 0x24, 0x50, 0x00, 0x3c, 0xc0,
	0x01, 0x80, 0x03, 0x7d, 0x01, 0x40, 0x83, 0x7c, 0xaa, 0x36, 0x00, 0x8c, 0xb4, 0x36,
	0x00, 0x8c, 0xe1, 0xee, 0x43, 0xd8, 0xbc, 0x21, 0x00, 0x80, 0xdc, 0xee, 0x0f, 0xc4,
	0xff, 0x01, 0xc8, 0x24, 0x40, 0x30, 0x00, 0x8c, 0xdb, 0xee, 0x0b, 0xc4, 0x0f, 0x00,
	0x90, 0x24, 0xdc, 0xee, 0x0f, 0xc4, 0xff, 0x01, 0xc8, 0x24, 0x51, 0x00, 0x3c, 0xc0,
	0x01, 0x80, 0x03, 0x7d, 0x01, 0x40, 0x83, 0x7c, 0xaa, 0x36, 0x00, 0x8c, 0xb4, 0x36,
	0x00, 0x8c, 0xe1, 0xee, 0x43, 0xd8, 0xbc, 0x21, 0x00, 0x80, 0xe1, 0xee, 0x43, 0xd8,
	0xbc, 0x21, 0x00, 0x80, 0x00, 0x00, 0x00, 0x90, 0xff, 0xff, 0x0e, 0xc0, 0xff, 0xf3,
	0xcc, 0x28, 0x2b, 0xef, 0x0b, 0xc4, 0x09, 0x80, 0x8c, 0x7c, 0x2b, 0xef, 0x83, 0xcc,
	0x2c, 0xef, 0x0b, 0xc4, 0x09, 0x80, 0x8c, 0x7c, 0x2c, 0xef, 0x83, 0xcc, 0xff, 0xff,
	0x0e, 0xc0, 0xfc, 0xff, 0xcc, 0x28, 0x2a, 0xef, 0x0b, 0xc4, 0x09, 0x80, 0x8c, 0x7c,
	0x2a, 0xef, 0x83, 0xcc, 0xfc, 0xff, 0x0e, 0xc0, 0xff, 0xff, 0xcc, 0x28, 0x2d, 0xef,
	0x0b, 0xc4, 0x09, 0x80, 0x8c, 0x7c, 0x2d, 0xef, 0x83, 0xcc, 0xfb, 0xff, 0x0e, 0xc0,
	0xc0, 0xff, 0xcc, 0x28, 0x2e, 0xef, 0x0b, 0xc4, 0x09, 0x80, 0x8c, 0x7c, 0x2e, 0xef,
	0x83, 0xcc, 0x2f, 0xef, 0x0b, 0xc4, 0x09, 0x80, 0x8c, 0x7c, 0x2f, 0xef, 0x83, 0xcc,
	0xff, 0xff, 0x0e, 0xc0, 0xf0, 0xff, 0xcc, 0x28, 0x30, 0xef, 0x0b, 0xc4, 0x09, 0x80,
	0x8c, 0x7c, 0x30, 0xef, 0x83, 0xcc, 0xff, 0xff, 0x0e, 0xc0, 0xfe, 0xff, 0xcc, 0x28,
	0x32, 0xef, 0x0b, 0xc4, 0x09, 0x80, 0x8c, 0x7c, 0x32, 0xef, 0x83, 0xcc, 0xff, 0xff,
	0x0e, 0xc0, 0xfd, 0xff, 0xcc, 0x28, 0x31, 0xef, 0x0b, 0xc4, 0x09, 0x80, 0x8c, 0x7c,
	0x31, 0xef, 0x83, 0xcc, 0xff, 0xff, 0x0e, 0xc0, 0x1e, 0xf0, 0xcc, 0x28, 0x34, 0xef,
	0x0b, 0xc4, 0x09, 0x80, 0x8c, 0x7c, 0x34, 0xef, 0x83, 0xcc, 0xff, 0xff, 0x0e, 0xc0,
	0xfe, 0xff, 0xcc, 0x28, 0x33, 0xef, 0x0b, 0xc4, 0x09, 0x80, 0x8c, 0x7c, 0x33, 0xef,
	0x83, 0xcc, 0x82, 0xe9, 0x01, 0xd8, 0xff, 0xff, 0x0e, 0xc0, 0xf5, 0xff, 0xcc, 0x28,
	0x27, 0xef, 0x0b, 0xc4, 0x09, 0x80, 0x8c, 0x7c, 0x27, 0xef, 0x83, 0xcc, 0x33, 0xef,
	0x0b, 0xc4, 0xfd, 0xff, 0x88, 0x24, 0x33, 0xef, 0x83, 0xcc, 0xff, 0xff, 0x0e, 0xc0,
	0x5f, 0xfd, 0xcc, 0x28, 0x27, 0xef, 0x0b, 0xc4, 0x09, 0x80, 0x8c, 0x7c, 0x27, 0xef,
	0x83, 0xcc, 0x00, 0x00, 0x00, 0x90, 0xff, 0xff, 0x0e, 0xc0, 0xff, 0xf3, 0xcc, 0x28,
	0x42, 0xef, 0x8b, 0xc7, 0x09, 0x80, 0x8c, 0x7c, 0x42, 0xef, 0xbb, 0xcc, 0x43, 0xef,
	0x8b, 0xc7, 0x09, 0x80, 0x8c, 0x7c, 0x43, 0xef, 0xbb, 0xcc, 0xff, 0xff, 0x0e, 0xc0,
	0xfc, 0xff, 0xcc, 0x28, 0x41, 0xef, 0x8b, 0xc7, 0x09, 0x80, 0x8c, 0x7c, 0x41, 0xef,
	0xbb, 0xcc, 0xfc, 0xff, 0x0e, 0xc0, 0xff, 0xff, 0xcc, 0x28, 0x44, 0xef, 0x8b, 0xc7,
	0x09, 0x80, 0x8c, 0x7c, 0x44, 0xef, 0xbb, 0xcc, 0xfb, 0xff, 0x0e, 0xc0, 0xc0, 0xff,
	0xcc, 0x28, 0x45, 0xef, 0x8b, 0xc7, 0x09, 0x80, 0x8c, 0x7c, 0x45, 0xef, 0xbb, 0xcc,
	0x46, 0xef, 0x8b, 0xc7, 0x09, 0x80, 0x8c, 0x7c, 0x46, 0xef, 0xbb, 0xcc, 0xff, 0xff,
	0x0e, 0xc0, 0xf0, 0xff, 0xcc, 0x28, 0x47, 0xef, 0x8b, 0xc7, 0x09, 0x80, 0x8c, 0x7c,
	0x47, 0xef, 0xbb, 0xcc, 0xff, 0xff, 0x0e, 0xc0, 0xfe, 0xff, 0xcc, 0x28, 0x49, 0xef,
	0x8b, 0xc7, 0x09, 0x80, 0x8c, 0x7c, 0x49, 0xef, 0xbb, 0xcc, 0xff, 0xff, 0x0e, 0xc0,
	0xfd, 0xff, 0xcc, 0x28, 0x48, 0xef, 0x8b, 0xc7, 0x09, 0x80, 0x8c, 0x7c, 0x48, 0xef,
	0xbb, 0xcc, 0xff, 0xff, 0x0e, 0xc0, 0x1e, 0xf0, 0xcc, 0x28, 0x4b, 0xef, 0x8b, 0xc7,
	0x09, 0x80, 0x8c, 0x7c, 0x4b, 0xef, 0xbb, 0xcc, 0xff, 0xff, 0x0e, 0xc0, 0xfe, 0xff,
	0xcc, 0x28, 0x4a, 0xef, 0x8b, 0xc7, 0x09, 0x80, 0x8c, 0x7c, 0x4a, 0xef, 0xbb, 0xcc,
	0xb2, 0xe9, 0x39, 0xd8, 0xff, 0xff, 0x0e, 0xc0, 0xf5, 0xff, 0xcc, 0x28, 0x3e, 0xef,
	0x8b, 0xc7, 0x09, 0x80, 0x8c, 0x7c, 0x3e, 0xef, 0xbb, 0xcc, 0x4a, 0xef, 0x8b, 0xc7,
	0xfd, 0xff, 0x88, 0x24, 0x4a, 0xef, 0xbb, 0xcc, 0xff, 0xff, 0x0e, 0xc0, 0x5f, 0xfd,
	0xcc, 0x28, 0x3e, 0xef, 0x8b, 0xc7, 0x09, 0x80, 0x8c, 0x7c, 0x3e, 0xef, 0xbb, 0xcc,
	0x00, 0x00, 0x00, 0x90, 0x00, 0x04, 0x20, 0xc0, 0x01, 0x40, 0x82, 0x7c, 0x00, 0x10,
	0x28, 0xc0, 0x2b, 0xef, 0x34, 0xc0, 0x42, 0xef, 0x3c, 0xc0, 0xf0, 0x2f, 0x00, 0x8c,
	0x00, 0x04, 0x20, 0xc0, 0x01, 0x40, 0xc2, 0x7c, 0x00, 0x10, 0x28, 0xc0, 0x2c, 0xef,
	0x34, 0xc0, 0x43, 0xef, 0x3c, 0xc0, 0xf0, 0x2f, 0x00, 0x8c, 0x00, 0x04, 0x20, 0xc0,
	0x01, 0x40, 0x82, 0x7c, 0x00, 0x10, 0x28, 0xc0, 0x2b, 0xef, 0x34, 0xc0, 0x42, 0xef,
	0x3c, 0xc0, 0xe3, 0x2f, 0x00, 0x8c, 0x00, 0x04, 0x20, 0xc0, 0x01, 0x40, 0xc2, 0x7c,
	0x00, 0x10, 0x28, 0xc0, 0x2c, 0xef, 0x34, 0xc0, 0x43, 0xef, 0x3c, 0xc0, 0xe3, 0x2f,
	0x00, 0x8c, 0x9e, 0x2d, 0x00, 0x8c, 0x02, 0x00, 0x08, 0xc0, 0x02, 0x00, 0x0c, 0xc0,
	0x46, 0x2e, 0x00, 0x8c, 0x9e, 0x2d, 0x00, 0x8c, 0xc6, 0x2e, 0x00, 0x8c, 0x00, 0x00,
	0x00, 0x90, 0x0e, 0x00, 0x08, 0xc0, 0x0e, 0x00, 0x0c, 0xc0, 0x46, 0x2e, 0x00, 0x8c,
	0x00, 0x00, 0x00, 0x90, 0x01, 0x00, 0x20, 0xc0, 0x01, 0x40, 0x82, 0x7c, 0x02, 0x00,
	0x2a, 0xc0, 0x2e, 0xef, 0x34, 0xc0, 0x45, 0xef, 0x3c, 0xc0, 0xf0, 0x2f, 0x00, 0x8c,
	0x01, 0x00, 0x20, 0xc0, 0x01, 0x40, 0xc2, 0x7c, 0x02, 0x00, 0x2a, 0xc0, 0x2f, 0xef,
	0x34, 0xc0, 0x46, 0xef, 0x3c, 0xc0, 0xf0, 0x2f, 0x00, 0x8c, 0x01, 0x00, 0x20, 0xc0,
	0x01, 0x40, 0x82, 0x7c, 0x02, 0x00, 0x2a, 0xc0, 0x2e, 0xef, 0x34, 0xc0, 0x45, 0xef,
	0x3c, 0xc0, 0xe3, 0x2f, 0x00, 0x8c, 0x01, 0x00, 0x20, 0xc0, 0x01, 0x40, 0xc2, 0x7c,
	0x02, 0x00, 0x2a, 0xc0, 0x2f, 0xef, 0x34, 0xc0, 0x46, 0xef, 0x3c, 0xc0, 0xe3, 0x2f,
	0x00, 0x8c, 0x00, 0x00, 0x00, 0x90, 0x00, 0xe8, 0x81, 0xcc, 0x04, 0xe8, 0x01, 0xda,
	0x05, 0xe8, 0x25, 0xc4, 0x02, 0x00, 0x64, 0x26, 0xfe, 0xff, 0x4f, 0x96, 0x04, 0xe8,
	0x01, 0xd9, 0x05, 0xe8, 0x25, 0xc4, 0x02, 0x00, 0x64, 0x26, 0xfe, 0xff, 0x4f, 0x9a,
	0x03, 0xe8, 0x0d, 0xc4, 0x00, 0x00, 0x00, 0x90, 0x7f, 0x01, 0x1b, 0xc4, 0x01, 0x00,
	0x1c, 0xc0, 0x04, 0x00, 0x34, 0x41, 0x04, 0xc0, 0xf5, 0x7d, 0x09, 0x80, 0x9d, 0x7d,
	0x0c, 0x00, 0x80, 0x99, 0x1a, 0x00, 0x3c, 0x11, 0xc0, 0xe8, 0xbd, 0xcc, 0xc4, 0xe8,
	0x3d, 0xda, 0xc5, 0xe8, 0xe5, 0xc7, 0x02, 0x00, 0x64, 0x26, 0xfe, 0xff, 0x4f, 0x96,
	0xc4, 0xe8, 0x3d, 0xd9, 0xc5, 0xe8, 0xe5, 0xc7, 0x02, 0x00, 0x64, 0x26, 0xfe, 0xff,
	0x4f, 0x9a, 0xc3, 0xe8, 0xcd, 0xc7, 0x00, 0x00, 0x00, 0x90, 0x00, 0xe8, 0x81, 0xcc,
	0x01, 0xe8, 0xc1, 0xcc, 0x04, 0xe8, 0x81, 0xd8, 0x05, 0xe8, 0x25, 0xc4, 0x01, 0x00,
	0x64, 0x26, 0xfe, 0xff, 0x4f, 0x96, 0x04, 0xe8, 0x41, 0xd8, 0x05, 0xe8, 0x25, 0xc4,
	0x01, 0x00, 0x64, 0x26, 0xfe, 0xff, 0x4f, 0x9a, 0x00, 0x00, 0x00, 0x90, 0x7f, 0x01,
	0x1b, 0xc4, 0x01, 0x00, 0x1c, 0xc0, 0x04, 0x00, 0x34, 0x41, 0x04, 0xc0, 0xf5, 0x7d,
	0x09, 0x80, 0x9d, 0x7d, 0x0c, 0x00, 0x80, 0x99, 0x1a, 0x00, 0x3c, 0x11, 0xc0, 0xe8,
	0xbd, 0xcc, 0xc1, 0xe8, 0xfd, 0xcc, 0xc4, 0xe8, 0xbd, 0xd8, 0xc5, 0xe8, 0xe5, 0xc7,
	0x01, 0x00, 0x64, 0x26, 0xfe, 0xff, 0x4f, 0x96, 0xc4, 0xe8, 0x7d, 0xd8, 0xc5, 0xe8,
	0xe5, 0xc7, 0x01, 0x00, 0x64, 0x26, 0xfe, 0xff, 0x4f, 0x9a, 0x00, 0x00, 0x00, 0x90,
	0x0e, 0x01, 0x83, 0xcc, 0x0f, 0x01, 0xc3, 0xcc, 0x2b, 0xef, 0x30, 0xc0, 0x2c, 0xef,
	0x34, 0xc0, 0xaf, 0x2e, 0x00, 0x8c, 0x00, 0x00, 0x00, 0x90, 0x0e, 0x01, 0x83, 0xcc,
	0x0f, 0x01, 0xc3, 0xcc, 0x00, 0x00, 0x3c, 0xc0, 0x7f, 0x01, 0x1b, 0xc4, 0x01, 0x00,
	0x1c, 0xc0, 0x09, 0x80, 0x9f, 0x7d, 0x05, 0x00, 0x80, 0x9b, 0x1a, 0x00, 0xf8, 0x13,
	0x42, 0xef, 0xb0, 0x2b, 0x43, 0xef, 0xb4, 0x2b, 0xaf, 0x2e, 0x00, 0x8c, 0x04, 0x00,
	0xdc, 0x11, 0x01, 0x00, 0xfc, 0x07, 0x03, 0x00, 0xf8, 0x33, 0xf7, 0xff, 0x8f, 0x97,
	0x00, 0x00, 0x00, 0x90, 0x00, 0x04, 0xb8, 0x28, 0x00, 0x00, 0xb3, 0xcf, 0x00, 0x04,
	0xf8, 0x28, 0x00, 0x00, 0xb7, 0xcf, 0x00, 0x00, 0x3b, 0xc7, 0x00, 0x10, 0xb8, 0x27,
	0xfe, 0xff, 0x8f, 0x97, 0x00, 0x00, 0x3b, 0xc7, 0xff, 0xfb, 0xb8, 0x27, 0x00, 0x00,
	0xb3, 0xcf, 0x00, 0x00, 0x3b, 0xc7, 0x00, 0x10, 0xb8, 0x27, 0xfe, 0xff, 0x8f, 0x9b,
	0x00, 0x00, 0x7b, 0xc7, 0x00, 0x10, 0xb8, 0x27, 0xfe, 0xff, 0x8f, 0x97, 0x00, 0x00,
	0x7b, 0xc7, 0xff, 0xfb, 0xb8, 0x27, 0x00, 0x00, 0xb7, 0xcf, 0x00, 0x00, 0x7b, 0xc7,
	0x00, 0x10, 0xb8, 0x27, 0xfe, 0xff, 0x8f, 0x9b, 0x00, 0x00, 0x00, 0x90, 0x00, 0x20,
	0x28, 0xc0, 0x2b, 0xef, 0x34, 0xc0, 0x42, 0xef, 0x3c, 0xc0, 0xfe, 0x2f, 0x00, 0x8c,
	0x00, 0x20, 0x28, 0xc0, 0x2c, 0xef, 0x34, 0xc0, 0x43, 0xef, 0x3c, 0xc0, 0xfe, 0x2f,
	0x00, 0x8c, 0x30, 0x00, 0x08, 0xc0, 0x0a, 0x00, 0x0c, 0xc0, 0x1e, 0x00, 0x10, 0xc0,
	0x0a, 0x00, 0x10, 0x11, 0x0a, 0xc0, 0xd0, 0x7c, 0x7c, 0x2e, 0x00, 0x8c, 0x00, 0x00,
	0x10, 0xc0, 0x30, 0x00, 0x08, 0xc0, 0x0a, 0x00, 0x0c, 0xc0, 0x1e, 0x00, 0x14, 0xc0,
	0x0a, 0x00, 0x54, 0x11, 0x0a, 0xc0, 0xd4, 0x7c, 0x87, 0x2e, 0x00, 0x8c, 0x01, 0x00,
	0x10, 0x05, 0x03, 0x00, 0x1c, 0x31, 0xf8, 0xff, 0xcf, 0x95, 0x31, 0x00, 0x08, 0xc0,
	0x0a, 0x00, 0x0c, 0xc0, 0x1e, 0x00, 0x10, 0xc0, 0x0a, 0x00, 0x10, 0x11, 0x0a, 0xc0,
	0xd0, 0x7c, 0x7c, 0x2e, 0x00, 0x8c, 0x00, 0x00, 0x10, 0xc0, 0x31, 0x00, 0x08, 0xc0,
	0x0a, 0x00, 0x0c, 0xc0, 0x1e, 0x00, 0x14, 0xc0, 0x0a, 0x00, 0x54, 0x11, 0x0a, 0xc0,
	0xd4, 0x7c, 0x87, 0x2e, 0x00, 0x8c, 0x01, 0x00, 0x10, 0x05, 0x03, 0x00, 0x1c, 0x31,
	0xf8, 0xff, 0xcf, 0x95, 0x32, 0x00, 0x08, 0xc0, 0xb2, 0x02, 0x0c, 0xc0, 0xb2, 0x02,
	0x10, 0xc0, 0x10, 0x00, 0x10, 0x11, 0x0a, 0xc0, 0xd0, 0x7c, 0x7c, 0x2e, 0x00, 0x8c,
	0x00, 0x00, 0x10, 0xc0, 0x32, 0x00, 0x08, 0xc0, 0xb2, 0x02, 0x0c, 0xc0, 0xb2, 0x02,
	0x14, 0xc0, 0x10, 0x00, 0x54, 0x11, 0x0a, 0xc0, 0xd4, 0x7c, 0x87, 0x2e, 0x00, 0x8c,
	0x01, 0x00, 0x10, 0x05, 0x03, 0x00, 0x1c, 0x31, 0xf8, 0xff, 0xcf, 0x95, 0x00, 0x00,
	0x00, 0x90, 0x22, 0xef, 0x27, 0xc4, 0x00, 0xfe, 0x64, 0x26, 0x0a, 0x40, 0x4a, 0x7e,
	0x22, 0xef, 0x43, 0xce, 0x27, 0xef, 0x34, 0xc0, 0x18, 0x2f, 0x00, 0x8c, 0x00, 0x00,
	0x00, 0x90, 0x00, 0x00, 0x3c, 0xc0, 0x7f, 0x01, 0x1b, 0xc4, 0x01, 0x00, 0x1c, 0xc0,
	0x09, 0x80, 0x9f, 0x7d, 0x09, 0x00, 0x80, 0x9b, 0x1a, 0x00, 0xf8, 0x13, 0x39, 0xef,
	0xa7, 0xc7, 0x00, 0xfe, 0x64, 0x26, 0x0a, 0x40, 0x4a, 0x7e, 0x39, 0xef, 0x7b, 0xce,
	0x3e, 0xef, 0x34, 0xc0, 0x0a, 0x40, 0x7b, 0x7f, 0x18, 0x2f, 0x00, 0x8c, 0x04, 0x00,
	0xdc, 0x11, 0x01, 0x00, 0xfc, 0x07, 0x03, 0x00, 0xf8, 0x33, 0xf3, 0xff, 0x8f, 0x97,
	0x00, 0x00, 0x00, 0x90, 0x00, 0x00, 0x67, 0xc7, 0x02, 0x00, 0x64, 0x2a, 0x00, 0x00,
	0x77, 0xce, 0x00, 0x00, 0x67, 0xc7, 0x04, 0x00, 0x64, 0x26, 0xfe, 0xff, 0x4f, 0x96,
	0x00, 0x00, 0x67, 0xc7, 0xfd, 0xff, 0x21, 0xc0, 0x09, 0x40, 0x62, 0x7e, 0x00, 0x00,
	0x77, 0xce, 0x00, 0x00, 0x67, 0xc7, 0x04, 0x00, 0x64, 0x26, 0xfe, 0xff, 0x4f, 0x9a,
	0x00, 0x00, 0x00, 0x90, 0x24, 0xef, 0x27, 0xc4, 0x00, 0xfe, 0x64, 0x26, 0x0a, 0x40,
	0x4a, 0x7e, 0x24, 0xef, 0x43, 0xce, 0x27, 0xef, 0x34, 0xc0, 0x3f, 0x2f, 0x00, 0x8c,
	0x00, 0x00, 0x00, 0x90, 0x00, 0x00, 0x3c, 0xc0, 0x7f, 0x01, 0x1b, 0xc4, 0x01, 0x00,
	0x1c, 0xc0, 0x09, 0x80, 0x9f, 0x7d, 0x09, 0x00, 0x80, 0x9b, 0x1a, 0x00, 0xf8, 0x13,
	0x3b, 0xef, 0xa7, 0xc7, 0x00, 0xfe, 0x64, 0x26, 0x0a, 0x40, 0x4a, 0x7e, 0x3b, 0xef,
	0x7b, 0xce, 0x3e, 0xef, 0x34, 0xc0, 0x0a, 0x40, 0x7b, 0x7f, 0x3f, 0x2f, 0x00, 0x8c,
	0x04, 0x00, 0xdc, 0x11, 0x01, 0x00, 0xfc, 0x07, 0x03, 0x00, 0xf8, 0x33, 0xf3, 0xff,
	0x8f, 0x97, 0x00, 0x00, 0x00, 0x90, 0x00, 0x00, 0x67, 0xc7, 0x08, 0x00, 0x64, 0x2a,
	0x00, 0x00, 0x77, 0xce, 0x00, 0x00, 0x67, 0xc7, 0x10, 0x00, 0x64, 0x26, 0xfe, 0xff,
	0x4f, 0x96, 0x00, 0x00, 0x67, 0xc7, 0xf7, 0xff, 0x21, 0xc0, 0x09, 0x40, 0x62, 0x7e,
	0x00, 0x00, 0x77, 0xce, 0x00, 0x00, 0x67, 0xc7, 0x10, 0x00, 0x64, 0x26, 0xfe, 0xff,
	0x4f, 0x9a, 0x00, 0x00, 0x00, 0x90, 0x28, 0xef, 0x83, 0xcc, 0x00, 0xe0, 0x3a, 0xc0,
	0x3f, 0xef, 0xbb, 0xcc, 0x29, 0xef, 0xc3, 0xcc, 0x00, 0xe0, 0x3a, 0xc0, 0x40, 0xef,
	0xfb, 0xcc, 0x01, 0x00, 0x20, 0xc0, 0x01, 0x00, 0x24, 0xc0, 0x04, 0x00, 0x28, 0xc0,
	0x2a, 0xef, 0x34, 0xc0, 0x41, 0xef, 0x3c, 0xc0, 0xe2, 0x2f, 0x00, 0x8c, 0x08, 0x00,
	0x28, 0xc0, 0x2a, 0xef, 0x34, 0xc0, 0x41, 0xef, 0x3c, 0xc0, 0xfe, 0x2f, 0x00, 0x8c,
	0x00, 0x00, 0x00, 0x90, 0x34, 0xef, 0x25, 0xc4, 0xff, 0xf7, 0x64, 0x26, 0x34, 0xef,
	0x41, 0xce, 0x1f, 0xfc, 0x64, 0x26, 0x1f, 0x00, 0xe8, 0x24, 0x05, 0x00, 0xa8, 0x12,
	0x0a, 0x40, 0x6a, 0x7e, 0x05, 0x00, 0xe8, 0x14, 0x01, 0x00, 0xa8, 0x26, 0xfe, 0xff,
	0x2d, 0xc0, 0x09, 0x40, 0x6e, 0x7e, 0x0a, 0x40, 0x6a, 0x7e, 0x34, 0xef, 0x41, 0xce,
	0x00, 0x04, 0x64, 0x2a, 0x34, 0xef, 0x41, 0xce, 0x34, 0xef, 0x25, 0xc4, 0x00, 0x10,
	0x64, 0x26, 0xfe, 0xff, 0x4f, 0x96, 0x34, 0xef, 0x25, 0xc4, 0xff, 0xfb, 0x64, 0x26,
	0x34, 0xef, 0x41, 0xce, 0x34, 0xef, 0x25, 0xc4, 0x00, 0x10, 0x64, 0x26, 0xfe, 0xff,
	0x4f, 0x9a, 0x00, 0x00, 0x3c, 0xc0, 0x01, 0x00, 0xc1, 0x7f, 0xac, 0x21, 0x00, 0x8c,
	0x1a, 0x00, 0x80, 0x99, 0x1a, 0x00, 0xf8, 0x13, 0x4b, 0xef, 0xa5, 0xc7, 0xff, 0xf7,
	0x64, 0x26, 0x4b, 0xef, 0x79, 0xce, 0x1f, 0xfc, 0x64, 0x26, 0x1f, 0x00, 0xe8, 0x24,
	0x05, 0x00, 0xa8, 0x12, 0x0a, 0x40, 0x6a, 0x7e, 0x05, 0x00, 0xe8, 0x14, 0x01, 0x00,
	0xa8, 0x26, 0xfe, 0xff, 0x2d, 0xc0, 0x09, 0x40, 0x6e, 0x7e, 0x0a, 0x40, 0x6a, 0x7e,
	0x4b, 0xef, 0x79, 0xce, 0x00, 0x04, 0x64, 0x2a, 0x4b, 0xef, 0x79, 0xce, 0x4b, 0xef,
	0xa5, 0xc7, 0x00, 0x10, 0x64, 0x26, 0xfe, 0xff, 0x4f, 0x96, 0x4b, 0xef, 0xa5, 0xc7,
	0xff, 0xfb, 0x64, 0x26, 0x4b, 0xef, 0x79, 0xce, 0x4b, 0xef, 0xa5, 0xc7, 0x00, 0x10,
	0x64, 0x26, 0xfe, 0xff, 0x4f, 0x9a, 0x01, 0x00, 0xfc, 0x07, 0x03, 0x00, 0xf8, 0x33,
	0xe2, 0xff, 0x8f, 0x97, 0x00, 0x00, 0x00, 0x90, 0x31, 0xef, 0x38, 0xc0, 0x32, 0xef,
	0x3c, 0xc0, 0x00, 0x00, 0x36, 0xc0, 0xa6, 0x2f, 0x00, 0x8c, 0x48, 0xef, 0x38, 0xc0,
	0x49, 0xef, 0x3c, 0xc0, 0x00, 0x00, 0x10, 0xc0, 0xac, 0x21, 0x00, 0x8c, 0x03, 0x00,
	0x80, 0x99, 0x1a, 0x00, 0x34, 0x11, 0xa6, 0x2f, 0x00, 0x8c, 0x01, 0x00, 0x10, 0x05,
	0x03, 0x00, 0x08, 0x31, 0xfa, 0xff, 0x8f, 0x94, 0x00, 0x00, 0x00, 0x90, 0x0a, 0xc0,
	0xb6, 0x7f, 0x0a, 0x00, 0xf7, 0x7f, 0x00, 0x00, 0xcb, 0xc6, 0xfd, 0xff, 0x88, 0x24,
	0x00, 0x00, 0xaf, 0xcc, 0xec, 0x00, 0x0b, 0xc4, 0x04, 0x00, 0x88, 0x24, 0x00, 0x00,
	0xcf, 0xc6, 0xfb, 0xff, 0xcc, 0x24, 0x0a, 0x80, 0x8c, 0x7c, 0x00, 0x00, 0xaf, 0xcc,
	0xed, 0x00, 0x0b, 0xc4, 0x00, 0x00, 0xb3, 0xcc, 0xec, 0x00, 0x0b, 0xc4, 0x01, 0x00,
	0x88, 0x24, 0x00, 0x00, 0xcf, 0xc6, 0xfe, 0xff, 0xcc, 0x24, 0x0a, 0x80, 0x8c, 0x7c,
	0x00, 0x00, 0xaf, 0xcc, 0xed, 0x00, 0x0b, 0xc4, 0x01, 0x00, 0x88, 0x28, 0x00, 0x00,
	0xb3, 0xcc, 0x00, 0x00, 0x0b, 0xc7, 0x02, 0x00, 0x88, 0x24, 0xfe, 0xff, 0x8f, 0x94,
	0xfe, 0xff, 0x0d, 0xc0, 0x09, 0x80, 0x8c, 0x7c, 0x00, 0x00, 0xb3, 0xcc, 0x00, 0x00,
	0x0b, 0xc7, 0x02, 0x00, 0x88, 0x24, 0xfe, 0xff, 0x8f, 0x98, 0x00, 0x00, 0xf3, 0xc6,
	0x01, 0x00, 0x30, 0x27, 0x00, 0x00, 0xcf, 0xc6, 0x08, 0x00, 0xcc, 0x24, 0x03, 0x00,
	0xcc, 0x14, 0x0c, 0x80, 0xf0, 0x7c, 0xfc, 0xff, 0x8f, 0x94, 0x00, 0x00, 0x00, 0x90,
	0x01, 0x00, 0x82, 0x7c, 0x33, 0xef, 0x34, 0xc0, 0x00, 0x00, 0x65, 0xc7, 0xff, 0xff,
	0x3e, 0xc0, 0xe3, 0xff, 0xfc, 0x2b, 0x09, 0x40, 0x7e, 0x7e, 0x07, 0x00, 0x28, 0x26,
	0x02, 0x00, 0xa8, 0x12, 0x0a, 0x40, 0x6a, 0x7e, 0xff, 0xff, 0x3e, 0xc0, 0xfe, 0xff,
	0xfc, 0x2b, 0x09, 0x40, 0x7e, 0x7e, 0x03, 0x00, 0x28, 0x16, 0x01, 0x00, 0xa8, 0x26,
	0x00, 0x00, 0xa8, 0x12, 0x0a, 0x40, 0x6a, 0x7e, 0x4a, 0xef, 0x3c, 0xc0, 0x02, 0x00,
	0x20, 0xc0, 0x20, 0x00, 0x28, 0xc0, 0xe2, 0x2f, 0x00, 0x8c, 0x00, 0x00, 0x00, 0x90,
	0xf0, 0x2f, 0x00, 0x8c, 0xfe, 0x2f, 0x00, 0x8c, 0x0b, 0x30, 0x00, 0x8c, 0x13, 0x30,
	0x00, 0x8c, 0x00, 0x00, 0x10, 0xc0, 0xb2, 0x21, 0x00, 0x8c, 0x04, 0x00, 0x80, 0x9b,
	0x1a, 0x00, 0x38, 0x11, 0x0a, 0x40, 0xbf, 0x7f, 0x13, 0x30, 0x00, 0x8c, 0x01, 0x00,
	0x10, 0x05, 0x03, 0x00, 0x38, 0x31, 0xf9, 0xff, 0x8f, 0x97, 0x00, 0x00, 0x00, 0x90,
	0x00, 0xe0, 0x3a, 0xc0, 0x0a, 0x80, 0xfb, 0x7f, 0x00, 0x00, 0x75, 0xce, 0x00, 0x00,
	0x79, 0xce, 0x0c, 0x00, 0x61, 0x7e, 0x04, 0x00, 0x00, 0x99, 0x0a, 0x40, 0x62, 0x7e,
	0x00, 0x00, 0x75, 0xce, 0x00, 0x00, 0x79, 0xce, 0x00, 0x00, 0x00, 0x90, 0x00, 0x00,
	0x65, 0xc7, 0x09, 0x40, 0x6a, 0x7e, 0xfe, 0xff, 0x4f, 0x96, 0x00, 0x00, 0x00, 0x90,
	0xfa, 0x2f, 0x00, 0x8c, 0x00, 0x40, 0x40, 0xdf, 0x00, 0x00, 0x10, 0xc0, 0xb2, 0x21,
	0x00, 0x8c, 0x04, 0x00, 0x80, 0x9b, 0x1a, 0x00, 0x38, 0x11, 0x0a, 0x40, 0xbf, 0x7f,
	0xfa, 0x2f, 0x00, 0x8c, 0x01, 0x00, 0x10, 0x05, 0x03, 0x00, 0x38, 0x31, 0xf9, 0xff,
	0x8f, 0x97, 0x00, 0x00, 0x34, 0xdc, 0x00, 0x00, 0x00, 0x90, 0x00, 0xe0, 0x3a, 0xc0,
	0x0a, 0x80, 0xfb, 0x7f, 0x00, 0x00, 0x65, 0xc7, 0x1e, 0x00, 0x02, 0x7e, 0x09, 0x40,
	0x62, 0x7e, 0x00, 0x00, 0x75, 0xce, 0x00, 0x00, 0x79, 0xce, 0x00, 0x00, 0x00, 0x90,
	0x00, 0x00, 0x65, 0xc7, 0x09, 0x40, 0x6a, 0x7e, 0xfe, 0xff, 0x4f, 0x9a, 0x00, 0x00,
	0x00, 0x90, 0x98, 0xee, 0x03, 0xd8, 0x00, 0x00, 0x1c, 0xc0, 0xcd, 0xee, 0x3f, 0xc4,
	0xfe, 0x01, 0x38, 0xc0, 0x09, 0xc0, 0xfb, 0x7f, 0x01, 0x00, 0xfc, 0x17, 0x8c, 0xee,
	0x3b, 0xc4, 0xff, 0x01, 0xb8, 0x27, 0x0e, 0xc0, 0xfb, 0x7f, 0x09, 0x00, 0xc0, 0x9b,
	0x01, 0x80, 0x80, 0x7f, 0x40, 0x30, 0x00, 0x8c, 0x01, 0x00, 0x1c, 0xc0, 0x8c, 0xee,
	0x0f, 0xc4, 0x00, 0xe0, 0x12, 0xc0, 0x09, 0xc0, 0xd0, 0x7c, 0x1d, 0x00, 0xcc, 0x14,
	0xee, 0x30, 0x00, 0x8c, 0x08, 0xed, 0x43, 0xd8, 0x50, 0x00, 0x08, 0xc0, 0x10, 0x00,
	0x18, 0xc0, 0x01, 0x00, 0x98, 0x09, 0xff, 0xff, 0x8f, 0x99, 0x98, 0xee, 0x0f, 0xc4,
	0x01, 0x00, 0xd4, 0x30, 0x04, 0x00, 0x40, 0x99, 0x01, 0x00, 0x88, 0x08, 0xf9, 0xff,
	0x8f, 0x98, 0x2a, 0x30, 0x00, 0x80, 0x08, 0x00, 0xc0, 0x99, 0x00, 0x40, 0xc0, 0xdd,
	0x8c, 0xee, 0x0f, 0xc4, 0x00, 0xe0, 0x12, 0xc0, 0x09, 0xc0, 0xd0, 0x7c, 0x1d, 0x00,
	0xcc, 0x14, 0xee, 0x30, 0x00, 0x8c, 0x00, 0x00, 0x1c, 0xdc, 0x03, 0x00, 0xc0, 0x99,
	0x01, 0x80, 0x80, 0x7f, 0x40, 0x30, 0x00, 0x8c, 0x00, 0x00, 0x00, 0x90, 0x01, 0x00,
	0x88, 0x10, 0x01, 0x00, 0x88, 0x28, 0xcd, 0xee, 0x83, 0xcc, 0xcd, 0xee, 0x3f, 0xc4,
	0x00, 0x08, 0xc8, 0x27, 0xfe, 0xff, 0x8f, 0x94, 0xfe, 0x01, 0xc8, 0x27, 0xcd, 0xee,
	0x83, 0xcc, 0xcd, 0xee, 0x3f, 0xc4, 0x00, 0x08, 0xc8, 0x27, 0xfe, 0xff, 0x8f, 0x98,
	0x00, 0x00, 0x00, 0x90, 0x6b, 0xee, 0x0b, 0xc4, 0x08, 0x00, 0x88, 0x24, 0x03, 0x00,
	0x88, 0x14, 0x6b, 0xee, 0x13, 0xc4, 0x10, 0x00, 0x10, 0x15, 0x08, 0x00, 0x10, 0x25,
	0x03, 0x00, 0x10, 0x15, 0x0a, 0x80, 0x90, 0x7c, 0x02, 0x00, 0x80, 0x94, 0x7e, 0x27,
	0x00, 0x8c, 0x67, 0xee, 0x0b, 0xc4, 0x04, 0x00, 0x88, 0x24, 0x02, 0x00, 0x88, 0x14,
	0x67, 0xee, 0x13, 0xc4, 0x20, 0x00, 0x10, 0x25, 0x05, 0x00, 0x10, 0x15, 0x09, 0x80,
	0x90, 0x7c, 0x02, 0x00, 0x80, 0x98, 0x1a, 0x27, 0x00, 0x8c, 0x00, 0x00, 0x00, 0x90,
	0x1b, 0x01, 0x0f, 0xc4, 0xef, 0xff, 0x13, 0xc0, 0x09, 0x00, 0xd1, 0x7c, 0xdb, 0xee,
	0x0b, 0xc4, 0x01, 0x00, 0x8c, 0x24, 0x04, 0x00, 0xcc, 0x10, 0x0a, 0x00, 0x0d, 0x7d,
	0x1b, 0x01, 0x03, 0xcd, 0x88, 0xee, 0x03, 0xcd, 0xdc, 0xee, 0x0f, 0xc4, 0xf6, 0x00,
	0xc3, 0xcc, 0x0e, 0x00, 0x8c, 0x24, 0x01, 0x00, 0xcc, 0x14, 0x0a, 0x01, 0xc3, 0xcc,
	0xff, 0x00, 0x0e, 0xc0, 0xff, 0xff, 0xcc, 0x28, 0x09, 0xc0, 0x8c, 0x7c, 0x08, 0x00,
	0xcc, 0x14, 0x09, 0x01, 0xc3, 0xcc, 0x0f, 0xec, 0xc3, 0xcc, 0xdb, 0xee, 0x0b, 0xc4,
	0x01, 0x00, 0x88, 0x24, 0x08, 0x00, 0x80, 0x94, 0x67, 0xee, 0x0b, 0xc4, 0x04, 0x00,
	0x88, 0x24, 0x05, 0x00, 0x80, 0x98, 0x13, 0xec, 0x13, 0xc4, 0xff, 0x00, 0x10, 0x25,
	0x02, 0x00, 0x10, 0x29, 0x13, 0xec, 0x03, 0xcd, 0xe1, 0xee, 0x43, 0xd8, 0xbc, 0x21,
	0x00, 0x80, 0x1b, 0x01, 0x0f, 0xc4, 0xdf, 0xff, 0xcc, 0x24, 0xdb, 0xee, 0x0b, 0xc4,
	0x01, 0x00, 0x90, 0x24, 0x05, 0x00, 0x10, 0x11, 0x0a, 0xc0, 0xd0, 0x7c, 0x1b, 0x01,
	0xc3, 0xcc, 0x88, 0xee, 0xc3, 0xcc, 0xff, 0xff, 0x0e, 0xc0, 0x00, 0xff, 0xcc, 0x28,
	0x09, 0x80, 0x8c, 0x7c, 0x08, 0x00, 0x88, 0x14, 0x03, 0x00, 0x80, 0x98, 0x01, 0x00,
	0x0a, 0xc0, 0xa0, 0x86, 0x88, 0x28, 0x08, 0x01, 0x83, 0xcc, 0x11, 0xec, 0x83, 0xcc,
	0xdc, 0xee, 0x0f, 0xc4, 0xfc, 0x00, 0xc3, 0xcc, 0xdd, 0xee, 0x0f, 0xc4, 0x05, 0x01,
	0xc3, 0xcc, 0xde, 0xee, 0x0f, 0xc4, 0x06, 0x01, 0xc3, 0xcc, 0xe1, 0xee, 0x43, 0xd8,
	0xbc, 0x21, 0x00, 0x80, 0x1b, 0x01, 0x0f, 0xc4, 0xff, 0xfb, 0xcc, 0x24, 0xdb, 0xee,
	0x0b, 0xc4, 0x01, 0x00, 0x90, 0x24, 0x0a, 0x00, 0x10, 0x11, 0x0a, 0xc0, 0xd0, 0x7c,
	0x1b, 0x01, 0xc3, 0xcc, 0x88, 0xee, 0xc3, 0xcc, 0x49, 0x00, 0x12, 0xc0, 0x00, 0x24,
	0x10, 0x29, 0x92, 0x00, 0x16, 0xc0, 0x00, 0x48, 0x54, 0x29, 0x0a, 0xc0, 0x50, 0x7d,
	0xff, 0xff, 0x09, 0xc0, 0x0b, 0xc0, 0xc8, 0x7c, 0x13, 0x01, 0x0b, 0xc4, 0x0b, 0x00,
	0x80, 0x98, 0xf8, 0xee, 0x0b, 0xc4, 0x09, 0xc0, 0xc8, 0x7c, 0x17, 0x01, 0xc3, 0xcc,
	0x0a, 0x40, 0xd5, 0x7c, 0x18, 0x01, 0x43, 0xcd, 0x19, 0x01, 0x43, 0xcd, 0x0a, 0x00,
	0xd1, 0x7c, 0x15, 0x01, 0x03, 0xcd, 0x16, 0x01, 0x03, 0xcd, 0xc1, 0x30, 0x00, 0x80,
	0xf8, 0xee, 0x17, 0xc4, 0x09, 0xc0, 0xd4, 0x7c, 0x00, 0x00, 0x10, 0xc0, 0x05, 0x00,
	0x14, 0x3d, 0x09, 0x00, 0x40, 0x99, 0x24, 0x00, 0x08, 0x05, 0x59, 0xfb, 0x81, 0xcc,
	0x5a, 0xfb, 0x09, 0xc4, 0xc4, 0x30, 0x00, 0x8c, 0x0a, 0x80, 0x8e, 0x7e, 0x15, 0x01,
	0x93, 0xce, 0x01, 0x00, 0x10, 0x05, 0xb7, 0x30, 0x00, 0x80, 0x1a, 0x01, 0xc3, 0xdb,
	0xe1, 0xee, 0x43, 0xd8, 0xbc, 0x21, 0x00, 0x80, 0x00, 0x00, 0x28, 0xc0, 0x00, 0x00,
	0x98, 0x14, 0x01, 0x00, 0x98, 0x25, 0x0a, 0x00, 0x98, 0x11, 0x0a, 0x80, 0x9a, 0x7e,
	0x01, 0x00, 0x98, 0x14, 0x01, 0x00, 0x98, 0x25, 0x0b, 0x00, 0x98, 0x11, 0x0a, 0x80,
	0x9a, 0x7e, 0x02, 0x00, 0x98, 0x14, 0x01, 0x00, 0x98, 0x25, 0x0d, 0x00, 0x98, 0x11,
	0x0a, 0x80, 0x9a, 0x7e, 0x03, 0x00, 0x98, 0x14, 0x01, 0x00, 0x98, 0x25, 0x0e, 0x00,
	0x98, 0x11, 0x0a, 0x80, 0x9a, 0x7e, 0x04, 0x00, 0x98, 0x14, 0x01, 0x00, 0x98, 0x25,
	0x10, 0x00, 0x98, 0x11, 0x0a, 0x80, 0x9a, 0x7e, 0x05, 0x00, 0x98, 0x14, 0x01, 0x00,
	0x98, 0x25, 0x11, 0x00, 0x98, 0x11, 0x0a, 0x80, 0x9a, 0x7e, 0x06, 0x00, 0x98, 0x14,
	0x01, 0x00, 0x98, 0x25, 0x13, 0x00, 0x98, 0x11, 0x0a, 0x80, 0x9a, 0x7e, 0x07, 0x00,
	0x98, 0x14, 0x01, 0x00, 0x98, 0x25, 0x14, 0x00, 0x98, 0x11, 0x0a, 0x80, 0x9a, 0x7e,
	0x08, 0x00, 0x98, 0x14, 0x01, 0x00, 0x98, 0x25, 0x16, 0x00, 0x98, 0x11, 0x0a, 0x80,
	0x9a, 0x7e, 0x09, 0x00, 0x98, 0x14, 0x01, 0x00, 0x98, 0x25, 0x17, 0x00, 0x98, 0x11,
	0x0a, 0x80, 0x9a, 0x7e, 0x00, 0x00, 0x00, 0x90, 0x1b, 0x01, 0x13, 0xc4, 0x00, 0x04,
	0x10, 0x25, 0x0a, 0x00, 0x10, 0x15, 0x01, 0x00, 0x10, 0x25, 0x12, 0x00, 0x00, 0x95,
	0x1a, 0x01, 0x0b, 0xc4, 0x0c, 0x00, 0x8d, 0x7c, 0x0e, 0x00, 0x00, 0x99, 0xe0, 0xf0,
	0x25, 0xc4, 0x31, 0xfb, 0x2b, 0xc4, 0xff, 0x60, 0x12, 0xc0, 0x0a, 0x00, 0x51, 0x7e,
	0xe0, 0xf0, 0x01, 0xcd, 0x0b, 0x00, 0x12, 0xc0, 0xff, 0x24, 0x10, 0x29, 0x0a, 0x00,
	0x91, 0x7e, 0x31, 0xfb, 0x03, 0xcd, 0x15, 0x01, 0xcb, 0xc4, 0x06, 0x31, 0x00, 0x8c,
	0xe0, 0xf0, 0x41, 0xce, 0x31, 0xfb, 0x83, 0xce, 0x1a, 0x01, 0xc3, 0xcc, 0x00, 0x00,
	0x00, 0x90, 0x00, 0x00, 0x00, 0x90, 0xf8, 0xee, 0x83, 0xcc, 0x64, 0x00, 0x08, 0xc0,
	0x01, 0x00, 0x88, 0x08, 0xff, 0xff, 0x8f, 0x98, 0xfa, 0xee, 0x43, 0xd8, 0x64, 0x00,
	0x08, 0xc0, 0x01, 0x00, 0x88, 0x08, 0xff, 0xff, 0x8f, 0x98, 0xfa, 0xee, 0x03, 0xd8,
	0x64, 0x00, 0x08, 0xc0, 0x01, 0x00, 0x88, 0x08, 0xff, 0xff, 0x8f, 0x98, 0x00, 0x00,
	0x00, 0x90, 0x13, 0x01, 0x43, 0xd8, 0x58, 0x00, 0x3c, 0xc0, 0x00, 0x00, 0x38, 0xc0,
	0xaa, 0x36, 0x00, 0x8c, 0xb4, 0x36, 0x00, 0x8c, 0xe1, 0xee, 0x43, 0xd8, 0xbc, 0x21,
	0x00, 0x80, 0x5a, 0x00, 0x3c, 0xc0, 0x00, 0x00, 0x38, 0xc0, 0xaa, 0x36, 0x00, 0x8c,
	0xb4, 0x36, 0x00, 0x8c, 0xe1, 0xee, 0x43, 0xd8, 0xbc, 0x21, 0x00, 0x80, 0x2d, 0x32,
	0x34, 0xc0, 0x8a, 0xa9, 0x33, 0xc4, 0x00, 0x00, 0x2c, 0xc0, 0x27, 0x31, 0x00, 0x8c,
	0x01, 0x00, 0x2c, 0xc0, 0x27, 0x31, 0x00, 0x8c, 0x00, 0x00, 0x00, 0x90, 0x03, 0x00,
	0xe8, 0x12, 0x05, 0x40, 0x2a, 0x7f, 0x80, 0x00, 0x48, 0x26, 0x10, 0x00, 0x80, 0x94,
	0x10, 0x00, 0xe0, 0x12, 0x0a, 0xc0, 0xa1, 0x7f, 0x07, 0x00, 0x60, 0x26, 0x08, 0x00,
	0x0c, 0x52, 0x1a, 0xc0, 0xcd, 0x7d, 0x28, 0x00, 0x20, 0x52, 0x78, 0x00, 0x50, 0x26,
	0x1d, 0x00, 0x14, 0x51, 0x1a, 0x80, 0x75, 0x7d, 0x1a, 0x80, 0xa1, 0x7d, 0xff, 0x00,
	0xcc, 0x65, 0x00, 0x00, 0xc8, 0x30, 0x02, 0x00, 0x80, 0x94, 0x00, 0x00, 0x1c, 0xc0,
	0x00, 0x00, 0xd9, 0xd1, 0x00, 0x00, 0x00, 0x90, 0xe3, 0x00, 0x03, 0xd8, 0x95, 0x00,
	0x0b, 0xc4, 0x08, 0x00, 0x80, 0x98, 0xff, 0x00, 0x88, 0x27, 0x01, 0x00, 0x88, 0x30,
	0x05, 0x00, 0x80, 0x94, 0x16, 0xee, 0x0b, 0xc4, 0x01, 0x00, 0x88, 0x24, 0x02, 0x00,
	0x80, 0x94, 0xab, 0x24, 0x00, 0x8c, 0x49, 0x31, 0x00, 0x8c, 0x03, 0x00, 0xc8, 0x31,
	0xf5, 0xff, 0x8f, 0x94, 0x00, 0x00, 0x00, 0x90, 0x00, 0x00, 0x3c, 0xc0, 0xe3, 0x00,
	0x1f, 0xc4, 0x8a, 0xa9, 0x33, 0xc4, 0x01, 0x00, 0xd4, 0x25, 0x05, 0x00, 0x40, 0x99,
	0x00, 0x00, 0x2c, 0xc0, 0x5c, 0x31, 0x00, 0x8c, 0x0a, 0xc0, 0xd9, 0x7d, 0x0a, 0xc0,
	0xcb, 0x7f, 0x02, 0x00, 0xd4, 0x25, 0x06, 0x00, 0x40, 0x99, 0x01, 0x00, 0x2c, 0xc0,
	0x5c, 0x31, 0x00, 0x8c, 0x01, 0x00, 0x8c, 0x11, 0x0a, 0xc0, 0xcd, 0x7d, 0x0a, 0xc0,
	0xcb, 0x7f, 0xe3, 0x00, 0xc3, 0xcd, 0x00, 0x00, 0x0c, 0xc0, 0x00, 0x00, 0x00, 0x90,
	0x00, 0x00, 0x18, 0xc0, 0x2c, 0x32, 0x34, 0xc0, 0x03, 0x00, 0xe8, 0x12, 0x05, 0x40,
	0x2a, 0x7f, 0x80, 0x00, 0x48, 0x26, 0x03, 0x00, 0x80, 0x98, 0x01, 0x00, 0x18, 0xc0,
	0x72, 0x31, 0x00, 0x80, 0x07, 0x00, 0x4c, 0x26, 0x28, 0x00, 0xcc, 0x50, 0x78, 0x00,
	0x50, 0x26, 0x1d, 0x00, 0x14, 0x51, 0x1a, 0x40, 0x4d, 0x7d, 0x1a, 0x80, 0x76, 0x7d,
	0x00, 0x00, 0x8d, 0xca, 0x0c, 0x80, 0xe1, 0x7c, 0x00, 0x00, 0x08, 0xc0, 0x05, 0x00,
	0x00, 0x96, 0x04, 0x00, 0x80, 0x99, 0x1f, 0x00, 0xd8, 0x14, 0x02, 0x00, 0x80, 0x95,
	0x01, 0x00, 0x08, 0xc0, 0x00, 0x00, 0x00, 0x90, 0x03, 0x00, 0xe8, 0x12, 0x05, 0x40,
	0x2a, 0x7f, 0x00, 0x40, 0x40, 0xde, 0x80, 0x00, 0x48, 0x26, 0x33, 0x00, 0x80, 0x94,
	0x60, 0x00, 0x48, 0x26, 0x05, 0x00, 0x88, 0x14, 0x03, 0x00, 0x88, 0x30, 0x2f, 0x00,
	0x80, 0x94, 0x0f, 0x40, 0x2a, 0xc0, 0x10, 0x00, 0xa8, 0x2a, 0x07, 0xc8, 0x81, 0xce,
	0x05, 0x00, 0x24, 0xc0, 0x24, 0x27, 0x00, 0x8c, 0x55, 0xc8, 0x29, 0xc4, 0x07, 0xc8,
	0x81, 0xce, 0x00, 0x00, 0x24, 0xdc, 0x07, 0x00, 0x60, 0x26, 0x28, 0x00, 0x20, 0x52,
	0x60, 0x00, 0x5c, 0x26, 0x1d, 0x00, 0xdc, 0x51, 0x1a, 0x00, 0x1e, 0x7e, 0x4d, 0xc8,
	0x1c, 0xc0, 0x1a, 0x00, 0x1e, 0x7e, 0x08, 0x00, 0x1c, 0xc0, 0x1d, 0x00, 0xdc, 0x51,
	0x1a, 0xc0, 0x1d, 0x7e, 0x07, 0xc8, 0x09, 0xc4, 0x1a, 0x00, 0x98, 0x14, 0x01, 0x00,
	0x98, 0x25, 0x05, 0x00, 0x80, 0x95, 0x05, 0x00, 0x24, 0xc0, 0x24, 0x27, 0x00, 0x8c,
	0x00, 0x00, 0x19, 0xca, 0xfd, 0xff, 0x8f, 0x95, 0x1b, 0x00, 0x98, 0x14, 0x01, 0x00,
	0x98, 0x25, 0x05, 0x00, 0x80, 0x95, 0x05, 0x00, 0x24, 0xc0, 0x24, 0x27, 0x00, 0x8c,
	0x00, 0x00, 0xd9, 0xc9, 0xfd, 0xff, 0x8f, 0x95, 0x05, 0x00, 0x24, 0xc0, 0x24, 0x27,
	0x00, 0x8c, 0x8a, 0x20, 0x29, 0xc4, 0x00, 0x04, 0xa4, 0x26, 0x00, 0x08, 0xa8, 0x26,
	0x0a, 0x80, 0x6a, 0x7e, 0xfa, 0xff, 0x8f, 0x9a, 0x05, 0x00, 0x24, 0xc0, 0x24, 0x27,
	0x00, 0x8c, 0x84, 0x20, 0x29, 0xc4, 0x08, 0x00, 0x26, 0xc0, 0x09, 0x80, 0x6a, 0x7e,
	0xfb, 0xff, 0x8f, 0x9a, 0x00, 0x00, 0x00, 0x90, 0x03, 0x00, 0xe8, 0x12, 0x05, 0x40,
	0x2a, 0x7f, 0x80, 0x00, 0x48, 0x26, 0x35, 0x00, 0x80, 0x94, 0x60, 0x00, 0x48, 0x26,
	0x05, 0x00, 0x88, 0x14, 0x03, 0x00, 0x88, 0x30, 0x31, 0x00, 0x80, 0x94, 0x0a, 0x00,
	0x08, 0xc0, 0x01, 0x00, 0x88, 0x08, 0xff, 0xff, 0x8f, 0x98, 0x8a, 0x20, 0x09, 0xc4,
	0x0b, 0x00, 0x88, 0x14, 0x01, 0x00, 0x88, 0x24, 0xfa, 0xff, 0x8f, 0x98, 0x00, 0x3c,
	0x0a, 0xc0, 0x07, 0xc8, 0x29, 0xc4, 0x09, 0x80, 0x8a, 0x7e, 0x1a, 0x00, 0xa8, 0x16,
	0x18, 0x00, 0x48, 0x26, 0x03, 0x00, 0x88, 0x14, 0x07, 0x00, 0x60, 0x26, 0x28, 0x00,
	0x20, 0x52, 0x60, 0x00, 0x5c, 0x26, 0x1d, 0x00, 0xdc, 0x51, 0x1a, 0x00, 0x1e, 0x7e,
	0x10, 0xc8, 0x1c, 0xc0, 0x1a, 0x00, 0x1e, 0x7e, 0x01, 0x00, 0x0c, 0xc0, 0x04, 0xc0,
	0xc8, 0x7c, 0x09, 0xc0, 0xe8, 0x7c, 0x0e, 0x00, 0xc0, 0x94, 0x03, 0x00, 0x9c, 0x10,
	0x1d, 0x00, 0xdc, 0x51, 0x1a, 0xc0, 0x1d, 0x7e, 0x00, 0x08, 0x24, 0xc0, 0x00, 0x00,
	0x5d, 0xd2, 0x00, 0x3c, 0x12, 0xc0, 0x07, 0xc8, 0x15, 0xc4, 0x09, 0x40, 0x51, 0x7d,
	0x1a, 0x00, 0x54, 0x15, 0x09, 0x40, 0x4d, 0x7d, 0x05, 0x00, 0x24, 0xc0, 0x24, 0x27,
	0x00, 0x8c, 0xfa, 0xff, 0x4f, 0x99, 0x0a, 0x00, 0x08, 0xc0, 0x01, 0x00, 0x88, 0x08,
	0xff, 0xff, 0x8f, 0x98, 0x84, 0x20, 0x09, 0xc4, 0x10, 0x00, 0x88, 0x14, 0x01, 0x00,
	0x88, 0x24, 0xfa, 0xff, 0x8f, 0x98, 0x00, 0x40, 0x0a, 0xc0, 0x07, 0xc8, 0x29, 0xc4,
	0x0a, 0x80, 0x8a, 0x7e, 0x07, 0xc8, 0x81, 0xce, 0x00, 0x00, 0x00, 0x90, 0x8a, 0xc0,
	0x09, 0xc4, 0x1f, 0x00, 0x8c, 0x14, 0x05, 0x00, 0xc0, 0x94, 0x00, 0x02, 0x08, 0xc0,
	0x01, 0x00, 0x88, 0x08, 0xff, 0xff, 0x8f, 0x98, 0xe4, 0x31, 0x00, 0x80, 0x00, 0x00,
	0x00, 0x90, 0x8a, 0xc0, 0x09, 0xc4, 0x1e, 0x00, 0x8c, 0x14, 0x05, 0x00, 0xc0, 0x94,
	0x00, 0x02, 0x08, 0xc0, 0x01, 0x00, 0x88, 0x08, 0xff, 0xff, 0x8f, 0x98, 0xec, 0x31,
	0x00, 0x80, 0x00, 0x00, 0x00, 0x90, 0xe4, 0x31, 0x00, 0x8c, 0x65, 0xc0, 0x01, 0xcf,
	0x64, 0xc0, 0xc1, 0xce, 0x67, 0xc0, 0x81, 0xce, 0x66, 0xc0, 0x41, 0xce, 0x63, 0xc0,
	0x81, 0xcf, 0xe8, 0xc0, 0x41, 0xcf, 0x00, 0x00, 0x00, 0x90, 0x17, 0xee, 0x3f, 0xc4,
	0x0f, 0x00, 0xf8, 0x27, 0x1c, 0x00, 0x80, 0x97, 0x12, 0xee, 0x3b, 0xc4, 0x1a, 0x00,
	0x80, 0x97, 0x27, 0x01, 0x0b, 0xc4, 0x06, 0x00, 0x80, 0x98, 0x0c, 0x00, 0xf8, 0x27,
	0x04, 0x00, 0x80, 0x9b, 0xae, 0x32, 0x00, 0x8c, 0x73, 0x35, 0x00, 0x8c, 0x7e, 0x35,
	0x00, 0x8c, 0x1b, 0x32, 0x00, 0x8c, 0x73, 0x35, 0x00, 0x8c, 0x7e, 0x35, 0x00, 0x8c,
	0x4a, 0x24, 0x00, 0x8c, 0x17, 0xee, 0x0b, 0xc4, 0x02, 0x00, 0x8c, 0x24, 0x0c, 0x00,
	0xc0, 0x98, 0x12, 0xee, 0x3b, 0xc4, 0x0a, 0x00, 0x80, 0x97, 0xdc, 0x32, 0x00, 0x8c,
	0x81, 0xed, 0x09, 0xc4, 0x0f, 0xff, 0x3d, 0xc0, 0x09, 0x80, 0xbc, 0x7c, 0xfd, 0xff,
	0x8f, 0x98, 0x82, 0xee, 0x3f, 0xc4, 0x00, 0x80, 0x1e, 0xc0, 0x0a, 0xc0, 0xdf, 0x7f,
	0x82, 0xee, 0xc3, 0xcf, 0x00, 0x00, 0x00, 0x90, 0x39, 0xfb, 0x0b, 0xc4, 0x00, 0x80,
	0x0e, 0xc0, 0x09, 0xc0, 0x8c, 0x7c, 0x03, 0x00, 0xc0, 0x98, 0xbe, 0x03, 0x0b, 0xc4,
	0x24, 0x32, 0x00, 0x80, 0x0f, 0x00, 0x0c, 0xc0, 0x09, 0xc0, 0x8c, 0x7c, 0xc1, 0x03,
	0xcb, 0xc4, 0x01, 0x00, 0x8c, 0x24, 0x00, 0x00, 0xc0, 0x94, 0x27, 0x01, 0x17, 0xc4,
	0x06, 0x00, 0x40, 0x95, 0xff, 0x7f, 0x16, 0xc0, 0x00, 0xe0, 0x54, 0x29, 0x09, 0x80,
	0x94, 0x7c, 0xc0, 0x03, 0x83, 0xcc, 0xad, 0x32, 0x00, 0x80, 0xc0, 0x03, 0x83, 0xcc,
	0xeb, 0x00, 0x03, 0xd8, 0x00, 0x00, 0x14, 0xc0, 0x08, 0x02, 0x4b, 0xc5, 0x7c, 0x00,
	0x80, 0x94, 0x08, 0x02, 0x4b, 0xc5, 0x1a, 0x00, 0x88, 0x14, 0xc0, 0x03, 0x13, 0xc4,
	0x05, 0x00, 0x09, 0x7d, 0x01, 0x00, 0x10, 0x25, 0x17, 0xee, 0x3f, 0xc4, 0x0c, 0x00,
	0xc8, 0x27, 0x21, 0x00, 0x80, 0x98, 0x01, 0x00, 0xc8, 0x27, 0x04, 0x00, 0x80, 0x98,
	0x02, 0x00, 0xc8, 0x27, 0x0d, 0x00, 0x80, 0x98, 0x3e, 0x32, 0x00, 0x8c, 0x09, 0x02,
	0x4b, 0xc5, 0x01, 0x00, 0x8c, 0x24, 0x6a, 0x00, 0xc0, 0x94, 0x08, 0x02, 0x4b, 0xc5,
	0x1a, 0x00, 0x88, 0x14, 0xc0, 0x03, 0x13, 0xc4, 0x05, 0x00, 0x09, 0x7d, 0x01, 0x00,
	0x10, 0x25, 0x09, 0xc0, 0xd0, 0x7c, 0x63, 0x00, 0xc0, 0x94, 0x66, 0x32, 0x00, 0x80,
	0x09, 0x02, 0x4b, 0xc5, 0x02, 0x00, 0x8c, 0x24, 0x01, 0x00, 0xcc, 0x14, 0x5e, 0x00,
	0xc0, 0x94, 0x00, 0x04, 0x10, 0xc0, 0x09, 0x80, 0x90, 0x7c, 0x0a, 0x00, 0x88, 0x14,
	0x15, 0x00, 0x80, 0x98, 0x08, 0x02, 0x4b, 0xc5, 0x1a, 0x00, 0x88, 0x14, 0xc0, 0x03,
	0x13, 0xc4, 0x05, 0x00, 0x09, 0x7d, 0x01, 0x00, 0x10, 0x25, 0x09, 0xc0, 0xd0, 0x7c,
	0x53, 0x00, 0xc0, 0x94, 0x66, 0x32, 0x00, 0x80, 0x09, 0x02, 0x4b, 0xc5, 0x04, 0x00,
	0x8c, 0x24, 0x02, 0x00, 0xcc, 0x14, 0x4e, 0x00, 0xc0, 0x94, 0x08, 0x02, 0x4b, 0xc5,
	0x1a, 0x00, 0x88, 0x14, 0xc0, 0x03, 0x13, 0xc4, 0x05, 0x00, 0x09, 0x7d, 0x01, 0x00,
	0x10, 0x25, 0x09, 0xc0, 0xd0, 0x7c, 0x47, 0x00, 0xc0, 0x94, 0x66, 0x32, 0x00, 0x80,
	0x0a, 0x02, 0x4b, 0xc5, 0x10, 0x00, 0xac, 0x14, 0x05, 0x00, 0xc0, 0x96, 0xeb, 0x00,
	0xc3, 0xce, 0x01, 0x00, 0xec, 0x0a, 0x10, 0x00, 0xec, 0x12, 0x84, 0x35, 0x00, 0x8c,
	0x09, 0x02, 0x4b, 0xc5, 0x0e, 0x00, 0x90, 0x14, 0x02, 0x00, 0x10, 0x11, 0x00, 0x10,
	0x8c, 0x24, 0x02, 0x00, 0xc0, 0x94, 0x04, 0x00, 0x10, 0x11, 0x00, 0x08, 0x36, 0xc0,
	0x0a, 0x40, 0x53, 0x7f, 0x00, 0x02, 0xa0, 0x24, 0x30, 0x00, 0x00, 0x9a, 0x00, 0x28,
	0x36, 0xc0, 0x0a, 0x40, 0x53, 0x7f, 0x0a, 0x02, 0x4b, 0xc5, 0xff, 0xff, 0x24, 0xc0,
	0x09, 0x40, 0x4a, 0x7e, 0x0b, 0x02, 0x4b, 0xc5, 0x10, 0x00, 0xac, 0x14, 0x8d, 0x35,
	0x00, 0x8c, 0x0b, 0x02, 0x4b, 0xc5, 0xff, 0xff, 0x24, 0xc0, 0x09, 0x40, 0x4a, 0x7e,
	0x02, 0x00, 0x64, 0x12, 0x00, 0x00, 0x28, 0xc0, 0x39, 0xfb, 0x19, 0xc4, 0x00, 0x80,
	0x0e, 0xc0, 0x09, 0xc0, 0x8c, 0x7d, 0x09, 0x00, 0xc0, 0x94, 0x0f, 0x00, 0x98, 0x25,
	0x01, 0x00, 0x98, 0x05, 0x10, 0x00, 0x1c, 0x15, 0x10, 0xc0, 0xd9, 0x7d, 0x10, 0x00,
	0xdc, 0x11, 0x10, 0x00, 0x19, 0x7d, 0x0a, 0xc0, 0xd1, 0x7d, 0x91, 0x32, 0x00, 0x80,
	0x00, 0x00, 0x1c, 0xc0, 0x08, 0x02, 0x4b, 0xc5, 0xff, 0x03, 0x2f, 0xc0, 0x09, 0xc0,
	0xca, 0x7e, 0x02, 0x00, 0xec, 0x12, 0x01, 0xc0, 0xde, 0x7e, 0x10, 0xee, 0x33, 0xc4,
	0x11, 0xee, 0x3b, 0xc4, 0x09, 0x02, 0x4b, 0xc5, 0x03, 0x00, 0x88, 0x14, 0x03, 0x00,
	0x88, 0x24, 0x03, 0x00, 0x88, 0x30, 0x03, 0x00, 0x80, 0x94, 0x71, 0x01, 0x33, 0xc4,
	0x70, 0x01, 0x3b, 0xc4, 0x20, 0x00, 0x30, 0x53, 0x1a, 0x00, 0x3b, 0x7f, 0x11, 0xc0,
	0xf2, 0x7e, 0x20, 0x00, 0xf0, 0x56, 0x00, 0x00, 0x38, 0xc0, 0xf4, 0x31, 0x00, 0x8c,
	0xca, 0x32, 0x00, 0x8c, 0xeb, 0x00, 0x33, 0xc4, 0x04, 0x00, 0x00, 0x97, 0xeb, 0x00,
	0x03, 0xd8, 0x00, 0xe0, 0x2e, 0xc0, 0x84, 0x35, 0x00, 0x8c, 0x04, 0x00, 0x54, 0x05,
	0x30, 0x32, 0x00, 0x80, 0x00, 0x00, 0x00, 0x90, 0x00, 0x02, 0x08, 0xc0, 0x6e, 0xfb,
	0x83, 0xcc, 0x6f, 0xfb, 0x0c, 0xc0, 0x02, 0x00, 0xcc, 0x10, 0x66, 0xc0, 0xc1, 0xcc,
	0x67, 0xc0, 0x01, 0xd8, 0x63, 0xc0, 0x01, 0xcc, 0x00, 0x18, 0x08, 0xc0, 0x02, 0x00,
	0x88, 0x10, 0x10, 0xee, 0x0f, 0xc4, 0x20, 0x00, 0xcc, 0x50, 0x11, 0xee, 0x13, 0xc4,
	0x1a, 0xc0, 0xd0, 0x7c, 0x11, 0xc0, 0xc8, 0x7c, 0x20, 0x00, 0xd0, 0x54, 0x64, 0xc0,
	0xc1, 0xcc, 0x65, 0xc0, 0x01, 0xcd, 0x00, 0x28, 0x16, 0xc0, 0x00, 0x07, 0x54, 0x29,
	0xe8, 0xc0, 0x41, 0xcd, 0xcb, 0xee, 0x33, 0xc4, 0x02, 0x00, 0x30, 0x2b, 0xcb, 0xee,
	0x03, 0xcf, 0x00, 0x00, 0x00, 0x90, 0x27, 0x01, 0x43, 0xd8, 0xfc, 0x31, 0x00, 0x8c,
	0x27, 0x01, 0x03, 0xd8, 0x00, 0x00, 0x00, 0x90, 0x08, 0x02, 0x73, 0xc5, 0x1a, 0x00,
	0x30, 0x17, 0x20, 0x00, 0x2c, 0x3b, 0x08, 0x00, 0xc0, 0x9a, 0xcb, 0xee, 0x2f, 0xc4,
	0x01, 0x00, 0x30, 0x0b, 0x01, 0x00, 0x08, 0xc0, 0x04, 0x80, 0xb0, 0x7c, 0x0a, 0xc0,
	0xca, 0x7e, 0xcb, 0xee, 0xc3, 0xce, 0xdb, 0x32, 0x00, 0x80, 0xcc, 0xee, 0x2f, 0xc4,
	0x20, 0x00, 0x30, 0x0b, 0x01, 0x00, 0x08, 0xc0, 0x04, 0x80, 0xb0, 0x7c, 0x0a, 0xc0,
	0xca, 0x7e, 0xcc, 0xee, 0xc3, 0xce, 0x00, 0x00, 0x00, 0x90, 0xbd, 0x03, 0x17, 0xc4,
	0x00, 0x00, 0x4b, 0xc5, 0x57, 0x00, 0x80, 0x94, 0x39, 0xfb, 0x0b, 0xc4, 0x00, 0x80,
	0x0e, 0xc0, 0x09, 0xc0, 0x8c, 0x7c, 0x03, 0x00, 0xc0, 0x98, 0xc0, 0x03, 0x1b, 0xc4,
	0xe8, 0x32, 0x00, 0x80, 0x0f, 0x00, 0x0c, 0xc0, 0x09, 0xc0, 0x8c, 0x7c, 0xc1, 0x03,
	0xdb, 0xc4, 0x00, 0x00, 0x4b, 0xc5, 0x19, 0x00, 0x8c, 0x14, 0x05, 0x00, 0x8d, 0x7d,
	0x01, 0x00, 0x10, 0x25, 0x47, 0x00, 0x00, 0x95, 0x17, 0xee, 0x3f, 0xc4, 0x0c, 0x00,
	0xc8, 0x27, 0x06, 0x00, 0x80, 0x98, 0x01, 0x00, 0xc8, 0x27, 0x08, 0x00, 0x80, 0x98,
	0x02, 0x00, 0xc8, 0x27, 0x0a, 0x00, 0x80, 0x98, 0xf4, 0x32, 0x00, 0x8c, 0x00, 0x00,
	0x4b, 0xc5, 0x38, 0x00, 0x8c, 0x18, 0x3c, 0x00, 0xc0, 0x94, 0x00, 0x33, 0x00, 0x80,
	0x00, 0x00, 0x4b, 0xc5, 0x36, 0x00, 0x8c, 0x18, 0x38, 0x00, 0xc0, 0x94, 0x00, 0x33,
	0x00, 0x80, 0x00, 0x00, 0x4b, 0xc5, 0x37, 0x00, 0x8c, 0x18, 0x34, 0x00, 0xc0, 0x94,
	0xff, 0xff, 0x10, 0xc0, 0x09, 0xc0, 0x90, 0x7c, 0x70, 0x00, 0x90, 0x18, 0x22, 0x00,
	0x10, 0x51, 0x1a, 0xc0, 0xd0, 0x7c, 0x72, 0x00, 0x90, 0x18, 0x20, 0x00, 0x10, 0x51,
	0x1a, 0xc0, 0xd0, 0x7c, 0x01, 0x00, 0x5b, 0xc5, 0x74, 0x00, 0x90, 0x18, 0x0c, 0x33,
	0x10, 0x05, 0x00, 0x00, 0x00, 0x85, 0x10, 0x33, 0x00, 0x80, 0x12, 0x33, 0x00, 0x80,
	0x12, 0x33, 0x00, 0x80, 0x32, 0x33, 0x00, 0x80, 0x00, 0x00, 0x8d, 0xcd, 0x33, 0x33,
	0x00, 0x80, 0x10, 0xee, 0x33, 0xc4, 0x11, 0xee, 0x3b, 0xc4, 0x20, 0x00, 0x30, 0x53,
	0x1a, 0x00, 0x3b, 0x7f, 0x02, 0x00, 0x98, 0x11, 0x11, 0x00, 0x1b, 0x7f, 0x00, 0x00,
	0x5b, 0xc5, 0x19, 0x00, 0x98, 0x15, 0x03, 0x00, 0x98, 0x09, 0x04, 0x00, 0x98, 0x41,
	0x09, 0x02, 0x9b, 0xc5, 0x0e, 0x00, 0x98, 0x15, 0x02, 0x00, 0x98, 0x11, 0x00, 0x00,
	0x20, 0xc0, 0x39, 0xfb, 0x1d, 0xc4, 0x1f, 0x00, 0xdc, 0x15, 0x09, 0x00, 0xc0, 0x95,
	0x39, 0xfb, 0x1d, 0xc4, 0x1f, 0x00, 0xdc, 0x25, 0x01, 0x00, 0xdc, 0x05, 0x10, 0x00,
	0xa0, 0x15, 0x10, 0x00, 0x1e, 0x7e, 0x10, 0x00, 0x20, 0x12, 0x10, 0x80, 0x9d, 0x7d,
	0x0a, 0x00, 0x1a, 0x7e, 0x11, 0x00, 0x23, 0x7f, 0x74, 0x00, 0x90, 0x18, 0x01, 0x00,
	0x10, 0x31, 0x02, 0x00, 0x00, 0x99, 0x20, 0x00, 0x30, 0x57, 0x00, 0x00, 0x0d, 0xcf,
	0x33, 0x33, 0x00, 0x80, 0x32, 0x33, 0x00, 0x80, 0x02, 0x00, 0x54, 0x05, 0xdd, 0x32,
	0x00, 0x80, 0x00, 0x00, 0x00, 0x90, 0x8a, 0xa9, 0x3b, 0xc4, 0x80, 0x00, 0xa0, 0x27,
	0x03, 0x00, 0x00, 0x96, 0x7a, 0x00, 0x10, 0xc0, 0x42, 0x33, 0x00, 0x8c, 0x8a, 0xa9,
	0x3b, 0xc4, 0x08, 0x00, 0xb8, 0x17, 0x80, 0x00, 0xa0, 0x27, 0x03, 0x00, 0x00, 0x96,
	0x7d, 0x00, 0x10, 0xc0, 0x42, 0x33, 0x00, 0x8c, 0x00, 0x00, 0x00, 0x90, 0x07, 0x00,
	0x8c, 0x27, 0x28, 0x00, 0xcc, 0x50, 0x78, 0x00, 0x98, 0x27, 0x1d, 0x00, 0xa0, 0x51,
	0x1a, 0x00, 0x0e, 0x7e, 0x0b, 0x00, 0x40, 0x97, 0x09, 0x32, 0x1c, 0x6a, 0x00, 0x00,
	0xe9, 0xc9, 0x0a, 0x32, 0x1c, 0x6a, 0x00, 0x00, 0xed, 0xc9, 0x2b, 0x32, 0x1c, 0x6a,
	0x00, 0x00, 0xf1, 0xc9, 0x00, 0x00, 0x93, 0xce, 0x01, 0x00, 0xd3, 0xce, 0x02, 0x00,
	0x13, 0xcf, 0x00, 0x00, 0x00, 0x90, 0x00, 0x00, 0x2b, 0xc5, 0x01, 0x00, 0x2f, 0xc5,
	0x02, 0x00, 0x33, 0xc5, 0x09, 0x32, 0x1c, 0x6a, 0x00, 0x00, 0x9d, 0xd2, 0x0a, 0x32,
	0x1c, 0x6a, 0x00, 0x00, 0xdd, 0xd2, 0x2b, 0x32, 0x1c, 0x6a, 0x00, 0x00, 0x1d, 0xd3,
	0x00, 0x00, 0x00, 0x90, 0x18, 0xfb, 0xc3, 0xdb, 0x19, 0xfb, 0xc3, 0xdb, 0x99, 0xf8,
	0x01, 0xce, 0xb9, 0xf8, 0x01, 0xce, 0x00, 0x00, 0x00, 0x90, 0x18, 0xfb, 0x0f, 0xc4,
	0x00, 0x00, 0xd8, 0x30, 0xfe, 0xff, 0x8f, 0x95, 0x19, 0xfb, 0x0f, 0xc4, 0x00, 0x00,
	0xd8, 0x30, 0xfe, 0xff, 0x8f, 0x95, 0x00, 0x00, 0x00, 0x90, 0x3b, 0x01, 0x2b, 0xc4,
	0x3c, 0x01, 0x27, 0xc4, 0x02, 0x00, 0x40, 0x96, 0xd3, 0x28, 0x00, 0x8c, 0x00, 0x00,
	0x00, 0x90, 0x3d, 0x01, 0x2b, 0xc4, 0x3e, 0x01, 0x27, 0xc4, 0x06, 0x00, 0x40, 0x96,
	0x04, 0x00, 0x00, 0x9a, 0xee, 0x00, 0x2f, 0xc4, 0x03, 0x00, 0xc0, 0x9a, 0xee, 0x00,
	0x43, 0xd8, 0xd3, 0x28, 0x00, 0x8c, 0x00, 0x00, 0x00, 0x90, 0x3f, 0x01, 0x2b, 0xc4,
	0x40, 0x01, 0x27, 0xc4, 0x02, 0x00, 0x40, 0x96, 0xd3, 0x28, 0x00, 0x8c, 0x00, 0x00,
	0x00, 0x90, 0x41, 0x01, 0x2b, 0xc4, 0x42, 0x01, 0x27, 0xc4, 0x02, 0x00, 0x40, 0x96,
	0xd3, 0x28, 0x00, 0x8c, 0x00, 0x00, 0x00, 0x90, 0x43, 0x01, 0x2b, 0xc4, 0x44, 0x01,
	0x27, 0xc4, 0x02, 0x00, 0x40, 0x96, 0xd3, 0x28, 0x00, 0x8c, 0x00, 0x00, 0x00, 0x90,
	0x45, 0x01, 0x2b, 0xc4, 0x46, 0x01, 0x27, 0xc4, 0x02, 0x00, 0x40, 0x96, 0xd3, 0x28,
	0x00, 0x8c, 0x00, 0x00, 0x00, 0x90, 0x47, 0x01, 0x2b, 0xc4, 0x48, 0x01, 0x27, 0xc4,
	0x02, 0x00, 0x40, 0x96, 0xd3, 0x28, 0x00, 0x8c, 0x00, 0x00, 0x00, 0x90, 0x00, 0x00,
	0x30, 0xc0, 0x20, 0x00, 0x30, 0x53, 0x96, 0x33, 0x00, 0x8c, 0x01, 0x00, 0x30, 0xc0,
	0x20, 0x00, 0x30, 0x53, 0x96, 0x33, 0x00, 0x8c, 0x00, 0x00, 0x00, 0x90, 0x8d, 0xc0,
	0x34, 0x6b, 0x00, 0x00, 0xb5, 0xd0, 0x8e, 0xc0, 0x34, 0x6b, 0xff, 0xff, 0x0d, 0xc0,
	0x00, 0x00, 0xf5, 0xd0, 0x00, 0x00, 0x00, 0x90, 0x01, 0x33, 0x14, 0xc0, 0x00, 0x00,
	0x20, 0xc0, 0x00, 0x00, 0x59, 0xc5, 0x02, 0x00, 0x98, 0x15, 0xa7, 0x33, 0x00, 0x8c,
	0x02, 0x00, 0x54, 0x05, 0x0f, 0x00, 0x18, 0x32, 0x03, 0x00, 0x80, 0x99, 0x01, 0x00,
	0x20, 0x06, 0xf9, 0xff, 0x0f, 0x94, 0x00, 0x00, 0x00, 0x90, 0x10, 0x00, 0x98, 0x09,
	0x24, 0x00, 0x0c, 0x52, 0x05, 0xc4, 0x1c, 0xc0, 0x1a, 0xc0, 0xcd, 0x7d, 0x00, 0x00,
	0x9d, 0xd1, 0x06, 0xc4, 0x1c, 0xc0, 0x1a, 0xc0, 0xcd, 0x7d, 0x00, 0x00, 0x08, 0xc0,
	0x00, 0x00, 0x1d, 0xd0, 0x0f, 0x00, 0x90, 0x30, 0x03, 0x00, 0x00, 0x99, 0x01, 0x00,
	0x88, 0x04, 0xfc, 0xff, 0x0f, 0x94, 0x00, 0x00, 0x00, 0x90, 0x89, 0xa9, 0x23, 0xc4,
	0x09, 0x00, 0x00, 0x96, 0x88, 0xa9, 0x23, 0xc4, 0x71, 0x30, 0x01, 0xce, 0x87, 0xa9,
	0x23, 0xc4, 0x70, 0x30, 0x01, 0xce, 0x89, 0xa9, 0x23, 0xc4, 0x00, 0x80, 0x26, 0xc0,
	0x0a, 0x00, 0x26, 0x7e, 0x72, 0x30, 0x01, 0xce, 0x00, 0x00, 0x00, 0x90, 0x20, 0x00,
	0x30, 0x53, 0x71, 0x30, 0x2c, 0xc0, 0x1a, 0x40, 0x2f, 0x7f, 0x00, 0x00, 0x35, 0xd2,
	0x70, 0x30, 0x2c, 0xc0, 0x1a, 0x40, 0x2f, 0x7f, 0x00, 0x00, 0x75, 0xd2, 0x00, 0x00,
	0x00, 0x90, 0x72, 0x30, 0x2c, 0xc0, 0x20, 0x00, 0x30, 0x53, 0x1a, 0x40, 0x2f, 0x7f,
	0x00, 0x00, 0x35, 0xd2, 0x00, 0x00, 0x00, 0x90, 0x89, 0xa9, 0x23, 0xc4, 0x1e, 0x00,
	0x00, 0x96, 0x88, 0xa9, 0x23, 0xc4, 0x87, 0xa9, 0x27, 0xc4, 0x00, 0x00, 0x30, 0xc0,
	0xc0, 0x33, 0x00, 0x8c, 0x89, 0xa9, 0x23, 0xc4, 0x00, 0x80, 0x26, 0xc0, 0x0a, 0x00,
	0x26, 0x7e, 0x00, 0x00, 0x30, 0xc0, 0xc8, 0x33, 0x00, 0x8c, 0x88, 0xa9, 0x23, 0xc4,
	0x87, 0xa9, 0x0f, 0xc4, 0x89, 0xa9, 0x0b, 0xc4, 0x02, 0x00, 0x88, 0x50, 0x08, 0x00,
	0x10, 0xc0, 0x20, 0x00, 0x20, 0x52, 0x1a, 0x00, 0x0e, 0x7e, 0x11, 0x00, 0x0a, 0x7e,
	0x12, 0x00, 0x12, 0x7e, 0xff, 0xff, 0x0e, 0xc0, 0xff, 0xff, 0xcc, 0x28, 0x09, 0x40,
	0x0e, 0x7e, 0x20, 0x00, 0x20, 0x56, 0x01, 0x00, 0x30, 0xc0, 0xc0, 0x33, 0x00, 0x8c,
	0x02, 0x00, 0x20, 0xc0, 0x00, 0x80, 0x26, 0xc0, 0x0a, 0x00, 0x26, 0x7e, 0x01, 0x00,
	0x30, 0xc0, 0xc8, 0x33, 0x00, 0x8c, 0x00, 0x00, 0x00, 0x90, 0xf8, 0x34, 0x00, 0x8c,
	0x20, 0x34, 0x00, 0x8c, 0xd2, 0x00, 0x43, 0xcf, 0x00, 0x00, 0x08, 0xc0, 0x20, 0x00,
	0x0c, 0xc0, 0xd0, 0x34, 0x00, 0x8c, 0xd2, 0x00, 0x37, 0xc4, 0x26, 0x34, 0x00, 0x8c,
	0x3a, 0x34, 0x00, 0x8c, 0x00, 0x00, 0x2c, 0xc0, 0x56, 0x34, 0x00, 0x8c, 0x01, 0x00,
	0x8c, 0x24, 0x13, 0x00, 0xc0, 0x94, 0x00, 0x40, 0x80, 0xdc, 0x00, 0x00, 0x1c, 0xc0,
	0x00, 0x00, 0x20, 0xc0, 0x6e, 0xec, 0x24, 0xc0, 0x13, 0x35, 0x00, 0x8c, 0x00, 0x00,
	0x08, 0xc0, 0x50, 0x00, 0x0c, 0xc0, 0x00, 0x00, 0x20, 0xc0, 0xdd, 0x34, 0x00, 0x8c,
	0x00, 0x00, 0x1c, 0xc0, 0x01, 0x00, 0x20, 0xc0, 0x6e, 0xec, 0x24, 0xc0, 0x13, 0x35,
	0x00, 0x8c, 0x00, 0x00, 0x1c, 0xc0, 0x01, 0x00, 0x20, 0xc0, 0xd7, 0x24, 0x24, 0xc0,
	0x13, 0x35, 0x00, 0x8c, 0x00, 0x00, 0x08, 0xdc, 0x02, 0x00, 0x8c, 0x24, 0x11, 0x00,
	0xc0, 0x94, 0x00, 0x00, 0x1c, 0xc0, 0x00, 0x00, 0x20, 0xc0, 0xd7, 0x24, 0x24, 0xc0,
	0x13, 0x35, 0x00, 0x8c, 0x00, 0x00, 0x08, 0xc0, 0x40, 0x00, 0x0c, 0xc0, 0x01, 0x00,
	0x20, 0xc0, 0xdd, 0x34, 0x00, 0x8c, 0x00, 0x00, 0x1c, 0xc0, 0x01, 0x00, 0x20, 0xc0,
	0xd7, 0x24, 0x24, 0xc0, 0x13, 0x35, 0x00, 0x8c, 0x00, 0x00, 0x1c, 0xc0, 0x01, 0x00,
	0x20, 0xc0, 0x6e, 0xec, 0x24, 0xc0, 0x13, 0x35, 0x00, 0x8c, 0xbc, 0x21, 0x00, 0x80,
	0xbc, 0x21, 0x00, 0x80, 0x53, 0xec, 0x24, 0xc0, 0x00, 0x00, 0x20, 0xc0, 0x10, 0x00,
	0x1c, 0xc0, 0x13, 0x35, 0x00, 0x8c, 0x54, 0xec, 0x37, 0xc4, 0x00, 0x00, 0x00, 0x90,
	0x00, 0x00, 0x08, 0xc0, 0x00, 0x00, 0x1c, 0xc0, 0x00, 0x00, 0x20, 0xc0, 0x10, 0x00,
	0x13, 0xc6, 0x01, 0x00, 0x14, 0x25, 0x01, 0x80, 0x94, 0x7c, 0x01, 0x00, 0xdc, 0x05,
	0x01, 0x00, 0x10, 0x15, 0x05, 0x00, 0xd4, 0x31, 0xfb, 0xff, 0x4f, 0x95, 0x00, 0x00,
	0x1c, 0xc0, 0x01, 0x00, 0x20, 0x06, 0x06, 0x00, 0x14, 0x3e, 0xf6, 0xff, 0x4f, 0x95,
	0x0e, 0x40, 0xb5, 0x7c, 0x03, 0x00, 0x40, 0x95, 0x00, 0x00, 0x24, 0xc0, 0x39, 0x34,
	0x00, 0x80, 0x02, 0x40, 0x4a, 0x7f, 0x00, 0x00, 0x00, 0x90, 0x00, 0x00, 0x0c, 0xc0,
	0x00, 0x00, 0x14, 0xc0, 0x01, 0x00, 0x20, 0xc0, 0x00, 0x00, 0x1c, 0xc0, 0x30, 0x00,
	0xd3, 0xc5, 0x09, 0x00, 0x21, 0x7d, 0x0e, 0x00, 0x00, 0x99, 0x10, 0x00, 0xd3, 0xc5,
	0x09, 0x80, 0x20, 0x7d, 0x04, 0x00, 0x80, 0x98, 0x0e, 0x80, 0x40, 0x7e, 0x09, 0x00,
	0x80, 0x94, 0x01, 0x00, 0x64, 0x0a, 0x20, 0x00, 0xeb, 0xc5, 0x0a, 0x80, 0xa2, 0x7e,
	0x20, 0x00, 0x9f, 0xce, 0x01, 0x00, 0xcc, 0x04, 0x0f, 0x80, 0xf4, 0x7c, 0x02, 0x00,
	0x80, 0x94, 0x00, 0x00, 0x00, 0x90, 0x01, 0x00, 0xdc, 0x05, 0x06, 0x00, 0xc8, 0x3d,
	0xee, 0xff, 0x8f, 0x94, 0x01, 0x00, 0x54, 0x05, 0x01, 0x00, 0x20, 0x12, 0x05, 0x00,
	0x48, 0x3d, 0xe9, 0xff, 0x8f, 0x94, 0x00, 0x00, 0x00, 0x90, 0x00, 0x00, 0x08, 0xc0,
	0x50, 0x00, 0x0c, 0xc0, 0xd0, 0x34, 0x00, 0x8c, 0x10, 0x00, 0x0c, 0xc0, 0xd0, 0x34,
	0x00, 0x8c, 0x00, 0x00, 0x0c, 0xc0, 0xd0, 0x34, 0x00, 0x8c, 0x0b, 0x00, 0xc0, 0x9a,
	0x0a, 0x80, 0xc1, 0x7e, 0xd7, 0x24, 0x24, 0xc0, 0x00, 0x00, 0x20, 0xc0, 0x10, 0x00,
	0x1c, 0xc0, 0x13, 0x35, 0x00, 0x8c, 0x6e, 0xec, 0x24, 0xc0, 0x00, 0x00, 0x20, 0xc0,
	0x00, 0x00, 0x1c, 0xc0, 0x13, 0x35, 0x00, 0x8c, 0x0a, 0xc0, 0x82, 0x7d, 0x71, 0x34,
	0x00, 0x8c, 0x07, 0x00, 0xc0, 0x9a, 0x0a, 0x80, 0x81, 0x7c, 0xd7, 0x24, 0x24, 0xc0,
	0x01, 0x00, 0x20, 0xc0, 0x10, 0x00, 0x1c, 0xc0, 0x13, 0x35, 0x00, 0x8c, 0x0a, 0x80,
	0x80, 0x7d, 0x00, 0x00, 0x00, 0x90, 0x00, 0x00, 0x08, 0xc0, 0x00, 0x00, 0x1c, 0xc0,
	0x00, 0x00, 0xcf, 0xc5, 0x20, 0x00, 0xd3, 0xc5, 0x0b, 0x40, 0x0d, 0x7d, 0x09, 0x00,
	0x52, 0x7d, 0x50, 0x00, 0x1f, 0xce, 0x02, 0x00, 0x00, 0x96, 0x01, 0x00, 0x88, 0x28,
	0x40, 0x00, 0xe7, 0xc5, 0x09, 0x40, 0x52, 0x7e, 0x10, 0x00, 0xe3, 0xc5, 0x0a, 0x00,
	0x26, 0x7e, 0x10, 0x00, 0x1f, 0xce, 0x09, 0x00, 0x4e, 0x7d, 0x40, 0x00, 0x1f, 0xce,
	0x02, 0x00, 0x00, 0x96, 0x02, 0x00, 0x88, 0x28, 0x01, 0x00, 0xdc, 0x05, 0x06, 0x00,
	0xcc, 0x3d, 0xee, 0xff, 0xcf, 0x94, 0x00, 0x00, 0x00, 0x90, 0x83, 0xee, 0x0b, 0xc4,
	0x02, 0x00, 0x8c, 0x28, 0x83, 0xee, 0xc3, 0xcc, 0xc0, 0x34, 0x00, 0x8c, 0xbc, 0x21,
	0x00, 0x80, 0xff, 0x00, 0x10, 0xc0, 0x6c, 0xee, 0x03, 0xd8, 0xd3, 0x00, 0x03, 0xd8,
	0xde, 0x00, 0x1b, 0xc4, 0x0b, 0x00, 0x80, 0x95, 0xf6, 0xee, 0x0b, 0xc4, 0x10, 0x00,
	0x88, 0x14, 0x01, 0x00, 0x88, 0x24, 0x04, 0x00, 0x80, 0x98, 0xf3, 0xee, 0x43, 0xd8,
	0xd1, 0x00, 0x43, 0xd8, 0xb7, 0x34, 0x00, 0x80, 0xf3, 0xee, 0xc3, 0xd8, 0xd1, 0x00,
	0x83, 0xd8, 0xb7, 0x34, 0x00, 0x80, 0xf6, 0xee, 0x0b, 0xc4, 0x10, 0x00, 0x88, 0x14,
	0x01, 0x00, 0x88, 0x24, 0x07, 0x00, 0x80, 0x98, 0xf3, 0xee, 0x43, 0xd8, 0xd1, 0x00,
	0x43, 0xd8, 0xd7, 0x00, 0x0b, 0xc4, 0xbb, 0x01, 0x88, 0x30, 0x6f, 0xf1, 0x8f, 0x98,
	0xb7, 0x34, 0x00, 0x80, 0xd1, 0x00, 0x83, 0xd8, 0xe2, 0x00, 0x43, 0xd8, 0x67, 0xee,
	0x13, 0xc4, 0x04, 0x00, 0x10, 0x25, 0x05, 0x00, 0x00, 0x99, 0xc5, 0xec, 0x0b, 0xc4,
	0x01, 0x00, 0x88, 0x24, 0x0f, 0xf2, 0x8f, 0x94, 0xec, 0x26, 0x00, 0x80, 0x67, 0xee,
	0x0f, 0xc4, 0x20, 0x00, 0xcc, 0x24, 0x05, 0x00, 0xcc, 0x14, 0x67, 0xee, 0x13, 0xc4,
	0x04, 0x00, 0x10, 0x25, 0x02, 0x00, 0x10, 0x15, 0xc2, 0x27, 0x00, 0x8c, 0xb8, 0x34,
	0x00, 0x8c, 0xc0, 0x34, 0x00, 0x8c, 0xbc, 0x21, 0x00, 0x80, 0xe2, 0x00, 0x0b, 0xc4,
	0x03, 0x00, 0x80, 0x94, 0xf3, 0xee, 0xc3, 0xd8, 0xe2, 0x00, 0x03, 0xd8, 0x00, 0x00,
	0x00, 0x90, 0xce, 0xee, 0x43, 0xd8, 0xc0, 0x34, 0x00, 0x8c, 0xbc, 0x21, 0x00, 0x80,
	0x04, 0x00, 0x2c, 0xc0, 0x00, 0x00, 0x24, 0xc0, 0x46, 0x35, 0x00, 0x8c, 0x00, 0x00,
	0x00, 0x90, 0xc9, 0xee, 0x0b, 0xc4, 0xe4, 0xed, 0x0f, 0xc4, 0xe5, 0xed, 0x13, 0xc4,
	0x01, 0x00, 0x88, 0x24, 0x02, 0x00, 0x80, 0x94, 0x81, 0xa9, 0x13, 0xc4, 0x00, 0xe0,
	0x1a, 0xc0, 0x40, 0xc3, 0x94, 0x29, 0x00, 0x00, 0xd5, 0xcc, 0x41, 0xc3, 0x94, 0x29,
	0x00, 0x00, 0x15, 0xcd, 0xbc, 0x21, 0x00, 0x80, 0x01, 0x00, 0x18, 0xc0, 0x00, 0x00,
	0x34, 0xc0, 0x01, 0x40, 0xf5, 0x7c, 0x03, 0x00, 0x00, 0x9a, 0x00, 0x00, 0x97, 0xcc,
	0xd9, 0x34, 0x00, 0x80, 0x00, 0x00, 0x53, 0xc5, 0x0c, 0x00, 0x09, 0x7d, 0x09, 0x80,
	0x91, 0x7d, 0x01, 0x00, 0x74, 0x07, 0x06, 0x00, 0x50, 0x3f, 0xf7, 0xff, 0x0f, 0x95,
	0x00, 0x00, 0x00, 0x90, 0x01, 0x00, 0x18, 0xc0, 0x00, 0x00, 0x10, 0xc0, 0xe3, 0x34,
	0x20, 0x06, 0x00, 0x00, 0x97, 0xc4, 0x00, 0x00, 0xdf, 0xc4, 0x00, 0x00, 0x00, 0x86,
	0xe8, 0x34, 0x00, 0x80, 0xea, 0x34, 0x00, 0x80, 0xeb, 0x34, 0x00, 0x80, 0xed, 0x34,
	0x00, 0x80, 0xef, 0x34, 0x00, 0x80, 0x0a, 0x40, 0x5d, 0x7d, 0xf1, 0x34, 0x00, 0x80,
	0x1e, 0xc0, 0xc1, 0x7d, 0x09, 0x40, 0x5d, 0x7d, 0xf1, 0x34, 0x00, 0x80, 0x00, 0x00,
	0xd7, 0xc4, 0xf1, 0x34, 0x00, 0x80, 0x0c, 0x80, 0x5d, 0x7d, 0xf2, 0x34, 0x00, 0x80,
	0x00, 0x00, 0x4b, 0xcd, 0x01, 0x00, 0x88, 0x04, 0x01, 0x00, 0xcc, 0x04, 0x01, 0x00,
	0x10, 0x05, 0x06, 0x00, 0x14, 0x3d, 0xea, 0xff, 0x4f, 0x95, 0x00, 0x00, 0x00, 0x90,
	0x6f, 0x22, 0x24, 0xc0, 0x00, 0x00, 0x20, 0xc0, 0x00, 0x00, 0x1c, 0xc0, 0x13, 0x35,
	0x00, 0x8c, 0x00, 0x00, 0x08, 0xc0, 0x00, 0x00, 0x93, 0xc4, 0x10, 0x00, 0x10, 0x15,
	0x30, 0x00, 0x0b, 0xcd, 0x01, 0x00, 0x88, 0x04, 0x06, 0x00, 0x8c, 0x3c, 0xfb, 0xff,
	0xcf, 0x94, 0x90, 0xfb, 0x24, 0xc0, 0x00, 0x00, 0x1c, 0xc0, 0x13, 0x35, 0x00, 0x8c,
	0x00, 0x00, 0x14, 0xc0, 0x00, 0x00, 0x08, 0xc0, 0x00, 0x00, 0x93, 0xc4, 0x10, 0x00,
	0x10, 0x15, 0x30, 0x00, 0x8f, 0xc4, 0x0a, 0x00, 0x0d, 0x7d, 0x1f, 0x00, 0x10, 0x25,
	0x30, 0x00, 0x0b, 0xcd, 0x0a, 0x40, 0x51, 0x7d, 0x01, 0x00, 0x88, 0x04, 0x06, 0x00,
	0x8c, 0x3c, 0xf7, 0xff, 0xcf, 0x94, 0x00, 0x00, 0x00, 0x90, 0x00, 0x00, 0x08, 0xc0,
	0x00, 0x00, 0x0c, 0xc0, 0x00, 0x00, 0x10, 0xc0, 0x19, 0x00, 0xa8, 0x10, 0x1a, 0x00,
	0xd4, 0x10, 0x0a, 0x80, 0x96, 0x7e, 0x0a, 0x80, 0xa6, 0x7e, 0x01, 0xc0, 0xd2, 0x7d,
	0x04, 0x00, 0x00, 0x9a, 0x00, 0x00, 0xb1, 0xc6, 0x00, 0x00, 0x2f, 0xcf, 0x21, 0x35,
	0x00, 0x80, 0x00, 0x00, 0xf3, 0xc6, 0x00, 0x00, 0x29, 0xcf, 0x01, 0x00, 0x10, 0x05,
	0x01, 0x00, 0x88, 0x04, 0x02, 0x00, 0x94, 0x30, 0xf2, 0xff, 0x4f, 0x95, 0x00, 0x00,
	0x08, 0xc0, 0x01, 0x00, 0xcc, 0x04, 0x03, 0x00, 0xd4, 0x30, 0xee, 0xff, 0x4f, 0x95,
	0x00, 0x00, 0x00, 0x90, 0x00, 0x00, 0x08, 0xc0, 0x00, 0x00, 0x0c, 0xc0, 0x00, 0x00,
	0x10, 0xc0, 0x08, 0xfa, 0x29, 0xc4, 0x04, 0x00, 0xd4, 0x40, 0x05, 0x80, 0x96, 0x7e,
	0x01, 0x00, 0xa8, 0x26, 0x0c, 0x00, 0x80, 0x9a, 0x19, 0x00, 0xa8, 0x10, 0x1a, 0x00,
	0xd4, 0x10, 0x0a, 0x80, 0x96, 0x7e, 0x0a, 0x80, 0xa6, 0x7e, 0x01, 0xc0, 0xd2, 0x7d,
	0x04, 0x00, 0x00, 0x9a, 0x00, 0x00, 0xb1, 0xc6, 0x00, 0x00, 0x2f, 0xcf, 0x3d, 0x35,
	0x00, 0x80, 0x00, 0x00, 0xf3, 0xc6, 0x00, 0x00, 0x29, 0xcf, 0x01, 0x00, 0x10, 0x05,
	0x01, 0x00, 0x88, 0x04, 0x02, 0x00, 0x94, 0x30, 0xed, 0xff, 0x4f, 0x95, 0x00, 0x00,
	0x08, 0xc0, 0x01, 0x00, 0xcc, 0x04, 0x03, 0x00, 0xd4, 0x30, 0xe9, 0xff, 0x4f, 0x95,
	0x00, 0x00, 0x00, 0x90, 0x03, 0x00, 0x40, 0x96, 0x0e, 0x00, 0x20, 0xc4, 0x0d, 0x00,
	0x00, 0x9a, 0x0c, 0x00, 0xc0, 0x96, 0x01, 0x00, 0xec, 0x2a, 0x20, 0x00, 0xc0, 0xce,
	0x05, 0x00, 0x40, 0x96, 0x0e, 0x00, 0x20, 0xc4, 0x03, 0x00, 0x00, 0x96, 0x20, 0x00,
	0x00, 0xcc, 0x00, 0x00, 0x00, 0x90, 0x23, 0x00, 0x1c, 0xc4, 0xfa, 0xff, 0xcf, 0x95,
	0x20, 0x00, 0x00, 0xcc, 0x00, 0x00, 0x20, 0xc0, 0x00, 0x00, 0x00, 0x90, 0x03, 0x00,
	0x40, 0x96, 0x0e, 0x00, 0x20, 0xc4, 0x0d, 0x00, 0x00, 0x9a, 0x0c, 0x00, 0xc0, 0x96,
	0x0a, 0x00, 0xc1, 0x7e, 0x26, 0xec, 0x43, 0xd8, 0x24, 0xec, 0x17, 0xc4, 0x03, 0x00,
	0x40, 0x96, 0x0e, 0x00, 0x20, 0xc4, 0x06, 0x00, 0x00, 0x9a, 0x26, 0xec, 0x43, 0xd8,
	0x24, 0xec, 0x1f, 0xc4, 0x02, 0xc0, 0xd5, 0x7d, 0x0f, 0xc0, 0xd1, 0x7d, 0xf9, 0xff,
	0xcf, 0x95, 0x00, 0x00, 0x00, 0x90, 0x0c, 0xec, 0x13, 0xc4, 0xff, 0xff, 0x14, 0xc0,
	0x09, 0x00, 0x15, 0x7d, 0x04, 0x00, 0x24, 0xc0, 0x24, 0x27, 0x00, 0x8c, 0x0c, 0xec,
	0x1f, 0xc4, 0x09, 0xc0, 0xd5, 0x7d, 0x0f, 0x00, 0xd2, 0x7d, 0x02, 0x00, 0x00, 0x96,
	0x02, 0xc0, 0xd1, 0x7d, 0x0f, 0xc0, 0xed, 0x7d, 0xf8, 0xff, 0xcf, 0x95, 0x00, 0x00,
	0x00, 0x90, 0x29, 0xec, 0x03, 0xd8, 0x00, 0x00, 0x30, 0xc0, 0x01, 0x00, 0x2c, 0xc0,
	0x00, 0x00, 0x28, 0xc0, 0x29, 0xec, 0x24, 0xc0, 0x02, 0x00, 0x64, 0x12, 0x00, 0x40,
	0x3a, 0xc0, 0x00, 0xbc, 0x36, 0xc0, 0x04, 0x00, 0x74, 0x2b, 0xf4, 0x31, 0x00, 0x8c,
	0x00, 0x00, 0x00, 0x90, 0x29, 0xec, 0x17, 0xc4, 0x04, 0x00, 0x40, 0x99, 0x20, 0x00,
	0x24, 0xc0, 0x56, 0x27, 0x00, 0x8c, 0x7e, 0x35, 0x00, 0x80, 0x00, 0x00, 0x00, 0x90,
	0x00, 0x00, 0x30, 0xc0, 0x00, 0x00, 0x28, 0xc0, 0x00, 0xc2, 0x24, 0xc0, 0x02, 0x00,
	0x64, 0x12, 0x00, 0x40, 0x3a, 0xc0, 0x00, 0xbc, 0x36, 0xc0, 0x04, 0x00, 0x74, 0x2b,
	0xf4, 0x31, 0x00, 0x8c, 0x00, 0x00, 0x00, 0x90, 0x02, 0x00, 0x64, 0x12, 0x00, 0x40,
	0x3a, 0xc0, 0x00, 0xbc, 0x2a, 0xc0, 0x04, 0x00, 0xa8, 0x2a, 0xe4, 0x31, 0x00, 0x8c,
	0x65, 0xc0, 0x01, 0xcc, 0x64, 0xc0, 0xc1, 0xce, 0x67, 0xc0, 0x01, 0xcc, 0x66, 0xc0,
	0x41, 0xce, 0x63, 0xc0, 0x81, 0xcf, 0xe8, 0xc0, 0x81, 0xce, 0x00, 0x00, 0x00, 0x90,
	0x00, 0x10, 0x08, 0xc0, 0x31, 0xfb, 0x0f, 0xc4, 0x0a, 0x80, 0x8c, 0x7c, 0x31, 0xfb,
	0x83, 0xcc, 0xd6, 0x03, 0x03, 0xd8, 0xd7, 0x03, 0x03, 0xd8, 0xd8, 0x03, 0x03, 0xd8,
	0x71, 0xfb, 0x08, 0xc0, 0xd9, 0x03, 0x83, 0xcc, 0x3a, 0x01, 0x0b, 0xc4, 0x02, 0x00,
	0x88, 0x10, 0xd5, 0x03, 0x83, 0xcc, 0x72, 0xfb, 0x08, 0xc0, 0x02, 0x00, 0x88, 0x10,
	0xd3, 0x03, 0x83, 0xcc, 0xd4, 0x03, 0x03, 0xd8, 0x96, 0xee, 0x0b, 0xc4, 0xd1, 0x03,
	0x83, 0xcc, 0x97, 0xee, 0x0b, 0xc4, 0xd2, 0x03, 0x83, 0xcc, 0x01, 0x00, 0x38, 0xc0,
	0x65, 0xec, 0x03, 0xd8, 0x01, 0x00, 0x0b, 0xc0, 0x50, 0x00, 0x80, 0xcc, 0xb8, 0x35,
	0x00, 0x8c, 0x04, 0xec, 0x0b, 0xc4, 0x10, 0x00, 0x0c, 0xc0, 0x09, 0x80, 0x8c, 0x7c,
	0xfd, 0xff, 0x8f, 0x98, 0x4d, 0xfb, 0x03, 0xd8, 0xbc, 0x21, 0x00, 0x80, 0x00, 0x00,
	0x24, 0xc0, 0xd7, 0x03, 0x1b, 0xc4, 0x03, 0x00, 0x80, 0x95, 0x10, 0x00, 0x98, 0x15,
	0x1a, 0x00, 0xa4, 0x11, 0xd8, 0x03, 0x0b, 0xc4, 0xd9, 0x03, 0x0f, 0xc4, 0x01, 0xc0,
	0xe4, 0x7c, 0x00, 0x00, 0x8d, 0xcc, 0xd5, 0x03, 0x0b, 0xc4, 0xff, 0x03, 0x0f, 0xc0,
	0x09, 0x80, 0x8c, 0x7c, 0x02, 0x00, 0x98, 0x14, 0xd1, 0x03, 0x1f, 0xc4, 0xd2, 0x03,
	0x23, 0xc4, 0x20, 0x00, 0xcc, 0x54, 0xff, 0xff, 0x0d, 0xc0, 0x20, 0x00, 0x20, 0x52,
	0x19, 0xc0, 0xcd, 0x7d, 0x1a, 0xc0, 0x1d, 0x7e, 0xd3, 0x03, 0x0b, 0xc4, 0x02, 0x00,
	0x88, 0x14, 0x01, 0x40, 0xa7, 0x7c, 0x28, 0x00, 0x80, 0x9b, 0x02, 0x00, 0x80, 0x99,
	0xf6, 0x35, 0x00, 0x80, 0x10, 0x00, 0x98, 0x09, 0x00, 0x00, 0x61, 0xc7, 0x00, 0x00,
	0x69, 0xc7, 0x00, 0x00, 0x6d, 0xc7, 0x00, 0x00, 0x71, 0xc7, 0x51, 0x00, 0x00, 0xce,
	0x52, 0x00, 0x80, 0xce, 0x53, 0x00, 0xc0, 0xce, 0x54, 0x00, 0x00, 0xcf, 0x00, 0x00,
	0x61, 0xc7, 0x00, 0x00, 0x69, 0xc7, 0x00, 0x00, 0x6d, 0xc7, 0x00, 0x00, 0x71, 0xc7,
	0x55, 0x00, 0x00, 0xce, 0x56, 0x00, 0x80, 0xce, 0x57, 0x00, 0xc0, 0xce, 0x58, 0x00,
	0x00, 0xcf, 0x00, 0x00, 0x61, 0xc7, 0x00, 0x00, 0x69, 0xc7, 0x00, 0x00, 0x6d, 0xc7,
	0x00, 0x00, 0x71, 0xc7, 0x59, 0x00, 0x00, 0xce, 0x5a, 0x00, 0x80, 0xce, 0x5b, 0x00,
	0xc0, 0xce, 0x5c, 0x00, 0x00, 0xcf, 0x00, 0x00, 0x61, 0xc7, 0x00, 0x00, 0x69, 0xc7,
	0x00, 0x00, 0x6d, 0xc7, 0x00, 0x00, 0x71, 0xc7, 0x5d, 0x00, 0x00, 0xce, 0x5e, 0x00,
	0x80, 0xce, 0x5f, 0x00, 0xc0, 0xce, 0x60, 0x00, 0x00, 0xcf, 0x00, 0x00, 0x1e, 0xd8,
	0x40, 0x00, 0xdc, 0x45, 0xd0, 0x35, 0x00, 0x80, 0x4f, 0x36, 0x00, 0x80, 0x01, 0x00,
	0x88, 0x33, 0x2d, 0x00, 0x80, 0x94, 0x02, 0x00, 0x80, 0x99, 0x24, 0x36, 0x00, 0x80,
	0x10, 0x00, 0x28, 0xc0, 0x0e, 0x00, 0x9a, 0x7e, 0x03, 0x00, 0x00, 0x96, 0x02, 0x00,
	0x9a, 0x7e, 0x01, 0x80, 0x19, 0x7e, 0x10, 0x00, 0x98, 0x09, 0x00, 0x00, 0x63, 0xc7,
	0x00, 0x00, 0x6b, 0xc7, 0x00, 0x00, 0x6f, 0xc7, 0x00, 0x00, 0x73, 0xc7, 0x51, 0x00,
	0x00, 0xce, 0x52, 0x00, 0x80, 0xce, 0x53, 0x00, 0xc0, 0xce, 0x54, 0x00, 0x00, 0xcf,
	0x00, 0x00, 0x63, 0xc7, 0x00, 0x00, 0x6b, 0xc7, 0x00, 0x00, 0x6f, 0xc7, 0x00, 0x00,
	0x73, 0xc7, 0x55, 0x00, 0x00, 0xce, 0x56, 0x00, 0x80, 0xce, 0x57, 0x00, 0xc0, 0xce,
	0x58, 0x00, 0x00, 0xcf, 0x00, 0x00, 0x63, 0xc7, 0x00, 0x00, 0x6b, 0xc7, 0x00, 0x00,
	0x6f, 0xc7, 0x00, 0x00, 0x73, 0xc7, 0x59, 0x00, 0x00, 0xce, 0x5a, 0x00, 0x80, 0xce,
	0x5b, 0x00, 0xc0, 0xce, 0x5c, 0x00, 0x00, 0xcf, 0x00, 0x00, 0x63, 0xc7, 0x00, 0x00,
	0x6b, 0xc7, 0x00, 0x00, 0x6f, 0xc7, 0x00, 0x00, 0x73, 0xc7, 0x5d, 0x00, 0x00, 0xce,
	0x5e, 0x00, 0x80, 0xce, 0x5f, 0x00, 0xc0, 0xce, 0x60, 0x00, 0x00, 0xcf, 0x00, 0x00,
	0x1e, 0xd8, 0x40, 0x00, 0xdc, 0x45, 0xf9, 0x35, 0x00, 0x80, 0x4f, 0x36, 0x00, 0x80,
	0x02, 0x00, 0x88, 0x33, 0x29, 0x00, 0x80, 0x94, 0x00, 0x00, 0x34, 0xc0, 0x02, 0x00,
	0x80, 0x99, 0x4f, 0x36, 0x00, 0x80, 0x10, 0x00, 0x98, 0x09, 0x00, 0x00, 0x63, 0xc7,
	0x01, 0x00, 0x6b, 0xc7, 0x02, 0x00, 0x6f, 0xc7, 0x03, 0x00, 0x73, 0xc7, 0x51, 0x00,
	0x00, 0xce, 0x52, 0x00, 0x80, 0xce, 0x53, 0x00, 0xc0, 0xce, 0x54, 0x00, 0x00, 0xcf,
	0x04, 0x00, 0x63, 0xc7, 0x05, 0x00, 0x6b, 0xc7, 0x06, 0x00, 0x6f, 0xc7, 0x07, 0x00,
	0x73, 0xc7, 0x55, 0x00, 0x00, 0xce, 0x56, 0x00, 0x80, 0xce, 0x57, 0x00, 0xc0, 0xce,
	0x58, 0x00, 0x00, 0xcf, 0x08, 0x00, 0x63, 0xc7, 0x09, 0x00, 0x6b, 0xc7, 0x0a, 0x00,
	0x6f, 0xc7, 0x0b, 0x00, 0x73, 0xc7, 0x59, 0x00, 0x00, 0xce, 0x5a, 0x00, 0x80, 0xce,
	0x5b, 0x00, 0xc0, 0xce, 0x5c, 0x00, 0x00, 0xcf, 0x0c, 0x00, 0x63, 0xc7, 0x0d, 0x00,
	0x6b, 0xc7, 0x0e, 0x00, 0x6f, 0xc7, 0x0f, 0x00, 0x73, 0xc7, 0x5d, 0x00, 0x00, 0xce,
	0x5e, 0x00, 0x80, 0xce, 0x5f, 0x00, 0xc0, 0xce, 0x60, 0x00, 0x00, 0xcf, 0x10, 0x00,
	0x74, 0x47, 0x00, 0x00, 0x1e, 0xd8, 0x40, 0x00, 0xdc, 0x45, 0x28, 0x36, 0x00, 0x80,
	0x18, 0x00, 0x08, 0xc0, 0xda, 0xee, 0x83, 0xcc, 0xd7, 0x03, 0x0b, 0xc4, 0x02, 0x00,
	0x80, 0x94, 0xd7, 0x03, 0x03, 0xd8, 0x00, 0x00, 0x00, 0x90, 0x12, 0xee, 0x0b, 0xc4,
	0x02, 0x00, 0x80, 0x98, 0x00, 0x00, 0x00, 0x90, 0xd7, 0x03, 0x03, 0xd8, 0x00, 0x00,
	0x14, 0xc0, 0x08, 0x02, 0x4b, 0xc5, 0x02, 0x00, 0x80, 0x98, 0xa9, 0x36, 0x00, 0x80,
	0x09, 0x02, 0x4b, 0xc5, 0x00, 0x04, 0x88, 0x24, 0x02, 0x00, 0x80, 0x98, 0xa7, 0x36,
	0x00, 0x80, 0x0a, 0x02, 0x4b, 0xc5, 0x10, 0x00, 0x98, 0x14, 0x06, 0x00, 0x80, 0x95,
	0x01, 0x00, 0x98, 0x09, 0x10, 0x00, 0x98, 0x11, 0xd7, 0x03, 0x83, 0xcd, 0x01, 0x80,
	0x80, 0x7d, 0x00, 0xc2, 0x0c, 0xc0, 0x0b, 0x02, 0x4b, 0xc5, 0x10, 0x00, 0x98, 0x14,
	0x0a, 0x02, 0x4b, 0xc5, 0xff, 0xff, 0x9c, 0x24, 0xd8, 0x03, 0x83, 0xcd, 0xd9, 0x03,
	0xc3, 0xcd, 0x01, 0x80, 0x80, 0x7d, 0x01, 0xc0, 0xc0, 0x7d, 0x09, 0x02, 0x5b, 0xc5,
	0x0e, 0x00, 0x88, 0x15, 0x02, 0x00, 0x9c, 0x10, 0x00, 0x10, 0x88, 0x25, 0x02, 0x00,
	0x80, 0x94, 0x04, 0x00, 0xdc, 0x11, 0x00, 0x14, 0x1a, 0xc0, 0x0a, 0x80, 0x9c, 0x7d,
	0xd5, 0x03, 0x83, 0xcc, 0x0b, 0x02, 0x4b, 0xc5, 0xff, 0xff, 0x88, 0x24, 0x02, 0x00,
	0x88, 0x10, 0xd3, 0x03, 0x83, 0xcc, 0xd4, 0x03, 0x03, 0xd8, 0xff, 0x03, 0x1b, 0xc0,
	0x08, 0x02, 0x4b, 0xc5, 0x09, 0x80, 0x98, 0x7c, 0x02, 0x00, 0xa0, 0x10, 0x10, 0xee,
	0x1b, 0xc4, 0x11, 0xee, 0x1f, 0xc4, 0x09, 0x02, 0x4b, 0xc5, 0x03, 0x00, 0x88, 0x14,
	0x03, 0x00, 0x88, 0x24, 0x03, 0x00, 0x88, 0x30, 0x03, 0x00, 0x80, 0x94, 0x71, 0x01,
	0x1b, 0xc4, 0x70, 0x01, 0x1f, 0xc4, 0x20, 0x00, 0xcc, 0x54, 0xff, 0xff, 0x0d, 0xc0,
	0x20, 0x00, 0x98, 0x51, 0x19, 0xc0, 0xcd, 0x7d, 0x1a, 0xc0, 0x9d, 0x7d, 0x19, 0x00,
	0x0e, 0x7e, 0x11, 0x00, 0x1e, 0x7e, 0x20, 0x00, 0x1c, 0x56, 0xd1, 0x03, 0x03, 0xce,
	0xd2, 0x03, 0xc3, 0xcd, 0xd6, 0x03, 0x03, 0xd8, 0x00, 0x00, 0x38, 0xc0, 0xd9, 0x03,
	0x0b, 0xc4, 0x71, 0xfb, 0x0c, 0xc0, 0x0c, 0x80, 0x8c, 0x7c, 0x02, 0x00, 0x80, 0x94,
	0x01, 0x00, 0x38, 0xc0, 0xd9, 0x03, 0x0b, 0xc4, 0x6e, 0xfb, 0x0c, 0xc0, 0x0c, 0x80,
	0x8c, 0x7c, 0x02, 0x00, 0x80, 0x94, 0x02, 0x00, 0x38, 0xc0, 0x1a, 0x00, 0x08, 0xc0,
	0xda, 0xee, 0x83, 0xcc, 0x01, 0x08, 0x0b, 0xc0, 0x50, 0x00, 0x80, 0xcc, 0xb8, 0x35,
	0x00, 0x8c, 0x04, 0x00, 0x54, 0x05, 0x5a, 0x36, 0x00, 0x80, 0x00, 0x00, 0x00, 0x90,
	0x80, 0xed, 0x0b, 0xc4, 0x01, 0x00, 0x88, 0x24, 0x07, 0x00, 0x80, 0x98, 0xcc, 0xed,
	0x0b, 0xc4, 0x1f, 0x00, 0x88, 0x14, 0xfe, 0xff, 0x8f, 0x94, 0x9b, 0xed, 0x43, 0xcf,
	0x9a, 0xed, 0x83, 0xcf, 0x99, 0xed, 0xc3, 0xcf, 0x00, 0x00, 0x00, 0x90, 0x80, 0xed,
	0x3f, 0xc4, 0x01, 0x00, 0xfc, 0x27, 0x09, 0x00, 0xc0, 0x9b, 0x20, 0x00, 0x3c, 0xc0,
	0x01, 0x00, 0xfc, 0x0b, 0xff, 0xff, 0xcf, 0x9b, 0x99, 0xed, 0x3b, 0xc4, 0x1f, 0x00,
	0xbc, 0x17, 0xfb, 0xff, 0xcf, 0x97, 0x10, 0x00, 0xb8, 0x17, 0xff, 0x00, 0xbc, 0x27,
	0x00, 0x00, 0x00, 0x90, 0x7a, 0xee, 0x43, 0xd8, 0x43, 0xc0, 0x09, 0xc4, 0x01, 0x00,
	0x88, 0x24, 0x42, 0xc0, 0x15, 0xc4, 0x41, 0xc0, 0x0d, 0xc4, 0x02, 0x00, 0xe8, 0x10,
	0x00, 0xf0, 0x1a, 0xc0, 0x09, 0x80, 0xa9, 0x7d, 0x00, 0x30, 0x1e, 0xc0, 0x0c, 0x80,
	0x9d, 0x7d, 0x1f, 0x00, 0x80, 0x95, 0x00, 0x0f, 0x1a, 0xc0, 0x09, 0x80, 0xa9, 0x7d,
	0x18, 0x00, 0x98, 0x15, 0x07, 0x00, 0x9c, 0x39, 0x41, 0x00, 0xc0, 0x99, 0x01, 0x00,
	0x98, 0x25, 0x09, 0x00, 0x80, 0x99, 0xff, 0x00, 0x1a, 0xc0, 0x00, 0xf0, 0x98, 0x29,
	0x09, 0x80, 0xa9, 0x7d, 0x08, 0x00, 0x1e, 0xc0, 0x00, 0xb0, 0xdc, 0x29, 0x0c, 0x80,
	0x9d, 0x7d, 0x38, 0x00, 0x80, 0x95, 0xef, 0x36, 0x00, 0x80, 0xfe, 0xf0, 0x1a, 0xc0,
	0x09, 0x80, 0xa9, 0x7d, 0x00, 0x30, 0x1e, 0xc0, 0x0c, 0x80, 0x9d, 0x7d, 0x32, 0x00,
	0x80, 0x95, 0xff, 0xff, 0x98, 0x26, 0x9c, 0x1d, 0x9c, 0x39, 0x2f, 0x00, 0xc0, 0x99,
	0xff, 0x1c, 0x9c, 0x39, 0x16, 0x00, 0xc0, 0x99, 0x9c, 0x0d, 0x9c, 0x39, 0x2b, 0x00,
	0xc0, 0x99, 0xff, 0x0c, 0x9c, 0x39, 0x12, 0x00, 0xc0, 0x99, 0x10, 0x37, 0x00, 0x80,
	0x00, 0xf0, 0x19, 0xc0, 0x09, 0x80, 0xa9, 0x7d, 0x00, 0x49, 0x1e, 0xc0, 0x00, 0x30,
	0xdc, 0x29, 0x0c, 0x80, 0x9d, 0x7d, 0x22, 0x00, 0x80, 0x95, 0xff, 0x0f, 0x98, 0x26,
	0x3c, 0x03, 0x9c, 0x39, 0x1f, 0x00, 0xc0, 0x99, 0xff, 0x02, 0x9c, 0x39, 0x06, 0x00,
	0xc0, 0x99, 0x3c, 0x02, 0x9c, 0x39, 0x1b, 0x00, 0xc0, 0x99, 0xff, 0x01, 0x9c, 0x39,
	0x02, 0x00, 0xc0, 0x99, 0x10, 0x37, 0x00, 0x80, 0x12, 0x00, 0xd0, 0x14, 0xa2, 0x00,
	0x00, 0xcd, 0x23, 0x25, 0x00, 0x8c, 0x03, 0x00, 0x13, 0xc0, 0x09, 0xc0, 0xd0, 0x7c,
	0x07, 0x00, 0x80, 0x98, 0x00, 0x00, 0xd5, 0xc4, 0x00, 0x00, 0x10, 0xc0, 0xa2, 0x00,
	0x00, 0xcd, 0x23, 0x25, 0x00, 0x8c, 0x42, 0xc0, 0x41, 0xcd, 0x09, 0x37, 0x00, 0x80,
	0x00, 0x00, 0x4d, 0xcd, 0x00, 0x00, 0x10, 0xc0, 0xa2, 0x00, 0x00, 0xcd, 0x23, 0x25,
	0x00, 0x8c, 0x3f, 0x00, 0x88, 0x20, 0xff, 0xbf, 0x1f, 0xc0, 0x09, 0x80, 0x9c, 0x7c,
	0x00, 0x80, 0x1e, 0xc0, 0x0a, 0x80, 0x9c, 0x7c, 0x43, 0xc0, 0x81, 0xcc, 0xbc, 0x21,
	0x00, 0x80, 0x00, 0x40, 0x0a, 0xc0, 0x43, 0xc0, 0x81, 0xcc, 0xbc, 0x21, 0x00, 0x80,
	0xf2, 0xee, 0x0b, 0xc4, 0x01, 0x00, 0x8c, 0x28, 0xf2, 0xee, 0xc3, 0xcc, 0xf2, 0xee,
	0x0b, 0xc4, 0x02, 0x00, 0x8c, 0x24, 0xfe, 0xff, 0xcf, 0x94, 0x00, 0x00, 0x00, 0x90,
	0xf1, 0xee, 0x0b, 0xc4, 0x01, 0x00, 0x8c, 0x28, 0xf1, 0xee, 0xc3, 0xcc, 0x5e, 0x24,
	0x00, 0x8c, 0x4c, 0x30, 0x00, 0x8c, 0x90, 0x00, 0x0b, 0xc4, 0x01, 0x00, 0x88, 0x30,
	0x0e, 0x00, 0x80, 0x94, 0x20, 0x00, 0x2c, 0xc0, 0x01, 0x00, 0x24, 0xc0, 0x00, 0x00,
	0x20, 0xc0, 0x46, 0x35, 0x00, 0x8c, 0x09, 0x00, 0x00, 0x96, 0xe8, 0x27, 0x00, 0x8c,
	0x00, 0x00, 0x0e, 0xc0, 0x1e, 0x28, 0x00, 0x8c, 0x33, 0x37, 0x00, 0x8c, 0x42, 0x00,
	0x3c, 0xc0, 0x5d, 0x37, 0x00, 0x8c, 0x97, 0x00, 0x43, 0xd8, 0x00, 0x00, 0x00, 0x90,
	0xf1, 0xee, 0x13, 0xc4, 0x02, 0x00, 0x14, 0x25, 0xfe, 0xff, 0x4f, 0x95, 0x00, 0x00,
	0x00, 0x90, 0xf1, 0xee, 0x0b, 0xc4, 0xff, 0xff, 0x0e, 0xc0, 0xfe, 0xff, 0xcc, 0x28,
	0x09, 0xc0, 0xc8, 0x7c, 0xf1, 0xee, 0xc3, 0xcc, 0xf1, 0xee, 0x0b, 0xc4, 0x02, 0x00,
	0x8c, 0x24, 0xfe, 0xff, 0xcf, 0x98, 0x00, 0x00, 0x00, 0x90, 0xf2, 0xee, 0x0b, 0xc4,
	0xff, 0xff, 0x0e, 0xc0, 0xfe, 0xff, 0xcc, 0x28, 0x09, 0xc0, 0xc8, 0x7c, 0xf2, 0xee,
	0xc3, 0xcc, 0xf2, 0xee, 0x0b, 0xc4, 0x02, 0x00, 0x8c, 0x24, 0xfe, 0xff, 0xcf, 0x98,
	0x00, 0x00, 0x00, 0x90, 0x28, 0x21, 0x00, 0x8c, 0xb8, 0xdc, 0x83, 0xd8, 0x00, 0x01,
	0x08, 0xc0, 0x80, 0x00, 0x2c, 0xc0, 0x00, 0x00, 0x24, 0xc0, 0x46, 0x35, 0x00, 0x8c,
	0xb9, 0xdc, 0x0f, 0xc4, 0x09, 0xc0, 0xc8, 0x7c, 0xfe, 0xff, 0xcf, 0x94, 0x00, 0x00,
	0x00, 0x90, 0x29, 0xff, 0x0b, 0xc4, 0x2a, 0xff, 0x0f, 0xc4, 0x2b, 0xff, 0x83, 0xcc,
	0x39, 0xfb, 0x0b, 0xc4, 0x0f, 0x00, 0x0c, 0xc0, 0x09, 0xc0, 0x8c, 0x7c, 0x2c, 0xff,
	0x08, 0xc0, 0x01, 0x80, 0x8c, 0x7c, 0x00, 0x00, 0x8b, 0xc4, 0xc1, 0x03, 0x8f, 0xcc,
	0xc6, 0x32, 0x00, 0x8c, 0x2b, 0xff, 0x03, 0xd8, 0x29, 0xff, 0x0b, 0xc4, 0xbc, 0x21,
	0x00, 0x80, 0x26, 0xec, 0x43, 0xd8, 0x24, 0xec, 0x3b, 0xc4, 0x03, 0x00, 0x36, 0xc0,
	0xff, 0xff, 0x74, 0x2b, 0x09, 0x80, 0xb7, 0x7f, 0x08, 0x00, 0xb8, 0x13, 0x0a, 0xc0,
	0xfb, 0x7f, 0xf9, 0xee, 0xc3, 0xcf, 0x00, 0x00, 0x00, 0x90, 0xf7, 0xee, 0x0b, 0xc4,
	0x01, 0x00, 0x88, 0x28, 0xf7, 0xee, 0x83, 0xcc, 0xf7, 0xee, 0x0f, 0xc4, 0x02, 0x00,
	0xcc, 0x24, 0xfe, 0xff, 0xcf, 0x94, 0xe3, 0x27, 0x09, 0xc4, 0x01, 0x00, 0x88, 0x24,
	0xfe, 0xff, 0x8f, 0x94, 0x5f, 0xed, 0x0d, 0xc4, 0xff, 0xff, 0x08, 0xc0, 0x09, 0xc0,
	0xc8, 0x7c, 0xfd, 0xff, 0xcf, 0x98, 0x00, 0x00, 0x00, 0x90, 0xf7, 0xee, 0x0b, 0xc4,
	0xff, 0xff, 0x0e, 0xc0, 0xfe, 0xff, 0xcc, 0x28, 0x09, 0x80, 0x8c, 0x7c, 0xf7, 0xee,
	0x83, 0xcc, 0xf7, 0xee, 0x0f, 0xc4, 0x02, 0x00, 0xcc, 0x24, 0xfe, 0xff, 0xcf, 0x98,
	0x00, 0x00, 0x00, 0x90, 0xdb, 0xee, 0x1b, 0xc4, 0x0f, 0x00, 0x1e, 0xc0, 0xff, 0xff,
	0xdc, 0x29, 0x09, 0x80, 0x9c, 0x7d, 0x1d, 0x00, 0x8c, 0x15, 0x07, 0x00, 0xcc, 0x24,
	0x1a, 0x00, 0xcc, 0x10, 0x1c, 0x00, 0x90, 0x15, 0x01, 0x00, 0x10, 0x25, 0x0a, 0x80,
	0x8c, 0x7c, 0x04, 0x00, 0x00, 0x99, 0x00, 0x00, 0x9d, 0xc4, 0xe2, 0xee, 0xc3, 0xcd,
	0x8d, 0x37, 0x00, 0x80, 0xdc, 0xee, 0x1f, 0xc4, 0x00, 0x00, 0xc9, 0xcd, 0xe1, 0xee,
	0x43, 0xd8, 0xbc, 0x21, 0x00, 0x80, 0x59, 0x00, 0x3c, 0xc0, 0x99, 0x00, 0x3b, 0xc4,
	0x9a, 0x00, 0x37, 0xc4, 0xf7, 0x00, 0x83, 0xcf, 0xaa, 0x36, 0x00, 0x8c, 0xb4, 0x36,
	0x00, 0x8c, 0x17, 0x30, 0x00, 0x8c, 0x00, 0x00, 0x00, 0x90, 0x01, 0x00, 0x26, 0xc0,
	0x89, 0x60, 0x64, 0x2a, 0x00, 0x00, 0x55, 0xc6, 0xfd, 0xff, 0x4f, 0x95, 0x01, 0x00,
	0x22, 0xc0, 0xbd, 0x60, 0x20, 0x2a, 0x00, 0x00, 0x15, 0xc6, 0x00, 0x80, 0x1a, 0xc0,
	0x0c, 0x40, 0x59, 0x7d, 0xfb, 0xff, 0x4f, 0x95, 0x08, 0x00, 0x88, 0x10, 0x00, 0x00,
	0xa1, 0xcc, 0x00, 0x00, 0x65, 0xd8, 0x00, 0x00, 0x15, 0xc6, 0x00, 0x80, 0x1a, 0xc0,
	0x0c, 0x40, 0x59, 0x7d, 0xfd, 0xff, 0x4f, 0x95, 0x00, 0x00, 0x00, 0x90, 0xa9, 0x37,
	0x00, 0x80, 0xaa, 0x37, 0x00, 0x80, 0x00, 0x00, 0x00, 0x00, 0x00, 0x00, 0x00, 0x00,
	0x00, 0x00, 0x00, 0x00, 0x00, 0x00, 0x00, 0x00, 0x00, 0x00, 0x00, 0x00, 0x00, 0x00,
	0x00, 0x00, 0x00, 0x00, 0x00, 0x00, 0x00, 0x00, 0x00, 0x00, 0x00, 0x00, 0x00, 0x00,
	0x00, 0x00, 0x00, 0x00, 0x00, 0x00, 0x00, 0x00, 0x00, 0x00, 0x00, 0x00, 0x00, 0x00,
	0x00, 0x00, 0x00, 0x00, 0x00, 0x00, 0x00, 0x00, 0x00, 0x00, 0x00, 0x00, 0x00, 0x00,
	0x00, 0x00, 0x00, 0x00, 0x00, 0x00, 0x00, 0x00, 0x00, 0x00, 0x00, 0x00, 0x00, 0x00,
	0x00, 0x00, 0x00, 0x00, 0x00, 0x00, 0x00, 0x00, 0x00, 0x00, 0x00, 0x00, 0x00, 0x00,
	0x00, 0x00, 0x00, 0x00, 0x00, 0x00, 0x00, 0x00, 0x00, 0x00, 0x00, 0x00, 0x00, 0x00,
	0x00, 0x00, 0x00, 0x00, 0x00, 0x00, 0x00, 0x00, 0x00, 0x00, 0x00, 0x00, 0x00, 0x00,
	0x00, 0x00, 0x00, 0x00, 0x00, 0x00, 0x00, 0x00, 0x00, 0x00, 0x00, 0x00, 0x00, 0x00,
	0x00, 0x00, 0x00, 0x00, 0x00, 0x00, 0x00, 0x00, 0x00, 0x00, 0x00, 0x00, 0x00, 0x00,
	0x00, 0x00, 0x00, 0x00, 0x00, 0x00, 0x00, 0x00, 0x00, 0x00, 0x00, 0x00, 0x00, 0x00,
	0x00, 0x00, 0x00, 0x00, 0x00, 0x00, 0x00, 0x00, 0x00, 0x00, 0x00, 0x00, 0x00, 0x00,
	0x00, 0x00, 0x00, 0x00, 0x00, 0x00, 0x00, 0x00, 0x00, 0x00, 0x00, 0x00, 0x00, 0x00,
	0x00, 0x00, 0x00, 0x00, 0x00, 0x00, 0x00, 0x00, 0x00, 0x00, 0x00, 0x00, 0x00, 0x00,
	0x00, 0x00, 0x00, 0x00, 0x00, 0x00, 0x00, 0x00, 0x00, 0x00, 0x00, 0x00, 0x00, 0x00,
	0x00, 0x00, 0x00, 0x00, 0x00, 0x00, 0x00, 0x00, 0x00, 0x00, 0x00, 0x00, 0x00, 0x00,
	0x00, 0x00, 0x00, 0x00, 0x00, 0x00, 0x00, 0x00, 0x00, 0x00, 0x00, 0x00, 0x00, 0x00,
	0x00, 0x00, 0x00, 0x00, 0x00, 0x00, 0x00, 0x00, 0x00, 0x00, 0x00, 0x00, 0x00, 0x00,
	0x00, 0x00, 0x00, 0x00, 0x00, 0x00, 0x00, 0x00, 0x00, 0x00, 0x00, 0x00, 0x00, 0x00,
	0x00, 0x00, 0x00, 0x00, 0x00, 0x00, 0x00, 0x00, 0x00, 0x00, 0x00, 0x00, 0x00, 0x00,
	0x00, 0x00, 0x00, 0x00, 0x00, 0x00, 0x00, 0x00, 0x00, 0x00, 0x00, 0x00, 0x00, 0x00,
	0x00, 0x00, 0x00, 0x00, 0x00, 0x00, 0x00, 0x00, 0x00, 0x00, 0x00, 0x00, 0x00, 0x00,
	0x00, 0x00, 0x00, 0x00, 0x00, 0x00, 0x00, 0x00, 0x00, 0x00, 0x00, 0x00, 0x00, 0x00,
	0x00, 0x00, 0x00, 0x00, 0x00, 0x00, 0x00, 0x00, 0x00, 0x00, 0x37, 0x23, 0x51, 0x56,
	0xd4, 0x4f, 0xc2, 0xea, 0xaf, 0xb2, 0xc7, 0xbf, 0xae, 0x58, 0x4d, 0xc1, 0xae, 0x21,
	0x6f, 0xde, 0x50, 0x55, 0x11, 0xcf, 0x24, 0xb6, 0x19, 0xef, 0xe6, 0x40, 0x86, 0x72,
	0x8c, 0xc0, 0xbe, 0x93, 0x0e, 0x42, 0x39, 0x3f, 0x7d, 0xe2, 0x2a, 0x9a, 0x8b, 0xa5,
	0x2f, 0x14, 0xb2, 0x68, 0xba, 0xee, 0xa2, 0xf6, 0x9c, 0x50, 0x32, 0xb5, 0x8c, 0x63,
	0xc3, 0x0f, 0xbd, 0x1e, 0x91, 0x13, 0x9e, 0x1b, 0x2c, 0x17, 0xd0, 0xa8, 0x71, 0x09,
	0x27, 0xcc, 0xb3, 0xd9, 0xa4, 0x32, 0x3a, 0xf0, 0x87, 0x76, 0xe4, 0x18, 0x59, 0x87,
	0xa2, 0xae, 0x31, 0xca, 0xd7, 0x5b, 0xd5, 0xfb, 0x18, 0x94, 0xfb, 0xdf, 0xca, 0x2a,
	0xe6, 0xa4, 0xcf, 0x43, 0xd3, 0xeb, 0xe1, 0xcb, 0xcc, 0x59, 0x1a, 0x8b, 0x19, 0x00,
	0x70, 0x57, 0x19, 0x33, 0x09, 0x5f, 0xee, 0x16, 0xb1, 0x1c, 0x14, 0xa1, 0x9e, 0x23,
	0x2b, 0x1c, 0x95, 0x29, 0x1b, 0xf1, 0x3d, 0x61, 0xad, 0x39, 0xe0, 0x28, 0x7e, 0x58,
	0x74, 0xb8, 0x71, 0x5c, 0x5c, 0xb8, 0xd8, 0x7d, 0x7e, 0x0a, 0x68, 0x4f, 0xf0, 0x84,
	0x3f, 0x95, 0x8e, 0x04, 0x08, 0x9a, 0xe6, 0xff, 0x20, 0xa1, 0x89, 0x1c, 0xd5, 0x7b,
	0xdd, 0x47, 0xca, 0x3d, 0x9a, 0x12, 0xd2, 0x73, 0x91, 0xcc, 0x3f, 0x6f, 0xa6, 0x4f,
	0xf0, 0xde, 0xf7, 0xa4, 0x90, 0xf8, 0x2d, 0x4f, 0xa1, 0x10, 0x34, 0x5b, 0x5f, 0x17,
	0xcf, 0xfd, 0x18, 0xcd, 0x44, 0xd9, 0xbe, 0xcf, 0x8e, 0x93, 0x9b, 0x05, 0xc9, 0x31,
	0xc4, 0x70, 0xe0, 0xfd, 0x78, 0xee, 0x52, 0x2d, 0x04, 0x26, 0xbf, 0xcb, 0xc5, 0x2b,
	0x77, 0xf9, 0x62, 0x44, 0xfe, 0xb1, 0x59, 0xb9, 0x57, 0x20, 0x1c, 0xef, 0x14, 0xfa,
	0x6d, 0xcb, 0x6b, 0x2f, 0x92, 0x95, 0xd1, 0xeb, 0x06, 0x4e, 0x17, 0xdc, 0x0d, 0x73,
};

#define RLC_UCODE_RAM_START_ADDR 0x2000
#define RLC_PROGRAM_RAM_EXE_SIZE 6059

#define RLC_PROGRAM_RAM_CHK_SUM 0x15a003fc
#define RLC_JUMP_TABLE_CHK_SUM	0x00000000
#define RLC_UCODE_CHK_SUM	0x15a003fc

#define RLC_UCODE_HASH_CHK_SUM 0x7d73d06a

#endif // _RLC_UCODE_H_
