/* Copyright Advanced Micro Devices, Inc.
 *
 * SPDX-License-Identifier: MIT
 */

#define F32MT_SDMA0_CTL_UCODE_VERSION "#29"
#define F32MT_SDMA0_CTL_UCODE_VERSION_NUM "29"
#define F32MT_SDMA0_CTL_UCODE_CHK_SUM 0xf215eab1


#define F32MT_SDMA0_CTL_FEATURE_VERSION 60

#define F32MT_SDMA0_CTL_UCODE_SIZE 4096         /* size in DWORDs of only ucode (signing overhead not included) */
#define F32MT_SDMA0_CTL_UCODE_SIZE_SIGNED_BYTES 16896 /* size in bytes of signed ucode */
#define F32MT_SDMA0_CTL_UCODE_SIZE_SIGNED_BODY_OFFSET 256 /* size in bytes of signature header */

#define F32MT_SDMA0_CTL_UCODE_JT_OFFSET 4096         /* in DWORDs from start of ucode*/

#define F32MT_SDMA0_CTL_UCODE_JT_SIZE 0         /* size in DWORDs of jumptable included in ucode */


static const unsigned char aF32MT_SDMA0_CTL_Ucode[F32MT_SDMA0_CTL_UCODE_SIZE_SIGNED_BYTES]={
0x20, 0xec, 0xd3, 0x95, 0x2d, 0xd0, 0x57, 0x93, 0x5a, 0x4e, 0x26, 0xb3, 0xfc, 0xe2, 0x76, 0xb3, 
0x24, 0x50, 0x53, 0x31, 0x00, 0x40, 0x00, 0x00, 0x00, 0x00, 0x00, 0x00, 0x00, 0x00, 0x00, 0x00, 
0x00, 0x00, 0x00, 0x00, 0x00, 0x00, 0x00, 0x00, 0x00, 0x00, 0x00, 0x00, 0x00, 0x00, 0x00, 0x00, 
0x01, 0x00, 0x00, 0x00, 0x00, 0x00, 0x00, 0x00, 0x29, 0x8b, 0x26, 0x88, 0x39, 0x74, 0x4d, 0x15, 
0xaf, 0xef, 0x32, 0xe0, 0x2e, 0x25, 0x43, 0x22, 0x00, 0x00, 0x00, 0x00, 0x01, 0x00, 0x00, 0x00, 
0x00, 0x00, 0x00, 0x00, 0x00, 0x00, 0x00, 0x00, 0x3f, 0x20, 0x01, 0x81, 0x00, 0x00, 0x00, 0x00, 
0x1d, 0x00, 0x00, 0x00, 0xff, 0xff, 0xff, 0xff, 0x00, 0x00, 0x00, 0x00, 0x00, 0x42, 0x00, 0x00, 
0x00, 0x00, 0x00, 0x00, 0x00, 0x00, 0x00, 0x00, 0x00, 0x00, 0x00, 0x00, 0x00, 0x00, 0x00, 0x00, 
0x00, 0x00, 0x00, 0x00, 0x00, 0x00, 0x00, 0x00, 0x00, 0x00, 0x00, 0x00, 0x00, 0x00, 0x00, 0x00, 
0x00, 0x00, 0x00, 0x00, 0x00, 0x00, 0x00, 0x00, 0x00, 0x00, 0x00, 0x00, 0x00, 0x00, 0x00, 0x00, 
0x00, 0x00, 0x00, 0x00, 0x00, 0x00, 0x00, 0x00, 0x00, 0x00, 0x00, 0x00, 0x00, 0x00, 0x00, 0x00, 
0x00, 0x00, 0x00, 0x00, 0x00, 0x00, 0x00, 0x00, 0x00, 0x00, 0x00, 0x00, 0x00, 0x00, 0x00, 0x00, 
0x00, 0x00, 0x00, 0x00, 0x00, 0x00, 0x00, 0x00, 0x00, 0x00, 0x00, 0x00, 0x00, 0x00, 0x00, 0x00, 
0x9d, 0x26, 0xe9, 0x2d, 0x29, 0xf5, 0x7f, 0xa7, 0xfd, 0x56, 0xa9, 0x0e, 0x74, 0xaf, 0x4f, 0xff, 
0x2b, 0xa0, 0x63, 0xdb, 0x3d, 0xa5, 0xf3, 0x1e, 0xd8, 0xa5, 0x0d, 0x8f, 0xee, 0xc5, 0xc5, 0x69, 
0x00, 0x00, 0x00, 0x00, 0x00, 0x00, 0x00, 0x00, 0x00, 0x00, 0x00, 0x00, 0x00, 0x00, 0x00, 0x00, 
0x00, 0x00, 0x00, 0x00, 0x35, 0x01, 0x00, 0xd8, 0x00, 0x00, 0x00, 0x00, 0x3d, 0x01, 0x14, 0xc4, 
0x01, 0x00, 0x58, 0x25, 0xfe, 0xff, 0x8f, 0x99, 0x00, 0x00, 0x00, 0x00, 0x0e, 0x00, 0x34, 0x04, 
0x55, 0x09, 0x00, 0x8c, 0x00, 0x00, 0x00, 0x00, 0x40, 0x00, 0x14, 0x04, 0x04, 0x00, 0x54, 0x09, 
0x40, 0x10, 0x14, 0xcc, 0x41, 0x10, 0x14, 0xcc, 0x42, 0x10, 0x14, 0xcc, 0x43, 0x10, 0x14, 0xcc, 
0xfb, 0xff, 0x4f, 0x99, 0x00, 0x10, 0x00, 0xd8, 0x01, 0x10, 0x00, 0xd8, 0x09, 0x10, 0x00, 0xd8, 
0x0c, 0xf1, 0x1c, 0x04, 0x02, 0x00, 0xdc, 0x11, 0x00, 0x00, 0xd5, 0xc5, 0x77, 0x10, 0x40, 0xcd, 
0x00, 0x00, 0x00, 0x00, 0x36, 0x06, 0x00, 0x8c, 0x00, 0x00, 0x00, 0x00, 0x00, 0x28, 0x14, 0x04, 
0x10, 0x00, 0x54, 0x11, 0x97, 0xf8, 0x18, 0x04, 0x02, 0x00, 0x98, 0x11, 0x00, 0x00, 0x59, 0xcd, 
0x9a, 0x08, 0x00, 0x8c, 0x7c, 0x00, 0x18, 0xc4, 0x10, 0x00, 0x94, 0x25, 0x03, 0x00, 0x40, 0x95, 
0xe5, 0x07, 0x00, 0x8c, 0x3c, 0x03, 0x00, 0x80, 0x00, 0x00, 0x00, 0x00, 0x30, 0x00, 0x40, 0xd8, 
0x2c, 0x4a, 0x1c, 0x04, 0x6b, 0x00, 0xc0, 0xcd, 0x64, 0x00, 0x00, 0xcc, 0x00, 0x00, 0xd5, 0xc5, 
0x20, 0x00, 0x54, 0x25, 0xfe, 0xff, 0x4f, 0x95, 0x30, 0x00, 0x00, 0xcc, 0x01, 0x00, 0x14, 0x04, 
0x40, 0x09, 0x00, 0x8c, 0x6b, 0x00, 0x00, 0xcc, 0x30, 0x00, 0x40, 0xd8, 0xe0, 0x01, 0x00, 0xcc, 
0xb3, 0x01, 0x40, 0xd8, 0xb3, 0x01, 0x00, 0xd8, 0x13, 0x00, 0x14, 0x04, 0x70, 0x01, 0x40, 0xcd, 
0x71, 0x01, 0x40, 0xcd, 0x72, 0x01, 0x40, 0xcd, 0x73, 0x01, 0x40, 0xcd, 0x10, 0x5a, 0x19, 0xc4, 
0x01, 0x00, 0x94, 0x25, 0x03, 0x00, 0x40, 0x95, 0x02, 0x00, 0x18, 0x04, 0x04, 0x01, 0x80, 0xcd, 
0x99, 0x00, 0x00, 0xcc, 0x12, 0x07, 0x00, 0x8c, 0x50, 0x00, 0x00, 0x80, 0x00, 0x00, 0x34, 0x04, 
0x55, 0x09, 0x00, 0x8c, 0x77, 0x00, 0x00, 0xcc, 0xb3, 0x01, 0x40, 0xd8, 0x9b, 0x00, 0x40, 0xd8, 
0x9a, 0x00, 0x40, 0xd8, 0xf0, 0x02, 0x40, 0xd8, 0xb3, 0x01, 0x00, 0xd8, 0x99, 0x00, 0x00, 0xcc, 
0x00, 0x00, 0x08, 0x04, 0x2f, 0x09, 0x00, 0x8c, 0xd0, 0x01, 0x08, 0xc4, 0xef, 0x05, 0x00, 0x8c, 
0xfc, 0x00, 0x14, 0xc4, 0x1f, 0x00, 0x40, 0x95, 0x00, 0x00, 0x00, 0x00, 0x00, 0x00, 0x00, 0x00, 
0x00, 0x00, 0x00, 0x00, 0x00, 0x00, 0x00, 0x00, 0x00, 0x00, 0x00, 0x00, 0x00, 0x00, 0x00, 0x00, 
0xf1, 0x01, 0x40, 0xd8, 0x35, 0x01, 0x40, 0xd8, 0x10, 0x00, 0x14, 0x04, 0x00, 0x00, 0x00, 0x00, 
0x00, 0x00, 0x00, 0x00, 0xb8, 0x01, 0x40, 0xd8, 0x00, 0x00, 0x00, 0x00, 0x00, 0x00, 0x00, 0x00, 
0x01, 0x00, 0x54, 0x09, 0xff, 0xff, 0x4f, 0x99, 0x3d, 0x01, 0x14, 0xc4, 0x04, 0x00, 0x58, 0x25, 
0xfe, 0xff, 0x8f, 0x99, 0x35, 0x01, 0x00, 0xd8, 0x01, 0x00, 0x58, 0x25, 0xfb, 0xff, 0x8f, 0x99, 
0x00, 0x00, 0x00, 0x00, 0x00, 0x00, 0x00, 0x00, 0x00, 0x00, 0x00, 0x00, 0x00, 0x00, 0x00, 0x00, 
0x00, 0x00, 0x00, 0x00, 0x00, 0x00, 0x00, 0x00, 0x00, 0x00, 0x00, 0x00, 0x00, 0x00, 0x00, 0x00, 
0xf1, 0x01, 0x80, 0xd8, 0x01, 0x00, 0x34, 0x04, 0x55, 0x09, 0x00, 0x8c, 0x99, 0x08, 0x00, 0x8c, 
0x9a, 0x08, 0x00, 0x8c, 0x32, 0x06, 0x00, 0x8c, 0x2b, 0x03, 0x00, 0x8c, 0x2b, 0x08, 0x00, 0x8c, 
0xae, 0x05, 0x00, 0x8c, 0x7c, 0x00, 0x14, 0xc4, 0x0f, 0x00, 0x54, 0x25, 0x0e, 0x00, 0x40, 0x99, 
0xc2, 0x07, 0x00, 0x8c, 0x81, 0x07, 0x00, 0x8c, 0x16, 0x07, 0x00, 0x8c, 0xf4, 0x00, 0x14, 0xc4, 
0x03, 0x00, 0x40, 0x95, 0x50, 0x00, 0x00, 0x80, 0x00, 0x00, 0x00, 0x00, 0x11, 0x00, 0x34, 0x04, 
0x55, 0x09, 0x00, 0x8c, 0x99, 0x00, 0x40, 0xd8, 0xb3, 0x01, 0x40, 0xd8, 0xb3, 0x01, 0x00, 0xd8, 
0xd1, 0x02, 0x00, 0x80, 0x99, 0x00, 0x40, 0xd8, 0xd1, 0x02, 0x00, 0x80, 0x00, 0x00, 0x00, 0x00, 
0x00, 0x00, 0x00, 0x00, 0x00, 0x00, 0x00, 0x00, 0x00, 0x00, 0x00, 0x00, 0x00, 0x00, 0x00, 0x00, 
0xf1, 0x01, 0x00, 0xd9, 0x2b, 0x03, 0x00, 0x8c, 0x2b, 0x08, 0x00, 0x8c, 0x6c, 0x4b, 0x09, 0xc4, 
0x0b, 0x00, 0x80, 0x94, 0xc2, 0x07, 0x00, 0x8c, 0x6c, 0x4b, 0x15, 0xc4, 0x94, 0x01, 0x18, 0xc4, 
0x0c, 0xc0, 0x5a, 0x7d, 0x06, 0x00, 0xc0, 0x96, 0x74, 0x07, 0x00, 0x8c, 0x01, 0x00, 0x08, 0x04, 
0x46, 0x07, 0x00, 0x8c, 0x16, 0x00, 0x34, 0x04, 0xe3, 0x01, 0x00, 0x80, 0x00, 0x00, 0x00, 0x00, 
0x01, 0x40, 0x41, 0x7c, 0x04, 0x00, 0x54, 0x25, 0x0b, 0x00, 0x40, 0x95, 0x95, 0x00, 0x00, 0xd8, 
0x3d, 0x00, 0x38, 0x04, 0x64, 0x02, 0x80, 0xcf, 0x74, 0x07, 0x00, 0x8c, 0x04, 0x00, 0x18, 0x04, 
0x65, 0x00, 0x80, 0xcd, 0x34, 0x00, 0x34, 0x04, 0x02, 0x00, 0x08, 0x04, 0x46, 0x07, 0x00, 0x8c, 
0xe3, 0x01, 0x00, 0x80, 0x00, 0x00, 0x00, 0x00, 0x01, 0x40, 0x41, 0x7c, 0x20, 0x00, 0x54, 0x25, 
0x09, 0x00, 0x40, 0x95, 0x95, 0x00, 0x00, 0xd8, 0x37, 0x00, 0x38, 0x04, 0x64, 0x02, 0x80, 0xcf, 
0x74, 0x07, 0x00, 0x8c, 0x12, 0x00, 0x34, 0x04, 0x08, 0x00, 0x08, 0x04, 0x46, 0x07, 0x00, 0x8c, 
0xe3, 0x01, 0x00, 0x80, 0x00, 0x00, 0x00, 0x00, 0x01, 0x40, 0x41, 0x7c, 0x08, 0x00, 0x54, 0x25, 
0x02, 0x00, 0x40, 0x95, 0x79, 0x07, 0x00, 0x8c, 0x01, 0x40, 0x41, 0x7c, 0x80, 0x00, 0x54, 0x25, 
0x0a, 0x00, 0x40, 0x95, 0x95, 0x00, 0x00, 0xd8, 0x3e, 0x00, 0x38, 0x04, 0x74, 0x07, 0x00, 0x8c, 
0x03, 0x00, 0x18, 0x04, 0x65, 0x00, 0x80, 0xcd, 0x32, 0x00, 0x34, 0x04, 0x10, 0x00, 0x08, 0x04, 
0x46, 0x07, 0x00, 0x8c, 0xe3, 0x01, 0x00, 0x80, 0x00, 0x00, 0x00, 0x00, 0x01, 0x40, 0x41, 0x7c, 
0x00, 0x40, 0x54, 0x25, 0x04, 0x00, 0x40, 0x95, 0x20, 0x00, 0x08, 0x04, 0x46, 0x07, 0x00, 0x8c, 
0xe3, 0x01, 0x00, 0x80, 0x00, 0x00, 0x00, 0x00, 0x01, 0x40, 0x41, 0x7c, 0x00, 0x02, 0x54, 0x25, 
0x0c, 0x00, 0x40, 0x95, 0xac, 0x08, 0x00, 0x8c, 0x07, 0x00, 0x80, 0x94, 0x95, 0x00, 0x00, 0xd8, 
0x36, 0x00, 0x34, 0x04, 0x40, 0x00, 0x08, 0x04, 0x46, 0x07, 0x00, 0x8c, 0x74, 0x07, 0x00, 0x8c, 
0xe3, 0x01, 0x00, 0x80, 0x02, 0x00, 0xc0, 0x94, 0xb2, 0x08, 0x00, 0x8c, 0x40, 0x02, 0x00, 0xcd, 
0x00, 0x00, 0x00, 0x00, 0x98, 0x01, 0x08, 0xc4, 0x0a, 0x00, 0x80, 0x94, 0x01, 0x00, 0x88, 0x30, 
0x05, 0x00, 0x80, 0x98, 0x74, 0x07, 0x00, 0x8c, 0x04, 0x00, 0x08, 0x04, 0x46, 0x07, 0x00, 0x8c, 
0xe3, 0x01, 0x00, 0x80, 0x74, 0x10, 0x38, 0xc4, 0x07, 0x09, 0x00, 0x8c, 0x98, 0x01, 0x00, 0xd8, 
0x00, 0x00, 0x00, 0x00, 0xef, 0x00, 0x00, 0x80, 0x00, 0x00, 0x00, 0x00, 0x80, 0x00, 0x14, 0xc4, 
0x0a, 0x00, 0x40, 0x99, 0x00, 0x5a, 0x15, 0xc4, 0x08, 0x00, 0x40, 0x95, 0xf0, 0x59, 0x09, 0xc4, 
0xf4, 0x59, 0x0d, 0xc4, 0x00, 0x00, 0x94, 0x30, 0x00, 0x00, 0xd8, 0x30, 0x09, 0x40, 0x59, 0x7d, 
0x02, 0x00, 0x40, 0x99, 0x83, 0x00, 0x40, 0xd8, 0x00, 0x00, 0x00, 0x00, 0x14, 0x4a, 0x15, 0xc4, 
0x00, 0x02, 0x58, 0x25, 0x11, 0x00, 0x80, 0x95, 0x80, 0x00, 0x14, 0xc4, 0x0f, 0x00, 0x40, 0x95, 
0xe0, 0x01, 0x18, 0xc4, 0x10, 0x00, 0x94, 0x15, 0x01, 0x00, 0x54, 0x25, 0x06, 0x00, 0x40, 0x99, 
0x9c, 0x01, 0x00, 0xd9, 0x01, 0x00, 0x14, 0x04, 0x10, 0x00, 0x54, 0x11, 0x0a, 0x80, 0x59, 0x7d, 
0xe0, 0x01, 0x80, 0xcd, 0x03, 0x00, 0x14, 0x04, 0x40, 0x09, 0x00, 0x8c, 0x9c, 0x01, 0x14, 0xc4, 
0x8b, 0x00, 0x40, 0x95, 0x91, 0x00, 0x00, 0x80, 0xe0, 0x01, 0x30, 0xc4, 0x10, 0x00, 0x14, 0x17, 
0x01, 0x00, 0x58, 0x25, 0x07, 0x00, 0x80, 0x95, 0xfe, 0xff, 0x14, 0x04, 0x10, 0x00, 0x54, 0x11, 
0xff, 0xff, 0x14, 0x04, 0x09, 0x00, 0x17, 0x7f, 0xe0, 0x01, 0x00, 0xcf, 0x9c, 0x01, 0x00, 0xda, 
0x00, 0x00, 0x00, 0x00, 0x1a, 0x01, 0x00, 0x80, 0x01, 0x40, 0x41, 0x7c, 0x00, 0x01, 0x54, 0x25, 
0x04, 0x00, 0x40, 0x95, 0x9c, 0x01, 0x14, 0xc4, 0x73, 0xff, 0x4f, 0x99, 0xe3, 0x01, 0x00, 0x80, 
0x00, 0x00, 0x00, 0x00, 0x81, 0x07, 0x00, 0x8c, 0x01, 0x40, 0x41, 0x7c, 0x01, 0x00, 0x54, 0x25, 
0x0b, 0x00, 0x40, 0x95, 0x5a, 0x06, 0x00, 0x8c, 0x09, 0x00, 0x80, 0x98, 0x00, 0x01, 0x08, 0x04, 
0x46, 0x07, 0x00, 0x8c, 0x6c, 0x5a, 0x15, 0xc4, 0x01, 0x01, 0x54, 0x25, 0x03, 0x00, 0x40, 0x95, 
0x1a, 0x00, 0x34, 0x04, 0x91, 0x00, 0x00, 0x80, 0x91, 0x00, 0x00, 0x80, 0x00, 0x00, 0x00, 0x00, 
0xb8, 0x49, 0x15, 0xc4, 0x1c, 0x00, 0x54, 0x15, 0x01, 0x00, 0x54, 0x25, 0x04, 0x00, 0x40, 0x99, 
0x00, 0x04, 0x08, 0x04, 0x46, 0x07, 0x00, 0x8c, 0x91, 0x00, 0x00, 0x80, 0x00, 0x00, 0x00, 0x00, 
0x7c, 0x00, 0x18, 0xc4, 0x0f, 0x00, 0x94, 0x25, 0x0a, 0x00, 0x40, 0x95, 0x04, 0x00, 0x54, 0x39, 
0x05, 0x00, 0x40, 0x95, 0x07, 0x00, 0x94, 0x31, 0x03, 0x00, 0x40, 0x99, 0xf8, 0x00, 0x08, 0xc4, 
0x04, 0x00, 0x80, 0x94, 0x00, 0x02, 0x08, 0x04, 0x46, 0x07, 0x00, 0x8c, 0x91, 0x00, 0x00, 0x80, 
0x00, 0x00, 0x00, 0x00, 0x4b, 0x07, 0x00, 0x8c, 0x09, 0x00, 0x80, 0x94, 0xc0, 0x01, 0x1c, 0xc4, 
0x00, 0x40, 0xd4, 0x25, 0x05, 0x00, 0x40, 0x95, 0x81, 0x08, 0x00, 0x8c, 0x00, 0x08, 0x08, 0x04, 
0x46, 0x07, 0x00, 0x8c, 0x1a, 0x01, 0x00, 0x80, 0xae, 0x01, 0x00, 0xcc, 0x00, 0x00, 0x00, 0x00, 
0xe0, 0x01, 0x14, 0xc4, 0x00, 0x10, 0x54, 0x25, 0x3f, 0xff, 0x4f, 0x99, 0x00, 0x00, 0x00, 0x00, 
0x01, 0x40, 0x41, 0x7c, 0x02, 0x00, 0x54, 0x25, 0x04, 0x00, 0x40, 0x95, 0x00, 0x20, 0x08, 0x04, 
0x46, 0x07, 0x00, 0x8c, 0x91, 0x00, 0x00, 0x80, 0x00, 0x00, 0x00, 0x00, 0x00, 0x00, 0x00, 0x00, 
0x7c, 0x01, 0x14, 0xc4, 0x40, 0x59, 0x19, 0xc4, 0x01, 0x00, 0x98, 0x25, 0x09, 0x40, 0x59, 0x7d, 
0x09, 0x00, 0x40, 0x95, 0x60, 0x4a, 0x19, 0xc4, 0x10, 0x00, 0x98, 0x15, 0xff, 0x00, 0x98, 0x25, 
0x02, 0x00, 0x94, 0x31, 0x04, 0x00, 0x40, 0x99, 0x0a, 0x00, 0x94, 0x31, 0x02, 0x00, 0x40, 0x99, 
0x9b, 0x00, 0x00, 0xcc, 0x14, 0x4a, 0x15, 0xc4, 0x00, 0x01, 0x54, 0x25, 0x26, 0xff, 0x4f, 0x95, 
0x60, 0x08, 0x00, 0x8c, 0x24, 0xff, 0x8f, 0x94, 0x9b, 0x00, 0x40, 0xd8, 0xf0, 0x02, 0x40, 0xd8, 
0x14, 0x4a, 0x15, 0xc4, 0x00, 0x01, 0x54, 0x25, 0x04, 0x00, 0x40, 0x95, 0x80, 0x00, 0x08, 0x04, 
0x46, 0x07, 0x00, 0x8c, 0x1a, 0x01, 0x00, 0x80, 0x9b, 0x00, 0x00, 0xcc, 0xf0, 0x02, 0x00, 0xcc, 
0x91, 0x00, 0x00, 0x80, 0x00, 0x00, 0x00, 0x00, 0x00, 0x00, 0x00, 0x00, 0x00, 0x00, 0x00, 0x00, 
0x67, 0x07, 0x00, 0x8c, 0x84, 0x4a, 0x15, 0xc4, 0x11, 0x00, 0x58, 0x15, 0x03, 0x00, 0x94, 0x25, 
0x03, 0x00, 0x54, 0x31, 0xfb, 0xff, 0x4f, 0x95, 0x00, 0x00, 0x00, 0x00, 0x00, 0x00, 0x00, 0x90, 
0x67, 0x07, 0x00, 0x8c, 0x84, 0x4a, 0x15, 0xc4, 0x0f, 0x00, 0x58, 0x15, 0x01, 0x00, 0x94, 0x25, 
0xfc, 0xff, 0x4f, 0x95, 0x00, 0x00, 0x00, 0x00, 0x00, 0x00, 0x00, 0x90, 0x84, 0x01, 0x00, 0x8c, 
0x20, 0x00, 0xd0, 0x54, 0x00, 0x00, 0x99, 0xc4, 0x43, 0x00, 0x42, 0xd8, 0x44, 0x00, 0x02, 0xd9, 
0x10, 0x00, 0x14, 0x04, 0x23, 0x00, 0x42, 0xcd, 0x47, 0x00, 0x02, 0xcc, 0x45, 0x00, 0xc2, 0xcc, 
0x48, 0x00, 0x82, 0xcd, 0x46, 0x00, 0x02, 0xcd, 0x00, 0x00, 0x00, 0x90, 0xe5, 0x00, 0x02, 0xcc, 
0xe6, 0x00, 0x02, 0xcc, 0x67, 0x07, 0x00, 0x8c, 0x84, 0x00, 0x14, 0xc4, 0xfe, 0xff, 0x4f, 0x99, 
0x14, 0x4a, 0x15, 0xc4, 0x19, 0x00, 0x54, 0x15, 0x01, 0x00, 0x54, 0x25, 0xfa, 0xff, 0x4f, 0x95, 
0x14, 0x4a, 0x15, 0xc4, 0x00, 0x02, 0x54, 0x25, 0x40, 0x00, 0x40, 0x95, 0x9c, 0x01, 0x18, 0xc4, 
0xf5, 0xff, 0x8f, 0x99, 0xc7, 0x00, 0x00, 0xcc, 0x14, 0x4a, 0x15, 0xc4, 0x00, 0x02, 0x54, 0x25, 
0x17, 0x00, 0x40, 0x95, 0xf0, 0x02, 0x40, 0xd8, 0x19, 0x00, 0x34, 0x04, 0x55, 0x09, 0x00, 0x8c, 
0x77, 0x00, 0x00, 0xcc, 0xf0, 0x59, 0x09, 0xc4, 0xf4, 0x59, 0x0d, 0xc4, 0x20, 0x00, 0xd0, 0x50, 
0x11, 0xc0, 0x08, 0x7d, 0x70, 0x59, 0x08, 0x04, 0x8b, 0x01, 0x00, 0x8c, 0x7c, 0x01, 0x00, 0x8c, 
0x9a, 0x00, 0x40, 0xd8, 0x01, 0x03, 0x14, 0x04, 0x30, 0x00, 0x40, 0xcd, 0x7c, 0x59, 0x01, 0xcc, 
0x70, 0x59, 0x01, 0xcc, 0x30, 0x00, 0x40, 0xd8, 0x9a, 0x00, 0x00, 0xd8, 0x67, 0x07, 0x00, 0x8c, 
0x80, 0x59, 0x15, 0xc4, 0xfe, 0xff, 0x4f, 0x99, 0x8b, 0x00, 0x40, 0xd8, 0x82, 0x00, 0x40, 0xd8, 
0x7b, 0x05, 0x00, 0x8c, 0x67, 0x07, 0x00, 0x8c, 0x80, 0x59, 0x15, 0xc4, 0xfe, 0xff, 0x4f, 0x99, 
0xf0, 0x02, 0x00, 0xd8, 0xf0, 0x49, 0x15, 0xc4, 0x1e, 0x00, 0x54, 0x15, 0x01, 0x00, 0x54, 0x25, 
0x17, 0x00, 0x40, 0x95, 0x35, 0x00, 0x38, 0x04, 0x64, 0x02, 0x80, 0xcf, 0xec, 0x59, 0x15, 0xc4, 
0x68, 0x02, 0x40, 0xcd, 0x69, 0x02, 0x00, 0xcc, 0x68, 0x00, 0x08, 0xc4, 0x08, 0x00, 0xac, 0x10, 
0x40, 0x59, 0x0d, 0xc4, 0x14, 0x00, 0xcc, 0x14, 0xf0, 0x00, 0xcc, 0x24, 0x01, 0xc0, 0xce, 0x7e, 
0x8e, 0xf8, 0x14, 0x04, 0x02, 0x00, 0x54, 0x11, 0x00, 0x00, 0x59, 0xc5, 0x1f, 0x00, 0x94, 0x15, 
0x05, 0x00, 0x40, 0x95, 0x1f, 0x00, 0x54, 0x11, 0x01, 0xc0, 0xd6, 0x7e, 0x0f, 0x00, 0x94, 0x25, 
0x01, 0xc0, 0xd6, 0x7e, 0x6c, 0x02, 0xc0, 0xce, 0x6b, 0x07, 0x00, 0x8c, 0x83, 0x00, 0x00, 0xd8, 
0x00, 0x5a, 0x01, 0xcc, 0xfc, 0x59, 0x01, 0xcc, 0x0e, 0x01, 0x00, 0x80, 0xf1, 0x01, 0x40, 0xd9, 
0x00, 0x00, 0x08, 0x04, 0x2f, 0x09, 0x00, 0x8c, 0x8d, 0x01, 0x40, 0xd8, 0x8d, 0x01, 0x00, 0xd8, 
0x01, 0x00, 0x14, 0x04, 0x40, 0x09, 0x00, 0x8c, 0x9b, 0x00, 0x40, 0xd8, 0x9a, 0x00, 0x40, 0xd8, 
0x99, 0x00, 0x40, 0xd8, 0xf0, 0x02, 0x40, 0xd8, 0x80, 0x4a, 0x15, 0xc4, 0x1f, 0x00, 0x54, 0x15, 
0x03, 0x00, 0x40, 0x99, 0xc4, 0x02, 0x40, 0xd8, 0xc4, 0x02, 0x00, 0xd8, 0x6b, 0x00, 0x40, 0xd8, 
0x64, 0x00, 0x00, 0xcc, 0x02, 0x00, 0x14, 0x04, 0x40, 0x09, 0x00, 0x8c, 0x2c, 0x4a, 0x15, 0xc4, 
0x20, 0x00, 0x54, 0x25, 0xfe, 0xff, 0x4f, 0x95, 0x44, 0x00, 0x02, 0xd9, 0x2b, 0x03, 0x00, 0x8c, 
0xe0, 0x01, 0x14, 0xc4, 0x01, 0xff, 0x54, 0x25, 0xe0, 0x01, 0x40, 0xcd, 0x00, 0x00, 0x30, 0x04, 
0x9b, 0x08, 0x00, 0x8c, 0x03, 0x00, 0x80, 0x94, 0x74, 0x07, 0x00, 0x8c, 0x04, 0x00, 0x30, 0x07, 
0xac, 0x08, 0x00, 0x8c, 0x03, 0x00, 0x80, 0x94, 0xb5, 0x01, 0x40, 0xd8, 0x40, 0x00, 0x30, 0x07, 
0x6c, 0x00, 0x14, 0xc4, 0x04, 0x00, 0x54, 0x25, 0x02, 0x00, 0x40, 0x95, 0x02, 0x00, 0x30, 0x07, 
0x6c, 0x00, 0x14, 0xc4, 0x20, 0x00, 0x54, 0x25, 0x02, 0x00, 0x40, 0x95, 0x08, 0x00, 0x30, 0x07, 
0x6c, 0x00, 0x14, 0xc4, 0x80, 0x00, 0x54, 0x25, 0x02, 0x00, 0x40, 0x95, 0x10, 0x00, 0x30, 0x07, 
0x6c, 0x00, 0x14, 0xc4, 0x00, 0x40, 0x54, 0x25, 0x02, 0x00, 0x40, 0x95, 0x20, 0x00, 0x30, 0x07, 
0xd0, 0x01, 0x2c, 0xc4, 0x60, 0x08, 0x00, 0x8c, 0x02, 0x00, 0x80, 0x94, 0x80, 0x00, 0x30, 0x07, 
0x03, 0x00, 0x00, 0x97, 0x00, 0x00, 0x08, 0x07, 0x46, 0x07, 0x00, 0x8c, 0xe0, 0x01, 0x30, 0xc4, 
0xfe, 0x00, 0x14, 0x27, 0x03, 0x00, 0x40, 0x95, 0x01, 0x80, 0x2c, 0x7c, 0xef, 0x05, 0x00, 0x8c, 
0x01, 0x03, 0x00, 0xd8, 0xa4, 0x01, 0x00, 0xcc, 0x00, 0x00, 0x2c, 0x04, 0xe0, 0x01, 0x30, 0xc4, 
0x5a, 0x00, 0x14, 0x27, 0x25, 0x00, 0x40, 0x95, 0xf9, 0x02, 0x14, 0xc4, 0x1c, 0x00, 0x40, 0x95, 
0x04, 0x00, 0x48, 0x25, 0x0e, 0x00, 0x80, 0x94, 0x70, 0x59, 0x25, 0xc4, 0xf7, 0x02, 0x28, 0xc4, 
0x7c, 0x59, 0x21, 0xc4, 0xf8, 0x02, 0x1c, 0xc4, 0x0c, 0x80, 0x68, 0x7e, 0x04, 0x00, 0x80, 0x94, 
0x0c, 0xc0, 0x1c, 0x7e, 0x02, 0x00, 0xc0, 0x94, 0x39, 0x02, 0x00, 0x80, 0x70, 0x59, 0x81, 0xce, 
0x7c, 0x59, 0xc1, 0xcd, 0x47, 0x02, 0x00, 0x80, 0x00, 0x00, 0x00, 0x00, 0x4c, 0x59, 0x21, 0xc4, 
0xf4, 0x02, 0x1c, 0xc4, 0x50, 0x59, 0x25, 0xc4, 0xf5, 0x02, 0x28, 0xc4, 0x0c, 0x80, 0x1c, 0x7e, 
0x04, 0x00, 0x80, 0x94, 0x0c, 0xc0, 0xa4, 0x7e, 0x02, 0x00, 0xc0, 0x94, 0x47, 0x02, 0x00, 0x80, 
0x00, 0x80, 0x2c, 0x04, 0x4c, 0x59, 0xc1, 0xcd, 0x50, 0x59, 0x81, 0xce, 0x00, 0x00, 0x00, 0x00, 
0x01, 0x00, 0x08, 0x04, 0xef, 0x04, 0x00, 0x8c, 0x6c, 0x5a, 0x15, 0xc4, 0x01, 0x00, 0x54, 0x15, 
0x01, 0x00, 0x54, 0x11, 0x6c, 0x5a, 0x41, 0xcd, 0xf9, 0x02, 0x00, 0xcc, 0x00, 0x00, 0x08, 0x04, 
0xef, 0x04, 0x00, 0x8c, 0x00, 0x00, 0x00, 0x00, 0x6c, 0x00, 0x14, 0xc4, 0x04, 0x00, 0x54, 0x25, 
0x04, 0x00, 0x40, 0x95, 0x74, 0x07, 0x00, 0x8c, 0x3d, 0x00, 0x38, 0x04, 0x07, 0x09, 0x00, 0x8c, 
0x6c, 0x00, 0x14, 0xc4, 0x20, 0x00, 0x54, 0x25, 0x04, 0x00, 0x40, 0x95, 0x74, 0x07, 0x00, 0x8c, 
0x37, 0x00, 0x38, 0x04, 0x07, 0x09, 0x00, 0x8c, 0x6c, 0x00, 0x14, 0xc4, 0x08, 0x00, 0x54, 0x25, 
0x02, 0x00, 0x40, 0x95, 0x79, 0x07, 0x00, 0x8c, 0x6c, 0x00, 0x14, 0xc4, 0x80, 0x00, 0x54, 0x25, 
0x11, 0x00, 0x40, 0x95, 0x74, 0x07, 0x00, 0x8c, 0x02, 0x00, 0x28, 0x04, 0x48, 0x4a, 0x15, 0xc4, 
0x04, 0x00, 0x54, 0x25, 0x07, 0x00, 0x40, 0x95, 0xe6, 0x02, 0x80, 0xce, 0xe0, 0x02, 0x14, 0xc4, 
0x09, 0x40, 0x69, 0x7d, 0x04, 0x00, 0x40, 0x95, 0x3e, 0x00, 0x38, 0x04, 0xfe, 0x08, 0x00, 0x8c, 
0xe0, 0x02, 0x80, 0xce, 0x01, 0x00, 0xa8, 0x12, 0x40, 0x00, 0x94, 0x32, 0xf4, 0xff, 0x4f, 0x95, 
0x00, 0x00, 0x00, 0x00, 0x6c, 0x00, 0x14, 0xc4, 0x00, 0x02, 0x54, 0x25, 0x0f, 0x00, 0x40, 0x95, 
0xac, 0x08, 0x00, 0x8c, 0x00, 0x00, 0xf0, 0x04, 0x02, 0x00, 0x80, 0x94, 0x74, 0x07, 0x00, 0x8c, 
0x00, 0x00, 0x0c, 0x07, 0xb2, 0x08, 0x00, 0x8c, 0x40, 0x02, 0x00, 0xcd, 0x01, 0x00, 0x14, 0x04, 
0x10, 0x00, 0x54, 0x11, 0x10, 0x04, 0x54, 0x05, 0x09, 0x40, 0x15, 0x7d, 0x03, 0x00, 0x40, 0x95, 
0x00, 0x80, 0x08, 0x04, 0x46, 0x07, 0x00, 0x8c, 0x02, 0x00, 0x14, 0x04, 0x40, 0x09, 0x00, 0x8c, 
0x30, 0x00, 0x00, 0xcc, 0x80, 0x59, 0x1d, 0xc4, 0x07, 0x00, 0xc0, 0x95, 0x01, 0x00, 0x14, 0x04, 
0x40, 0x09, 0x00, 0x8c, 0x80, 0x59, 0x21, 0xc4, 0x0c, 0x40, 0x1e, 0x7e, 0xfa, 0xff, 0x4f, 0x96, 
0x00, 0x00, 0x00, 0x00, 0xf2, 0x02, 0x00, 0xcc, 0xf6, 0x02, 0x00, 0xcc, 0xed, 0x00, 0x00, 0xd8, 
0x6b, 0x00, 0x00, 0xcc, 0x30, 0x00, 0x40, 0xd8, 0x80, 0x59, 0x15, 0xc4, 0x26, 0x00, 0x40, 0x99, 
0x4c, 0x59, 0x15, 0xc4, 0x54, 0x59, 0x19, 0xc4, 0x0c, 0xc0, 0x58, 0x7d, 0x22, 0x00, 0xc0, 0x94, 
0x50, 0x59, 0x15, 0xc4, 0x58, 0x59, 0x19, 0xc4, 0x0c, 0xc0, 0x58, 0x7d, 0x1e, 0x00, 0xc0, 0x94, 
0x7c, 0x59, 0x0d, 0xc4, 0x1c, 0x00, 0xc0, 0x98, 0x84, 0x59, 0x15, 0xc4, 0x00, 0x08, 0x54, 0x25, 
0x16, 0x00, 0x40, 0x99, 0x40, 0x59, 0x15, 0xc4, 0x01, 0x10, 0x54, 0x25, 0x01, 0x10, 0x54, 0x31, 
0x12, 0x00, 0x40, 0x95, 0xe0, 0x01, 0x30, 0xc4, 0x00, 0x80, 0x14, 0x27, 0x0f, 0x00, 0x40, 0x99, 
0xf0, 0x02, 0x00, 0xd8, 0x10, 0x00, 0x14, 0x04, 0x40, 0x09, 0x00, 0x8c, 0x4c, 0x59, 0x09, 0xc4, 
0x54, 0x59, 0x0d, 0xc4, 0x0c, 0x40, 0x8d, 0x7c, 0x07, 0x00, 0x40, 0x95, 0x84, 0x59, 0x15, 0xc4, 
0x00, 0x08, 0x54, 0x25, 0x04, 0x00, 0x40, 0x99, 0xac, 0x08, 0x00, 0x8c, 0xbe, 0xff, 0x8f, 0x98, 
0xad, 0x02, 0x00, 0x80, 0xf0, 0x02, 0x40, 0xd8, 0x00, 0x00, 0x00, 0x00, 0x64, 0x08, 0x00, 0x8c, 
0x13, 0x00, 0x34, 0x04, 0x00, 0x00, 0x00, 0x00, 0x63, 0x06, 0x00, 0x8c, 0x81, 0x07, 0x00, 0x8c, 
0x6c, 0x4b, 0x15, 0xc4, 0x0a, 0x00, 0x40, 0x95, 0xc2, 0x07, 0x00, 0x8c, 0x6c, 0x4b, 0x15, 0xc4, 
0x94, 0x01, 0x18, 0xc4, 0x0c, 0xc0, 0x5a, 0x7d, 0x05, 0x00, 0xc0, 0x96, 0x92, 0x01, 0x80, 0xcd, 
0x91, 0x01, 0x80, 0xcd, 0x92, 0x01, 0x00, 0xcc, 0x16, 0x00, 0x34, 0x04, 0x5c, 0x07, 0x00, 0x8c, 
0x55, 0x09, 0x00, 0x8c, 0x2b, 0x08, 0x00, 0x8c, 0x2b, 0x03, 0x00, 0x8c, 0xd1, 0x02, 0x00, 0x80, 
0x00, 0x00, 0x00, 0x00, 0xf1, 0x01, 0xc0, 0xd8, 0xb8, 0x49, 0x15, 0xc4, 0x1c, 0x00, 0x54, 0x15, 
0x01, 0x00, 0x54, 0x25, 0x10, 0x00, 0x40, 0x99, 0xf1, 0x01, 0x40, 0xda, 0x77, 0x00, 0x00, 0xcc, 
0xd0, 0x01, 0x08, 0xc4, 0x33, 0x33, 0x14, 0x04, 0x10, 0x00, 0x58, 0x11, 0x01, 0x40, 0x95, 0x7d, 
0x09, 0x80, 0x94, 0x7c, 0xef, 0x05, 0x00, 0x8c, 0x03, 0x00, 0x34, 0x04, 0x55, 0x09, 0x00, 0x8c, 
0x3a, 0x01, 0x40, 0xd8, 0x36, 0x06, 0x00, 0x8c, 0xe0, 0x01, 0x30, 0xc4, 0xff, 0xfb, 0x30, 0x27, 
0xe0, 0x01, 0x00, 0xcf, 0x00, 0x00, 0x00, 0x00, 0x7c, 0x00, 0x14, 0xc4, 0x0f, 0x00, 0x58, 0x25, 
0x13, 0x00, 0x80, 0x95, 0x05, 0x00, 0x94, 0x31, 0x11, 0x00, 0x40, 0x99, 0x06, 0x00, 0x94, 0x31, 
0x0f, 0x00, 0x40, 0x99, 0xf1, 0x01, 0x80, 0xda, 0xb3, 0x01, 0x40, 0xd8, 0xb3, 0x01, 0x00, 0xd8, 
0x01, 0x00, 0x14, 0x04, 0x40, 0x09, 0x00, 0x8c, 0xd0, 0x01, 0x08, 0xc4, 0xef, 0x05, 0x00, 0x8c, 
0x3c, 0x03, 0x00, 0x80, 0xb3, 0x01, 0x40, 0xd8, 0xb3, 0x01, 0x00, 0xd8, 0xe0, 0x01, 0x30, 0xc4, 
0xff, 0xfd, 0x30, 0x27, 0xe0, 0x01, 0x00, 0xcf, 0xd1, 0x02, 0x00, 0x80, 0xe0, 0x01, 0x30, 0xc4, 
0x00, 0x18, 0x14, 0x27, 0x02, 0x00, 0x40, 0x99, 0x2d, 0x07, 0x00, 0x8c, 0x4b, 0x07, 0x00, 0x8c, 
0xc0, 0x01, 0x14, 0xc4, 0x00, 0x40, 0x54, 0x25, 0x02, 0x00, 0x40, 0x95, 0x81, 0x08, 0x00, 0x8c, 
0xa8, 0x01, 0x00, 0xcc, 0xf1, 0x01, 0x80, 0xd9, 0x65, 0x00, 0x00, 0xcc, 0x77, 0x00, 0x00, 0xcc, 
0xe0, 0x01, 0x00, 0xcc, 0xa5, 0x01, 0x00, 0xcc, 0x84, 0x59, 0x15, 0xc4, 0x80, 0x00, 0x54, 0x25, 
0x04, 0x00, 0x40, 0x99, 0x99, 0x08, 0x00, 0x8c, 0x43, 0x00, 0x00, 0x80, 0x00, 0x00, 0x00, 0x00, 
0xf1, 0x01, 0xc0, 0xd9, 0xb1, 0x01, 0x00, 0xcc, 0xae, 0x01, 0x00, 0xcc, 0xd0, 0x01, 0x08, 0xc4, 
0xef, 0x05, 0x00, 0x8c, 0x7d, 0x00, 0x40, 0xd8, 0xcb, 0x00, 0x00, 0xd8, 0xca, 0x00, 0x00, 0xd8, 
0x7d, 0x00, 0x00, 0xd8, 0x95, 0x00, 0x40, 0xd8, 0xa6, 0x01, 0x00, 0xcc, 0xac, 0x01, 0x40, 0xd8, 
0xad, 0x01, 0x40, 0xd8, 0xab, 0x01, 0x40, 0xd8, 0xa4, 0x01, 0x40, 0xd8, 0x01, 0x03, 0x40, 0xd8, 
0x9b, 0x00, 0x00, 0xcc, 0x85, 0x00, 0x00, 0xcc, 0x9a, 0x00, 0x00, 0xcc, 0xeb, 0x06, 0x00, 0x8c, 
0x99, 0x00, 0x00, 0xcc, 0xf0, 0x02, 0x00, 0xcc, 0xf9, 0x02, 0x00, 0xcc, 0x01, 0x00, 0x08, 0x04, 
0x2f, 0x09, 0x00, 0x8c, 0x2b, 0x03, 0x00, 0x8c, 0x91, 0x00, 0x00, 0x80, 0x6c, 0x00, 0x14, 0xc4, 
0x10, 0x00, 0x54, 0x25, 0x0e, 0x00, 0x40, 0x95, 0x3d, 0x01, 0x14, 0xc4, 0x01, 0x00, 0x54, 0x25, 
0xfe, 0xff, 0x4f, 0x99, 0x36, 0x00, 0x18, 0x04, 0x64, 0x02, 0x80, 0xcd, 0x7c, 0x02, 0x14, 0xc4, 
0x78, 0x02, 0x2c, 0xc4, 0x73, 0x02, 0x00, 0xcc, 0x02, 0x00, 0x54, 0x11, 0x68, 0x02, 0x40, 0xcd, 
0x69, 0x02, 0x00, 0xcc, 0x6c, 0x02, 0xc0, 0xce, 0x6b, 0x07, 0x00, 0x8c, 0x00, 0x00, 0x00, 0x90, 
0x3d, 0x01, 0x14, 0xc4, 0x01, 0x00, 0x58, 0x25, 0xfe, 0xff, 0x8f, 0x99, 0x7c, 0x00, 0x14, 0xc4, 
0x0f, 0x00, 0x58, 0x25, 0x07, 0x00, 0x94, 0x09, 0x20, 0x00, 0x40, 0x95, 0x7c, 0x00, 0x14, 0xc4, 
0x0f, 0x00, 0x58, 0x25, 0x01, 0x00, 0x94, 0x09, 0x30, 0x00, 0x40, 0x95, 0x7c, 0x00, 0x14, 0xc4, 
0x0f, 0x00, 0x58, 0x25, 0x02, 0x00, 0x94, 0x09, 0x40, 0x00, 0x40, 0x95, 0x7c, 0x00, 0x14, 0xc4, 
0x0f, 0x00, 0x58, 0x25, 0x03, 0x00, 0x94, 0x09, 0xca, 0x00, 0x40, 0x95, 0x7c, 0x00, 0x14, 0xc4, 
0x0f, 0x00, 0x58, 0x25, 0x04, 0x00, 0x94, 0x09, 0x53, 0x01, 0x40, 0x95, 0x7c, 0x00, 0x14, 0xc4, 
0x10, 0x00, 0x58, 0x25, 0xe7, 0xff, 0x8f, 0x99, 0xf9, 0x02, 0x00, 0xcc, 0x30, 0x00, 0x00, 0xcc, 
0x01, 0x00, 0x14, 0x04, 0x40, 0x09, 0x00, 0x8c, 0x30, 0x00, 0x40, 0xd8, 0x18, 0x08, 0x00, 0x8c, 
0x9d, 0x00, 0x00, 0xcc, 0x12, 0x07, 0x00, 0x8c, 0xf5, 0x02, 0x00, 0x80, 0x00, 0x00, 0x00, 0x00, 
0x00, 0x00, 0x00, 0x00, 0xff, 0xff, 0x0f, 0x94, 0xe3, 0x06, 0x00, 0x8c, 0x07, 0x00, 0x0c, 0x04, 
0x95, 0x05, 0x00, 0x8c, 0xe7, 0x00, 0xc0, 0xcc, 0xdb, 0x00, 0x40, 0xd8, 0xa1, 0x05, 0x00, 0x8c, 
0x32, 0x06, 0x00, 0x8c, 0xe5, 0x07, 0x00, 0x8c, 0xe3, 0x06, 0x00, 0x8c, 0x10, 0x00, 0x14, 0x04, 
0x40, 0x09, 0x00, 0x8c, 0x83, 0x05, 0x00, 0x8c, 0x00, 0x00, 0x0c, 0x04, 0x95, 0x05, 0x00, 0x8c, 
0xe8, 0x00, 0xc0, 0xcc, 0xa1, 0x05, 0x00, 0x8c, 0x21, 0x00, 0x34, 0x04, 0x55, 0x09, 0x00, 0x8c, 
0x00, 0x00, 0x00, 0x00, 0xff, 0xff, 0x0f, 0x94, 0xe3, 0x06, 0x00, 0x8c, 0x83, 0x05, 0x00, 0x8c, 
0x01, 0x00, 0x0c, 0x04, 0x89, 0x05, 0x00, 0x8c, 0xe7, 0x00, 0xc0, 0xcc, 0xdb, 0x00, 0x40, 0xd8, 
0xa1, 0x05, 0x00, 0x8c, 0x32, 0x06, 0x00, 0x8c, 0xe5, 0x07, 0x00, 0x8c, 0xe3, 0x06, 0x00, 0x8c, 
0x10, 0x00, 0x14, 0x04, 0x40, 0x09, 0x00, 0x8c, 0x83, 0x05, 0x00, 0x8c, 0x00, 0x00, 0x0c, 0x04, 
0x89, 0x05, 0x00, 0x8c, 0xe8, 0x00, 0xc0, 0xcc, 0xa1, 0x05, 0x00, 0x8c, 0x21, 0x00, 0x34, 0x04, 
0x55, 0x09, 0x00, 0x8c, 0x3c, 0x03, 0x00, 0x80, 0x77, 0x00, 0x00, 0xcc, 0xe5, 0x07, 0x00, 0x8c, 
0x8f, 0xf8, 0x14, 0x04, 0x02, 0x00, 0x54, 0x11, 0x00, 0x00, 0x59, 0xc5, 0x08, 0x00, 0x94, 0x15, 
0x03, 0x00, 0x54, 0x25, 0xe6, 0x00, 0x42, 0xcd, 0x04, 0x00, 0x54, 0x05, 0xe5, 0x00, 0x42, 0xcd, 
0x12, 0x01, 0x82, 0xd8, 0x11, 0x01, 0x82, 0xd8, 0x02, 0x00, 0x0c, 0x04, 0x89, 0x05, 0x00, 0x8c, 
0xe7, 0x00, 0xc0, 0xcc, 0xa1, 0x05, 0x00, 0x8c, 0x22, 0x00, 0x34, 0x04, 0x55, 0x09, 0x00, 0x8c, 
0x8c, 0xf8, 0x14, 0x04, 0x02, 0x00, 0x54, 0x11, 0x00, 0x00, 0x4d, 0xc5, 0x8d, 0xf8, 0x14, 0x04, 
0x02, 0x00, 0x54, 0x11, 0x00, 0x00, 0x51, 0xc5, 0x20, 0x00, 0x10, 0x51, 0x11, 0xc0, 0x0d, 0x7d, 
0x94, 0xf8, 0x14, 0x04, 0x02, 0x00, 0x54, 0x11, 0x00, 0x00, 0x4d, 0xc5, 0x95, 0xf8, 0x14, 0x04, 
0x02, 0x00, 0x54, 0x11, 0x00, 0x00, 0x51, 0xc5, 0x20, 0x00, 0x10, 0x51, 0x11, 0x00, 0x0e, 0x7d, 
0x80, 0x49, 0x0c, 0x04, 0x40, 0x00, 0x24, 0x04, 0x01, 0x00, 0x14, 0x26, 0x01, 0x00, 0x20, 0x56, 
0x02, 0x00, 0x40, 0x95, 0x68, 0x05, 0x00, 0x8c, 0x04, 0x00, 0xcc, 0x04, 0x01, 0x00, 0x64, 0x0a, 
0xfa, 0xff, 0x4f, 0x9a, 0x96, 0xf8, 0x14, 0x04, 0x02, 0x00, 0x54, 0x11, 0x00, 0x00, 0x4d, 0xc5, 
0x97, 0xf8, 0x14, 0x04, 0x02, 0x00, 0x54, 0x11, 0x00, 0x00, 0x51, 0xc5, 0x20, 0x00, 0x10, 0x51, 
0x11, 0x00, 0x0e, 0x7d, 0x80, 0x49, 0x0c, 0x04, 0x00, 0x01, 0xcc, 0x04, 0x40, 0x00, 0x24, 0x04, 
0x01, 0x00, 0x14, 0x26, 0x01, 0x00, 0x20, 0x56, 0x02, 0x00, 0x40, 0x95, 0x68, 0x05, 0x00, 0x8c, 
0x04, 0x00, 0xcc, 0x04, 0x01, 0x00, 0x64, 0x0a, 0xfa, 0xff, 0x4f, 0x9a, 0x00, 0x00, 0x28, 0x04, 
0x91, 0xf8, 0x14, 0x04, 0x02, 0x00, 0x54, 0x11, 0x00, 0x00, 0x4d, 0xc5, 0x92, 0xf8, 0x14, 0x04, 
0x02, 0x00, 0x54, 0x11, 0x00, 0x00, 0x51, 0xc5, 0x20, 0x00, 0x10, 0x51, 0x11, 0x00, 0x0e, 0x7d, 
0x80, 0x4b, 0x0c, 0x04, 0x01, 0xc0, 0xe8, 0x7c, 0x40, 0x00, 0x24, 0x04, 0xcc, 0x4a, 0x19, 0xc4, 
0x01, 0x00, 0x98, 0x25, 0x1e, 0x80, 0x81, 0x7d, 0x07, 0x10, 0x40, 0xd8, 0x00, 0x00, 0xd5, 0xc4, 
0x01, 0x00, 0x54, 0x25, 0x0a, 0x40, 0x59, 0x7d, 0x05, 0x10, 0x40, 0xcd, 0x01, 0x00, 0x14, 0x26, 
0x01, 0x00, 0x20, 0x56, 0x0c, 0x00, 0x40, 0x95, 0x07, 0x10, 0x14, 0xc4, 0x00, 0x00, 0x00, 0x00, 
0x00, 0x00, 0x00, 0x00, 0x07, 0x10, 0x00, 0xd8, 0x00, 0x00, 0x00, 0x00, 0x00, 0x00, 0x00, 0x00, 
0x05, 0x10, 0x18, 0xc4, 0x00, 0x00, 0x00, 0x00, 0x0a, 0x40, 0x95, 0x7d, 0x02, 0x00, 0x40, 0x95, 
0x68, 0x05, 0x00, 0x8c, 0x04, 0x00, 0xcc, 0x04, 0x01, 0x00, 0x64, 0x0a, 0xf0, 0xff, 0x4f, 0x9a, 
0x93, 0xf8, 0x14, 0x04, 0x02, 0x00, 0x54, 0x11, 0x00, 0x00, 0x4d, 0xc5, 0x01, 0x00, 0x0e, 0x7c, 
0x80, 0x4c, 0x0c, 0x04, 0x01, 0xc0, 0xe8, 0x7c, 0x20, 0x00, 0x24, 0x04, 0x01, 0x00, 0x14, 0x26, 
0x01, 0x00, 0x20, 0x56, 0x04, 0x00, 0x40, 0x95, 0x05, 0x10, 0x14, 0xc4, 0x02, 0x00, 0x40, 0x95, 
0x68, 0x05, 0x00, 0x8c, 0x04, 0x00, 0xcc, 0x04, 0x01, 0x00, 0x64, 0x0a, 0xf8, 0xff, 0x4f, 0x9a, 
0x80, 0x4b, 0x14, 0x04, 0xe0, 0x4c, 0x18, 0x04, 0x02, 0x80, 0x95, 0x7d, 0x01, 0x80, 0x9a, 0x7e, 
0x08, 0x00, 0x2c, 0x04, 0x10, 0x40, 0xad, 0x7d, 0x0f, 0x80, 0x95, 0x7e, 0xc5, 0xff, 0x8f, 0x95, 
0x97, 0x06, 0x00, 0x8c, 0x5b, 0xff, 0x8f, 0x98, 0x33, 0x00, 0x42, 0xd8, 0x97, 0x06, 0x00, 0x8c, 
0x58, 0xff, 0x8f, 0x98, 0xfc, 0x04, 0x00, 0x8c, 0x14, 0x4a, 0x15, 0xc4, 0x0d, 0x00, 0x54, 0x15, 
0x01, 0x00, 0x54, 0x25, 0xfd, 0xff, 0x4f, 0x95, 0x83, 0x05, 0x00, 0x8c, 0x00, 0x00, 0x0c, 0x04, 
0x89, 0x05, 0x00, 0x8c, 0xe9, 0x00, 0xc0, 0xcc, 0xa1, 0x05, 0x00, 0x8c, 0x22, 0x00, 0x34, 0x04, 
0x55, 0x09, 0x00, 0x8c, 0x3c, 0x03, 0x00, 0x80, 0x00, 0x00, 0x00, 0x00, 0x00, 0x00, 0x00, 0x00, 
0x77, 0x00, 0x00, 0xcc, 0xe5, 0x07, 0x00, 0x8c, 0x8f, 0xf8, 0x14, 0x04, 0x02, 0x00, 0x54, 0x11, 
0x00, 0x00, 0x59, 0xc5, 0x08, 0x00, 0x94, 0x15, 0x03, 0x00, 0x54, 0x25, 0xe6, 0x00, 0x42, 0xcd, 
0x04, 0x00, 0x54, 0x05, 0xe5, 0x00, 0x42, 0xcd, 0x12, 0x01, 0x82, 0xd8, 0x11, 0x01, 0x82, 0xd8, 
0x03, 0x00, 0x0c, 0x04, 0x89, 0x05, 0x00, 0x8c, 0xe7, 0x00, 0xc0, 0xcc, 0xa1, 0x05, 0x00, 0x8c, 
0x24, 0x00, 0x34, 0x04, 0x55, 0x09, 0x00, 0x8c, 0x8c, 0xf8, 0x14, 0x04, 0x02, 0x00, 0x54, 0x11, 
0x00, 0x00, 0x4d, 0xc5, 0x8d, 0xf8, 0x14, 0x04, 0x02, 0x00, 0x54, 0x11, 0x00, 0x00, 0x51, 0xc5, 
0x20, 0x00, 0x10, 0x51, 0x11, 0xc0, 0x0d, 0x7d, 0x14, 0x05, 0x00, 0x8c, 0x94, 0xf8, 0x14, 0x04, 
0x02, 0x00, 0x54, 0x11, 0x00, 0x00, 0x4d, 0xc5, 0x95, 0xf8, 0x14, 0x04, 0x02, 0x00, 0x54, 0x11, 
0x00, 0x00, 0x51, 0xc5, 0x20, 0x00, 0x10, 0x51, 0x11, 0x00, 0x0e, 0x7d, 0x80, 0x49, 0x0c, 0x04, 
0x40, 0x00, 0x24, 0x04, 0x01, 0x00, 0x14, 0x26, 0x01, 0x00, 0x20, 0x56, 0x02, 0x00, 0x40, 0x95, 
0x24, 0x05, 0x00, 0x8c, 0x04, 0x00, 0xcc, 0x04, 0x01, 0x00, 0x64, 0x0a, 0xfa, 0xff, 0x4f, 0x9a, 
0x96, 0xf8, 0x14, 0x04, 0x02, 0x00, 0x54, 0x11, 0x00, 0x00, 0x4d, 0xc5, 0x97, 0xf8, 0x14, 0x04, 
0x02, 0x00, 0x54, 0x11, 0x00, 0x00, 0x51, 0xc5, 0x20, 0x00, 0x10, 0x51, 0x11, 0x00, 0x0e, 0x7d, 
0x80, 0x49, 0x0c, 0x04, 0x00, 0x01, 0xcc, 0x04, 0x40, 0x00, 0x24, 0x04, 0x01, 0x00, 0x14, 0x26, 
0x01, 0x00, 0x20, 0x56, 0x02, 0x00, 0x40, 0x95, 0x24, 0x05, 0x00, 0x8c, 0x04, 0x00, 0xcc, 0x04, 
0x01, 0x00, 0x64, 0x0a, 0xfa, 0xff, 0x4f, 0x9a, 0x00, 0x00, 0x28, 0x04, 0x91, 0xf8, 0x14, 0x04, 
0x02, 0x00, 0x54, 0x11, 0x00, 0x00, 0x4d, 0xc5, 0x92, 0xf8, 0x14, 0x04, 0x02, 0x00, 0x54, 0x11, 
0x00, 0x00, 0x51, 0xc5, 0x20, 0x00, 0x10, 0x51, 0x11, 0x00, 0x0e, 0x7d, 0x80, 0x4b, 0x0c, 0x04, 
0x01, 0xc0, 0xe8, 0x7c, 0x40, 0x00, 0x24, 0x04, 0x14, 0x4a, 0x19, 0xc4, 0x00, 0x10, 0x98, 0x25, 
0xfe, 0xff, 0x8f, 0x95, 0x01, 0x40, 0x41, 0x7c, 0x44, 0x10, 0x40, 0xcd, 0x01, 0x00, 0x54, 0x25, 
0xcc, 0x4a, 0x19, 0xc4, 0x01, 0x00, 0x98, 0x25, 0x1e, 0x80, 0x81, 0x7d, 0x0a, 0x40, 0x59, 0x7d, 
0x06, 0x10, 0x40, 0xcd, 0x01, 0x00, 0x20, 0x56, 0x76, 0x04, 0x00, 0x80, 0x01, 0x00, 0x14, 0x26, 
0x01, 0x00, 0x20, 0x56, 0x05, 0x00, 0x40, 0x95, 0x06, 0x10, 0x14, 0xc4, 0x00, 0x00, 0x00, 0x00, 
0x02, 0x00, 0x40, 0x95, 0x24, 0x05, 0x00, 0x8c, 0x04, 0x00, 0xcc, 0x04, 0x01, 0x00, 0x64, 0x0a, 
0xf7, 0xff, 0x4f, 0x9a, 0x93, 0xf8, 0x14, 0x04, 0x02, 0x00, 0x54, 0x11, 0x00, 0x00, 0x4d, 0xc5, 
0x01, 0x00, 0x0e, 0x7c, 0x80, 0x4c, 0x0c, 0x04, 0x01, 0xc0, 0xe8, 0x7c, 0x20, 0x00, 0x24, 0x04, 
0x01, 0x00, 0x14, 0x26, 0x01, 0x00, 0x20, 0x56, 0x04, 0x00, 0x40, 0x95, 0x06, 0x10, 0x14, 0xc4, 
0x02, 0x00, 0x40, 0x95, 0x24, 0x05, 0x00, 0x8c, 0x04, 0x00, 0xcc, 0x04, 0x01, 0x00, 0x64, 0x0a, 
0xf8, 0xff, 0x4f, 0x9a, 0x00, 0x00, 0x00, 0x00, 0x44, 0x10, 0x14, 0xc4, 0x80, 0x4b, 0x0c, 0x04, 
0x01, 0xc0, 0xe8, 0x7c, 0x03, 0x00, 0x80, 0x9a, 0x45, 0x10, 0x40, 0xcd, 0x91, 0x04, 0x00, 0x80, 
0x00, 0x00, 0x4d, 0xcd, 0x00, 0x00, 0x00, 0x00, 0x80, 0x4b, 0x14, 0x04, 0xe0, 0x4c, 0x18, 0x04, 
0x02, 0x80, 0x95, 0x7d, 0x01, 0x80, 0x9a, 0x7e, 0x08, 0x00, 0x2c, 0x04, 0x10, 0x40, 0xad, 0x7d, 
0x0f, 0x80, 0x95, 0x7e, 0xbe, 0xff, 0x8f, 0x95, 0x87, 0x06, 0x00, 0x8c, 0xc5, 0xfe, 0x8f, 0x98, 
0x40, 0x05, 0x00, 0x8c, 0x83, 0x05, 0x00, 0x8c, 0x00, 0x00, 0x0c, 0x04, 0x89, 0x05, 0x00, 0x8c, 
0xea, 0x00, 0xc0, 0xcc, 0xa1, 0x05, 0x00, 0x8c, 0x25, 0x00, 0x34, 0x04, 0x55, 0x09, 0x00, 0x8c, 
0x3c, 0x03, 0x00, 0x80, 0xe5, 0x07, 0x00, 0x8c, 0x04, 0x00, 0x0c, 0x04, 0x89, 0x05, 0x00, 0x8c, 
0xe7, 0x00, 0xc0, 0xcc, 0xa1, 0x05, 0x00, 0x8c, 0x26, 0x00, 0x34, 0x04, 0x55, 0x09, 0x00, 0x8c, 
0xe5, 0x00, 0x02, 0xd8, 0xe6, 0x00, 0x02, 0xd8, 0x12, 0x01, 0x42, 0xd8, 0x11, 0x01, 0x42, 0xd8, 
0x77, 0x00, 0x00, 0xcc, 0x10, 0x00, 0x14, 0x04, 0x40, 0x09, 0x00, 0x8c, 0x83, 0x05, 0x00, 0x8c, 
0x00, 0x00, 0x0c, 0x04, 0x89, 0x05, 0x00, 0x8c, 0xeb, 0x00, 0xc0, 0xcc, 0xa1, 0x05, 0x00, 0x8c, 
0x99, 0xf8, 0x14, 0x04, 0x02, 0x00, 0x54, 0x11, 0x00, 0x00, 0x59, 0xc5, 0x0f, 0x00, 0x98, 0x25, 
0x04, 0x00, 0x94, 0x09, 0xfb, 0xff, 0x4f, 0x95, 0x02, 0x00, 0x14, 0x04, 0x40, 0x09, 0x00, 0x8c, 
0x7b, 0x00, 0x00, 0xcc, 0x74, 0x01, 0x00, 0xd8, 0x76, 0x01, 0x00, 0xd8, 0x3c, 0x03, 0x00, 0x80, 
0xe7, 0x07, 0x00, 0x8c, 0x0a, 0x00, 0x34, 0x04, 0x55, 0x09, 0x00, 0x8c, 0x05, 0x00, 0x0c, 0x04, 
0x95, 0x05, 0x00, 0x8c, 0xe7, 0x00, 0xc0, 0xcc, 0xa1, 0x05, 0x00, 0x8c, 0x02, 0x00, 0x14, 0x04, 
0x40, 0x09, 0x00, 0x8c, 0x14, 0x4a, 0x15, 0xc4, 0x0d, 0x00, 0x58, 0x15, 0x01, 0x00, 0x94, 0x25, 
0xfd, 0xff, 0x4f, 0x95, 0x0b, 0x00, 0x34, 0x04, 0x55, 0x09, 0x00, 0x8c, 0x00, 0x00, 0x0c, 0x04, 
0x95, 0x05, 0x00, 0x8c, 0xe9, 0x00, 0xc0, 0xcc, 0xa1, 0x05, 0x00, 0x8c, 0xe5, 0x00, 0x02, 0xd8, 
0xe6, 0x00, 0x02, 0xd8, 0x12, 0x01, 0x42, 0xd8, 0x11, 0x01, 0x42, 0xd8, 0x77, 0x00, 0x00, 0xcc, 
0x74, 0x01, 0x00, 0xd8, 0x76, 0x01, 0x00, 0xd8, 0x01, 0x00, 0x54, 0x05, 0xde, 0x04, 0x00, 0x80, 
0x9b, 0x00, 0x40, 0xd8, 0x6b, 0x00, 0x40, 0xd8, 0x64, 0x00, 0x00, 0xcc, 0x01, 0x00, 0x14, 0x04, 
0x40, 0x09, 0x00, 0x8c, 0x2c, 0x4a, 0x15, 0xc4, 0x20, 0x00, 0x58, 0x25, 0xfc, 0xff, 0x8f, 0x95, 
0x30, 0x00, 0x00, 0xcc, 0x01, 0x00, 0x14, 0x04, 0x40, 0x09, 0x00, 0x8c, 0xf2, 0x02, 0x00, 0xcc, 
0x6b, 0x00, 0x00, 0xcc, 0x30, 0x00, 0x40, 0xd8, 0x00, 0x00, 0x00, 0x90, 0x00, 0x40, 0xc0, 0xdd, 
0x0c, 0xf1, 0x1c, 0x04, 0x02, 0x00, 0xdc, 0x11, 0x06, 0x00, 0x80, 0x94, 0x00, 0x00, 0xd5, 0xc5, 
0x00, 0xff, 0x18, 0x04, 0x10, 0x00, 0x98, 0x11, 0x77, 0x10, 0x40, 0xcd, 0xf9, 0x04, 0x00, 0x80, 
0x77, 0x10, 0x18, 0xc4, 0x00, 0x00, 0x9d, 0xcd, 0x00, 0x00, 0x1c, 0xdc, 0x00, 0x00, 0x00, 0x90, 
0x00, 0x40, 0x00, 0xde, 0x00, 0x40, 0x80, 0xde, 0x80, 0x4b, 0x14, 0x04, 0xe0, 0x4c, 0x18, 0x04, 
0x02, 0x00, 0x96, 0x7d, 0x08, 0x00, 0x14, 0x04, 0x10, 0x80, 0x16, 0x7e, 0x00, 0x00, 0x08, 0x04, 
0x80, 0x4b, 0x95, 0xc4, 0xa8, 0x4b, 0x99, 0xc4, 0xac, 0x4c, 0x09, 0xcc, 0xc0, 0x4b, 0x09, 0xcc, 
0x01, 0x00, 0x54, 0x15, 0x01, 0x00, 0x54, 0x11, 0x01, 0x00, 0x98, 0x15, 0x01, 0x00, 0x98, 0x11, 
0x80, 0x4b, 0x49, 0xcd, 0xa8, 0x4b, 0x89, 0xcd, 0x01, 0x80, 0xa0, 0x7c, 0x0f, 0x80, 0xa9, 0x7c, 
0xf4, 0xff, 0x8f, 0x95, 0x00, 0x00, 0x28, 0xdc, 0x00, 0x00, 0x20, 0xdc, 0x00, 0x00, 0x00, 0x90, 
0x70, 0x59, 0x01, 0xcc, 0x7c, 0x59, 0x01, 0xcc, 0x9a, 0x00, 0x00, 0xd8, 0x00, 0x00, 0xc8, 0x05, 
0x20, 0x00, 0xcc, 0x55, 0x74, 0x59, 0x81, 0xcc, 0x00, 0x00, 0x00, 0x00, 0x78, 0x59, 0xc1, 0xcc, 
0x70, 0x59, 0x01, 0xcc, 0x80, 0x03, 0x14, 0x04, 0x7c, 0x59, 0x41, 0xcd, 0x3c, 0x00, 0x00, 0xcc, 
0xf0, 0x59, 0x01, 0xcc, 0xf4, 0x59, 0x01, 0xcc, 0x42, 0x00, 0x00, 0xcc, 0x00, 0x00, 0x00, 0x90, 
0x14, 0x4a, 0x19, 0xc4, 0x00, 0x10, 0x98, 0x25, 0xfe, 0xff, 0x8f, 0x95, 0x87, 0x06, 0x00, 0x8c, 
0x38, 0xfe, 0x8f, 0x98, 0x01, 0x40, 0x41, 0x7c, 0xa8, 0x4b, 0xd8, 0x30, 0x0b, 0x00, 0x80, 0x99, 
0xb4, 0x4b, 0xd8, 0x30, 0x0b, 0x00, 0x80, 0x99, 0xb8, 0x4b, 0xd8, 0x30, 0x0b, 0x00, 0x80, 0x99, 
0xbc, 0x4b, 0xd8, 0x30, 0x0b, 0x00, 0x80, 0x99, 0xb0, 0x4b, 0xd8, 0x30, 0x0b, 0x00, 0x80, 0x99, 
0x00, 0x00, 0x4d, 0xcd, 0x00, 0x00, 0x00, 0x90, 0x4a, 0x10, 0x40, 0xcd, 0x00, 0x00, 0x00, 0x90, 
0x49, 0x10, 0x40, 0xcd, 0x00, 0x00, 0x00, 0x90, 0x48, 0x10, 0x40, 0xcd, 0x00, 0x00, 0x00, 0x90, 
0x47, 0x10, 0x40, 0xcd, 0x00, 0x00, 0x00, 0x90, 0x46, 0x10, 0x40, 0xcd, 0x00, 0x00, 0x00, 0x90, 
0x84, 0x00, 0x14, 0xc4, 0xff, 0xff, 0x4f, 0x99, 0x30, 0x00, 0x00, 0xd8, 0x01, 0x00, 0x14, 0x04, 
0x40, 0x09, 0x00, 0x8c, 0x30, 0x00, 0x40, 0xd8, 0x9a, 0x00, 0x40, 0xd8, 0x4a, 0x10, 0x14, 0xc4, 
0xa8, 0x4b, 0x41, 0xcd, 0x49, 0x10, 0x14, 0xc4, 0xb4, 0x4b, 0x41, 0xcd, 0x48, 0x10, 0x14, 0xc4, 
0xb8, 0x4b, 0x41, 0xcd, 0x47, 0x10, 0x14, 0xc4, 0xbc, 0x4b, 0x41, 0xcd, 0x46, 0x10, 0x14, 0xc4, 
0xb0, 0x4b, 0x41, 0xcd, 0x45, 0x10, 0x14, 0xc4, 0x80, 0x4b, 0x41, 0xcd, 0x01, 0x00, 0x14, 0x04, 
0x40, 0x09, 0x00, 0x8c, 0x85, 0x00, 0x00, 0xcc, 0x00, 0x00, 0x00, 0x90, 0x01, 0x40, 0xc1, 0x7d, 
0x20, 0x00, 0xd8, 0x55, 0x1f, 0x00, 0x6c, 0x25, 0x02, 0x00, 0xc0, 0x96, 0x03, 0x00, 0x2c, 0x04, 
0x37, 0x00, 0xc2, 0xce, 0x52, 0x00, 0x42, 0xcd, 0x53, 0x00, 0x82, 0xcd, 0x00, 0x00, 0x00, 0x00, 
0x00, 0x00, 0x00, 0x00, 0x00, 0x00, 0x16, 0xc4, 0x03, 0x00, 0xc0, 0x96, 0x00, 0x00, 0x2c, 0x04, 
0x37, 0x00, 0xc2, 0xce, 0x00, 0x00, 0x4d, 0xcd, 0x04, 0x00, 0xdc, 0x45, 0x00, 0x00, 0x00, 0x90, 
0x1f, 0x00, 0xd4, 0x25, 0x1c, 0x00, 0x58, 0x31, 0x03, 0x00, 0x80, 0x95, 0x97, 0x06, 0x00, 0x8c, 
0xf4, 0xfd, 0x8f, 0x98, 0x01, 0x40, 0xc1, 0x7d, 0x20, 0x00, 0xd8, 0x55, 0x00, 0x00, 0xed, 0xc4, 
0x43, 0x00, 0x42, 0xd8, 0x39, 0x00, 0x42, 0xcd, 0x3b, 0x00, 0xc2, 0xce, 0x3a, 0x00, 0x82, 0xcd, 
0x1f, 0x00, 0xd4, 0x25, 0x1c, 0x00, 0x58, 0x31, 0x03, 0x00, 0x80, 0x95, 0x97, 0x06, 0x00, 0x8c, 
0xe8, 0xfd, 0x8f, 0x98, 0x04, 0x00, 0xdc, 0x45, 0x00, 0x00, 0x00, 0x90, 0xff, 0x00, 0x14, 0x04, 
0xd0, 0x4a, 0x41, 0xcd, 0xd0, 0x4a, 0x15, 0xc4, 0xff, 0xff, 0x4f, 0x95, 0xd0, 0x4a, 0x01, 0xcc, 
0xd0, 0x4a, 0x15, 0xc4, 0xff, 0xff, 0x4f, 0x99, 0x00, 0x00, 0x00, 0x90, 0x7c, 0x00, 0x14, 0xc4, 
0x0f, 0x00, 0x18, 0x04, 0x1e, 0x80, 0x81, 0x7d, 0x09, 0x40, 0x59, 0x7d, 0x7a, 0x00, 0x40, 0xcd, 
0x00, 0x00, 0x00, 0x90, 0x60, 0x4a, 0x15, 0xc4, 0x03, 0x00, 0x58, 0x25, 0xc0, 0xfb, 0x08, 0x04, 
0x08, 0x00, 0x80, 0x95, 0xc1, 0xfb, 0x08, 0x04, 0x01, 0x00, 0x94, 0x31, 0x05, 0x00, 0x40, 0x99, 
0xc2, 0xfb, 0x08, 0x04, 0x02, 0x00, 0x94, 0x31, 0x02, 0x00, 0x40, 0x99, 0xc3, 0xfb, 0x08, 0x04, 
0x00, 0x00, 0x00, 0x90, 0x60, 0x4a, 0x15, 0xc4, 0x03, 0x00, 0x58, 0x25, 0x18, 0xfb, 0x08, 0x04, 
0x08, 0x00, 0x80, 0x95, 0x19, 0xfb, 0x08, 0x04, 0x01, 0x00, 0x94, 0x31, 0x05, 0x00, 0x40, 0x99, 
0x1a, 0xfb, 0x08, 0x04, 0x02, 0x00, 0x94, 0x31, 0x02, 0x00, 0x40, 0x99, 0x1b, 0xfb, 0x08, 0x04, 
0x00, 0x00, 0x00, 0x90, 0x14, 0x4a, 0x15, 0xc4, 0x0e, 0x00, 0x54, 0x15, 0x01, 0x00, 0x54, 0x25, 
0xfd, 0xff, 0x4f, 0x95, 0x8e, 0x00, 0x00, 0xcc, 0xd5, 0x00, 0x00, 0xcc, 0x5b, 0x00, 0x80, 0xcc, 
0xcd, 0x00, 0x80, 0xd8, 0xd3, 0x00, 0xc0, 0xd8, 0x5c, 0x00, 0xc0, 0xcc, 0x8f, 0x00, 0x00, 0xcc, 
0x00, 0x00, 0x00, 0x90, 0x00, 0x00, 0x00, 0x00, 0xf8, 0x4a, 0x09, 0xc4, 0x1f, 0x00, 0x94, 0x14, 
0x04, 0x00, 0x40, 0x95, 0x01, 0x00, 0x94, 0x24, 0x03, 0x00, 0x40, 0x99, 0xdc, 0x05, 0x00, 0x80, 
0x00, 0x00, 0x00, 0x90, 0x99, 0x00, 0x40, 0xd8, 0x9b, 0x00, 0x40, 0xd8, 0x9a, 0x00, 0x40, 0xd8, 
0xf0, 0x02, 0x40, 0xd8, 0x01, 0x00, 0x14, 0x04, 0x40, 0x09, 0x00, 0x8c, 0x84, 0x00, 0x14, 0xc4, 
0xff, 0xff, 0x4f, 0x99, 0x14, 0x4a, 0x15, 0xc4, 0x0d, 0x00, 0x58, 0x15, 0x01, 0x00, 0x98, 0x25, 
0xfb, 0xff, 0x8f, 0x95, 0x58, 0x4b, 0x15, 0xc4, 0x30, 0x03, 0x58, 0x25, 0xf8, 0xff, 0x8f, 0x99, 
0xf8, 0x4a, 0x09, 0xc4, 0x01, 0x00, 0x14, 0x04, 0x1e, 0x00, 0x54, 0x11, 0x0a, 0x80, 0x48, 0x7d, 
0xf8, 0x4a, 0x81, 0xcc, 0x01, 0x00, 0x14, 0x04, 0x40, 0x09, 0x00, 0x8c, 0xf8, 0x4a, 0x09, 0xc4, 
0x1f, 0x00, 0x94, 0x14, 0xfe, 0xff, 0x4f, 0x99, 0x02, 0x00, 0x98, 0x10, 0x02, 0x00, 0x88, 0x15, 
0xf8, 0x4a, 0x81, 0xcc, 0x09, 0x10, 0x40, 0xd8, 0x74, 0x01, 0x40, 0xd8, 0x75, 0x01, 0x40, 0xd8, 
0x76, 0x01, 0x40, 0xd8, 0x77, 0x01, 0x40, 0xd8, 0x99, 0x00, 0x00, 0xd8, 0x9b, 0x00, 0x00, 0xd8, 
0x9a, 0x00, 0x00, 0xd8, 0xeb, 0x06, 0x00, 0x8c, 0xf0, 0x02, 0x00, 0xd8, 0xb4, 0x05, 0x00, 0x80, 
0xf8, 0x4a, 0x09, 0xc4, 0x01, 0x00, 0x14, 0x04, 0x1e, 0x00, 0x54, 0x11, 0x0a, 0x80, 0x48, 0x7d, 
0xf8, 0x4a, 0x81, 0xcc, 0x09, 0x10, 0x00, 0xd8, 0x74, 0x01, 0x00, 0xd8, 0x75, 0x01, 0x00, 0xd8, 
0x76, 0x01, 0x00, 0xd8, 0x77, 0x01, 0x00, 0xd8, 0x01, 0x00, 0x14, 0x04, 0x40, 0x09, 0x00, 0x8c, 
0xf8, 0x4a, 0x09, 0xc4, 0x1f, 0x00, 0x94, 0x14, 0xfe, 0xff, 0x4f, 0x99, 0x02, 0x00, 0x98, 0x10, 
0x02, 0x00, 0x88, 0x15, 0xf8, 0x4a, 0x81, 0xcc, 0xb4, 0x05, 0x00, 0x80, 0x00, 0x40, 0xc0, 0xdd, 
0x00, 0x40, 0x00, 0xde, 0x00, 0x40, 0x40, 0xde, 0x00, 0x40, 0x80, 0xde, 0xf0, 0x49, 0x15, 0xc4, 
0x0a, 0x00, 0x54, 0x15, 0x01, 0x00, 0x54, 0x25, 0x36, 0x00, 0x40, 0x95, 0x22, 0x20, 0x1c, 0x04, 
0x10, 0xc8, 0x20, 0x04, 0x60, 0x4a, 0x15, 0xc4, 0x03, 0x00, 0x58, 0x25, 0x9f, 0xc8, 0x24, 0x04, 
0x01, 0x00, 0x28, 0x04, 0x10, 0x00, 0xa8, 0x12, 0x0e, 0x00, 0x80, 0x95, 0xa0, 0xc8, 0x24, 0x04, 
0x02, 0x00, 0x28, 0x04, 0x10, 0x00, 0xa8, 0x12, 0x01, 0x00, 0x94, 0x31, 0x09, 0x00, 0x40, 0x99, 
0xa1, 0xc8, 0x24, 0x04, 0x04, 0x00, 0x28, 0x04, 0x10, 0x00, 0xa8, 0x12, 0x02, 0x00, 0x94, 0x31, 
0x04, 0x00, 0x40, 0x99, 0xa2, 0xc8, 0x24, 0x04, 0x08, 0x00, 0x28, 0x04, 0x10, 0x00, 0xa8, 0x12, 
0xd5, 0x00, 0x00, 0xcc, 0x8f, 0x00, 0x00, 0xcc, 0x14, 0x4a, 0x15, 0xc4, 0x0e, 0x00, 0x54, 0x15, 
0x01, 0x00, 0x54, 0x25, 0xfd, 0xff, 0x4f, 0x95, 0x5b, 0x00, 0xc0, 0xcd, 0xcd, 0x00, 0x80, 0xd8, 
0xd3, 0x00, 0xc0, 0xd8, 0x5c, 0x00, 0x00, 0xcc, 0x02, 0x00, 0x14, 0x04, 0x40, 0x09, 0x00, 0x8c, 
0x14, 0x4a, 0x15, 0xc4, 0x0e, 0x00, 0x54, 0x15, 0x01, 0x00, 0x54, 0x25, 0xfb, 0xff, 0x4f, 0x95, 
0x5b, 0x00, 0x40, 0xce, 0xcd, 0x00, 0x80, 0xd8, 0xd3, 0x00, 0xc0, 0xd8, 0x5c, 0x00, 0x80, 0xcc, 
0x02, 0x00, 0x14, 0x04, 0x40, 0x09, 0x00, 0x8c, 0x14, 0x4a, 0x15, 0xc4, 0x0e, 0x00, 0x54, 0x15, 
0x01, 0x00, 0x54, 0x25, 0xfd, 0xff, 0x4f, 0x95, 0x5b, 0x00, 0x00, 0xce, 0xcd, 0x00, 0x80, 0xd8, 
0xd3, 0x00, 0xc0, 0xd8, 0x5c, 0x00, 0x80, 0xce, 0x02, 0x00, 0x14, 0x04, 0x40, 0x09, 0x00, 0x8c, 
0x00, 0x00, 0x28, 0xdc, 0x00, 0x00, 0x24, 0xdc, 0x00, 0x00, 0x20, 0xdc, 0x00, 0x00, 0x1c, 0xdc, 
0x00, 0x00, 0x00, 0x90, 0x00, 0x00, 0x00, 0x00, 0xb8, 0x49, 0x15, 0xc4, 0x1f, 0x00, 0x54, 0x15, 
0x25, 0x00, 0x40, 0x99, 0x3c, 0x06, 0x00, 0x80, 0x7c, 0x00, 0x14, 0xc4, 0x0f, 0x00, 0x58, 0x25, 
0x06, 0x00, 0x88, 0x31, 0x04, 0x00, 0x80, 0x98, 0x10, 0x00, 0x58, 0x25, 0x02, 0x00, 0x80, 0x99, 
0x3a, 0x01, 0x40, 0xd8, 0x00, 0x08, 0x00, 0x8c, 0x81, 0x07, 0x00, 0x8c, 0xc2, 0x07, 0x00, 0x8c, 
0xb8, 0x49, 0x15, 0xc4, 0x1f, 0x00, 0x54, 0x15, 0xf4, 0xff, 0x4f, 0x95, 0x3a, 0x01, 0x00, 0xd8, 
0xb8, 0x49, 0x15, 0xc4, 0x1f, 0x00, 0x54, 0x15, 0xf0, 0xff, 0x4f, 0x95, 0x3a, 0x01, 0x00, 0xd8, 
0x0c, 0x08, 0x00, 0x8c, 0x01, 0x00, 0x14, 0x04, 0x40, 0x09, 0x00, 0x8c, 0x6b, 0x00, 0x40, 0xd8, 
0x64, 0x00, 0x00, 0xcc, 0x01, 0x00, 0x14, 0x04, 0x40, 0x09, 0x00, 0x8c, 0x2c, 0x4a, 0x15, 0xc4, 
0x20, 0x00, 0x54, 0x25, 0xfe, 0xff, 0x4f, 0x95, 0x30, 0x00, 0x00, 0xcc, 0x01, 0x00, 0x14, 0x04, 
0x40, 0x09, 0x00, 0x8c, 0xf2, 0x02, 0x00, 0xcc, 0xf6, 0x02, 0x00, 0xcc, 0x6b, 0x00, 0x00, 0xcc, 
0x30, 0x00, 0x40, 0xd8, 0x00, 0x00, 0x00, 0x90, 0x00, 0x00, 0x14, 0x04, 0x60, 0x4a, 0x09, 0xc4, 
0x10, 0x00, 0x8c, 0x14, 0x0f, 0x00, 0xcc, 0x24, 0x02, 0x00, 0xc8, 0x30, 0x0a, 0x80, 0x94, 0x7c, 
0x38, 0x02, 0x0c, 0xc4, 0x0a, 0x80, 0x8c, 0x7c, 0x00, 0x00, 0x00, 0x90, 0x6c, 0x00, 0x14, 0xc4, 
0x01, 0x00, 0x48, 0x25, 0x21, 0x00, 0x80, 0x94, 0xca, 0x00, 0x40, 0xd8, 0x74, 0x07, 0x00, 0x8c, 
0x00, 0x01, 0x08, 0x04, 0x46, 0x07, 0x00, 0x8c, 0x18, 0x5a, 0x01, 0xcc, 0xf0, 0x49, 0x15, 0xc4, 
0x1f, 0x00, 0x54, 0x15, 0x17, 0x00, 0x40, 0x95, 0x34, 0x00, 0x38, 0x04, 0x64, 0x02, 0x80, 0xcf, 
0xec, 0x59, 0x15, 0xc4, 0x68, 0x02, 0x40, 0xcd, 0x69, 0x02, 0x00, 0xcc, 0x68, 0x00, 0x08, 0xc4, 
0x08, 0x00, 0xac, 0x10, 0x40, 0x59, 0x0d, 0xc4, 0x14, 0x00, 0xcc, 0x14, 0xf0, 0x00, 0xcc, 0x24, 
0x01, 0xc0, 0xce, 0x7e, 0x8e, 0xf8, 0x14, 0x04, 0x02, 0x00, 0x54, 0x11, 0x00, 0x00, 0x59, 0xc5, 
0x1f, 0x00, 0x94, 0x15, 0x05, 0x00, 0x40, 0x95, 0x1f, 0x00, 0x54, 0x11, 0x01, 0xc0, 0xd6, 0x7e, 
0x0f, 0x00, 0x94, 0x25, 0x01, 0xc0, 0xd6, 0x7e, 0x6c, 0x02, 0xc0, 0xce, 0x6b, 0x07, 0x00, 0x8c, 
0x01, 0x00, 0x08, 0x04, 0x14, 0x00, 0x34, 0x04, 0x00, 0x00, 0x00, 0x90, 0x00, 0x40, 0xc0, 0xdd, 
0x03, 0x00, 0x14, 0x04, 0x40, 0x09, 0x00, 0x8c, 0x84, 0x00, 0x14, 0xc4, 0xfd, 0xff, 0x4f, 0x99, 
0x14, 0x4a, 0x15, 0xc4, 0x19, 0x00, 0x54, 0x15, 0x01, 0x00, 0x54, 0x25, 0xf9, 0xff, 0x4f, 0x95, 
0x6c, 0x00, 0x1c, 0xc4, 0x84, 0x42, 0xdc, 0x25, 0x02, 0x00, 0xc0, 0x95, 0xa4, 0x06, 0x00, 0x8c, 
0x01, 0x80, 0xc0, 0x7d, 0x00, 0x00, 0x1c, 0xdc, 0x00, 0x00, 0x00, 0x90, 0x00, 0x40, 0xc0, 0xdd, 
0x84, 0x4a, 0x15, 0xc4, 0x0f, 0x00, 0x58, 0x15, 0x01, 0x00, 0x94, 0x25, 0xfd, 0xff, 0x4f, 0x95, 
0x00, 0x00, 0x00, 0x00, 0x6c, 0x00, 0x1c, 0xc4, 0x84, 0x42, 0xdc, 0x25, 0x02, 0x00, 0xc0, 0x95, 
0xa4, 0x06, 0x00, 0x8c, 0x01, 0x80, 0xc0, 0x7d, 0x00, 0x00, 0x1c, 0xdc, 0x00, 0x00, 0x00, 0x90, 
0x00, 0x40, 0xc0, 0xdd, 0x00, 0x40, 0x00, 0xde, 0x00, 0x40, 0x80, 0xde, 0x6c, 0x00, 0x14, 0xc4, 
0x00, 0x02, 0x54, 0x25, 0x1c, 0x00, 0x40, 0x95, 0x50, 0x02, 0x20, 0xc4, 0x40, 0x02, 0x00, 0xce, 
0x18, 0x00, 0x00, 0x96, 0xf0, 0x49, 0x29, 0xc4, 0x0d, 0x00, 0x94, 0x16, 0x01, 0x00, 0x54, 0x25, 
0x05, 0x00, 0x40, 0x95, 0x3f, 0x00, 0x14, 0x26, 0x03, 0x00, 0x40, 0x95, 0x3c, 0x00, 0x38, 0x04, 
0xd8, 0x06, 0x00, 0x8c, 0x0b, 0x00, 0x94, 0x16, 0x01, 0x00, 0x54, 0x25, 0x05, 0x00, 0x40, 0x95, 
0xc0, 0x0f, 0x14, 0x26, 0x03, 0x00, 0x40, 0x95, 0x3a, 0x00, 0x38, 0x04, 0xd8, 0x06, 0x00, 0x8c, 
0x0c, 0x00, 0x94, 0x16, 0x01, 0x00, 0x54, 0x25, 0x06, 0x00, 0x40, 0x95, 0x0c, 0x00, 0x14, 0x16, 
0x3f, 0x00, 0x54, 0x25, 0x03, 0x00, 0x40, 0x95, 0x3b, 0x00, 0x38, 0x04, 0xd8, 0x06, 0x00, 0x8c, 
0x00, 0x00, 0x00, 0x00, 0x6c, 0x00, 0x14, 0xc4, 0x04, 0x00, 0x54, 0x25, 0x03, 0x00, 0x40, 0x95, 
0x3d, 0x00, 0x38, 0x04, 0xd8, 0x06, 0x00, 0x8c, 0x6c, 0x00, 0x14, 0xc4, 0x80, 0x00, 0x54, 0x25, 
0x08, 0x00, 0x40, 0x95, 0x48, 0x4a, 0x15, 0xc4, 0x04, 0x00, 0x54, 0x25, 0x03, 0x00, 0x40, 0x95, 
0x3e, 0x00, 0x38, 0x04, 0xd8, 0x06, 0x00, 0x8c, 0x3f, 0x00, 0x14, 0x04, 0xe0, 0x02, 0x40, 0xcd, 
0x00, 0x00, 0x28, 0xdc, 0x00, 0x00, 0x20, 0xdc, 0x00, 0x00, 0x1c, 0xdc, 0x00, 0x00, 0x00, 0x90, 
0x64, 0x02, 0x80, 0xcf, 0x68, 0x02, 0x00, 0xcc, 0x07, 0x00, 0x14, 0x04, 0x69, 0x02, 0x40, 0xcd, 
0x8f, 0xf8, 0x14, 0x04, 0x02, 0x00, 0x58, 0x11, 0x00, 0x00, 0x95, 0xc5, 0xf0, 0x00, 0x54, 0x25, 
0x6c, 0x02, 0x40, 0xcd, 0x6b, 0x07, 0x00, 0x8c, 0x00, 0x00, 0x00, 0x90, 0x67, 0x07, 0x00, 0x8c, 
0x84, 0x00, 0x14, 0xc4, 0xfe, 0xff, 0x4f, 0x99, 0x14, 0x4a, 0x15, 0xc4, 0x19, 0x00, 0x54, 0x15, 
0x01, 0x00, 0x54, 0x25, 0xfa, 0xff, 0x4f, 0x95, 0x00, 0x00, 0x00, 0x90, 0x7c, 0x59, 0x15, 0xc4, 
0x05, 0x00, 0x40, 0x95, 0x68, 0x59, 0x15, 0xc4, 0x01, 0x00, 0x54, 0x25, 0x02, 0x00, 0x40, 0x95, 
0x42, 0x00, 0x00, 0xcc, 0x00, 0x00, 0x00, 0x90, 0x54, 0x4c, 0x41, 0xd8, 0x00, 0x00, 0x00, 0x00, 
0xb4, 0x4d, 0x41, 0xd8, 0x00, 0x00, 0x00, 0x00, 0x14, 0x4f, 0x41, 0xd8, 0x00, 0x00, 0x00, 0x00, 
0x74, 0x50, 0x41, 0xd8, 0x00, 0x00, 0x00, 0x00, 0xd4, 0x51, 0x41, 0xd8, 0x00, 0x00, 0x00, 0x00, 
0x34, 0x53, 0x41, 0xd8, 0x00, 0x00, 0x00, 0x00, 0x94, 0x54, 0x41, 0xd8, 0x00, 0x00, 0x00, 0x00, 
0xf4, 0x55, 0x41, 0xd8, 0x00, 0x00, 0x00, 0x90, 0x54, 0x4c, 0x01, 0xd8, 0x00, 0x00, 0x00, 0x00, 
0xb4, 0x4d, 0x01, 0xd8, 0x00, 0x00, 0x00, 0x00, 0x14, 0x4f, 0x01, 0xd8, 0x00, 0x00, 0x00, 0x00, 
0x74, 0x50, 0x01, 0xd8, 0x00, 0x00, 0x00, 0x00, 0xd4, 0x51, 0x01, 0xd8, 0x00, 0x00, 0x00, 0x00, 
0x34, 0x53, 0x01, 0xd8, 0x00, 0x00, 0x00, 0x00, 0x94, 0x54, 0x01, 0xd8, 0x00, 0x00, 0x00, 0x00, 
0xf4, 0x55, 0x01, 0xd8, 0x00, 0x00, 0x00, 0x90, 0xf2, 0x06, 0x00, 0x8c, 0xb1, 0x00, 0x00, 0xcc, 
0x10, 0x00, 0x14, 0x04, 0x40, 0x09, 0x00, 0x8c, 0x6c, 0x00, 0x14, 0xc4, 0x00, 0x02, 0x54, 0x25, 
0x03, 0x00, 0x40, 0x95, 0xac, 0x08, 0x00, 0x8c, 0x40, 0x02, 0x00, 0xcd, 0x6c, 0x00, 0x14, 0xc4, 
0x04, 0x00, 0x54, 0x25, 0x03, 0x00, 0x40, 0x95, 0x3d, 0x00, 0x38, 0x04, 0x07, 0x09, 0x00, 0x8c, 
0x6c, 0x00, 0x14, 0xc4, 0x08, 0x00, 0x54, 0x25, 0x03, 0x00, 0x40, 0x95, 0x3e, 0x00, 0x38, 0x04, 
0x79, 0x07, 0x00, 0x8c, 0x84, 0x00, 0x14, 0xc4, 0xf0, 0xff, 0x4f, 0x99, 0x14, 0x4a, 0x15, 0xc4, 
0x19, 0x00, 0x54, 0x15, 0x01, 0x00, 0x54, 0x25, 0xec, 0xff, 0x4f, 0x95, 0x02, 0x07, 0x00, 0x8c, 
0x00, 0x00, 0x00, 0x90, 0x00, 0x00, 0x08, 0x04, 0xc1, 0x01, 0x18, 0xc4, 0x01, 0x00, 0x94, 0x25, 
0x04, 0x00, 0x40, 0x95, 0xc2, 0x01, 0x14, 0xc4, 0xa2, 0x01, 0x40, 0xcd, 0x00, 0x20, 0x08, 0x28, 
0x02, 0x00, 0x94, 0x25, 0x04, 0x00, 0x40, 0x95, 0x00, 0x20, 0x88, 0x28, 0xc3, 0x01, 0x14, 0xc4, 
0xa2, 0x01, 0x40, 0xcd, 0x04, 0x00, 0x94, 0x25, 0x04, 0x00, 0x40, 0x95, 0x00, 0x20, 0x88, 0x28, 
0xc4, 0x01, 0x14, 0xc4, 0xa2, 0x01, 0x40, 0xcd, 0x08, 0x00, 0x94, 0x25, 0x04, 0x00, 0x40, 0x95, 
0x00, 0x20, 0x88, 0x28, 0xc5, 0x01, 0x14, 0xc4, 0xa2, 0x01, 0x40, 0xcd, 0x02, 0x00, 0x80, 0x94, 
0x46, 0x07, 0x00, 0x8c, 0x00, 0x00, 0x00, 0x90, 0x9c, 0x01, 0x40, 0xd8, 0xe0, 0x01, 0x14, 0xc4, 
0x0a, 0x40, 0x49, 0x7d, 0xe0, 0x01, 0x40, 0xcd, 0x00, 0x00, 0x00, 0x90, 0x5c, 0x07, 0x00, 0x8c, 
0xc0, 0x01, 0x08, 0xc4, 0x00, 0x80, 0x88, 0x24, 0x0d, 0x00, 0x80, 0x94, 0xc8, 0x01, 0x14, 0xc4, 
0x10, 0x00, 0x54, 0x25, 0xfa, 0xff, 0x4f, 0x99, 0xc0, 0x01, 0x0c, 0xc4, 0x00, 0x80, 0xd4, 0x24, 
0x07, 0x00, 0x40, 0x95, 0xc8, 0x01, 0x14, 0xc4, 0x10, 0x00, 0x54, 0x25, 0xf4, 0xff, 0x4f, 0x99, 
0xa1, 0x01, 0xc0, 0xcc, 0xa0, 0x01, 0xc0, 0xcc, 0x52, 0x07, 0x00, 0x80, 0x00, 0x00, 0x00, 0x90, 
0xc8, 0x01, 0x08, 0xc4, 0x10, 0x00, 0x8c, 0x24, 0x08, 0x00, 0xc0, 0x94, 0x0f, 0x00, 0x8c, 0x24, 
0x03, 0x00, 0xc0, 0x98, 0x00, 0x10, 0x08, 0x04, 0x46, 0x07, 0x00, 0x8c, 0xa3, 0x01, 0x80, 0xcc, 
0x81, 0x08, 0x00, 0x8c, 0x5c, 0x07, 0x00, 0x80, 0x00, 0x00, 0x00, 0x90, 0x6c, 0x00, 0x14, 0xc4, 
0xa4, 0x42, 0x54, 0x25, 0x27, 0xf9, 0x4f, 0x99, 0x00, 0x00, 0x00, 0x90, 0x60, 0x02, 0x00, 0xcc, 
0x03, 0x00, 0x14, 0x04, 0x40, 0x09, 0x00, 0x8c, 0x14, 0x4a, 0x15, 0xc4, 0x18, 0x00, 0x54, 0x15, 
0x40, 0x00, 0x54, 0x25, 0xfd, 0xff, 0x4f, 0x95, 0x00, 0x00, 0x38, 0x04, 0x00, 0x00, 0x00, 0x90, 
0x40, 0x59, 0x15, 0xc4, 0x01, 0x00, 0x58, 0x15, 0x01, 0x00, 0x94, 0x11, 0x40, 0x59, 0x41, 0xcd, 
0x00, 0x00, 0x00, 0x90, 0x48, 0x4a, 0x15, 0xc4, 0x04, 0x00, 0x54, 0x25, 0x03, 0x00, 0x40, 0x95, 
0x3e, 0x00, 0x38, 0x04, 0xf5, 0x08, 0x00, 0x8c, 0x01, 0x00, 0x14, 0x04, 0xe0, 0x02, 0x40, 0xcd, 
0x00, 0x00, 0x00, 0x90, 0x00, 0x40, 0xc0, 0xdd, 0x00, 0x40, 0x00, 0xde, 0x00, 0x40, 0xc0, 0xde, 
0x00, 0x40, 0x00, 0xdf, 0x6c, 0x00, 0x08, 0xc4, 0x10, 0x00, 0x88, 0x14, 0x40, 0x00, 0x88, 0x24, 
0x35, 0x00, 0x80, 0x94, 0x94, 0x01, 0x1c, 0xc4, 0x80, 0x4b, 0x14, 0x04, 0xe0, 0x4c, 0x18, 0x04, 
0x02, 0x00, 0x96, 0x7d, 0x00, 0x00, 0x10, 0x04, 0x01, 0x00, 0x30, 0x04, 0x04, 0x80, 0x10, 0x7f, 
0x0c, 0x40, 0xc9, 0x7d, 0x29, 0x00, 0x40, 0x99, 0x10, 0xc0, 0x20, 0x7d, 0x58, 0x4c, 0xd9, 0xc4, 
0x26, 0x00, 0x80, 0x95, 0xb2, 0x01, 0x00, 0xcd, 0x01, 0x00, 0x14, 0x04, 0x40, 0x09, 0x00, 0x8c, 
0xc6, 0x01, 0x18, 0xc4, 0x08, 0x00, 0x94, 0x15, 0x01, 0x00, 0x54, 0x25, 0x03, 0x00, 0x40, 0x95, 
0xa3, 0x01, 0x80, 0xcd, 0xae, 0x01, 0x00, 0xcc, 0xf0, 0x49, 0x15, 0xc4, 0x1f, 0x00, 0x54, 0x15, 
0x03, 0x00, 0x40, 0x95, 0x34, 0x00, 0x38, 0x04, 0x64, 0x02, 0x80, 0xcf, 0x2c, 0x4c, 0xd5, 0xc4, 
0x68, 0x02, 0x40, 0xcd, 0x69, 0x02, 0x00, 0xcc, 0x08, 0x00, 0x2c, 0x11, 0x80, 0x4b, 0xd9, 0xc4, 
0x14, 0x00, 0x94, 0x15, 0xf0, 0x00, 0x54, 0x25, 0x01, 0xc0, 0xd6, 0x7e, 0x01, 0x00, 0x94, 0x15, 
0x01, 0x00, 0x54, 0x11, 0x80, 0x4b, 0x4d, 0xcd, 0x8e, 0xf8, 0x14, 0x04, 0x02, 0x00, 0x54, 0x11, 
0x00, 0x00, 0x59, 0xc5, 0x1f, 0x00, 0x94, 0x15, 0x05, 0x00, 0x40, 0x95, 0x1f, 0x00, 0x54, 0x11, 
0x01, 0xc0, 0xd6, 0x7e, 0x0f, 0x00, 0x94, 0x25, 0x01, 0xc0, 0xd6, 0x7e, 0x6c, 0x02, 0xc0, 0xce, 
0x58, 0x4c, 0x0d, 0xcc, 0x6b, 0x07, 0x00, 0x8c, 0x01, 0x00, 0x10, 0x05, 0x08, 0x00, 0x14, 0x3d, 
0xd3, 0xff, 0x4f, 0x95, 0x00, 0x00, 0x30, 0xdc, 0x00, 0x00, 0x2c, 0xdc, 0x00, 0x00, 0x20, 0xdc, 
0x00, 0x00, 0x1c, 0xdc, 0x00, 0x00, 0x00, 0x90, 0x00, 0x40, 0xc0, 0xdd, 0x00, 0x40, 0x00, 0xde, 
0x6c, 0x00, 0x08, 0xc4, 0x10, 0x00, 0x88, 0x14, 0x02, 0x00, 0x88, 0x24, 0x1b, 0x00, 0x80, 0x94, 
0x68, 0x00, 0x1c, 0xc4, 0x6c, 0x4b, 0x21, 0xc4, 0x00, 0x00, 0x10, 0x04, 0x94, 0x01, 0x18, 0xc4, 
0x03, 0x00, 0x80, 0x95, 0x0c, 0x40, 0xd1, 0x7d, 0x11, 0x00, 0x40, 0x99, 0x01, 0x00, 0x14, 0x04, 
0x04, 0xc0, 0x50, 0x7d, 0x09, 0x40, 0xe1, 0x7c, 0x0d, 0x00, 0x40, 0x95, 0xb2, 0x01, 0x00, 0xcd, 
0x01, 0x00, 0x14, 0x04, 0x40, 0x09, 0x00, 0x8c, 0xc6, 0x01, 0x18, 0xc4, 0x08, 0x00, 0x94, 0x15, 
0x01, 0x00, 0x54, 0x25, 0x03, 0x00, 0x40, 0x95, 0xa3, 0x01, 0x80, 0xcd, 0xae, 0x01, 0x00, 0xcc, 
0x92, 0x01, 0xc0, 0xcc, 0x91, 0x01, 0xc0, 0xcc, 0x92, 0x01, 0x00, 0xcc, 0x01, 0x00, 0x10, 0x05, 
0x08, 0x00, 0x14, 0x3d, 0xea, 0xff, 0x4f, 0x95, 0x00, 0x00, 0x20, 0xdc, 0x00, 0x00, 0x1c, 0xdc, 
0x00, 0x00, 0x00, 0x90, 0x7b, 0x00, 0x40, 0xd8, 0x9d, 0x00, 0x40, 0xd8, 0x7d, 0x00, 0x40, 0xd8, 
0x99, 0x00, 0x40, 0xd8, 0x9a, 0x00, 0x40, 0xd8, 0x9b, 0x00, 0x40, 0xd8, 0xa4, 0x01, 0x00, 0xcc, 
0x97, 0x00, 0x40, 0xd8, 0xf0, 0x02, 0x40, 0xd8, 0x43, 0x00, 0x02, 0xd8, 0x74, 0x01, 0x40, 0xd8, 
0x76, 0x01, 0x40, 0xd8, 0x00, 0x00, 0x00, 0x90, 0x00, 0x00, 0x00, 0x00, 0x74, 0x01, 0x00, 0xd8, 
0x75, 0x01, 0x00, 0xd8, 0x76, 0x01, 0x00, 0xd8, 0x77, 0x01, 0x00, 0xd8, 0xcb, 0x00, 0x00, 0xd8, 
0x93, 0x00, 0x00, 0xcc, 0x99, 0x00, 0x00, 0xcc, 0xf0, 0x02, 0x00, 0xcc, 0x97, 0x00, 0x00, 0xcc, 
0x7d, 0x00, 0x00, 0xcc, 0xdb, 0x00, 0x00, 0xcc, 0x9a, 0x00, 0x00, 0xcc, 0x00, 0x00, 0x00, 0x90, 
0x00, 0x00, 0x14, 0x04, 0x70, 0x01, 0x40, 0xcd, 0x71, 0x01, 0x40, 0xcd, 0x72, 0x01, 0x40, 0xcd, 
0x73, 0x01, 0x40, 0xcd, 0x09, 0x10, 0x14, 0xc4, 0x05, 0x00, 0x40, 0x95, 0x74, 0x01, 0x00, 0xd8, 
0x75, 0x01, 0x00, 0xd8, 0x76, 0x01, 0x00, 0xd8, 0x77, 0x01, 0x00, 0xd8, 0x00, 0x00, 0x00, 0x90, 
0x13, 0x00, 0x14, 0x04, 0x70, 0x01, 0x40, 0xcd, 0x71, 0x01, 0x40, 0xcd, 0x72, 0x01, 0x40, 0xcd, 
0x73, 0x01, 0x40, 0xcd, 0x09, 0x10, 0x14, 0xc4, 0x05, 0x00, 0x40, 0x95, 0x74, 0x01, 0x40, 0xd8, 
0x75, 0x01, 0x40, 0xd8, 0x76, 0x01, 0x40, 0xd8, 0x77, 0x01, 0x40, 0xd8, 0x00, 0x00, 0x00, 0x90, 
0x74, 0x01, 0x00, 0xd8, 0x75, 0x01, 0x00, 0xd8, 0x76, 0x01, 0x00, 0xd8, 0x77, 0x01, 0x00, 0xd8, 
0xcb, 0x00, 0x00, 0xd8, 0xa4, 0x01, 0x40, 0xd8, 0x99, 0x00, 0x00, 0xcc, 0xf0, 0x02, 0x00, 0xcc, 
0x97, 0x00, 0x00, 0xcc, 0x7d, 0x00, 0x00, 0xcc, 0xdb, 0x00, 0x00, 0xcc, 0x00, 0x00, 0x00, 0x90, 
0x60, 0x4a, 0x15, 0xc4, 0x10, 0x00, 0x58, 0x15, 0xff, 0x00, 0x98, 0x25, 0x01, 0x00, 0x94, 0x2d, 
0x02, 0x00, 0x40, 0x95, 0x77, 0x00, 0x00, 0xcc, 0x00, 0x00, 0x00, 0x90, 0x8f, 0xf8, 0x14, 0x04, 
0x02, 0x00, 0x58, 0x11, 0x00, 0x00, 0x95, 0xc5, 0x10, 0x00, 0x54, 0x15, 0x01, 0x00, 0x54, 0x25, 
0x0f, 0x00, 0x40, 0x95, 0xe4, 0x00, 0x14, 0xc4, 0x0d, 0x00, 0x40, 0x95, 0x20, 0x00, 0x18, 0xc4, 
0xe0, 0x00, 0x0c, 0xc4, 0x00, 0x00, 0x00, 0x00, 0x21, 0x00, 0xc0, 0xcc, 0xe1, 0x00, 0x00, 0xcc, 
0x0c, 0x40, 0xd9, 0x7c, 0x06, 0x00, 0x40, 0x99, 0x00, 0x00, 0x00, 0x00, 0x3d, 0x01, 0x14, 0xc4, 
0x01, 0x00, 0x58, 0x25, 0xfe, 0xff, 0x8f, 0x99, 0x40, 0x08, 0x00, 0x8c, 0x00, 0x00, 0x00, 0x90, 
0x60, 0x4a, 0x15, 0xc4, 0x03, 0x00, 0x58, 0x25, 0xc8, 0xfb, 0x08, 0x04, 0x08, 0x00, 0x80, 0x95, 
0xc9, 0xfb, 0x08, 0x04, 0x01, 0x00, 0x94, 0x31, 0x05, 0x00, 0x40, 0x99, 0xca, 0xfb, 0x08, 0x04, 
0x02, 0x00, 0x94, 0x31, 0x02, 0x00, 0x40, 0x99, 0xcb, 0xfb, 0x08, 0x04, 0x55, 0x08, 0x00, 0x8c, 
0x8e, 0x00, 0x00, 0xcc, 0xd5, 0x00, 0x00, 0xcc, 0x5b, 0x00, 0x80, 0xcc, 0xd3, 0x00, 0xc0, 0xd8, 
0xcd, 0x00, 0x80, 0xd8, 0x5c, 0x00, 0xc0, 0xcc, 0x8f, 0x00, 0x00, 0xcc, 0x55, 0x08, 0x00, 0x8c, 
0x00, 0x00, 0x00, 0x90, 0x00, 0x00, 0x00, 0x00, 0x14, 0x4a, 0x15, 0xc4, 0x0e, 0x00, 0x58, 0x15, 
0x01, 0x00, 0x94, 0x25, 0xfc, 0xff, 0x4f, 0x95, 0x00, 0x00, 0x00, 0x90, 0x9a, 0x00, 0x00, 0xcc, 
0x9b, 0x00, 0x00, 0xcc, 0x99, 0x00, 0x00, 0xcc, 0xf0, 0x02, 0x00, 0xcc, 0x00, 0x00, 0x00, 0x90, 
0x6c, 0x00, 0x08, 0xc4, 0x10, 0x00, 0x88, 0x14, 0x01, 0x00, 0x88, 0x24, 0x00, 0x00, 0x00, 0x90, 
0x00, 0x40, 0x80, 0xdf, 0xf0, 0x49, 0x15, 0xc4, 0x1c, 0x00, 0x54, 0x15, 0x01, 0x00, 0x54, 0x25, 
0x17, 0x00, 0x40, 0x95, 0x33, 0x00, 0x38, 0x04, 0x64, 0x02, 0x80, 0xcf, 0xec, 0x59, 0x15, 0xc4, 
0x68, 0x02, 0x40, 0xcd, 0x69, 0x02, 0x00, 0xcc, 0x68, 0x00, 0x08, 0xc4, 0x08, 0x00, 0xac, 0x10, 
0x40, 0x59, 0x0d, 0xc4, 0x14, 0x00, 0xcc, 0x14, 0xf0, 0x00, 0xcc, 0x24, 0x01, 0xc0, 0xce, 0x7e, 
0x8e, 0xf8, 0x14, 0x04, 0x02, 0x00, 0x54, 0x11, 0x00, 0x00, 0x59, 0xc5, 0x1f, 0x00, 0x94, 0x15, 
0x05, 0x00, 0x40, 0x95, 0x1f, 0x00, 0x54, 0x11, 0x01, 0xc0, 0xd6, 0x7e, 0x0f, 0x00, 0x94, 0x25, 
0x01, 0xc0, 0xd6, 0x7e, 0x6c, 0x02, 0xc0, 0xce, 0x6b, 0x07, 0x00, 0x8c, 0x00, 0x00, 0x38, 0xdc, 
0x00, 0x00, 0x00, 0x90, 0xca, 0x01, 0x14, 0xc4, 0x10, 0x00, 0x40, 0x95, 0xcb, 0x01, 0x14, 0xc4, 
0x10, 0x00, 0x58, 0x25, 0x03, 0x00, 0x80, 0x95, 0xac, 0x01, 0x00, 0xcc, 0xa9, 0x01, 0x00, 0xcc, 
0x20, 0x00, 0x58, 0x25, 0x03, 0x00, 0x80, 0x95, 0xad, 0x01, 0x00, 0xcc, 0xaa, 0x01, 0x00, 0xcc, 
0x40, 0x00, 0x58, 0x25, 0x04, 0x00, 0x80, 0x99, 0xab, 0x01, 0x00, 0xcc, 0xa5, 0x01, 0x00, 0xcc, 
0x98, 0x08, 0x00, 0x80, 0x98, 0x08, 0x00, 0x80, 0xac, 0x01, 0x00, 0xcc, 0xa9, 0x01, 0x00, 0xcc, 
0xad, 0x01, 0x00, 0xcc, 0xaa, 0x01, 0x00, 0xcc, 0xab, 0x01, 0x00, 0xcc, 0xa5, 0x01, 0x00, 0xcc, 
0x00, 0x00, 0x00, 0x90, 0x00, 0x00, 0x00, 0x90, 0x00, 0x00, 0x00, 0x90, 0x00, 0x40, 0xc0, 0xdd, 
0x98, 0x01, 0x1c, 0xc4, 0x0c, 0x00, 0xc0, 0x95, 0x01, 0x00, 0x1c, 0x04, 0x74, 0x10, 0x38, 0xc4, 
0x07, 0x09, 0x00, 0x8c, 0x98, 0x01, 0x00, 0xd8, 0x74, 0x10, 0x38, 0xc4, 0x31, 0x00, 0x94, 0x33, 
0x02, 0x00, 0x40, 0x95, 0xf1, 0x02, 0x00, 0xcc, 0x73, 0x10, 0x34, 0xc4, 0x55, 0x09, 0x00, 0x8c, 
0x98, 0x01, 0x00, 0xd8, 0x01, 0x80, 0xc0, 0x7d, 0x00, 0x00, 0x1c, 0xdc, 0x00, 0x00, 0x00, 0x90, 
0x5a, 0x02, 0x08, 0xc4, 0x59, 0x02, 0x0c, 0xc4, 0x50, 0x02, 0x10, 0xc4, 0x09, 0x80, 0x08, 0x7d, 
0x09, 0xc0, 0x0c, 0x7d, 0x00, 0x00, 0x00, 0x90, 0x00, 0x40, 0x40, 0xde, 0x00, 0x40, 0x80, 0xde, 
0x00, 0x40, 0xc0, 0xde, 0x00, 0x00, 0xe4, 0x04, 0xf0, 0x49, 0x29, 0xc4, 0x00, 0x00, 0x2c, 0x04, 
0x01, 0x00, 0x54, 0x26, 0x35, 0x00, 0x40, 0x95, 0x44, 0x02, 0xc0, 0xce, 0x05, 0x00, 0xd4, 0x3a, 
0x06, 0x00, 0x40, 0x99, 0x0d, 0x00, 0x94, 0x16, 0x01, 0x00, 0x54, 0x25, 0x2f, 0x00, 0x40, 0x95, 
0x3c, 0x00, 0x38, 0x04, 0xcd, 0x08, 0x00, 0x80, 0x0b, 0x00, 0xd4, 0x3a, 0x06, 0x00, 0x40, 0x99, 
0x0b, 0x00, 0x94, 0x16, 0x01, 0x00, 0x54, 0x25, 0x28, 0x00, 0x40, 0x95, 0x3a, 0x00, 0x38, 0x04, 
0xcd, 0x08, 0x00, 0x80, 0x0c, 0x00, 0x94, 0x16, 0x01, 0x00, 0x54, 0x25, 0x23, 0x00, 0x40, 0x95, 
0x3b, 0x00, 0x38, 0x04, 0x64, 0x02, 0x80, 0xcf, 0x4c, 0x02, 0x14, 0xc4, 0x6c, 0x02, 0x40, 0xcd, 
0x48, 0x02, 0x14, 0xc4, 0x03, 0x00, 0x58, 0x15, 0x02, 0x00, 0x98, 0x11, 0x68, 0x02, 0x80, 0xcd, 
0x69, 0x02, 0x00, 0xcc, 0x07, 0x00, 0x58, 0x25, 0x00, 0x00, 0x94, 0x31, 0x13, 0x00, 0x40, 0x99, 
0x01, 0x00, 0x94, 0x31, 0x0f, 0x00, 0x40, 0x99, 0x02, 0x00, 0x94, 0x31, 0x0b, 0x00, 0x40, 0x99, 
0x03, 0x00, 0x94, 0x31, 0x07, 0x00, 0x40, 0x99, 0x04, 0x00, 0x94, 0x31, 0x03, 0x00, 0x40, 0x99, 
0x04, 0x00, 0x18, 0x04, 0xec, 0x08, 0x00, 0x80, 0x06, 0x00, 0x18, 0x04, 0xec, 0x08, 0x00, 0x80, 
0x03, 0x00, 0x18, 0x04, 0xec, 0x08, 0x00, 0x80, 0x05, 0x00, 0x18, 0x04, 0xec, 0x08, 0x00, 0x80, 
0x02, 0x00, 0x18, 0x04, 0xec, 0x08, 0x00, 0x80, 0x01, 0x00, 0x18, 0x04, 0xec, 0x08, 0x00, 0x80, 
0x69, 0x02, 0x80, 0xcd, 0x6b, 0x07, 0x00, 0x8c, 0x01, 0x00, 0xec, 0x06, 0x01, 0x00, 0x64, 0x16, 
0xc8, 0xff, 0x4f, 0x9a, 0x00, 0x00, 0x2c, 0xdc, 0x00, 0x00, 0x28, 0xdc, 0x00, 0x00, 0x24, 0xdc, 
0x00, 0x00, 0x00, 0x90, 0x64, 0x02, 0x80, 0xcf, 0xe1, 0x02, 0x14, 0xc4, 0x68, 0x02, 0x40, 0xcd, 
0x05, 0x00, 0x14, 0x04, 0x69, 0x02, 0x40, 0xcd, 0xe2, 0x02, 0x14, 0xc4, 0x6c, 0x02, 0x40, 0xcd, 
0x6b, 0x07, 0x00, 0x8c, 0x00, 0x00, 0x00, 0x90, 0x64, 0x02, 0x80, 0xcf, 0xe3, 0x02, 0x14, 0xc4, 
0x68, 0x02, 0x40, 0xcd, 0xe5, 0x02, 0x14, 0xc4, 0x69, 0x02, 0x40, 0xcd, 0xe4, 0x02, 0x14, 0xc4, 
0x6c, 0x02, 0x40, 0xcd, 0x6b, 0x07, 0x00, 0x8c, 0x00, 0x00, 0x00, 0x90, 0x00, 0x40, 0xc0, 0xde, 
0x64, 0x02, 0x80, 0xcf, 0x31, 0x00, 0x94, 0x33, 0x05, 0x00, 0x40, 0x99, 0x43, 0x00, 0x94, 0x33, 
0x03, 0x00, 0x40, 0x99, 0xec, 0x59, 0x2d, 0xc4, 0x10, 0x09, 0x00, 0x80, 0x75, 0x10, 0x2c, 0xc4, 
0x68, 0x02, 0xc0, 0xce, 0x69, 0x02, 0x00, 0xcc, 0x68, 0x00, 0x08, 0xc4, 0x08, 0x00, 0xac, 0x10, 
0x14, 0x4a, 0x15, 0xc4, 0x00, 0x02, 0x58, 0x25, 0x05, 0x00, 0x80, 0x99, 0x40, 0x59, 0x0d, 0xc4, 
0x14, 0x00, 0xcc, 0x14, 0xf0, 0x00, 0xcc, 0x24, 0x1e, 0x09, 0x00, 0x80, 0x68, 0x59, 0x0d, 0xc4, 
0x0c, 0x00, 0xcc, 0x14, 0xf0, 0x00, 0xcc, 0x24, 0x01, 0xc0, 0xce, 0x7e, 0x8e, 0xf8, 0x14, 0x04, 
0x02, 0x00, 0x54, 0x11, 0x00, 0x00, 0x59, 0xc5, 0x1f, 0x00, 0x94, 0x15, 0x05, 0x00, 0x40, 0x95, 
0x1f, 0x00, 0x54, 0x11, 0x01, 0xc0, 0xd6, 0x7e, 0x0f, 0x00, 0x94, 0x25, 0x01, 0xc0, 0xd6, 0x7e, 
0x6c, 0x02, 0xc0, 0xce, 0x6b, 0x07, 0x00, 0x8c, 0x00, 0x00, 0x2c, 0xdc, 0x00, 0x00, 0x00, 0x90, 
0x9c, 0x01, 0x14, 0xc4, 0xff, 0xff, 0x4f, 0x99, 0x00, 0x00, 0x00, 0x90, 0x9a, 0xf8, 0x0c, 0x04, 
0x02, 0x00, 0xcc, 0x10, 0x00, 0x00, 0xd5, 0xc4, 0x03, 0x00, 0x80, 0x98, 0x00, 0x06, 0x58, 0x29, 
0x39, 0x09, 0x00, 0x80, 0x00, 0x02, 0x18, 0x04, 0x1e, 0x80, 0x81, 0x7d, 0x09, 0x80, 0x95, 0x7d, 
0x00, 0x04, 0x98, 0x29, 0x00, 0x00, 0x8d, 0xcd, 0x02, 0x00, 0x14, 0x04, 0x40, 0x09, 0x00, 0x8c, 
0x00, 0x00, 0x00, 0x90, 0x00, 0x00, 0x00, 0x00, 0x00, 0x00, 0x00, 0x00, 0x00, 0x00, 0x00, 0x00, 
0x03, 0x00, 0x40, 0x95, 0x01, 0x00, 0x54, 0x09, 0x40, 0x09, 0x00, 0x80, 0x00, 0x00, 0x00, 0x90, 
0x02, 0x00, 0x14, 0x04, 0x40, 0x09, 0x00, 0x8c, 0x14, 0x4a, 0x15, 0xc4, 0x0e, 0x00, 0x54, 0x15, 
0x01, 0x00, 0x54, 0x25, 0xfd, 0xff, 0x4f, 0x95, 0x00, 0x00, 0x00, 0x90, 0xac, 0x4a, 0x15, 0xc4, 
0x04, 0x00, 0x54, 0x15, 0x01, 0x00, 0x54, 0x25, 0x06, 0x00, 0x40, 0x95, 0x01, 0x00, 0x34, 0x04, 
0x10, 0x00, 0x74, 0x13, 0xff, 0xff, 0xd4, 0x27, 0x01, 0x40, 0x77, 0x7d, 0x5f, 0x09, 0x00, 0x8c, 
0x00, 0x00, 0x00, 0x90, 0xac, 0x4a, 0x15, 0xc4, 0x04, 0x00, 0x54, 0x15, 0x01, 0x00, 0x54, 0x25, 
0x1f, 0x00, 0x40, 0x95, 0x02, 0x00, 0x14, 0x04, 0x10, 0x00, 0x54, 0x11, 0x01, 0x40, 0x57, 0x7f, 
0x94, 0x01, 0x14, 0xc4, 0x08, 0x00, 0x54, 0x11, 0x01, 0x40, 0x57, 0x7f, 0x2c, 0x4a, 0x15, 0xc4, 
0x10, 0x00, 0x54, 0x25, 0x16, 0x00, 0x40, 0x99, 0x60, 0x4a, 0x15, 0xc4, 0x07, 0x00, 0x54, 0x25, 
0x14, 0x00, 0x54, 0x11, 0x01, 0x40, 0x57, 0x7f, 0x81, 0x00, 0x14, 0x04, 0x18, 0x00, 0x54, 0x11, 
0x01, 0x40, 0x57, 0x7f, 0xb3, 0x03, 0x14, 0x04, 0x10, 0x00, 0x54, 0x11, 0x00, 0x06, 0x54, 0x05, 
0x14, 0x00, 0x58, 0x15, 0x0c, 0x00, 0x54, 0x11, 0x0e, 0x00, 0x54, 0x15, 0xd3, 0x00, 0xc0, 0xd8, 
0xd5, 0x00, 0x80, 0xcd, 0xcd, 0x00, 0x80, 0xd8, 0x5b, 0x00, 0x40, 0xcd, 0x5c, 0x00, 0x40, 0xcf, 
0x44, 0x09, 0x00, 0x8c, 0xd5, 0x00, 0x00, 0xcc, 0x00, 0x00, 0x34, 0x04, 0x00, 0x00, 0x00, 0x90, 
0x00, 0x00, 0x00, 0x00, 0x00, 0x00, 0x00, 0x00, 0x00, 0x00, 0x00, 0x00, 0x00, 0x00, 0x00, 0x00, 
0x00, 0x00, 0x00, 0x00, 0x00, 0x00, 0x00, 0x00, 0x00, 0x00, 0x00, 0x00, 0x00, 0x00, 0x00, 0x00, 
0x00, 0x00, 0x00, 0x00, 0x00, 0x00, 0x00, 0x00, 0x00, 0x00, 0x00, 0x00, 0x00, 0x00, 0x00, 0x00, 
0x00, 0x00, 0x00, 0x00, 0x00, 0x00, 0x00, 0x00, 0x00, 0x00, 0x00, 0x00, 0x00, 0x00, 0x00, 0x00, 
0x00, 0x00, 0x00, 0x00, 0x00, 0x00, 0x00, 0x00, 0x00, 0x00, 0x00, 0x00, 0x00, 0x00, 0x00, 0x00, 
0x00, 0x00, 0x00, 0x00, 0x00, 0x00, 0x00, 0x00, 0x00, 0x00, 0x00, 0x00, 0x00, 0x00, 0x00, 0x00, 
0x00, 0x00, 0x00, 0x00, 0x00, 0x00, 0x00, 0x00, 0x00, 0x00, 0x00, 0x00, 0x00, 0x00, 0x00, 0x00, 
0x00, 0x00, 0x00, 0x00, 0x00, 0x00, 0x00, 0x00, 0x00, 0x00, 0x00, 0x00, 0x00, 0x00, 0x00, 0x00, 
0x00, 0x00, 0x00, 0x00, 0x00, 0x00, 0x00, 0x00, 0x00, 0x00, 0x00, 0x00, 0x00, 0x00, 0x00, 0x00, 
0x00, 0x00, 0x00, 0x00, 0x00, 0x00, 0x00, 0x00, 0x00, 0x00, 0x00, 0x00, 0x00, 0x00, 0x00, 0x00, 
0x00, 0x00, 0x00, 0x00, 0x00, 0x00, 0x00, 0x00, 0x00, 0x00, 0x00, 0x00, 0x00, 0x00, 0x00, 0x00, 
0x00, 0x00, 0x00, 0x00, 0x00, 0x00, 0x00, 0x00, 0x00, 0x00, 0x00, 0x00, 0x00, 0x00, 0x00, 0x00, 
0x00, 0x00, 0x00, 0x00, 0x00, 0x00, 0x00, 0x00, 0x00, 0x00, 0x00, 0x00, 0x00, 0x00, 0x00, 0x00, 
0x00, 0x00, 0x00, 0x00, 0x00, 0x00, 0x00, 0x00, 0x00, 0x00, 0x00, 0x00, 0x00, 0x00, 0x00, 0x00, 
0x00, 0x00, 0x00, 0x00, 0x00, 0x00, 0x00, 0x00, 0x00, 0x00, 0x00, 0x00, 0x00, 0x00, 0x00, 0x00, 
0x00, 0x00, 0x00, 0x00, 0x00, 0x00, 0x00, 0x00, 0x00, 0x00, 0x00, 0x00, 0x00, 0x00, 0x00, 0x00, 
0x00, 0x00, 0x00, 0x00, 0x00, 0x00, 0x00, 0x00, 0x00, 0x00, 0x00, 0x00, 0x00, 0x00, 0x00, 0x00, 
0x00, 0x00, 0x00, 0x00, 0x00, 0x00, 0x00, 0x00, 0x00, 0x00, 0x00, 0x00, 0x00, 0x00, 0x00, 0x00, 
0x00, 0x00, 0x00, 0x00, 0x00, 0x00, 0x00, 0x00, 0x00, 0x00, 0x00, 0x00, 0x00, 0x00, 0x00, 0x00, 
0x00, 0x00, 0x00, 0x00, 0x00, 0x00, 0x00, 0x00, 0x00, 0x00, 0x00, 0x00, 0x00, 0x00, 0x00, 0x00, 
0x00, 0x00, 0x00, 0x00, 0x00, 0x00, 0x00, 0x00, 0x00, 0x00, 0x00, 0x00, 0x00, 0x00, 0x00, 0x00, 
0x00, 0x00, 0x00, 0x00, 0x00, 0x00, 0x00, 0x00, 0x00, 0x00, 0x00, 0x00, 0x00, 0x00, 0x00, 0x00, 
0x00, 0x00, 0x00, 0x00, 0x00, 0x00, 0x00, 0x00, 0x00, 0x00, 0x00, 0x00, 0x00, 0x00, 0x00, 0x00, 
0x00, 0x00, 0x00, 0x00, 0x00, 0x00, 0x00, 0x00, 0x00, 0x00, 0x00, 0x00, 0x00, 0x00, 0x00, 0x00, 
0x00, 0x00, 0x00, 0x00, 0x00, 0x00, 0x00, 0x00, 0x00, 0x00, 0x00, 0x00, 0x00, 0x00, 0x00, 0x00, 
0x00, 0x00, 0x00, 0x00, 0x00, 0x00, 0x00, 0x00, 0x00, 0x00, 0x00, 0x00, 0x00, 0x00, 0x00, 0x00, 
0x00, 0x00, 0x00, 0x00, 0x00, 0x00, 0x00, 0x00, 0x00, 0x00, 0x00, 0x00, 0x00, 0x00, 0x00, 0x00, 
0x00, 0x00, 0x00, 0x00, 0x00, 0x00, 0x00, 0x00, 0x00, 0x00, 0x00, 0x00, 0x00, 0x00, 0x00, 0x00, 
0x00, 0x00, 0x00, 0x00, 0x00, 0x00, 0x00, 0x00, 0x00, 0x00, 0x00, 0x00, 0x00, 0x00, 0x00, 0x00, 
0x00, 0x00, 0x00, 0x00, 0x00, 0x00, 0x00, 0x00, 0x00, 0x00, 0x00, 0x00, 0x00, 0x00, 0x00, 0x00, 
0x00, 0x00, 0x00, 0x00, 0x00, 0x00, 0x00, 0x00, 0x00, 0x00, 0x00, 0x00, 0x00, 0x00, 0x00, 0x00, 
0x00, 0x00, 0x00, 0x00, 0x00, 0x00, 0x00, 0x00, 0x00, 0x00, 0x00, 0x00, 0x00, 0x00, 0x00, 0x00, 
0x00, 0x00, 0x00, 0x00, 0x00, 0x00, 0x00, 0x00, 0x00, 0x00, 0x00, 0x00, 0x00, 0x00, 0x00, 0x00, 
0x00, 0x00, 0x00, 0x00, 0x00, 0x00, 0x00, 0x00, 0x00, 0x00, 0x00, 0x00, 0x00, 0x00, 0x00, 0x00, 
0x00, 0x00, 0x00, 0x00, 0x00, 0x00, 0x00, 0x00, 0x00, 0x00, 0x00, 0x00, 0x00, 0x00, 0x00, 0x00, 
0x00, 0x00, 0x00, 0x00, 0x00, 0x00, 0x00, 0x00, 0x00, 0x00, 0x00, 0x00, 0x00, 0x00, 0x00, 0x00, 
0x00, 0x00, 0x00, 0x00, 0x00, 0x00, 0x00, 0x00, 0x00, 0x00, 0x00, 0x00, 0x00, 0x00, 0x00, 0x00, 
0x00, 0x00, 0x00, 0x00, 0x00, 0x00, 0x00, 0x00, 0x00, 0x00, 0x00, 0x00, 0x00, 0x00, 0x00, 0x00, 
0x00, 0x00, 0x00, 0x00, 0x00, 0x00, 0x00, 0x00, 0x00, 0x00, 0x00, 0x00, 0x00, 0x00, 0x00, 0x00, 
0x00, 0x00, 0x00, 0x00, 0x00, 0x00, 0x00, 0x00, 0x00, 0x00, 0x00, 0x00, 0x00, 0x00, 0x00, 0x00, 
0x00, 0x00, 0x00, 0x00, 0x00, 0x00, 0x00, 0x00, 0x00, 0x00, 0x00, 0x00, 0x00, 0x00, 0x00, 0x00, 
0x00, 0x00, 0x00, 0x00, 0x00, 0x00, 0x00, 0x00, 0x00, 0x00, 0x00, 0x00, 0x00, 0x00, 0x00, 0x00, 
0x00, 0x00, 0x00, 0x00, 0x00, 0x00, 0x00, 0x00, 0x00, 0x00, 0x00, 0x00, 0x00, 0x00, 0x00, 0x00, 
0x00, 0x00, 0x00, 0x00, 0x00, 0x00, 0x00, 0x00, 0x00, 0x00, 0x00, 0x00, 0x00, 0x00, 0x00, 0x00, 
0x00, 0x00, 0x00, 0x00, 0x00, 0x00, 0x00, 0x00, 0x00, 0x00, 0x00, 0x00, 0x00, 0x00, 0x00, 0x00, 
0x00, 0x00, 0x00, 0x00, 0x00, 0x00, 0x00, 0x00, 0x00, 0x00, 0x00, 0x00, 0x00, 0x00, 0x00, 0x00, 
0x00, 0x00, 0x00, 0x00, 0x00, 0x00, 0x00, 0x00, 0x00, 0x00, 0x00, 0x00, 0x00, 0x00, 0x00, 0x00, 
0x00, 0x00, 0x00, 0x00, 0x00, 0x00, 0x00, 0x00, 0x00, 0x00, 0x00, 0x00, 0x00, 0x00, 0x00, 0x00, 
0x00, 0x00, 0x00, 0x00, 0x00, 0x00, 0x00, 0x00, 0x00, 0x00, 0x00, 0x00, 0x00, 0x00, 0x00, 0x00, 
0x00, 0x00, 0x00, 0x00, 0x00, 0x00, 0x00, 0x00, 0x00, 0x00, 0x00, 0x00, 0x00, 0x00, 0x00, 0x00, 
0x00, 0x00, 0x00, 0x00, 0x00, 0x00, 0x00, 0x00, 0x00, 0x00, 0x00, 0x00, 0x00, 0x00, 0x00, 0x00, 
0x00, 0x00, 0x00, 0x00, 0x00, 0x00, 0x00, 0x00, 0x00, 0x00, 0x00, 0x00, 0x00, 0x00, 0x00, 0x00, 
0x00, 0x00, 0x00, 0x00, 0x00, 0x00, 0x00, 0x00, 0x00, 0x00, 0x00, 0x00, 0x00, 0x00, 0x00, 0x00, 
0x00, 0x00, 0x00, 0x00, 0x00, 0x00, 0x00, 0x00, 0x00, 0x00, 0x00, 0x00, 0x00, 0x00, 0x00, 0x00, 
0x00, 0x00, 0x00, 0x00, 0x00, 0x00, 0x00, 0x00, 0x00, 0x00, 0x00, 0x00, 0x00, 0x00, 0x00, 0x00, 
0x00, 0x00, 0x00, 0x00, 0x00, 0x00, 0x00, 0x00, 0x00, 0x00, 0x00, 0x00, 0x00, 0x00, 0x00, 0x00, 
0x00, 0x00, 0x00, 0x00, 0x00, 0x00, 0x00, 0x00, 0x00, 0x00, 0x00, 0x00, 0x00, 0x00, 0x00, 0x00, 
0x00, 0x00, 0x00, 0x00, 0x00, 0x00, 0x00, 0x00, 0x00, 0x00, 0x00, 0x00, 0x00, 0x00, 0x00, 0x00, 
0x00, 0x00, 0x00, 0x00, 0x00, 0x00, 0x00, 0x00, 0x00, 0x00, 0x00, 0x00, 0x00, 0x00, 0x00, 0x00, 
0x00, 0x00, 0x00, 0x00, 0x00, 0x00, 0x00, 0x00, 0x00, 0x00, 0x00, 0x00, 0x00, 0x00, 0x00, 0x00, 
0x00, 0x00, 0x00, 0x00, 0x00, 0x00, 0x00, 0x00, 0x00, 0x00, 0x00, 0x00, 0x00, 0x00, 0x00, 0x00, 
0x00, 0x00, 0x00, 0x00, 0x00, 0x00, 0x00, 0x00, 0x00, 0x00, 0x00, 0x00, 0x00, 0x00, 0x00, 0x00, 
0x00, 0x00, 0x00, 0x00, 0x00, 0x00, 0x00, 0x00, 0x00, 0x00, 0x00, 0x00, 0x00, 0x00, 0x00, 0x00, 
0x00, 0x00, 0x00, 0x00, 0x00, 0x00, 0x00, 0x00, 0x00, 0x00, 0x00, 0x00, 0x00, 0x00, 0x00, 0x00, 
0x00, 0x00, 0x00, 0x00, 0x00, 0x00, 0x00, 0x00, 0x00, 0x00, 0x00, 0x00, 0x00, 0x00, 0x00, 0x00, 
0x00, 0x00, 0x00, 0x00, 0x00, 0x00, 0x00, 0x00, 0x00, 0x00, 0x00, 0x00, 0x00, 0x00, 0x00, 0x00, 
0x00, 0x00, 0x00, 0x00, 0x00, 0x00, 0x00, 0x00, 0x00, 0x00, 0x00, 0x00, 0x00, 0x00, 0x00, 0x00, 
0x00, 0x00, 0x00, 0x00, 0x00, 0x00, 0x00, 0x00, 0x00, 0x00, 0x00, 0x00, 0x00, 0x00, 0x00, 0x00, 
0x00, 0x00, 0x00, 0x00, 0x00, 0x00, 0x00, 0x00, 0x00, 0x00, 0x00, 0x00, 0x00, 0x00, 0x00, 0x00, 
0x00, 0x00, 0x00, 0x00, 0x00, 0x00, 0x00, 0x00, 0x00, 0x00, 0x00, 0x00, 0x00, 0x00, 0x00, 0x00, 
0x00, 0x00, 0x00, 0x00, 0x00, 0x00, 0x00, 0x00, 0x00, 0x00, 0x00, 0x00, 0x00, 0x00, 0x00, 0x00, 
0x00, 0x00, 0x00, 0x00, 0x00, 0x00, 0x00, 0x00, 0x00, 0x00, 0x00, 0x00, 0x00, 0x00, 0x00, 0x00, 
0x00, 0x00, 0x00, 0x00, 0x00, 0x00, 0x00, 0x00, 0x00, 0x00, 0x00, 0x00, 0x00, 0x00, 0x00, 0x00, 
0x00, 0x00, 0x00, 0x00, 0x00, 0x00, 0x00, 0x00, 0x00, 0x00, 0x00, 0x00, 0x00, 0x00, 0x00, 0x00, 
0x00, 0x00, 0x00, 0x00, 0x00, 0x00, 0x00, 0x00, 0x00, 0x00, 0x00, 0x00, 0x00, 0x00, 0x00, 0x00, 
0x00, 0x00, 0x00, 0x00, 0x00, 0x00, 0x00, 0x00, 0x00, 0x00, 0x00, 0x00, 0x00, 0x00, 0x00, 0x00, 
0x00, 0x00, 0x00, 0x00, 0x00, 0x00, 0x00, 0x00, 0x00, 0x00, 0x00, 0x00, 0x00, 0x00, 0x00, 0x00, 
0x00, 0x00, 0x00, 0x00, 0x00, 0x00, 0x00, 0x00, 0x00, 0x00, 0x00, 0x00, 0x00, 0x00, 0x00, 0x00, 
0x00, 0x00, 0x00, 0x00, 0x00, 0x00, 0x00, 0x00, 0x00, 0x00, 0x00, 0x00, 0x00, 0x00, 0x00, 0x00, 
0x00, 0x00, 0x00, 0x00, 0x00, 0x00, 0x00, 0x00, 0x00, 0x00, 0x00, 0x00, 0x00, 0x00, 0x00, 0x00, 
0x00, 0x00, 0x00, 0x00, 0x00, 0x00, 0x00, 0x00, 0x00, 0x00, 0x00, 0x00, 0x00, 0x00, 0x00, 0x00, 
0x00, 0x00, 0x00, 0x00, 0x00, 0x00, 0x00, 0x00, 0x00, 0x00, 0x00, 0x00, 0x00, 0x00, 0x00, 0x00, 
0x00, 0x00, 0x00, 0x00, 0x00, 0x00, 0x00, 0x00, 0x00, 0x00, 0x00, 0x00, 0x00, 0x00, 0x00, 0x00, 
0x00, 0x00, 0x00, 0x00, 0x00, 0x00, 0x00, 0x00, 0x00, 0x00, 0x00, 0x00, 0x00, 0x00, 0x00, 0x00, 
0x00, 0x00, 0x00, 0x00, 0x00, 0x00, 0x00, 0x00, 0x00, 0x00, 0x00, 0x00, 0x00, 0x00, 0x00, 0x00, 
0x00, 0x00, 0x00, 0x00, 0x00, 0x00, 0x00, 0x00, 0x00, 0x00, 0x00, 0x00, 0x00, 0x00, 0x00, 0x00, 
0x00, 0x00, 0x00, 0x00, 0x00, 0x00, 0x00, 0x00, 0x00, 0x00, 0x00, 0x00, 0x00, 0x00, 0x00, 0x00, 
0x00, 0x00, 0x00, 0x00, 0x00, 0x00, 0x00, 0x00, 0x00, 0x00, 0x00, 0x00, 0x00, 0x00, 0x00, 0x00, 
0x00, 0x00, 0x00, 0x00, 0x00, 0x00, 0x00, 0x00, 0x00, 0x00, 0x00, 0x00, 0x00, 0x00, 0x00, 0x00, 
0x00, 0x00, 0x00, 0x00, 0x00, 0x00, 0x00, 0x00, 0x00, 0x00, 0x00, 0x00, 0x00, 0x00, 0x00, 0x00, 
0x00, 0x00, 0x00, 0x00, 0x00, 0x00, 0x00, 0x00, 0x00, 0x00, 0x00, 0x00, 0x00, 0x00, 0x00, 0x00, 
0x00, 0x00, 0x00, 0x00, 0x00, 0x00, 0x00, 0x00, 0x00, 0x00, 0x00, 0x00, 0x00, 0x00, 0x00, 0x00, 
0x00, 0x00, 0x00, 0x00, 0x00, 0x00, 0x00, 0x00, 0x00, 0x00, 0x00, 0x00, 0x00, 0x00, 0x00, 0x00, 
0x00, 0x00, 0x00, 0x00, 0x00, 0x00, 0x00, 0x00, 0x00, 0x00, 0x00, 0x00, 0x00, 0x00, 0x00, 0x00, 
0x00, 0x00, 0x00, 0x00, 0x00, 0x00, 0x00, 0x00, 0x00, 0x00, 0x00, 0x00, 0x00, 0x00, 0x00, 0x00, 
0x00, 0x00, 0x00, 0x00, 0x00, 0x00, 0x00, 0x00, 0x00, 0x00, 0x00, 0x00, 0x00, 0x00, 0x00, 0x00, 
0x00, 0x00, 0x00, 0x00, 0x00, 0x00, 0x00, 0x00, 0x00, 0x00, 0x00, 0x00, 0x00, 0x00, 0x00, 0x00, 
0x00, 0x00, 0x00, 0x00, 0x00, 0x00, 0x00, 0x00, 0x00, 0x00, 0x00, 0x00, 0x00, 0x00, 0x00, 0x00, 
0x00, 0x00, 0x00, 0x00, 0x00, 0x00, 0x00, 0x00, 0x00, 0x00, 0x00, 0x00, 0x00, 0x00, 0x00, 0x00, 
0x00, 0x00, 0x00, 0x00, 0x00, 0x00, 0x00, 0x00, 0x00, 0x00, 0x00, 0x00, 0x00, 0x00, 0x00, 0x00, 
0x00, 0x00, 0x00, 0x00, 0x00, 0x00, 0x00, 0x00, 0x00, 0x00, 0x00, 0x00, 0x00, 0x00, 0x00, 0x00, 
0x00, 0x00, 0x00, 0x00, 0x00, 0x00, 0x00, 0x00, 0x00, 0x00, 0x00, 0x00, 0x00, 0x00, 0x00, 0x00, 
0x00, 0x00, 0x00, 0x00, 0x00, 0x00, 0x00, 0x00, 0x00, 0x00, 0x00, 0x00, 0x00, 0x00, 0x00, 0x00, 
0x00, 0x00, 0x00, 0x00, 0x00, 0x00, 0x00, 0x00, 0x00, 0x00, 0x00, 0x00, 0x00, 0x00, 0x00, 0x00, 
0x00, 0x00, 0x00, 0x00, 0x00, 0x00, 0x00, 0x00, 0x00, 0x00, 0x00, 0x00, 0x00, 0x00, 0x00, 0x00, 
0x00, 0x00, 0x00, 0x00, 0x00, 0x00, 0x00, 0x00, 0x00, 0x00, 0x00, 0x00, 0x00, 0x00, 0x00, 0x00, 
0x00, 0x00, 0x00, 0x00, 0x00, 0x00, 0x00, 0x00, 0x00, 0x00, 0x00, 0x00, 0x00, 0x00, 0x00, 0x00, 
0x00, 0x00, 0x00, 0x00, 0x00, 0x00, 0x00, 0x00, 0x00, 0x00, 0x00, 0x00, 0x00, 0x00, 0x00, 0x00, 
0x00, 0x00, 0x00, 0x00, 0x00, 0x00, 0x00, 0x00, 0x00, 0x00, 0x00, 0x00, 0x00, 0x00, 0x00, 0x00, 
0x00, 0x00, 0x00, 0x00, 0x00, 0x00, 0x00, 0x00, 0x00, 0x00, 0x00, 0x00, 0x00, 0x00, 0x00, 0x00, 
0x00, 0x00, 0x00, 0x00, 0x00, 0x00, 0x00, 0x00, 0x00, 0x00, 0x00, 0x00, 0x00, 0x00, 0x00, 0x00, 
0x00, 0x00, 0x00, 0x00, 0x00, 0x00, 0x00, 0x00, 0x00, 0x00, 0x00, 0x00, 0x00, 0x00, 0x00, 0x00, 
0x00, 0x00, 0x00, 0x00, 0x00, 0x00, 0x00, 0x00, 0x00, 0x00, 0x00, 0x00, 0x00, 0x00, 0x00, 0x00, 
0x00, 0x00, 0x00, 0x00, 0x00, 0x00, 0x00, 0x00, 0x00, 0x00, 0x00, 0x00, 0x00, 0x00, 0x00, 0x00, 
0x00, 0x00, 0x00, 0x00, 0x00, 0x00, 0x00, 0x00, 0x00, 0x00, 0x00, 0x00, 0x00, 0x00, 0x00, 0x00, 
0x00, 0x00, 0x00, 0x00, 0x00, 0x00, 0x00, 0x00, 0x00, 0x00, 0x00, 0x00, 0x00, 0x00, 0x00, 0x00, 
0x00, 0x00, 0x00, 0x00, 0x00, 0x00, 0x00, 0x00, 0x00, 0x00, 0x00, 0x00, 0x00, 0x00, 0x00, 0x00, 
0x00, 0x00, 0x00, 0x00, 0x00, 0x00, 0x00, 0x00, 0x00, 0x00, 0x00, 0x00, 0x00, 0x00, 0x00, 0x00, 
0x00, 0x00, 0x00, 0x00, 0x00, 0x00, 0x00, 0x00, 0x00, 0x00, 0x00, 0x00, 0x00, 0x00, 0x00, 0x00, 
0x00, 0x00, 0x00, 0x00, 0x00, 0x00, 0x00, 0x00, 0x00, 0x00, 0x00, 0x00, 0x00, 0x00, 0x00, 0x00, 
0x00, 0x00, 0x00, 0x00, 0x00, 0x00, 0x00, 0x00, 0x00, 0x00, 0x00, 0x00, 0x00, 0x00, 0x00, 0x00, 
0x00, 0x00, 0x00, 0x00, 0x00, 0x00, 0x00, 0x00, 0x00, 0x00, 0x00, 0x00, 0x00, 0x00, 0x00, 0x00, 
0x00, 0x00, 0x00, 0x00, 0x00, 0x00, 0x00, 0x00, 0x00, 0x00, 0x00, 0x00, 0x00, 0x00, 0x00, 0x00, 
0x00, 0x00, 0x00, 0x00, 0x00, 0x00, 0x00, 0x00, 0x00, 0x00, 0x00, 0x00, 0x00, 0x00, 0x00, 0x00, 
0x00, 0x00, 0x00, 0x00, 0x00, 0x00, 0x00, 0x00, 0x00, 0x00, 0x00, 0x00, 0x00, 0x00, 0x00, 0x00, 
0x00, 0x00, 0x00, 0x00, 0x00, 0x00, 0x00, 0x00, 0x00, 0x00, 0x00, 0x00, 0x00, 0x00, 0x00, 0x00, 
0x00, 0x00, 0x00, 0x00, 0x00, 0x00, 0x00, 0x00, 0x00, 0x00, 0x00, 0x00, 0x00, 0x00, 0x00, 0x00, 
0x00, 0x00, 0x00, 0x00, 0x00, 0x00, 0x00, 0x00, 0x00, 0x00, 0x00, 0x00, 0x00, 0x00, 0x00, 0x00, 
0x00, 0x00, 0x00, 0x00, 0x00, 0x00, 0x00, 0x00, 0x00, 0x00, 0x00, 0x00, 0x00, 0x00, 0x00, 0x00, 
0x00, 0x00, 0x00, 0x00, 0x00, 0x00, 0x00, 0x00, 0x00, 0x00, 0x00, 0x00, 0x00, 0x00, 0x00, 0x00, 
0x00, 0x00, 0x00, 0x00, 0x00, 0x00, 0x00, 0x00, 0x00, 0x00, 0x00, 0x00, 0x00, 0x00, 0x00, 0x00, 
0x00, 0x00, 0x00, 0x00, 0x00, 0x00, 0x00, 0x00, 0x00, 0x00, 0x00, 0x00, 0x00, 0x00, 0x00, 0x00, 
0x00, 0x00, 0x00, 0x00, 0x00, 0x00, 0x00, 0x00, 0x00, 0x00, 0x00, 0x00, 0x00, 0x00, 0x00, 0x00, 
0x00, 0x00, 0x00, 0x00, 0x00, 0x00, 0x00, 0x00, 0x00, 0x00, 0x00, 0x00, 0x00, 0x00, 0x00, 0x00, 
0x00, 0x00, 0x00, 0x00, 0x00, 0x00, 0x00, 0x00, 0x00, 0x00, 0x00, 0x00, 0x00, 0x00, 0x00, 0x00, 
0x00, 0x00, 0x00, 0x00, 0x00, 0x00, 0x00, 0x00, 0x00, 0x00, 0x00, 0x00, 0x00, 0x00, 0x00, 0x00, 
0x00, 0x00, 0x00, 0x00, 0x00, 0x00, 0x00, 0x00, 0x00, 0x00, 0x00, 0x00, 0x00, 0x00, 0x00, 0x00, 
0x00, 0x00, 0x00, 0x00, 0x00, 0x00, 0x00, 0x00, 0x00, 0x00, 0x00, 0x00, 0x00, 0x00, 0x00, 0x00, 
0x00, 0x00, 0x00, 0x00, 0x00, 0x00, 0x00, 0x00, 0x00, 0x00, 0x00, 0x00, 0x00, 0x00, 0x00, 0x00, 
0x00, 0x00, 0x00, 0x00, 0x00, 0x00, 0x00, 0x00, 0x00, 0x00, 0x00, 0x00, 0x00, 0x00, 0x00, 0x00, 
0x00, 0x00, 0x00, 0x00, 0x00, 0x00, 0x00, 0x00, 0x00, 0x00, 0x00, 0x00, 0x00, 0x00, 0x00, 0x00, 
0x00, 0x00, 0x00, 0x00, 0x00, 0x00, 0x00, 0x00, 0x00, 0x00, 0x00, 0x00, 0x00, 0x00, 0x00, 0x00, 
0x00, 0x00, 0x00, 0x00, 0x00, 0x00, 0x00, 0x00, 0x00, 0x00, 0x00, 0x00, 0x00, 0x00, 0x00, 0x00, 
0x00, 0x00, 0x00, 0x00, 0x00, 0x00, 0x00, 0x00, 0x00, 0x00, 0x00, 0x00, 0x00, 0x00, 0x00, 0x00, 
0x00, 0x00, 0x00, 0x00, 0x00, 0x00, 0x00, 0x00, 0x00, 0x00, 0x00, 0x00, 0x00, 0x00, 0x00, 0x00, 
0x00, 0x00, 0x00, 0x00, 0x00, 0x00, 0x00, 0x00, 0x00, 0x00, 0x00, 0x00, 0x00, 0x00, 0x00, 0x00, 
0x00, 0x00, 0x00, 0x00, 0x00, 0x00, 0x00, 0x00, 0x00, 0x00, 0x00, 0x00, 0x00, 0x00, 0x00, 0x00, 
0x00, 0x00, 0x00, 0x00, 0x00, 0x00, 0x00, 0x00, 0x00, 0x00, 0x00, 0x00, 0x00, 0x00, 0x00, 0x00, 
0x00, 0x00, 0x00, 0x00, 0x00, 0x00, 0x00, 0x00, 0x00, 0x00, 0x00, 0x00, 0x00, 0x00, 0x00, 0x00, 
0x00, 0x00, 0x00, 0x00, 0x00, 0x00, 0x00, 0x00, 0x00, 0x00, 0x00, 0x00, 0x00, 0x00, 0x00, 0x00, 
0x00, 0x00, 0x00, 0x00, 0x00, 0x00, 0x00, 0x00, 0x00, 0x00, 0x00, 0x00, 0x00, 0x00, 0x00, 0x00, 
0x00, 0x00, 0x00, 0x00, 0x00, 0x00, 0x00, 0x00, 0x00, 0x00, 0x00, 0x00, 0x00, 0x00, 0x00, 0x00, 
0x00, 0x00, 0x00, 0x00, 0x00, 0x00, 0x00, 0x00, 0x00, 0x00, 0x00, 0x00, 0x00, 0x00, 0x00, 0x00, 
0x00, 0x00, 0x00, 0x00, 0x00, 0x00, 0x00, 0x00, 0x00, 0x00, 0x00, 0x00, 0x00, 0x00, 0x00, 0x00, 
0x00, 0x00, 0x00, 0x00, 0x00, 0x00, 0x00, 0x00, 0x00, 0x00, 0x00, 0x00, 0x00, 0x00, 0x00, 0x00, 
0x00, 0x00, 0x00, 0x00, 0x00, 0x00, 0x00, 0x00, 0x00, 0x00, 0x00, 0x00, 0x00, 0x00, 0x00, 0x00, 
0x00, 0x00, 0x00, 0x00, 0x00, 0x00, 0x00, 0x00, 0x00, 0x00, 0x00, 0x00, 0x00, 0x00, 0x00, 0x00, 
0x00, 0x00, 0x00, 0x00, 0x00, 0x00, 0x00, 0x00, 0x00, 0x00, 0x00, 0x00, 0x00, 0x00, 0x00, 0x00, 
0x00, 0x00, 0x00, 0x00, 0x00, 0x00, 0x00, 0x00, 0x00, 0x00, 0x00, 0x00, 0x00, 0x00, 0x00, 0x00, 
0x00, 0x00, 0x00, 0x00, 0x00, 0x00, 0x00, 0x00, 0x00, 0x00, 0x00, 0x00, 0x00, 0x00, 0x00, 0x00, 
0x00, 0x00, 0x00, 0x00, 0x00, 0x00, 0x00, 0x00, 0x00, 0x00, 0x00, 0x00, 0x00, 0x00, 0x00, 0x00, 
0x00, 0x00, 0x00, 0x00, 0x00, 0x00, 0x00, 0x00, 0x00, 0x00, 0x00, 0x00, 0x00, 0x00, 0x00, 0x00, 
0x00, 0x00, 0x00, 0x00, 0x00, 0x00, 0x00, 0x00, 0x00, 0x00, 0x00, 0x00, 0x00, 0x00, 0x00, 0x00, 
0x00, 0x00, 0x00, 0x00, 0x00, 0x00, 0x00, 0x00, 0x00, 0x00, 0x00, 0x00, 0x00, 0x00, 0x00, 0x00, 
0x00, 0x00, 0x00, 0x00, 0x00, 0x00, 0x00, 0x00, 0x00, 0x00, 0x00, 0x00, 0x00, 0x00, 0x00, 0x00, 
0x00, 0x00, 0x00, 0x00, 0x00, 0x00, 0x00, 0x00, 0x00, 0x00, 0x00, 0x00, 0x00, 0x00, 0x00, 0x00, 
0x00, 0x00, 0x00, 0x00, 0x00, 0x00, 0x00, 0x00, 0x00, 0x00, 0x00, 0x00, 0x00, 0x00, 0x00, 0x00, 
0x00, 0x00, 0x00, 0x00, 0x00, 0x00, 0x00, 0x00, 0x00, 0x00, 0x00, 0x00, 0x00, 0x00, 0x00, 0x00, 
0x00, 0x00, 0x00, 0x00, 0x00, 0x00, 0x00, 0x00, 0x00, 0x00, 0x00, 0x00, 0x00, 0x00, 0x00, 0x00, 
0x00, 0x00, 0x00, 0x00, 0x00, 0x00, 0x00, 0x00, 0x00, 0x00, 0x00, 0x00, 0x00, 0x00, 0x00, 0x00, 
0x00, 0x00, 0x00, 0x00, 0x00, 0x00, 0x00, 0x00, 0x00, 0x00, 0x00, 0x00, 0x00, 0x00, 0x00, 0x00, 
0x00, 0x00, 0x00, 0x00, 0x00, 0x00, 0x00, 0x00, 0x00, 0x00, 0x00, 0x00, 0x00, 0x00, 0x00, 0x00, 
0x00, 0x00, 0x00, 0x00, 0x00, 0x00, 0x00, 0x00, 0x00, 0x00, 0x00, 0x00, 0x00, 0x00, 0x00, 0x00, 
0x00, 0x00, 0x00, 0x00, 0x00, 0x00, 0x00, 0x00, 0x00, 0x00, 0x00, 0x00, 0x00, 0x00, 0x00, 0x00, 
0x00, 0x00, 0x00, 0x00, 0x00, 0x00, 0x00, 0x00, 0x00, 0x00, 0x00, 0x00, 0x00, 0x00, 0x00, 0x00, 
0x00, 0x00, 0x00, 0x00, 0x00, 0x00, 0x00, 0x00, 0x00, 0x00, 0x00, 0x00, 0x00, 0x00, 0x00, 0x00, 
0x00, 0x00, 0x00, 0x00, 0x00, 0x00, 0x00, 0x00, 0x00, 0x00, 0x00, 0x00, 0x00, 0x00, 0x00, 0x00, 
0x00, 0x00, 0x00, 0x00, 0x00, 0x00, 0x00, 0x00, 0x00, 0x00, 0x00, 0x00, 0x00, 0x00, 0x00, 0x00, 
0x00, 0x00, 0x00, 0x00, 0x00, 0x00, 0x00, 0x00, 0x00, 0x00, 0x00, 0x00, 0x00, 0x00, 0x00, 0x00, 
0x00, 0x00, 0x00, 0x00, 0x00, 0x00, 0x00, 0x00, 0x00, 0x00, 0x00, 0x00, 0x00, 0x00, 0x00, 0x00, 
0x00, 0x00, 0x00, 0x00, 0x00, 0x00, 0x00, 0x00, 0x00, 0x00, 0x00, 0x00, 0x00, 0x00, 0x00, 0x00, 
0x00, 0x00, 0x00, 0x00, 0x00, 0x00, 0x00, 0x00, 0x00, 0x00, 0x00, 0x00, 0x00, 0x00, 0x00, 0x00, 
0x00, 0x00, 0x00, 0x00, 0x00, 0x00, 0x00, 0x00, 0x00, 0x00, 0x00, 0x00, 0x00, 0x00, 0x00, 0x00, 
0x00, 0x00, 0x00, 0x00, 0x00, 0x00, 0x00, 0x00, 0x00, 0x00, 0x00, 0x00, 0x00, 0x00, 0x00, 0x00, 
0x00, 0x00, 0x00, 0x00, 0x00, 0x00, 0x00, 0x00, 0x00, 0x00, 0x00, 0x00, 0x00, 0x00, 0x00, 0x00, 
0x00, 0x00, 0x00, 0x00, 0x00, 0x00, 0x00, 0x00, 0x00, 0x00, 0x00, 0x00, 0x00, 0x00, 0x00, 0x00, 
0x00, 0x00, 0x00, 0x00, 0x00, 0x00, 0x00, 0x00, 0x00, 0x00, 0x00, 0x00, 0x00, 0x00, 0x00, 0x00, 
0x00, 0x00, 0x00, 0x00, 0x00, 0x00, 0x00, 0x00, 0x00, 0x00, 0x00, 0x00, 0x00, 0x00, 0x00, 0x00, 
0x00, 0x00, 0x00, 0x00, 0x00, 0x00, 0x00, 0x00, 0x00, 0x00, 0x00, 0x00, 0x00, 0x00, 0x00, 0x00, 
0x00, 0x00, 0x00, 0x00, 0x00, 0x00, 0x00, 0x00, 0x00, 0x00, 0x00, 0x00, 0x00, 0x00, 0x00, 0x00, 
0x00, 0x00, 0x00, 0x00, 0x00, 0x00, 0x00, 0x00, 0x00, 0x00, 0x00, 0x00, 0x00, 0x00, 0x00, 0x00, 
0x00, 0x00, 0x00, 0x00, 0x00, 0x00, 0x00, 0x00, 0x00, 0x00, 0x00, 0x00, 0x00, 0x00, 0x00, 0x00, 
0x00, 0x00, 0x00, 0x00, 0x00, 0x00, 0x00, 0x00, 0x00, 0x00, 0x00, 0x00, 0x00, 0x00, 0x00, 0x00, 
0x00, 0x00, 0x00, 0x00, 0x00, 0x00, 0x00, 0x00, 0x00, 0x00, 0x00, 0x00, 0x00, 0x00, 0x00, 0x00, 
0x00, 0x00, 0x00, 0x00, 0x00, 0x00, 0x00, 0x00, 0x00, 0x00, 0x00, 0x00, 0x00, 0x00, 0x00, 0x00, 
0x00, 0x00, 0x00, 0x00, 0x00, 0x00, 0x00, 0x00, 0x00, 0x00, 0x00, 0x00, 0x00, 0x00, 0x00, 0x00, 
0x00, 0x00, 0x00, 0x00, 0x00, 0x00, 0x00, 0x00, 0x00, 0x00, 0x00, 0x00, 0x00, 0x00, 0x00, 0x00, 
0x00, 0x00, 0x00, 0x00, 0x00, 0x00, 0x00, 0x00, 0x00, 0x00, 0x00, 0x00, 0x00, 0x00, 0x00, 0x00, 
0x00, 0x00, 0x00, 0x00, 0x00, 0x00, 0x00, 0x00, 0x00, 0x00, 0x00, 0x00, 0x00, 0x00, 0x00, 0x00, 
0x00, 0x00, 0x00, 0x00, 0x00, 0x00, 0x00, 0x00, 0x00, 0x00, 0x00, 0x00, 0x00, 0x00, 0x00, 0x00, 
0x00, 0x00, 0x00, 0x00, 0x00, 0x00, 0x00, 0x00, 0x00, 0x00, 0x00, 0x00, 0x00, 0x00, 0x00, 0x00, 
0x00, 0x00, 0x00, 0x00, 0x00, 0x00, 0x00, 0x00, 0x00, 0x00, 0x00, 0x00, 0x00, 0x00, 0x00, 0x00, 
0x00, 0x00, 0x00, 0x00, 0x00, 0x00, 0x00, 0x00, 0x00, 0x00, 0x00, 0x00, 0x00, 0x00, 0x00, 0x00, 
0x00, 0x00, 0x00, 0x00, 0x00, 0x00, 0x00, 0x00, 0x00, 0x00, 0x00, 0x00, 0x00, 0x00, 0x00, 0x00, 
0x00, 0x00, 0x00, 0x00, 0x00, 0x00, 0x00, 0x00, 0x00, 0x00, 0x00, 0x00, 0x00, 0x00, 0x00, 0x00, 
0x00, 0x00, 0x00, 0x00, 0x00, 0x00, 0x00, 0x00, 0x00, 0x00, 0x00, 0x00, 0x00, 0x00, 0x00, 0x00, 
0x00, 0x00, 0x00, 0x00, 0x00, 0x00, 0x00, 0x00, 0x00, 0x00, 0x00, 0x00, 0x00, 0x00, 0x00, 0x00, 
0x00, 0x00, 0x00, 0x00, 0x00, 0x00, 0x00, 0x00, 0x00, 0x00, 0x00, 0x00, 0x00, 0x00, 0x00, 0x00, 
0x00, 0x00, 0x00, 0x00, 0x00, 0x00, 0x00, 0x00, 0x00, 0x00, 0x00, 0x00, 0x00, 0x00, 0x00, 0x00, 
0x00, 0x00, 0x00, 0x00, 0x00, 0x00, 0x00, 0x00, 0x00, 0x00, 0x00, 0x00, 0x00, 0x00, 0x00, 0x00, 
0x00, 0x00, 0x00, 0x00, 0x00, 0x00, 0x00, 0x00, 0x00, 0x00, 0x00, 0x00, 0x00, 0x00, 0x00, 0x00, 
0x00, 0x00, 0x00, 0x00, 0x00, 0x00, 0x00, 0x00, 0x00, 0x00, 0x00, 0x00, 0x00, 0x00, 0x00, 0x00, 
0x00, 0x00, 0x00, 0x00, 0x00, 0x00, 0x00, 0x00, 0x00, 0x00, 0x00, 0x00, 0x00, 0x00, 0x00, 0x00, 
0x00, 0x00, 0x00, 0x00, 0x00, 0x00, 0x00, 0x00, 0x00, 0x00, 0x00, 0x00, 0x00, 0x00, 0x00, 0x00, 
0x00, 0x00, 0x00, 0x00, 0x00, 0x00, 0x00, 0x00, 0x00, 0x00, 0x00, 0x00, 0x00, 0x00, 0x00, 0x00, 
0x00, 0x00, 0x00, 0x00, 0x00, 0x00, 0x00, 0x00, 0x00, 0x00, 0x00, 0x00, 0x00, 0x00, 0x00, 0x00, 
0x00, 0x00, 0x00, 0x00, 0x00, 0x00, 0x00, 0x00, 0x00, 0x00, 0x00, 0x00, 0x00, 0x00, 0x00, 0x00, 
0x00, 0x00, 0x00, 0x00, 0x00, 0x00, 0x00, 0x00, 0x00, 0x00, 0x00, 0x00, 0x00, 0x00, 0x00, 0x00, 
0x00, 0x00, 0x00, 0x00, 0x00, 0x00, 0x00, 0x00, 0x00, 0x00, 0x00, 0x00, 0x00, 0x00, 0x00, 0x00, 
0x00, 0x00, 0x00, 0x00, 0x00, 0x00, 0x00, 0x00, 0x00, 0x00, 0x00, 0x00, 0x00, 0x00, 0x00, 0x00, 
0x00, 0x00, 0x00, 0x00, 0x00, 0x00, 0x00, 0x00, 0x00, 0x00, 0x00, 0x00, 0x00, 0x00, 0x00, 0x00, 
0x00, 0x00, 0x00, 0x00, 0x00, 0x00, 0x00, 0x00, 0x00, 0x00, 0x00, 0x00, 0x00, 0x00, 0x00, 0x00, 
0x00, 0x00, 0x00, 0x00, 0x00, 0x00, 0x00, 0x00, 0x00, 0x00, 0x00, 0x00, 0x00, 0x00, 0x00, 0x00, 
0x00, 0x00, 0x00, 0x00, 0x00, 0x00, 0x00, 0x00, 0x00, 0x00, 0x00, 0x00, 0x00, 0x00, 0x00, 0x00, 
0x00, 0x00, 0x00, 0x00, 0x00, 0x00, 0x00, 0x00, 0x00, 0x00, 0x00, 0x00, 0x00, 0x00, 0x00, 0x00, 
0x00, 0x00, 0x00, 0x00, 0x00, 0x00, 0x00, 0x00, 0x00, 0x00, 0x00, 0x00, 0x00, 0x00, 0x00, 0x00, 
0x00, 0x00, 0x00, 0x00, 0x00, 0x00, 0x00, 0x00, 0x00, 0x00, 0x00, 0x00, 0x00, 0x00, 0x00, 0x00, 
0x00, 0x00, 0x00, 0x00, 0x00, 0x00, 0x00, 0x00, 0x00, 0x00, 0x00, 0x00, 0x00, 0x00, 0x00, 0x00, 
0x00, 0x00, 0x00, 0x00, 0x00, 0x00, 0x00, 0x00, 0x00, 0x00, 0x00, 0x00, 0x00, 0x00, 0x00, 0x00, 
0x00, 0x00, 0x00, 0x00, 0x00, 0x00, 0x00, 0x00, 0x00, 0x00, 0x00, 0x00, 0x00, 0x00, 0x00, 0x00, 
0x00, 0x00, 0x00, 0x00, 0x00, 0x00, 0x00, 0x00, 0x00, 0x00, 0x00, 0x00, 0x00, 0x00, 0x00, 0x00, 
0x00, 0x00, 0x00, 0x00, 0x00, 0x00, 0x00, 0x00, 0x00, 0x00, 0x00, 0x00, 0x00, 0x00, 0x00, 0x00, 
0x00, 0x00, 0x00, 0x00, 0x00, 0x00, 0x00, 0x00, 0x00, 0x00, 0x00, 0x00, 0x00, 0x00, 0x00, 0x00, 
0x00, 0x00, 0x00, 0x00, 0x00, 0x00, 0x00, 0x00, 0x00, 0x00, 0x00, 0x00, 0x00, 0x00, 0x00, 0x00, 
0x00, 0x00, 0x00, 0x00, 0x00, 0x00, 0x00, 0x00, 0x00, 0x00, 0x00, 0x00, 0x00, 0x00, 0x00, 0x00, 
0x00, 0x00, 0x00, 0x00, 0x00, 0x00, 0x00, 0x00, 0x00, 0x00, 0x00, 0x00, 0x00, 0x00, 0x00, 0x00, 
0x00, 0x00, 0x00, 0x00, 0x00, 0x00, 0x00, 0x00, 0x00, 0x00, 0x00, 0x00, 0x00, 0x00, 0x00, 0x00, 
0x00, 0x00, 0x00, 0x00, 0x00, 0x00, 0x00, 0x00, 0x00, 0x00, 0x00, 0x00, 0x00, 0x00, 0x00, 0x00, 
0x00, 0x00, 0x00, 0x00, 0x00, 0x00, 0x00, 0x00, 0x00, 0x00, 0x00, 0x00, 0x00, 0x00, 0x00, 0x00, 
0x00, 0x00, 0x00, 0x00, 0x00, 0x00, 0x00, 0x00, 0x00, 0x00, 0x00, 0x00, 0x00, 0x00, 0x00, 0x00, 
0x00, 0x00, 0x00, 0x00, 0x00, 0x00, 0x00, 0x00, 0x00, 0x00, 0x00, 0x00, 0x00, 0x00, 0x00, 0x00, 
0x00, 0x00, 0x00, 0x00, 0x00, 0x00, 0x00, 0x00, 0x00, 0x00, 0x00, 0x00, 0x00, 0x00, 0x00, 0x00, 
0x00, 0x00, 0x00, 0x00, 0x00, 0x00, 0x00, 0x00, 0x00, 0x00, 0x00, 0x00, 0x00, 0x00, 0x00, 0x00, 
0x00, 0x00, 0x00, 0x00, 0x00, 0x00, 0x00, 0x00, 0x00, 0x00, 0x00, 0x00, 0x00, 0x00, 0x00, 0x00, 
0x00, 0x00, 0x00, 0x00, 0x00, 0x00, 0x00, 0x00, 0x00, 0x00, 0x00, 0x00, 0x00, 0x00, 0x00, 0x00, 
0x00, 0x00, 0x00, 0x00, 0x00, 0x00, 0x00, 0x00, 0x00, 0x00, 0x00, 0x00, 0x00, 0x00, 0x00, 0x00, 
0x00, 0x00, 0x00, 0x00, 0x00, 0x00, 0x00, 0x00, 0x00, 0x00, 0x00, 0x00, 0x00, 0x00, 0x00, 0x00, 
0x00, 0x00, 0x00, 0x00, 0x00, 0x00, 0x00, 0x00, 0x00, 0x00, 0x00, 0x00, 0x00, 0x00, 0x00, 0x00, 
0x00, 0x00, 0x00, 0x00, 0x00, 0x00, 0x00, 0x00, 0x00, 0x00, 0x00, 0x00, 0x00, 0x00, 0x00, 0x00, 
0x00, 0x00, 0x00, 0x00, 0x00, 0x00, 0x00, 0x00, 0x00, 0x00, 0x00, 0x00, 0x00, 0x00, 0x00, 0x00, 
0x00, 0x00, 0x00, 0x00, 0x00, 0x00, 0x00, 0x00, 0x00, 0x00, 0x00, 0x00, 0x00, 0x00, 0x00, 0x00, 
0x00, 0x00, 0x00, 0x00, 0x00, 0x00, 0x00, 0x00, 0x00, 0x00, 0x00, 0x00, 0x00, 0x00, 0x00, 0x00, 
0x00, 0x00, 0x00, 0x00, 0x00, 0x00, 0x00, 0x00, 0x00, 0x00, 0x00, 0x00, 0x00, 0x00, 0x00, 0x00, 
0x00, 0x00, 0x00, 0x00, 0x00, 0x00, 0x00, 0x00, 0x00, 0x00, 0x00, 0x00, 0x00, 0x00, 0x00, 0x00, 
0x00, 0x00, 0x00, 0x00, 0x00, 0x00, 0x00, 0x00, 0x00, 0x00, 0x00, 0x00, 0x00, 0x00, 0x00, 0x00, 
0x00, 0x00, 0x00, 0x00, 0x00, 0x00, 0x00, 0x00, 0x00, 0x00, 0x00, 0x00, 0x00, 0x00, 0x00, 0x00, 
0x00, 0x00, 0x00, 0x00, 0x00, 0x00, 0x00, 0x00, 0x00, 0x00, 0x00, 0x00, 0x00, 0x00, 0x00, 0x00, 
0x00, 0x00, 0x00, 0x00, 0x00, 0x00, 0x00, 0x00, 0x00, 0x00, 0x00, 0x00, 0x00, 0x00, 0x00, 0x00, 
0x00, 0x00, 0x00, 0x00, 0x00, 0x00, 0x00, 0x00, 0x00, 0x00, 0x00, 0x00, 0x00, 0x00, 0x00, 0x00, 
0x00, 0x00, 0x00, 0x00, 0x00, 0x00, 0x00, 0x00, 0x00, 0x00, 0x00, 0x00, 0x00, 0x00, 0x00, 0x00, 
0x00, 0x00, 0x00, 0x00, 0x00, 0x00, 0x00, 0x00, 0x00, 0x00, 0x00, 0x00, 0x00, 0x00, 0x00, 0x00, 
0x00, 0x00, 0x00, 0x00, 0x00, 0x00, 0x00, 0x00, 0x00, 0x00, 0x00, 0x00, 0x00, 0x00, 0x00, 0x00, 
0x00, 0x00, 0x00, 0x00, 0x00, 0x00, 0x00, 0x00, 0x00, 0x00, 0x00, 0x00, 0x00, 0x00, 0x00, 0x00, 
0x00, 0x00, 0x00, 0x00, 0x00, 0x00, 0x00, 0x00, 0x00, 0x00, 0x00, 0x00, 0x00, 0x00, 0x00, 0x00, 
0x00, 0x00, 0x00, 0x00, 0x00, 0x00, 0x00, 0x00, 0x00, 0x00, 0x00, 0x00, 0x00, 0x00, 0x00, 0x00, 
0x00, 0x00, 0x00, 0x00, 0x00, 0x00, 0x00, 0x00, 0x00, 0x00, 0x00, 0x00, 0x00, 0x00, 0x00, 0x00, 
0x00, 0x00, 0x00, 0x00, 0x00, 0x00, 0x00, 0x00, 0x00, 0x00, 0x00, 0x00, 0x00, 0x00, 0x00, 0x00, 
0x00, 0x00, 0x00, 0x00, 0x00, 0x00, 0x00, 0x00, 0x00, 0x00, 0x00, 0x00, 0x00, 0x00, 0x00, 0x00, 
0x00, 0x00, 0x00, 0x00, 0x00, 0x00, 0x00, 0x00, 0x00, 0x00, 0x00, 0x00, 0x00, 0x00, 0x00, 0x00, 
0x00, 0x00, 0x00, 0x00, 0x00, 0x00, 0x00, 0x00, 0x00, 0x00, 0x00, 0x00, 0x00, 0x00, 0x00, 0x00, 
0x00, 0x00, 0x00, 0x00, 0x00, 0x00, 0x00, 0x00, 0x00, 0x00, 0x00, 0x00, 0x00, 0x00, 0x00, 0x00, 
0x00, 0x00, 0x00, 0x00, 0x00, 0x00, 0x00, 0x00, 0x00, 0x00, 0x00, 0x00, 0x00, 0x00, 0x00, 0x00, 
0x00, 0x00, 0x00, 0x00, 0x00, 0x00, 0x00, 0x00, 0x00, 0x00, 0x00, 0x00, 0x00, 0x00, 0x00, 0x00, 
0x00, 0x00, 0x00, 0x00, 0x00, 0x00, 0x00, 0x00, 0x00, 0x00, 0x00, 0x00, 0x00, 0x00, 0x00, 0x00, 
0x00, 0x00, 0x00, 0x00, 0x00, 0x00, 0x00, 0x00, 0x00, 0x00, 0x00, 0x00, 0x00, 0x00, 0x00, 0x00, 
0x00, 0x00, 0x00, 0x00, 0x00, 0x00, 0x00, 0x00, 0x00, 0x00, 0x00, 0x00, 0x00, 0x00, 0x00, 0x00, 
0x00, 0x00, 0x00, 0x00, 0x00, 0x00, 0x00, 0x00, 0x00, 0x00, 0x00, 0x00, 0x00, 0x00, 0x00, 0x00, 
0x00, 0x00, 0x00, 0x00, 0x00, 0x00, 0x00, 0x00, 0x00, 0x00, 0x00, 0x00, 0x00, 0x00, 0x00, 0x00, 
0x00, 0x00, 0x00, 0x00, 0x00, 0x00, 0x00, 0x00, 0x00, 0x00, 0x00, 0x00, 0x00, 0x00, 0x00, 0x00, 
0x00, 0x00, 0x00, 0x00, 0x00, 0x00, 0x00, 0x00, 0x00, 0x00, 0x00, 0x00, 0x00, 0x00, 0x00, 0x00, 
0x00, 0x00, 0x00, 0x00, 0x00, 0x00, 0x00, 0x00, 0x00, 0x00, 0x00, 0x00, 0x00, 0x00, 0x00, 0x00, 
0x00, 0x00, 0x00, 0x00, 0x00, 0x00, 0x00, 0x00, 0x00, 0x00, 0x00, 0x00, 0x00, 0x00, 0x00, 0x00, 
0x00, 0x00, 0x00, 0x00, 0x00, 0x00, 0x00, 0x00, 0x00, 0x00, 0x00, 0x00, 0x00, 0x00, 0x00, 0x00, 
0x00, 0x00, 0x00, 0x00, 0x00, 0x00, 0x00, 0x00, 0x00, 0x00, 0x00, 0x00, 0x00, 0x00, 0x00, 0x00, 
0x00, 0x00, 0x00, 0x00, 0x00, 0x00, 0x00, 0x00, 0x00, 0x00, 0x00, 0x00, 0x00, 0x00, 0x00, 0x00, 
0x00, 0x00, 0x00, 0x00, 0x00, 0x00, 0x00, 0x00, 0x00, 0x00, 0x00, 0x00, 0x00, 0x00, 0x00, 0x00, 
0x00, 0x00, 0x00, 0x00, 0x00, 0x00, 0x00, 0x00, 0x00, 0x00, 0x00, 0x00, 0x00, 0x00, 0x00, 0x00, 
0x00, 0x00, 0x00, 0x00, 0x00, 0x00, 0x00, 0x00, 0x00, 0x00, 0x00, 0x00, 0x00, 0x00, 0x00, 0x00, 
0x00, 0x00, 0x00, 0x00, 0x00, 0x00, 0x00, 0x00, 0x00, 0x00, 0x00, 0x00, 0x00, 0x00, 0x00, 0x00, 
0x00, 0x00, 0x00, 0x00, 0x00, 0x00, 0x00, 0x00, 0x00, 0x00, 0x00, 0x00, 0x00, 0x00, 0x00, 0x00, 
0x00, 0x00, 0x00, 0x00, 0x00, 0x00, 0x00, 0x00, 0x00, 0x00, 0x00, 0x00, 0x00, 0x00, 0x00, 0x00, 
0x00, 0x00, 0x00, 0x00, 0x00, 0x00, 0x00, 0x00, 0x00, 0x00, 0x00, 0x00, 0x00, 0x00, 0x00, 0x00, 
0x00, 0x00, 0x00, 0x00, 0x00, 0x00, 0x00, 0x00, 0x00, 0x00, 0x00, 0x00, 0x00, 0x00, 0x00, 0x00, 
0x00, 0x00, 0x00, 0x00, 0x00, 0x00, 0x00, 0x00, 0x00, 0x00, 0x00, 0x00, 0x00, 0x00, 0x00, 0x00, 
0x00, 0x00, 0x00, 0x00, 0x00, 0x00, 0x00, 0x00, 0x00, 0x00, 0x00, 0x00, 0x00, 0x00, 0x00, 0x00, 
0x00, 0x00, 0x00, 0x00, 0x00, 0x00, 0x00, 0x00, 0x00, 0x00, 0x00, 0x00, 0x00, 0x00, 0x00, 0x00, 
0x00, 0x00, 0x00, 0x00, 0x00, 0x00, 0x00, 0x00, 0x00, 0x00, 0x00, 0x00, 0x00, 0x00, 0x00, 0x00, 
0x00, 0x00, 0x00, 0x00, 0x00, 0x00, 0x00, 0x00, 0x00, 0x00, 0x00, 0x00, 0x00, 0x00, 0x00, 0x00, 
0x00, 0x00, 0x00, 0x00, 0x00, 0x00, 0x00, 0x00, 0x00, 0x00, 0x00, 0x00, 0x00, 0x00, 0x00, 0x00, 
0x00, 0x00, 0x00, 0x00, 0x00, 0x00, 0x00, 0x00, 0x00, 0x00, 0x00, 0x00, 0x00, 0x00, 0x00, 0x00, 
0x00, 0x00, 0x00, 0x00, 0x00, 0x00, 0x00, 0x00, 0x00, 0x00, 0x00, 0x00, 0x00, 0x00, 0x00, 0x00, 
0x00, 0x00, 0x00, 0x00, 0x00, 0x00, 0x00, 0x00, 0x00, 0x00, 0x00, 0x00, 0x00, 0x00, 0x00, 0x00, 
0x00, 0x00, 0x00, 0x00, 0x00, 0x00, 0x00, 0x00, 0x00, 0x00, 0x00, 0x00, 0x00, 0x00, 0x00, 0x00, 
0x00, 0x00, 0x00, 0x00, 0x00, 0x00, 0x00, 0x00, 0x00, 0x00, 0x00, 0x00, 0x00, 0x00, 0x00, 0x00, 
0x00, 0x00, 0x00, 0x00, 0x00, 0x00, 0x00, 0x00, 0x00, 0x00, 0x00, 0x00, 0x00, 0x00, 0x00, 0x00, 
0x00, 0x00, 0x00, 0x00, 0x00, 0x00, 0x00, 0x00, 0x00, 0x00, 0x00, 0x00, 0x00, 0x00, 0x00, 0x00, 
0x00, 0x00, 0x00, 0x00, 0x00, 0x00, 0x00, 0x00, 0x00, 0x00, 0x00, 0x00, 0x00, 0x00, 0x00, 0x00, 
0x00, 0x00, 0x00, 0x00, 0x00, 0x00, 0x00, 0x00, 0x00, 0x00, 0x00, 0x00, 0x00, 0x00, 0x00, 0x00, 
0x00, 0x00, 0x00, 0x00, 0x00, 0x00, 0x00, 0x00, 0x00, 0x00, 0x00, 0x00, 0x00, 0x00, 0x00, 0x00, 
0x00, 0x00, 0x00, 0x00, 0x00, 0x00, 0x00, 0x00, 0x00, 0x00, 0x00, 0x00, 0x00, 0x00, 0x00, 0x00, 
0x00, 0x00, 0x00, 0x00, 0x00, 0x00, 0x00, 0x00, 0x00, 0x00, 0x00, 0x00, 0x00, 0x00, 0x00, 0x00, 
0x00, 0x00, 0x00, 0x00, 0x00, 0x00, 0x00, 0x00, 0x00, 0x00, 0x00, 0x00, 0x00, 0x00, 0x00, 0x00, 
0x00, 0x00, 0x00, 0x00, 0x00, 0x00, 0x00, 0x00, 0x00, 0x00, 0x00, 0x00, 0x00, 0x00, 0x00, 0x00, 
0x00, 0x00, 0x00, 0x00, 0x00, 0x00, 0x00, 0x00, 0x00, 0x00, 0x00, 0x00, 0x00, 0x00, 0x00, 0x00, 
0x00, 0x00, 0x00, 0x00, 0x00, 0x00, 0x00, 0x00, 0x00, 0x00, 0x00, 0x00, 0x00, 0x00, 0x00, 0x00, 
0x00, 0x00, 0x00, 0x00, 0x00, 0x00, 0x00, 0x00, 0x00, 0x00, 0x00, 0x00, 0x00, 0x00, 0x00, 0x00, 
0x00, 0x00, 0x00, 0x00, 0x00, 0x00, 0x00, 0x00, 0x00, 0x00, 0x00, 0x00, 0x00, 0x00, 0x00, 0x00, 
0x00, 0x00, 0x00, 0x00, 0x00, 0x00, 0x00, 0x00, 0x00, 0x00, 0x00, 0x00, 0x00, 0x00, 0x00, 0x00, 
0x00, 0x00, 0x00, 0x00, 0x00, 0x00, 0x00, 0x00, 0x00, 0x00, 0x00, 0x00, 0x00, 0x00, 0x00, 0x00, 
0x00, 0x00, 0x00, 0x00, 0x00, 0x00, 0x00, 0x00, 0x00, 0x00, 0x00, 0x00, 0x00, 0x00, 0x00, 0x00, 
0x00, 0x00, 0x00, 0x00, 0x00, 0x00, 0x00, 0x00, 0x00, 0x00, 0x00, 0x00, 0x00, 0x00, 0x00, 0x00, 
0x00, 0x00, 0x00, 0x00, 0x00, 0x00, 0x00, 0x00, 0x00, 0x00, 0x00, 0x00, 0x00, 0x00, 0x00, 0x00, 
0x00, 0x00, 0x00, 0x00, 0x00, 0x00, 0x00, 0x00, 0x00, 0x00, 0x00, 0x00, 0x00, 0x00, 0x00, 0x00, 
0x00, 0x00, 0x00, 0x00, 0x00, 0x00, 0x00, 0x00, 0x00, 0x00, 0x00, 0x00, 0x00, 0x00, 0x00, 0x00, 
0x00, 0x00, 0x00, 0x00, 0x00, 0x00, 0x00, 0x00, 0x00, 0x00, 0x00, 0x00, 0x00, 0x00, 0x00, 0x00, 
0x00, 0x00, 0x00, 0x00, 0x00, 0x00, 0x00, 0x00, 0x00, 0x00, 0x00, 0x00, 0x00, 0x00, 0x00, 0x00, 
0x00, 0x00, 0x00, 0x00, 0x00, 0x00, 0x00, 0x00, 0x00, 0x00, 0x00, 0x00, 0x00, 0x00, 0x00, 0x00, 
0x00, 0x00, 0x00, 0x00, 0x00, 0x00, 0x00, 0x00, 0x00, 0x00, 0x00, 0x00, 0x00, 0x00, 0x00, 0x00, 
0x00, 0x00, 0x00, 0x00, 0x00, 0x00, 0x00, 0x00, 0x00, 0x00, 0x00, 0x00, 0x00, 0x00, 0x00, 0x00, 
0x00, 0x00, 0x00, 0x00, 0x00, 0x00, 0x00, 0x00, 0x00, 0x00, 0x00, 0x00, 0x00, 0x00, 0x00, 0x00, 
0x00, 0x00, 0x00, 0x00, 0x00, 0x00, 0x00, 0x00, 0x00, 0x00, 0x00, 0x00, 0x00, 0x00, 0x00, 0x00, 
0x00, 0x00, 0x00, 0x00, 0x00, 0x00, 0x00, 0x00, 0x00, 0x00, 0x00, 0x00, 0x00, 0x00, 0x00, 0x00, 
0x00, 0x00, 0x00, 0x00, 0x00, 0x00, 0x00, 0x00, 0x00, 0x00, 0x00, 0x00, 0x00, 0x00, 0x00, 0x00, 
0x00, 0x00, 0x00, 0x00, 0x00, 0x00, 0x00, 0x00, 0x00, 0x00, 0x00, 0x00, 0x00, 0x00, 0x00, 0x00, 
0x00, 0x00, 0x00, 0x00, 0x00, 0x00, 0x00, 0x00, 0x00, 0x00, 0x00, 0x00, 0x00, 0x00, 0x00, 0x00, 
0x00, 0x00, 0x00, 0x00, 0x00, 0x00, 0x00, 0x00, 0x00, 0x00, 0x00, 0x00, 0x00, 0x00, 0x00, 0x00, 
0x00, 0x00, 0x00, 0x00, 0x00, 0x00, 0x00, 0x00, 0x00, 0x00, 0x00, 0x00, 0x00, 0x00, 0x00, 0x00, 
0x00, 0x00, 0x00, 0x00, 0x00, 0x00, 0x00, 0x00, 0x00, 0x00, 0x00, 0x00, 0x00, 0x00, 0x00, 0x00, 
0x00, 0x00, 0x00, 0x00, 0x00, 0x00, 0x00, 0x00, 0x00, 0x00, 0x00, 0x00, 0x00, 0x00, 0x00, 0x00, 
0x00, 0x00, 0x00, 0x00, 0x00, 0x00, 0x00, 0x00, 0x00, 0x00, 0x00, 0x00, 0x00, 0x00, 0x00, 0x00, 
0x00, 0x00, 0x00, 0x00, 0x00, 0x00, 0x00, 0x00, 0x00, 0x00, 0x00, 0x00, 0x00, 0x00, 0x00, 0x00, 
0x00, 0x00, 0x00, 0x00, 0x00, 0x00, 0x00, 0x00, 0x00, 0x00, 0x00, 0x00, 0x00, 0x00, 0x00, 0x00, 
0x00, 0x00, 0x00, 0x00, 0x00, 0x00, 0x00, 0x00, 0x00, 0x00, 0x00, 0x00, 0x00, 0x00, 0x00, 0x00, 
0x00, 0x00, 0x00, 0x00, 0x00, 0x00, 0x00, 0x00, 0x00, 0x00, 0x00, 0x00, 0x00, 0x00, 0x00, 0x00, 
0x00, 0x00, 0x00, 0x00, 0x00, 0x00, 0x00, 0x00, 0x00, 0x00, 0x00, 0x00, 0x00, 0x00, 0x00, 0x00, 
0x00, 0x00, 0x00, 0x00, 0x00, 0x00, 0x00, 0x00, 0x00, 0x00, 0x00, 0x00, 0x00, 0x00, 0x00, 0x00, 
0x00, 0x00, 0x00, 0x00, 0x00, 0x00, 0x00, 0x00, 0x00, 0x00, 0x00, 0x00, 0x00, 0x00, 0x00, 0x00, 
0x00, 0x00, 0x00, 0x00, 0x00, 0x00, 0x00, 0x00, 0x00, 0x00, 0x00, 0x00, 0x00, 0x00, 0x00, 0x00, 
0x00, 0x00, 0x00, 0x00, 0x00, 0x00, 0x00, 0x00, 0x00, 0x00, 0x00, 0x00, 0x00, 0x00, 0x00, 0x00, 
0x00, 0x00, 0x00, 0x00, 0x00, 0x00, 0x00, 0x00, 0x00, 0x00, 0x00, 0x00, 0x00, 0x00, 0x00, 0x00, 
0x00, 0x00, 0x00, 0x00, 0x00, 0x00, 0x00, 0x00, 0x00, 0x00, 0x00, 0x00, 0x00, 0x00, 0x00, 0x00, 
0x00, 0x00, 0x00, 0x00, 0x00, 0x00, 0x00, 0x00, 0x00, 0x00, 0x00, 0x00, 0x00, 0x00, 0x00, 0x00, 
0x00, 0x00, 0x00, 0x00, 0x00, 0x00, 0x00, 0x00, 0x00, 0x00, 0x00, 0x00, 0x00, 0x00, 0x00, 0x00, 
0x00, 0x00, 0x00, 0x00, 0x00, 0x00, 0x00, 0x00, 0x00, 0x00, 0x00, 0x00, 0x00, 0x00, 0x00, 0x00, 
0x00, 0x00, 0x00, 0x00, 0x00, 0x00, 0x00, 0x00, 0x00, 0x00, 0x00, 0x00, 0x00, 0x00, 0x00, 0x00, 
0x00, 0x00, 0x00, 0x00, 0x00, 0x00, 0x00, 0x00, 0x00, 0x00, 0x00, 0x00, 0x00, 0x00, 0x00, 0x00, 
0x00, 0x00, 0x00, 0x00, 0x00, 0x00, 0x00, 0x00, 0x00, 0x00, 0x00, 0x00, 0x00, 0x00, 0x00, 0x00, 
0x00, 0x00, 0x00, 0x00, 0x00, 0x00, 0x00, 0x00, 0x00, 0x00, 0x00, 0x00, 0x00, 0x00, 0x00, 0x00, 
0x00, 0x00, 0x00, 0x00, 0x00, 0x00, 0x00, 0x00, 0x00, 0x00, 0x00, 0x00, 0x00, 0x00, 0x00, 0x00, 
0x00, 0x00, 0x00, 0x00, 0x00, 0x00, 0x00, 0x00, 0x00, 0x00, 0x00, 0x00, 0x00, 0x00, 0x00, 0x00, 
0x00, 0x00, 0x00, 0x00, 0x00, 0x00, 0x00, 0x00, 0x00, 0x00, 0x00, 0x00, 0x00, 0x00, 0x00, 0x00, 
0x00, 0x00, 0x00, 0x00, 0x00, 0x00, 0x00, 0x00, 0x00, 0x00, 0x00, 0x00, 0x00, 0x00, 0x00, 0x00, 
0x00, 0x00, 0x00, 0x00, 0x00, 0x00, 0x00, 0x00, 0x00, 0x00, 0x00, 0x00, 0x00, 0x00, 0x00, 0x00, 
0x00, 0x00, 0x00, 0x00, 0x00, 0x00, 0x00, 0x00, 0x00, 0x00, 0x00, 0x00, 0x00, 0x00, 0x00, 0x00, 
0x00, 0x00, 0x00, 0x00, 0x00, 0x00, 0x00, 0x00, 0x00, 0x00, 0x00, 0x00, 0x00, 0x00, 0x00, 0x00, 
0x00, 0x00, 0x00, 0x00, 0x00, 0x00, 0x00, 0x00, 0x00, 0x00, 0x00, 0x00, 0x00, 0x00, 0x00, 0x00, 
0x00, 0x00, 0x00, 0x00, 0x00, 0x00, 0x00, 0x00, 0x00, 0x00, 0x00, 0x00, 0x00, 0x00, 0x00, 0x00, 
0x00, 0x00, 0x00, 0x00, 0x00, 0x00, 0x00, 0x00, 0x00, 0x00, 0x00, 0x00, 0x00, 0x00, 0x00, 0x00, 
0x00, 0x00, 0x00, 0x00, 0x00, 0x00, 0x00, 0x00, 0x00, 0x00, 0x00, 0x00, 0x00, 0x00, 0x00, 0x00, 
0x00, 0x00, 0x00, 0x00, 0x00, 0x00, 0x00, 0x00, 0x00, 0x00, 0x00, 0x00, 0x00, 0x00, 0x00, 0x00, 
0x00, 0x00, 0x00, 0x00, 0x00, 0x00, 0x00, 0x00, 0x00, 0x00, 0x00, 0x00, 0x00, 0x00, 0x00, 0x00, 
0x00, 0x00, 0x00, 0x00, 0x00, 0x00, 0x00, 0x00, 0x00, 0x00, 0x00, 0x00, 0x00, 0x00, 0x00, 0x00, 
0x00, 0x00, 0x00, 0x00, 0x00, 0x00, 0x00, 0x00, 0x00, 0x00, 0x00, 0x00, 0x00, 0x00, 0x00, 0x00, 
0x00, 0x00, 0x00, 0x00, 0x00, 0x00, 0x00, 0x00, 0x00, 0x00, 0x00, 0x00, 0x00, 0x00, 0x00, 0x00, 
0x00, 0x00, 0x00, 0x00, 0x00, 0x00, 0x00, 0x00, 0x00, 0x00, 0x00, 0x00, 0x00, 0x00, 0x00, 0x00, 
0x00, 0x00, 0x00, 0x00, 0x00, 0x00, 0x00, 0x00, 0x00, 0x00, 0x00, 0x00, 0x00, 0x00, 0x00, 0x00, 
0x00, 0x00, 0x00, 0x00, 0x00, 0x00, 0x00, 0x00, 0x00, 0x00, 0x00, 0x00, 0x00, 0x00, 0x00, 0x00, 
0x00, 0x00, 0x00, 0x00, 0x00, 0x00, 0x00, 0x00, 0x00, 0x00, 0x00, 0x00, 0x00, 0x00, 0x00, 0x00, 
0x00, 0x00, 0x00, 0x00, 0x00, 0x00, 0x00, 0x00, 0x00, 0x00, 0x00, 0x00, 0x00, 0x00, 0x00, 0x00, 
0x00, 0x00, 0x00, 0x00, 0x00, 0x00, 0x00, 0x00, 0x00, 0x00, 0x00, 0x00, 0x00, 0x00, 0x00, 0x00, 
0x00, 0x00, 0x00, 0x00, 0x00, 0x00, 0x00, 0x00, 0x00, 0x00, 0x00, 0x00, 0x00, 0x00, 0x00, 0x00, 
0x00, 0x00, 0x00, 0x00, 0x00, 0x00, 0x00, 0x00, 0x00, 0x00, 0x00, 0x00, 0x00, 0x00, 0x00, 0x00, 
0x00, 0x00, 0x00, 0x00, 0x00, 0x00, 0x00, 0x00, 0x00, 0x00, 0x00, 0x00, 0x00, 0x00, 0x00, 0x00, 
0x00, 0x00, 0x00, 0x00, 0x00, 0x00, 0x00, 0x00, 0x00, 0x00, 0x00, 0x00, 0x00, 0x00, 0x00, 0x00, 
0x00, 0x00, 0x00, 0x00, 0x00, 0x00, 0x00, 0x00, 0x00, 0x00, 0x00, 0x00, 0x00, 0x00, 0x00, 0x00, 
0x00, 0x00, 0x00, 0x00, 0x00, 0x00, 0x00, 0x00, 0x00, 0x00, 0x00, 0x00, 0x00, 0x00, 0x00, 0x00, 
0x00, 0x00, 0x00, 0x00, 0x00, 0x00, 0x00, 0x00, 0x00, 0x00, 0x00, 0x00, 0x00, 0x00, 0x00, 0x00, 
0x00, 0x00, 0x00, 0x00, 0x00, 0x00, 0x00, 0x00, 0x00, 0x00, 0x00, 0x00, 0x00, 0x00, 0x00, 0x00, 
0x00, 0x00, 0x00, 0x00, 0x00, 0x00, 0x00, 0x00, 0x00, 0x00, 0x00, 0x00, 0x00, 0x00, 0x00, 0x00, 
0x00, 0x00, 0x00, 0x00, 0x00, 0x00, 0x00, 0x00, 0x00, 0x00, 0x00, 0x00, 0x00, 0x00, 0x00, 0x00, 
0x00, 0x00, 0x00, 0x00, 0x00, 0x00, 0x00, 0x00, 0x00, 0x00, 0x00, 0x00, 0x00, 0x00, 0x00, 0x00, 
0x00, 0x00, 0x00, 0x00, 0x00, 0x00, 0x00, 0x00, 0x00, 0x00, 0x00, 0x00, 0x00, 0x00, 0x00, 0x00, 
0x00, 0x00, 0x00, 0x00, 0x00, 0x00, 0x00, 0x00, 0x00, 0x00, 0x00, 0x00, 0x00, 0x00, 0x00, 0x00, 
0x00, 0x00, 0x00, 0x00, 0x00, 0x00, 0x00, 0x00, 0x00, 0x00, 0x00, 0x00, 0x00, 0x00, 0x00, 0x00, 
0x00, 0x00, 0x00, 0x00, 0x00, 0x00, 0x00, 0x00, 0x00, 0x00, 0x00, 0x00, 0x00, 0x00, 0x00, 0x00, 
0x00, 0x00, 0x00, 0x00, 0x00, 0x00, 0x00, 0x00, 0x00, 0x00, 0x00, 0x00, 0x00, 0x00, 0x00, 0x00, 
0x00, 0x00, 0x00, 0x00, 0x00, 0x00, 0x00, 0x00, 0x00, 0x00, 0x00, 0x00, 0x00, 0x00, 0x00, 0x00, 
0x00, 0x00, 0x00, 0x00, 0x00, 0x00, 0x00, 0x00, 0x00, 0x00, 0x00, 0x00, 0x00, 0x00, 0x00, 0x00, 
0x00, 0x00, 0x00, 0x00, 0x00, 0x00, 0x00, 0x00, 0x00, 0x00, 0x00, 0x00, 0x00, 0x00, 0x00, 0x00, 
0x00, 0x00, 0x00, 0x00, 0x00, 0x00, 0x00, 0x00, 0x00, 0x00, 0x00, 0x00, 0x00, 0x00, 0x00, 0x00, 
0x00, 0x00, 0x00, 0x00, 0x00, 0x00, 0x00, 0x00, 0x00, 0x00, 0x00, 0x00, 0x00, 0x00, 0x00, 0x00, 
0x00, 0x00, 0x00, 0x00, 0x00, 0x00, 0x00, 0x00, 0x00, 0x00, 0x00, 0x00, 0x00, 0x00, 0x00, 0x00, 
0x00, 0x00, 0x00, 0x00, 0x00, 0x00, 0x00, 0x00, 0x00, 0x00, 0x00, 0x00, 0x00, 0x00, 0x00, 0x00, 
0x00, 0x00, 0x00, 0x00, 0x00, 0x00, 0x00, 0x00, 0x00, 0x00, 0x00, 0x00, 0x00, 0x00, 0x00, 0x00, 
0x00, 0x00, 0x00, 0x00, 0x00, 0x00, 0x00, 0x00, 0x00, 0x00, 0x00, 0x00, 0x00, 0x00, 0x00, 0x00, 
0x00, 0x00, 0x00, 0x00, 0x00, 0x00, 0x00, 0x00, 0x00, 0x00, 0x00, 0x00, 0x00, 0x00, 0x00, 0x00, 
0x00, 0x00, 0x00, 0x00, 0x00, 0x00, 0x00, 0x00, 0x00, 0x00, 0x00, 0x00, 0x00, 0x00, 0x00, 0x00, 
0x00, 0x00, 0x00, 0x00, 0x00, 0x00, 0x00, 0x00, 0x00, 0x00, 0x00, 0x00, 0x00, 0x00, 0x00, 0x00, 
0x00, 0x00, 0x00, 0x00, 0x00, 0x00, 0x00, 0x00, 0x00, 0x00, 0x00, 0x00, 0x00, 0x00, 0x00, 0x00, 
0x00, 0x00, 0x00, 0x00, 0x00, 0x00, 0x00, 0x00, 0x00, 0x00, 0x00, 0x00, 0x00, 0x00, 0x00, 0x00, 
0x00, 0x00, 0x00, 0x00, 0x00, 0x00, 0x00, 0x00, 0x00, 0x00, 0x00, 0x00, 0x00, 0x00, 0x00, 0x00, 
0x00, 0x00, 0x00, 0x00, 0x00, 0x00, 0x00, 0x00, 0x00, 0x00, 0x00, 0x00, 0x00, 0x00, 0x00, 0x00, 
0x00, 0x00, 0x00, 0x00, 0x00, 0x00, 0x00, 0x00, 0x00, 0x00, 0x00, 0x00, 0x00, 0x00, 0x00, 0x00, 
0x00, 0x00, 0x00, 0x00, 0x00, 0x00, 0x00, 0x00, 0x00, 0x00, 0x00, 0x00, 0x00, 0x00, 0x00, 0x00, 
0x00, 0x00, 0x00, 0x00, 0x00, 0x00, 0x00, 0x00, 0x00, 0x00, 0x00, 0x00, 0x00, 0x00, 0x00, 0x00, 
0x00, 0x00, 0x00, 0x00, 0x00, 0x00, 0x00, 0x00, 0x00, 0x00, 0x00, 0x00, 0x00, 0x00, 0x00, 0x00, 
0x00, 0x00, 0x00, 0x00, 0x00, 0x00, 0x00, 0x00, 0x00, 0x00, 0x00, 0x00, 0x00, 0x00, 0x00, 0x00, 
0x00, 0x00, 0x00, 0x00, 0x00, 0x00, 0x00, 0x00, 0x00, 0x00, 0x00, 0x00, 0x00, 0x00, 0x00, 0x00, 
0x9a, 0xf5, 0x64, 0x32, 0x68, 0x2f, 0x30, 0xd6, 0x7e, 0xfb, 0xf1, 0xa2, 0x8a, 0x3e, 0x10, 0xc2, 
0x42, 0x0b, 0x6b, 0x03, 0x84, 0xf2, 0xdb, 0x8a, 0xed, 0x35, 0x1c, 0x4f, 0x9a, 0x2e, 0x73, 0xf1, 
0x7e, 0x75, 0xb5, 0x4b, 0x6b, 0x4d, 0x58, 0x2e, 0xad, 0xf6, 0x2c, 0x1e, 0xca, 0x82, 0x01, 0x66, 
0xa1, 0x36, 0xc2, 0x00, 0xcf, 0x0e, 0x88, 0xe1, 0x70, 0x9e, 0x89, 0x15, 0xdf, 0x48, 0x82, 0x2e, 
0x9b, 0x0a, 0xc4, 0xfe, 0x8f, 0x65, 0x6c, 0x69, 0x6b, 0x0c, 0xc0, 0x12, 0x54, 0xdb, 0x09, 0x02, 
0x0a, 0x1c, 0x40, 0x90, 0x2a, 0xec, 0xa2, 0xf8, 0x6f, 0x7d, 0xa9, 0x4b, 0x51, 0x66, 0x35, 0x45, 
0x00, 0x0d, 0x52, 0x22, 0x9d, 0xeb, 0xb6, 0x55, 0x7d, 0xde, 0x25, 0x00, 0x00, 0xb3, 0xb9, 0x3c, 
0xff, 0x47, 0x11, 0xaa, 0x02, 0xcd, 0xc1, 0x27, 0xd0, 0xf5, 0xbe, 0x4f, 0x03, 0xf0, 0xee, 0x93, 
0x66, 0x88, 0xa7, 0x0a, 0xa2, 0x54, 0x1e, 0xb3, 0x53, 0xe7, 0xf3, 0x40, 0xf1, 0x33, 0x3b, 0x51, 
0x50, 0x4b, 0x78, 0x17, 0xfc, 0x79, 0xb7, 0xf1, 0x32, 0x41, 0x8d, 0xc9, 0x4a, 0x2d, 0xed, 0x05, 
0xc3, 0x4f, 0xc6, 0x4c, 0xb7, 0x4d, 0xd5, 0xc5, 0xc0, 0x68, 0xe5, 0x2b, 0x58, 0xa9, 0x74, 0x3d, 
0x08, 0xe0, 0x13, 0x9f, 0xad, 0xd5, 0x43, 0x5b, 0xbc, 0x71, 0x9d, 0xf1, 0x8f, 0x3a, 0x74, 0x27, 
0x2e, 0x60, 0x1a, 0x6a, 0xde, 0x5c, 0x2d, 0xd9, 0x90, 0xfe, 0xbe, 0xb9, 0x55, 0xf7, 0x46, 0x1a, 
0x39, 0x77, 0x30, 0x04, 0x19, 0x59, 0xeb, 0x1e, 0x96, 0x33, 0x3b, 0x52, 0xed, 0x2f, 0x14, 0x08, 
0xf8, 0xc0, 0xd2, 0x06, 0xc6, 0xc3, 0x09, 0x72, 0xda, 0x7c, 0xbb, 0x37, 0xa0, 0xc4, 0x00, 0x92, 
0x80, 0x42, 0x7b, 0x65, 0xbc, 0xc4, 0x9c, 0xdf, 0xe8, 0x37, 0xfb, 0x2c, 0x5e, 0x2e, 0x28, 0xf9, 
};
