/* Copyright Advanced Micro Devices, Inc.
 *
 * SPDX-License-Identifier: MIT
 */

#define F32MT_SDMA0_CTX_UCODE_VERSION "#24"
#define F32MT_SDMA0_CTX_UCODE_VERSION_NUM "24"
#define F32MT_SDMA0_CTX_UCODE_CHK_SUM 0xee9b2781


#define F32MT_SDMA0_CTX_FEATURE_VERSION 60

#define F32MT_SDMA0_CTX_UCODE_SIZE 4224         /* size in DWORDs of only ucode (signing overhead not included) */
#define F32MT_SDMA0_CTX_UCODE_SIZE_SIGNED_BYTES 17408 /* size in bytes of signed ucode */
#define F32MT_SDMA0_CTX_UCODE_SIZE_SIGNED_BODY_OFFSET 256 /* size in bytes of signature header */

#define F32MT_SDMA0_CTX_UCODE_JT_OFFSET 4096         /* in DWORDs from start of ucode*/

#define F32MT_SDMA0_CTX_UCODE_JT_SIZE 128         /* size in DWORDs of jumptable included in ucode */


static const unsigned char aF32MT_SDMA0_CTX_Ucode[F32MT_SDMA0_CTX_UCODE_SIZE_SIGNED_BYTES]={
0x1e, 0x40, 0x02, 0x70, 0x33, 0x3d, 0x54, 0x4f, 0xc9, 0xc7, 0x29, 0xee, 0xc4, 0x47, 0xee, 0x8e, 
0x24, 0x50, 0x53, 0x31, 0x00, 0x42, 0x00, 0x00, 0x00, 0x00, 0x00, 0x00, 0x00, 0x00, 0x00, 0x00, 
0x00, 0x00, 0x00, 0x00, 0x00, 0x00, 0x00, 0x00, 0x00, 0x00, 0x00, 0x00, 0x00, 0x00, 0x00, 0x00, 
0x01, 0x00, 0x00, 0x00, 0x00, 0x00, 0x00, 0x00, 0x29, 0x8b, 0x26, 0x88, 0x39, 0x74, 0x4d, 0x15, 
0xaf, 0xef, 0x32, 0xe0, 0x2e, 0x25, 0x43, 0x22, 0x00, 0x00, 0x00, 0x00, 0x01, 0x00, 0x00, 0x00, 
0x00, 0x00, 0x00, 0x00, 0x00, 0x00, 0x00, 0x00, 0x3e, 0x20, 0x01, 0x81, 0x00, 0x00, 0x00, 0x00, 
0x18, 0x00, 0x00, 0x00, 0xff, 0xff, 0xff, 0xff, 0x00, 0x00, 0x00, 0x00, 0x00, 0x44, 0x00, 0x00, 
0x00, 0x00, 0x00, 0x00, 0x00, 0x00, 0x00, 0x00, 0x00, 0x00, 0x00, 0x00, 0x00, 0x00, 0x00, 0x00, 
0x00, 0x00, 0x00, 0x00, 0x00, 0x00, 0x00, 0x00, 0x00, 0x00, 0x00, 0x00, 0x00, 0x00, 0x00, 0x00, 
0x00, 0x00, 0x00, 0x00, 0x00, 0x00, 0x00, 0x00, 0x00, 0x00, 0x00, 0x00, 0x00, 0x00, 0x00, 0x00, 
0x00, 0x00, 0x00, 0x00, 0x00, 0x00, 0x00, 0x00, 0x00, 0x00, 0x00, 0x00, 0x00, 0x00, 0x00, 0x00, 
0x00, 0x00, 0x00, 0x00, 0x00, 0x00, 0x00, 0x00, 0x00, 0x00, 0x00, 0x00, 0x00, 0x00, 0x00, 0x00, 
0x00, 0x00, 0x00, 0x00, 0x00, 0x00, 0x00, 0x00, 0x00, 0x00, 0x00, 0x00, 0x00, 0x00, 0x00, 0x00, 
0x8e, 0x70, 0x92, 0x2b, 0x89, 0xc8, 0x68, 0xac, 0x2d, 0x60, 0x06, 0xea, 0xff, 0xf8, 0x0c, 0xde, 
0x84, 0x14, 0xb8, 0xdb, 0xd1, 0xf4, 0x51, 0x8b, 0x57, 0x2c, 0x33, 0x8e, 0x85, 0x96, 0x8d, 0x46, 
0x00, 0x00, 0x00, 0x00, 0x00, 0x00, 0x00, 0x00, 0x00, 0x00, 0x00, 0x00, 0x00, 0x00, 0x00, 0x00, 
0x00, 0x00, 0x00, 0x00, 0x7f, 0x10, 0x14, 0x04, 0x10, 0x10, 0x18, 0x04, 0x01, 0x00, 0xd8, 0xdb, 
0x04, 0x00, 0x58, 0xcd, 0x01, 0x10, 0x00, 0xcc, 0x00, 0x00, 0x00, 0x00, 0x01, 0x00, 0x94, 0xc5, 
0x01, 0x00, 0x54, 0x09, 0x01, 0x00, 0x58, 0xcd, 0xfc, 0xff, 0x4f, 0x99, 0x00, 0x00, 0x00, 0x00, 
0x80, 0x59, 0x21, 0xc4, 0x04, 0x00, 0x00, 0x96, 0x00, 0x00, 0x00, 0x00, 0xef, 0x0e, 0x00, 0x8c, 
0x0c, 0x00, 0x00, 0x80, 0xf1, 0x02, 0x00, 0xcc, 0xf8, 0x4a, 0x15, 0xc4, 0x1e, 0x00, 0x58, 0x15, 
0x01, 0x00, 0x98, 0x25, 0x03, 0x00, 0x80, 0x95, 0x65, 0x0e, 0x00, 0x8c, 0x00, 0x00, 0x00, 0x00, 
0x00, 0x00, 0x08, 0x04, 0x71, 0x0e, 0x00, 0x8c, 0x14, 0x4a, 0x15, 0xc4, 0x0c, 0x00, 0x58, 0x15, 
0x01, 0x20, 0xac, 0x25, 0x01, 0x20, 0xd4, 0x2e, 0x02, 0x00, 0x40, 0x95, 0xb0, 0x0d, 0x00, 0x80, 
0xc0, 0x01, 0x08, 0xc4, 0xc8, 0x01, 0x18, 0xc4, 0x00, 0x80, 0x88, 0x24, 0x10, 0x00, 0x98, 0x25, 
0x0a, 0x80, 0x98, 0x7c, 0x8b, 0x0d, 0x80, 0x98, 0x6c, 0x00, 0x14, 0xc4, 0x89, 0x0d, 0x40, 0x99, 
0x90, 0x01, 0x40, 0xd8, 0x90, 0x01, 0x14, 0xc4, 0xff, 0xff, 0x4f, 0x95, 0x90, 0x01, 0x00, 0xd8, 
0x01, 0xc0, 0x43, 0x7c, 0x00, 0x00, 0x00, 0x88, 0x00, 0x00, 0x00, 0x00, 0x00, 0x00, 0x00, 0x00, 
0x09, 0x0f, 0x00, 0x8c, 0xf1, 0x02, 0x00, 0xcc, 0x81, 0x00, 0x40, 0xd8, 0x7e, 0x00, 0x00, 0xcc, 
0xe4, 0xff, 0xcf, 0x97, 0xf0, 0x02, 0x40, 0xd8, 0x10, 0x00, 0xdc, 0x17, 0x80, 0x59, 0xc1, 0xcd, 
0x56, 0x04, 0x00, 0x8c, 0x59, 0x0c, 0x00, 0x8c, 0x81, 0x00, 0xc0, 0xcd, 0x7e, 0x00, 0x00, 0xcc, 
0x80, 0x59, 0x15, 0xc4, 0xff, 0xff, 0x4f, 0x99, 0xf0, 0x02, 0x00, 0xd8, 0xb0, 0x0d, 0x00, 0x80, 
0x00, 0x00, 0x00, 0x00, 0x00, 0x00, 0x00, 0x00, 0x00, 0x00, 0x00, 0x00, 0x00, 0x00, 0x00, 0x00, 
0x00, 0x00, 0x00, 0x00, 0x00, 0x00, 0x00, 0x00, 0x00, 0x00, 0x00, 0x00, 0x00, 0x00, 0x00, 0x00, 
0x09, 0x0f, 0x00, 0x8c, 0x00, 0x00, 0xc0, 0xcf, 0x01, 0x00, 0x40, 0xcc, 0x0b, 0x00, 0x40, 0xcc, 
0x02, 0x00, 0x40, 0xcc, 0x03, 0x00, 0x40, 0xcc, 0x04, 0x00, 0x40, 0xcc, 0x05, 0x00, 0x40, 0xcc, 
0x07, 0x00, 0x1c, 0x04, 0x1b, 0x00, 0xd4, 0x17, 0x01, 0x00, 0x54, 0x25, 0x1c, 0x00, 0x40, 0x99, 
0xf4, 0x49, 0x15, 0xc4, 0x10, 0x00, 0x58, 0x15, 0x01, 0x00, 0x94, 0x25, 0x1b, 0x00, 0x40, 0x95, 
0x02, 0x00, 0x94, 0x25, 0x19, 0x00, 0x40, 0x95, 0x1c, 0x00, 0xd4, 0x17, 0x01, 0x00, 0x54, 0x25, 
0x16, 0x00, 0x40, 0x99, 0x78, 0x0b, 0x00, 0x8c, 0x14, 0x00, 0x80, 0x94, 0xef, 0x0e, 0x00, 0x8c, 
0x08, 0x00, 0x08, 0x04, 0xd6, 0x0c, 0x00, 0x8c, 0x5d, 0x00, 0x00, 0x80, 0x1b, 0x00, 0xd4, 0x17, 
0x01, 0x00, 0x54, 0x25, 0x03, 0x00, 0x40, 0x95, 0x01, 0x40, 0x41, 0x7c, 0x01, 0x40, 0x41, 0x7c, 
0x01, 0x40, 0x41, 0x7c, 0x01, 0x40, 0x41, 0x7c, 0x01, 0x40, 0x41, 0x7c, 0x01, 0x40, 0x41, 0x7c, 
0x01, 0x40, 0x41, 0x7c, 0x01, 0x40, 0x41, 0x7c, 0xa8, 0x0d, 0x00, 0x80, 0x15, 0x00, 0x40, 0xcc, 
0x16, 0x00, 0x40, 0xcc, 0x02, 0x00, 0xdc, 0x05, 0xff, 0x00, 0x00, 0xcc, 0x81, 0x00, 0xc0, 0xcd, 
0xa8, 0x0d, 0x00, 0x80, 0x00, 0x00, 0x00, 0x00, 0x00, 0x00, 0x00, 0x00, 0x00, 0x00, 0x00, 0x00, 
0x09, 0x0f, 0x00, 0x8c, 0x40, 0x59, 0x15, 0xc4, 0x17, 0x00, 0x54, 0x15, 0x01, 0x00, 0x54, 0x25, 
0x6d, 0x00, 0x40, 0x95, 0x14, 0x4a, 0x15, 0xc4, 0x00, 0x02, 0x54, 0x25, 0x09, 0x00, 0x54, 0x15, 
0x1e, 0x80, 0x41, 0x7d, 0x68, 0x59, 0x15, 0xc4, 0x1f, 0x00, 0x54, 0x15, 0x0a, 0x40, 0x95, 0x7d, 
0x1f, 0x00, 0x54, 0x11, 0x1f, 0x00, 0x6c, 0x15, 0x63, 0x00, 0xc0, 0x96, 0x3d, 0x0f, 0x00, 0x8c, 
0x00, 0x00, 0xc0, 0xcf, 0xef, 0x00, 0xc0, 0xcf, 0x01, 0xc0, 0x41, 0x7c, 0x01, 0x00, 0xc0, 0xcd, 
0x01, 0x80, 0x41, 0x7c, 0x0b, 0x00, 0x80, 0xcd, 0x17, 0x00, 0x94, 0x15, 0x01, 0x00, 0x54, 0x25, 
0x09, 0x40, 0xd5, 0x7e, 0x1f, 0x00, 0x94, 0x15, 0x01, 0x00, 0x54, 0x25, 0x09, 0x40, 0xd5, 0x7e, 
0x02, 0x00, 0x40, 0x95, 0x00, 0x00, 0x00, 0x00, 0x01, 0x00, 0x41, 0x7c, 0x01, 0xc0, 0x42, 0x7c, 
0x02, 0x00, 0x00, 0xcd, 0x03, 0x00, 0xc0, 0xce, 0x04, 0x00, 0x40, 0xcc, 0x05, 0x00, 0x40, 0xcc, 
0xff, 0xff, 0x18, 0x25, 0x01, 0x80, 0xd9, 0x7d, 0x20, 0x4a, 0x15, 0xc4, 0x03, 0x00, 0x64, 0x25, 
0x10, 0x00, 0x64, 0x06, 0x05, 0xc0, 0xa5, 0x7d, 0x0c, 0x00, 0x58, 0x0a, 0x01, 0x00, 0x14, 0x04, 
0x04, 0x40, 0x5a, 0x7d, 0x20, 0x00, 0xd4, 0x52, 0x11, 0x40, 0x51, 0x7d, 0x0c, 0x00, 0x54, 0x55, 
0x04, 0x00, 0x54, 0x15, 0x04, 0x00, 0x60, 0x11, 0xff, 0x00, 0x00, 0xcc, 0xd5, 0x00, 0x00, 0xcc, 
0xd3, 0x00, 0xc0, 0xd8, 0xcd, 0x00, 0x80, 0xd8, 0xd7, 0x02, 0x14, 0xc4, 0x02, 0x00, 0x54, 0x51, 
0x00, 0x00, 0x57, 0xc5, 0xef, 0x0e, 0x00, 0x8c, 0x00, 0x00, 0x00, 0x00, 0x01, 0x00, 0x54, 0x25, 
0xf8, 0xff, 0x4f, 0x95, 0xd3, 0x00, 0xc0, 0xd8, 0xcd, 0x00, 0x80, 0xd8, 0xd5, 0x02, 0x14, 0xc4, 
0x02, 0x00, 0x54, 0x51, 0x00, 0x00, 0x57, 0xc5, 0xef, 0x0e, 0x00, 0x8c, 0x00, 0x00, 0x00, 0x00, 
0x01, 0x00, 0x54, 0x25, 0xf8, 0xff, 0x4f, 0x95, 0xd6, 0x02, 0x0c, 0xc4, 0x11, 0x80, 0x00, 0x7e, 
0x01, 0x00, 0x10, 0x04, 0x53, 0x0b, 0x00, 0x8c, 0x36, 0x0f, 0x00, 0x8c, 0xd4, 0x02, 0x0c, 0xc4, 
0x11, 0x80, 0x00, 0x7e, 0x01, 0x00, 0x10, 0x04, 0x53, 0x0b, 0x00, 0x8c, 0x36, 0x0f, 0x00, 0x8c, 
0x00, 0x00, 0x10, 0x04, 0xd3, 0x00, 0xc0, 0xd8, 0xcd, 0x00, 0x80, 0xd8, 0xd7, 0x02, 0x18, 0xc4, 
0x02, 0x00, 0x94, 0x51, 0x00, 0x00, 0x53, 0xc5, 0xef, 0x0e, 0x00, 0x8c, 0x00, 0x00, 0x00, 0x00, 
0x01, 0x00, 0x14, 0x25, 0xf7, 0xff, 0x4f, 0x95, 0x00, 0x00, 0x2c, 0x04, 0xd3, 0x00, 0xc0, 0xd8, 
0xcd, 0x00, 0x80, 0xd8, 0xd5, 0x02, 0x14, 0xc4, 0x02, 0x00, 0x54, 0x11, 0x00, 0x00, 0x5b, 0xc5, 
0xef, 0x0e, 0x00, 0x8c, 0x00, 0x00, 0x00, 0x00, 0x01, 0x00, 0x94, 0x25, 0xf8, 0xff, 0x4f, 0x95, 
0x0a, 0xc0, 0x2e, 0x7d, 0x0a, 0x80, 0xd9, 0x7e, 0xc0, 0x02, 0x80, 0xcd, 0x08, 0x00, 0xc0, 0x95, 
0x11, 0x00, 0x26, 0x7e, 0xd3, 0x02, 0x14, 0xc4, 0x00, 0x00, 0x00, 0x00, 0xfe, 0xff, 0x4f, 0x99, 
0x00, 0x00, 0x00, 0x00, 0x01, 0x00, 0xdc, 0x09, 0xac, 0x00, 0x00, 0x80, 0x81, 0x00, 0xc0, 0xd9, 
0xa8, 0x0d, 0x00, 0x80, 0x01, 0x40, 0x41, 0x7c, 0x01, 0x40, 0x41, 0x7c, 0x01, 0x40, 0x41, 0x7c, 
0x01, 0x40, 0x41, 0x7c, 0x01, 0x40, 0x41, 0x7c, 0x01, 0x40, 0x41, 0x7c, 0x81, 0x00, 0xc0, 0xd9, 
0x07, 0x00, 0x08, 0x04, 0x02, 0x00, 0x88, 0x10, 0xb5, 0x0b, 0x00, 0x8c, 0xa8, 0x0d, 0x00, 0x80, 
0x00, 0x00, 0x00, 0x00, 0x00, 0x00, 0x00, 0x00, 0x00, 0x00, 0x00, 0x00, 0x00, 0x00, 0x00, 0x00, 
0x09, 0x0f, 0x00, 0x8c, 0x14, 0x4a, 0x19, 0xc4, 0x00, 0x02, 0x94, 0x25, 0x09, 0x00, 0x60, 0x15, 
0x04, 0x00, 0x00, 0x96, 0x70, 0x59, 0x15, 0xc4, 0x00, 0x00, 0x00, 0x00, 0x06, 0x01, 0x00, 0x80, 
0x4c, 0x59, 0x15, 0xc4, 0x00, 0x00, 0x00, 0x00, 0x00, 0x00, 0x00, 0x00, 0x50, 0x59, 0x15, 0xc4, 
0x00, 0x00, 0x00, 0x00, 0x00, 0x00, 0x00, 0x00, 0x1e, 0xc0, 0x01, 0x7e, 0x68, 0x59, 0x19, 0xc4, 
0x1f, 0x00, 0x94, 0x15, 0x0a, 0xc0, 0xd5, 0x7d, 0x1f, 0x00, 0xd8, 0x11, 0x1f, 0x00, 0x9c, 0x15, 
0x00, 0x00, 0xc0, 0xcf, 0x01, 0x40, 0x41, 0x7c, 0x18, 0x00, 0x60, 0x15, 0x08, 0x00, 0x54, 0x11, 
0x08, 0x00, 0x54, 0x15, 0x01, 0x00, 0x40, 0xcd, 0x01, 0x40, 0x42, 0x7c, 0x2e, 0x00, 0xc0, 0x95, 
0x40, 0x59, 0x15, 0xc4, 0x17, 0x00, 0x54, 0x15, 0x01, 0x00, 0x54, 0x25, 0x2a, 0x00, 0x40, 0x95, 
0x0b, 0x00, 0x40, 0xce, 0x07, 0x00, 0x14, 0x04, 0x81, 0x00, 0x40, 0xcd, 0x17, 0x00, 0x58, 0x16, 
0x01, 0x00, 0x98, 0x25, 0x09, 0x40, 0xd9, 0x7d, 0x02, 0x00, 0x40, 0x95, 0x00, 0x00, 0x00, 0x00, 
0x1f, 0x00, 0x58, 0x16, 0x01, 0x00, 0x98, 0x25, 0x09, 0x40, 0xd9, 0x7d, 0x02, 0x00, 0x40, 0x95, 
0x00, 0x00, 0x00, 0x00, 0x02, 0x00, 0x40, 0xcc, 0x03, 0x00, 0x40, 0xcc, 0x04, 0x00, 0x40, 0xcc, 
0x05, 0x00, 0x40, 0xcc, 0xff, 0x00, 0x00, 0xcc, 0xf0, 0x02, 0x00, 0xd8, 0x00, 0x00, 0x00, 0x00, 
0x01, 0x00, 0x20, 0x0a, 0x1c, 0x00, 0xd4, 0x17, 0x01, 0x00, 0x54, 0x25, 0x06, 0x00, 0x40, 0x99, 
0x14, 0x4a, 0x15, 0xc4, 0x19, 0x00, 0x54, 0x15, 0x01, 0x00, 0x54, 0x25, 0xfd, 0xff, 0x4f, 0x95, 
0x39, 0x01, 0x00, 0x80, 0x18, 0x4a, 0x15, 0xc4, 0x04, 0x02, 0x54, 0x25, 0x04, 0x02, 0x58, 0x31, 
0xfd, 0xff, 0x8f, 0x95, 0x81, 0x00, 0x00, 0xd9, 0x01, 0x00, 0x20, 0x06, 0x75, 0x0c, 0x00, 0x96, 
0x01, 0x00, 0x20, 0x0a, 0x25, 0x01, 0x00, 0x80, 0x00, 0x00, 0x00, 0x00, 0x01, 0x40, 0x41, 0x7c, 
0x01, 0x40, 0x41, 0x7c, 0x00, 0x00, 0x2c, 0x06, 0x04, 0x00, 0xec, 0x12, 0x01, 0x40, 0x41, 0x7c, 
0x01, 0x40, 0x41, 0x7c, 0x01, 0x40, 0x41, 0x7c, 0x01, 0x40, 0x41, 0x7c, 0x06, 0x00, 0x00, 0x96, 
0x00, 0x00, 0x00, 0x00, 0x01, 0x00, 0x20, 0x0a, 0x81, 0x00, 0x00, 0xd9, 0x43, 0x01, 0x00, 0x80, 
0x00, 0x00, 0x00, 0x00, 0x81, 0x00, 0xc0, 0xd9, 0x07, 0x00, 0x14, 0x04, 0x02, 0x00, 0x54, 0x11, 
0x01, 0x80, 0xd4, 0x7e, 0xb5, 0x0b, 0x00, 0x8c, 0xa8, 0x0d, 0x00, 0x80, 0x1a, 0x00, 0xd4, 0x17, 
0x03, 0x00, 0x54, 0x25, 0x04, 0x00, 0x40, 0x95, 0x01, 0x80, 0x41, 0x7c, 0x01, 0x80, 0x41, 0x7c, 
0x01, 0x80, 0x41, 0x7c, 0x01, 0x80, 0x41, 0x7c, 0x01, 0x80, 0x41, 0x7c, 0x01, 0x80, 0x41, 0x7c, 
0x01, 0x80, 0x41, 0x7c, 0x01, 0x80, 0x41, 0x7c, 0x01, 0x80, 0x41, 0x7c, 0x01, 0x80, 0x41, 0x7c, 
0x01, 0x80, 0x41, 0x7c, 0x01, 0x80, 0x41, 0x7c, 0x01, 0x80, 0x41, 0x7c, 0x01, 0x80, 0x41, 0x7c, 
0x01, 0x80, 0x41, 0x7c, 0xa8, 0x0d, 0x00, 0x80, 0x00, 0x00, 0x00, 0x00, 0x00, 0x00, 0x00, 0x00, 
0x09, 0x0f, 0x00, 0x8c, 0x00, 0x00, 0xc0, 0xcf, 0x04, 0x00, 0x40, 0xcc, 0x05, 0x00, 0x40, 0xcc, 
0x0d, 0x00, 0x14, 0x04, 0x1a, 0x00, 0xdc, 0x17, 0x03, 0x00, 0xdc, 0x25, 0x04, 0x00, 0xc0, 0x95, 
0x15, 0x00, 0x40, 0xcc, 0x16, 0x00, 0x40, 0xcc, 0x03, 0x00, 0x54, 0x05, 0x72, 0x10, 0x40, 0xcd, 
0x01, 0x80, 0x41, 0x7c, 0x06, 0x00, 0x80, 0xcd, 0x01, 0x00, 0x98, 0x05, 0x01, 0x40, 0x41, 0x7c, 
0x07, 0x00, 0x40, 0xcd, 0xff, 0x3f, 0x54, 0x25, 0x01, 0x00, 0x54, 0x05, 0x10, 0x00, 0x5a, 0x7d, 
0x01, 0x80, 0x40, 0x7c, 0x08, 0x00, 0x80, 0xcc, 0x07, 0x00, 0xa8, 0x24, 0x01, 0xc0, 0x28, 0x7c, 
0x01, 0x00, 0x21, 0x7c, 0x18, 0x00, 0x00, 0xce, 0x01, 0x40, 0x41, 0x7c, 0x09, 0x00, 0x40, 0xcd, 
0xff, 0x3f, 0x58, 0x25, 0x10, 0x00, 0x6c, 0x15, 0x14, 0x40, 0xaa, 0x7d, 0x01, 0x40, 0x41, 0x7c, 
0xff, 0x1f, 0x68, 0x25, 0x0a, 0x00, 0x40, 0xcd, 0x02, 0x00, 0xc0, 0x95, 0x01, 0x40, 0x41, 0x7c, 
0x0b, 0x00, 0x40, 0xcd, 0x01, 0x00, 0x42, 0x7c, 0x20, 0x00, 0x54, 0x50, 0x11, 0x00, 0x62, 0x7d, 
0x01, 0x40, 0x41, 0x7c, 0x10, 0x00, 0x40, 0xcd, 0x01, 0x00, 0x48, 0x45, 0x01, 0xc0, 0x2c, 0x7c, 
0x7e, 0x0b, 0x00, 0x8c, 0x11, 0xc0, 0xa6, 0x7c, 0x01, 0x40, 0x41, 0x7c, 0x0d, 0x00, 0x40, 0xcd, 
0x01, 0x00, 0x4c, 0x45, 0x01, 0x80, 0x80, 0x7e, 0x7e, 0x0b, 0x00, 0x8c, 0x11, 0x80, 0x81, 0x7c, 
0x11, 0x40, 0xad, 0x7d, 0x11, 0x80, 0x61, 0x7d, 0x02, 0x00, 0x80, 0xcd, 0x20, 0x00, 0x98, 0x55, 
0x03, 0x00, 0x80, 0xcd, 0x01, 0x00, 0x40, 0xcc, 0x0d, 0x00, 0xc0, 0x99, 0xf4, 0x49, 0x19, 0xc4, 
0x10, 0x00, 0x98, 0x15, 0x01, 0x00, 0x94, 0x25, 0x09, 0x00, 0x40, 0x95, 0x02, 0x00, 0x94, 0x25, 
0x07, 0x00, 0x40, 0x95, 0x78, 0x0b, 0x00, 0x8c, 0x05, 0x00, 0x80, 0x94, 0xef, 0x0e, 0x00, 0x8c, 
0x08, 0x00, 0x08, 0x04, 0xd6, 0x0c, 0x00, 0x8c, 0xa9, 0x01, 0x00, 0x80, 0xff, 0x00, 0x00, 0xcc, 
0x72, 0x10, 0x14, 0xc4, 0x81, 0x00, 0x40, 0xcd, 0xa8, 0x0d, 0x00, 0x80, 0x00, 0x00, 0x00, 0x00, 
0x01, 0x40, 0x41, 0x7c, 0x01, 0x40, 0x41, 0x7c, 0x01, 0x40, 0x41, 0x7c, 0x01, 0x40, 0x41, 0x7c, 
0x01, 0x40, 0x41, 0x7c, 0x01, 0x40, 0x41, 0x7c, 0x01, 0x40, 0x41, 0x7c, 0x01, 0x40, 0x41, 0x7c, 
0x01, 0x40, 0x41, 0x7c, 0x01, 0x40, 0x41, 0x7c, 0x01, 0x40, 0x41, 0x7c, 0x01, 0x40, 0x41, 0x7c, 
0xa8, 0x0d, 0x00, 0x80, 0x00, 0x00, 0x00, 0x00, 0x00, 0x00, 0x00, 0x00, 0x00, 0x00, 0x00, 0x00, 
0x00, 0x00, 0x00, 0x00, 0x00, 0x00, 0x00, 0x00, 0x00, 0x00, 0x00, 0x00, 0x00, 0x00, 0x00, 0x00, 
0x09, 0x0f, 0x00, 0x8c, 0x00, 0x00, 0xc0, 0xcf, 0x01, 0x80, 0x41, 0x7c, 0x1c, 0x00, 0x94, 0x25, 
0x02, 0x00, 0x40, 0x95, 0x66, 0x00, 0x00, 0xcc, 0x20, 0x00, 0x54, 0x50, 0x11, 0x00, 0x5a, 0x7d, 
0x01, 0xc0, 0x41, 0x7c, 0x13, 0x00, 0xc0, 0xcd, 0x04, 0x00, 0xd4, 0x15, 0x04, 0x00, 0x4c, 0x11, 
0x0f, 0x00, 0xec, 0x25, 0x01, 0x00, 0x40, 0xcc, 0x01, 0x40, 0x41, 0x7c, 0x01, 0x00, 0x54, 0x05, 
0x0a, 0x00, 0x40, 0xcd, 0x0b, 0x00, 0x40, 0xcd, 0xff, 0x0f, 0x64, 0x25, 0x01, 0x80, 0x41, 0x7c, 
0x20, 0x00, 0x54, 0x50, 0x11, 0x80, 0x5a, 0x7d, 0x01, 0x80, 0x40, 0x7e, 0x7e, 0x0b, 0x00, 0x8c, 
0x11, 0x40, 0xad, 0x7c, 0x02, 0x00, 0x54, 0x11, 0x11, 0x40, 0x61, 0x7d, 0x04, 0x00, 0x40, 0xcd, 
0x20, 0x00, 0x54, 0x55, 0x05, 0x00, 0x40, 0xcd, 0x01, 0x80, 0x40, 0x7e, 0x01, 0xc0, 0xc0, 0x7d, 
0x7e, 0x0b, 0x00, 0x8c, 0x02, 0x00, 0x94, 0x10, 0x11, 0x80, 0x69, 0x7d, 0x02, 0x00, 0x80, 0xcd, 
0x20, 0x00, 0x98, 0x55, 0x03, 0x00, 0x80, 0xcd, 0x14, 0x4a, 0x15, 0xc4, 0x19, 0x00, 0x54, 0x15, 
0x01, 0x00, 0x54, 0x25, 0xfd, 0xff, 0x4f, 0x95, 0xef, 0x0e, 0x00, 0x8c, 0xff, 0x00, 0x00, 0xcc, 
0x81, 0x00, 0x00, 0xda, 0xa8, 0x0d, 0x00, 0x80, 0x00, 0x00, 0x00, 0x00, 0x00, 0x00, 0x00, 0x00, 
0x09, 0x0f, 0x00, 0x8c, 0x0d, 0x00, 0xd4, 0x17, 0x01, 0x00, 0x54, 0x25, 0x55, 0x00, 0x40, 0x99, 
0x09, 0x0f, 0x00, 0x8c, 0x00, 0x00, 0xc0, 0xcf, 0x1d, 0x00, 0xdc, 0x17, 0x01, 0x80, 0x41, 0x7c, 
0x20, 0x00, 0x54, 0x50, 0x11, 0x00, 0x5a, 0x7d, 0x01, 0x40, 0x41, 0x7c, 0x09, 0x00, 0x40, 0xcd, 
0xff, 0x3f, 0x64, 0x25, 0x10, 0x00, 0x6c, 0x15, 0x01, 0x40, 0x41, 0x7c, 0x0a, 0x00, 0x40, 0xcd, 
0xff, 0x1f, 0x70, 0x25, 0x0d, 0x00, 0x54, 0x15, 0x01, 0x00, 0x48, 0x05, 0x01, 0xc0, 0xc0, 0x7e, 
0x7e, 0x0b, 0x00, 0x8c, 0x01, 0xc0, 0x82, 0x7c, 0x01, 0x40, 0x41, 0x7c, 0x07, 0x00, 0x40, 0xcd, 
0x18, 0x00, 0x40, 0xcd, 0x01, 0x00, 0x54, 0x45, 0x01, 0xc0, 0x00, 0x7f, 0x01, 0x80, 0x40, 0x7d, 
0x7e, 0x0b, 0x00, 0x8c, 0x11, 0x40, 0xc9, 0x7e, 0x11, 0x40, 0x55, 0x7e, 0x14, 0x40, 0x5d, 0x7d, 
0x11, 0x40, 0x61, 0x7d, 0x02, 0x00, 0x40, 0xcd, 0x20, 0x00, 0x54, 0x55, 0x03, 0x00, 0x40, 0xcd, 
0x01, 0x80, 0x41, 0x7c, 0x20, 0x00, 0x54, 0x50, 0x11, 0x00, 0x5a, 0x7d, 0x01, 0x40, 0x41, 0x7c, 
0x0f, 0x00, 0x40, 0xcd, 0xff, 0x3f, 0x64, 0x25, 0x10, 0x00, 0x58, 0x15, 0x01, 0x40, 0x41, 0x7c, 
0x10, 0x00, 0x40, 0xcd, 0xff, 0x1f, 0x6c, 0x25, 0x0d, 0x00, 0x54, 0x15, 0x01, 0x00, 0x48, 0x05, 
0x01, 0xc0, 0x80, 0x7d, 0x7e, 0x0b, 0x00, 0x8c, 0x11, 0x00, 0x83, 0x7c, 0x01, 0x40, 0x41, 0x7c, 
0x0d, 0x00, 0x40, 0xcd, 0x19, 0x00, 0x40, 0xcd, 0x01, 0x00, 0x48, 0x45, 0x01, 0xc0, 0xc0, 0x7e, 
0x7e, 0x0b, 0x00, 0x8c, 0x11, 0x40, 0x09, 0x7f, 0x11, 0x40, 0x55, 0x7e, 0x14, 0x40, 0x5d, 0x7d, 
0x11, 0x40, 0x61, 0x7d, 0x04, 0x00, 0x40, 0xcd, 0x20, 0x00, 0x54, 0x55, 0x05, 0x00, 0x40, 0xcd, 
0x01, 0x40, 0x41, 0x7c, 0x11, 0x00, 0x40, 0xcd, 0x01, 0x40, 0x41, 0x7c, 0x12, 0x00, 0x40, 0xcd, 
0x0b, 0x00, 0x40, 0xcd, 0xf4, 0x49, 0x15, 0xc4, 0x10, 0x00, 0x58, 0x15, 0x01, 0x00, 0x94, 0x25, 
0x09, 0x00, 0x40, 0x95, 0x02, 0x00, 0x94, 0x25, 0x07, 0x00, 0x40, 0x95, 0x78, 0x0b, 0x00, 0x8c, 
0x05, 0x00, 0x80, 0x94, 0xef, 0x0e, 0x00, 0x8c, 0x08, 0x00, 0x08, 0x04, 0xd6, 0x0c, 0x00, 0x8c, 
0x43, 0x02, 0x00, 0x80, 0xff, 0x00, 0x00, 0xcc, 0x81, 0x00, 0x40, 0xdb, 0xa8, 0x0d, 0x00, 0x80, 
0x00, 0x00, 0x00, 0x00, 0x00, 0x00, 0x00, 0x00, 0x00, 0x00, 0x00, 0x00, 0x00, 0x00, 0x00, 0x00, 
0x09, 0x0f, 0x00, 0x8c, 0x00, 0x00, 0xc0, 0xcf, 0x01, 0xc0, 0x41, 0x7c, 0x20, 0x00, 0x54, 0x50, 
0x11, 0xc0, 0x5d, 0x7d, 0x01, 0x40, 0x42, 0x7c, 0x03, 0x00, 0x40, 0xce, 0x01, 0xc0, 0x40, 0x7c, 
0x04, 0x00, 0xc0, 0xcc, 0x01, 0x00, 0x42, 0x7c, 0x05, 0x00, 0x00, 0xce, 0x01, 0x80, 0x40, 0x7c, 
0x06, 0x00, 0x80, 0xcc, 0x01, 0x00, 0x88, 0x44, 0x7e, 0x0b, 0x00, 0x8c, 0x11, 0xc0, 0xe5, 0x7d, 
0x11, 0xc0, 0xc9, 0x7d, 0x01, 0x80, 0x41, 0x7c, 0x07, 0x00, 0x80, 0xcd, 0x01, 0x40, 0x41, 0x7c, 
0x08, 0x00, 0x40, 0xcd, 0x20, 0x00, 0x48, 0x51, 0x11, 0x80, 0x98, 0x7c, 0x01, 0x00, 0x88, 0x44, 
0x01, 0xc0, 0x20, 0x7c, 0x7e, 0x0b, 0x00, 0x8c, 0x11, 0xc0, 0xc9, 0x7d, 0x01, 0x00, 0xc0, 0xcd, 
0x20, 0x00, 0xdc, 0x55, 0x02, 0x00, 0xc0, 0xcd, 0x01, 0xc0, 0x41, 0x7c, 0x20, 0x00, 0x54, 0x50, 
0x11, 0xc0, 0x5d, 0x7d, 0x01, 0x40, 0x42, 0x7c, 0x0b, 0x00, 0x40, 0xce, 0x01, 0xc0, 0x40, 0x7c, 
0x0c, 0x00, 0xc0, 0xcc, 0x01, 0x00, 0x42, 0x7c, 0x0d, 0x00, 0x00, 0xce, 0x01, 0x80, 0x40, 0x7c, 
0x0e, 0x00, 0x80, 0xcc, 0x01, 0x00, 0x88, 0x44, 0x7e, 0x0b, 0x00, 0x8c, 0x11, 0xc0, 0xe5, 0x7d, 
0x11, 0xc0, 0xc9, 0x7d, 0x01, 0x80, 0x41, 0x7c, 0x0f, 0x00, 0x80, 0xcd, 0x01, 0x40, 0x41, 0x7c, 
0x10, 0x00, 0x40, 0xcd, 0x10, 0x00, 0x54, 0x11, 0x10, 0x00, 0x54, 0x15, 0x20, 0x00, 0x48, 0x51, 
0x11, 0x80, 0x98, 0x7c, 0x01, 0x00, 0x88, 0x44, 0x01, 0xc0, 0x20, 0x7c, 0x7e, 0x0b, 0x00, 0x8c, 
0x11, 0xc0, 0xc9, 0x7d, 0x09, 0x00, 0xc0, 0xcd, 0x20, 0x00, 0xdc, 0x55, 0x0a, 0x00, 0xc0, 0xcd, 
0x11, 0x00, 0x40, 0xcc, 0x12, 0x00, 0x40, 0xcc, 0x13, 0x00, 0x40, 0xcc, 0xf4, 0x49, 0x19, 0xc4, 
0x10, 0x00, 0x98, 0x15, 0x01, 0x00, 0x94, 0x25, 0x0a, 0x00, 0x40, 0x95, 0x02, 0x00, 0x94, 0x25, 
0x08, 0x00, 0x40, 0x95, 0x78, 0x0b, 0x00, 0x8c, 0x06, 0x00, 0x80, 0x94, 0xef, 0x0e, 0x00, 0x8c, 
0x08, 0x00, 0x08, 0x04, 0xd6, 0x0c, 0x00, 0x8c, 0x95, 0x02, 0x00, 0x80, 0x00, 0x00, 0x00, 0x00, 
0xff, 0x00, 0x00, 0xcc, 0x81, 0x00, 0x40, 0xdb, 0xa8, 0x0d, 0x00, 0x80, 0x00, 0x00, 0x00, 0x00, 
0x09, 0x0f, 0x00, 0x8c, 0x00, 0x00, 0xc0, 0xcf, 0x04, 0x00, 0x40, 0xcc, 0x05, 0x00, 0x40, 0xcc, 
0x01, 0x80, 0x41, 0x7c, 0x09, 0x00, 0x80, 0xcd, 0xff, 0x3f, 0x94, 0x25, 0x5f, 0x10, 0x40, 0xcd, 
0x10, 0x00, 0x94, 0x15, 0x5e, 0x10, 0x40, 0xcd, 0x01, 0x80, 0x41, 0x7c, 0xff, 0x1f, 0x94, 0x25, 
0x0a, 0x00, 0x40, 0xcd, 0x5d, 0x10, 0x40, 0xcd, 0x10, 0x00, 0x88, 0x15, 0xff, 0x3f, 0x94, 0x24, 
0x06, 0x00, 0x40, 0xcd, 0x01, 0x00, 0x58, 0x05, 0x01, 0x40, 0x41, 0x7c, 0x07, 0x00, 0x40, 0xcd, 
0xff, 0x3f, 0x54, 0x25, 0x01, 0x00, 0x54, 0x05, 0x10, 0x00, 0x59, 0x7d, 0x01, 0xc0, 0x42, 0x7c, 
0x08, 0x00, 0xc0, 0xce, 0x07, 0x00, 0xdc, 0x26, 0x01, 0x00, 0xc2, 0x7d, 0x01, 0x80, 0x80, 0x7c, 
0x01, 0xc0, 0x00, 0x7e, 0x18, 0x00, 0x00, 0xcd, 0x1f, 0x00, 0xe4, 0x17, 0x40, 0x00, 0x40, 0x96, 
0x0c, 0x00, 0xe4, 0x17, 0x01, 0x00, 0x64, 0x26, 0x3d, 0x00, 0x40, 0x9a, 0xf4, 0x49, 0x25, 0xc4, 
0x12, 0x00, 0x64, 0x16, 0x01, 0x00, 0x64, 0x26, 0x13, 0x00, 0xd4, 0x17, 0x01, 0x00, 0x54, 0x25, 
0x01, 0x10, 0x40, 0xcd, 0x0a, 0x40, 0x56, 0x7e, 0x35, 0x00, 0x40, 0x96, 0x03, 0x00, 0xd4, 0x16, 
0x01, 0x00, 0x58, 0x25, 0x02, 0x00, 0x64, 0x25, 0x01, 0x00, 0x64, 0x16, 0x0b, 0x40, 0xa6, 0x7d, 
0x03, 0x00, 0x58, 0x25, 0x07, 0x00, 0x54, 0x15, 0x01, 0x00, 0x60, 0x25, 0x09, 0x00, 0x26, 0x7e, 
0x1e, 0x00, 0x00, 0x96, 0x02, 0x00, 0xa4, 0x2d, 0x01, 0x80, 0x1d, 0x7c, 0x05, 0x00, 0x80, 0x99, 
0x07, 0x00, 0x24, 0x04, 0x03, 0x00, 0x28, 0x04, 0x07, 0x00, 0x20, 0x04, 0xf9, 0x02, 0x00, 0x80, 
0x01, 0x00, 0x98, 0x09, 0x05, 0x00, 0x80, 0x99, 0x03, 0x00, 0x24, 0x04, 0x03, 0x00, 0x28, 0x04, 
0x07, 0x00, 0x20, 0x04, 0xf9, 0x02, 0x00, 0x80, 0x01, 0x00, 0x98, 0x09, 0x05, 0x00, 0x80, 0x99, 
0x03, 0x00, 0x24, 0x04, 0x03, 0x00, 0x28, 0x04, 0x03, 0x00, 0x20, 0x04, 0xf9, 0x02, 0x00, 0x80, 
0x01, 0x00, 0x98, 0x09, 0x05, 0x00, 0x80, 0x99, 0x03, 0x00, 0x24, 0x04, 0x01, 0x00, 0x28, 0x04, 
0x03, 0x00, 0x20, 0x04, 0xf9, 0x02, 0x00, 0x80, 0x01, 0x00, 0x24, 0x04, 0x01, 0x00, 0x28, 0x04, 
0x03, 0x00, 0x20, 0x04, 0xf9, 0x02, 0x00, 0x80, 0x01, 0x00, 0xd8, 0x15, 0x01, 0x00, 0xec, 0x25, 
0x01, 0xc0, 0xae, 0x7d, 0x0f, 0x00, 0x14, 0x04, 0x05, 0x40, 0x5a, 0x7d, 0x05, 0x80, 0x6e, 0x7d, 
0x00, 0x00, 0x20, 0x04, 0x5f, 0x10, 0x14, 0xc4, 0x5e, 0x10, 0x18, 0xc4, 0x5d, 0x10, 0x2c, 0xc4, 
0x09, 0x40, 0x66, 0x7d, 0x09, 0x80, 0xaa, 0x7d, 0x09, 0x00, 0xe2, 0x7e, 0x62, 0x10, 0x00, 0xce, 
0x61, 0x10, 0x40, 0xce, 0x60, 0x10, 0x80, 0xce, 0x01, 0x40, 0x41, 0x7c, 0x20, 0x00, 0x58, 0x50, 
0x11, 0xc0, 0x96, 0x7d, 0x01, 0x40, 0x41, 0x7c, 0x0f, 0x00, 0x40, 0xcd, 0xff, 0x3f, 0x58, 0x25, 
0x5c, 0x10, 0x80, 0xcd, 0x10, 0x00, 0x58, 0x15, 0x5b, 0x10, 0x80, 0xcd, 0x01, 0x40, 0x41, 0x7c, 
0x10, 0x00, 0x40, 0xcd, 0xff, 0x1f, 0x58, 0x25, 0x5a, 0x10, 0x80, 0xcd, 0x10, 0x00, 0x54, 0x15, 
0x01, 0x00, 0x60, 0x05, 0x01, 0x40, 0x41, 0x7c, 0x0d, 0x00, 0x40, 0xcd, 0x01, 0x00, 0x64, 0x05, 
0x62, 0x10, 0x08, 0xc4, 0x01, 0xc0, 0x40, 0x7e, 0x7e, 0x0b, 0x00, 0x8c, 0x11, 0x00, 0x83, 0x7c, 
0x60, 0x10, 0x08, 0xc4, 0x01, 0xc0, 0x00, 0x7e, 0x7e, 0x0b, 0x00, 0x8c, 0x11, 0x40, 0x09, 0x7f, 
0x61, 0x10, 0x18, 0xc4, 0x11, 0x40, 0x59, 0x7d, 0x14, 0x00, 0x5f, 0x7d, 0x5a, 0x10, 0x08, 0xc4, 
0x01, 0xc0, 0x40, 0x7e, 0x7e, 0x0b, 0x00, 0x8c, 0x11, 0x80, 0x82, 0x7c, 0x5b, 0x10, 0x08, 0xc4, 
0x01, 0xc0, 0x00, 0x7e, 0x7e, 0x0b, 0x00, 0x8c, 0x11, 0x40, 0xa9, 0x7c, 0x5c, 0x10, 0x08, 0xc4, 
0x11, 0x40, 0x95, 0x7c, 0x14, 0x40, 0x5d, 0x7d, 0x11, 0xc0, 0x6e, 0x7d, 0x79, 0x01, 0xc0, 0xce, 
0x20, 0x00, 0xd4, 0x56, 0x7a, 0x01, 0x40, 0xcd, 0x1f, 0x00, 0xd4, 0x17, 0x0c, 0x00, 0x40, 0x95, 
0x0c, 0x00, 0xd4, 0x17, 0x01, 0x00, 0x54, 0x25, 0x09, 0x00, 0x40, 0x99, 0xf4, 0x49, 0x15, 0xc4, 
0x12, 0x00, 0x54, 0x15, 0x01, 0x00, 0x58, 0x25, 0x13, 0x00, 0xd4, 0x17, 0x01, 0x00, 0x54, 0x25, 
0x0a, 0x40, 0x95, 0x7d, 0x02, 0x00, 0x40, 0x95, 0x12, 0xc0, 0xf2, 0x7e, 0x02, 0x00, 0xc0, 0xce, 
0x20, 0x00, 0xd4, 0x56, 0x03, 0x00, 0x40, 0xcd, 0x11, 0x00, 0x40, 0xcc, 0x01, 0x40, 0x41, 0x7c, 
0x12, 0x00, 0x40, 0xcd, 0x0b, 0x00, 0x40, 0xcd, 0x13, 0x00, 0xd4, 0x17, 0x01, 0x00, 0x54, 0x25, 
0x0e, 0x00, 0x2c, 0x04, 0x05, 0x00, 0x40, 0x95, 0x15, 0x00, 0x40, 0xcc, 0x16, 0x00, 0x40, 0xcc, 
0x1c, 0x00, 0x40, 0xcc, 0x03, 0x00, 0xec, 0x06, 0xf4, 0x49, 0x19, 0xc4, 0x10, 0x00, 0x98, 0x15, 
0x01, 0x00, 0x94, 0x25, 0x09, 0x00, 0x40, 0x95, 0x02, 0x00, 0x94, 0x25, 0x07, 0x00, 0x40, 0x95, 
0x78, 0x0b, 0x00, 0x8c, 0x05, 0x00, 0x80, 0x94, 0xef, 0x0e, 0x00, 0x8c, 0x08, 0x00, 0x08, 0x04, 
0xd6, 0x0c, 0x00, 0x8c, 0x50, 0x03, 0x00, 0x80, 0xff, 0x00, 0x00, 0xcc, 0x81, 0x00, 0xc0, 0xce, 
0x5c, 0x03, 0x00, 0x8c, 0x01, 0x10, 0x00, 0xcc, 0xa8, 0x0d, 0x00, 0x80, 0x00, 0x00, 0x00, 0x00, 
0x01, 0x10, 0x14, 0xc4, 0x12, 0x00, 0x40, 0x95, 0x48, 0x0b, 0x00, 0x8c, 0x9b, 0x00, 0x40, 0xd8, 
0x99, 0x00, 0x40, 0xd8, 0xf0, 0x02, 0x40, 0xd8, 0x48, 0x0b, 0x00, 0x8c, 0x01, 0x00, 0x14, 0x04, 
0x0e, 0x00, 0x54, 0x11, 0x70, 0x4a, 0x11, 0xc4, 0x0a, 0xc0, 0x14, 0x7d, 0x70, 0x4a, 0xc1, 0xcc, 
0x00, 0x00, 0x00, 0x00, 0x70, 0x4a, 0x01, 0xcd, 0x48, 0x0b, 0x00, 0x8c, 0x9b, 0x00, 0x00, 0xd8, 
0x99, 0x00, 0x00, 0xd8, 0xf0, 0x02, 0x00, 0xd8, 0x01, 0x10, 0x00, 0xcc, 0x00, 0x00, 0x00, 0x90, 
0x09, 0x0f, 0x00, 0x8c, 0x00, 0x00, 0xc0, 0xcf, 0x02, 0x00, 0x40, 0xcc, 0x03, 0x00, 0x40, 0xcc, 
0x09, 0x00, 0x40, 0xcc, 0x01, 0x80, 0x41, 0x7c, 0xff, 0x1f, 0x94, 0x25, 0x0a, 0x00, 0x40, 0xcd, 
0x10, 0x00, 0x98, 0x15, 0xff, 0x3f, 0x94, 0x25, 0x06, 0x00, 0x40, 0xcd, 0x01, 0x00, 0x58, 0x05, 
0x01, 0x40, 0x41, 0x7c, 0x07, 0x00, 0x40, 0xcd, 0xff, 0x3f, 0x54, 0x25, 0x01, 0x00, 0x54, 0x05, 
0x10, 0x00, 0x5a, 0x7d, 0x01, 0x80, 0x40, 0x7c, 0x08, 0x00, 0x80, 0xcc, 0x07, 0x00, 0x8c, 0x24, 
0x01, 0x00, 0x21, 0x7c, 0x18, 0x00, 0x00, 0xce, 0x04, 0x00, 0x40, 0xcc, 0x05, 0x00, 0x40, 0xcc, 
0x0f, 0x00, 0x40, 0xcc, 0x01, 0x80, 0x41, 0x7c, 0xff, 0x1f, 0x94, 0x25, 0x10, 0x00, 0x40, 0xcd, 
0x10, 0x00, 0x98, 0x15, 0xff, 0x3f, 0x94, 0x25, 0x0c, 0x00, 0x40, 0xcd, 0x01, 0x00, 0x58, 0x05, 
0x01, 0x40, 0x41, 0x7c, 0x0d, 0x00, 0x40, 0xcd, 0xff, 0x3f, 0x54, 0x25, 0x01, 0x00, 0x54, 0x05, 
0x10, 0x00, 0x5a, 0x7d, 0x01, 0x80, 0x40, 0x7c, 0x0e, 0x00, 0x80, 0xcc, 0x07, 0x00, 0x8c, 0x24, 
0x01, 0x00, 0x21, 0x7c, 0x19, 0x00, 0x00, 0xce, 0x11, 0x00, 0x40, 0xcc, 0x01, 0x80, 0x41, 0x7c, 
0x12, 0x00, 0x80, 0xcd, 0x0b, 0x00, 0x80, 0xcd, 0x13, 0x00, 0xd4, 0x17, 0x01, 0x00, 0x54, 0x25, 
0x01, 0x10, 0x40, 0xcd, 0x13, 0x00, 0xd8, 0x17, 0x01, 0x00, 0x98, 0x25, 0x0f, 0x00, 0x20, 0x04, 
0x05, 0x00, 0x80, 0x95, 0x15, 0x00, 0x40, 0xcc, 0x16, 0x00, 0x40, 0xcc, 0x1c, 0x00, 0x40, 0xcc, 
0x03, 0x00, 0x20, 0x06, 0xf4, 0x49, 0x19, 0xc4, 0x10, 0x00, 0x98, 0x15, 0x01, 0x00, 0x94, 0x25, 
0x0a, 0x00, 0x40, 0x95, 0x02, 0x00, 0x94, 0x25, 0x08, 0x00, 0x40, 0x95, 0x78, 0x0b, 0x00, 0x8c, 
0x06, 0x00, 0x80, 0x94, 0xef, 0x0e, 0x00, 0x8c, 0x08, 0x00, 0x08, 0x04, 0xd6, 0x0c, 0x00, 0x8c, 
0xaf, 0x03, 0x00, 0x80, 0x00, 0x00, 0x00, 0x00, 0xff, 0x00, 0x00, 0xcc, 0x81, 0x00, 0x00, 0xce, 
0x5c, 0x03, 0x00, 0x8c, 0x01, 0x10, 0x00, 0xcc, 0xa8, 0x0d, 0x00, 0x80, 0x00, 0x00, 0x00, 0x00, 
0x00, 0x00, 0x00, 0x00, 0x00, 0x00, 0x00, 0x00, 0x00, 0x00, 0x00, 0x00, 0x00, 0x00, 0x00, 0x00, 
0x09, 0x0f, 0x00, 0x8c, 0xf9, 0x02, 0x40, 0xd8, 0x00, 0x00, 0xc0, 0xcf, 0x04, 0x00, 0x20, 0x04, 
0x04, 0x00, 0x40, 0xcc, 0x05, 0x00, 0x40, 0xcc, 0x01, 0xc0, 0x42, 0x7c, 0x0c, 0x00, 0xd4, 0x12, 
0x0c, 0x00, 0x58, 0x15, 0x11, 0x40, 0x19, 0x7e, 0x01, 0x00, 0x54, 0x05, 0x81, 0x00, 0x40, 0xcd, 
0x08, 0x00, 0xd4, 0x16, 0x0b, 0x00, 0x40, 0xcd, 0x02, 0x00, 0xa4, 0x11, 0x01, 0x00, 0x40, 0xce, 
0x10, 0x00, 0x20, 0x04, 0x76, 0x04, 0x00, 0x8c, 0xf5, 0x03, 0x00, 0x80, 0x00, 0x00, 0x00, 0x00, 
0x00, 0x00, 0x00, 0x00, 0x00, 0x00, 0x00, 0x00, 0x00, 0x00, 0x00, 0x00, 0x00, 0x00, 0x00, 0x00, 
0x09, 0x0f, 0x00, 0x8c, 0xf9, 0x02, 0x40, 0xd8, 0x00, 0x00, 0xc0, 0xcf, 0x09, 0x00, 0x24, 0x04, 
0x04, 0x00, 0x40, 0xcc, 0x05, 0x00, 0x40, 0xcc, 0x01, 0x40, 0x41, 0x7c, 0x06, 0x00, 0x40, 0xcd, 
0x01, 0x00, 0x64, 0x05, 0x01, 0x40, 0x41, 0x7c, 0x07, 0x00, 0x40, 0xcd, 0xff, 0x3f, 0x54, 0x25, 
0x01, 0x00, 0x54, 0x05, 0x10, 0x40, 0x65, 0x7d, 0x18, 0x00, 0x40, 0xcd, 0x08, 0x00, 0x40, 0xcc, 
0x09, 0x00, 0x40, 0xcc, 0x01, 0x40, 0x41, 0x7c, 0x0a, 0x00, 0x40, 0xcd, 0x0b, 0x00, 0x40, 0xcd, 
0x01, 0x00, 0x42, 0x7c, 0x02, 0x00, 0x14, 0x12, 0x01, 0x00, 0x40, 0xcd, 0x11, 0x40, 0x61, 0x7e, 
0x01, 0x00, 0x54, 0x05, 0x81, 0x00, 0x40, 0xcd, 0x02, 0x00, 0x24, 0x12, 0x24, 0x00, 0x20, 0x04, 
0x76, 0x04, 0x00, 0x8c, 0xed, 0x00, 0x80, 0xd8, 0x14, 0x4a, 0x15, 0xc4, 0x00, 0x02, 0x54, 0x25, 
0x19, 0x00, 0x40, 0x99, 0x48, 0x59, 0x15, 0xc4, 0x20, 0x00, 0x58, 0x51, 0x44, 0x59, 0x2d, 0xc4, 
0x11, 0xc0, 0xda, 0x7e, 0x50, 0x59, 0x15, 0xc4, 0x20, 0x00, 0x54, 0x51, 0x4c, 0x59, 0x19, 0xc4, 
0x11, 0x80, 0x59, 0x7d, 0x11, 0x80, 0xa1, 0x7d, 0x40, 0x59, 0x21, 0xc4, 0x3e, 0x00, 0x14, 0x26, 
0x01, 0x00, 0x60, 0x15, 0x04, 0x00, 0x14, 0x04, 0x04, 0x00, 0x62, 0x7d, 0x01, 0x00, 0x14, 0x0a, 
0x09, 0x80, 0x95, 0x7d, 0x08, 0x00, 0xd4, 0x52, 0x11, 0x80, 0x59, 0x7d, 0x20, 0x00, 0x94, 0x55, 
0x02, 0x00, 0x80, 0xcd, 0x03, 0x00, 0x40, 0xcd, 0x01, 0x00, 0x14, 0x04, 0x67, 0x00, 0x42, 0xcd, 
0x1e, 0x04, 0x00, 0x80, 0x74, 0x59, 0x19, 0xc4, 0x00, 0x00, 0x00, 0x00, 0x78, 0x59, 0x2d, 0xc4, 
0x00, 0x00, 0x00, 0x00, 0x70, 0x59, 0x15, 0xc4, 0x00, 0x00, 0x00, 0x00, 0x11, 0x40, 0x61, 0x7d, 
0x11, 0x80, 0x95, 0x7d, 0x20, 0x00, 0xa0, 0x55, 0x01, 0x40, 0xe1, 0x7e, 0x02, 0x00, 0x80, 0xcd, 
0x03, 0x00, 0x40, 0xcd, 0x01, 0x00, 0x02, 0x7c, 0x1f, 0x00, 0xd8, 0x17, 0x01, 0x00, 0x98, 0x25, 
0x01, 0x00, 0x80, 0x95, 0x60, 0x4a, 0x15, 0xc4, 0x03, 0x00, 0x54, 0x25, 0x01, 0x00, 0x54, 0x15, 
0x09, 0x40, 0x59, 0x7d, 0x02, 0x00, 0x40, 0x99, 0xff, 0x00, 0x00, 0xcc, 0x14, 0x4a, 0x15, 0xc4, 
0x19, 0x00, 0x54, 0x15, 0x01, 0x00, 0x54, 0x25, 0xfd, 0xff, 0x4f, 0x95, 0xef, 0x0e, 0x00, 0x8c, 
0xf1, 0x02, 0x00, 0xcc, 0xed, 0x00, 0x00, 0xd8, 0x14, 0x4a, 0x15, 0xc4, 0x00, 0x02, 0x68, 0x25, 
0x06, 0x00, 0x80, 0x9a, 0x00, 0x4a, 0x28, 0x04, 0x67, 0x00, 0x02, 0xcc, 0x4c, 0x59, 0x1c, 0x04, 
0x00, 0x00, 0xd1, 0xc5, 0x39, 0x04, 0x00, 0x80, 0x70, 0x59, 0x1c, 0x04, 0x00, 0x00, 0xd1, 0xc5, 
0x0c, 0x4a, 0x28, 0x04, 0x08, 0x00, 0x64, 0x12, 0x08, 0x00, 0x64, 0x16, 0x04, 0x00, 0x64, 0x46, 
0x01, 0x80, 0x40, 0x7e, 0x4c, 0x04, 0x00, 0x8c, 0x00, 0x10, 0x00, 0xd8, 0x14, 0x4a, 0x15, 0xc4, 
0x00, 0x02, 0x54, 0x25, 0x03, 0x00, 0x40, 0x95, 0x02, 0x00, 0x08, 0x04, 0xd6, 0x0c, 0x00, 0x8c, 
0xf0, 0x02, 0x00, 0xd8, 0x40, 0x00, 0x08, 0x04, 0xd6, 0x0c, 0x00, 0x8c, 0xaf, 0x01, 0x00, 0xcc, 
0x77, 0x00, 0x00, 0xcc, 0xf9, 0x02, 0x00, 0xcc, 0xb0, 0x0d, 0x00, 0x80, 0x00, 0x00, 0x00, 0x00, 
0x02, 0x00, 0x94, 0x14, 0x80, 0x59, 0x41, 0xcd, 0x56, 0x04, 0x00, 0x8c, 0x59, 0x0c, 0x00, 0x8c, 
0x00, 0x10, 0x40, 0xd8, 0x80, 0x59, 0x15, 0xc4, 0xff, 0xff, 0x4f, 0x99, 0x00, 0x00, 0x00, 0x00, 
0x00, 0x00, 0x00, 0x90, 0x4f, 0x0e, 0x00, 0x80, 0xff, 0x00, 0x14, 0x04, 0xd0, 0x4a, 0x41, 0xcd, 
0xd0, 0x4a, 0x15, 0xc4, 0xff, 0xff, 0x4f, 0x95, 0xd0, 0x4a, 0x01, 0xcc, 0xd0, 0x4a, 0x15, 0xc4, 
0xff, 0xff, 0x4f, 0x99, 0x00, 0x00, 0x00, 0x90, 0x3c, 0x02, 0x14, 0xc4, 0x03, 0x00, 0x54, 0x25, 
0x08, 0x00, 0x40, 0x99, 0xf0, 0x49, 0x09, 0xc4, 0x09, 0x00, 0x88, 0x14, 0x01, 0x00, 0x88, 0x24, 
0x10, 0x00, 0x80, 0x94, 0x9c, 0x01, 0x08, 0xc4, 0x03, 0x00, 0x88, 0x24, 0x0d, 0x00, 0x80, 0x94, 
0x6c, 0x5a, 0x15, 0xc4, 0x01, 0x01, 0x54, 0x25, 0x01, 0x01, 0x54, 0x31, 0x09, 0x00, 0x40, 0x95, 
0xc1, 0x01, 0x14, 0xc4, 0x40, 0x00, 0x54, 0x25, 0x06, 0x00, 0x40, 0x95, 0x3c, 0x02, 0x14, 0xc4, 
0x80, 0x00, 0x54, 0x25, 0x03, 0x00, 0x40, 0x99, 0x01, 0x00, 0x08, 0x04, 0x75, 0x04, 0x00, 0x80, 
0x00, 0x00, 0x08, 0x04, 0x00, 0x00, 0x00, 0x90, 0x14, 0x4a, 0x15, 0xc4, 0x00, 0x02, 0x54, 0x25, 
0x0f, 0x00, 0x40, 0x99, 0x54, 0x59, 0x15, 0xc4, 0x58, 0x59, 0x19, 0xc4, 0x20, 0x00, 0x88, 0x51, 
0x11, 0x80, 0x94, 0x7c, 0x4c, 0x59, 0x15, 0xc4, 0x50, 0x59, 0x19, 0xc4, 0x20, 0x00, 0x8c, 0x51, 
0x11, 0xc0, 0xd4, 0x7c, 0x02, 0x00, 0x8d, 0x7c, 0x01, 0x40, 0x25, 0x7e, 0x04, 0x00, 0x54, 0x05, 
0x0e, 0x80, 0x51, 0x7d, 0xf4, 0xff, 0x8f, 0x99, 0x8f, 0x04, 0x00, 0x80, 0x70, 0x59, 0x15, 0xc4, 
0x7c, 0x59, 0x19, 0xc4, 0x02, 0x00, 0x98, 0x11, 0x02, 0x00, 0x95, 0x7d, 0x01, 0x40, 0x25, 0x7e, 
0x04, 0x00, 0x54, 0x05, 0x0e, 0x80, 0x51, 0x7d, 0xf9, 0xff, 0x8f, 0x99, 0x00, 0x00, 0x00, 0x90, 
0x01, 0xc0, 0x40, 0x7c, 0x01, 0xc0, 0x40, 0x7c, 0x01, 0xc0, 0x40, 0x7c, 0x01, 0xc0, 0x40, 0x7c, 
0x01, 0xc0, 0x40, 0x7c, 0x01, 0xc0, 0x40, 0x7c, 0x01, 0xc0, 0x40, 0x7c, 0x01, 0xc0, 0x40, 0x7c, 
0xb0, 0x0d, 0x00, 0x80, 0x00, 0x00, 0x00, 0x00, 0x94, 0x04, 0x00, 0x80, 0xb0, 0x0d, 0x00, 0x80, 
0x94, 0x04, 0x00, 0x80, 0x97, 0x04, 0x00, 0x80, 0xb0, 0x0d, 0x00, 0x80, 0x00, 0x00, 0x00, 0x00, 
0x09, 0x0f, 0x00, 0x8c, 0x68, 0x59, 0x19, 0xc4, 0x01, 0x00, 0x94, 0x25, 0x7e, 0x00, 0x00, 0xcc, 
0x3d, 0x00, 0x40, 0x95, 0xff, 0xff, 0xa0, 0x25, 0x10, 0x00, 0xe4, 0x17, 0x10, 0x00, 0x54, 0x12, 
0x0a, 0x40, 0x61, 0x7d, 0x68, 0x59, 0x41, 0xcd, 0x74, 0x59, 0x41, 0xcc, 0x00, 0x00, 0x00, 0x00, 
0x78, 0x59, 0x41, 0xcc, 0x70, 0x59, 0x01, 0xcc, 0x01, 0xc0, 0x41, 0x7c, 0x01, 0x80, 0x02, 0x7c, 
0x3c, 0x00, 0x00, 0xcc, 0x01, 0x00, 0x42, 0x7c, 0x01, 0x40, 0x42, 0x7c, 0x85, 0x00, 0x00, 0xcc, 
0xf0, 0x59, 0x01, 0xce, 0xf4, 0x59, 0x41, 0xce, 0x7f, 0x00, 0x00, 0xcc, 0x0a, 0x40, 0x25, 0x7e, 
0x22, 0x00, 0x40, 0x95, 0x99, 0x00, 0x40, 0xd8, 0x9a, 0x00, 0x40, 0xd8, 0x9b, 0x00, 0x40, 0xd8, 
0xf0, 0x02, 0x40, 0xd8, 0x52, 0x00, 0x02, 0xce, 0x53, 0x00, 0x42, 0xce, 0x00, 0x00, 0x00, 0x00, 
0x10, 0x00, 0x14, 0x04, 0x22, 0x00, 0x42, 0xcd, 0x00, 0x00, 0x2a, 0xc4, 0x00, 0x10, 0x80, 0xce, 
0xef, 0x0e, 0x00, 0x8c, 0x43, 0x00, 0x42, 0xd8, 0x44, 0x00, 0x02, 0xd9, 0x00, 0x10, 0x00, 0xd8, 
0x10, 0x00, 0x14, 0x04, 0x23, 0x00, 0x42, 0xcd, 0x45, 0x00, 0x02, 0xce, 0x48, 0x00, 0x02, 0xcc, 
0x47, 0x00, 0x02, 0xcc, 0x46, 0x00, 0x42, 0xce, 0x08, 0x00, 0x08, 0x04, 0xd6, 0x0c, 0x00, 0x8c, 
0x14, 0x4a, 0x15, 0xc4, 0x19, 0x00, 0x54, 0x15, 0x01, 0x00, 0x54, 0x25, 0xfb, 0xff, 0x4f, 0x95, 
0xef, 0x0e, 0x00, 0x8c, 0x00, 0x00, 0x00, 0x00, 0x99, 0x00, 0x00, 0xd8, 0x9a, 0x00, 0x00, 0xd8, 
0x9b, 0x00, 0x00, 0xd8, 0xf0, 0x02, 0x00, 0xd8, 0x7c, 0x59, 0xc1, 0xcd, 0x70, 0x59, 0x81, 0xce, 
0xf1, 0x02, 0x00, 0xcc, 0x81, 0x00, 0x80, 0xd9, 0xf3, 0x02, 0x00, 0xcc, 0x42, 0x00, 0x00, 0xcc, 
0x18, 0x00, 0x00, 0x80, 0x01, 0xc0, 0x43, 0x7c, 0x01, 0xc0, 0x43, 0x7c, 0x01, 0xc0, 0x43, 0x7c, 
0x01, 0xc0, 0x43, 0x7c, 0x01, 0xc0, 0x43, 0x7c, 0x8b, 0x00, 0x40, 0xd8, 0xf1, 0x02, 0x00, 0xcc, 
0xb0, 0x0d, 0x00, 0x80, 0x00, 0x00, 0x00, 0x00, 0x17, 0x00, 0xd4, 0x17, 0x01, 0x00, 0x54, 0x25, 
0x0c, 0x00, 0x40, 0x95, 0x40, 0x59, 0x15, 0xc4, 0x17, 0x00, 0x58, 0x15, 0x01, 0x00, 0x98, 0x25, 
0x1f, 0x00, 0x80, 0x95, 0x14, 0x4a, 0x15, 0xc4, 0x00, 0x02, 0x58, 0x25, 0x05, 0x00, 0x80, 0x95, 
0x68, 0x59, 0x15, 0xc4, 0x1f, 0x00, 0x58, 0x15, 0x01, 0x00, 0x98, 0x25, 0x18, 0x00, 0x80, 0x95, 
0x09, 0x0f, 0x00, 0x8c, 0x43, 0x00, 0x42, 0xd8, 0x44, 0x00, 0x02, 0xd9, 0x25, 0x00, 0xc2, 0xcf, 
0x10, 0x00, 0xd4, 0x17, 0x07, 0x00, 0x54, 0x25, 0x10, 0x00, 0x54, 0x05, 0x17, 0x01, 0x42, 0xcd, 
0xd9, 0x0b, 0x00, 0x8c, 0x01, 0x00, 0xcc, 0x28, 0xe5, 0x0b, 0x00, 0x8c, 0x02, 0x00, 0x54, 0x14, 
0x02, 0x00, 0x54, 0x11, 0x45, 0x00, 0x42, 0xcd, 0x01, 0x80, 0x41, 0x7c, 0xf0, 0x49, 0x15, 0xc4, 
0x10, 0x00, 0x54, 0x25, 0x03, 0x00, 0x54, 0x15, 0x47, 0x00, 0x42, 0xcd, 0x48, 0x00, 0x42, 0xcc, 
0x46, 0x00, 0x82, 0xcd, 0x81, 0x00, 0x00, 0xd9, 0xb0, 0x0d, 0x00, 0x80, 0x01, 0x80, 0x40, 0x7c, 
0x01, 0x80, 0x40, 0x7c, 0x01, 0x80, 0x40, 0x7c, 0xb0, 0x0d, 0x00, 0x80, 0x14, 0x4a, 0x15, 0xc4, 
0x00, 0x02, 0x58, 0x25, 0x2c, 0x00, 0x80, 0x99, 0x43, 0x00, 0x42, 0xd8, 0x44, 0x00, 0x02, 0xd9, 
0x25, 0x00, 0xc2, 0xcf, 0x00, 0x00, 0x14, 0x04, 0x17, 0x01, 0x42, 0xcd, 0xd9, 0x0b, 0x00, 0x8c, 
0x01, 0x00, 0xcc, 0x28, 0xe5, 0x0b, 0x00, 0x8c, 0x50, 0x59, 0x15, 0xc4, 0x4c, 0x59, 0x1d, 0xc4, 
0x20, 0x00, 0x54, 0x51, 0x11, 0xc0, 0xd5, 0x7d, 0x04, 0x00, 0xdc, 0x45, 0x70, 0x5a, 0x25, 0xc4, 
0x03, 0x00, 0x64, 0x16, 0x03, 0x00, 0x64, 0x12, 0x45, 0x00, 0x42, 0xce, 0x74, 0x5a, 0x29, 0xc4, 
0x47, 0x00, 0x02, 0xcc, 0x48, 0x00, 0xc2, 0xcd, 0x46, 0x00, 0x82, 0xce, 0xd1, 0x0b, 0x00, 0x8c, 
0xef, 0x0e, 0x00, 0x8c, 0x00, 0x00, 0x00, 0x00, 0x43, 0x00, 0x42, 0xd8, 0x44, 0x00, 0x02, 0xd9, 
0x00, 0x00, 0x14, 0x04, 0x17, 0x01, 0x42, 0xcd, 0x25, 0x00, 0xc2, 0xcf, 0x04, 0x00, 0x64, 0x06, 
0x45, 0x00, 0x42, 0xce, 0x47, 0x00, 0x02, 0xcc, 0x20, 0x00, 0xd4, 0x55, 0x48, 0x00, 0x42, 0xcd, 
0x46, 0x00, 0x82, 0xce, 0xd1, 0x0b, 0x00, 0x8c, 0xef, 0x0e, 0x00, 0x8c, 0x3e, 0x00, 0x34, 0x04, 
0x75, 0x10, 0x80, 0xcd, 0x43, 0x00, 0x38, 0x04, 0x00, 0x00, 0x08, 0x04, 0x56, 0x0e, 0x00, 0x8c, 
0x00, 0x00, 0x00, 0x00, 0x81, 0x00, 0x40, 0xd8, 0xf1, 0x02, 0x00, 0xcc, 0xb0, 0x0d, 0x00, 0x80, 
0x17, 0x00, 0xd4, 0x17, 0x01, 0x00, 0x54, 0x25, 0x0c, 0x00, 0x40, 0x95, 0x40, 0x59, 0x15, 0xc4, 
0x17, 0x00, 0x58, 0x15, 0x01, 0x00, 0x98, 0x25, 0x62, 0x00, 0x80, 0x95, 0x14, 0x4a, 0x15, 0xc4, 
0x00, 0x02, 0x58, 0x25, 0x05, 0x00, 0x80, 0x95, 0x68, 0x59, 0x15, 0xc4, 0x1f, 0x00, 0x58, 0x15, 
0x01, 0x00, 0x98, 0x25, 0x5b, 0x00, 0x80, 0x95, 0x09, 0x0f, 0x00, 0x8c, 0x43, 0x00, 0x42, 0xd8, 
0x1f, 0x00, 0xdc, 0x17, 0x25, 0x00, 0xc2, 0xcf, 0xd9, 0x0b, 0x00, 0x8c, 0x1c, 0x00, 0xcc, 0x17, 
0xe5, 0x0b, 0x00, 0x8c, 0xd9, 0x0b, 0x00, 0x8c, 0x1c, 0x00, 0xcc, 0x17, 0xf7, 0x0b, 0x00, 0x8c, 
0x01, 0x40, 0x05, 0x7c, 0x02, 0x00, 0x54, 0x15, 0x02, 0x00, 0x54, 0x11, 0x2c, 0x00, 0x42, 0xcd, 
0x01, 0x80, 0x05, 0x7c, 0x2d, 0x00, 0x82, 0xcd, 0x20, 0x00, 0x98, 0x51, 0x11, 0x00, 0x96, 0x7d, 
0xf0, 0x49, 0x15, 0xc4, 0x10, 0x00, 0x54, 0x25, 0x03, 0x00, 0x54, 0x15, 0x47, 0x00, 0x42, 0xcd, 
0x01, 0x40, 0x06, 0x7c, 0x2e, 0x00, 0x42, 0xce, 0x01, 0x40, 0x05, 0x7c, 0x06, 0x00, 0xc0, 0x95, 
0x02, 0x00, 0x08, 0x04, 0xd6, 0x0c, 0x00, 0x8c, 0x2e, 0x00, 0x42, 0xcd, 0x20, 0x00, 0x54, 0x51, 
0x11, 0x40, 0x56, 0x7e, 0xd1, 0x0b, 0x00, 0x8c, 0x2f, 0x00, 0x42, 0xd8, 0xef, 0x0e, 0x00, 0x8c, 
0x6a, 0x0c, 0x00, 0x8c, 0x01, 0x40, 0x21, 0x7c, 0x20, 0x00, 0x18, 0x56, 0x52, 0x00, 0x42, 0xcd, 
0x53, 0x00, 0x82, 0xcd, 0x00, 0x10, 0x00, 0xd8, 0x00, 0x00, 0x2a, 0xc4, 0x00, 0x10, 0x80, 0xce, 
0xef, 0x0e, 0x00, 0x8c, 0x00, 0x00, 0x2c, 0x04, 0x04, 0x00, 0xc0, 0x95, 0x00, 0x00, 0x2e, 0xc4, 
0x00, 0x10, 0xc0, 0xce, 0xef, 0x0e, 0x00, 0x8c, 0x20, 0x00, 0xec, 0x52, 0x11, 0x80, 0xae, 0x7e, 
0x0c, 0x40, 0xa5, 0x7e, 0xee, 0xff, 0x4f, 0x95, 0xef, 0x0e, 0x00, 0x8c, 0x6a, 0x0c, 0x00, 0x8c, 
0x01, 0x40, 0x05, 0x7c, 0x01, 0x80, 0x05, 0x7c, 0x01, 0x00, 0x07, 0x7c, 0x1e, 0x00, 0x00, 0x97, 
0xf0, 0x49, 0x09, 0xc4, 0x01, 0x00, 0x88, 0x24, 0x1b, 0x00, 0x80, 0x94, 0x20, 0x00, 0x98, 0x51, 
0x11, 0x80, 0x95, 0x7d, 0x13, 0x00, 0x80, 0x95, 0x02, 0x00, 0x54, 0x15, 0x02, 0x00, 0x54, 0x11, 
0x20, 0x00, 0x98, 0x55, 0x52, 0x00, 0x42, 0xcd, 0x53, 0x00, 0x82, 0xcd, 0x00, 0x10, 0x00, 0xd8, 
0x00, 0x00, 0x2a, 0xc4, 0x00, 0x10, 0x80, 0xce, 0xef, 0x0e, 0x00, 0x8c, 0x00, 0x00, 0x2c, 0x04, 
0x04, 0x00, 0xc0, 0x95, 0x00, 0x00, 0x2e, 0xc4, 0x00, 0x10, 0xc0, 0xce, 0xef, 0x0e, 0x00, 0x8c, 
0x20, 0x00, 0xec, 0x52, 0x11, 0x80, 0xae, 0x7e, 0x0f, 0x40, 0x69, 0x7e, 0x06, 0x00, 0x40, 0x95, 
0x3e, 0x00, 0x34, 0x04, 0x75, 0x10, 0x00, 0xcf, 0x31, 0x00, 0x38, 0x04, 0x00, 0x00, 0x08, 0x04, 
0x56, 0x0e, 0x00, 0x8c, 0x81, 0x00, 0x00, 0xda, 0xf1, 0x02, 0x00, 0xcc, 0xb0, 0x0d, 0x00, 0x80, 
0x01, 0x80, 0x40, 0x7c, 0x01, 0x80, 0x40, 0x7c, 0x01, 0x80, 0x40, 0x7c, 0x01, 0x80, 0x40, 0x7c, 
0x01, 0x80, 0x40, 0x7c, 0x01, 0x80, 0x40, 0x7c, 0x01, 0x80, 0x40, 0x7c, 0xb0, 0x0d, 0x00, 0x80, 
0x09, 0x0f, 0x00, 0x8c, 0xf0, 0x49, 0x15, 0xc4, 0x01, 0x80, 0x41, 0x7c, 0x81, 0x00, 0x80, 0xd8, 
0x01, 0x00, 0x54, 0x25, 0x06, 0x00, 0x40, 0x95, 0x3e, 0x00, 0x34, 0x04, 0x75, 0x10, 0x80, 0xcd, 
0x31, 0x00, 0x38, 0x04, 0x00, 0x00, 0x08, 0x04, 0x56, 0x0e, 0x00, 0x8c, 0xf1, 0x02, 0x00, 0xcc, 
0xb0, 0x0d, 0x00, 0x80, 0x00, 0x00, 0x00, 0x00, 0x01, 0x80, 0x41, 0x7c, 0x01, 0x80, 0x41, 0x7c, 
0xb0, 0x0d, 0x00, 0x80, 0x00, 0x00, 0x00, 0x00, 0x5c, 0x03, 0x00, 0x8c, 0xd5, 0x00, 0x00, 0xcc, 
0x10, 0x00, 0xd4, 0x17, 0x1f, 0x00, 0x54, 0x25, 0x4e, 0x10, 0x40, 0xcd, 0x18, 0x00, 0xd4, 0x17, 
0x1f, 0x00, 0x54, 0x25, 0x4d, 0x10, 0x40, 0xcd, 0x01, 0x40, 0x41, 0x7c, 0x52, 0x10, 0x40, 0xcd, 
0x01, 0x40, 0x41, 0x7c, 0x51, 0x10, 0x40, 0xcd, 0x01, 0x80, 0x41, 0x7c, 0x10, 0x00, 0x94, 0x15, 
0x1f, 0x00, 0x54, 0x25, 0x50, 0x10, 0x40, 0xcd, 0x0f, 0x00, 0x94, 0x11, 0x0f, 0x00, 0x54, 0x15, 
0x4f, 0x10, 0x40, 0xcd, 0x4d, 0x10, 0x2c, 0xc4, 0x01, 0x00, 0x18, 0x04, 0x10, 0x00, 0x98, 0x11, 
0x63, 0xa7, 0x14, 0x04, 0x01, 0x40, 0x59, 0x7d, 0x01, 0xc0, 0x6d, 0x7d, 0x87, 0xa7, 0x14, 0x04, 
0x01, 0x80, 0x59, 0x7d, 0x01, 0x00, 0xd4, 0x12, 0x01, 0x00, 0x96, 0x7d, 0x01, 0x00, 0x24, 0x06, 
0x4e, 0x10, 0x2c, 0xc4, 0x1b, 0x29, 0x14, 0x04, 0x01, 0x80, 0x6e, 0x7d, 0x3f, 0x29, 0x18, 0x04, 
0x01, 0x00, 0xd4, 0x12, 0x01, 0x00, 0x95, 0x7d, 0x01, 0x00, 0x2c, 0x05, 0x4d, 0x10, 0x14, 0xc4, 
0x1f, 0x00, 0x54, 0x31, 0x0a, 0x00, 0x40, 0x99, 0x51, 0x10, 0x08, 0xc4, 0x01, 0xc0, 0x00, 0x7e, 
0x27, 0x0c, 0x00, 0x8c, 0x50, 0x10, 0x08, 0xc4, 0x01, 0xc0, 0x40, 0x7e, 0x27, 0x0c, 0x00, 0x8c, 
0x52, 0x10, 0x08, 0xc4, 0x01, 0xc0, 0xc0, 0x7d, 0x27, 0x0c, 0x00, 0x8c, 0x4e, 0x10, 0x14, 0xc4, 
0x1f, 0x00, 0x54, 0x31, 0x0a, 0x00, 0x40, 0x99, 0x51, 0x10, 0x08, 0xc4, 0x01, 0xc0, 0x00, 0x7d, 
0x27, 0x0c, 0x00, 0x8c, 0x50, 0x10, 0x08, 0xc4, 0x01, 0xc0, 0xc0, 0x7e, 0x27, 0x0c, 0x00, 0x8c, 
0x52, 0x10, 0x08, 0xc4, 0x01, 0xc0, 0x80, 0x7e, 0x27, 0x0c, 0x00, 0x8c, 0x4d, 0x10, 0x2c, 0xc4, 
0x06, 0x00, 0x14, 0x04, 0x10, 0x00, 0x54, 0x11, 0xd4, 0x9d, 0x18, 0x04, 0x01, 0x80, 0x95, 0x7d, 
0x02, 0x00, 0xd4, 0x12, 0x01, 0x40, 0x96, 0x7d, 0x4e, 0x10, 0x18, 0xc4, 0xb4, 0xa4, 0x14, 0x04, 
0x02, 0x00, 0x98, 0x11, 0x01, 0x00, 0x5a, 0x7d, 0x6c, 0xa4, 0x10, 0x04, 0x4d, 0x10, 0x14, 0xc4, 
0x1f, 0x00, 0x54, 0x31, 0x05, 0x00, 0x40, 0x99, 0x00, 0x00, 0x08, 0x04, 0x01, 0xc0, 0x40, 0x7e, 
0x12, 0x0c, 0x00, 0x8c, 0x00, 0x00, 0x00, 0x00, 0x4e, 0x10, 0x14, 0xc4, 0x1f, 0x00, 0x54, 0x31, 
0x05, 0x00, 0x40, 0x99, 0x00, 0x00, 0x08, 0x04, 0x01, 0xc0, 0x00, 0x7e, 0x12, 0x0c, 0x00, 0x8c, 
0x00, 0x00, 0x00, 0x00, 0x81, 0x00, 0x00, 0xda, 0xb0, 0x0d, 0x00, 0x80, 0x09, 0x0f, 0x00, 0x8c, 
0xd9, 0x0b, 0x00, 0x8c, 0x1c, 0x00, 0xcc, 0x17, 0xe5, 0x0b, 0x00, 0x8c, 0xd9, 0x0b, 0x00, 0x8c, 
0x1c, 0x00, 0xcc, 0x17, 0xf7, 0x0b, 0x00, 0x8c, 0x01, 0xc0, 0x41, 0x7c, 0x01, 0x00, 0x42, 0x7c, 
0x20, 0x00, 0x14, 0x52, 0x11, 0x80, 0x5d, 0x7d, 0x04, 0x00, 0x94, 0x45, 0x01, 0x80, 0x41, 0x7d, 
0x20, 0x00, 0x6c, 0x55, 0x31, 0x00, 0x00, 0xcc, 0x52, 0x00, 0xc2, 0xcd, 0x53, 0x00, 0x02, 0xce, 
0x00, 0x10, 0xc0, 0xd8, 0x00, 0x00, 0x26, 0xc4, 0x00, 0x00, 0x00, 0x00, 0x00, 0x10, 0x40, 0xce, 
0xef, 0x0e, 0x00, 0x8c, 0x01, 0x00, 0x64, 0x46, 0x43, 0x00, 0x42, 0xd8, 0x44, 0x00, 0x02, 0xd9, 
0x00, 0x10, 0xc0, 0xd8, 0x47, 0x00, 0x02, 0xd8, 0x45, 0x00, 0xc2, 0xcd, 0x48, 0x00, 0x42, 0xce, 
0x46, 0x00, 0x02, 0xce, 0x08, 0x00, 0x08, 0x04, 0xd6, 0x0c, 0x00, 0x8c, 0x6a, 0x0c, 0x00, 0x8c, 
0xd1, 0x0b, 0x00, 0x8c, 0x81, 0x00, 0xc0, 0xd8, 0xb0, 0x0d, 0x00, 0x80, 0x00, 0x00, 0x00, 0x00, 
0x09, 0x0f, 0x00, 0x8c, 0x01, 0x40, 0x41, 0x7c, 0x01, 0x00, 0x42, 0x7c, 0x01, 0x40, 0x42, 0x7c, 
0x00, 0x00, 0x6b, 0xc5, 0xef, 0x0e, 0x00, 0x8c, 0x00, 0x00, 0x00, 0x00, 0x00, 0x00, 0x00, 0x00, 
0x43, 0x00, 0x42, 0xd8, 0x44, 0x00, 0x02, 0xd9, 0x00, 0x10, 0x00, 0xd9, 0x00, 0x00, 0x00, 0x00, 
0xd9, 0x0b, 0x00, 0x8c, 0x1c, 0x00, 0xcc, 0x17, 0xe5, 0x0b, 0x00, 0x8c, 0x45, 0x00, 0x02, 0xce, 
0x48, 0x00, 0x82, 0xce, 0x47, 0x00, 0x02, 0xcc, 0x46, 0x00, 0x42, 0xce, 0x81, 0x00, 0x00, 0xd9, 
0xb0, 0x0d, 0x00, 0x80, 0x00, 0x00, 0x00, 0x00, 0x09, 0x0f, 0x00, 0x8c, 0x3d, 0x0f, 0x00, 0x8c, 
0x1f, 0x00, 0xd4, 0x17, 0x1e, 0x40, 0x41, 0x7d, 0x01, 0x00, 0x54, 0x25, 0x0a, 0x10, 0x40, 0xcd, 
0x10, 0x00, 0xe0, 0x17, 0x03, 0x00, 0x20, 0x26, 0x00, 0x00, 0x1c, 0x32, 0x06, 0x00, 0xc0, 0x99, 
0x01, 0x00, 0x1c, 0x32, 0x65, 0x00, 0xc0, 0x99, 0x02, 0x00, 0x1c, 0x32, 0x08, 0x00, 0xc0, 0x99, 
0xca, 0x06, 0x00, 0x80, 0xd7, 0x02, 0x20, 0x04, 0xd6, 0x02, 0x1c, 0x04, 0x71, 0x06, 0x00, 0x80, 
0xd9, 0x02, 0x20, 0x04, 0xd8, 0x02, 0x1c, 0x04, 0x71, 0x06, 0x00, 0x80, 0xd5, 0x02, 0x20, 0x04, 
0xd4, 0x02, 0x1c, 0x04, 0xd9, 0x0b, 0x00, 0x8c, 0x1c, 0x00, 0xcc, 0x17, 0xe5, 0x0b, 0x00, 0x8c, 
0x00, 0x00, 0x2c, 0x04, 0x00, 0x00, 0x14, 0xc6, 0x6f, 0x10, 0x40, 0xcd, 0x00, 0x00, 0x20, 0x04, 
0x00, 0x00, 0xd4, 0xc5, 0x70, 0x10, 0x40, 0xcd, 0x00, 0x00, 0x28, 0x04, 0x01, 0x80, 0x41, 0x7c, 
0x01, 0x40, 0x41, 0x7c, 0x20, 0x00, 0x64, 0x51, 0x11, 0x40, 0x5a, 0x7e, 0x01, 0x40, 0x41, 0x7c, 
0x00, 0x00, 0x5c, 0x05, 0x20, 0x4a, 0x15, 0xc4, 0x03, 0x00, 0x54, 0x25, 0x02, 0x00, 0x54, 0x05, 
0x04, 0x00, 0x58, 0x05, 0x01, 0x00, 0x14, 0x04, 0x04, 0x40, 0x59, 0x7d, 0x6e, 0x10, 0x40, 0xcd, 
0x01, 0x40, 0x41, 0x7c, 0x71, 0x10, 0x40, 0xcd, 0x31, 0x00, 0x00, 0xcc, 0xd3, 0x00, 0xc0, 0xd8, 
0xcd, 0x00, 0x80, 0xd8, 0xd5, 0x00, 0x00, 0xcc, 0xd3, 0x00, 0xc0, 0xd8, 0xcd, 0x00, 0x80, 0xd8, 
0x6f, 0x10, 0x14, 0xc4, 0x02, 0x00, 0x54, 0x51, 0x00, 0x00, 0x57, 0xc5, 0xef, 0x0e, 0x00, 0x8c, 
0x00, 0x00, 0x00, 0x00, 0x01, 0x00, 0x54, 0x25, 0xf8, 0xff, 0x4f, 0x95, 0x70, 0x10, 0x0c, 0xc4, 
0x11, 0x80, 0xc0, 0x7d, 0x0a, 0x10, 0x14, 0xc4, 0x01, 0x00, 0x54, 0x11, 0x01, 0x00, 0x50, 0x05, 
0x53, 0x0b, 0x00, 0x8c, 0x6e, 0x10, 0x14, 0xc4, 0x11, 0xc0, 0xd5, 0x7d, 0x36, 0x0f, 0x00, 0x8c, 
0x6f, 0x10, 0x14, 0xc4, 0x02, 0x00, 0x48, 0x51, 0xd3, 0x00, 0xc0, 0xd8, 0xcd, 0x00, 0x80, 0xd8, 
0x00, 0x10, 0xc0, 0xd9, 0x00, 0x10, 0x14, 0xc4, 0x00, 0x00, 0x97, 0xc4, 0xef, 0x0e, 0x00, 0x8c, 
0x00, 0x00, 0x00, 0x00, 0x01, 0x00, 0x58, 0x25, 0xf8, 0xff, 0x8f, 0x95, 0x00, 0x00, 0x00, 0x00, 
0x01, 0x00, 0x58, 0x15, 0x01, 0x00, 0x94, 0x25, 0x1f, 0x00, 0xd8, 0x26, 0x04, 0x40, 0x59, 0x7d, 
0x01, 0x00, 0x16, 0x7e, 0x01, 0x00, 0xec, 0x06, 0x71, 0x10, 0x14, 0xc4, 0x0c, 0x80, 0xd5, 0x7e, 
0x0f, 0x00, 0x80, 0x99, 0x07, 0x00, 0xd4, 0x26, 0x03, 0x00, 0x40, 0x99, 0x01, 0x00, 0x94, 0x12, 
0x01, 0x00, 0x68, 0x05, 0x1f, 0x00, 0xd4, 0x26, 0xd4, 0xff, 0x4f, 0x99, 0x11, 0x80, 0x40, 0x7e, 
0x01, 0xc0, 0x00, 0x7e, 0x01, 0x00, 0x81, 0x7e, 0x41, 0x0c, 0x00, 0x8c, 0x11, 0x40, 0x82, 0x7c, 
0x00, 0x00, 0x20, 0x04, 0x00, 0x00, 0x28, 0x04, 0x8e, 0x06, 0x00, 0x80, 0x01, 0x00, 0x94, 0x12, 
0x01, 0x00, 0x50, 0x05, 0x01, 0xc0, 0x00, 0x7e, 0x11, 0x80, 0x40, 0x7e, 0x41, 0x0c, 0x00, 0x8c, 
0x81, 0x00, 0x40, 0xd9, 0xb0, 0x0d, 0x00, 0x80, 0x01, 0x40, 0x41, 0x7c, 0x01, 0x40, 0x41, 0x7c, 
0x01, 0x40, 0x41, 0x7c, 0x01, 0x40, 0x41, 0x7c, 0x81, 0x00, 0x40, 0xd9, 0xb0, 0x0d, 0x00, 0x80, 
0x00, 0x00, 0x00, 0x00, 0x09, 0x0f, 0x00, 0x8c, 0x01, 0x00, 0x08, 0x04, 0x71, 0x0e, 0x00, 0x8c, 
0xdf, 0x0b, 0x00, 0x8c, 0x18, 0x00, 0xcc, 0x17, 0xf7, 0x0b, 0x00, 0x8c, 0x1a, 0x00, 0xd0, 0x17, 
0x01, 0x00, 0x14, 0x25, 0x1f, 0x00, 0xc8, 0x17, 0x1e, 0x00, 0x81, 0x7c, 0x01, 0x00, 0x10, 0x25, 
0x59, 0x10, 0x80, 0xcc, 0x09, 0xc0, 0x51, 0x7d, 0x1c, 0x00, 0xd4, 0x17, 0x07, 0x00, 0x54, 0x25, 
0x71, 0x00, 0x40, 0xcd, 0x01, 0x80, 0x40, 0x7c, 0x58, 0x10, 0x80, 0xcc, 0x01, 0xc0, 0x42, 0x7c, 
0x57, 0x10, 0xc0, 0xce, 0x01, 0x40, 0x41, 0x7c, 0x4b, 0x10, 0x40, 0xcd, 0x73, 0x00, 0x40, 0xcd, 
0x72, 0x00, 0x40, 0xcc, 0x81, 0x00, 0x80, 0xd9, 0x01, 0x40, 0x42, 0x7c, 0xff, 0xff, 0x68, 0x26, 
0x10, 0x00, 0x60, 0x16, 0x31, 0x00, 0x00, 0xcc, 0x02, 0x00, 0x00, 0x96, 0x01, 0x00, 0x20, 0x46, 
0x01, 0x80, 0xc0, 0x7d, 0x01, 0xc0, 0x00, 0x7e, 0x01, 0x00, 0x01, 0x7d, 0xa9, 0x0c, 0x00, 0x8c, 
0x01, 0xc0, 0x81, 0x7c, 0x01, 0x00, 0xc2, 0x7c, 0x03, 0x00, 0x94, 0x3a, 0x02, 0x00, 0xa8, 0x12, 
0x02, 0x00, 0x40, 0x99, 0x10, 0x00, 0x28, 0x04, 0x01, 0x00, 0x24, 0x04, 0x0b, 0x00, 0xc0, 0x95, 
0x14, 0x00, 0xd4, 0x16, 0x14, 0x00, 0x54, 0x11, 0x0c, 0x00, 0xcc, 0x12, 0x0c, 0x00, 0xcc, 0x14, 
0x02, 0x00, 0xcc, 0x14, 0x01, 0xc0, 0xd4, 0x7c, 0x4c, 0x10, 0xc0, 0xcc, 0x0f, 0x00, 0x08, 0x04, 
0x1c, 0x00, 0x88, 0x10, 0x6a, 0x0a, 0x00, 0x8c, 0xf4, 0x49, 0x19, 0xc4, 0x01, 0x00, 0x14, 0x04, 
0x14, 0x00, 0x54, 0x11, 0x1a, 0x40, 0x95, 0x7d, 0xf4, 0x49, 0x41, 0xcd, 0x01, 0x00, 0x64, 0x0a, 
0xff, 0xff, 0x4f, 0x9a, 0x59, 0x10, 0x08, 0xc4, 0x09, 0x00, 0x80, 0x98, 0x74, 0x00, 0xc0, 0xd8, 
0xd1, 0x00, 0xc0, 0xdb, 0x58, 0x10, 0x08, 0xc4, 0x00, 0x00, 0xaf, 0xc4, 0x00, 0x10, 0xc0, 0xce, 
0x74, 0x00, 0x2c, 0xc4, 0xef, 0x0e, 0x00, 0x8c, 0x21, 0x07, 0x00, 0x80, 0x58, 0x10, 0x08, 0xc4, 
0x52, 0x00, 0x82, 0xcc, 0x57, 0x10, 0x0c, 0xc4, 0x53, 0x00, 0xc2, 0xcc, 0x74, 0x00, 0x40, 0xd8, 
0x00, 0x00, 0x00, 0x00, 0x00, 0x00, 0x2e, 0xc4, 0x00, 0x10, 0xc0, 0xce, 0x74, 0x00, 0x2c, 0xc4, 
0xef, 0x0e, 0x00, 0x8c, 0x19, 0x00, 0xc0, 0x9a, 0x01, 0x40, 0x82, 0x7e, 0x10, 0x00, 0x00, 0x96, 
0xf4, 0x49, 0x15, 0xc4, 0x14, 0x00, 0x54, 0x15, 0x01, 0x00, 0x54, 0x25, 0x1d, 0x00, 0x40, 0x95, 
0x9c, 0x01, 0x14, 0xc4, 0x02, 0x00, 0x54, 0x25, 0x25, 0x07, 0x40, 0x99, 0x9c, 0x01, 0x14, 0xc4, 
0x01, 0x00, 0x54, 0x25, 0x1d, 0x00, 0x40, 0x99, 0x0c, 0x00, 0x14, 0x16, 0x01, 0x00, 0x54, 0x09, 
0xdb, 0xff, 0x4f, 0x95, 0x01, 0x00, 0x20, 0x4a, 0xd9, 0xff, 0x0f, 0x9a, 0xa2, 0x0c, 0x00, 0x8c, 
0x31, 0x00, 0x34, 0x04, 0x39, 0x00, 0x38, 0x04, 0xb5, 0x01, 0x40, 0xd8, 0x02, 0x00, 0x08, 0x04, 
0x56, 0x0e, 0x00, 0x8c, 0x4f, 0x0e, 0x00, 0x80, 0x0a, 0x00, 0xc0, 0x95, 0x58, 0x10, 0x08, 0xc4, 
0x14, 0x00, 0x98, 0x14, 0x14, 0x00, 0x98, 0x11, 0x0c, 0x00, 0x94, 0x10, 0x0c, 0x00, 0x54, 0x15, 
0x02, 0x00, 0x54, 0x15, 0x01, 0x40, 0x59, 0x7d, 0x4c, 0x10, 0x40, 0xcd, 0x6a, 0x0a, 0x00, 0x8c, 
0xa2, 0x0c, 0x00, 0x8c, 0x6c, 0x00, 0x14, 0xc4, 0x04, 0x00, 0x54, 0x25, 0x08, 0x07, 0x40, 0x99, 
0xb0, 0x0d, 0x00, 0x80, 0x00, 0x00, 0x00, 0x00, 0x59, 0x10, 0x14, 0xc4, 0x04, 0x07, 0x40, 0x99, 
0x7c, 0x00, 0x14, 0xc4, 0x0f, 0x00, 0x54, 0x25, 0x01, 0x07, 0x40, 0x95, 0x6c, 0x00, 0x14, 0xc4, 
0x01, 0x00, 0x54, 0x25, 0xfe, 0x06, 0x40, 0x99, 0x6c, 0x00, 0x14, 0xc4, 0x02, 0x00, 0x54, 0x25, 
0xfb, 0x06, 0x40, 0x99, 0x2e, 0x07, 0x00, 0x80, 0x09, 0x0f, 0x00, 0x8c, 0x54, 0x4f, 0x01, 0xcc, 
0x00, 0x00, 0x00, 0x00, 0xd9, 0x0b, 0x00, 0x8c, 0x1c, 0x00, 0xcc, 0x17, 0xf7, 0x0b, 0x00, 0x8c, 
0x1f, 0x00, 0xdc, 0x17, 0x01, 0x40, 0x41, 0x7c, 0x1a, 0x00, 0xc0, 0x99, 0x00, 0x00, 0x00, 0x00, 
0x40, 0x4f, 0x41, 0xcd, 0x00, 0x00, 0x00, 0x00, 0x00, 0x00, 0x00, 0x00, 0x44, 0x4f, 0x41, 0xcd, 
0x00, 0x00, 0x00, 0x00, 0x00, 0x00, 0x00, 0x00, 0x48, 0x4f, 0x41, 0xcd, 0x00, 0x00, 0x00, 0x00, 
0x00, 0x00, 0x00, 0x00, 0x4c, 0x4f, 0x41, 0xcd, 0x00, 0x00, 0x00, 0x00, 0x00, 0x00, 0x00, 0x00, 
0xa0, 0x50, 0x41, 0xcd, 0x00, 0x00, 0x00, 0x00, 0x00, 0x00, 0x00, 0x00, 0xa4, 0x50, 0x41, 0xcd, 
0x00, 0x00, 0x00, 0x00, 0x00, 0x00, 0x00, 0x00, 0xa8, 0x50, 0x41, 0xcd, 0x00, 0x00, 0x00, 0x00, 
0x00, 0x00, 0x00, 0x00, 0xac, 0x50, 0x41, 0xcd, 0x00, 0x00, 0x00, 0x00, 0x00, 0x00, 0x00, 0x00, 
0x01, 0x80, 0x41, 0x7c, 0x01, 0x40, 0x41, 0x7c, 0x20, 0x00, 0x64, 0x51, 0x11, 0x40, 0x5a, 0x7e, 
0x01, 0x80, 0x41, 0x7c, 0x56, 0x10, 0x80, 0xcd, 0x01, 0x40, 0x41, 0x7c, 0x55, 0x10, 0x40, 0xcd, 
0x01, 0x80, 0x41, 0x7c, 0x01, 0x40, 0x41, 0x7c, 0x20, 0x00, 0x60, 0x51, 0x11, 0x00, 0x1a, 0x7e, 
0x01, 0x80, 0x41, 0x7c, 0x54, 0x10, 0x80, 0xcd, 0x01, 0x40, 0x41, 0x7c, 0x53, 0x10, 0x40, 0xcd, 
0x01, 0x80, 0x42, 0x7c, 0x01, 0x40, 0x41, 0x7c, 0x20, 0x00, 0x54, 0x51, 0x11, 0x80, 0x96, 0x7e, 
0x01, 0x40, 0x41, 0x7c, 0x81, 0x00, 0x40, 0xdb, 0x1a, 0x00, 0xc0, 0x95, 0x01, 0xc0, 0x00, 0x7e, 
0x20, 0x00, 0x10, 0x56, 0x1f, 0x00, 0xc8, 0x24, 0x16, 0x00, 0x80, 0x98, 0x02, 0x00, 0x80, 0x94, 
0x37, 0x00, 0xc2, 0xd8, 0x52, 0x00, 0xc2, 0xcc, 0x53, 0x00, 0x02, 0xcd, 0x00, 0x00, 0x00, 0x00, 
0x00, 0x00, 0x00, 0x00, 0x00, 0x00, 0x2e, 0xc4, 0x00, 0x10, 0xc0, 0xce, 0xef, 0x0e, 0x00, 0x8c, 
0x00, 0x00, 0x00, 0x00, 0x37, 0x00, 0x02, 0xd8, 0x01, 0x80, 0x80, 0x7c, 0x01, 0xc0, 0xc0, 0x7c, 
0x01, 0x00, 0x01, 0x7d, 0xc2, 0x0c, 0x00, 0x8c, 0x01, 0x80, 0x80, 0x7c, 0x01, 0xc0, 0xc0, 0x7c, 
0x01, 0x00, 0x01, 0x7d, 0x00, 0x00, 0xd5, 0xce, 0x00, 0x00, 0x00, 0x00, 0xec, 0xff, 0x8f, 0x98, 
0x01, 0xc0, 0x40, 0x7e, 0x20, 0x00, 0x50, 0x56, 0x1f, 0x00, 0xc8, 0x24, 0x02, 0x00, 0x80, 0x94, 
0x37, 0x00, 0xc2, 0xd8, 0x52, 0x00, 0xc2, 0xcc, 0x53, 0x00, 0x02, 0xcd, 0x00, 0x00, 0x00, 0x00, 
0x00, 0x00, 0x00, 0x00, 0x00, 0x00, 0x1a, 0xc4, 0x00, 0x00, 0x00, 0x00, 0x00, 0x10, 0x80, 0xcd, 
0xef, 0x0e, 0x00, 0x8c, 0x37, 0x00, 0x02, 0xd8, 0x01, 0x80, 0x80, 0x7c, 0x01, 0xc0, 0xc0, 0x7c, 
0x01, 0x00, 0x01, 0x7d, 0xc2, 0x0c, 0x00, 0x8c, 0x01, 0x80, 0x80, 0x7c, 0x01, 0xc0, 0xc0, 0x7c, 
0x01, 0x00, 0x01, 0x7d, 0x00, 0x00, 0x6d, 0xc5, 0x00, 0x00, 0x00, 0x00, 0x00, 0x00, 0x00, 0x00, 
0x0c, 0x40, 0xad, 0x7d, 0x54, 0x4f, 0x0d, 0xc4, 0x00, 0x00, 0x00, 0x00, 0x01, 0x00, 0xd0, 0x04, 
0x54, 0x4f, 0x01, 0xcd, 0x00, 0x00, 0x00, 0x00, 0x12, 0x00, 0x40, 0x99, 0x11, 0x80, 0x80, 0x7e, 
0x00, 0x00, 0x0c, 0x04, 0x5d, 0x0c, 0x00, 0x8c, 0x01, 0xc0, 0x40, 0x7e, 0x5d, 0x0c, 0x00, 0x8c, 
0x20, 0x00, 0x4c, 0x56, 0x5d, 0x0c, 0x00, 0x8c, 0x01, 0xc0, 0x80, 0x7d, 0x5d, 0x0c, 0x00, 0x8c, 
0xe0, 0x05, 0xc0, 0x95, 0x01, 0xc0, 0x00, 0x7e, 0x5d, 0x0c, 0x00, 0x8c, 0x20, 0x00, 0x0c, 0x56, 
0x5d, 0x0c, 0x00, 0x8c, 0x01, 0xc0, 0xc0, 0x7e, 0x5d, 0x0c, 0x00, 0x8c, 0xb0, 0x0d, 0x00, 0x80, 
0x04, 0x00, 0x54, 0x46, 0x04, 0x00, 0x20, 0x46, 0x55, 0x10, 0x0c, 0xc4, 0x56, 0x10, 0x08, 0xc4, 
0x20, 0x00, 0xcc, 0x50, 0x11, 0x80, 0xc9, 0x7c, 0x0e, 0xc0, 0x58, 0x7d, 0x09, 0x00, 0xc0, 0x98, 
0xae, 0xff, 0xcf, 0x95, 0x53, 0x10, 0x0c, 0xc4, 0x54, 0x10, 0x08, 0xc4, 0x20, 0x00, 0xcc, 0x50, 
0x11, 0x80, 0xc9, 0x7c, 0x0e, 0xc0, 0x18, 0x7e, 0x02, 0x00, 0xc0, 0x98, 0x8e, 0x07, 0x00, 0x80, 
0x01, 0x00, 0x0c, 0x04, 0x11, 0x80, 0x80, 0x7e, 0x11, 0xc0, 0xc0, 0x7c, 0x5d, 0x0c, 0x00, 0x8c, 
0xb0, 0x0d, 0x00, 0x80, 0x00, 0x00, 0x00, 0x00, 0x09, 0x0f, 0x00, 0x8c, 0x10, 0x00, 0xd4, 0x17, 
0xff, 0x00, 0x58, 0x25, 0x50, 0x4a, 0x15, 0xc4, 0xff, 0x00, 0x54, 0x25, 0x09, 0x00, 0x5a, 0x7d, 
0x1d, 0x40, 0x01, 0x7e, 0x1e, 0xc0, 0x41, 0x7d, 0x01, 0x00, 0xdc, 0x25, 0x01, 0x80, 0x42, 0x7c, 
0x81, 0x00, 0x80, 0xd8, 0x00, 0x00, 0x24, 0x04, 0x13, 0x08, 0x00, 0x80, 0x00, 0x00, 0x00, 0x00, 
0x09, 0x0f, 0x00, 0x8c, 0x01, 0x00, 0x08, 0x04, 0x71, 0x0e, 0x00, 0x8c, 0xf0, 0x02, 0x40, 0xd8, 
0xd9, 0x0b, 0x00, 0x8c, 0x1c, 0x00, 0xcc, 0x17, 0xf7, 0x0b, 0x00, 0x8c, 0x01, 0x40, 0x41, 0x7c, 
0x52, 0x00, 0x42, 0xcd, 0x01, 0x40, 0x41, 0x7c, 0x53, 0x00, 0x42, 0xcd, 0x00, 0x00, 0x00, 0x00, 
0x01, 0x80, 0x42, 0x7c, 0x00, 0x00, 0x22, 0xc4, 0x00, 0x10, 0x00, 0xce, 0xef, 0x0e, 0x00, 0x8c, 
0x0e, 0xc0, 0xa1, 0x7e, 0x01, 0x80, 0x42, 0x7c, 0x31, 0x00, 0x00, 0xcc, 0x14, 0x4a, 0x15, 0xc4, 
0x00, 0x02, 0x64, 0x25, 0x02, 0x00, 0x40, 0x9a, 0xfc, 0x59, 0x81, 0xce, 0xf1, 0x02, 0x00, 0xcc, 
0x0d, 0x00, 0xc0, 0x95, 0x80, 0x59, 0x81, 0xce, 0x56, 0x04, 0x00, 0x8c, 0x59, 0x0c, 0x00, 0x8c, 
0x01, 0x00, 0x82, 0x7e, 0x01, 0x40, 0x01, 0x7e, 0x80, 0x59, 0x21, 0xc4, 0x02, 0x40, 0x61, 0x7d, 
0xfd, 0xff, 0x4f, 0x99, 0xf1, 0x02, 0x00, 0xcc, 0x02, 0x00, 0x40, 0x9a, 0xfc, 0x59, 0x01, 0xce, 
0xf9, 0xff, 0x0f, 0x9a, 0xf0, 0x02, 0x00, 0xd8, 0xb0, 0x0d, 0x00, 0x80, 0x00, 0x00, 0x00, 0x00, 
0x09, 0x0f, 0x00, 0x8c, 0x01, 0x00, 0x08, 0x04, 0x71, 0x0e, 0x00, 0x8c, 0x9b, 0x00, 0x40, 0xd8, 
0xf0, 0x02, 0x40, 0xd8, 0x4e, 0x0b, 0x00, 0x8c, 0xdf, 0x0b, 0x00, 0x8c, 0x18, 0x00, 0xcc, 0x17, 
0xe5, 0x0b, 0x00, 0x8c, 0x12, 0x00, 0xd4, 0x17, 0xee, 0x00, 0x40, 0xcd, 0x19, 0x00, 0xd4, 0x17, 
0x7f, 0x00, 0x5c, 0x25, 0x10, 0x00, 0xd4, 0x17, 0x01, 0x00, 0x6c, 0x25, 0x08, 0x00, 0xd8, 0x31, 
0x28, 0x00, 0xd4, 0x31, 0x0a, 0x80, 0x59, 0x7d, 0x09, 0x80, 0xac, 0x7d, 0x6b, 0x10, 0x80, 0xcc, 
0x48, 0x00, 0xd4, 0x31, 0x0a, 0x80, 0x59, 0x7d, 0x68, 0x00, 0xd4, 0x31, 0x0a, 0x80, 0x58, 0x7d, 
0x66, 0x10, 0x80, 0xcc, 0x20, 0x00, 0xd8, 0x35, 0x1e, 0x00, 0xd4, 0x17, 0x01, 0x00, 0x54, 0x25, 
0x09, 0x80, 0x96, 0x7d, 0x6c, 0x10, 0x80, 0xcd, 0x01, 0x40, 0x41, 0x7c, 0x6a, 0x10, 0x40, 0xcd, 
0x01, 0x80, 0x41, 0x7c, 0x69, 0x10, 0x80, 0xcd, 0x01, 0x40, 0x41, 0x7c, 0x68, 0x10, 0x40, 0xcd, 
0x01, 0x80, 0x41, 0x7c, 0x67, 0x10, 0x80, 0xcd, 0x01, 0x00, 0x42, 0x7c, 0x01, 0x40, 0x42, 0x7c, 
0x01, 0x40, 0x41, 0x7c, 0xff, 0x1f, 0x54, 0x25, 0x6d, 0x10, 0x40, 0xcd, 0x81, 0x00, 0x00, 0xda, 
0x31, 0x00, 0x00, 0xcc, 0x43, 0x00, 0xc0, 0x95, 0x43, 0x00, 0x42, 0xd9, 0xa7, 0x00, 0xc2, 0xcd, 
0xa1, 0x00, 0x82, 0xce, 0x66, 0x10, 0x08, 0xc4, 0xa2, 0x00, 0x82, 0xcc, 0x47, 0x00, 0x02, 0xd8, 
0x6a, 0x10, 0x18, 0xc4, 0x45, 0x00, 0x82, 0xcd, 0xa3, 0x00, 0x02, 0xce, 0xa9, 0x00, 0x42, 0xce, 
0x68, 0x10, 0x08, 0xc4, 0xa5, 0x00, 0x82, 0xcc, 0x67, 0x10, 0x0c, 0xc4, 0xa6, 0x00, 0xc2, 0xcc, 
0x52, 0x00, 0x82, 0xcd, 0x69, 0x10, 0x08, 0xc4, 0x53, 0x00, 0x82, 0xcc, 0x46, 0x00, 0x82, 0xcc, 
0x6b, 0x10, 0x08, 0xc4, 0x15, 0x00, 0x80, 0x94, 0xaa, 0x00, 0x80, 0xce, 0xab, 0x00, 0x00, 0xce, 
0xad, 0x00, 0x40, 0xce, 0xae, 0x00, 0x00, 0xcc, 0xa1, 0x08, 0x00, 0x8c, 0xae, 0x00, 0x2c, 0xc4, 
0xbd, 0x00, 0xc0, 0xce, 0xef, 0x0e, 0x00, 0x8c, 0x6d, 0x10, 0x08, 0xc4, 0x03, 0x00, 0x98, 0x10, 
0x02, 0x00, 0xc0, 0x96, 0x84, 0x08, 0x00, 0x80, 0x9c, 0x01, 0x14, 0xc4, 0x03, 0x00, 0x54, 0x25, 
0xdb, 0x05, 0x40, 0x99, 0xaf, 0x00, 0x14, 0xc4, 0x1a, 0x00, 0x40, 0x99, 0x01, 0x00, 0x98, 0x09, 
0xfa, 0xff, 0x8f, 0x99, 0x52, 0x08, 0x00, 0x80, 0x06, 0x00, 0xd4, 0x15, 0x1e, 0x40, 0x41, 0x7d, 
0x01, 0x00, 0x54, 0x25, 0x6c, 0x10, 0x08, 0xc4, 0x09, 0x40, 0x49, 0x7d, 0x15, 0x00, 0x40, 0x95, 
0xa1, 0x08, 0x00, 0x8c, 0x00, 0x00, 0x00, 0x00, 0xbd, 0x00, 0x80, 0xcc, 0xef, 0x0e, 0x00, 0x8c, 
0x64, 0x4a, 0x31, 0xc4, 0x1f, 0x00, 0x14, 0x17, 0x01, 0x00, 0x54, 0x25, 0x0d, 0x00, 0x40, 0x95, 
0x1f, 0x00, 0x14, 0x17, 0x1f, 0x00, 0x54, 0x11, 0x64, 0x4a, 0x41, 0xcd, 0x30, 0x00, 0x38, 0x04, 
0x00, 0x00, 0x08, 0x04, 0x56, 0x0e, 0x00, 0x8c, 0x64, 0x4a, 0x01, 0xcf, 0x94, 0x08, 0x00, 0x80, 
0x39, 0x00, 0x34, 0x04, 0x38, 0x00, 0x38, 0x04, 0x00, 0x00, 0x08, 0x04, 0x56, 0x0e, 0x00, 0x8c, 
0x14, 0x4a, 0x15, 0xc4, 0x0d, 0x00, 0x54, 0x15, 0x01, 0x00, 0x54, 0x25, 0xfd, 0xff, 0x4f, 0x95, 
0xa2, 0x00, 0x02, 0xcc, 0x77, 0x00, 0x00, 0xcc, 0xee, 0x00, 0x00, 0xcc, 0xbd, 0x00, 0x00, 0xcc, 
0xf1, 0x02, 0x00, 0xcc, 0x9b, 0x00, 0x00, 0xcc, 0xf0, 0x02, 0x00, 0xcc, 0xb0, 0x0d, 0x00, 0x80, 
0x00, 0x00, 0x00, 0x00, 0x10, 0x00, 0x08, 0x04, 0xd6, 0x0c, 0x00, 0x8c, 0xbd, 0x00, 0x08, 0xc4, 
0xfd, 0xff, 0x8f, 0x94, 0x00, 0x00, 0x00, 0x90, 0x09, 0x0f, 0x00, 0x8c, 0x25, 0x00, 0xc2, 0xcf, 
0xd9, 0x0b, 0x00, 0x8c, 0x1c, 0x00, 0xcc, 0x17, 0xe5, 0x0b, 0x00, 0x8c, 0x12, 0x00, 0xd8, 0x17, 
0x01, 0x00, 0x94, 0x25, 0xee, 0x00, 0x40, 0xcd, 0x10, 0x00, 0xd4, 0x17, 0x03, 0x00, 0x4c, 0x25, 
0x1e, 0x00, 0xec, 0x17, 0x03, 0x00, 0xec, 0x2e, 0x01, 0x00, 0x41, 0x7c, 0x01, 0x40, 0x42, 0x7c, 
0x0f, 0x00, 0x54, 0x26, 0x0c, 0x00, 0x54, 0x05, 0x01, 0x00, 0x18, 0x04, 0x04, 0x80, 0x96, 0x7d, 
0x10, 0x00, 0x64, 0x16, 0x01, 0x00, 0x64, 0x06, 0x81, 0x00, 0xc0, 0xd8, 0xd1, 0x0b, 0x00, 0x8c, 
0x6a, 0x0c, 0x00, 0x8c, 0x01, 0x00, 0x42, 0x7c, 0x01, 0xc0, 0x41, 0x7c, 0x43, 0x00, 0xc2, 0xce, 
0x44, 0x00, 0x82, 0xce, 0x00, 0x10, 0xc0, 0xd9, 0x47, 0x00, 0xc2, 0xcc, 0x45, 0x00, 0x02, 0xce, 
0x48, 0x00, 0x02, 0xcd, 0x46, 0x00, 0xc2, 0xcd, 0x81, 0x00, 0x80, 0xd8, 0x01, 0x00, 0x64, 0x0a, 
0xf3, 0xff, 0x4f, 0x9a, 0xb0, 0x0d, 0x00, 0x80, 0x00, 0x00, 0x00, 0x00, 0x09, 0x0f, 0x00, 0x8c, 
0x25, 0x00, 0xc2, 0xcf, 0xd9, 0x0b, 0x00, 0x8c, 0x1c, 0x00, 0xcc, 0x17, 0xe5, 0x0b, 0x00, 0x8c, 
0x12, 0x00, 0xd8, 0x17, 0x01, 0x00, 0x94, 0x25, 0xee, 0x00, 0x40, 0xcd, 0x10, 0x00, 0xd4, 0x17, 
0x03, 0x00, 0x4c, 0x25, 0x1e, 0x00, 0xec, 0x17, 0x01, 0x00, 0x42, 0x7c, 0x01, 0xc0, 0x41, 0x7c, 
0x01, 0x00, 0x41, 0x7c, 0x01, 0x40, 0x42, 0x7c, 0x05, 0x40, 0x6d, 0x7e, 0x04, 0x40, 0x6e, 0x7d, 
0x01, 0x00, 0x14, 0x04, 0x04, 0x40, 0x6d, 0x7d, 0x01, 0x40, 0x56, 0x7e, 0x03, 0x00, 0xec, 0x2e, 
0x6c, 0x5a, 0x15, 0xc4, 0x01, 0x01, 0x54, 0x25, 0x01, 0x01, 0x54, 0x31, 0x07, 0x00, 0x40, 0x95, 
0x00, 0x00, 0x00, 0x00, 0xa0, 0x00, 0x24, 0xc4, 0x00, 0x00, 0x00, 0x00, 0xa4, 0x00, 0x20, 0xc4, 
0x00, 0x00, 0x00, 0x00, 0xa8, 0x00, 0x1c, 0xc4, 0x43, 0x00, 0xc2, 0xce, 0x44, 0x00, 0x42, 0xce, 
0x00, 0x10, 0xc0, 0xd9, 0x47, 0x00, 0xc2, 0xcc, 0x45, 0x00, 0x02, 0xce, 0x48, 0x00, 0x02, 0xcd, 
0x46, 0x00, 0xc2, 0xcd, 0x81, 0x00, 0x40, 0xd9, 0xb0, 0x0d, 0x00, 0x80, 0x00, 0x00, 0x00, 0x00, 
0x09, 0x0f, 0x00, 0x8c, 0xd9, 0x0b, 0x00, 0x8c, 0x1c, 0x00, 0xcc, 0x17, 0xe5, 0x0b, 0x00, 0x8c, 
0x01, 0xc0, 0x42, 0x7c, 0x01, 0x00, 0x42, 0x7c, 0x01, 0x40, 0x42, 0x7c, 0x01, 0x80, 0x42, 0x7c, 
0x01, 0x80, 0x41, 0x7c, 0x20, 0x00, 0x9c, 0x52, 0x11, 0xc0, 0xe5, 0x7d, 0xec, 0x00, 0xc2, 0xcf, 
0x31, 0x00, 0x00, 0xcc, 0x0f, 0x00, 0x00, 0x96, 0x43, 0x00, 0xc2, 0xd8, 0x44, 0x00, 0x82, 0xcd, 
0x00, 0x10, 0x00, 0xda, 0x47, 0x00, 0x02, 0xcc, 0x45, 0x00, 0x42, 0xce, 0x48, 0x00, 0x02, 0xcc, 
0x46, 0x00, 0x82, 0xce, 0x11, 0xc0, 0xed, 0x7d, 0x01, 0x40, 0xc2, 0x7d, 0x20, 0x00, 0xe8, 0x55, 
0xd1, 0x0b, 0x00, 0x8c, 0x6a, 0x0c, 0x00, 0x8c, 0x01, 0x00, 0x20, 0x0a, 0x01, 0x09, 0x00, 0x80, 
0x14, 0x4a, 0x15, 0xc4, 0x19, 0x00, 0x58, 0x15, 0x01, 0x00, 0x94, 0x25, 0xfd, 0xff, 0x4f, 0x95, 
0xec, 0x00, 0x02, 0xcc, 0x81, 0x00, 0x80, 0xd9, 0xb0, 0x0d, 0x00, 0x80, 0x00, 0x00, 0x00, 0x00, 
0x09, 0x0f, 0x00, 0x8c, 0x43, 0x00, 0x82, 0xd8, 0x25, 0x00, 0xc2, 0xcf, 0xd9, 0x0b, 0x00, 0x8c, 
0x1c, 0x00, 0xcc, 0x17, 0xe5, 0x0b, 0x00, 0x8c, 0x01, 0xc0, 0x41, 0x7c, 0x01, 0x40, 0x41, 0x7c, 
0x20, 0x00, 0x54, 0x51, 0x11, 0xc0, 0xd5, 0x7d, 0x47, 0x00, 0x02, 0xd8, 0x49, 0x00, 0x42, 0xcc, 
0x4a, 0x00, 0x42, 0xcc, 0x01, 0x00, 0x42, 0x7c, 0x01, 0x40, 0x41, 0x7c, 0x20, 0x00, 0x54, 0x51, 
0x11, 0x00, 0x16, 0x7e, 0x01, 0x40, 0x42, 0x7c, 0x01, 0x80, 0x42, 0x7c, 0x01, 0x40, 0x41, 0x7c, 
0x01, 0x00, 0x54, 0x05, 0x03, 0x00, 0x6c, 0x11, 0x6c, 0x5a, 0x15, 0xc4, 0x01, 0x01, 0x54, 0x25, 
0x01, 0x01, 0x54, 0x31, 0x12, 0x00, 0x40, 0x95, 0x00, 0x00, 0x00, 0x00, 0xa4, 0x00, 0x1c, 0xc4, 
0xa8, 0x00, 0x14, 0xc4, 0x20, 0x00, 0x54, 0x51, 0x11, 0xc0, 0xd5, 0x7d, 0x01, 0x40, 0xc1, 0x7e, 
0xa0, 0x00, 0x2c, 0xc4, 0x02, 0xc0, 0x6c, 0x7d, 0x03, 0x00, 0xcc, 0x14, 0x01, 0x80, 0x40, 0x7e, 
0x7e, 0x0b, 0x00, 0x8c, 0x11, 0x00, 0x83, 0x7c, 0x01, 0x80, 0x80, 0x7e, 0x7e, 0x0b, 0x00, 0x8c, 
0x20, 0x00, 0x88, 0x50, 0x11, 0x00, 0xb3, 0x7c, 0x11, 0x00, 0x32, 0x7e, 0x4b, 0x00, 0x02, 0xce, 
0x20, 0x00, 0x20, 0x56, 0x4c, 0x00, 0x02, 0xce, 0x4d, 0x00, 0x42, 0xce, 0x44, 0x00, 0xc2, 0xce, 
0x00, 0x10, 0x00, 0xd8, 0x00, 0x10, 0x80, 0xd8, 0x45, 0x00, 0xc2, 0xcd, 0x4e, 0x00, 0x82, 0xce, 
0x4f, 0x00, 0x42, 0xd8, 0x20, 0x00, 0xdc, 0x55, 0x46, 0x00, 0xc2, 0xcd, 0x81, 0x00, 0x80, 0xda, 
0xb0, 0x0d, 0x00, 0x80, 0x00, 0x00, 0x00, 0x00, 0x99, 0x00, 0x40, 0xd8, 0x38, 0x02, 0x40, 0xd8, 
0x84, 0x00, 0x14, 0xc4, 0xff, 0xff, 0x4f, 0x99, 0x09, 0x0f, 0x00, 0x8c, 0x43, 0x00, 0x02, 0xd8, 
0x01, 0xc0, 0x42, 0x7c, 0x01, 0x00, 0x42, 0x7c, 0x01, 0x40, 0x42, 0x7c, 0x01, 0x80, 0x42, 0x7c, 
0x01, 0x80, 0x40, 0x7c, 0x65, 0x10, 0x80, 0xcc, 0x01, 0x80, 0x40, 0x7c, 0x64, 0x10, 0x80, 0xcc, 
0x01, 0xc0, 0x41, 0x7c, 0x1a, 0x00, 0xd4, 0x17, 0x04, 0x00, 0x54, 0x25, 0x03, 0x00, 0x58, 0x05, 
0x16, 0x00, 0xd4, 0x15, 0x09, 0x80, 0x58, 0x7d, 0x1c, 0x00, 0xcc, 0x17, 0xe5, 0x0b, 0x00, 0x8c, 
0x1a, 0x00, 0xd4, 0x17, 0x04, 0x00, 0x54, 0x25, 0x03, 0x00, 0x58, 0x05, 0x1d, 0x00, 0xd4, 0x15, 
0x09, 0x80, 0x58, 0x7d, 0x1c, 0x00, 0xcc, 0x17, 0xf7, 0x0b, 0x00, 0x8c, 0x1f, 0x00, 0xc8, 0x17, 
0x63, 0x10, 0x80, 0xcc, 0x0d, 0x00, 0xdc, 0x11, 0x0d, 0x00, 0xd4, 0x15, 0x01, 0x00, 0x5c, 0x05, 
0x6c, 0x5a, 0x09, 0xc4, 0x01, 0x01, 0x88, 0x24, 0x01, 0x01, 0x88, 0x30, 0x0b, 0x00, 0x80, 0x94, 
0x00, 0x00, 0x00, 0x00, 0xa0, 0x00, 0x1c, 0xc4, 0x00, 0x00, 0x00, 0x00, 0xac, 0x00, 0x2c, 0xc4, 
0x00, 0x00, 0x00, 0x00, 0xb0, 0x00, 0x20, 0xc4, 0x00, 0x00, 0x00, 0x00, 0xa4, 0x00, 0x24, 0xc4, 
0x00, 0x00, 0x00, 0x00, 0xa8, 0x00, 0x28, 0xc4, 0x52, 0x00, 0xc2, 0xce, 0x53, 0x00, 0x02, 0xce, 
0x2c, 0x00, 0x42, 0xce, 0x2d, 0x00, 0x82, 0xce, 0x47, 0x00, 0x02, 0xcc, 0x01, 0x00, 0xd4, 0x11, 
0x2a, 0x00, 0x42, 0xcd, 0x65, 0x10, 0x20, 0xc4, 0x64, 0x10, 0x24, 0xc4, 0x63, 0x10, 0x28, 0xc4, 
0x00, 0x00, 0x2e, 0xc4, 0x00, 0x10, 0xc0, 0xce, 0xef, 0x0e, 0x00, 0x8c, 0x05, 0x00, 0x80, 0x9a, 
0x00, 0x00, 0x00, 0x00, 0x0a, 0xc0, 0xe2, 0x7e, 0x95, 0x09, 0x00, 0x80, 0x00, 0x00, 0x00, 0x00, 
0x09, 0xc0, 0xe2, 0x7e, 0x00, 0x00, 0x00, 0x00, 0xd1, 0x0b, 0x00, 0x8c, 0x2e, 0x00, 0xc2, 0xce, 
0x6a, 0x0c, 0x00, 0x8c, 0x00, 0x00, 0x2e, 0xc4, 0x00, 0x00, 0x00, 0x00, 0x00, 0x10, 0xc0, 0xce, 
0xef, 0x0e, 0x00, 0x8c, 0x05, 0x00, 0x80, 0x9a, 0x00, 0x00, 0x00, 0x00, 0x0a, 0xc0, 0xe6, 0x7e, 
0xa3, 0x09, 0x00, 0x80, 0x00, 0x00, 0x00, 0x00, 0x09, 0xc0, 0xe6, 0x7e, 0x00, 0x00, 0x00, 0x00, 
0xd1, 0x0b, 0x00, 0x8c, 0x2e, 0x00, 0xc2, 0xce, 0x40, 0x00, 0xd4, 0x39, 0x0c, 0x00, 0x40, 0x95, 
0x24, 0x00, 0x14, 0xc4, 0x1f, 0x00, 0x54, 0x25, 0x09, 0x00, 0x40, 0x99, 0x5e, 0x04, 0x00, 0x8c, 
0x07, 0x00, 0x80, 0x94, 0x00, 0x00, 0x00, 0x00, 0xd1, 0x0b, 0x00, 0x8c, 0x2f, 0x00, 0x42, 0xd8, 
0x6a, 0x0c, 0x00, 0x8c, 0x4f, 0x0e, 0x00, 0x80, 0x00, 0x00, 0x00, 0x00, 0x01, 0x00, 0xdc, 0x09, 
0xd8, 0xff, 0xcf, 0x99, 0x00, 0x00, 0x00, 0x00, 0xd1, 0x0b, 0x00, 0x8c, 0x2f, 0x00, 0x42, 0xd8, 
0x81, 0x00, 0x00, 0xda, 0x38, 0x02, 0x00, 0xd8, 0x99, 0x00, 0x00, 0xcc, 0xb0, 0x0d, 0x00, 0x80, 
0x00, 0x00, 0x00, 0x00, 0x09, 0x0f, 0x00, 0x8c, 0x81, 0x00, 0xc0, 0xd9, 0x43, 0x00, 0x02, 0xd8, 
0x1c, 0x00, 0xcc, 0x17, 0x03, 0x00, 0xcc, 0x24, 0x02, 0x00, 0xe4, 0x10, 0x01, 0xc0, 0x42, 0x7c, 
0x01, 0x80, 0x41, 0x7c, 0x01, 0x00, 0x42, 0x7c, 0x01, 0x80, 0x42, 0x7c, 0x01, 0xc0, 0x40, 0x7c, 
0x08, 0x00, 0xd0, 0x14, 0xff, 0x00, 0xcc, 0x24, 0x01, 0x40, 0x41, 0x7c, 0x02, 0x00, 0x5c, 0x11, 
0x88, 0x4c, 0xc1, 0xcd, 0x80, 0x4c, 0xc1, 0xcc, 0x84, 0x4c, 0x01, 0xcd, 0x20, 0x00, 0x94, 0x51, 
0x11, 0x80, 0x6d, 0x7d, 0x20, 0x00, 0x94, 0x52, 0x11, 0x80, 0x62, 0x7d, 0x03, 0x00, 0xd4, 0x11, 
0x11, 0x40, 0x95, 0x7d, 0x20, 0x00, 0x60, 0x49, 0x01, 0x40, 0x01, 0x7e, 0x20, 0x00, 0x18, 0x56, 
0x1f, 0x00, 0x6c, 0x25, 0x02, 0x00, 0xc0, 0x96, 0x37, 0x00, 0xc2, 0xd8, 0x52, 0x00, 0x42, 0xcd, 
0x53, 0x00, 0x82, 0xcd, 0x00, 0x00, 0x0e, 0xc4, 0x00, 0x00, 0x00, 0x00, 0x00, 0x10, 0xc0, 0xcc, 
0xef, 0x0e, 0x00, 0x8c, 0x37, 0x00, 0x02, 0xd8, 0x01, 0x80, 0xc0, 0x7d, 0xff, 0x0c, 0x00, 0x8c, 
0x1c, 0x00, 0x14, 0x04, 0x02, 0x40, 0x65, 0x7d, 0x02, 0x40, 0x6d, 0x7d, 0x05, 0x00, 0x98, 0x56, 
0x05, 0x00, 0x98, 0x51, 0x11, 0x80, 0x94, 0x7d, 0x5d, 0x0c, 0x00, 0x8c, 0x04, 0x00, 0x20, 0x46, 
0x04, 0x00, 0xa8, 0x46, 0x01, 0x40, 0x01, 0x7e, 0x20, 0x00, 0x18, 0x56, 0x1f, 0x00, 0x6c, 0x25, 
0x37, 0x00, 0xc2, 0xd8, 0x52, 0x00, 0x42, 0xcd, 0x53, 0x00, 0x82, 0xcd, 0x00, 0x00, 0x0e, 0xc4, 
0x00, 0x00, 0x00, 0x00, 0x00, 0x10, 0xc0, 0xcc, 0xef, 0x0e, 0x00, 0x8c, 0x37, 0x00, 0x02, 0xd8, 
0x01, 0x80, 0xc0, 0x7d, 0xff, 0x0c, 0x00, 0x8c, 0x1c, 0x00, 0x14, 0x04, 0x01, 0x40, 0x65, 0x7d, 
0x02, 0x40, 0x6d, 0x7d, 0x05, 0x00, 0x98, 0x56, 0x05, 0x00, 0x98, 0x51, 0x11, 0x80, 0x94, 0x7d, 
0x5d, 0x0c, 0x00, 0x8c, 0x04, 0x00, 0x20, 0x46, 0x04, 0x00, 0xa8, 0x46, 0x01, 0x00, 0xdc, 0x09, 
0xac, 0x03, 0xc0, 0x95, 0x03, 0x00, 0xd4, 0x25, 0x02, 0x00, 0x40, 0x99, 0x40, 0x00, 0x20, 0x4a, 
0xd6, 0x09, 0x00, 0x80, 0x00, 0x00, 0x00, 0x00, 0x09, 0x0f, 0x00, 0x8c, 0x25, 0x00, 0xc2, 0xcf, 
0xd9, 0x0b, 0x00, 0x8c, 0x01, 0x00, 0xcc, 0x28, 0xe5, 0x0b, 0x00, 0x8c, 0xd9, 0x0b, 0x00, 0x8c, 
0x01, 0x00, 0xcc, 0x28, 0xf7, 0x0b, 0x00, 0x8c, 0x17, 0x00, 0xd4, 0x17, 0x01, 0x00, 0x54, 0x25, 
0x01, 0x80, 0x41, 0x7c, 0x01, 0x80, 0x40, 0x7c, 0x01, 0xc0, 0x42, 0x7c, 0x01, 0x00, 0x42, 0x7c, 
0x01, 0xc0, 0x40, 0x7c, 0x01, 0x40, 0x42, 0x7c, 0x01, 0x00, 0x41, 0x7c, 0x43, 0x00, 0x02, 0xd8, 
0x47, 0x00, 0x02, 0xcc, 0x52, 0x00, 0x82, 0xcd, 0x53, 0x00, 0x82, 0xcc, 0x2c, 0x00, 0x82, 0xcd, 
0x2d, 0x00, 0x82, 0xcc, 0x01, 0x00, 0x28, 0x05, 0x01, 0x00, 0x94, 0x12, 0x2a, 0x00, 0x42, 0xcd, 
0x00, 0x00, 0x1a, 0xc4, 0x00, 0x00, 0x00, 0x00, 0x00, 0x10, 0x80, 0xcd, 0xef, 0x0e, 0x00, 0x8c, 
0x1e, 0x40, 0xc1, 0x7e, 0x09, 0x40, 0x59, 0x7d, 0x0a, 0x40, 0x4d, 0x7d, 0x2e, 0x00, 0x42, 0xcd, 
0x6a, 0x0c, 0x00, 0x8c, 0xd1, 0x0b, 0x00, 0x8c, 0x00, 0x00, 0x00, 0x00, 0x00, 0x00, 0x16, 0xc4, 
0x00, 0x00, 0x00, 0x00, 0x00, 0x10, 0x40, 0xcd, 0xef, 0x0e, 0x00, 0x8c, 0x1e, 0x80, 0x01, 0x7e, 
0x09, 0x40, 0x95, 0x7d, 0x0a, 0x40, 0x65, 0x7d, 0x2e, 0x00, 0x42, 0xcd, 0x6a, 0x0c, 0x00, 0x8c, 
0xd1, 0x0b, 0x00, 0x8c, 0x01, 0x00, 0xa8, 0x0a, 0xea, 0xff, 0x8f, 0x9a, 0x81, 0x00, 0x00, 0xda, 
0x2f, 0x00, 0x42, 0xd8, 0xb0, 0x0d, 0x00, 0x80, 0x81, 0x00, 0x00, 0xda, 0x01, 0xc0, 0x43, 0x7c, 
0x01, 0xc0, 0x43, 0x7c, 0x01, 0xc0, 0x43, 0x7c, 0x01, 0xc0, 0x43, 0x7c, 0x01, 0xc0, 0x43, 0x7c, 
0x01, 0xc0, 0x43, 0x7c, 0x01, 0xc0, 0x43, 0x7c, 0xb0, 0x0d, 0x00, 0x80, 0x00, 0x00, 0x00, 0x00, 
0x09, 0x0f, 0x00, 0x8c, 0x5d, 0x00, 0xc0, 0xcf, 0x5e, 0x00, 0x40, 0xcc, 0x5f, 0x00, 0x40, 0xcc, 
0x81, 0x00, 0xc0, 0xd8, 0xb0, 0x0d, 0x00, 0x80, 0x00, 0x00, 0x00, 0x00, 0x09, 0x0f, 0x00, 0x8c, 
0x43, 0x00, 0x02, 0xd9, 0x44, 0x00, 0x02, 0xda, 0x61, 0x00, 0x02, 0xd8, 0xd9, 0x0b, 0x00, 0x8c, 
0x1c, 0x00, 0xcc, 0x17, 0xe5, 0x0b, 0x00, 0x8c, 0x45, 0x00, 0x42, 0xcc, 0x46, 0x00, 0x42, 0xcc, 
0x81, 0x00, 0xc0, 0xd8, 0xb0, 0x0d, 0x00, 0x80, 0x00, 0x00, 0x00, 0x00, 0x09, 0x0f, 0x00, 0x8c, 
0x43, 0x00, 0x02, 0xd9, 0x44, 0x00, 0x02, 0xda, 0x61, 0x00, 0x42, 0xd8, 0xd9, 0x0b, 0x00, 0x8c, 
0x1c, 0x00, 0xcc, 0x17, 0xe5, 0x0b, 0x00, 0x8c, 0x45, 0x00, 0x42, 0xcc, 0x46, 0x00, 0x42, 0xcc, 
0x81, 0x00, 0xc0, 0xd8, 0xb0, 0x0d, 0x00, 0x80, 0x00, 0x00, 0x00, 0x00, 0x09, 0x0f, 0x00, 0x8c, 
0x00, 0x00, 0x1c, 0x24, 0x81, 0x00, 0xc0, 0xd8, 0x14, 0x4a, 0x15, 0xc4, 0x00, 0x02, 0x54, 0x25, 
0x09, 0x00, 0x54, 0x15, 0x1e, 0x80, 0x41, 0x7d, 0x68, 0x59, 0x15, 0xc4, 0x1f, 0x00, 0x54, 0x15, 
0x0a, 0x80, 0x95, 0x7d, 0x40, 0x59, 0x15, 0xc4, 0x17, 0x00, 0x54, 0x15, 0x01, 0x00, 0x54, 0x25, 
0x09, 0x40, 0x95, 0x7d, 0x4c, 0x10, 0x2c, 0xc4, 0x4b, 0x10, 0x18, 0xc4, 0x03, 0x00, 0xc0, 0x99, 
0x01, 0xc0, 0x42, 0x7c, 0x01, 0x80, 0x41, 0x7c, 0x0e, 0x00, 0x40, 0x95, 0x14, 0x00, 0xd4, 0x16, 
0xd5, 0x00, 0x40, 0xcd, 0x5b, 0x00, 0xc0, 0xce, 0x5c, 0x00, 0x80, 0xcd, 0x02, 0x00, 0x08, 0x04, 
0xd6, 0x0c, 0x00, 0x8c, 0x14, 0x4a, 0x15, 0xc4, 0x0e, 0x00, 0x54, 0x15, 0x01, 0x00, 0x54, 0x25, 
0xfb, 0xff, 0x4f, 0x95, 0x00, 0x00, 0x00, 0x00, 0x07, 0x00, 0xc0, 0x95, 0x00, 0x00, 0x00, 0x90, 
0xf1, 0x02, 0x00, 0xcc, 0x3c, 0x00, 0x34, 0x04, 0x32, 0x00, 0x38, 0x04, 0x00, 0x00, 0x08, 0x04, 
0x56, 0x0e, 0x00, 0x8c, 0xf1, 0x02, 0x00, 0xcc, 0x7e, 0x00, 0x00, 0xcc, 0xb0, 0x0d, 0x00, 0x80, 
0x00, 0x00, 0x00, 0x00, 0x55, 0x01, 0x40, 0xcc, 0x56, 0x01, 0x40, 0xcc, 0x57, 0x01, 0x40, 0xcc, 
0x58, 0x01, 0x14, 0xc4, 0x93, 0xf5, 0x4f, 0x95, 0x01, 0x00, 0x54, 0x25, 0x19, 0x03, 0x40, 0x99, 
0x52, 0x0c, 0x00, 0x8c, 0x94, 0x0a, 0x00, 0x80, 0x00, 0x00, 0x00, 0x00, 0x59, 0x01, 0x40, 0xcc, 
0x5a, 0x01, 0x40, 0xcc, 0x5b, 0x01, 0x40, 0xcc, 0x5d, 0x01, 0x40, 0xcc, 0x5c, 0x01, 0x14, 0xc4, 
0x88, 0xf5, 0x4f, 0x95, 0x01, 0x00, 0x54, 0x25, 0x0e, 0x03, 0x40, 0x99, 0x52, 0x0c, 0x00, 0x8c, 
0x9f, 0x0a, 0x00, 0x80, 0x00, 0x00, 0x00, 0x00, 0x09, 0x0f, 0x00, 0x8c, 0x67, 0x01, 0x40, 0xd8, 
0x59, 0x01, 0x40, 0xcc, 0x5a, 0x01, 0x40, 0xcc, 0x5b, 0x01, 0x40, 0xcc, 0x01, 0x40, 0x41, 0x7c, 
0x40, 0x59, 0x19, 0xc4, 0x18, 0x00, 0x8c, 0x15, 0x0f, 0x00, 0xcc, 0x24, 0x18, 0x00, 0xd8, 0x10, 
0x0a, 0x40, 0x59, 0x7d, 0x5d, 0x01, 0x40, 0xcd, 0x5c, 0x01, 0x18, 0xc4, 0x6d, 0xf5, 0x8f, 0x95, 
0x01, 0x00, 0x8c, 0x25, 0xfb, 0x02, 0xc0, 0x98, 0x52, 0x0c, 0x00, 0x8c, 0xb2, 0x0a, 0x00, 0x80, 
0x09, 0x0f, 0x00, 0x8c, 0x81, 0x00, 0x00, 0xd9, 0x01, 0xc0, 0x41, 0x7c, 0x01, 0x00, 0x42, 0x7c, 
0x01, 0x40, 0x42, 0x7c, 0x14, 0x4a, 0x15, 0xc4, 0x00, 0x02, 0x54, 0x25, 0x09, 0x00, 0x54, 0x15, 
0x1e, 0x80, 0x41, 0x7d, 0x68, 0x59, 0x15, 0xc4, 0x1f, 0x00, 0x54, 0x15, 0x0a, 0x80, 0x95, 0x7d, 
0x40, 0x59, 0x15, 0xc4, 0x17, 0x00, 0x54, 0x15, 0x01, 0x00, 0x54, 0x25, 0x09, 0x40, 0x95, 0x7d, 
0xc0, 0xff, 0x4f, 0x95, 0x14, 0x00, 0xc8, 0x15, 0x0c, 0x00, 0xd4, 0x11, 0x0c, 0x00, 0x4c, 0x15, 
0x02, 0x00, 0xcc, 0x10, 0x14, 0x00, 0x94, 0x10, 0x01, 0x40, 0x4d, 0x7d, 0x00, 0x00, 0x5b, 0xc5, 
0xef, 0x0e, 0x00, 0x8c, 0x1e, 0x00, 0x01, 0x7e, 0x09, 0x80, 0x91, 0x7d, 0x09, 0x40, 0x61, 0x7e, 
0x0a, 0x80, 0x95, 0x7d, 0xd5, 0x00, 0x80, 0xcc, 0x02, 0x00, 0xd4, 0x14, 0x5b, 0x00, 0x40, 0xcd, 
0x5c, 0x00, 0x80, 0xcd, 0x3b, 0x0c, 0x00, 0x8c, 0xf1, 0x02, 0x00, 0xcc, 0x7e, 0x00, 0x00, 0xcc, 
0xb0, 0x0d, 0x00, 0x80, 0x09, 0x0f, 0x00, 0x8c, 0x00, 0x01, 0x00, 0xd8, 0x9b, 0x00, 0x40, 0xd8, 
0x30, 0x00, 0x00, 0xcc, 0x02, 0x00, 0x08, 0x04, 0xd6, 0x0c, 0x00, 0x8c, 0xf2, 0x02, 0x00, 0xcc, 
0x02, 0x00, 0x08, 0x04, 0xd6, 0x0c, 0x00, 0x8c, 0x30, 0x00, 0x40, 0xd8, 0x9b, 0x00, 0x00, 0xcc, 
0xb0, 0x0d, 0x00, 0x80, 0x00, 0x00, 0x00, 0x00, 0x09, 0x0f, 0x00, 0x8c, 0x37, 0x0d, 0x00, 0x8c, 
0x3f, 0x0d, 0x00, 0x8c, 0x48, 0x0d, 0x00, 0x8c, 0x01, 0x40, 0x41, 0x7c, 0x01, 0x40, 0x41, 0x7c, 
0x01, 0x40, 0x41, 0x7c, 0x01, 0x00, 0x14, 0x04, 0x01, 0x01, 0xc0, 0xcf, 0x00, 0x00, 0x40, 0xcd, 
0x01, 0x00, 0x40, 0xcc, 0x01, 0xc0, 0x41, 0x7c, 0x0b, 0x00, 0xc0, 0xcd, 0x02, 0x00, 0x40, 0xcc, 
0x03, 0x00, 0x40, 0xcc, 0x04, 0x00, 0x40, 0xcc, 0x05, 0x00, 0x40, 0xcc, 0xff, 0x00, 0x00, 0xcc, 
0x1a, 0x00, 0xd4, 0x17, 0x04, 0x00, 0x54, 0x25, 0x03, 0x00, 0x54, 0x05, 0x12, 0x00, 0xc8, 0x15, 
0x09, 0x80, 0x94, 0x7c, 0x1c, 0x00, 0xcc, 0x17, 0xe5, 0x0b, 0x00, 0x8c, 0x1a, 0x00, 0xd4, 0x17, 
0x04, 0x00, 0x54, 0x25, 0x03, 0x00, 0x54, 0x05, 0x1a, 0x00, 0xc8, 0x15, 0x09, 0x80, 0x94, 0x7c, 
0x1c, 0x00, 0xcc, 0x17, 0xf7, 0x0b, 0x00, 0x8c, 0x01, 0x40, 0x41, 0x7c, 0x01, 0x40, 0x41, 0x7c, 
0x01, 0x40, 0x41, 0x7c, 0x01, 0x40, 0x41, 0x7c, 0x57, 0x0d, 0x00, 0x8c, 0x09, 0x01, 0x40, 0xcc, 
0x0a, 0x01, 0x40, 0xcc, 0x0d, 0x01, 0x40, 0xd8, 0xa8, 0x0d, 0x00, 0x80, 0x00, 0x00, 0x00, 0x00, 
0x09, 0x0f, 0x00, 0x8c, 0x37, 0x0d, 0x00, 0x8c, 0x01, 0x40, 0x41, 0x7c, 0x01, 0x80, 0x41, 0x7c, 
0x01, 0x40, 0x41, 0x7c, 0x20, 0x00, 0x54, 0x51, 0x11, 0xc0, 0x5a, 0x7d, 0x01, 0x80, 0x41, 0x7c, 
0x01, 0x40, 0x41, 0x7c, 0x20, 0x00, 0x54, 0x51, 0x11, 0xc0, 0x59, 0x7d, 0x01, 0x80, 0x41, 0x7c, 
0x01, 0x40, 0x41, 0x7c, 0x20, 0x00, 0x54, 0x51, 0x11, 0x00, 0x5a, 0x7d, 0x01, 0x80, 0x41, 0x7c, 
0x01, 0x40, 0x41, 0x7c, 0x20, 0x00, 0x54, 0x51, 0x11, 0x40, 0x5a, 0x7d, 0x01, 0x80, 0x41, 0x7c, 
0x01, 0x40, 0x41, 0x7c, 0x20, 0x00, 0x54, 0x51, 0x11, 0x80, 0x5a, 0x7d, 0x01, 0xc0, 0x40, 0x7c, 
0x01, 0x40, 0x41, 0x7c, 0x01, 0x00, 0x08, 0x04, 0x11, 0x00, 0xc1, 0x7e, 0x13, 0x0d, 0x00, 0x8c, 
0x0e, 0x00, 0x80, 0x94, 0x11, 0x00, 0xc1, 0x7d, 0x13, 0x0d, 0x00, 0x8c, 0x0b, 0x00, 0x80, 0x94, 
0x11, 0x00, 0x01, 0x7e, 0x13, 0x0d, 0x00, 0x8c, 0x08, 0x00, 0x80, 0x94, 0x11, 0x00, 0x41, 0x7e, 
0x13, 0x0d, 0x00, 0x8c, 0x05, 0x00, 0x80, 0x94, 0x11, 0x00, 0x81, 0x7e, 0x13, 0x0d, 0x00, 0x8c, 
0x02, 0x00, 0x80, 0x94, 0x2e, 0x0b, 0x00, 0x80, 0x3f, 0x0d, 0x00, 0x8c, 0x48, 0x0d, 0x00, 0x8c, 
0x09, 0x01, 0x40, 0xcc, 0x0a, 0x01, 0x40, 0xcc, 0x0d, 0x01, 0x40, 0xd8, 0xb0, 0x0d, 0x00, 0x80, 
0x00, 0x00, 0x00, 0x00, 0x00, 0x00, 0x00, 0x00, 0x00, 0x00, 0x00, 0x00, 0x00, 0x00, 0x00, 0x00, 
0xef, 0x0e, 0x00, 0x8c, 0x14, 0x4a, 0x09, 0xc4, 0x19, 0x00, 0x88, 0x14, 0x01, 0x00, 0x88, 0x24, 
0xfc, 0xff, 0x8f, 0x94, 0x00, 0x00, 0x00, 0x90, 0x14, 0x4a, 0x09, 0xc4, 0x19, 0x00, 0x88, 0x14, 
0x01, 0x00, 0x88, 0x24, 0xfd, 0xff, 0x8f, 0x94, 0x00, 0x00, 0x00, 0x90, 0x00, 0x40, 0x00, 0xde, 
0x00, 0x40, 0x40, 0xde, 0x00, 0x00, 0xe0, 0x04, 0x00, 0x00, 0x24, 0x05, 0x04, 0x00, 0x8c, 0x14, 
0x04, 0x00, 0xd0, 0x10, 0x0c, 0x00, 0x14, 0x51, 0x00, 0x00, 0x4c, 0x05, 0x20, 0x00, 0x50, 0x55, 
0xc1, 0x02, 0x40, 0xd8, 0xc2, 0x02, 0xc0, 0xcc, 0xc3, 0x02, 0x00, 0xcd, 0x08, 0x00, 0x08, 0x04, 
0xd6, 0x0c, 0x00, 0x8c, 0xd0, 0x02, 0x14, 0xc4, 0xfd, 0xff, 0x4f, 0x95, 0xd1, 0x02, 0x0c, 0xc4, 
0xd2, 0x02, 0x10, 0xc4, 0x20, 0x00, 0x14, 0x51, 0x11, 0x40, 0x4d, 0x7d, 0x10, 0x00, 0x4c, 0x55, 
0x04, 0x00, 0xd0, 0x50, 0x01, 0x80, 0x24, 0x7d, 0xd3, 0x00, 0xc0, 0xd8, 0xcd, 0x00, 0x80, 0xd8, 
0x5b, 0x00, 0x00, 0xce, 0x5c, 0x00, 0x80, 0xcc, 0x01, 0x00, 0x08, 0x04, 0xd6, 0x0c, 0x00, 0x8c, 
0xc4, 0x02, 0x40, 0xd8, 0xc4, 0x02, 0x00, 0xd8, 0x00, 0x00, 0x24, 0xdc, 0x00, 0x00, 0x20, 0xdc, 
0x00, 0x00, 0x00, 0x90, 0x00, 0x00, 0x00, 0x00, 0x00, 0x00, 0x00, 0x00, 0x00, 0x00, 0x00, 0x00, 
0xc0, 0x00, 0x40, 0xd8, 0xc0, 0x00, 0x08, 0xc4, 0xff, 0xff, 0x8f, 0x94, 0xc4, 0x00, 0x08, 0xc4, 
0xc0, 0x00, 0x00, 0xd8, 0x00, 0x00, 0x00, 0x90, 0x85, 0x01, 0x80, 0xcc, 0x20, 0x00, 0x88, 0x54, 
0x86, 0x01, 0x80, 0xcc, 0x87, 0x01, 0xc0, 0xcc, 0x6c, 0x00, 0x14, 0xc4, 0x6c, 0x00, 0x14, 0xc4, 
0x88, 0x01, 0x18, 0xc4, 0x8c, 0x01, 0x08, 0xc4, 0x20, 0x00, 0x88, 0x50, 0x11, 0x80, 0x98, 0x7c, 
0x00, 0x00, 0x00, 0x90, 0x03, 0x00, 0x94, 0x14, 0x1f, 0x00, 0x54, 0x25, 0x03, 0x00, 0x58, 0x39, 
0x04, 0x00, 0x80, 0x99, 0x00, 0x01, 0x14, 0x04, 0x05, 0x40, 0x4d, 0x7d, 0xb0, 0x0b, 0x00, 0x80, 
0x07, 0x00, 0x58, 0x39, 0x04, 0x00, 0x80, 0x99, 0x00, 0x10, 0x14, 0x04, 0x05, 0x40, 0x4d, 0x7d, 
0xb0, 0x0b, 0x00, 0x80, 0x0b, 0x00, 0x58, 0x39, 0x05, 0x00, 0x80, 0x99, 0x01, 0x00, 0x14, 0x04, 
0x10, 0x00, 0x54, 0x11, 0x05, 0x40, 0x4d, 0x7d, 0xb0, 0x0b, 0x00, 0x80, 0x0f, 0x00, 0x58, 0x39, 
0x02, 0x00, 0x80, 0x99, 0x00, 0x00, 0x00, 0x90, 0x13, 0x00, 0x58, 0x39, 0x05, 0x00, 0x80, 0x99, 
0x01, 0x00, 0x14, 0x04, 0x10, 0x00, 0x54, 0x11, 0x05, 0x40, 0x4d, 0x7d, 0xb0, 0x0b, 0x00, 0x80, 
0x17, 0x00, 0x58, 0x39, 0x04, 0x00, 0x80, 0x99, 0x00, 0x10, 0x14, 0x04, 0x05, 0x40, 0x4d, 0x7d, 
0xb0, 0x0b, 0x00, 0x80, 0x1b, 0x00, 0x58, 0x39, 0x05, 0x00, 0x80, 0x99, 0x01, 0x00, 0x14, 0x04, 
0x10, 0x00, 0x54, 0x11, 0x05, 0x40, 0x4d, 0x7d, 0xb0, 0x0b, 0x00, 0x80, 0xb4, 0x0b, 0x00, 0x80, 
0x01, 0x00, 0x54, 0x15, 0x0e, 0x80, 0x51, 0x7d, 0x02, 0x00, 0x80, 0x95, 0x00, 0x00, 0x00, 0x00, 
0x00, 0x00, 0x00, 0x90, 0xf1, 0x00, 0x40, 0xd8, 0x14, 0x4a, 0x0d, 0xc4, 0x00, 0x02, 0xd4, 0x24, 
0x0c, 0x00, 0x40, 0x99, 0x4c, 0x59, 0x0d, 0xc4, 0x00, 0x00, 0x00, 0x00, 0x50, 0x59, 0x11, 0xc4, 
0x00, 0x00, 0x00, 0x00, 0x20, 0x00, 0x14, 0x51, 0x11, 0x00, 0x4d, 0x7d, 0x11, 0x40, 0x09, 0x7d, 
0x4c, 0x59, 0x41, 0xcd, 0x20, 0x00, 0x50, 0x55, 0x50, 0x59, 0x01, 0xcd, 0x00, 0x00, 0x00, 0x90, 
0x70, 0x59, 0x0d, 0xc4, 0x01, 0x00, 0xc9, 0x7c, 0x70, 0x59, 0x01, 0xcd, 0x00, 0x00, 0x00, 0x90, 
0x60, 0x4a, 0x15, 0xc4, 0x03, 0x00, 0x58, 0x25, 0x01, 0x00, 0x88, 0x15, 0x00, 0x00, 0x00, 0x90, 
0xc8, 0x0b, 0x00, 0x8c, 0x1e, 0x00, 0xd4, 0x17, 0x01, 0x00, 0x54, 0x25, 0x09, 0x80, 0x48, 0x7d, 
0x00, 0x00, 0x00, 0x90, 0x04, 0x00, 0x08, 0x04, 0xd6, 0x0c, 0x00, 0x8c, 0x84, 0x4a, 0x09, 0xc4, 
0x0f, 0x00, 0x88, 0x14, 0x01, 0x00, 0x88, 0x24, 0xfb, 0xff, 0x8f, 0x94, 0x00, 0x00, 0x00, 0x00, 
0x00, 0x00, 0x00, 0x90, 0x1a, 0x00, 0xcc, 0x17, 0x04, 0x00, 0xcc, 0x24, 0x03, 0x00, 0xcc, 0x04, 
0x18, 0x00, 0xc8, 0x17, 0x09, 0x80, 0x8c, 0x7c, 0x00, 0x00, 0x00, 0x90, 0x16, 0x00, 0xcc, 0x17, 
0x04, 0x00, 0xcc, 0x24, 0x03, 0x00, 0xcc, 0x04, 0x14, 0x00, 0xc8, 0x17, 0x09, 0x80, 0x8c, 0x7c, 
0x00, 0x00, 0x00, 0x90, 0x01, 0x00, 0xcc, 0x24, 0x0a, 0x00, 0xc0, 0x98, 0x7c, 0x4a, 0x0d, 0xc4, 
0x0e, 0x00, 0xcc, 0x14, 0x03, 0x00, 0xcc, 0x24, 0x02, 0x00, 0x88, 0x14, 0x10, 0x00, 0xcc, 0x04, 
0x18, 0x01, 0xc2, 0xcc, 0x10, 0x00, 0x88, 0x04, 0x1b, 0x01, 0x82, 0xcc, 0xf6, 0x0b, 0x00, 0x80, 
0x03, 0x00, 0x8c, 0x24, 0x02, 0x00, 0x88, 0x14, 0x10, 0x00, 0xcc, 0x04, 0x18, 0x01, 0xc2, 0xcc, 
0x10, 0x00, 0x88, 0x04, 0x1b, 0x01, 0x82, 0xcc, 0x00, 0x00, 0x00, 0x90, 0x01, 0x00, 0xcc, 0x24, 
0x0a, 0x00, 0xc0, 0x98, 0x7c, 0x4a, 0x0d, 0xc4, 0x0c, 0x00, 0xcc, 0x14, 0x03, 0x00, 0xcc, 0x24, 
0x02, 0x00, 0x88, 0x14, 0x10, 0x00, 0xcc, 0x04, 0x1a, 0x01, 0xc2, 0xcc, 0x10, 0x00, 0x88, 0x04, 
0x1d, 0x01, 0x82, 0xcc, 0x08, 0x0c, 0x00, 0x80, 0x03, 0x00, 0x8c, 0x24, 0x02, 0x00, 0x88, 0x14, 
0x10, 0x00, 0xcc, 0x04, 0x1a, 0x01, 0xc2, 0xcc, 0x10, 0x00, 0x88, 0x04, 0x1d, 0x01, 0x82, 0xcc, 
0x00, 0x00, 0x00, 0x90, 0xb0, 0x4a, 0x09, 0xc4, 0x19, 0x00, 0x88, 0x14, 0x01, 0x00, 0x88, 0x24, 
0x05, 0x00, 0x80, 0x94, 0x40, 0x59, 0x09, 0xc4, 0x01, 0x00, 0x88, 0x14, 0x01, 0x00, 0x88, 0x10, 
0x40, 0x59, 0x81, 0xcc, 0x00, 0x00, 0x00, 0x90, 0x00, 0x40, 0xc0, 0xdd, 0x4f, 0x10, 0x1c, 0xc4, 
0x08, 0x00, 0x80, 0x94, 0xd3, 0x00, 0xc0, 0xd8, 0xcd, 0x00, 0x80, 0xd8, 0x00, 0x10, 0xc0, 0xd9, 
0x00, 0x10, 0x14, 0xc4, 0x00, 0x00, 0x17, 0xc5, 0xef, 0x0e, 0x00, 0x8c, 0x00, 0x00, 0x00, 0x00, 
0xd3, 0x00, 0xc0, 0xd8, 0xcd, 0x00, 0x80, 0xd8, 0xd1, 0x00, 0xc0, 0xdb, 0x00, 0x00, 0xd7, 0xc4, 
0xef, 0x0e, 0x00, 0x8c, 0x00, 0x00, 0x00, 0x00, 0xff, 0xff, 0x54, 0x25, 0x09, 0x40, 0x5d, 0x7d, 
0xf0, 0xff, 0x4f, 0x95, 0x00, 0x00, 0x1c, 0xdc, 0x00, 0x00, 0x00, 0x90, 0xd1, 0x00, 0xc0, 0xdb, 
0xd3, 0x00, 0xc0, 0xd8, 0xcd, 0x00, 0x80, 0xd8, 0x5b, 0x00, 0xc0, 0xcc, 0x5c, 0x00, 0x80, 0xcc, 
0x3b, 0x0c, 0x00, 0x8c, 0x00, 0x00, 0x00, 0x90, 0x00, 0x40, 0xc0, 0xdd, 0x01, 0x80, 0x81, 0x7c, 
0xd3, 0x00, 0xc0, 0xd8, 0xcd, 0x00, 0x80, 0xd8, 0xd1, 0x00, 0xc0, 0xdb, 0x00, 0x00, 0xdf, 0xc4, 
0xef, 0x0e, 0x00, 0x8c, 0x00, 0x00, 0x00, 0x00, 0x3b, 0x0c, 0x00, 0x8c, 0x09, 0x40, 0xd9, 0x7d, 
0xf8, 0xff, 0x4f, 0x95, 0x00, 0x00, 0x1c, 0xdc, 0x00, 0x00, 0x00, 0x90, 0x00, 0x00, 0x00, 0x00, 
0x14, 0x4a, 0x15, 0xc4, 0x0e, 0x00, 0x54, 0x15, 0x01, 0x00, 0x54, 0x25, 0xfc, 0xff, 0x4f, 0x95, 
0x00, 0x00, 0x00, 0x90, 0x00, 0x40, 0x80, 0xdc, 0xd1, 0x0b, 0x00, 0x8c, 0x00, 0x00, 0x08, 0xdc, 
0x00, 0x00, 0x00, 0x00, 0x01, 0x40, 0x81, 0x7c, 0x20, 0x00, 0x98, 0x54, 0x43, 0x00, 0x42, 0xd8, 
0x44, 0x00, 0x02, 0xd9, 0x00, 0x00, 0x00, 0x00, 0x00, 0x10, 0x00, 0xd8, 0x00, 0x10, 0x80, 0xd8, 
0x45, 0x00, 0x42, 0xcd, 0x47, 0x00, 0x02, 0xcc, 0x48, 0x00, 0xc2, 0xcc, 0x46, 0x00, 0x82, 0xcd, 
0x04, 0x00, 0x88, 0x44, 0x00, 0x00, 0x00, 0x90, 0x14, 0x4a, 0x09, 0xc4, 0x19, 0x00, 0x88, 0x14, 
0x01, 0x00, 0x88, 0x24, 0x03, 0x00, 0x80, 0x94, 0x00, 0x00, 0x00, 0x00, 0xf1, 0x02, 0x00, 0xcc, 
0x00, 0x00, 0x00, 0x90, 0x14, 0x4a, 0x09, 0xc4, 0x02, 0x00, 0x88, 0x24, 0xfe, 0xff, 0x8f, 0x94, 
0x00, 0x00, 0x00, 0x90, 0x01, 0x40, 0x81, 0x7c, 0x20, 0x00, 0x98, 0x54, 0x43, 0x00, 0x42, 0xd8, 
0x44, 0x00, 0x02, 0xd9, 0x00, 0x10, 0x40, 0xd9, 0x00, 0x10, 0x80, 0xd9, 0x00, 0x00, 0x00, 0x00, 
0x45, 0x00, 0x42, 0xcd, 0x48, 0x00, 0xc2, 0xcc, 0x47, 0x00, 0x02, 0xcc, 0x46, 0x00, 0x82, 0xcd, 
0x04, 0x00, 0x88, 0x44, 0x00, 0x00, 0x00, 0x90, 0x14, 0x4a, 0x09, 0xc4, 0x0d, 0x00, 0x88, 0x14, 
0x01, 0x00, 0x88, 0x24, 0xfd, 0xff, 0x8f, 0x94, 0x00, 0x00, 0x00, 0x90, 0x6c, 0x00, 0x08, 0xc4, 
0xa4, 0x42, 0x88, 0x24, 0x04, 0x00, 0x80, 0x98, 0x6c, 0x00, 0x08, 0xc4, 0x40, 0x00, 0x88, 0x24, 
0x07, 0x00, 0x80, 0x94, 0x77, 0x00, 0x00, 0xcc, 0xee, 0x00, 0x00, 0xcc, 0x9b, 0x00, 0x00, 0xcc, 
0xf0, 0x02, 0x00, 0xcc, 0xbd, 0x00, 0x00, 0xcc, 0x4f, 0x0e, 0x00, 0x80, 0x00, 0x00, 0x00, 0x90, 
0x00, 0x00, 0x00, 0x00, 0x00, 0x40, 0xc0, 0xdd, 0x00, 0x40, 0x00, 0xde, 0x00, 0x40, 0x40, 0xde, 
0x11, 0x00, 0xc2, 0x7c, 0x11, 0x40, 0x82, 0x7c, 0x99, 0x00, 0x40, 0xd8, 0x9a, 0x00, 0x40, 0xd8, 
0x9b, 0x00, 0x40, 0xd8, 0x01, 0x40, 0x41, 0x7e, 0x20, 0x00, 0x58, 0x56, 0x52, 0x00, 0x42, 0xcd, 
0x53, 0x00, 0x82, 0xcd, 0x00, 0x00, 0x00, 0x00, 0x10, 0x00, 0x14, 0x04, 0x22, 0x00, 0x42, 0xcd, 
0x00, 0x00, 0x1e, 0xc4, 0x00, 0x10, 0xc0, 0xcd, 0xef, 0x0e, 0x00, 0x8c, 0x99, 0x00, 0x00, 0xd8, 
0x9a, 0x00, 0x00, 0xd8, 0x9b, 0x00, 0x00, 0xd8, 0xf0, 0x02, 0x00, 0xd8, 0x00, 0x00, 0xe1, 0xcd, 
0x04, 0x00, 0x48, 0x46, 0x99, 0x00, 0x00, 0xd8, 0x01, 0xc0, 0xc0, 0x7d, 0x00, 0x00, 0x24, 0xdc, 
0x00, 0x00, 0x20, 0xdc, 0x00, 0x00, 0x1c, 0xdc, 0x00, 0x00, 0x00, 0x90, 0x69, 0x00, 0x00, 0xcc, 
0x18, 0x4a, 0x09, 0xc4, 0x10, 0x00, 0x88, 0x14, 0x01, 0x00, 0x88, 0x24, 0xfd, 0xff, 0x8f, 0x98, 
0x00, 0x00, 0x00, 0x00, 0x00, 0x00, 0x00, 0x90, 0xf4, 0x49, 0x09, 0xc4, 0x01, 0x00, 0x0c, 0x04, 
0x14, 0x00, 0xd0, 0x10, 0x1e, 0xc0, 0x00, 0x7d, 0x09, 0x00, 0x8d, 0x7c, 0xf4, 0x49, 0x01, 0xcd, 
0x00, 0x00, 0x00, 0x90, 0x18, 0x00, 0x00, 0x95, 0x00, 0x00, 0x00, 0x00, 0x58, 0x10, 0x14, 0xc4, 
0x15, 0x00, 0x40, 0x99, 0x01, 0x00, 0x14, 0x04, 0x1f, 0x00, 0x54, 0x11, 0x57, 0x10, 0x18, 0xc4, 
0x0c, 0x40, 0x95, 0x7d, 0x10, 0x00, 0x40, 0x95, 0x00, 0x10, 0x0c, 0x04, 0x9c, 0x38, 0x14, 0x04, 
0x58, 0x10, 0x40, 0xcd, 0x98, 0x38, 0x14, 0x04, 0x57, 0x10, 0x40, 0xcd, 0x00, 0x04, 0x18, 0x04, 
0x60, 0x4a, 0x15, 0xc4, 0x03, 0x00, 0x54, 0x25, 0x03, 0x00, 0x40, 0x95, 0x01, 0x00, 0x94, 0x11, 
0x00, 0x00, 0x58, 0x05, 0x71, 0x00, 0xc0, 0xd8, 0x73, 0x00, 0x80, 0xcd, 0x72, 0x00, 0x80, 0xcd, 
0x01, 0x00, 0x08, 0x04, 0x00, 0x00, 0x00, 0x90, 0x00, 0x40, 0xc0, 0xdd, 0x00, 0x40, 0x00, 0xde, 
0x04, 0x00, 0x9c, 0x14, 0x04, 0x00, 0xc0, 0x99, 0x40, 0x4f, 0x20, 0x04, 0xca, 0x0c, 0x00, 0x80, 
0x00, 0x00, 0x00, 0x00, 0xa0, 0x50, 0x20, 0x04, 0x0f, 0x00, 0x9c, 0x24, 0x01, 0x40, 0x1d, 0x7e, 
0x20, 0x00, 0x1c, 0x51, 0x11, 0xc0, 0xcd, 0x7d, 0x04, 0x00, 0xdc, 0x45, 0x01, 0xc0, 0xc0, 0x7d, 
0x20, 0x00, 0xd0, 0x55, 0x1f, 0x00, 0xc8, 0x24, 0x00, 0x00, 0x20, 0xdc, 0x00, 0x00, 0x1c, 0xdc, 
0x00, 0x00, 0x00, 0x90, 0x00, 0x00, 0x00, 0x00, 0x01, 0x00, 0x88, 0x08, 0xff, 0xff, 0x8f, 0x98, 
0x00, 0x00, 0x00, 0x90, 0x60, 0x4a, 0x15, 0xc4, 0x03, 0x00, 0x50, 0x25, 0xc8, 0xfb, 0x0c, 0x04, 
0x08, 0x00, 0x00, 0x95, 0xc9, 0xfb, 0x0c, 0x04, 0x01, 0x00, 0x14, 0x31, 0x05, 0x00, 0x40, 0x99, 
0xca, 0xfb, 0x0c, 0x04, 0x02, 0x00, 0x14, 0x31, 0x02, 0x00, 0x40, 0x99, 0xcb, 0xfb, 0x0c, 0x04, 
0x14, 0x4a, 0x15, 0xc4, 0x0e, 0x00, 0x54, 0x15, 0x01, 0x00, 0x54, 0x25, 0xfd, 0xff, 0x4f, 0x95, 
0x8e, 0x00, 0x00, 0xcc, 0xd5, 0x00, 0x00, 0xcc, 0x5b, 0x00, 0xc0, 0xcc, 0xcd, 0x00, 0x80, 0xd8, 
0xd3, 0x00, 0xc0, 0xd8, 0x5c, 0x00, 0x80, 0xcc, 0x8f, 0x00, 0x00, 0xcc, 0x3b, 0x0c, 0x00, 0x8c, 
0x14, 0x4a, 0x09, 0xc4, 0x00, 0x01, 0x8c, 0x24, 0x05, 0x00, 0xc0, 0x94, 0x40, 0x59, 0x09, 0xc4, 
0x01, 0x00, 0x8c, 0x24, 0x02, 0x00, 0xc0, 0x98, 0xf5, 0x00, 0x02, 0xcc, 0x00, 0x00, 0x00, 0x90, 
0x60, 0x4a, 0x09, 0xc4, 0x10, 0x00, 0x8c, 0x14, 0xff, 0x00, 0xcc, 0x24, 0x01, 0x00, 0xc8, 0x2c, 
0x02, 0x00, 0x80, 0x94, 0x77, 0x00, 0x00, 0xcc, 0x00, 0x00, 0x00, 0x90, 0x88, 0x4c, 0x11, 0xc4, 
0x02, 0x00, 0x09, 0x7d, 0x04, 0x00, 0x14, 0x3d, 0x07, 0x00, 0x40, 0x99, 0x80, 0x4c, 0x15, 0xc4, 
0x01, 0x00, 0x50, 0x15, 0x80, 0x4c, 0x01, 0xcd, 0x01, 0x00, 0x50, 0x25, 0x02, 0x00, 0x00, 0x99, 
0x00, 0x00, 0x0c, 0x04, 0x04, 0x00, 0x94, 0x38, 0x07, 0x00, 0x40, 0x99, 0x84, 0x4c, 0x15, 0xc4, 
0x01, 0x00, 0x50, 0x15, 0x84, 0x4c, 0x01, 0xcd, 0x01, 0x00, 0x50, 0x25, 0x02, 0x00, 0x00, 0x99, 
0x00, 0x00, 0x0c, 0x04, 0x00, 0x00, 0x00, 0x90, 0x00, 0x00, 0x00, 0x00, 0x00, 0x40, 0xc0, 0xdd, 
0x21, 0x00, 0x00, 0x95, 0x01, 0x40, 0x01, 0x7d, 0x20, 0x00, 0x18, 0x55, 0x52, 0x00, 0x42, 0xcd, 
0x53, 0x00, 0x82, 0xcd, 0x1c, 0x00, 0xd4, 0x17, 0x01, 0x00, 0x54, 0x25, 0x0a, 0x00, 0x40, 0x99, 
0x7c, 0x4a, 0x15, 0xc4, 0x0c, 0x00, 0x54, 0x15, 0x03, 0x00, 0x54, 0x25, 0x10, 0x00, 0x54, 0x05, 
0x1a, 0x01, 0x42, 0xcd, 0x00, 0x00, 0x54, 0x25, 0x10, 0x00, 0x54, 0x05, 0x1d, 0x01, 0x42, 0xcd, 
0x2c, 0x0d, 0x00, 0x80, 0x03, 0x00, 0xd4, 0x24, 0x10, 0x00, 0x54, 0x05, 0x1a, 0x01, 0x42, 0xcd, 
0x02, 0x00, 0xd4, 0x14, 0x01, 0x00, 0x54, 0x25, 0x10, 0x00, 0x54, 0x05, 0x1d, 0x01, 0x42, 0xcd, 
0x05, 0x00, 0xcc, 0x14, 0x00, 0x00, 0x00, 0x00, 0x10, 0x00, 0x10, 0x04, 0x22, 0x00, 0x02, 0xcd, 
0x00, 0x00, 0x0a, 0xc4, 0x00, 0x00, 0x9c, 0x04, 0x00, 0x10, 0xc0, 0xcd, 0xef, 0x0e, 0x00, 0x8c, 
0x00, 0x00, 0xc8, 0x05, 0x00, 0x00, 0x1c, 0xdc, 0x00, 0x00, 0x00, 0x90, 0x04, 0x01, 0x80, 0xd8, 
0x08, 0x00, 0xc8, 0x17, 0x05, 0x00, 0x80, 0x94, 0x14, 0x4a, 0x09, 0xc4, 0x19, 0x00, 0x88, 0x14, 
0x01, 0x00, 0x88, 0x24, 0xfa, 0xff, 0x8f, 0x94, 0x00, 0x00, 0x00, 0x90, 0x09, 0x00, 0xc8, 0x17, 
0x03, 0x00, 0x88, 0x24, 0x02, 0x00, 0x88, 0x30, 0x05, 0x00, 0x80, 0x94, 0x14, 0x4a, 0x09, 0xc4, 
0x0d, 0x00, 0x88, 0x14, 0x01, 0x00, 0x88, 0x24, 0xfd, 0xff, 0x8f, 0x94, 0x00, 0x00, 0x00, 0x90, 
0x03, 0x01, 0x42, 0xd8, 0x0b, 0x00, 0xc8, 0x17, 0x03, 0x00, 0x8c, 0x24, 0x0b, 0x00, 0xc0, 0x94, 
0x01, 0x00, 0xc8, 0x30, 0x03, 0x00, 0x80, 0x94, 0x11, 0x00, 0x08, 0x04, 0xdd, 0x00, 0x82, 0xcc, 
0x02, 0x00, 0xc8, 0x30, 0x05, 0x00, 0x80, 0x94, 0x11, 0x00, 0x08, 0x04, 0xde, 0x00, 0x82, 0xcc, 
0x10, 0x00, 0x08, 0x04, 0x23, 0x00, 0x82, 0xcc, 0x00, 0x00, 0x00, 0x90, 0x0b, 0x00, 0xc8, 0x17, 
0x03, 0x00, 0x88, 0x24, 0x02, 0x00, 0x88, 0x30, 0x05, 0x00, 0x80, 0x94, 0x14, 0x4a, 0x09, 0xc4, 
0x19, 0x00, 0x88, 0x14, 0x01, 0x00, 0x88, 0x24, 0xfd, 0xff, 0x8f, 0x94, 0x00, 0x00, 0x00, 0x90, 
0x00, 0x40, 0xc0, 0xdd, 0x00, 0x40, 0x00, 0xde, 0x0b, 0x01, 0x1c, 0xc4, 0x0c, 0x01, 0x20, 0xc4, 
0xef, 0x0e, 0x00, 0x8c, 0x14, 0x4a, 0x09, 0xc4, 0x19, 0x00, 0x88, 0x14, 0x01, 0x00, 0x88, 0x24, 
0xfc, 0xff, 0x8f, 0x94, 0xd1, 0x0b, 0x00, 0x8c, 0x43, 0x00, 0x42, 0xd9, 0x10, 0x00, 0x08, 0x04, 
0xa7, 0x00, 0x82, 0xcc, 0xa1, 0x00, 0x02, 0xd8, 0xa2, 0x00, 0x02, 0xd8, 0x47, 0x00, 0x02, 0xd8, 
0x01, 0x00, 0x08, 0x04, 0x45, 0x00, 0xc2, 0xcd, 0xa3, 0x00, 0x02, 0xd8, 0xa5, 0x00, 0x82, 0xcc, 
0xa6, 0x00, 0x02, 0xcc, 0x52, 0x00, 0xc2, 0xcd, 0x53, 0x00, 0x02, 0xce, 0x46, 0x00, 0x02, 0xce, 
0x00, 0x00, 0x00, 0x00, 0xa1, 0x08, 0x00, 0x8c, 0xae, 0x00, 0x2c, 0xc4, 0xbd, 0x00, 0x80, 0xcc, 
0xef, 0x0e, 0x00, 0x8c, 0x00, 0x00, 0x00, 0x00, 0x6a, 0x0c, 0x00, 0x8c, 0x41, 0x01, 0x40, 0xd8, 
0x00, 0x00, 0x20, 0xdc, 0x00, 0x00, 0x1c, 0xdc, 0x00, 0x00, 0x00, 0x90, 0xd1, 0x0b, 0x00, 0x8c, 
0x14, 0x4a, 0x09, 0xc4, 0x00, 0x00, 0x00, 0x00, 0x0d, 0x00, 0x88, 0x14, 0x01, 0x00, 0x88, 0x24, 
0xfc, 0xff, 0x8f, 0x94, 0x00, 0x01, 0x40, 0xd8, 0x07, 0x01, 0x42, 0xd8, 0x43, 0x00, 0x42, 0xd8, 
0x44, 0x00, 0x02, 0xd9, 0x02, 0x01, 0x40, 0xd8, 0x10, 0x00, 0x08, 0x04, 0x23, 0x00, 0x82, 0xcc, 
0x0e, 0x01, 0x08, 0xc4, 0x45, 0x00, 0x82, 0xcc, 0x42, 0x01, 0x08, 0xc4, 0x08, 0x00, 0x88, 0x14, 
0x08, 0x00, 0x88, 0x10, 0x01, 0x00, 0x88, 0x04, 0x48, 0x00, 0x82, 0xcc, 0x47, 0x00, 0x02, 0xcc, 
0x0f, 0x01, 0x08, 0xc4, 0x46, 0x00, 0x82, 0xcc, 0x00, 0x00, 0x00, 0x00, 0x06, 0x01, 0x42, 0xd8, 
0xd1, 0x0b, 0x00, 0x8c, 0x00, 0x00, 0x00, 0x90, 0x31, 0x00, 0x40, 0xd8, 0x02, 0x03, 0x40, 0xd8, 
0x00, 0x03, 0x40, 0xd8, 0x00, 0x00, 0x00, 0x00, 0xa1, 0x0d, 0x00, 0x80, 0x00, 0x00, 0x00, 0x00, 
0x00, 0x00, 0x00, 0x00, 0x00, 0x00, 0x00, 0x00, 0x00, 0x00, 0x00, 0x00, 0x00, 0x00, 0x00, 0x00, 
0x98, 0x00, 0x14, 0xc4, 0xff, 0xff, 0x4f, 0x99, 0x00, 0x00, 0x00, 0x00, 0x00, 0x00, 0x00, 0x00, 
0x00, 0x00, 0x00, 0x00, 0x00, 0x00, 0x00, 0x00, 0x00, 0x00, 0x00, 0x00, 0x00, 0x00, 0x00, 0x00, 
0x31, 0x00, 0x00, 0xcc, 0x70, 0x00, 0x14, 0xc4, 0x03, 0x00, 0x40, 0x95, 0x3c, 0x02, 0x14, 0xc4, 
0x74, 0xf2, 0x4f, 0x95, 0xf0, 0x49, 0x09, 0xc4, 0x09, 0x00, 0x8c, 0x14, 0x01, 0x00, 0xcc, 0x24, 
0x04, 0x00, 0xc0, 0x94, 0x9c, 0x01, 0x08, 0xc4, 0x03, 0x00, 0x88, 0x24, 0x06, 0x00, 0x80, 0x98, 
0x00, 0x00, 0x00, 0x00, 0x3c, 0x02, 0x14, 0xc4, 0x01, 0x00, 0x54, 0x25, 0x28, 0x00, 0x40, 0x95, 
0x00, 0x00, 0x00, 0x00, 0x60, 0x4a, 0x09, 0xc4, 0x10, 0x00, 0x9c, 0x14, 0x0f, 0x00, 0xd4, 0x25, 
0x01, 0x00, 0x54, 0x31, 0x0c, 0x00, 0x40, 0x99, 0x0b, 0x00, 0xd4, 0x31, 0xa0, 0x00, 0x18, 0xc4, 
0x00, 0x40, 0x98, 0x39, 0x09, 0x40, 0x95, 0x7d, 0x07, 0x00, 0x40, 0x99, 0x0c, 0x00, 0xd4, 0x31, 
0xa0, 0x00, 0x18, 0xc4, 0x00, 0x40, 0x98, 0x39, 0x09, 0x40, 0x95, 0x7d, 0x02, 0x00, 0x40, 0x99, 
0xe7, 0x0d, 0x00, 0x80, 0x6c, 0x5a, 0x1d, 0xc4, 0x00, 0x01, 0xd4, 0x25, 0x05, 0x00, 0x40, 0x99, 
0x01, 0x00, 0xd4, 0x15, 0x01, 0x00, 0x54, 0x11, 0x6c, 0x5a, 0x41, 0xcd, 0xe7, 0x0d, 0x00, 0x80, 
0x01, 0x00, 0xd4, 0x25, 0x0e, 0x00, 0x40, 0x95, 0x6c, 0x00, 0x14, 0xc4, 0x02, 0x00, 0x54, 0x25, 
0x05, 0x00, 0x40, 0x95, 0xc1, 0x01, 0x14, 0xc4, 0x40, 0x00, 0x54, 0x25, 0x08, 0x00, 0x40, 0x95, 
0x00, 0x00, 0x00, 0x00, 0x00, 0x00, 0x00, 0x00, 0x3c, 0x02, 0x14, 0xc4, 0x80, 0x00, 0x54, 0x25, 
0x6b, 0x00, 0x40, 0x95, 0xe7, 0x0d, 0x00, 0x80, 0x00, 0x00, 0x00, 0x00, 0x14, 0x4a, 0x15, 0xc4, 
0x19, 0x00, 0x58, 0x15, 0x01, 0x00, 0x94, 0x25, 0xc6, 0xff, 0x4f, 0x95, 0xee, 0x00, 0x00, 0xd8, 
0x00, 0x00, 0x00, 0x00, 0x10, 0x5a, 0x19, 0xc4, 0x01, 0x00, 0x94, 0x25, 0x1d, 0x00, 0x40, 0x95, 
0xfc, 0x4a, 0x19, 0xc4, 0x01, 0x00, 0x94, 0x25, 0x02, 0x00, 0x40, 0x99, 0x60, 0x0d, 0x00, 0x8c, 
0xfc, 0x4a, 0x19, 0xc4, 0x02, 0x00, 0x94, 0x25, 0x09, 0x00, 0x40, 0x99, 0x83, 0x0d, 0x00, 0x8c, 
0xef, 0x0e, 0x00, 0x8c, 0xfc, 0x4a, 0x19, 0xc4, 0x01, 0x00, 0x94, 0x25, 0xf8, 0xff, 0x4f, 0x95, 
0xfc, 0x4a, 0x19, 0xc4, 0x02, 0x00, 0x94, 0x25, 0xf6, 0xff, 0x4f, 0x95, 0x14, 0x4a, 0x19, 0xc4, 
0x19, 0x00, 0x94, 0x15, 0x01, 0x00, 0x58, 0x25, 0xeb, 0xff, 0x8f, 0x95, 0x14, 0x4a, 0x15, 0xc4, 
0x00, 0x04, 0x54, 0x25, 0x06, 0x00, 0x40, 0x99, 0x60, 0x4a, 0x15, 0xc4, 0x10, 0x00, 0x54, 0x15, 
0xff, 0xff, 0x58, 0x25, 0x00, 0x00, 0x94, 0x31, 0x01, 0x00, 0x40, 0x99, 0x77, 0x00, 0x00, 0xcc, 
0x60, 0x4a, 0x15, 0xc4, 0x10, 0x00, 0x54, 0x15, 0xff, 0xff, 0x58, 0x25, 0x10, 0x00, 0x94, 0x31, 
0x02, 0x00, 0x40, 0x95, 0x77, 0x00, 0x00, 0xcc, 0x60, 0x4a, 0x15, 0xc4, 0x10, 0x00, 0x54, 0x15, 
0xff, 0xff, 0x58, 0x25, 0x03, 0x01, 0x94, 0x2d, 0x11, 0x00, 0x40, 0x95, 0x03, 0x02, 0x94, 0x2d, 
0x0f, 0x00, 0x40, 0x95, 0x03, 0x03, 0x94, 0x2d, 0x0d, 0x00, 0x40, 0x95, 0x14, 0x4a, 0x15, 0xc4, 
0x00, 0x04, 0x54, 0x25, 0x0a, 0x00, 0x40, 0x99, 0x60, 0x4a, 0x15, 0xc4, 0x10, 0x00, 0x54, 0x15, 
0xff, 0xff, 0x58, 0x25, 0x00, 0x00, 0x94, 0x31, 0x01, 0x00, 0x40, 0x99, 0xf1, 0x02, 0x00, 0xcc, 
0x05, 0x01, 0x00, 0xcc, 0xf1, 0x02, 0x00, 0xcc, 0x4e, 0x0b, 0x00, 0x8c, 0x62, 0x0e, 0x00, 0x8c, 
0xf0, 0x02, 0x00, 0xcc, 0x7e, 0x00, 0x00, 0xcc, 0x3c, 0x02, 0x14, 0xc4, 0x80, 0x00, 0x54, 0x25, 
0x03, 0x00, 0x40, 0x95, 0x41, 0x0e, 0x00, 0x8c, 0x48, 0x0e, 0x00, 0x8c, 0x9c, 0x01, 0x08, 0xc4, 
0x04, 0x00, 0x8c, 0x30, 0x02, 0x00, 0xc0, 0x94, 0x9c, 0x01, 0x00, 0xd8, 0x9c, 0x01, 0x08, 0xc4, 
0x04, 0x00, 0x80, 0x94, 0x08, 0x00, 0x8c, 0x30, 0x19, 0x00, 0xc0, 0x94, 0x9c, 0x01, 0x00, 0xd8, 
0x00, 0x00, 0x00, 0x00, 0xb8, 0x49, 0x15, 0xc4, 0xff, 0x00, 0x54, 0x25, 0x02, 0x00, 0x40, 0x95, 
0x4f, 0x0e, 0x00, 0x80, 0x6c, 0x00, 0x14, 0xc4, 0x03, 0x00, 0x54, 0x25, 0xd9, 0xf1, 0x4f, 0x95, 
0x4f, 0x0e, 0x00, 0x80, 0x9c, 0x01, 0x08, 0xc4, 0x04, 0x00, 0x8c, 0x30, 0x03, 0x00, 0xc0, 0x98, 
0xfd, 0xff, 0x8f, 0x94, 0x0a, 0x00, 0x80, 0x98, 0x9c, 0x01, 0x00, 0xd8, 0x00, 0x00, 0x00, 0x90, 
0x9c, 0x01, 0x08, 0xc4, 0x08, 0x00, 0x8c, 0x30, 0x03, 0x00, 0xc0, 0x98, 0xfd, 0xff, 0x8f, 0x94, 
0x03, 0x00, 0x80, 0x98, 0x9c, 0x01, 0x00, 0xd8, 0x00, 0x00, 0x00, 0x90, 0x9c, 0x01, 0x08, 0xc4, 
0x38, 0x02, 0x00, 0xd8, 0x9c, 0x01, 0x00, 0xd8, 0x10, 0x10, 0x18, 0x04, 0x01, 0x00, 0x98, 0xda, 
0x00, 0x00, 0x14, 0x04, 0xfa, 0xff, 0x4f, 0x95, 0x73, 0x10, 0x40, 0xcf, 0x74, 0x10, 0x80, 0xcf, 
0x04, 0x00, 0x80, 0x94, 0x98, 0x01, 0x80, 0xd8, 0x65, 0x00, 0x80, 0xcc, 0x5d, 0x0e, 0x00, 0x80, 
0x98, 0x01, 0x40, 0xd8, 0x02, 0x00, 0x08, 0x04, 0xd6, 0x0c, 0x00, 0x8c, 0x98, 0x01, 0x14, 0xc4, 
0xfd, 0xff, 0x4f, 0x99, 0x00, 0x00, 0x00, 0x90, 0xf8, 0x4a, 0x09, 0xc4, 0x1f, 0x00, 0x94, 0x14, 
0x05, 0x00, 0x40, 0x95, 0xf8, 0x4a, 0x09, 0xc4, 0x01, 0x00, 0x94, 0x24, 0x2e, 0x00, 0x40, 0x99, 
0xbb, 0x0e, 0x00, 0x80, 0x00, 0x00, 0x00, 0x90, 0x7c, 0x59, 0x15, 0xc4, 0x05, 0x00, 0x40, 0x95, 
0x68, 0x59, 0x15, 0xc4, 0x01, 0x00, 0x54, 0x25, 0x02, 0x00, 0x40, 0x95, 0x42, 0x00, 0x00, 0xcc, 
0x00, 0x00, 0x00, 0x90, 0x70, 0x4a, 0x15, 0xc4, 0x00, 0x02, 0x54, 0x25, 0x09, 0x00, 0x80, 0x94, 
0x03, 0x00, 0x10, 0x04, 0x04, 0x00, 0x40, 0x95, 0xf3, 0x3e, 0x0c, 0x04, 0x03, 0x00, 0x18, 0x04, 
0x83, 0x0e, 0x00, 0x80, 0xfb, 0x3e, 0x0c, 0x04, 0x03, 0x00, 0x18, 0x04, 0x83, 0x0e, 0x00, 0x80, 
0x01, 0x00, 0x10, 0x04, 0x04, 0x00, 0x40, 0x95, 0xd3, 0x3e, 0x0c, 0x04, 0x01, 0x00, 0x18, 0x04, 
0x83, 0x0e, 0x00, 0x80, 0xfb, 0x3e, 0x0c, 0x04, 0x01, 0x00, 0x18, 0x04, 0x10, 0x00, 0x10, 0x11, 
0xfb, 0x3e, 0x10, 0x05, 0x10, 0x00, 0x98, 0x11, 0x01, 0xc0, 0x8c, 0x7d, 0x5a, 0x02, 0xc0, 0xcc, 
0x59, 0x02, 0x00, 0xcd, 0x00, 0x00, 0x00, 0x90, 0x50, 0x02, 0x14, 0xc4, 0x09, 0x00, 0x40, 0x95, 
0x00, 0x00, 0x00, 0x00, 0x9c, 0x01, 0x08, 0xc4, 0xfc, 0xff, 0x8f, 0x94, 0x08, 0x00, 0x8c, 0x30, 
0x03, 0x00, 0xc0, 0x98, 0x00, 0x00, 0x00, 0x00, 0x8a, 0x0e, 0x00, 0x80, 0x9c, 0x01, 0x00, 0xd8, 
0x00, 0x00, 0x00, 0x90, 0x99, 0x00, 0x40, 0xd8, 0x9b, 0x00, 0x40, 0xd8, 0x9a, 0x00, 0x40, 0xd8, 
0xf0, 0x02, 0x40, 0xd8, 0x01, 0x00, 0x08, 0x04, 0xd6, 0x0c, 0x00, 0x8c, 0x84, 0x00, 0x14, 0xc4, 
0xff, 0xff, 0x4f, 0x99, 0x14, 0x4a, 0x15, 0xc4, 0x0d, 0x00, 0x58, 0x15, 0x01, 0x00, 0x98, 0x25, 
0xfb, 0xff, 0x8f, 0x95, 0x58, 0x4b, 0x15, 0xc4, 0x30, 0x03, 0x58, 0x25, 0xf8, 0xff, 0x8f, 0x99, 
0xf8, 0x4a, 0x09, 0xc4, 0x01, 0x00, 0x14, 0x04, 0x1e, 0x00, 0x54, 0x11, 0x0a, 0x80, 0x48, 0x7d, 
0xf8, 0x4a, 0x81, 0xcc, 0x01, 0x00, 0x08, 0x04, 0xd6, 0x0c, 0x00, 0x8c, 0xf8, 0x4a, 0x09, 0xc4, 
0x1f, 0x00, 0x94, 0x14, 0xfe, 0xff, 0x4f, 0x99, 0x02, 0x00, 0x98, 0x10, 0x02, 0x00, 0x88, 0x15, 
0xf8, 0x4a, 0x81, 0xcc, 0x74, 0x01, 0x40, 0xd8, 0x75, 0x01, 0x40, 0xd8, 0x76, 0x01, 0x40, 0xd8, 
0x77, 0x01, 0x40, 0xd8, 0x99, 0x00, 0x00, 0xd8, 0x9b, 0x00, 0x00, 0xd8, 0x9a, 0x00, 0x00, 0xd8, 
0x6a, 0x0e, 0x00, 0x8c, 0xf0, 0x02, 0x00, 0xd8, 0x69, 0x0e, 0x00, 0x80, 0xf8, 0x4a, 0x09, 0xc4, 
0x01, 0x00, 0x14, 0x04, 0x1e, 0x00, 0x54, 0x11, 0x0a, 0x80, 0x48, 0x7d, 0xf8, 0x4a, 0x81, 0xcc, 
0x74, 0x01, 0x00, 0xd8, 0x75, 0x01, 0x00, 0xd8, 0x76, 0x01, 0x00, 0xd8, 0x77, 0x01, 0x00, 0xd8, 
0x01, 0x00, 0x08, 0x04, 0xd6, 0x0c, 0x00, 0x8c, 0xf8, 0x4a, 0x09, 0xc4, 0x1f, 0x00, 0x94, 0x14, 
0xfe, 0xff, 0x4f, 0x99, 0x02, 0x00, 0x98, 0x10, 0x02, 0x00, 0x88, 0x15, 0xf8, 0x4a, 0x81, 0xcc, 
0x69, 0x0e, 0x00, 0x80, 0x00, 0x40, 0xc0, 0xdd, 0x00, 0x40, 0x00, 0xde, 0x00, 0x40, 0x40, 0xde, 
0x14, 0x4a, 0x15, 0xc4, 0x00, 0x02, 0x54, 0x25, 0x0a, 0x00, 0x40, 0x95, 0x7c, 0x59, 0x15, 0xc4, 
0x70, 0x59, 0x1d, 0xc4, 0x02, 0x00, 0xdc, 0x15, 0x02, 0x40, 0x5d, 0x7d, 0x0e, 0x40, 0x95, 0x7c, 
0x13, 0x00, 0x40, 0x95, 0x02, 0x03, 0x40, 0xd8, 0x00, 0x03, 0x40, 0xd8, 0xa1, 0x0d, 0x00, 0x80, 
0x50, 0x59, 0x15, 0xc4, 0x4c, 0x59, 0x1d, 0xc4, 0x20, 0x00, 0x54, 0x11, 0x11, 0x40, 0x5d, 0x7d, 
0x58, 0x59, 0x25, 0xc4, 0x54, 0x59, 0x21, 0xc4, 0x20, 0x00, 0x64, 0x12, 0x11, 0x00, 0x62, 0x7e, 
0x02, 0x40, 0x15, 0x7e, 0x02, 0x00, 0x54, 0x15, 0x0e, 0x40, 0x95, 0x7c, 0x04, 0x00, 0x40, 0x95, 
0x02, 0x03, 0x40, 0xd8, 0x00, 0x03, 0x40, 0xd8, 0xa1, 0x0d, 0x00, 0x80, 0x00, 0x00, 0x24, 0xdc, 
0x00, 0x00, 0x20, 0xdc, 0x00, 0x00, 0x1c, 0xdc, 0x00, 0x00, 0x00, 0x90, 0x00, 0x40, 0x80, 0xdc, 
0x6c, 0x00, 0x08, 0xc4, 0xa4, 0x42, 0x88, 0x24, 0x0d, 0x00, 0x80, 0x94, 0x04, 0x00, 0x08, 0x04, 
0xd6, 0x0c, 0x00, 0x8c, 0x9c, 0x01, 0x08, 0xc4, 0xfa, 0xff, 0x8f, 0x94, 0x08, 0x00, 0x88, 0x30, 
0x03, 0x00, 0x80, 0x98, 0x00, 0x00, 0x00, 0x00, 0xf0, 0x0e, 0x00, 0x80, 0x01, 0x10, 0x14, 0xc4, 
0x02, 0x00, 0x40, 0x95, 0x5c, 0x03, 0x00, 0x8c, 0x9c, 0x01, 0x00, 0xd8, 0x00, 0x00, 0x08, 0xdc, 
0x00, 0x00, 0x00, 0x90, 0x00, 0x00, 0x00, 0x00, 0x00, 0x00, 0x00, 0x00, 0x00, 0x00, 0x00, 0x00, 
0x00, 0x00, 0x00, 0x00, 0x00, 0x00, 0x00, 0x00, 0x00, 0x00, 0x00, 0x00, 0x00, 0x00, 0x00, 0x00, 
0x00, 0x00, 0x00, 0x90, 0xac, 0x4a, 0x15, 0xc4, 0x04, 0x00, 0x54, 0x15, 0x01, 0x00, 0x54, 0x25, 
0xfc, 0xff, 0x4f, 0x95, 0x01, 0x00, 0x34, 0x04, 0x10, 0x00, 0x74, 0x13, 0xff, 0xff, 0xd4, 0x27, 
0x01, 0x40, 0x77, 0x7d, 0x1d, 0x0f, 0x00, 0x8c, 0x08, 0x0f, 0x00, 0x80, 0xac, 0x4a, 0x15, 0xc4, 
0x04, 0x00, 0x54, 0x15, 0x01, 0x00, 0x54, 0x25, 0x1f, 0x00, 0x40, 0x95, 0x02, 0x00, 0x14, 0x04, 
0x10, 0x00, 0x54, 0x11, 0x01, 0x40, 0x57, 0x7f, 0x94, 0x01, 0x14, 0xc4, 0x08, 0x00, 0x54, 0x11, 
0x01, 0x40, 0x57, 0x7f, 0x2c, 0x4a, 0x15, 0xc4, 0x10, 0x00, 0x54, 0x25, 0x16, 0x00, 0x40, 0x99, 
0x60, 0x4a, 0x15, 0xc4, 0x07, 0x00, 0x54, 0x25, 0x14, 0x00, 0x54, 0x11, 0x01, 0x40, 0x57, 0x7f, 
0x81, 0x00, 0x14, 0x04, 0x18, 0x00, 0x54, 0x11, 0x01, 0x40, 0x57, 0x7f, 0xb3, 0x03, 0x14, 0x04, 
0x10, 0x00, 0x54, 0x11, 0x00, 0x06, 0x54, 0x05, 0x14, 0x00, 0x58, 0x15, 0x0c, 0x00, 0x54, 0x11, 
0x0e, 0x00, 0x54, 0x15, 0xd3, 0x00, 0xc0, 0xd8, 0xd5, 0x00, 0x80, 0xcd, 0xcd, 0x00, 0x80, 0xd8, 
0x5b, 0x00, 0x40, 0xcd, 0x5c, 0x00, 0x40, 0xcf, 0x36, 0x0f, 0x00, 0x8c, 0xd5, 0x00, 0x00, 0xcc, 
0xff, 0xff, 0x34, 0x04, 0x00, 0x00, 0x00, 0x90, 0x02, 0x00, 0x08, 0x04, 0xd6, 0x0c, 0x00, 0x8c, 
0x14, 0x4a, 0x15, 0xc4, 0x0e, 0x00, 0x54, 0x15, 0x01, 0x00, 0x54, 0x25, 0xfd, 0xff, 0x4f, 0x95, 
0x00, 0x00, 0x00, 0x90, 0x02, 0x00, 0x08, 0x04, 0x04, 0x4b, 0x81, 0xcc, 0xb4, 0xa0, 0x0c, 0x04, 
0x01, 0x00, 0x10, 0x04, 0x10, 0x00, 0x10, 0x11, 0x01, 0xc0, 0x0c, 0x7d, 0x00, 0x4b, 0xc1, 0xcc, 
0x03, 0x00, 0x08, 0x04, 0x04, 0x4b, 0x81, 0xcc, 0xb5, 0xa0, 0x0c, 0x04, 0x01, 0x00, 0x10, 0x04, 
0x10, 0x00, 0x10, 0x11, 0x01, 0xc0, 0x0c, 0x7d, 0x00, 0x4b, 0xc1, 0xcc, 0x00, 0x00, 0x00, 0x90, 
0x00, 0x00, 0x00, 0x00, 0x00, 0x00, 0x00, 0x00, 0x00, 0x00, 0x00, 0x00, 0x00, 0x00, 0x00, 0x00, 
0x00, 0x00, 0x00, 0x00, 0x00, 0x00, 0x00, 0x00, 0x00, 0x00, 0x00, 0x00, 0x00, 0x00, 0x00, 0x00, 
0x00, 0x00, 0x00, 0x00, 0x00, 0x00, 0x00, 0x00, 0x00, 0x00, 0x00, 0x00, 0x00, 0x00, 0x00, 0x00, 
0x00, 0x00, 0x00, 0x00, 0x00, 0x00, 0x00, 0x00, 0x00, 0x00, 0x00, 0x00, 0x00, 0x00, 0x00, 0x00, 
0x00, 0x00, 0x00, 0x00, 0x00, 0x00, 0x00, 0x00, 0x00, 0x00, 0x00, 0x00, 0x00, 0x00, 0x00, 0x00, 
0x00, 0x00, 0x00, 0x00, 0x00, 0x00, 0x00, 0x00, 0x00, 0x00, 0x00, 0x00, 0x00, 0x00, 0x00, 0x00, 
0x00, 0x00, 0x00, 0x00, 0x00, 0x00, 0x00, 0x00, 0x00, 0x00, 0x00, 0x00, 0x00, 0x00, 0x00, 0x00, 
0x00, 0x00, 0x00, 0x00, 0x00, 0x00, 0x00, 0x00, 0x00, 0x00, 0x00, 0x00, 0x00, 0x00, 0x00, 0x00, 
0x00, 0x00, 0x00, 0x00, 0x00, 0x00, 0x00, 0x00, 0x00, 0x00, 0x00, 0x00, 0x00, 0x00, 0x00, 0x00, 
0x00, 0x00, 0x00, 0x00, 0x00, 0x00, 0x00, 0x00, 0x00, 0x00, 0x00, 0x00, 0x00, 0x00, 0x00, 0x00, 
0x00, 0x00, 0x00, 0x00, 0x00, 0x00, 0x00, 0x00, 0x00, 0x00, 0x00, 0x00, 0x00, 0x00, 0x00, 0x00, 
0x00, 0x00, 0x00, 0x00, 0x00, 0x00, 0x00, 0x00, 0x00, 0x00, 0x00, 0x00, 0x00, 0x00, 0x00, 0x00, 
0x00, 0x00, 0x00, 0x00, 0x00, 0x00, 0x00, 0x00, 0x00, 0x00, 0x00, 0x00, 0x00, 0x00, 0x00, 0x00, 
0x00, 0x00, 0x00, 0x00, 0x00, 0x00, 0x00, 0x00, 0x00, 0x00, 0x00, 0x00, 0x00, 0x00, 0x00, 0x00, 
0x00, 0x00, 0x00, 0x00, 0x00, 0x00, 0x00, 0x00, 0x00, 0x00, 0x00, 0x00, 0x00, 0x00, 0x00, 0x00, 
0x00, 0x00, 0x00, 0x00, 0x00, 0x00, 0x00, 0x00, 0x00, 0x00, 0x00, 0x00, 0x00, 0x00, 0x00, 0x00, 
0x00, 0x00, 0x00, 0x00, 0x00, 0x00, 0x00, 0x00, 0x00, 0x00, 0x00, 0x00, 0x00, 0x00, 0x00, 0x00, 
0x00, 0x00, 0x00, 0x00, 0x00, 0x00, 0x00, 0x00, 0x00, 0x00, 0x00, 0x00, 0x00, 0x00, 0x00, 0x00, 
0x00, 0x00, 0x00, 0x00, 0x00, 0x00, 0x00, 0x00, 0x00, 0x00, 0x00, 0x00, 0x00, 0x00, 0x00, 0x00, 
0x00, 0x00, 0x00, 0x00, 0x00, 0x00, 0x00, 0x00, 0x00, 0x00, 0x00, 0x00, 0x00, 0x00, 0x00, 0x00, 
0x00, 0x00, 0x00, 0x00, 0x00, 0x00, 0x00, 0x00, 0x00, 0x00, 0x00, 0x00, 0x00, 0x00, 0x00, 0x00, 
0x00, 0x00, 0x00, 0x00, 0x00, 0x00, 0x00, 0x00, 0x00, 0x00, 0x00, 0x00, 0x00, 0x00, 0x00, 0x00, 
0x00, 0x00, 0x00, 0x00, 0x00, 0x00, 0x00, 0x00, 0x00, 0x00, 0x00, 0x00, 0x00, 0x00, 0x00, 0x00, 
0x00, 0x00, 0x00, 0x00, 0x00, 0x00, 0x00, 0x00, 0x00, 0x00, 0x00, 0x00, 0x00, 0x00, 0x00, 0x00, 
0x00, 0x00, 0x00, 0x00, 0x00, 0x00, 0x00, 0x00, 0x00, 0x00, 0x00, 0x00, 0x00, 0x00, 0x00, 0x00, 
0x00, 0x00, 0x00, 0x00, 0x00, 0x00, 0x00, 0x00, 0x00, 0x00, 0x00, 0x00, 0x00, 0x00, 0x00, 0x00, 
0x00, 0x00, 0x00, 0x00, 0x00, 0x00, 0x00, 0x00, 0x00, 0x00, 0x00, 0x00, 0x00, 0x00, 0x00, 0x00, 
0x00, 0x00, 0x00, 0x00, 0x00, 0x00, 0x00, 0x00, 0x00, 0x00, 0x00, 0x00, 0x00, 0x00, 0x00, 0x00, 
0x00, 0x00, 0x00, 0x00, 0x00, 0x00, 0x00, 0x00, 0x00, 0x00, 0x00, 0x00, 0x00, 0x00, 0x00, 0x00, 
0x00, 0x00, 0x00, 0x00, 0x00, 0x00, 0x00, 0x00, 0x00, 0x00, 0x00, 0x00, 0x00, 0x00, 0x00, 0x00, 
0x00, 0x00, 0x00, 0x00, 0x00, 0x00, 0x00, 0x00, 0x00, 0x00, 0x00, 0x00, 0x00, 0x00, 0x00, 0x00, 
0x00, 0x00, 0x00, 0x00, 0x00, 0x00, 0x00, 0x00, 0x00, 0x00, 0x00, 0x00, 0x00, 0x00, 0x00, 0x00, 
0x00, 0x00, 0x00, 0x00, 0x00, 0x00, 0x00, 0x00, 0x00, 0x00, 0x00, 0x00, 0x00, 0x00, 0x00, 0x00, 
0x00, 0x00, 0x00, 0x00, 0x00, 0x00, 0x00, 0x00, 0x00, 0x00, 0x00, 0x00, 0x00, 0x00, 0x00, 0x00, 
0x00, 0x00, 0x00, 0x00, 0x00, 0x00, 0x00, 0x00, 0x00, 0x00, 0x00, 0x00, 0x00, 0x00, 0x00, 0x00, 
0x00, 0x00, 0x00, 0x00, 0x00, 0x00, 0x00, 0x00, 0x00, 0x00, 0x00, 0x00, 0x00, 0x00, 0x00, 0x00, 
0x00, 0x00, 0x00, 0x00, 0x00, 0x00, 0x00, 0x00, 0x00, 0x00, 0x00, 0x00, 0x00, 0x00, 0x00, 0x00, 
0x00, 0x00, 0x00, 0x00, 0x00, 0x00, 0x00, 0x00, 0x00, 0x00, 0x00, 0x00, 0x00, 0x00, 0x00, 0x00, 
0x00, 0x00, 0x00, 0x00, 0x00, 0x00, 0x00, 0x00, 0x00, 0x00, 0x00, 0x00, 0x00, 0x00, 0x00, 0x00, 
0x00, 0x00, 0x00, 0x00, 0x00, 0x00, 0x00, 0x00, 0x00, 0x00, 0x00, 0x00, 0x00, 0x00, 0x00, 0x00, 
0x00, 0x00, 0x00, 0x00, 0x00, 0x00, 0x00, 0x00, 0x00, 0x00, 0x00, 0x00, 0x00, 0x00, 0x00, 0x00, 
0x00, 0x00, 0x00, 0x00, 0x00, 0x00, 0x00, 0x00, 0x00, 0x00, 0x00, 0x00, 0x00, 0x00, 0x00, 0x00, 
0x00, 0x00, 0x00, 0x00, 0x00, 0x00, 0x00, 0x00, 0x00, 0x00, 0x00, 0x00, 0x00, 0x00, 0x00, 0x00, 
0x00, 0x00, 0x00, 0x00, 0x00, 0x00, 0x00, 0x00, 0x00, 0x00, 0x00, 0x00, 0x00, 0x00, 0x00, 0x00, 
0x00, 0x00, 0x00, 0x00, 0x00, 0x00, 0x00, 0x00, 0x00, 0x00, 0x00, 0x00, 0x00, 0x00, 0x00, 0x00, 
0x9e, 0x0d, 0xe0, 0x7e, 0x30, 0x00, 0x00, 0x00, 0x48, 0x00, 0x00, 0x01, 0x68, 0x01, 0x10, 0x01, 
0xc8, 0x01, 0x30, 0x01, 0xf8, 0x01, 0x40, 0x01, 0xa0, 0x02, 0x50, 0x01, 0x70, 0x03, 0x60, 0x01, 
0x78, 0x00, 0x70, 0x01, 0xf8, 0x00, 0x80, 0x01, 0xc0, 0x03, 0x00, 0x02, 0xd8, 0x03, 0x10, 0x02, 
0x90, 0x04, 0x10, 0x03, 0x9a, 0x04, 0x20, 0x03, 0x9b, 0x04, 0x30, 0x03, 0x9c, 0x04, 0x40, 0x03, 
0x9d, 0x04, 0x50, 0x03, 0x9e, 0x04, 0x60, 0x03, 0xa0, 0x04, 0x00, 0x04, 0xea, 0x04, 0x00, 0x05, 
0x13, 0x05, 0x30, 0x05, 0x44, 0x05, 0x10, 0x05, 0xb4, 0x05, 0x00, 0x06, 0xc2, 0x05, 0x00, 0x07, 
0x1f, 0x06, 0x10, 0x07, 0xd1, 0x06, 0x00, 0x08, 0x44, 0x06, 0x10, 0x08, 0x5a, 0x06, 0x20, 0x08, 
0x56, 0x07, 0x30, 0x08, 0xc6, 0x05, 0x40, 0x08, 0xfc, 0x07, 0x00, 0x09, 0x24, 0x08, 0x00, 0x0a, 
0xcb, 0x08, 0x00, 0x0b, 0xf4, 0x08, 0x10, 0x0b, 0xa6, 0x08, 0x40, 0x0b, 0x18, 0x09, 0x00, 0x0c, 
0x52, 0x09, 0x10, 0x0c, 0x0a, 0x0a, 0x20, 0x0c, 0xbd, 0x09, 0x30, 0x0c, 0x48, 0x0a, 0x00, 0x0d, 
0x4f, 0x0a, 0x10, 0x0d, 0x5b, 0x0a, 0x20, 0x0d, 0x67, 0x0a, 0x00, 0x0e, 0xee, 0x07, 0x00, 0x0f, 
0x91, 0x0a, 0x00, 0x10, 0x9b, 0x0a, 0x00, 0x11, 0xa6, 0x0a, 0x10, 0x11, 0xb8, 0x0a, 0x10, 0x0e, 
0x9e, 0x0d, 0xf0, 0x7e, 0x9e, 0x0d, 0xf0, 0x7f, 0x9e, 0x0d, 0xe0, 0x7f, 0x9e, 0x0d, 0xd0, 0x7f, 
0x9e, 0x0d, 0xc0, 0x7f, 0x9e, 0x0d, 0xb0, 0x7f, 0x9e, 0x0d, 0xa0, 0x7f, 0x9e, 0x0d, 0x90, 0x7f, 
0x9e, 0x0d, 0x80, 0x7f, 0x9e, 0x0d, 0x70, 0x7f, 0x9e, 0x0d, 0x60, 0x7f, 0x9e, 0x0d, 0x50, 0x7f, 
0x9e, 0x0d, 0x40, 0x7f, 0x9e, 0x0d, 0x30, 0x7f, 0x9e, 0x0d, 0x20, 0x7f, 0x9e, 0x0d, 0x10, 0x7f, 
0x9e, 0x0d, 0xf0, 0x7e, 0x9e, 0x0d, 0xe0, 0x7e, 0x9e, 0x0d, 0xd0, 0x7e, 0x9e, 0x0d, 0xc0, 0x7e, 
0x9e, 0x0d, 0xb0, 0x7e, 0x9e, 0x0d, 0xa0, 0x7e, 0x9e, 0x0d, 0x90, 0x7e, 0x9e, 0x0d, 0x80, 0x7e, 
0x9e, 0x0d, 0x70, 0x7e, 0x9e, 0x0d, 0x60, 0x7e, 0x9e, 0x0d, 0x50, 0x7e, 0x9e, 0x0d, 0x40, 0x7e, 
0x9e, 0x0d, 0x30, 0x7e, 0x9e, 0x0d, 0xe0, 0x7e, 0x9e, 0x0d, 0xf0, 0x7e, 0x9e, 0x0d, 0xf0, 0x7f, 
0x9e, 0x0d, 0xe0, 0x7f, 0x9e, 0x0d, 0xd0, 0x7f, 0x9e, 0x0d, 0xc0, 0x7f, 0x9e, 0x0d, 0xb0, 0x7f, 
0x9e, 0x0d, 0xa0, 0x7f, 0x9e, 0x0d, 0x90, 0x7f, 0x9e, 0x0d, 0x80, 0x7f, 0x9e, 0x0d, 0xe0, 0x7e, 
0x9e, 0x0d, 0xf0, 0x7e, 0x9e, 0x0d, 0xf0, 0x7f, 0x9e, 0x0d, 0xe0, 0x7f, 0x9e, 0x0d, 0xd0, 0x7f, 
0x9e, 0x0d, 0xc0, 0x7f, 0x9e, 0x0d, 0xb0, 0x7f, 0x9e, 0x0d, 0xa0, 0x7f, 0x9e, 0x0d, 0x90, 0x7f, 
0x9e, 0x0d, 0x80, 0x7f, 0x9e, 0x0d, 0xe0, 0x7e, 0x9e, 0x0d, 0xf0, 0x7e, 0x9e, 0x0d, 0xf0, 0x7f, 
0x9e, 0x0d, 0xe0, 0x7f, 0x9e, 0x0d, 0xd0, 0x7f, 0x9e, 0x0d, 0xc0, 0x7f, 0x9e, 0x0d, 0xb0, 0x7f, 
0x9e, 0x0d, 0xa0, 0x7f, 0x9e, 0x0d, 0x90, 0x7f, 0x9e, 0x0d, 0x80, 0x7f, 0x9e, 0x0d, 0xe0, 0x7e, 
0x9e, 0x0d, 0xf0, 0x7e, 0x9e, 0x0d, 0xf0, 0x7f, 0x9e, 0x0d, 0xe0, 0x7f, 0x9e, 0x0d, 0xd0, 0x7f, 
0xea, 0x0a, 0x40, 0x00, 0x14, 0x0b, 0x50, 0x00, 0xdd, 0x0a, 0x10, 0x00, 0x9e, 0x0d, 0x00, 0x0f, 
0x9e, 0x0d, 0x00, 0x0f, 0x9e, 0x0d, 0x00, 0x0f, 0x9e, 0x0d, 0x00, 0x0f, 0x9e, 0x0d, 0x00, 0x0f, 
0x9e, 0x0d, 0x00, 0x0f, 0x9e, 0x0d, 0x00, 0x0f, 0x9e, 0x0d, 0x00, 0x0f, 0x9e, 0x0d, 0x00, 0x0f, 
0x9e, 0x0d, 0x00, 0x0f, 0x9e, 0x0d, 0x00, 0x0f, 0x9e, 0x0d, 0x00, 0x0f, 0x9e, 0x0d, 0x00, 0x0f, 
0x1f, 0x5c, 0x82, 0x3e, 0x34, 0x8d, 0x95, 0xea, 0xc9, 0x5b, 0xe5, 0xba, 0x50, 0xf1, 0x61, 0x40, 
0xc4, 0x72, 0x65, 0xfe, 0x7d, 0xc7, 0x66, 0x80, 0x6e, 0xeb, 0x16, 0x5e, 0xca, 0x36, 0x45, 0x29, 
0x42, 0xda, 0xbf, 0xd7, 0xda, 0xee, 0xd1, 0xc9, 0xa9, 0x21, 0xc6, 0xf5, 0xaf, 0x91, 0xe2, 0x40, 
0xb7, 0xc4, 0x1f, 0x0f, 0x63, 0x2b, 0x38, 0x9f, 0x4a, 0x57, 0x29, 0x8a, 0xee, 0x43, 0xc5, 0x1e, 
0xf3, 0xe4, 0x98, 0xc8, 0xd1, 0x5a, 0x24, 0x8d, 0xbe, 0x46, 0xf2, 0x0e, 0x1c, 0x44, 0x36, 0xce, 
0x6b, 0x61, 0xaa, 0x80, 0x78, 0xbd, 0xa7, 0xe1, 0x36, 0xeb, 0xb7, 0x0b, 0x04, 0x53, 0x2e, 0xd7, 
0x3b, 0xec, 0x2a, 0x18, 0x52, 0x34, 0xfc, 0xf6, 0x03, 0x2b, 0xa1, 0x81, 0x86, 0x75, 0xae, 0xca, 
0x1f, 0x34, 0x83, 0xad, 0x72, 0xfe, 0x1a, 0xf9, 0xb4, 0x97, 0xa6, 0x47, 0x58, 0x5e, 0xe8, 0x92, 
0xbe, 0x3f, 0xc3, 0xda, 0x91, 0x7c, 0x2e, 0x2b, 0xf5, 0xf0, 0x11, 0xb7, 0xef, 0x39, 0xc1, 0x63, 
0x4f, 0x85, 0xd4, 0x6d, 0xd7, 0xc0, 0x80, 0xc9, 0x7f, 0xcb, 0x22, 0xb8, 0xdf, 0xe0, 0xe6, 0x9e, 
0x50, 0xa0, 0x24, 0xab, 0x00, 0xd4, 0x90, 0x88, 0x38, 0x3d, 0x71, 0x8e, 0x51, 0x22, 0x2a, 0xe7, 
0x3f, 0xcf, 0xdd, 0x3c, 0x77, 0x49, 0x42, 0xe6, 0x87, 0xb9, 0x26, 0x53, 0xa2, 0x4c, 0x11, 0xcf, 
0x74, 0x08, 0xcb, 0xed, 0x84, 0xb9, 0xa6, 0x28, 0x0b, 0x43, 0x7f, 0x5f, 0xea, 0x24, 0xe1, 0x11, 
0x9b, 0x2e, 0xed, 0xa2, 0x2e, 0x81, 0x6f, 0x64, 0x79, 0x6c, 0xd0, 0x43, 0x6e, 0x1c, 0xfd, 0x4a, 
0xc5, 0x57, 0x58, 0x2f, 0xf4, 0xf6, 0xd8, 0x94, 0x68, 0xcc, 0xad, 0xf0, 0x04, 0x6b, 0x3c, 0xf0, 
0xaf, 0xb9, 0x50, 0xd4, 0x4f, 0x6a, 0xb7, 0xc3, 0x0f, 0xff, 0x56, 0x04, 0xfa, 0xc8, 0x84, 0x80, 
};
