/*
* Copyright (c) 2020-2025 Advanced Micro Devices, Inc. All rights reserved.
*
* Permission is hereby granted, free of charge, to any person obtaining a copy
* of this software and associated documentation files ("Software"), to deal
* in the Software without restriction, including without limitation the rights
* to use, copy, modify, merge, publish, distribute, sublicense, and/or sell
* copies of the Software, and to permit persons to whom the Software is
* furnished to do so, subject to the following conditions:
*
* The above copyright notice and this permission notice shall be included in
* all copies or substantial portions of the Software.
*
* THE SOFTWARE IS PROVIDED "AS IS", WITHOUT WARRANTY OF ANY KIND, EXPRESS OR
* IMPLIED, INCLUDING BUT NOT LIMITED TO THE WARRANTIES OF MERCHANTABILITY,
* FITNESS FOR A PARTICULAR PURPOSE AND NONINFRINGEMENT.  IN NO EVENT SHALL THE
* AUTHORS OR COPYRIGHT HOLDERS BE LIABLE FOR ANY CLAIM, DAMAGES OR OTHER
* LIABILITY, WHETHER IN AN ACTION OF CONTRACT, TORT OR OTHERWISE, ARISING FROM,
* OUT OF OR IN CONNECTION WITH THE SOFTWARE OR THE USE OR OTHER DEALINGS IN
* THE SOFTWARE
*/
static unsigned char psp_drv_intf_navi32[] =
{
  0x0b, 0x0a, 0xd7, 0x5a, 0x10, 0xc9, 0x8a, 0x14, 0x20, 0x0e, 0x4d, 0x34, 0x49, 0x7e, 0x4f, 0xe3,
  0x24, 0x50, 0x53, 0x31, 0x00, 0x7f, 0x00, 0x00, 0x00, 0x00, 0x00, 0x00, 0x00, 0x00, 0x00, 0x00,
  0x00, 0x00, 0x00, 0x00, 0x00, 0x00, 0x00, 0x00, 0x00, 0x00, 0x00, 0x00, 0x00, 0x00, 0x00, 0x00,
  0x01, 0x00, 0x00, 0x00, 0x00, 0x00, 0x00, 0x00, 0x86, 0x15, 0x9a, 0x55, 0xcb, 0x81, 0x47, 0x3f,
  0x8a, 0x07, 0x49, 0xa0, 0xf1, 0xba, 0x43, 0xe5, 0x00, 0x00, 0x00, 0x00, 0x00, 0x00, 0x00, 0x00,
  0x00, 0x00, 0x00, 0x00, 0x00, 0x00, 0x00, 0x00, 0x4c, 0x01, 0x01, 0x81, 0x00, 0x00, 0x00, 0x00,
  0x17, 0x16, 0x32, 0x00, 0xff, 0xff, 0xff, 0xff, 0x00, 0x00, 0x00, 0x00, 0x00, 0x81, 0x00, 0x00,
  0x00, 0x00, 0x00, 0x00, 0x00, 0x00, 0x00, 0x00, 0x00, 0x00, 0x00, 0x00, 0x00, 0x00, 0x00, 0x00,
  0x00, 0x00, 0x00, 0x00, 0x00, 0x00, 0x00, 0x00, 0x00, 0x00, 0x00, 0x00, 0x00, 0x00, 0x00, 0x00,
  0x00, 0x00, 0x00, 0x00, 0x00, 0x00, 0x00, 0x00, 0x00, 0x00, 0x00, 0x00, 0x00, 0x00, 0x00, 0x00,
  0x00, 0x00, 0x00, 0x00, 0x00, 0x00, 0x00, 0x00, 0x00, 0x00, 0x00, 0x00, 0x00, 0x00, 0x00, 0x00,
  0x00, 0x00, 0x00, 0x00, 0x00, 0x00, 0x00, 0x00, 0x00, 0x00, 0x00, 0x00, 0x00, 0x00, 0x00, 0x00,
  0x00, 0x00, 0x00, 0x00, 0x00, 0x00, 0x00, 0x00, 0x00, 0x00, 0x00, 0x00, 0x00, 0x00, 0x00, 0x00,
  0xb7, 0xb3, 0xb1, 0xab, 0x66, 0x77, 0xee, 0x87, 0x83, 0x88, 0xf5, 0xe6, 0x7c, 0xa1, 0x29, 0x87,
  0xf7, 0xd3, 0xab, 0xa5, 0xdf, 0xe0, 0x6c, 0x66, 0x4c, 0xef, 0x15, 0x30, 0x34, 0x5f, 0x6f, 0x1c,
  0x00, 0x00, 0x00, 0x00, 0x00, 0x00, 0x00, 0x00, 0x00, 0x00, 0x00, 0x00, 0x00, 0x00, 0x00, 0x00,
  0x00, 0x03, 0x00, 0x00, 0x00, 0x00, 0xd0, 0x00, 0x00, 0x70, 0xd0, 0x00, 0x30, 0x10, 0xd1, 0x00,
  0x40, 0x12, 0xd0, 0x00, 0x44, 0x52, 0x00, 0x00, 0x00, 0x00, 0x00, 0x00, 0x00, 0x80, 0xd0, 0x00,
  0x4c, 0x12, 0xd0, 0x00, 0x00, 0x00, 0x00, 0x00, 0x00, 0x00, 0x00, 0x00, 0x00, 0x00, 0x00, 0x00,
  0x00, 0x00, 0x00, 0x00, 0x00, 0x00, 0xfb, 0xbd, 0xbf, 0xbb, 0x5d, 0x00, 0x00, 0x08, 0x12, 0x08,
  0x00, 0x00, 0x6c, 0x00, 0x60, 0x73, 0xd0, 0x00, 0xe0, 0x73, 0xd0, 0x00, 0x70, 0x63, 0xd0, 0x00,
  0xc0, 0x66, 0xd0, 0x00, 0x00, 0x00, 0x00, 0x00, 0x00, 0x00, 0x00, 0x00, 0x00, 0x00, 0x00, 0x00,
  0x00, 0x00, 0x00, 0x00, 0x00, 0x00, 0x00, 0x00, 0x00, 0x00, 0x00, 0x00, 0x00, 0x00, 0x00, 0x00,
  0x00, 0x00, 0x00, 0x00, 0x00, 0x00, 0x00, 0x00, 0x00, 0x00, 0x00, 0x00, 0x00, 0x00, 0x00, 0x00,
  0x00, 0x00, 0x00, 0x00, 0x00, 0x00, 0x00, 0x00, 0x00, 0x00, 0x00, 0x00, 0x00, 0x00, 0x00, 0x00,
  0x00, 0x00, 0x00, 0x00, 0x00, 0x00, 0x00, 0x00, 0x00, 0x00, 0x00, 0x00, 0x00, 0x00, 0x00, 0x00,
  0x00, 0x00, 0x00, 0x00, 0x00, 0x00, 0x00, 0x00, 0x00, 0x00, 0x00, 0x00, 0x00, 0x00, 0x00, 0x00,
  0x00, 0x00, 0x00, 0x00, 0x00, 0x00, 0x00, 0x00, 0x00, 0x00, 0x00, 0x00, 0x00, 0x00, 0x00, 0x00,
  0x00, 0x00, 0x00, 0x00, 0x00, 0x00, 0x00, 0x00, 0x00, 0x00, 0x00, 0x00, 0x00, 0x00, 0x00, 0x00,
  0x00, 0x00, 0x00, 0x00, 0x00, 0x00, 0x00, 0x00, 0x00, 0x00, 0x00, 0x00, 0x00, 0x00, 0x00, 0x00,
  0x00, 0x00, 0x00, 0x00, 0x00, 0x00, 0x00, 0x00, 0x00, 0x00, 0x00, 0x00, 0x00, 0x00, 0x00, 0x00,
  0x00, 0x00, 0x00, 0x00, 0x00, 0x00, 0x00, 0x00, 0x00, 0x00, 0x00, 0x00, 0x00, 0x00, 0x00, 0x00,
  0x00, 0x00, 0x00, 0x00, 0x00, 0x00, 0x00, 0x00, 0x00, 0x00, 0x00, 0x00, 0x00, 0x00, 0x00, 0x00,
  0x00, 0x00, 0x00, 0x00, 0x00, 0x00, 0x00, 0x00, 0x00, 0x00, 0x00, 0x00, 0x00, 0x00, 0x00, 0x00,
  0x00, 0x00, 0x00, 0x00, 0x00, 0x00, 0x00, 0x00, 0x00, 0x00, 0x00, 0x00, 0x00, 0x00, 0x00, 0x00,
  0x00, 0x00, 0x00, 0x00, 0x00, 0x00, 0x00, 0x00, 0x00, 0x00, 0x00, 0x00, 0x00, 0x00, 0x00, 0x00,
  0x00, 0x00, 0x00, 0x00, 0x00, 0x00, 0x00, 0x00, 0x00, 0x00, 0x00, 0x00, 0x00, 0x00, 0x00, 0x00,
  0x00, 0x00, 0x00, 0x00, 0x00, 0x00, 0x00, 0x00, 0x00, 0x00, 0x00, 0x00, 0x00, 0x00, 0x00, 0x00,
  0x00, 0x00, 0x00, 0x00, 0x00, 0x00, 0x00, 0x00, 0x00, 0x00, 0x00, 0x00, 0x00, 0x00, 0x00, 0x00,
  0x00, 0x00, 0x00, 0x00, 0x00, 0x00, 0x00, 0x00, 0x00, 0x00, 0x00, 0x00, 0x00, 0x00, 0x00, 0x00,
  0x00, 0x00, 0x00, 0x00, 0x00, 0x00, 0x00, 0x00, 0x00, 0x00, 0x00, 0x00, 0x00, 0x00, 0x00, 0x00,
  0x00, 0x00, 0x00, 0x00, 0x00, 0x00, 0x00, 0x00, 0x00, 0x00, 0x00, 0x00, 0x00, 0x00, 0x00, 0x00,
  0x00, 0x00, 0x00, 0x00, 0x00, 0x00, 0x00, 0x00, 0x00, 0x00, 0x00, 0x00, 0x00, 0x00, 0x00, 0x00,
  0x00, 0x00, 0x00, 0x00, 0x00, 0x00, 0x00, 0x00, 0x00, 0x00, 0x00, 0x00, 0x00, 0x00, 0x00, 0x00,
  0x00, 0x00, 0x00, 0x00, 0x00, 0x00, 0x00, 0x00, 0x00, 0x00, 0x00, 0x00, 0x00, 0x00, 0x00, 0x00,
  0x00, 0x00, 0x00, 0x00, 0x00, 0x00, 0x00, 0x00, 0x00, 0x00, 0x00, 0x00, 0x00, 0x00, 0x00, 0x00,
  0x00, 0x00, 0x00, 0x00, 0x00, 0x00, 0x00, 0x00, 0x00, 0x00, 0x00, 0x00, 0x00, 0x00, 0x00, 0x00,
  0x00, 0x00, 0x00, 0x00, 0x00, 0x00, 0x00, 0x00, 0x00, 0x00, 0x00, 0x00, 0x00, 0x00, 0x00, 0x00,
  0x00, 0x00, 0x00, 0x00, 0x00, 0x00, 0x00, 0x00, 0x00, 0x00, 0x00, 0x00, 0x00, 0x00, 0x00, 0x00,
  0x00, 0x00, 0x00, 0x00, 0x00, 0x00, 0x00, 0x00, 0x00, 0x00, 0x00, 0x00, 0x00, 0x00, 0x00, 0x00,
  0x00, 0x00, 0x00, 0x00, 0x00, 0x00, 0x00, 0x00, 0x00, 0x00, 0x00, 0x00, 0x00, 0x00, 0x00, 0x00,
  0x00, 0x00, 0x00, 0x00, 0x00, 0x00, 0x00, 0x00, 0x00, 0x00, 0x00, 0x00, 0x00, 0x00, 0x00, 0x00,
  0x00, 0x00, 0x00, 0x00, 0x00, 0x00, 0x00, 0x00, 0x00, 0x00, 0x00, 0x00, 0x00, 0x00, 0x00, 0x00,
  0x00, 0x00, 0x00, 0x00, 0x00, 0x00, 0x00, 0x00, 0x00, 0x00, 0x00, 0x00, 0x00, 0x00, 0x00, 0x00,
  0x00, 0x00, 0x00, 0x00, 0x00, 0x00, 0x00, 0x00, 0x00, 0x00, 0x00, 0x00, 0x00, 0x00, 0x00, 0x00,
  0x00, 0x00, 0x00, 0x00, 0x00, 0x00, 0x00, 0x00, 0x00, 0x00, 0x00, 0x00, 0x00, 0x00, 0x00, 0x00,
  0x00, 0x00, 0x00, 0x00, 0x00, 0x00, 0x00, 0x00, 0x00, 0x00, 0x00, 0x00, 0x00, 0x00, 0x00, 0x00,
  0x00, 0x00, 0x00, 0x00, 0x00, 0x00, 0x00, 0x00, 0x00, 0x00, 0x00, 0x00, 0x00, 0x00, 0x00, 0x00,
  0x00, 0x00, 0x00, 0x00, 0x00, 0x00, 0x00, 0x00, 0x00, 0x00, 0x00, 0x00, 0x00, 0x00, 0x00, 0x00,
  0x00, 0x00, 0x00, 0x00, 0x00, 0x00, 0x00, 0x00, 0x00, 0x00, 0x00, 0x00, 0x00, 0x00, 0x00, 0x00,
  0x00, 0x00, 0x00, 0x00, 0x00, 0x00, 0x00, 0x00, 0x00, 0x00, 0x00, 0x00, 0x00, 0x00, 0x00, 0x00,
  0x00, 0x00, 0x00, 0x00, 0x00, 0x00, 0x00, 0x00, 0x00, 0x00, 0x00, 0x00, 0x00, 0x00, 0x00, 0x00,
  0x00, 0x00, 0x00, 0x00, 0x00, 0x00, 0x00, 0x00, 0x00, 0x00, 0x00, 0x00, 0x00, 0x00, 0x00, 0x00,
  0x00, 0x00, 0x00, 0x00, 0x00, 0x00, 0x00, 0x00, 0x00, 0x00, 0x00, 0x00, 0x00, 0x00, 0x00, 0x00,
  0x00, 0x00, 0x00, 0x00, 0x00, 0x00, 0x00, 0x00, 0x00, 0x00, 0x00, 0x00, 0x00, 0x00, 0x00, 0x00,
  0x00, 0x00, 0x00, 0x00, 0x00, 0x00, 0x00, 0x00, 0x00, 0x00, 0x00, 0x00, 0x00, 0x00, 0x00, 0x00,
  0x00, 0x00, 0x00, 0x00, 0x00, 0x00, 0x00, 0x00, 0x00, 0x00, 0x00, 0x00, 0x00, 0x00, 0x00, 0x00,
  0x00, 0x00, 0x00, 0x00, 0x00, 0x00, 0x00, 0x00, 0x00, 0x00, 0x00, 0x00, 0x00, 0x00, 0x00, 0x00,
  0x00, 0x00, 0x00, 0x00, 0x00, 0x00, 0x00, 0x00, 0x00, 0x00, 0x00, 0x00, 0x00, 0x00, 0x00, 0x00,
  0x00, 0x00, 0x00, 0x00, 0x00, 0x00, 0x00, 0x00, 0x00, 0x00, 0x00, 0x00, 0x00, 0x00, 0x00, 0x00,
  0x00, 0x00, 0x00, 0x00, 0x00, 0x00, 0x00, 0x00, 0x00, 0x00, 0x00, 0x00, 0x00, 0x00, 0x00, 0x00,
  0x00, 0x00, 0x00, 0x00, 0x00, 0x00, 0x00, 0x00, 0x00, 0x00, 0x00, 0x00, 0x00, 0x00, 0x00, 0x00,
  0x00, 0x00, 0x00, 0x00, 0x00, 0x00, 0x00, 0x00, 0x00, 0x00, 0x00, 0x00, 0x00, 0x00, 0x00, 0x00,
  0x00, 0x00, 0x00, 0x00, 0x00, 0x00, 0x00, 0x00, 0x00, 0x00, 0x00, 0x00, 0x00, 0x00, 0x00, 0x00,
  0x00, 0x00, 0x00, 0x00, 0x00, 0x00, 0x00, 0x00, 0x00, 0x00, 0x00, 0x00, 0x00, 0x00, 0x00, 0x00,
  0x00, 0x00, 0x00, 0x00, 0x00, 0x00, 0x00, 0x00, 0x00, 0x00, 0x00, 0x00, 0x00, 0x00, 0x00, 0x00,
  0x00, 0x00, 0x00, 0x00, 0x00, 0x00, 0x00, 0x00, 0x00, 0x00, 0x00, 0x00, 0x00, 0x00, 0x00, 0x00,
  0x00, 0x00, 0x00, 0x00, 0x00, 0x00, 0x00, 0x00, 0x00, 0x00, 0x00, 0x00, 0x00, 0x00, 0x00, 0x00,
  0x00, 0x00, 0x00, 0x00, 0x00, 0x00, 0x00, 0x00, 0x00, 0x00, 0x00, 0x00, 0x00, 0x00, 0x00, 0x00,
  0x00, 0x00, 0x00, 0x00, 0x00, 0x00, 0x00, 0x00, 0x00, 0x00, 0x00, 0x00, 0x00, 0x00, 0x00, 0x00,
  0x00, 0x00, 0x00, 0x00, 0x00, 0x00, 0x00, 0x00, 0x00, 0x00, 0x00, 0x00, 0x00, 0x00, 0x00, 0x00,
  0x00, 0x00, 0x00, 0x00, 0x00, 0x00, 0x00, 0x00, 0x00, 0x00, 0x00, 0x00, 0x00, 0x00, 0x00, 0x00,
  0x00, 0x00, 0x00, 0x00, 0x00, 0x00, 0x00, 0x00, 0x00, 0x00, 0x00, 0x00, 0x00, 0x00, 0x00, 0x00,
  0x00, 0x00, 0x00, 0x00, 0x00, 0x00, 0x00, 0x00, 0x00, 0x00, 0x00, 0x00, 0x00, 0x00, 0x00, 0x00,
  0x00, 0x00, 0x00, 0x00, 0x00, 0x00, 0x00, 0x00, 0x00, 0x00, 0x00, 0x00, 0x00, 0x00, 0x00, 0x00,
  0x00, 0x00, 0x00, 0x00, 0x00, 0x00, 0x00, 0x00, 0x00, 0x00, 0x00, 0x00, 0x00, 0x00, 0x00, 0x00,
  0x00, 0x00, 0x00, 0x00, 0x00, 0x00, 0x00, 0x00, 0x00, 0x00, 0x00, 0x00, 0x00, 0x00, 0x00, 0x00,
  0x00, 0x00, 0x00, 0x00, 0x00, 0x00, 0x00, 0x00, 0x00, 0x00, 0x00, 0x00, 0x00, 0x00, 0x00, 0x00,
  0x00, 0x00, 0x00, 0x00, 0x00, 0x00, 0x00, 0x00, 0x00, 0x00, 0x00, 0x00, 0x00, 0x00, 0x00, 0x00,
  0x00, 0x00, 0x00, 0x00, 0x00, 0x00, 0x00, 0x00, 0x00, 0x00, 0x00, 0x00, 0x00, 0x00, 0x00, 0x00,
  0x00, 0x00, 0x00, 0x00, 0x00, 0x00, 0x00, 0x00, 0x00, 0x00, 0x00, 0x00, 0x00, 0x00, 0x00, 0x00,
  0x00, 0x00, 0x00, 0x00, 0x00, 0x00, 0x00, 0x00, 0x00, 0x00, 0x00, 0x00, 0x00, 0x00, 0x00, 0x00,
  0x00, 0x00, 0x00, 0x00, 0x00, 0x00, 0x00, 0x00, 0x00, 0x00, 0x00, 0x00, 0x00, 0x00, 0x00, 0x00,
  0x00, 0x00, 0x00, 0x00, 0x00, 0x00, 0x00, 0x00, 0x00, 0x00, 0x00, 0x00, 0x00, 0x00, 0x00, 0x00,
  0x00, 0x00, 0x00, 0x00, 0x00, 0x00, 0x00, 0x00, 0x00, 0x00, 0x00, 0x00, 0x00, 0x00, 0x00, 0x00,
  0x00, 0x00, 0x00, 0x00, 0x00, 0x00, 0x00, 0x00, 0x00, 0x00, 0x00, 0x00, 0x00, 0x00, 0x00, 0x00,
  0x00, 0x00, 0x00, 0x00, 0x00, 0x00, 0x00, 0x00, 0x00, 0x00, 0x00, 0x00, 0x00, 0x00, 0x00, 0x00,
  0x00, 0x00, 0x00, 0x00, 0x00, 0x00, 0x00, 0x00, 0x00, 0x00, 0x00, 0x00, 0x00, 0x00, 0x00, 0x00,
  0x00, 0x00, 0x00, 0x00, 0x00, 0x00, 0x00, 0x00, 0x00, 0x00, 0x00, 0x00, 0x00, 0x00, 0x00, 0x00,
  0x00, 0x00, 0x00, 0x00, 0x00, 0x00, 0x00, 0x00, 0x00, 0x00, 0x00, 0x00, 0x00, 0x00, 0x00, 0x00,
  0x00, 0x00, 0x00, 0x00, 0x00, 0x00, 0x00, 0x00, 0x00, 0x00, 0x00, 0x00, 0x00, 0x00, 0x00, 0x00,
  0x00, 0x00, 0x00, 0x00, 0x00, 0x00, 0x00, 0x00, 0x00, 0x00, 0x00, 0x00, 0x00, 0x00, 0x00, 0x00,
  0x00, 0x00, 0x00, 0x00, 0x00, 0x00, 0x00, 0x00, 0x00, 0x00, 0x00, 0x00, 0x00, 0x00, 0x00, 0x00,
  0x00, 0x00, 0x00, 0x00, 0x00, 0x00, 0x00, 0x00, 0x00, 0x00, 0x00, 0x00, 0x00, 0x00, 0x00, 0x00,
  0x00, 0x00, 0x00, 0x00, 0x00, 0x00, 0x00, 0x00, 0x00, 0x00, 0x00, 0x00, 0x00, 0x00, 0x00, 0x00,
  0x00, 0x00, 0x00, 0x00, 0x00, 0x00, 0x00, 0x00, 0x00, 0x00, 0x00, 0x00, 0x00, 0x00, 0x00, 0x00,
  0x00, 0x00, 0x00, 0x00, 0x00, 0x00, 0x00, 0x00, 0x00, 0x00, 0x00, 0x00, 0x00, 0x00, 0x00, 0x00,
  0x00, 0x00, 0x00, 0x00, 0x00, 0x00, 0x00, 0x00, 0x00, 0x00, 0x00, 0x00, 0x00, 0x00, 0x00, 0x00,
  0x00, 0x00, 0x00, 0x00, 0x00, 0x00, 0x00, 0x00, 0x00, 0x00, 0x00, 0x00, 0x00, 0x00, 0x00, 0x00,
  0x00, 0x00, 0x00, 0x00, 0x00, 0x00, 0x00, 0x00, 0x00, 0x00, 0x00, 0x00, 0x00, 0x00, 0x00, 0x00,
  0x00, 0x00, 0x00, 0x00, 0x00, 0x00, 0x00, 0x00, 0x00, 0x00, 0x00, 0x00, 0x00, 0x00, 0x00, 0x00,
  0x00, 0x00, 0x00, 0x00, 0x00, 0x00, 0x00, 0x00, 0x00, 0x00, 0x00, 0x00, 0x00, 0x00, 0x00, 0x00,
  0x00, 0x00, 0x00, 0x00, 0x00, 0x00, 0x00, 0x00, 0x00, 0x00, 0x00, 0x00, 0x00, 0x00, 0x00, 0x00,
  0x00, 0x00, 0x00, 0x00, 0x00, 0x00, 0x00, 0x00, 0x00, 0x00, 0x00, 0x00, 0x00, 0x00, 0x00, 0x00,
  0x00, 0x00, 0x00, 0x00, 0x00, 0x00, 0x00, 0x00, 0x00, 0x00, 0x00, 0x00, 0x00, 0x00, 0x00, 0x00,
  0x00, 0x00, 0x00, 0x00, 0x00, 0x00, 0x00, 0x00, 0x00, 0x00, 0x00, 0x00, 0x00, 0x00, 0x00, 0x00,
  0x00, 0x00, 0x00, 0x00, 0x00, 0x00, 0x00, 0x00, 0x00, 0x00, 0x00, 0x00, 0x00, 0x00, 0x00, 0x00,
  0x00, 0x00, 0x00, 0x00, 0x00, 0x00, 0x00, 0x00, 0x00, 0x00, 0x00, 0x00, 0x00, 0x00, 0x00, 0x00,
  0x00, 0x00, 0x00, 0x00, 0x00, 0x00, 0x00, 0x00, 0x00, 0x00, 0x00, 0x00, 0x00, 0x00, 0x00, 0x00,
  0x00, 0x00, 0x00, 0x00, 0x00, 0x00, 0x00, 0x00, 0x00, 0x00, 0x00, 0x00, 0x00, 0x00, 0x00, 0x00,
  0x00, 0x00, 0x00, 0x00, 0x00, 0x00, 0x00, 0x00, 0x00, 0x00, 0x00, 0x00, 0x00, 0x00, 0x00, 0x00,
  0x00, 0x00, 0x00, 0x00, 0x00, 0x00, 0x00, 0x00, 0x00, 0x00, 0x00, 0x00, 0x00, 0x00, 0x00, 0x00,
  0x00, 0x00, 0x00, 0x00, 0x00, 0x00, 0x00, 0x00, 0x00, 0x00, 0x00, 0x00, 0x00, 0x00, 0x00, 0x00,
  0x00, 0x00, 0x00, 0x00, 0x00, 0x00, 0x00, 0x00, 0x00, 0x00, 0x00, 0x00, 0x00, 0x00, 0x00, 0x00,
  0x00, 0x00, 0x00, 0x00, 0x00, 0x00, 0x00, 0x00, 0x00, 0x00, 0x00, 0x00, 0x00, 0x00, 0x00, 0x00,
  0x00, 0x00, 0x00, 0x00, 0x00, 0x00, 0x00, 0x00, 0x00, 0x00, 0x00, 0x00, 0x00, 0x00, 0x00, 0x00,
  0x00, 0x00, 0x00, 0x00, 0x00, 0x00, 0x00, 0x00, 0x00, 0x00, 0x00, 0x00, 0x00, 0x00, 0x00, 0x00,
  0x00, 0x00, 0x00, 0x00, 0x00, 0x00, 0x00, 0x00, 0x00, 0x00, 0x00, 0x00, 0x00, 0x00, 0x00, 0x00,
  0xd3, 0x00, 0x00, 0x00, 0x07, 0x00, 0x00, 0x00, 0x00, 0x00, 0x00, 0x00, 0x00, 0x00, 0x00, 0x00,
  0x21, 0x04, 0x0d, 0x10, 0x67, 0x70, 0x64, 0x2e, 0x74, 0x61, 0x2e, 0x61, 0x70, 0x70, 0x49, 0x44,
  0x00, 0x4d, 0x1f, 0x07, 0x29, 0xfe, 0x72, 0x4c, 0x41, 0xae, 0x8d, 0x6b, 0x1f, 0xbb, 0x87, 0x54,
  0xb1, 0x19, 0x01, 0x11, 0x04, 0x67, 0x70, 0x64, 0x2e, 0x74, 0x61, 0x2e, 0x73, 0x74, 0x61, 0x63,
  0x6b, 0x53, 0x69, 0x7a, 0x65, 0x00, 0x00, 0x04, 0x00, 0x00, 0x18, 0x01, 0x10, 0x04, 0x67, 0x70,
  0x64, 0x2e, 0x74, 0x61, 0x2e, 0x68, 0x65, 0x61, 0x70, 0x53, 0x69, 0x7a, 0x65, 0x00, 0x00, 0x10,
  0x00, 0x00, 0x17, 0x00, 0x0f, 0x04, 0x67, 0x70, 0x64, 0x2e, 0x74, 0x61, 0x2e, 0x76, 0x65, 0x72,
  0x73, 0x69, 0x6f, 0x6e, 0x00, 0x31, 0x2e, 0x30, 0x00, 0x30, 0x00, 0x13, 0x19, 0x67, 0x70, 0x64,
  0x2e, 0x74, 0x61, 0x2e, 0x64, 0x65, 0x73, 0x63, 0x72, 0x69, 0x70, 0x74, 0x69, 0x6f, 0x6e, 0x00,
  0x41, 0x4d, 0x44, 0x2d, 0x54, 0x45, 0x45, 0x20, 0x49, 0x6e, 0x74, 0x65, 0x72, 0x66, 0x61, 0x63,
  0x65, 0x20, 0x44, 0x72, 0x69, 0x76, 0x65, 0x72, 0x00, 0x18, 0x01, 0x10, 0x04, 0x61, 0x6d, 0x64,
  0x2e, 0x64, 0x72, 0x2e, 0x64, 0x72, 0x69, 0x76, 0x65, 0x72, 0x49, 0x44, 0x00, 0x0b, 0x00, 0x00,
  0x00, 0x12, 0x02, 0x0d, 0x01, 0x61, 0x6d, 0x64, 0x2e, 0x66, 0x77, 0x2e, 0x41, 0x6d, 0x64, 0x46,
  0x77, 0x00, 0x01, 0x00, 0x00, 0x00, 0x00, 0x00, 0x00, 0x00, 0x00, 0x00, 0x00, 0x00, 0x00, 0x00,
  0x00, 0x00, 0x00, 0x00, 0x00, 0x00, 0x00, 0x00, 0x00, 0x00, 0x00, 0x00, 0x00, 0x00, 0x00, 0x00,
  0x00, 0x00, 0x00, 0x00, 0x00, 0x00, 0x00, 0x00, 0x00, 0x00, 0x00, 0x00, 0x00, 0x00, 0x00, 0x00,
  0x00, 0x00, 0x00, 0x00, 0x00, 0x00, 0x00, 0x00, 0x00, 0x00, 0x00, 0x00, 0x00, 0x00, 0x00, 0x00,
  0x00, 0x00, 0x00, 0x00, 0x00, 0x00, 0x00, 0x00, 0x00, 0x00, 0x00, 0x00, 0x00, 0x00, 0x00, 0x00,
  0x00, 0x00, 0x00, 0x00, 0x00, 0x00, 0x00, 0x00, 0x00, 0x00, 0x00, 0x00, 0x00, 0x00, 0x00, 0x00,
  0x00, 0x00, 0x00, 0x00, 0x00, 0x00, 0x00, 0x00, 0x00, 0x00, 0x00, 0x00, 0x00, 0x00, 0x00, 0x00,
  0x00, 0x00, 0x00, 0x00, 0x00, 0x00, 0x00, 0x00, 0x00, 0x00, 0x00, 0x00, 0x00, 0x00, 0x00, 0x00,
  0x00, 0x00, 0x00, 0x00, 0x00, 0x00, 0x00, 0x00, 0x00, 0x00, 0x00, 0x00, 0x00, 0x00, 0x00, 0x00,
  0x00, 0x00, 0x00, 0x00, 0x00, 0x00, 0x00, 0x00, 0x00, 0x00, 0x00, 0x00, 0x00, 0x00, 0x00, 0x00,
  0x00, 0x00, 0x00, 0x00, 0x00, 0x00, 0x00, 0x00, 0x00, 0x00, 0x00, 0x00, 0x00, 0x00, 0x00, 0x00,
  0x00, 0x00, 0x00, 0x00, 0x00, 0x00, 0x00, 0x00, 0x00, 0x00, 0x00, 0x00, 0x00, 0x00, 0x00, 0x00,
  0x00, 0x00, 0x00, 0x00, 0x00, 0x00, 0x00, 0x00, 0x00, 0x00, 0x00, 0x00, 0x00, 0x00, 0x00, 0x00,
  0x00, 0x00, 0x00, 0x00, 0x00, 0x00, 0x00, 0x00, 0x00, 0x00, 0x00, 0x00, 0x00, 0x00, 0x00, 0x00,
  0x00, 0x00, 0x00, 0x00, 0x00, 0x00, 0x00, 0x00, 0x00, 0x00, 0x00, 0x00, 0x00, 0x00, 0x00, 0x00,
  0x00, 0x00, 0x00, 0x00, 0x00, 0x00, 0x00, 0x00, 0x00, 0x00, 0x00, 0x00, 0x00, 0x00, 0x00, 0x00,
  0x00, 0x00, 0x00, 0x00, 0x00, 0x00, 0x00, 0x00, 0x00, 0x00, 0x00, 0x00, 0x00, 0x00, 0x00, 0x00,
  0x00, 0x00, 0x00, 0x00, 0x00, 0x00, 0x00, 0x00, 0x00, 0x00, 0x00, 0x00, 0x00, 0x00, 0x00, 0x00,
  0x00, 0x00, 0x00, 0x00, 0x00, 0x00, 0x00, 0x00, 0x00, 0x00, 0x00, 0x00, 0x00, 0x00, 0x00, 0x00,
  0x00, 0x00, 0x00, 0x00, 0x00, 0x00, 0x00, 0x00, 0x00, 0x00, 0x00, 0x00, 0x00, 0x00, 0x00, 0x00,
  0x00, 0x00, 0x00, 0x00, 0x00, 0x00, 0x00, 0x00, 0x00, 0x00, 0x00, 0x00, 0x00, 0x00, 0x00, 0x00,
  0x00, 0x00, 0x00, 0x00, 0x00, 0x00, 0x00, 0x00, 0x00, 0x00, 0x00, 0x00, 0x00, 0x00, 0x00, 0x00,
  0x00, 0x00, 0x00, 0x00, 0x00, 0x00, 0x00, 0x00, 0x00, 0x00, 0x00, 0x00, 0x00, 0x00, 0x00, 0x00,
  0x00, 0x00, 0x00, 0x00, 0x00, 0x00, 0x00, 0x00, 0x00, 0x00, 0x00, 0x00, 0x00, 0x00, 0x00, 0x00,
  0x00, 0x00, 0x00, 0x00, 0x00, 0x00, 0x00, 0x00, 0x00, 0x00, 0x00, 0x00, 0x00, 0x00, 0x00, 0x00,
  0x00, 0x00, 0x00, 0x00, 0x00, 0x00, 0x00, 0x00, 0x00, 0x00, 0x00, 0x00, 0x00, 0x00, 0x00, 0x00,
  0x00, 0x00, 0x00, 0x00, 0x00, 0x00, 0x00, 0x00, 0x00, 0x00, 0x00, 0x00, 0x00, 0x00, 0x00, 0x00,
  0x00, 0x00, 0x00, 0x00, 0x00, 0x00, 0x00, 0x00, 0x00, 0x00, 0x00, 0x00, 0x00, 0x00, 0x00, 0x00,
  0x00, 0x00, 0x00, 0x00, 0x00, 0x00, 0x00, 0x00, 0x00, 0x00, 0x00, 0x00, 0x00, 0x00, 0x00, 0x00,
  0x00, 0x00, 0x00, 0x00, 0x00, 0x00, 0x00, 0x00, 0x00, 0x00, 0x00, 0x00, 0x00, 0x00, 0x00, 0x00,
  0x00, 0x00, 0x00, 0x00, 0x00, 0x00, 0x00, 0x00, 0x00, 0x00, 0x00, 0x00, 0x00, 0x00, 0x00, 0x00,
  0x00, 0x00, 0x00, 0x00, 0x00, 0x00, 0x00, 0x00, 0x00, 0x00, 0x00, 0x00, 0x00, 0x00, 0x00, 0x00,
  0x00, 0x00, 0x00, 0x00, 0x00, 0x00, 0x00, 0x00, 0x00, 0x00, 0x00, 0x00, 0x00, 0x00, 0x00, 0x00,
  0x00, 0x00, 0x00, 0x00, 0x00, 0x00, 0x00, 0x00, 0x00, 0x00, 0x00, 0x00, 0x00, 0x00, 0x00, 0x00,
  0x00, 0x00, 0x00, 0x00, 0x00, 0x00, 0x00, 0x00, 0x00, 0x00, 0x00, 0x00, 0x00, 0x00, 0x00, 0x00,
  0x00, 0x00, 0x00, 0x00, 0x00, 0x00, 0x00, 0x00, 0x00, 0x00, 0x00, 0x00, 0x00, 0x00, 0x00, 0x00,
  0x00, 0x00, 0x00, 0x00, 0x00, 0x00, 0x00, 0x00, 0x00, 0x00, 0x00, 0x00, 0x00, 0x00, 0x00, 0x00,
  0x00, 0x00, 0x00, 0x00, 0x00, 0x00, 0x00, 0x00, 0x00, 0x00, 0x00, 0x00, 0x00, 0x00, 0x00, 0x00,
  0x00, 0x00, 0x00, 0x00, 0x00, 0x00, 0x00, 0x00, 0x00, 0x00, 0x00, 0x00, 0x00, 0x00, 0x00, 0x00,
  0x00, 0x00, 0x00, 0x00, 0x00, 0x00, 0x00, 0x00, 0x00, 0x00, 0x00, 0x00, 0x00, 0x00, 0x00, 0x00,
  0x00, 0x00, 0x00, 0x00, 0x00, 0x00, 0x00, 0x00, 0x00, 0x00, 0x00, 0x00, 0x00, 0x00, 0x00, 0x00,
  0x00, 0x00, 0x00, 0x00, 0x00, 0x00, 0x00, 0x00, 0x00, 0x00, 0x00, 0x00, 0x00, 0x00, 0x00, 0x00,
  0x00, 0x00, 0x00, 0x00, 0x00, 0x00, 0x00, 0x00, 0x00, 0x00, 0x00, 0x00, 0x00, 0x00, 0x00, 0x00,
  0x00, 0x00, 0x00, 0x00, 0x00, 0x00, 0x00, 0x00, 0x00, 0x00, 0x00, 0x00, 0x00, 0x00, 0x00, 0x00,
  0x00, 0x00, 0x00, 0x00, 0x00, 0x00, 0x00, 0x00, 0x00, 0x00, 0x00, 0x00, 0x00, 0x00, 0x00, 0x00,
  0x00, 0x00, 0x00, 0x00, 0x00, 0x00, 0x00, 0x00, 0x00, 0x00, 0x00, 0x00, 0x00, 0x00, 0x00, 0x00,
  0x00, 0x00, 0x00, 0x00, 0x00, 0x00, 0x00, 0x00, 0x00, 0x00, 0x00, 0x00, 0x00, 0x00, 0x00, 0x00,
  0x00, 0x00, 0x00, 0x00, 0x00, 0x00, 0x00, 0x00, 0x00, 0x00, 0x00, 0x00, 0x00, 0x00, 0x00, 0x00,
  0x00, 0x00, 0x00, 0x00, 0x00, 0x00, 0x00, 0x00, 0x00, 0x00, 0x00, 0x00, 0x00, 0x00, 0x00, 0x00,
  0x00, 0x00, 0x00, 0x00, 0x00, 0x00, 0x00, 0x00, 0x00, 0x00, 0x00, 0x00, 0x00, 0x00, 0x00, 0x00,
  0x00, 0x00, 0x00, 0x00, 0x00, 0x00, 0x00, 0x00, 0x00, 0x00, 0x00, 0x00, 0x00, 0x00, 0x00, 0x00,
  0x00, 0x00, 0x00, 0x00, 0x00, 0x00, 0x00, 0x00, 0x00, 0x00, 0x00, 0x00, 0x00, 0x00, 0x00, 0x00,
  0x00, 0x00, 0x00, 0x00, 0x00, 0x00, 0x00, 0x00, 0x00, 0x00, 0x00, 0x00, 0x00, 0x00, 0x00, 0x00,
  0x00, 0x00, 0x00, 0x00, 0x00, 0x00, 0x00, 0x00, 0x00, 0x00, 0x00, 0x00, 0x00, 0x00, 0x00, 0x00,
  0x00, 0x00, 0x00, 0x00, 0x00, 0x00, 0x00, 0x00, 0x00, 0x00, 0x00, 0x00, 0x00, 0x00, 0x00, 0x00,
  0x00, 0x00, 0x00, 0x00, 0x00, 0x00, 0x00, 0x00, 0x00, 0x00, 0x00, 0x00, 0x00, 0x00, 0x00, 0x00,
  0x00, 0x00, 0x00, 0x00, 0x00, 0x00, 0x00, 0x00, 0x00, 0x00, 0x00, 0x00, 0x00, 0x00, 0x00, 0x00,
  0x00, 0x00, 0x00, 0x00, 0x00, 0x00, 0x00, 0x00, 0x00, 0x00, 0x00, 0x00, 0x00, 0x00, 0x00, 0x00,
  0x00, 0x00, 0x00, 0x00, 0x00, 0x00, 0x00, 0x00, 0x00, 0x00, 0x00, 0x00, 0x00, 0x00, 0x00, 0x00,
  0x00, 0x00, 0x00, 0x00, 0x00, 0x00, 0x00, 0x00, 0x00, 0x00, 0x00, 0x00, 0x00, 0x00, 0x00, 0x00,
  0x00, 0x00, 0x00, 0x00, 0x00, 0x00, 0x00, 0x00, 0x00, 0x00, 0x00, 0x00, 0x00, 0x00, 0x00, 0x00,
  0x00, 0x00, 0x00, 0x00, 0x00, 0x00, 0x00, 0x00, 0x00, 0x00, 0x00, 0x00, 0x00, 0x00, 0x00, 0x00,
  0x00, 0x00, 0x00, 0x00, 0x00, 0x00, 0x00, 0x00, 0x00, 0x00, 0x00, 0x00, 0x00, 0x00, 0x00, 0x00,
  0x00, 0x00, 0x00, 0x00, 0x00, 0x00, 0x00, 0x00, 0x00, 0x00, 0x00, 0x00, 0x00, 0x00, 0x00, 0x00,
  0x00, 0x00, 0x00, 0x00, 0x00, 0x00, 0x00, 0x00, 0x00, 0x00, 0x00, 0x00, 0x00, 0x00, 0x00, 0x00,
  0x00, 0x00, 0x00, 0x00, 0x00, 0x00, 0x00, 0x00, 0x00, 0x00, 0x00, 0x00, 0x00, 0x00, 0x00, 0x00,
  0x00, 0x00, 0x00, 0x00, 0x00, 0x00, 0x00, 0x00, 0x00, 0x00, 0x00, 0x00, 0x00, 0x00, 0x00, 0x00,
  0x00, 0x00, 0x00, 0x00, 0x00, 0x00, 0x00, 0x00, 0x00, 0x00, 0x00, 0x00, 0x00, 0x00, 0x00, 0x00,
  0x00, 0x00, 0x00, 0x00, 0x00, 0x00, 0x00, 0x00, 0x00, 0x00, 0x00, 0x00, 0x00, 0x00, 0x00, 0x00,
  0x00, 0x00, 0x00, 0x00, 0x00, 0x00, 0x00, 0x00, 0x00, 0x00, 0x00, 0x00, 0x00, 0x00, 0x00, 0x00,
  0x00, 0x00, 0x00, 0x00, 0x00, 0x00, 0x00, 0x00, 0x00, 0x00, 0x00, 0x00, 0x00, 0x00, 0x00, 0x00,
  0x00, 0x00, 0x00, 0x00, 0x00, 0x00, 0x00, 0x00, 0x00, 0x00, 0x00, 0x00, 0x00, 0x00, 0x00, 0x00,
  0x00, 0x00, 0x00, 0x00, 0x00, 0x00, 0x00, 0x00, 0x00, 0x00, 0x00, 0x00, 0x00, 0x00, 0x00, 0x00,
  0x00, 0x00, 0x00, 0x00, 0x00, 0x00, 0x00, 0x00, 0x00, 0x00, 0x00, 0x00, 0x00, 0x00, 0x00, 0x00,
  0x00, 0x00, 0x00, 0x00, 0x00, 0x00, 0x00, 0x00, 0x00, 0x00, 0x00, 0x00, 0x00, 0x00, 0x00, 0x00,
  0x00, 0x00, 0x00, 0x00, 0x00, 0x00, 0x00, 0x00, 0x00, 0x00, 0x00, 0x00, 0x00, 0x00, 0x00, 0x00,
  0x00, 0x00, 0x00, 0x00, 0x00, 0x00, 0x00, 0x00, 0x00, 0x00, 0x00, 0x00, 0x00, 0x00, 0x00, 0x00,
  0x00, 0x00, 0x00, 0x00, 0x00, 0x00, 0x00, 0x00, 0x00, 0x00, 0x00, 0x00, 0x00, 0x00, 0x00, 0x00,
  0x00, 0x00, 0x00, 0x00, 0x00, 0x00, 0x00, 0x00, 0x00, 0x00, 0x00, 0x00, 0x00, 0x00, 0x00, 0x00,
  0x00, 0x00, 0x00, 0x00, 0x00, 0x00, 0x00, 0x00, 0x00, 0x00, 0x00, 0x00, 0x00, 0x00, 0x00, 0x00,
  0x00, 0x00, 0x00, 0x00, 0x00, 0x00, 0x00, 0x00, 0x00, 0x00, 0x00, 0x00, 0x00, 0x00, 0x00, 0x00,
  0x00, 0x00, 0x00, 0x00, 0x00, 0x00, 0x00, 0x00, 0x00, 0x00, 0x00, 0x00, 0x00, 0x00, 0x00, 0x00,
  0x00, 0x00, 0x00, 0x00, 0x00, 0x00, 0x00, 0x00, 0x00, 0x00, 0x00, 0x00, 0x00, 0x00, 0x00, 0x00,
  0x00, 0x00, 0x00, 0x00, 0x00, 0x00, 0x00, 0x00, 0x00, 0x00, 0x00, 0x00, 0x00, 0x00, 0x00, 0x00,
  0x00, 0x00, 0x00, 0x00, 0x00, 0x00, 0x00, 0x00, 0x00, 0x00, 0x00, 0x00, 0x00, 0x00, 0x00, 0x00,
  0x00, 0x00, 0x00, 0x00, 0x00, 0x00, 0x00, 0x00, 0x00, 0x00, 0x00, 0x00, 0x00, 0x00, 0x00, 0x00,
  0x00, 0x00, 0x00, 0x00, 0x00, 0x00, 0x00, 0x00, 0x00, 0x00, 0x00, 0x00, 0x00, 0x00, 0x00, 0x00,
  0x00, 0x00, 0x00, 0x00, 0x00, 0x00, 0x00, 0x00, 0x00, 0x00, 0x00, 0x00, 0x00, 0x00, 0x00, 0x00,
  0x00, 0x00, 0x00, 0x00, 0x00, 0x00, 0x00, 0x00, 0x00, 0x00, 0x00, 0x00, 0x00, 0x00, 0x00, 0x00,
  0x00, 0x00, 0x00, 0x00, 0x00, 0x00, 0x00, 0x00, 0x00, 0x00, 0x00, 0x00, 0x00, 0x00, 0x00, 0x00,
  0x00, 0x00, 0x00, 0x00, 0x00, 0x00, 0x00, 0x00, 0x00, 0x00, 0x00, 0x00, 0x00, 0x00, 0x00, 0x00,
  0x00, 0x00, 0x00, 0x00, 0x00, 0x00, 0x00, 0x00, 0x00, 0x00, 0x00, 0x00, 0x00, 0x00, 0x00, 0x00,
  0x00, 0x00, 0x00, 0x00, 0x00, 0x00, 0x00, 0x00, 0x00, 0x00, 0x00, 0x00, 0x00, 0x00, 0x00, 0x00,
  0x00, 0x00, 0x00, 0x00, 0x00, 0x00, 0x00, 0x00, 0x00, 0x00, 0x00, 0x00, 0x00, 0x00, 0x00, 0x00,
  0x00, 0x00, 0x00, 0x00, 0x00, 0x00, 0x00, 0x00, 0x00, 0x00, 0x00, 0x00, 0x00, 0x00, 0x00, 0x00,
  0x00, 0x00, 0x00, 0x00, 0x00, 0x00, 0x00, 0x00, 0x00, 0x00, 0x00, 0x00, 0x00, 0x00, 0x00, 0x00,
  0x00, 0x00, 0x00, 0x00, 0x00, 0x00, 0x00, 0x00, 0x00, 0x00, 0x00, 0x00, 0x00, 0x00, 0x00, 0x00,
  0x00, 0x00, 0x00, 0x00, 0x00, 0x00, 0x00, 0x00, 0x00, 0x00, 0x00, 0x00, 0x00, 0x00, 0x00, 0x00,
  0x00, 0x00, 0x00, 0x00, 0x00, 0x00, 0x00, 0x00, 0x00, 0x00, 0x00, 0x00, 0x00, 0x00, 0x00, 0x00,
  0x00, 0x00, 0x00, 0x00, 0x00, 0x00, 0x00, 0x00, 0x00, 0x00, 0x00, 0x00, 0x00, 0x00, 0x00, 0x00,
  0x00, 0x00, 0x00, 0x00, 0x00, 0x00, 0x00, 0x00, 0x00, 0x00, 0x00, 0x00, 0x00, 0x00, 0x00, 0x00,
  0x00, 0x00, 0x00, 0x00, 0x00, 0x00, 0x00, 0x00, 0x00, 0x00, 0x00, 0x00, 0x00, 0x00, 0x00, 0x00,
  0x00, 0x00, 0x00, 0x00, 0x00, 0x00, 0x00, 0x00, 0x00, 0x00, 0x00, 0x00, 0x00, 0x00, 0x00, 0x00,
  0x00, 0x00, 0x00, 0x00, 0x00, 0x00, 0x00, 0x00, 0x00, 0x00, 0x00, 0x00, 0x00, 0x00, 0x00, 0x00,
  0x00, 0x00, 0x00, 0x00, 0x00, 0x00, 0x00, 0x00, 0x00, 0x00, 0x00, 0x00, 0x00, 0x00, 0x00, 0x00,
  0x00, 0x00, 0x00, 0x00, 0x00, 0x00, 0x00, 0x00, 0x00, 0x00, 0x00, 0x00, 0x00, 0x00, 0x00, 0x00,
  0x00, 0x00, 0x00, 0x00, 0x00, 0x00, 0x00, 0x00, 0x00, 0x00, 0x00, 0x00, 0x00, 0x00, 0x00, 0x00,
  0x00, 0x00, 0x00, 0x00, 0x00, 0x00, 0x00, 0x00, 0x00, 0x00, 0x00, 0x00, 0x00, 0x00, 0x00, 0x00,
  0x00, 0x00, 0x00, 0x00, 0x00, 0x00, 0x00, 0x00, 0x00, 0x00, 0x00, 0x00, 0x00, 0x00, 0x00, 0x00,
  0x00, 0x00, 0x00, 0x00, 0x00, 0x00, 0x00, 0x00, 0x00, 0x00, 0x00, 0x00, 0x00, 0x00, 0x00, 0x00,
  0x00, 0x00, 0x00, 0x00, 0x00, 0x00, 0x00, 0x00, 0x00, 0x00, 0x00, 0x00, 0x00, 0x00, 0x00, 0x00,
  0x00, 0x00, 0x00, 0x00, 0x00, 0x00, 0x00, 0x00, 0x00, 0x00, 0x00, 0x00, 0x00, 0x00, 0x00, 0x00,
  0x00, 0x00, 0x00, 0x00, 0x00, 0x00, 0x00, 0x00, 0x00, 0x00, 0x00, 0x00, 0x00, 0x00, 0x00, 0x00,
  0x00, 0x00, 0x00, 0x00, 0x00, 0x00, 0x00, 0x00, 0x00, 0x00, 0x00, 0x00, 0x00, 0x00, 0x00, 0x00,
  0x00, 0x00, 0x00, 0x00, 0x00, 0x00, 0x00, 0x00, 0x00, 0x00, 0x00, 0x00, 0x00, 0x00, 0x00, 0x00,
  0x40, 0xea, 0x01, 0x03, 0x10, 0xb5, 0x9b, 0x07, 0x0f, 0xd1, 0x04, 0x2a, 0x0d, 0xd3, 0x10, 0xc8,
  0x08, 0xc9, 0x12, 0x1f, 0x9c, 0x42, 0xf8, 0xd0, 0x20, 0xba, 0x19, 0xba, 0x88, 0x42, 0x01, 0xd9,
  0x01, 0x20, 0x10, 0xbd, 0x4f, 0xf0, 0xff, 0x30, 0x10, 0xbd, 0x1a, 0xb1, 0xd3, 0x07, 0x03, 0xd0,
  0x52, 0x1c, 0x07, 0xe0, 0x00, 0x20, 0x10, 0xbd, 0x10, 0xf8, 0x01, 0x3b, 0x11, 0xf8, 0x01, 0x4b,
  0x1b, 0x1b, 0x07, 0xd1, 0x10, 0xf8, 0x01, 0x3b, 0x11, 0xf8, 0x01, 0x4b, 0x1b, 0x1b, 0x01, 0xd1,
  0x92, 0x1e, 0xf1, 0xd1, 0x18, 0x46, 0x10, 0xbd, 0x03, 0x00, 0x52, 0xe3, 0x17, 0x00, 0x00, 0x9a,
  0x03, 0xc0, 0x10, 0xe2, 0x08, 0x00, 0x00, 0x0a, 0x01, 0x30, 0xd1, 0xe4, 0x02, 0x00, 0x5c, 0xe3,
  0x0c, 0x20, 0x82, 0xe0, 0x01, 0xc0, 0xd1, 0x94, 0x01, 0x30, 0xc0, 0xe4, 0x01, 0x30, 0xd1, 0x34,
  0x01, 0xc0, 0xc0, 0x94, 0x04, 0x20, 0x42, 0xe2, 0x01, 0x30, 0xc0, 0x34, 0x03, 0x30, 0x11, 0xe2,
  0x12, 0x00, 0x00, 0x0a, 0x08, 0x20, 0x52, 0xe2, 0x04, 0x00, 0x00, 0x3a, 0x04, 0x30, 0x91, 0xe4,
  0x08, 0x20, 0x52, 0xe2, 0x04, 0xc0, 0x91, 0xe4, 0x08, 0x10, 0xa0, 0xe8, 0xf9, 0xff, 0xff, 0xea,
  0x04, 0x20, 0x92, 0xe2, 0x04, 0x30, 0x91, 0x54, 0x04, 0x30, 0x80, 0x54, 0x00, 0x00, 0xa0, 0xe1,
  0x82, 0x2f, 0xb0, 0xe1, 0x01, 0x30, 0xd1, 0x24, 0x01, 0xc0, 0xd1, 0x24, 0x01, 0x20, 0xd1, 0x44,
  0x01, 0x30, 0xc0, 0x24, 0x01, 0xc0, 0xc0, 0x24, 0x01, 0x20, 0xc0, 0x44, 0x1e, 0xff, 0x2f, 0xe1,
  0x10, 0x40, 0x2d, 0xe9, 0x20, 0x20, 0x52, 0xe2, 0x05, 0x00, 0x00, 0x3a, 0x18, 0x50, 0xb1, 0xe8,
  0x20, 0x20, 0x52, 0xe2, 0x18, 0x50, 0xa0, 0xe8, 0x18, 0x50, 0xb1, 0xe8, 0x18, 0x50, 0xa0, 0xe8,
  0xf9, 0xff, 0xff, 0x2a, 0x02, 0xce, 0xb0, 0xe1, 0x18, 0x50, 0xb1, 0x28, 0x18, 0x50, 0xa0, 0x28,
  0x18, 0x00, 0xb1, 0x48, 0x18, 0x00, 0xa0, 0x48, 0x10, 0x40, 0xbd, 0xe8, 0x02, 0xcf, 0xb0, 0xe1,
  0x04, 0x30, 0x91, 0x24, 0x04, 0x30, 0x80, 0x24, 0x1e, 0xff, 0x2f, 0x01, 0x82, 0x2f, 0xb0, 0xe1,
  0xb2, 0x30, 0xd1, 0x20, 0x01, 0x20, 0xd1, 0x44, 0xb2, 0x30, 0xc0, 0x20, 0x01, 0x20, 0xc0, 0x44,
  0x1e, 0xff, 0x2f, 0xe1, 0x01, 0x30, 0x50, 0xe0, 0x03, 0x00, 0x52, 0x21, 0xe3, 0xff, 0xff, 0x9a,
  0x02, 0x00, 0x80, 0xe0, 0x03, 0x00, 0x10, 0xe3, 0x02, 0x10, 0x81, 0xe0, 0x01, 0x20, 0x42, 0x12,
  0x01, 0x30, 0x71, 0x15, 0x01, 0x30, 0x60, 0x15, 0x03, 0x00, 0x10, 0xe3, 0xfa, 0xff, 0xff, 0x1a,
  0x10, 0x20, 0x52, 0xe2, 0x05, 0x00, 0x00, 0x3a, 0x10, 0x40, 0x2d, 0xe9, 0x18, 0x50, 0x31, 0xe9,
  0x10, 0x20, 0x52, 0xe2, 0x18, 0x50, 0x20, 0xe9, 0xfb, 0xff, 0xff, 0x2a, 0x10, 0x40, 0xbd, 0xe8,
  0x82, 0x3e, 0xb0, 0xe1, 0x08, 0x10, 0x31, 0x29, 0x08, 0x10, 0x20, 0x29, 0x04, 0x30, 0x31, 0x45,
  0x04, 0x30, 0x20, 0x45, 0x03, 0x00, 0x12, 0xe3, 0x1e, 0xff, 0x2f, 0x01, 0x82, 0x2f, 0xb0, 0xe1,
  0xb2, 0x30, 0x71, 0x21, 0x01, 0x20, 0x51, 0x45, 0xb2, 0x30, 0x60, 0x21, 0x01, 0x20, 0x40, 0x45,
  0x1e, 0xff, 0x2f, 0xe1, 0x4f, 0xf0, 0x00, 0x02, 0x00, 0xb5, 0x13, 0x46, 0x94, 0x46, 0x96, 0x46,
  0x20, 0x39, 0x22, 0xbf, 0xa0, 0xe8, 0x0c, 0x50, 0xa0, 0xe8, 0x0c, 0x50, 0xb1, 0xf1, 0x20, 0x01,
  0xbf, 0xf4, 0xf7, 0xaf, 0x09, 0x07, 0x28, 0xbf, 0xa0, 0xe8, 0x0c, 0x50, 0x48, 0xbf, 0x0c, 0xc0,
  0x5d, 0xf8, 0x04, 0xeb, 0x89, 0x00, 0x28, 0xbf, 0x40, 0xf8, 0x04, 0x2b, 0x08, 0xbf, 0x70, 0x47,
  0x48, 0xbf, 0x20, 0xf8, 0x02, 0x2b, 0x11, 0xf0, 0x80, 0x4f, 0x18, 0xbf, 0x00, 0xf8, 0x01, 0x2b,
  0x70, 0x47, 0x00, 0x00, 0x9e, 0xb0, 0x00, 0x24, 0x68, 0x46, 0x78, 0x21, 0xff, 0xf7, 0xd2, 0xff,
  0x01, 0x21, 0x68, 0x46, 0xf2, 0xdf, 0x10, 0xb1, 0x04, 0x49, 0x00, 0x20, 0x08, 0x60, 0x20, 0x46,
  0xf3, 0xdf, 0x68, 0x46, 0x00, 0xf0, 0xc6, 0xfb, 0x04, 0x46, 0xf8, 0xe7, 0xef, 0xbe, 0xad, 0xde,
  0x10, 0xc0, 0x9f, 0xe5, 0x3c, 0xff, 0x2f, 0xe1, 0xfe, 0xff, 0xff, 0xea, 0x33, 0x33, 0x33, 0x33,
  0x04, 0x00, 0x9f, 0xe5, 0x00, 0x10, 0x90, 0xe5, 0x15, 0x12, 0xd0, 0x00, 0xef, 0xbe, 0xad, 0xde,
  0x11, 0x4a, 0xf0, 0xb5, 0x15, 0x68, 0x12, 0x4f, 0x05, 0xf5, 0xd0, 0x66, 0x81, 0x60, 0x02, 0x21,
  0x41, 0x60, 0x05, 0xf2, 0x44, 0x55, 0x0d, 0x4c, 0x38, 0x68, 0x94, 0xdf, 0x28, 0x69, 0x62, 0x68,
  0x11, 0x18, 0x49, 0x68, 0x02, 0x29, 0x08, 0xd1, 0xa1, 0x68, 0x00, 0xf5, 0x80, 0x60, 0x81, 0x42,
  0x00, 0xd8, 0x00, 0x20, 0xe1, 0x68, 0x81, 0x42, 0xf2, 0xd1, 0x28, 0x61, 0x00, 0x20, 0x30, 0x60,
  0x38, 0x68, 0x95, 0xdf, 0xf0, 0xbd, 0x00, 0x00, 0x34, 0x70, 0xd0, 0x00, 0x1c, 0x08, 0xd1, 0x00,
  0x58, 0x70, 0xd0, 0x00, 0x70, 0xb5, 0x0b, 0x4c, 0x01, 0x46, 0x00, 0x25, 0x20, 0x68, 0x20, 0x28,
  0x01, 0xd3, 0x32, 0x20, 0x70, 0xbd, 0x00, 0xeb, 0x40, 0x02, 0x02, 0xeb, 0xc0, 0x00, 0x58, 0x22,
  0x04, 0xeb, 0xc0, 0x00, 0x00, 0x1d, 0xff, 0xf7, 0x04, 0xef, 0x20, 0x68, 0x40, 0x1c, 0x20, 0x60,
  0x28, 0x46, 0x70, 0xbd, 0x18, 0xfd, 0xd0, 0x00, 0xf0, 0xb5, 0x0f, 0x4d, 0x0b, 0x24, 0x07, 0x46,
  0x0e, 0x46, 0x28, 0x68, 0x94, 0xdf, 0x0d, 0x49, 0x00, 0x20, 0x01, 0xeb, 0xc0, 0x02, 0x52, 0x78,
  0x32, 0xb1, 0x40, 0x1c, 0x40, 0x28, 0xf8, 0xd3, 0x28, 0x68, 0x95, 0xdf, 0x20, 0x46, 0xf0, 0xbd,
  0x01, 0xeb, 0xc0, 0x02, 0x01, 0x23, 0x53, 0x70, 0x01, 0xf8, 0x30, 0x70, 0x00, 0x21, 0x51, 0x60,
  0x0c, 0x46, 0x30, 0x60, 0xf0, 0xe7, 0x00, 0x00, 0x58, 0x70, 0xd0, 0x00, 0x30, 0x0e, 0xd1, 0x00,
  0x3c, 0x20, 0x96, 0xdf, 0x0a, 0x4c, 0xa0, 0x61, 0x41, 0x20, 0x96, 0xdf, 0xe0, 0x61, 0x00, 0x20,
  0x03, 0xf0, 0x8e, 0xf8, 0x03, 0xf0, 0xba, 0xf9, 0x4f, 0xf0, 0xff, 0x35, 0xd4, 0xe9, 0x06, 0x01,
  0x2a, 0x46, 0x2b, 0x46, 0x98, 0xdf, 0x03, 0xf0, 0x11, 0xfe, 0x04, 0xf0, 0x4f, 0xfd, 0xf5, 0xe7,
  0x20, 0x70, 0xd0, 0x00, 0x2d, 0xe9, 0xf0, 0x4f, 0x97, 0xb0, 0x06, 0x46, 0x20, 0x2e, 0x99, 0x46,
  0x14, 0x46, 0x8a, 0x46, 0xdd, 0xe9, 0x20, 0x0b, 0xdd, 0xf8, 0x88, 0x80, 0x03, 0xd3, 0x04, 0x20,
  0x17, 0xb0, 0xbd, 0xe8, 0xf0, 0x8f, 0x06, 0xeb, 0x46, 0x01, 0x01, 0xeb, 0x06, 0x12, 0x2c, 0x49,
  0x01, 0xeb, 0xc2, 0x05, 0x95, 0xf8, 0x7c, 0x10, 0x09, 0xb1, 0x54, 0x20, 0xf0, 0xe7, 0xff, 0x28,
  0x16, 0xd0, 0x00, 0x27, 0xcd, 0xf8, 0x40, 0x90, 0x4f, 0xf0, 0x00, 0x09, 0x8d, 0xf8, 0x00, 0x60,
  0x8d, 0xf8, 0x44, 0x00, 0xcd, 0xf8, 0x50, 0x90, 0x23, 0x98, 0x01, 0x94, 0x15, 0x90, 0x4f, 0xf6,
  0xfe, 0x70, 0xc4, 0x42, 0xcd, 0xe9, 0x12, 0xb9, 0x06, 0xd1, 0xcd, 0xf8, 0x50, 0x80, 0x05, 0xe0,
  0xab, 0xdf, 0x01, 0x27, 0xc0, 0xb2, 0xe5, 0xe7, 0xcd, 0xf8, 0x4c, 0x80, 0xba, 0xf1, 0x00, 0x01,
  0x02, 0xa8, 0x03, 0xd0, 0x38, 0x22, 0xff, 0xf7, 0x7c, 0xee, 0x02, 0xe0, 0x38, 0x21, 0xff, 0xf7,
  0xe9, 0xfe, 0xdf, 0xf8, 0x50, 0x80, 0xd8, 0xf8, 0x00, 0x00, 0x94, 0xdf, 0x95, 0xf8, 0x7e, 0x00,
  0x00, 0x28, 0x68, 0x46, 0x08, 0xd0, 0xff, 0xf7, 0x55, 0xff, 0x04, 0x46, 0xd8, 0xf8, 0x00, 0x00,
  0x95, 0xdf, 0x97, 0xb1, 0x1c, 0xb1, 0x0d, 0xe0, 0x01, 0xf0, 0x58, 0xfa, 0xf5, 0xe7, 0x4f, 0xf0,
  0xff, 0x30, 0x91, 0xdf, 0xec, 0x6e, 0x54, 0x2c, 0x02, 0xd1, 0x01, 0x20, 0x85, 0xf8, 0x7c, 0x00,
  0x85, 0xf8, 0x70, 0x90, 0x30, 0x46, 0x00, 0xf0, 0x93, 0xf9, 0x20, 0x46, 0xa0, 0xe7, 0x00, 0x00,
  0x00, 0x80, 0xd0, 0x00, 0x4c, 0x70, 0xd0, 0x00, 0x2d, 0xe9, 0xff, 0x4f, 0x9f, 0xb0, 0x06, 0x46,
  0xff, 0x20, 0x9b, 0x46, 0x40, 0x21, 0x92, 0x46, 0xdd, 0xf8, 0xb0, 0x90, 0x4f, 0xf0, 0xff, 0x35,
  0x8d, 0xf8, 0x4c, 0x00, 0x00, 0x20, 0x1e, 0x90, 0x54, 0x48, 0x00, 0x68, 0x00, 0xf5, 0x20, 0x67,
  0x00, 0xf6, 0x94, 0x28, 0x03, 0xa8, 0xff, 0xf7, 0xa5, 0xfe, 0x9a, 0xf8, 0x00, 0x10, 0x00, 0x24,
  0x06, 0xeb, 0x44, 0x10, 0x90, 0xf8, 0x30, 0x20, 0x8a, 0x42, 0x01, 0xd1, 0x25, 0x46, 0x06, 0xe0,
  0x90, 0xf8, 0x30, 0x00, 0xff, 0x28, 0x02, 0xd0, 0x64, 0x1c, 0x30, 0x2c, 0xf0, 0xd3, 0x68, 0x1c,
  0x7e, 0xd0, 0x01, 0x21, 0xcb, 0xf8, 0x00, 0x10, 0x20, 0x98, 0x01, 0x28, 0x13, 0xd0, 0xa9, 0xf5,
  0x7f, 0x42, 0xff, 0x3a, 0x0c, 0xd0, 0x08, 0xf1, 0x08, 0x08, 0xd8, 0xf8, 0x00, 0x70, 0x06, 0xeb,
  0x45, 0x10, 0xda, 0xf8, 0x08, 0x20, 0xc2, 0x62, 0x80, 0xf8, 0x32, 0x10, 0x2d, 0xb1, 0x66, 0xe0,
  0x10, 0x37, 0xb8, 0x46, 0xf1, 0xe7, 0x08, 0x37, 0xfb, 0xe7, 0xdf, 0xf8, 0xe4, 0xb0, 0x06, 0xf1,
  0x14, 0x04, 0x57, 0xe0, 0x20, 0x68, 0x03, 0x90, 0x60, 0x68, 0x04, 0x90, 0xa0, 0x68, 0x06, 0x90,
  0xe0, 0x68, 0x07, 0x90, 0x20, 0x69, 0x08, 0x90, 0x20, 0x7d, 0x8d, 0xf8, 0x2c, 0x00, 0x60, 0x7f,
  0xff, 0x28, 0x00, 0xd0, 0xa2, 0xdf, 0x2f, 0x49, 0x28, 0x22, 0x14, 0xa8, 0xff, 0xf7, 0xe8, 0xed,
  0x03, 0x98, 0x14, 0xaa, 0x16, 0x90, 0x13, 0xa9, 0x04, 0x98, 0x17, 0x90, 0x9d, 0xf8, 0x2c, 0x00,
  0xcd, 0xf8, 0x6c, 0x90, 0x1c, 0x90, 0x1e, 0xa8, 0x03, 0xf0, 0xd4, 0xf9, 0x1e, 0x99, 0xda, 0xf8,
  0x08, 0x00, 0xcb, 0x69, 0x00, 0x93, 0xcd, 0xe9, 0x01, 0x90, 0x9d, 0xf8, 0x4c, 0x20, 0x03, 0xa8,
  0x20, 0x9b, 0x01, 0xf0, 0x65, 0xfa, 0x20, 0x7f, 0x00, 0xf0, 0x0a, 0xf9, 0xdb, 0xf8, 0x00, 0x00,
  0x94, 0xdf, 0x20, 0x98, 0x03, 0xf0, 0x16, 0xff, 0x01, 0x25, 0x06, 0xeb, 0x45, 0x10, 0x90, 0xf8,
  0x30, 0x00, 0xff, 0x28, 0x02, 0xd0, 0x6d, 0x1c, 0x2f, 0x2d, 0xf6, 0xd3, 0x6a, 0x01, 0x20, 0x46,
  0x06, 0xf1, 0x34, 0x01, 0xff, 0xf7, 0xe6, 0xed, 0x06, 0xeb, 0x45, 0x11, 0xff, 0x20, 0x81, 0xf8,
  0x30, 0x00, 0x10, 0x37, 0xb0, 0x68, 0xb7, 0xeb, 0x90, 0x0f, 0x00, 0xd3, 0x00, 0x27, 0xdb, 0xf8,
  0x00, 0x00, 0x95, 0xdf, 0xa0, 0x7f, 0x10, 0xb1, 0x20, 0x7f, 0xff, 0x28, 0xa2, 0xd1, 0x00, 0xe0,
  0x08, 0xe0, 0x96, 0xf8, 0x30, 0x00, 0xff, 0x28, 0x02, 0xd1, 0x07, 0x48, 0x00, 0x68, 0xad, 0xdf,
  0xc8, 0xf8, 0x00, 0x70, 0x23, 0xb0, 0xbd, 0xe8, 0xf0, 0x8f, 0x00, 0x00, 0x34, 0x70, 0xd0, 0x00,
  0xb0, 0x70, 0xd0, 0x00, 0x18, 0x61, 0xd0, 0x00, 0xb4, 0x70, 0xd0, 0x00, 0x2d, 0xe9, 0xf0, 0x41,
  0x05, 0x46, 0x38, 0x4b, 0x00, 0x20, 0x2a, 0x78, 0x02, 0xeb, 0x42, 0x01, 0x01, 0xeb, 0x02, 0x11,
  0x03, 0xeb, 0xc1, 0x04, 0x04, 0xf1, 0x08, 0x03, 0xa1, 0x6f, 0x00, 0x29, 0x60, 0xd0, 0xd1, 0xf8,
  0x00, 0xc0, 0x03, 0x27, 0x30, 0x4e, 0xbc, 0xf1, 0x03, 0x0f, 0x15, 0xd1, 0x58, 0x6b, 0x40, 0x28,
  0x09, 0xd2, 0xdf, 0xf8, 0xb8, 0xc0, 0x1c, 0xf8, 0x30, 0xe0, 0x96, 0x45, 0x03, 0xd1, 0x0c, 0xeb,
  0xc0, 0x00, 0x5a, 0x6a, 0x42, 0x60, 0x58, 0x6b, 0x10, 0x30, 0x48, 0x62, 0xaa, 0x68, 0x01, 0xf1,
  0x28, 0x00, 0xb2, 0x42, 0x00, 0xd1, 0xcf, 0x65, 0x0a, 0x68, 0x05, 0x2a, 0x05, 0xd1, 0xaa, 0x68,
  0x01, 0xf1, 0x2c, 0x00, 0xb2, 0x42, 0x00, 0xd1, 0x0f, 0x66, 0x70, 0xb3, 0x00, 0x22, 0x01, 0x68,
  0x96, 0x00, 0xf1, 0x40, 0x01, 0xf0, 0x0f, 0x01, 0x02, 0x29, 0x10, 0xd0, 0x03, 0x29, 0x0e, 0xd0,
  0x05, 0x29, 0x17, 0xd0, 0x06, 0x29, 0x15, 0xd0, 0x07, 0x29, 0x13, 0xd0, 0x0c, 0x29, 0x11, 0xd0,
  0x0d, 0x29, 0x0f, 0xd0, 0x0e, 0x29, 0x0d, 0xd0, 0x0f, 0x29, 0x0b, 0xd0, 0x12, 0xe0, 0x02, 0xeb,
  0x42, 0x06, 0x03, 0xeb, 0xc2, 0x01, 0x00, 0xeb, 0x86, 0x06, 0x4f, 0x68, 0x77, 0x60, 0x89, 0x68,
  0xb1, 0x60, 0x07, 0xe0, 0x02, 0xeb, 0x42, 0x06, 0x03, 0xeb, 0xc2, 0x01, 0x00, 0xeb, 0x86, 0x06,
  0x89, 0x68, 0xf1, 0x60, 0x52, 0x1c, 0x04, 0x2a, 0xd1, 0xd3, 0xa9, 0x68, 0xa0, 0x6f, 0xff, 0xf7,
  0xdf, 0xfd, 0x00, 0x20, 0xa0, 0x67, 0x28, 0x78, 0xbd, 0xe8, 0xf0, 0x41, 0x00, 0xf0, 0x58, 0xb8,
  0xbd, 0xe8, 0xf0, 0x81, 0x00, 0x80, 0xd0, 0x00, 0x24, 0x30, 0xff, 0xff, 0x30, 0x0e, 0xd1, 0x00,
  0x30, 0xb5, 0x04, 0x46, 0x40, 0xf2, 0x17, 0x10, 0x30, 0x2c, 0x13, 0xd2, 0x01, 0x2a, 0x10, 0xd1,
  0xd1, 0xe9, 0x06, 0x12, 0x00, 0x25, 0x6b, 0x18, 0x07, 0x49, 0x6a, 0x41, 0x01, 0xeb, 0x44, 0x11,
  0x0c, 0x78, 0xff, 0x2c, 0x06, 0xd0, 0xd1, 0xe9, 0x04, 0x41, 0x5c, 0x40, 0x51, 0x40, 0x0c, 0x43,
  0x00, 0xd1, 0x00, 0x20, 0x30, 0xbd, 0x00, 0x00, 0x30, 0x08, 0xd1, 0x00, 0x2d, 0xe9, 0xf0, 0x41,
  0x0b, 0x4e, 0x00, 0x24, 0x0f, 0x46, 0x05, 0x46, 0x06, 0xeb, 0x44, 0x10, 0x01, 0x78, 0xff, 0x29,
  0x08, 0xd0, 0x15, 0xb1, 0x80, 0x69, 0xa8, 0x42, 0x04, 0xd1, 0x3a, 0x46, 0x29, 0x46, 0x20, 0x46,
  0x01, 0xf0, 0x14, 0xff, 0x64, 0x1c, 0x30, 0x2c, 0xee, 0xd3, 0xbd, 0xe8, 0xf0, 0x81, 0x00, 0x00,
  0x30, 0x08, 0xd1, 0x00, 0x00, 0x21, 0x09, 0x28, 0x0f, 0xd0, 0x08, 0xdc, 0x01, 0x28, 0x0c, 0xd0,
  0x02, 0x28, 0x0a, 0xd0, 0x03, 0x28, 0x08, 0xd0, 0x06, 0x28, 0x07, 0xd1, 0x05, 0xe0, 0x0a, 0x28,
  0x03, 0xd0, 0x0b, 0x28, 0x01, 0xd0, 0x21, 0x28, 0x00, 0xd1, 0x01, 0x21, 0x08, 0x46, 0x70, 0x47,
  0x00, 0xeb, 0x40, 0x01, 0x0e, 0x4a, 0x01, 0xeb, 0x00, 0x11, 0x00, 0x23, 0x02, 0xeb, 0xc1, 0x00,
  0x80, 0xf8, 0x7e, 0x30, 0x52, 0xf8, 0x31, 0x10, 0x4f, 0xf6, 0xfe, 0x72, 0xd1, 0x42, 0x03, 0xd1,
  0x90, 0xf8, 0x8f, 0x10, 0x49, 0x1c, 0x06, 0xe0, 0x4f, 0xf6, 0xfd, 0x72, 0xd1, 0x42, 0x04, 0xd1,
  0x90, 0xf8, 0x8f, 0x10, 0x49, 0x1e, 0x80, 0xf8, 0x8f, 0x10, 0x03, 0xf0, 0x41, 0xba, 0x00, 0x00,
  0x00, 0x80, 0xd0, 0x00, 0x0f, 0x49, 0x24, 0x28, 0x13, 0xd0, 0x07, 0xdc, 0x78, 0xb1, 0x04, 0x28,
  0x0f, 0xd0, 0x07, 0x28, 0x0d, 0xd0, 0x0b, 0x28, 0x12, 0xd1, 0x0d, 0xe0, 0x25, 0x28, 0x08, 0xd0,
  0x2b, 0x28, 0x06, 0xd0, 0x32, 0x28, 0x0b, 0xd0, 0x54, 0x28, 0x09, 0xd1, 0x07, 0xe0, 0x00, 0x21,
  0x06, 0xe0, 0x04, 0x49, 0x89, 0x1d, 0x03, 0xe0, 0x02, 0x49, 0x0c, 0x31, 0x00, 0xe0, 0x02, 0x49,
  0x08, 0x46, 0x70, 0x47, 0x00, 0x00, 0xff, 0xff, 0x24, 0x30, 0xff, 0xff, 0x2d, 0xe9, 0xf0, 0x41,
  0x3a, 0x4d, 0x28, 0x78, 0x10, 0xb1, 0x3a, 0x48, 0xbd, 0xe8, 0xf0, 0x81, 0x39, 0x48, 0x41, 0xf2,
  0x00, 0x31, 0xff, 0xf7, 0xdf, 0xfc, 0x00, 0x20, 0x28, 0x72, 0xb4, 0xdf, 0x68, 0x72, 0x9c, 0xdf,
  0x68, 0x61, 0x03, 0xf0, 0x2f, 0xf9, 0x28, 0x65, 0x93, 0xdf, 0xe8, 0x62, 0x93, 0xdf, 0xa8, 0x63,
  0x51, 0x20, 0xa8, 0x62, 0x01, 0x27, 0x28, 0x6d, 0xd0, 0xf8, 0x60, 0x02, 0x10, 0xf5, 0x80, 0x3f,
  0x00, 0xd1, 0x2f, 0x71, 0x02, 0xf0, 0xe6, 0xfd, 0x02, 0xf0, 0xde, 0xfe, 0x06, 0x00, 0x4b, 0xd1,
  0x01, 0xf0, 0xb8, 0xf9, 0x06, 0x00, 0x47, 0xd1, 0x27, 0x48, 0x00, 0xf0, 0x9f, 0xfa, 0x06, 0x00,
  0x42, 0xd1, 0x27, 0x49, 0x02, 0x24, 0x6c, 0x70, 0xac, 0x70, 0xec, 0x70, 0xd1, 0xe9, 0x00, 0x23,
  0x22, 0x48, 0xd1, 0x18, 0x22, 0x46, 0x90, 0xdf, 0x21, 0x49, 0xe8, 0x71, 0x10, 0x31, 0x21, 0x48,
  0xd1, 0xe9, 0x00, 0x23, 0xd1, 0x18, 0x22, 0x46, 0x90, 0xdf, 0x1d, 0x49, 0x1e, 0x48, 0x30, 0x31,
  0xd1, 0xe9, 0x00, 0x23, 0xd1, 0x18, 0x22, 0x46, 0x90, 0xdf, 0x19, 0x49, 0x1b, 0x48, 0x10, 0x39,
  0xd1, 0xe9, 0x00, 0x23, 0xd1, 0x18, 0x04, 0x22, 0x90, 0xdf, 0x15, 0x49, 0x18, 0x48, 0x20, 0x39,
  0xd1, 0xe9, 0x00, 0x23, 0xd1, 0x18, 0x22, 0x46, 0x90, 0xdf, 0x11, 0x49, 0x15, 0x48, 0x50, 0x31,
  0xd1, 0xe9, 0x00, 0x23, 0xd1, 0x18, 0x22, 0x46, 0x90, 0xdf, 0x0d, 0x49, 0x12, 0x48, 0x40, 0x31,
  0xd1, 0xe9, 0x00, 0x23, 0xd1, 0x18, 0x22, 0x46, 0x90, 0xdf, 0x01, 0x21, 0x2f, 0x70, 0x0a, 0x20,
  0x00, 0xf0, 0x0c, 0xfd, 0x00, 0xf0, 0x92, 0xfe, 0x30, 0x46, 0x8d, 0xe7, 0x20, 0x70, 0xd0, 0x00,
  0x07, 0x00, 0xff, 0xff, 0x00, 0x80, 0xd0, 0x00, 0x58, 0xfc, 0xd0, 0x00, 0xd1, 0x56, 0xd0, 0x00,
  0x80, 0x73, 0xd0, 0x00, 0x85, 0x2c, 0xd0, 0x00, 0xfd, 0x57, 0xd0, 0x00, 0xd5, 0x55, 0xd0, 0x00,
  0x31, 0x13, 0xd0, 0x00, 0x6d, 0x5d, 0xd0, 0x00, 0x5d, 0x4f, 0xd0, 0x00, 0x70, 0xb5, 0x00, 0x25,
  0x04, 0x46, 0x02, 0xf0, 0x77, 0xfd, 0x03, 0xf0, 0xf3, 0xfa, 0x01, 0x20, 0x02, 0xf0, 0xa0, 0xfd,
  0x03, 0xf0, 0xf0, 0xfa, 0x07, 0x49, 0x4f, 0xf0, 0x00, 0x40, 0x4a, 0x69, 0xc2, 0xf8, 0x1c, 0x07,
  0x4f, 0xf6, 0xfa, 0x70, 0xc4, 0x42, 0x01, 0xd1, 0x01, 0x20, 0x00, 0xe0, 0x00, 0x20, 0x48, 0x71,
  0x28, 0x46, 0x70, 0xbd, 0x20, 0x70, 0xd0, 0x00, 0x00, 0xb5, 0x9e, 0xb0, 0x02, 0x90, 0x01, 0x20,
  0x8d, 0xf8, 0x04, 0x00, 0x05, 0x48, 0x01, 0x68, 0x00, 0x91, 0x00, 0x21, 0x8d, 0xf8, 0x05, 0x10,
  0x69, 0x46, 0x40, 0x68, 0xf6, 0xdf, 0x1e, 0xb0, 0x00, 0xbd, 0x00, 0x00, 0xa0, 0x66, 0xd0, 0x00,
  0x00, 0xb5, 0x9e, 0xb0, 0x02, 0x90, 0x01, 0x20, 0x8d, 0xf8, 0x04, 0x00, 0x05, 0x48, 0x01, 0x68,
  0x00, 0x91, 0x00, 0x21, 0x8d, 0xf8, 0x05, 0x10, 0x69, 0x46, 0x40, 0x68, 0xf6, 0xdf, 0x1e, 0xb0,
  0x00, 0xbd, 0x00, 0x00, 0xa8, 0x66, 0xd0, 0x00, 0x00, 0xb5, 0x9e, 0xb0, 0x02, 0xab, 0x83, 0xe8,
  0x07, 0x00, 0x01, 0x20, 0x8d, 0xf8, 0x04, 0x00, 0x05, 0x48, 0x01, 0x68, 0x00, 0x91, 0x00, 0x21,
  0x8d, 0xf8, 0x05, 0x10, 0x69, 0x46, 0x40, 0x68, 0xf6, 0xdf, 0x1e, 0xb0, 0x00, 0xbd, 0x00, 0x00,
  0x98, 0x66, 0xd0, 0x00, 0x02, 0x68, 0x4f, 0xf6, 0xfa, 0x71, 0x51, 0x18, 0x0b, 0xd0, 0x02, 0x29,
  0x09, 0xd0, 0x03, 0x29, 0x05, 0xd0, 0x49, 0x1d, 0xb1, 0xf5, 0x80, 0x3f, 0x06, 0xd0, 0x05, 0x48,
  0x70, 0x47, 0xff, 0xf7, 0x03, 0xbf, 0x10, 0x46, 0xff, 0xf7, 0x90, 0xbf, 0x08, 0x30, 0x0f, 0xc8,
  0x03, 0xf0, 0x42, 0xba, 0x0a, 0x00, 0xff, 0xff, 0x00, 0xb5, 0x9e, 0xb0, 0x02, 0x90, 0x01, 0x20,
  0x8d, 0xf8, 0x04, 0x00, 0x05, 0x48, 0x01, 0x68, 0x00, 0x91, 0x00, 0x21, 0x8d, 0xf8, 0x05, 0x10,
  0x69, 0x46, 0x40, 0x68, 0xf6, 0xdf, 0x1e, 0xb0, 0x00, 0xbd, 0x00, 0x00, 0xb0, 0x66, 0xd0, 0x00,
  0x00, 0xb5, 0x9e, 0xb0, 0xcd, 0xe9, 0x10, 0x01, 0x06, 0x49, 0x01, 0x20, 0x8d, 0xf8, 0x04, 0x00,
  0x0a, 0x68, 0x00, 0x92, 0x8d, 0xf8, 0x05, 0x00, 0x48, 0x68, 0x69, 0x46, 0xf6, 0xdf, 0x1e, 0xb0,
  0x00, 0xbd, 0x00, 0x00, 0xb8, 0x66, 0xd0, 0x00, 0x00, 0xb5, 0x9e, 0xb0, 0x01, 0x20, 0x8d, 0xf8,
  0x04, 0x00, 0x05, 0x48, 0x01, 0x68, 0x00, 0x91, 0x00, 0x21, 0x8d, 0xf8, 0x05, 0x10, 0x69, 0x46,
  0x40, 0x68, 0xf6, 0xdf, 0x1e, 0xb0, 0x00, 0xbd, 0x88, 0x64, 0xd0, 0x00, 0x00, 0xb5, 0x9e, 0xb0,
  0x02, 0x90, 0x01, 0x20, 0xcd, 0xe9, 0x10, 0x12, 0x05, 0x49, 0x8d, 0xf8, 0x04, 0x00, 0x0a, 0x68,
  0x00, 0x92, 0x8d, 0xf8, 0x05, 0x00, 0x48, 0x68, 0x69, 0x46, 0xf6, 0xdf, 0x1e, 0xb0, 0x00, 0xbd,
  0x30, 0x64, 0xd0, 0x00, 0x00, 0xb5, 0x9e, 0xb0, 0x02, 0x90, 0x01, 0x20, 0x8d, 0xf8, 0x04, 0x00,
  0x05, 0x48, 0x01, 0x68, 0x00, 0x91, 0x00, 0x21, 0x8d, 0xf8, 0x05, 0x10, 0x69, 0x46, 0x40, 0x68,
  0xf6, 0xdf, 0x1e, 0xb0, 0x00, 0xbd, 0x00, 0x00, 0x98, 0x64, 0xd0, 0x00, 0x00, 0xb5, 0x9e, 0xb0,
  0x01, 0x20, 0x8d, 0xf8, 0x04, 0x00, 0x05, 0x48, 0x01, 0x68, 0x00, 0x91, 0x00, 0x21, 0x8d, 0xf8,
  0x05, 0x10, 0x69, 0x46, 0x40, 0x68, 0xf6, 0xdf, 0x1e, 0xb0, 0x00, 0xbd, 0x90, 0x64, 0xd0, 0x00,
  0x00, 0xb5, 0x9e, 0xb0, 0x01, 0x20, 0x8d, 0xf8, 0x04, 0x00, 0x05, 0x48, 0x01, 0x68, 0x00, 0x91,
  0x00, 0x21, 0x8d, 0xf8, 0x05, 0x10, 0x69, 0x46, 0x40, 0x68, 0xf6, 0xdf, 0x1e, 0xb0, 0x00, 0xbd,
  0x58, 0x65, 0xd0, 0x00, 0x00, 0xb5, 0x9e, 0xb0, 0x01, 0x20, 0x8d, 0xf8, 0x04, 0x00, 0x05, 0x48,
  0x01, 0x68, 0x00, 0x91, 0x00, 0x21, 0x8d, 0xf8, 0x05, 0x10, 0x69, 0x46, 0x40, 0x68, 0xf6, 0xdf,
  0x1e, 0xb0, 0x00, 0xbd, 0x18, 0x66, 0xd0, 0x00, 0x00, 0xb5, 0x9e, 0xb0, 0xcd, 0xe9, 0x02, 0x01,
  0x01, 0x20, 0x8d, 0xf8, 0x04, 0x00, 0x05, 0x48, 0x01, 0x68, 0x00, 0x91, 0x00, 0x21, 0x8d, 0xf8,
  0x05, 0x10, 0x69, 0x46, 0x40, 0x68, 0xf6, 0xdf, 0x1e, 0xb0, 0x00, 0xbd, 0x10, 0x65, 0xd0, 0x00,
  0x00, 0xb5, 0x9e, 0xb0, 0x0d, 0xf1, 0x40, 0x0c, 0x8c, 0xe8, 0x0f, 0x00, 0x01, 0x20, 0x8d, 0xf8,
  0x04, 0x00, 0x05, 0x48, 0x01, 0x68, 0x00, 0x91, 0x02, 0x21, 0x8d, 0xf8, 0x05, 0x10, 0x69, 0x46,
  0x40, 0x68, 0xf6, 0xdf, 0x1e, 0xb0, 0x00, 0xbd, 0xb8, 0x65, 0xd0, 0x00, 0x00, 0xb5, 0x9e, 0xb0,
  0x02, 0xab, 0x83, 0xe8, 0x07, 0x00, 0x01, 0x20, 0x8d, 0xf8, 0x04, 0x00, 0x05, 0x48, 0x01, 0x68,
  0x00, 0x91, 0x00, 0x21, 0x8d, 0xf8, 0x05, 0x10, 0x69, 0x46, 0x40, 0x68, 0xf6, 0xdf, 0x1e, 0xb0,
  0x00, 0xbd, 0x00, 0x00, 0x40, 0x66, 0xd0, 0x00, 0x00, 0xb5, 0x9e, 0xb0, 0x02, 0x90, 0x01, 0x20,
  0x8d, 0xf8, 0x04, 0x00, 0x05, 0x48, 0x01, 0x68, 0x00, 0x91, 0x00, 0x21, 0x8d, 0xf8, 0x05, 0x10,
  0x69, 0x46, 0x40, 0x68, 0xf6, 0xdf, 0x1e, 0xb0, 0x00, 0xbd, 0x00, 0x00, 0x80, 0x66, 0xd0, 0x00,
  0x00, 0xb5, 0x9e, 0xb0, 0x02, 0xab, 0x83, 0xe8, 0x07, 0x00, 0x01, 0x20, 0x8d, 0xf8, 0x04, 0x00,
  0x05, 0x48, 0x01, 0x68, 0x00, 0x91, 0x00, 0x21, 0x8d, 0xf8, 0x05, 0x10, 0x69, 0x46, 0x40, 0x68,
  0xf6, 0xdf, 0x1e, 0xb0, 0x00, 0xbd, 0x00, 0x00, 0x58, 0x66, 0xd0, 0x00, 0x30, 0xb5, 0x9e, 0xb0,
  0x14, 0x46, 0xcd, 0xe9, 0x02, 0x01, 0x01, 0x20, 0x8d, 0xf8, 0x04, 0x00, 0x07, 0x48, 0x00, 0x25,
  0x01, 0x68, 0x00, 0x91, 0x69, 0x46, 0x8d, 0xf8, 0x05, 0x50, 0x40, 0x68, 0xf6, 0xdf, 0x10, 0xb1,
  0x25, 0x60, 0x1e, 0xb0, 0x30, 0xbd, 0x04, 0x99, 0x21, 0x60, 0xfa, 0xe7, 0x60, 0x66, 0xd0, 0x00,
  0x00, 0xb5, 0x9e, 0xb0, 0x01, 0x20, 0x8d, 0xf8, 0x04, 0x00, 0x05, 0x48, 0x01, 0x68, 0x00, 0x91,
  0x00, 0x21, 0x8d, 0xf8, 0x05, 0x10, 0x69, 0x46, 0x40, 0x68, 0xf6, 0xdf, 0x1e, 0xb0, 0x00, 0xbd,
  0x00, 0x65, 0xd0, 0x00, 0x00, 0xb5, 0x9e, 0xb0, 0x02, 0x90, 0x01, 0x20, 0x8d, 0xf8, 0x04, 0x00,
  0x05, 0x48, 0x01, 0x68, 0x00, 0x91, 0x00, 0x21, 0x8d, 0xf8, 0x05, 0x10, 0x69, 0x46, 0x40, 0x68,
  0xf6, 0xdf, 0x1e, 0xb0, 0x00, 0xbd, 0x00, 0x00, 0xd0, 0x64, 0xd0, 0x00, 0x10, 0xb5, 0x9e, 0xb0,
  0x04, 0x46, 0x01, 0x20, 0x8d, 0xf8, 0x04, 0x00, 0x07, 0x48, 0x01, 0x68, 0x00, 0x91, 0x00, 0x21,
  0x8d, 0xf8, 0x05, 0x10, 0x69, 0x46, 0x40, 0x68, 0xf6, 0xdf, 0x00, 0x28, 0x01, 0xd1, 0x02, 0x99,
  0x21, 0x60, 0x1e, 0xb0, 0x10, 0xbd, 0x00, 0x00, 0x40, 0x64, 0xd0, 0x00, 0x00, 0xb5, 0x9e, 0xb0,
  0x02, 0xab, 0x83, 0xe8, 0x07, 0x00, 0x01, 0x20, 0x8d, 0xf8, 0x04, 0x00, 0x05, 0x48, 0x01, 0x68,
  0x00, 0x91, 0x00, 0x21, 0x8d, 0xf8, 0x05, 0x10, 0x69, 0x46, 0x40, 0x68, 0xf6, 0xdf, 0x1e, 0xb0,
  0x00, 0xbd, 0x00, 0x00, 0xa8, 0x64, 0xd0, 0x00, 0x00, 0xb5, 0x9e, 0xb0, 0x01, 0x20, 0x8d, 0xf8,
  0x04, 0x00, 0x05, 0x48, 0x01, 0x68, 0x00, 0x91, 0x00, 0x21, 0x8d, 0xf8, 0x05, 0x10, 0x69, 0x46,
  0x40, 0x68, 0xf6, 0xdf, 0x1e, 0xb0, 0x00, 0xbd, 0xa0, 0x65, 0xd0, 0x00, 0x30, 0xb5, 0x9e, 0xb0,
  0x14, 0x46, 0xcd, 0xe9, 0x02, 0x01, 0x10, 0x68, 0x04, 0x90, 0x01, 0x20, 0x8d, 0xf8, 0x04, 0x00,
  0x00, 0x25, 0x07, 0x48, 0x01, 0x68, 0x00, 0x91, 0x69, 0x46, 0x8d, 0xf8, 0x05, 0x50, 0x40, 0x68,
  0xf6, 0xdf, 0x10, 0xb1, 0x25, 0x60, 0x1e, 0xb0, 0x30, 0xbd, 0x04, 0x99, 0x21, 0x60, 0xfa, 0xe7,
  0x50, 0x64, 0xd0, 0x00, 0x00, 0xb5, 0x9e, 0xb0, 0xcd, 0xe9, 0x02, 0x01, 0x01, 0x20, 0x8d, 0xf8,
  0x04, 0x00, 0x05, 0x48, 0x01, 0x68, 0x00, 0x91, 0x00, 0x21, 0x8d, 0xf8, 0x05, 0x10, 0x69, 0x46,
  0x40, 0x68, 0xf6, 0xdf, 0x1e, 0xb0, 0x00, 0xbd, 0xd0, 0x65, 0xd0, 0x00, 0x10, 0xb5, 0x9e, 0xb0,
  0x0d, 0xf1, 0x40, 0x0c, 0x20, 0x9c, 0x02, 0x94, 0x8c, 0xe8, 0x0f, 0x00, 0x01, 0x20, 0x8d, 0xf8,
  0x04, 0x00, 0x05, 0x48, 0x01, 0x68, 0x00, 0x91, 0x02, 0x21, 0x8d, 0xf8, 0x05, 0x10, 0x69, 0x46,
  0x40, 0x68, 0xf6, 0xdf, 0x1e, 0xb0, 0x10, 0xbd, 0xf0, 0x64, 0xd0, 0x00, 0x00, 0xb5, 0x9e, 0xb0,
  0x10, 0x90, 0x80, 0x20, 0x11, 0x90, 0x01, 0x21, 0x05, 0x48, 0x8d, 0xf8, 0x04, 0x10, 0x02, 0x68,
  0x00, 0x92, 0x8d, 0xf8, 0x05, 0x10, 0x69, 0x46, 0x40, 0x68, 0xf6, 0xdf, 0x1e, 0xb0, 0x00, 0xbd,
  0x68, 0x64, 0xd0, 0x00, 0x00, 0xb5, 0x9e, 0xb0, 0xcd, 0xe9, 0x10, 0x01, 0xd1, 0xdf, 0x01, 0x22,
  0x69, 0x46, 0x0b, 0x28, 0x8d, 0xf8, 0x04, 0x20, 0x08, 0xd0, 0x05, 0x48, 0x03, 0x68, 0x00, 0x93,
  0x8d, 0xf8, 0x05, 0x20, 0x40, 0x68, 0xf6, 0xdf, 0x1e, 0xb0, 0x00, 0xbd, 0x01, 0x48, 0xf5, 0xe7,
  0x90, 0x66, 0xd0, 0x00, 0x08, 0x66, 0xd0, 0x00, 0x10, 0xb5, 0x9e, 0xb0, 0x0c, 0x46, 0x02, 0x90,
  0x01, 0x20, 0x8d, 0xf8, 0x04, 0x00, 0x07, 0x48, 0x01, 0x68, 0x00, 0x91, 0x00, 0x21, 0x8d, 0xf8,
  0x05, 0x10, 0x69, 0x46, 0x40, 0x68, 0xf6, 0xdf, 0x00, 0x28, 0x01, 0xd1, 0x03, 0x99, 0x21, 0x60,
  0x1e, 0xb0, 0x10, 0xbd, 0x18, 0x64, 0xd0, 0x00, 0x30, 0xb5, 0x9e, 0xb0, 0x05, 0x46, 0x01, 0x20,
  0x0c, 0x46, 0x8d, 0xf8, 0x04, 0x00, 0x08, 0x48, 0x01, 0x68, 0x00, 0x91, 0x00, 0x21, 0x8d, 0xf8,
  0x05, 0x10, 0x69, 0x46, 0x40, 0x68, 0xf6, 0xdf, 0x00, 0x28, 0x03, 0xd1, 0x02, 0x99, 0x29, 0x60,
  0x03, 0x99, 0x21, 0x60, 0x1e, 0xb0, 0x30, 0xbd, 0x30, 0x66, 0xd0, 0x00, 0x70, 0xb5, 0x9e, 0xb0,
  0x06, 0x46, 0x0d, 0x46, 0x0c, 0x49, 0x14, 0x46, 0x22, 0x98, 0xcd, 0xe9, 0x10, 0x30, 0x01, 0x20,
  0x8d, 0xf8, 0x04, 0x00, 0x0a, 0x68, 0x00, 0x92, 0x8d, 0xf8, 0x05, 0x00, 0x48, 0x68, 0x69, 0x46,
  0xf6, 0xdf, 0x00, 0x28, 0x05, 0xd1, 0x02, 0x99, 0x31, 0x60, 0x03, 0x99, 0x29, 0x60, 0x04, 0x99,
  0x21, 0x60, 0x1e, 0xb0, 0x70, 0xbd, 0x00, 0x00, 0x90, 0x65, 0xd0, 0x00, 0x10, 0xb5, 0x9e, 0xb0,
  0x04, 0x46, 0x01, 0x20, 0x8d, 0xf8, 0x04, 0x00, 0x07, 0x48, 0x01, 0x68, 0x00, 0x91, 0x00, 0x21,
  0x8d, 0xf8, 0x05, 0x10, 0x69, 0x46, 0x40, 0x68, 0xf6, 0xdf, 0x00, 0x28, 0x01, 0xd1, 0x02, 0x99,
  0x21, 0x60, 0x1e, 0xb0, 0x10, 0xbd, 0x00, 0x00, 0x20, 0x65, 0xd0, 0x00, 0x30, 0xb5, 0x9e, 0xb0,
  0x04, 0x46, 0x01, 0x20, 0x00, 0x25, 0x8d, 0xf8, 0x04, 0x00, 0x07, 0x48, 0x01, 0x68, 0x00, 0x91,
  0x69, 0x46, 0x8d, 0xf8, 0x05, 0x50, 0x40, 0x68, 0xf6, 0xdf, 0x10, 0xb1, 0x25, 0x60, 0x1e, 0xb0,
  0x30, 0xbd, 0x02, 0x99, 0x21, 0x60, 0xfa, 0xe7, 0x48, 0x64, 0xd0, 0x00, 0x10, 0xb5, 0x9e, 0xb0,
  0x04, 0x46, 0x01, 0x20, 0x8d, 0xf8, 0x04, 0x00, 0x07, 0x48, 0x01, 0x68, 0x00, 0x91, 0x00, 0x21,
  0x8d, 0xf8, 0x05, 0x10, 0x69, 0x46, 0x40, 0x68, 0xf6, 0xdf, 0x00, 0x28, 0x01, 0xd1, 0x02, 0x99,
  0x21, 0x70, 0x1e, 0xb0, 0x10, 0xbd, 0x00, 0x00, 0x38, 0x64, 0xd0, 0x00, 0x00, 0xb5, 0x9e, 0xb0,
  0x0d, 0xf1, 0x08, 0x0c, 0x8c, 0xe8, 0x0f, 0x00, 0x01, 0x20, 0x8d, 0xf8, 0x04, 0x00, 0x05, 0x48,
  0x01, 0x68, 0x00, 0x91, 0x00, 0x21, 0x8d, 0xf8, 0x05, 0x10, 0x69, 0x46, 0x40, 0x68, 0xf6, 0xdf,
  0x1e, 0xb0, 0x00, 0xbd, 0x48, 0x66, 0xd0, 0x00, 0x00, 0xb5, 0x9e, 0xb0, 0x02, 0x90, 0x01, 0x20,
  0x8d, 0xf8, 0x04, 0x00, 0x05, 0x48, 0x01, 0x68, 0x00, 0x91, 0x00, 0x21, 0x8d, 0xf8, 0x05, 0x10,
  0x69, 0x46, 0x40, 0x68, 0xf6, 0xdf, 0x1e, 0xb0, 0x00, 0xbd, 0x00, 0x00, 0x98, 0x65, 0xd0, 0x00,
  0x30, 0xb5, 0x9e, 0xb0, 0x0d, 0x46, 0x14, 0x46, 0xcd, 0xe9, 0x02, 0x03, 0x01, 0x20, 0x8d, 0xf8,
  0x04, 0x00, 0x08, 0x48, 0x01, 0x68, 0x00, 0x91, 0x00, 0x21, 0x8d, 0xf8, 0x05, 0x10, 0x69, 0x46,
  0x40, 0x68, 0xf6, 0xdf, 0x00, 0x28, 0x03, 0xd1, 0x04, 0x99, 0x29, 0x60, 0x05, 0x99, 0x21, 0x60,
  0x1e, 0xb0, 0x30, 0xbd, 0x88, 0x65, 0xd0, 0x00, 0x00, 0xb5, 0x9e, 0xb0, 0x02, 0x90, 0x01, 0x20,
  0x8d, 0xf8, 0x04, 0x00, 0x05, 0x48, 0x01, 0x68, 0x00, 0x91, 0x00, 0x21, 0x8d, 0xf8, 0x05, 0x10,
  0x69, 0x46, 0x40, 0x68, 0xf6, 0xdf, 0x1e, 0xb0, 0x00, 0xbd, 0x00, 0x00, 0x78, 0x64, 0xd0, 0x00,
  0x00, 0xb5, 0x9e, 0xb0, 0x02, 0x90, 0x01, 0x20, 0x8d, 0xf8, 0x04, 0x00, 0x05, 0x48, 0x01, 0x68,
  0x00, 0x91, 0x00, 0x21, 0x8d, 0xf8, 0x05, 0x10, 0x69, 0x46, 0x40, 0x68, 0xf6, 0xdf, 0x1e, 0xb0,
  0x00, 0xbd, 0x00, 0x00, 0x80, 0x64, 0xd0, 0x00, 0x00, 0xb5, 0x9e, 0xb0, 0x02, 0xab, 0x83, 0xe8,
  0x07, 0x00, 0x01, 0x20, 0x8d, 0xf8, 0x04, 0x00, 0x05, 0x48, 0x01, 0x68, 0x00, 0x91, 0x00, 0x21,
  0x8d, 0xf8, 0x05, 0x10, 0x69, 0x46, 0x40, 0x68, 0xf6, 0xdf, 0x1e, 0xb0, 0x00, 0xbd, 0x00, 0x00,
  0x68, 0x65, 0xd0, 0x00, 0x30, 0xb5, 0x9e, 0xb0, 0x0d, 0xf1, 0x40, 0x0c, 0xdd, 0xe9, 0x21, 0x45,
  0x8c, 0xe8, 0x0f, 0x00, 0x01, 0x20, 0x8d, 0xf8, 0x04, 0x00, 0x06, 0x48, 0xcd, 0xe9, 0x02, 0x45,
  0x01, 0x68, 0x00, 0x91, 0x02, 0x21, 0x8d, 0xf8, 0x05, 0x10, 0x69, 0x46, 0x40, 0x68, 0xf6, 0xdf,
  0x1e, 0xb0, 0x30, 0xbd, 0x08, 0x65, 0xd0, 0x00, 0x10, 0xb5, 0x9e, 0xb0, 0x0d, 0xf1, 0x08, 0x0c,
  0x20, 0x9c, 0x8c, 0xe8, 0x0f, 0x00, 0x00, 0x20, 0x06, 0x90, 0x01, 0x21, 0x8d, 0xf8, 0x04, 0x10,
  0x06, 0x49, 0x0a, 0x68, 0x00, 0x92, 0x8d, 0xf8, 0x05, 0x00, 0x48, 0x68, 0x69, 0x46, 0xf6, 0xdf,
  0x00, 0x28, 0x01, 0xd1, 0x06, 0x99, 0x21, 0x60, 0x1e, 0xb0, 0x10, 0xbd, 0x18, 0x65, 0xd0, 0x00,
  0x30, 0xb5, 0x9e, 0xb0, 0x0d, 0xf1, 0x08, 0x0c, 0xdd, 0xe9, 0x21, 0x45, 0x8c, 0xe8, 0x3f, 0x00,
  0x01, 0x20, 0x8d, 0xf8, 0x04, 0x00, 0x05, 0x48, 0x01, 0x68, 0x00, 0x91, 0x00, 0x21, 0x8d, 0xf8,
  0x05, 0x10, 0x69, 0x46, 0x40, 0x68, 0xf6, 0xdf, 0x1e, 0xb0, 0x30, 0xbd, 0xc8, 0x65, 0xd0, 0x00,
  0x10, 0xb5, 0x9e, 0xb0, 0x04, 0x46, 0x01, 0x20, 0x8d, 0xf8, 0x04, 0x00, 0x07, 0x48, 0x01, 0x68,
  0x00, 0x91, 0x00, 0x21, 0x8d, 0xf8, 0x05, 0x10, 0x69, 0x46, 0x40, 0x68, 0xf6, 0xdf, 0x00, 0x28,
  0x01, 0xd1, 0x02, 0x99, 0x21, 0x60, 0x1e, 0xb0, 0x10, 0xbd, 0x00, 0x00, 0x28, 0x64, 0xd0, 0x00,
  0x00, 0xb5, 0x9e, 0xb0, 0xcd, 0xe9, 0x10, 0x01, 0x06, 0x49, 0x01, 0x20, 0x8d, 0xf8, 0x04, 0x00,
  0x0a, 0x68, 0x00, 0x92, 0x8d, 0xf8, 0x05, 0x00, 0x48, 0x68, 0x69, 0x46, 0xf6, 0xdf, 0x1e, 0xb0,
  0x00, 0xbd, 0x00, 0x00, 0x28, 0x65, 0xd0, 0x00, 0x10, 0xb5, 0x9e, 0xb0, 0x0c, 0x46, 0x00, 0x22,
  0xcd, 0xe9, 0x02, 0x20, 0x01, 0x20, 0x8d, 0xf8, 0x04, 0x00, 0x07, 0x48, 0x05, 0x92, 0x01, 0x68,
  0x00, 0x91, 0x69, 0x46, 0x8d, 0xf8, 0x05, 0x20, 0x40, 0x68, 0xf6, 0xdf, 0x00, 0x28, 0x01, 0xd1,
  0x04, 0x99, 0x21, 0x60, 0x1e, 0xb0, 0x10, 0xbd, 0x30, 0x65, 0xd0, 0x00, 0x00, 0xb5, 0x9e, 0xb0,
  0x0d, 0xf1, 0x08, 0x0c, 0x8c, 0xe8, 0x0f, 0x00, 0x01, 0x20, 0x8d, 0xf8, 0x04, 0x00, 0x05, 0x48,
  0x01, 0x68, 0x00, 0x91, 0x00, 0x21, 0x8d, 0xf8, 0x05, 0x10, 0x69, 0x46, 0x40, 0x68, 0xf6, 0xdf,
  0x1e, 0xb0, 0x00, 0xbd, 0xb0, 0x64, 0xd0, 0x00, 0x00, 0xb5, 0x9e, 0xb0, 0x01, 0x20, 0x8d, 0xf8,
  0x04, 0x00, 0x05, 0x48, 0x01, 0x68, 0x00, 0x91, 0x00, 0x21, 0x8d, 0xf8, 0x05, 0x10, 0x69, 0x46,
  0x40, 0x68, 0xf6, 0xdf, 0x1e, 0xb0, 0x00, 0xbd, 0xb8, 0x64, 0xd0, 0x00, 0x10, 0xb5, 0x9e, 0xb0,
  0x04, 0x46, 0x01, 0x20, 0x8d, 0xf8, 0x04, 0x00, 0x07, 0x48, 0x03, 0x91, 0x01, 0x68, 0x00, 0x91,
  0x00, 0x21, 0x8d, 0xf8, 0x05, 0x10, 0x69, 0x46, 0x40, 0x68, 0xf6, 0xdf, 0x00, 0x28, 0x01, 0xd1,
  0x02, 0x99, 0x21, 0x60, 0x1e, 0xb0, 0x10, 0xbd, 0x70, 0x65, 0xd0, 0x00, 0x30, 0xb5, 0x9e, 0xb0,
  0x0d, 0xf1, 0x08, 0x0c, 0xdd, 0xe9, 0x21, 0x45, 0x8c, 0xe8, 0x3f, 0x00, 0x01, 0x20, 0x8d, 0xf8,
  0x04, 0x00, 0x05, 0x48, 0x01, 0x68, 0x00, 0x91, 0x00, 0x21, 0x8d, 0xf8, 0x05, 0x10, 0x69, 0x46,
  0x40, 0x68, 0xf6, 0xdf, 0x1e, 0xb0, 0x30, 0xbd, 0x78, 0x65, 0xd0, 0x00, 0x00, 0xb5, 0x9e, 0xb0,
  0x02, 0xab, 0x83, 0xe8, 0x07, 0x00, 0x01, 0x20, 0x8d, 0xf8, 0x04, 0x00, 0x05, 0x48, 0x01, 0x68,
  0x00, 0x91, 0x00, 0x21, 0x8d, 0xf8, 0x05, 0x10, 0x69, 0x46, 0x40, 0x68, 0xf6, 0xdf, 0x1e, 0xb0,
  0x00, 0xbd, 0x00, 0x00, 0xc0, 0x64, 0xd0, 0x00, 0x00, 0xb5, 0x9e, 0xb0, 0x02, 0x90, 0x01, 0x20,
  0x8d, 0xf8, 0x04, 0x00, 0x05, 0x48, 0x01, 0x68, 0x00, 0x91, 0x00, 0x21, 0x8d, 0xf8, 0x05, 0x10,
  0x69, 0x46, 0x40, 0x68, 0xf6, 0xdf, 0x1e, 0xb0, 0x00, 0xbd, 0x00, 0x00, 0x38, 0x66, 0xd0, 0x00,
  0x00, 0xb5, 0x9e, 0xb0, 0x01, 0x20, 0x8d, 0xf8, 0x04, 0x00, 0x05, 0x48, 0x01, 0x68, 0x00, 0x91,
  0x00, 0x21, 0x8d, 0xf8, 0x05, 0x10, 0x69, 0x46, 0x40, 0x68, 0xf6, 0xdf, 0x1e, 0xb0, 0x00, 0xbd,
  0x60, 0x65, 0xd0, 0x00, 0x00, 0xb5, 0x9e, 0xb0, 0x02, 0x90, 0x01, 0x20, 0x8d, 0xf8, 0x04, 0x00,
  0x05, 0x48, 0x01, 0x68, 0x00, 0x91, 0x00, 0x21, 0x8d, 0xf8, 0x05, 0x10, 0x69, 0x46, 0x40, 0x68,
  0xf6, 0xdf, 0x1e, 0xb0, 0x00, 0xbd, 0x00, 0x00, 0x88, 0x66, 0xd0, 0x00, 0x00, 0xb5, 0x9e, 0xb0,
  0xcd, 0xe9, 0x10, 0x01, 0x06, 0x49, 0x01, 0x20, 0x8d, 0xf8, 0x04, 0x00, 0x0a, 0x68, 0x00, 0x92,
  0x8d, 0xf8, 0x05, 0x00, 0x48, 0x68, 0x69, 0x46, 0xf6, 0xdf, 0x1e, 0xb0, 0x00, 0xbd, 0x00, 0x00,
  0x00, 0x66, 0xd0, 0x00, 0x00, 0xb5, 0x9e, 0xb0, 0xcd, 0xe9, 0x02, 0x01, 0x01, 0x20, 0x8d, 0xf8,
  0x04, 0x00, 0x05, 0x48, 0x01, 0x68, 0x00, 0x91, 0x00, 0x21, 0x8d, 0xf8, 0x05, 0x10, 0x69, 0x46,
  0x40, 0x68, 0xf6, 0xdf, 0x1e, 0xb0, 0x00, 0xbd, 0x78, 0x66, 0xd0, 0x00, 0x00, 0xb5, 0x9e, 0xb0,
  0xcd, 0xe9, 0x02, 0x01, 0x01, 0x20, 0x8d, 0xf8, 0x04, 0x00, 0x05, 0x48, 0x01, 0x68, 0x00, 0x91,
  0x00, 0x21, 0x8d, 0xf8, 0x05, 0x10, 0x69, 0x46, 0x40, 0x68, 0xf6, 0xdf, 0x1e, 0xb0, 0x00, 0xbd,
  0x10, 0x64, 0xd0, 0x00, 0x00, 0xb5, 0x9e, 0xb0, 0x02, 0xab, 0x83, 0xe8, 0x07, 0x00, 0x01, 0x20,
  0x8d, 0xf8, 0x04, 0x00, 0x05, 0x48, 0x01, 0x68, 0x00, 0x91, 0x00, 0x21, 0x8d, 0xf8, 0x05, 0x10,
  0x69, 0x46, 0x40, 0x68, 0xf6, 0xdf, 0x1e, 0xb0, 0x00, 0xbd, 0x00, 0x00, 0xa0, 0x64, 0xd0, 0x00,
  0x00, 0xb5, 0x9e, 0xb0, 0x02, 0x90, 0x01, 0x20, 0x8d, 0xf8, 0x04, 0x00, 0x05, 0x48, 0x01, 0x68,
  0x00, 0x91, 0x00, 0x21, 0x8d, 0xf8, 0x05, 0x10, 0x69, 0x46, 0x40, 0x68, 0xf6, 0xdf, 0x1e, 0xb0,
  0x00, 0xbd, 0x00, 0x00, 0xe8, 0x65, 0xd0, 0x00, 0x00, 0xb5, 0x9e, 0xb0, 0xcd, 0xe9, 0x02, 0x01,
  0x01, 0x20, 0x8d, 0xf8, 0x04, 0x00, 0x05, 0x48, 0x01, 0x68, 0x00, 0x91, 0x00, 0x21, 0x8d, 0xf8,
  0x05, 0x10, 0x69, 0x46, 0x40, 0x68, 0xf6, 0xdf, 0x1e, 0xb0, 0x00, 0xbd, 0x70, 0x64, 0xd0, 0x00,
  0x00, 0xb5, 0x9e, 0xb0, 0xcd, 0xe9, 0x02, 0x10, 0x01, 0x20, 0x8d, 0xf8, 0x04, 0x00, 0x06, 0x48,
  0x04, 0x92, 0x01, 0x68, 0x00, 0x91, 0x00, 0x21, 0x8d, 0xf8, 0x05, 0x10, 0x69, 0x46, 0x40, 0x68,
  0xf6, 0xdf, 0x1e, 0xb0, 0x00, 0xbd, 0x00, 0x00, 0x58, 0x64, 0xd0, 0x00, 0x00, 0xb5, 0x9e, 0xb0,
  0xcd, 0xe9, 0x10, 0x01, 0x07, 0x48, 0x01, 0x21, 0xcd, 0xe9, 0x02, 0x23, 0x8d, 0xf8, 0x04, 0x10,
  0x02, 0x68, 0x00, 0x92, 0x8d, 0xf8, 0x05, 0x10, 0x69, 0x46, 0x40, 0x68, 0xf6, 0xdf, 0x1e, 0xb0,
  0x00, 0xbd, 0x00, 0x00, 0xf8, 0x64, 0xd0, 0x00, 0x00, 0xb5, 0x9e, 0xb0, 0x02, 0x92, 0xcd, 0xe9,
  0x10, 0x01, 0x06, 0x49, 0x01, 0x20, 0x8d, 0xf8, 0x04, 0x00, 0x0a, 0x68, 0x00, 0x92, 0x8d, 0xf8,
  0x05, 0x00, 0x48, 0x68, 0x69, 0x46, 0xf6, 0xdf, 0x1e, 0xb0, 0x00, 0xbd, 0xc8, 0x64, 0xd0, 0x00,
  0x10, 0xb5, 0x9e, 0xb0, 0x0d, 0xf1, 0x40, 0x0c, 0x20, 0x9c, 0x02, 0x94, 0x8c, 0xe8, 0x0f, 0x00,
  0x01, 0x20, 0x8d, 0xf8, 0x04, 0x00, 0x05, 0x48, 0x01, 0x68, 0x00, 0x91, 0x02, 0x21, 0x8d, 0xf8,
  0x05, 0x10, 0x69, 0x46, 0x40, 0x68, 0xf6, 0xdf, 0x1e, 0xb0, 0x10, 0xbd, 0x48, 0x65, 0xd0, 0x00,
  0x70, 0xb5, 0x9e, 0xb0, 0x0d, 0xf1, 0x88, 0x0c, 0x9c, 0xe8, 0x70, 0x00, 0x0d, 0xf1, 0x08, 0x0c,
  0x8c, 0xe8, 0x07, 0x00, 0x0d, 0xf1, 0x40, 0x0c, 0x01, 0x20, 0x8c, 0xe8, 0x78, 0x00, 0x8d, 0xf8,
  0x04, 0x00, 0x05, 0x48, 0x01, 0x68, 0x00, 0x91, 0x02, 0x21, 0x8d, 0xf8, 0x05, 0x10, 0x69, 0x46,
  0x40, 0x68, 0xf6, 0xdf, 0x1e, 0xb0, 0x70, 0xbd, 0x20, 0x64, 0xd0, 0x00, 0x00, 0xb5, 0x9e, 0xb0,
  0x0d, 0xf1, 0x08, 0x0c, 0x8c, 0xe8, 0x0f, 0x00, 0x01, 0x20, 0x8d, 0xf8, 0x04, 0x00, 0x05, 0x48,
  0x01, 0x68, 0x00, 0x91, 0x00, 0x21, 0x8d, 0xf8, 0x05, 0x10, 0x69, 0x46, 0x40, 0x68, 0xf6, 0xdf,
  0x1e, 0xb0, 0x00, 0xbd, 0x20, 0x66, 0xd0, 0x00, 0x00, 0xb5, 0x9e, 0xb0, 0x02, 0x90, 0x01, 0x20,
  0x8d, 0xf8, 0x04, 0x00, 0x05, 0x48, 0x01, 0x68, 0x00, 0x91, 0x00, 0x21, 0x8d, 0xf8, 0x05, 0x10,
  0x69, 0x46, 0x40, 0x68, 0xf6, 0xdf, 0x1e, 0xb0, 0x00, 0xbd, 0x00, 0x00, 0xc0, 0x65, 0xd0, 0x00,
  0x00, 0xb5, 0x9e, 0xb0, 0x02, 0x90, 0x01, 0x20, 0x8d, 0xf8, 0x04, 0x00, 0x05, 0x48, 0x01, 0x68,
  0x00, 0x91, 0x00, 0x21, 0x8d, 0xf8, 0x05, 0x10, 0x69, 0x46, 0x40, 0x68, 0xf6, 0xdf, 0x1e, 0xb0,
  0x00, 0xbd, 0x00, 0x00, 0x68, 0x66, 0xd0, 0x00, 0x10, 0xb5, 0x9e, 0xb0, 0x0d, 0xf1, 0x08, 0x0c,
  0x20, 0x9c, 0x8c, 0xe8, 0x1f, 0x00, 0x01, 0x20, 0x8d, 0xf8, 0x04, 0x00, 0x05, 0x48, 0x01, 0x68,
  0x00, 0x91, 0x00, 0x21, 0x8d, 0xf8, 0x05, 0x10, 0x69, 0x46, 0x40, 0x68, 0xf6, 0xdf, 0x1e, 0xb0,
  0x10, 0xbd, 0x00, 0x00, 0xe0, 0x64, 0xd0, 0x00, 0x00, 0xb5, 0x9e, 0xb0, 0x01, 0x20, 0x8d, 0xf8,
  0x04, 0x00, 0x05, 0x48, 0x01, 0x68, 0x00, 0x91, 0x00, 0x21, 0x8d, 0xf8, 0x05, 0x10, 0x69, 0x46,
  0x40, 0x68, 0xf6, 0xdf, 0x1e, 0xb0, 0x00, 0xbd, 0xe0, 0x65, 0xd0, 0x00, 0x00, 0xb5, 0x9e, 0xb0,
  0x02, 0xab, 0x83, 0xe8, 0x07, 0x00, 0x01, 0x20, 0x8d, 0xf8, 0x04, 0x00, 0x05, 0x48, 0x01, 0x68,
  0x00, 0x91, 0x00, 0x21, 0x8d, 0xf8, 0x05, 0x10, 0x69, 0x46, 0x40, 0x68, 0xf6, 0xdf, 0x1e, 0xb0,
  0x00, 0xbd, 0x00, 0x00, 0x28, 0x66, 0xd0, 0x00, 0x00, 0xb5, 0x9e, 0xb0, 0x0d, 0xf1, 0x08, 0x0c,
  0x8c, 0xe8, 0x0f, 0x00, 0x01, 0x20, 0x8d, 0xf8, 0x04, 0x00, 0x05, 0x48, 0x01, 0x68, 0x00, 0x91,
  0x00, 0x21, 0x8d, 0xf8, 0x05, 0x10, 0x69, 0x46, 0x40, 0x68, 0xf6, 0xdf, 0x1e, 0xb0, 0x00, 0xbd,
  0xf8, 0x65, 0xd0, 0x00, 0x00, 0xb5, 0x9e, 0xb0, 0x0d, 0xf1, 0x08, 0x0c, 0x8c, 0xe8, 0x0f, 0x00,
  0x01, 0x20, 0x8d, 0xf8, 0x04, 0x00, 0x05, 0x48, 0x01, 0x68, 0x00, 0x91, 0x00, 0x21, 0x8d, 0xf8,
  0x05, 0x10, 0x69, 0x46, 0x40, 0x68, 0xf6, 0xdf, 0x1e, 0xb0, 0x00, 0xbd, 0x10, 0x66, 0xd0, 0x00,
  0x00, 0xb5, 0x9e, 0xb0, 0xcd, 0xe9, 0x02, 0x01, 0x07, 0x48, 0x01, 0x21, 0xcd, 0xe9, 0x10, 0x23,
  0x8d, 0xf8, 0x04, 0x10, 0x02, 0x68, 0x00, 0x92, 0x8d, 0xf8, 0x05, 0x10, 0x69, 0x46, 0x40, 0x68,
  0xf6, 0xdf, 0x1e, 0xb0, 0x00, 0xbd, 0x00, 0x00, 0xe8, 0x64, 0xd0, 0x00, 0x00, 0xb5, 0x9e, 0xb0,
  0x01, 0x20, 0x8d, 0xf8, 0x04, 0x00, 0x05, 0x48, 0x01, 0x68, 0x00, 0x91, 0x00, 0x21, 0x8d, 0xf8,
  0x05, 0x10, 0x69, 0x46, 0x40, 0x68, 0xf6, 0xdf, 0x1e, 0xb0, 0x00, 0xbd, 0x50, 0x66, 0xd0, 0x00,
  0x10, 0xb5, 0x9e, 0xb0, 0x04, 0x46, 0x01, 0x20, 0x8d, 0xf8, 0x04, 0x00, 0x07, 0x48, 0x01, 0x68,
  0x00, 0x91, 0x00, 0x21, 0x8d, 0xf8, 0x05, 0x10, 0x69, 0x46, 0x40, 0x68, 0xf6, 0xdf, 0x00, 0x28,
  0x01, 0xd1, 0x02, 0x99, 0x21, 0x60, 0x1e, 0xb0, 0x10, 0xbd, 0x00, 0x00, 0xd8, 0x65, 0xd0, 0x00,
  0x00, 0xb5, 0x9e, 0xb0, 0xcd, 0xe9, 0x02, 0x01, 0x01, 0x20, 0x8d, 0xf8, 0x04, 0x00, 0x05, 0x48,
  0x01, 0x68, 0x00, 0x91, 0x00, 0x21, 0x8d, 0xf8, 0x05, 0x10, 0x69, 0x46, 0x40, 0x68, 0xf6, 0xdf,
  0x1e, 0xb0, 0x00, 0xbd, 0xa8, 0x65, 0xd0, 0x00, 0x00, 0xb5, 0x9e, 0xb0, 0x01, 0x20, 0x8d, 0xf8,
  0x04, 0x00, 0x05, 0x48, 0x01, 0x68, 0x00, 0x91, 0x00, 0x21, 0x8d, 0xf8, 0x05, 0x10, 0x69, 0x46,
  0x40, 0x68, 0xf6, 0xdf, 0x1e, 0xb0, 0x00, 0xbd, 0xb0, 0x65, 0xd0, 0x00, 0x00, 0xb5, 0x9e, 0xb0,
  0x02, 0xab, 0x83, 0xe8, 0x07, 0x00, 0x01, 0x20, 0x8d, 0xf8, 0x04, 0x00, 0x05, 0x48, 0x01, 0x68,
  0x00, 0x91, 0x00, 0x21, 0x8d, 0xf8, 0x05, 0x10, 0x69, 0x46, 0x40, 0x68, 0xf6, 0xdf, 0x1e, 0xb0,
  0x00, 0xbd, 0x00, 0x00, 0x50, 0x65, 0xd0, 0x00, 0x00, 0xb5, 0x9e, 0xb0, 0x01, 0x20, 0x8d, 0xf8,
  0x04, 0x00, 0x05, 0x48, 0x01, 0x68, 0x00, 0x91, 0x00, 0x21, 0x8d, 0xf8, 0x05, 0x10, 0x69, 0x46,
  0x40, 0x68, 0xf6, 0xdf, 0x1e, 0xb0, 0x00, 0xbd, 0x70, 0x66, 0xd0, 0x00, 0x00, 0xb5, 0x9e, 0xb0,
  0x0d, 0xf1, 0x40, 0x0c, 0x8c, 0xe8, 0x0f, 0x00, 0x01, 0x20, 0x8d, 0xf8, 0x04, 0x00, 0x05, 0x48,
  0x01, 0x68, 0x00, 0x91, 0x02, 0x21, 0x8d, 0xf8, 0x05, 0x10, 0x69, 0x46, 0x40, 0x68, 0xf6, 0xdf,
  0x1e, 0xb0, 0x00, 0xbd, 0x60, 0x64, 0xd0, 0x00, 0x00, 0xb5, 0x9e, 0xb0, 0x01, 0x20, 0x8d, 0xf8,
  0x04, 0x00, 0x05, 0x48, 0x01, 0x68, 0x00, 0x91, 0x00, 0x21, 0x8d, 0xf8, 0x05, 0x10, 0x69, 0x46,
  0x40, 0x68, 0xf6, 0xdf, 0x1e, 0xb0, 0x00, 0xbd, 0x40, 0x65, 0xd0, 0x00, 0x00, 0xb5, 0x9e, 0xb0,
  0x01, 0x20, 0x8d, 0xf8, 0x04, 0x00, 0x05, 0x48, 0x01, 0x68, 0x00, 0x91, 0x00, 0x21, 0x8d, 0xf8,
  0x05, 0x10, 0x69, 0x46, 0x40, 0x68, 0xf6, 0xdf, 0x1e, 0xb0, 0x00, 0xbd, 0x80, 0x65, 0xd0, 0x00,
  0x00, 0xb5, 0x9e, 0xb0, 0x02, 0x90, 0x01, 0x20, 0x8d, 0xf8, 0x04, 0x00, 0x05, 0x48, 0x01, 0x68,
  0x00, 0x91, 0x00, 0x21, 0x8d, 0xf8, 0x05, 0x10, 0x69, 0x46, 0x40, 0x68, 0xf6, 0xdf, 0x1e, 0xb0,
  0x00, 0xbd, 0x00, 0x00, 0xf0, 0x65, 0xd0, 0x00, 0x00, 0xb5, 0x9e, 0xb0, 0x02, 0x90, 0x01, 0x20,
  0x8d, 0xf8, 0x04, 0x00, 0x05, 0x48, 0x01, 0x68, 0x00, 0x91, 0x00, 0x21, 0x8d, 0xf8, 0x05, 0x10,
  0x69, 0x46, 0x40, 0x68, 0xf6, 0xdf, 0x1e, 0xb0, 0x00, 0xbd, 0x00, 0x00, 0xd8, 0x64, 0xd0, 0x00,
  0x00, 0xb5, 0x9e, 0xb0, 0x01, 0x23, 0xcd, 0xe9, 0x02, 0x30, 0x07, 0x48, 0xcd, 0xe9, 0x04, 0x12,
  0x8d, 0xf8, 0x04, 0x30, 0x01, 0x68, 0x00, 0x91, 0x00, 0x21, 0x8d, 0xf8, 0x05, 0x10, 0x69, 0x46,
  0x40, 0x68, 0xf6, 0xdf, 0x1e, 0xb0, 0x00, 0xbd, 0x38, 0x65, 0xd0, 0x00, 0x00, 0xb5, 0x9e, 0xb0,
  0xcd, 0xe9, 0x10, 0x01, 0x06, 0x49, 0x01, 0x20, 0x8d, 0xf8, 0x04, 0x00, 0x0a, 0x68, 0x00, 0x92,
  0x8d, 0xf8, 0x05, 0x00, 0x48, 0x68, 0x69, 0x46, 0xf6, 0xdf, 0x1e, 0xb0, 0x00, 0xbd, 0x00, 0x00,
  0xe0, 0x63, 0xd0, 0x00, 0x00, 0xb5, 0x9e, 0xb0, 0xcd, 0xe9, 0x10, 0x02, 0x01, 0x20, 0x8d, 0xf8,
  0x04, 0x00, 0x06, 0x48, 0xcd, 0xe9, 0x12, 0x12, 0x01, 0x68, 0x00, 0x91, 0x02, 0x21, 0x8d, 0xf8,
  0x05, 0x10, 0x69, 0x46, 0x40, 0x68, 0xf6, 0xdf, 0x1e, 0xb0, 0x00, 0xbd, 0xf8, 0x63, 0xd0, 0x00,
  0x10, 0xb5, 0x9e, 0xb0, 0x0d, 0xf1, 0x08, 0x0c, 0x20, 0x9c, 0x8c, 0xe8, 0x0f, 0x00, 0x01, 0x20,
  0x8d, 0xf8, 0x04, 0x00, 0x07, 0x48, 0x01, 0x68, 0x00, 0x91, 0x00, 0x21, 0x8d, 0xf8, 0x05, 0x10,
  0x69, 0x46, 0x40, 0x68, 0xf6, 0xdf, 0x00, 0x28, 0x01, 0xd1, 0x06, 0x99, 0x21, 0x60, 0x1e, 0xb0,
  0x10, 0xbd, 0x00, 0x00, 0xe8, 0x63, 0xd0, 0x00, 0x00, 0xb5, 0x9e, 0xb0, 0x02, 0x90, 0x01, 0x20,
  0x8d, 0xf8, 0x04, 0x00, 0x05, 0x48, 0x01, 0x68, 0x00, 0x91, 0x00, 0x21, 0x8d, 0xf8, 0x05, 0x10,
  0x69, 0x46, 0x40, 0x68, 0xf6, 0xdf, 0x1e, 0xb0, 0x00, 0xbd, 0x00, 0x00, 0xf0, 0x63, 0xd0, 0x00,
  0x01, 0x21, 0x04, 0x22, 0x00, 0xb5, 0x38, 0xb1, 0x01, 0x28, 0x07, 0xd0, 0x02, 0x28, 0x07, 0xd0,
  0x03, 0x28, 0x07, 0xd0, 0x04, 0x20, 0x00, 0xbd, 0x04, 0x48, 0x04, 0xe0, 0x04, 0x48, 0x02, 0xe0,
  0x04, 0x48, 0x00, 0xe0, 0x04, 0x48, 0xa5, 0xdf, 0x00, 0xbd, 0x00, 0x00, 0x3c, 0x57, 0x01, 0x00,
  0x3c, 0x5b, 0x01, 0x00, 0x3c, 0x5f, 0x01, 0x00, 0x3c, 0x63, 0x01, 0x00, 0x2d, 0xe9, 0xf0, 0x41,
  0x05, 0x46, 0x00, 0x78, 0x05, 0xf1, 0x08, 0x06, 0x20, 0x22, 0x00, 0xeb, 0x40, 0x01, 0x01, 0xeb,
  0x00, 0x10, 0x20, 0x49, 0x01, 0xeb, 0xc0, 0x00, 0x01, 0x21, 0x04, 0x46, 0x80, 0xf8, 0x7e, 0x10,
  0x69, 0x68, 0x01, 0x60, 0xe9, 0x6c, 0xc1, 0x62, 0x29, 0x6c, 0x01, 0x63, 0x29, 0x6d, 0xc1, 0x63,
  0xa9, 0x6c, 0x81, 0x67, 0x69, 0x6d, 0xc0, 0xf8, 0x94, 0x10, 0x04, 0xf1, 0x0c, 0x00, 0xa9, 0x68,
  0xa1, 0x60, 0x31, 0x1d, 0xfe, 0xf7, 0xe4, 0xeb, 0x00, 0x21, 0x08, 0x46, 0x32, 0x68, 0x83, 0x00,
  0xda, 0x40, 0x02, 0xf0, 0x0f, 0x02, 0x05, 0x2a, 0x03, 0xd0, 0x06, 0x2a, 0x01, 0xd0, 0x07, 0x2a,
  0x08, 0xd1, 0x06, 0xeb, 0xc0, 0x02, 0x04, 0xeb, 0xc1, 0x03, 0x49, 0x1c, 0x57, 0x68, 0x1f, 0x64,
  0x92, 0x68, 0x5a, 0x64, 0x40, 0x1c, 0x04, 0x28, 0xe8, 0xd3, 0x61, 0x71, 0x00, 0x20, 0x84, 0xf8,
  0x70, 0x00, 0x21, 0x46, 0xe0, 0x66, 0x28, 0x78, 0x95, 0xf8, 0x44, 0x20, 0xf5, 0xdf, 0xbd, 0xe8,
  0xf0, 0x81, 0x00, 0x00, 0x00, 0x80, 0xd0, 0x00, 0x2d, 0xe9, 0xf0, 0x41, 0x0d, 0x4e, 0xff, 0x25,
  0x00, 0x24, 0x07, 0x46, 0x04, 0xeb, 0x44, 0x00, 0x00, 0xeb, 0x04, 0x10, 0x06, 0xeb, 0xc0, 0x01,
  0x91, 0xf8, 0x91, 0x00, 0x28, 0xb1, 0x10, 0x22, 0x38, 0x46, 0x7f, 0x31, 0xfe, 0xf7, 0x38, 0xfb,
  0x28, 0xb1, 0x64, 0x1c, 0x20, 0x2c, 0xed, 0xd3, 0x28, 0x46, 0xbd, 0xe8, 0xf0, 0x81, 0xe5, 0xb2,
  0xfa, 0xe7, 0x00, 0x00, 0x00, 0x80, 0xd0, 0x00, 0x08, 0xb5, 0x01, 0x20, 0x69, 0x46, 0x02, 0xf0,
  0xbd, 0xf8, 0x20, 0xb9, 0x00, 0x98, 0xc0, 0x05, 0x01, 0xd5, 0x01, 0x20, 0x08, 0xbd, 0x00, 0x20,
  0x08, 0xbd, 0x00, 0x00, 0xf0, 0xb5, 0x11, 0x4d, 0x00, 0x23, 0x1a, 0x46, 0x1e, 0x46, 0x02, 0xeb,
  0x42, 0x01, 0x01, 0xeb, 0x02, 0x11, 0x05, 0xeb, 0xc1, 0x01, 0x91, 0xf8, 0x91, 0x40, 0x7c, 0xb1,
  0x91, 0xf8, 0x70, 0x40, 0x64, 0xb1, 0x00, 0xeb, 0x03, 0x14, 0x81, 0xf8, 0x70, 0x60, 0x5b, 0x1c,
  0x22, 0x71, 0x0f, 0x68, 0xa7, 0x60, 0xcf, 0x6e, 0xe7, 0x60, 0xd1, 0xf8, 0x94, 0x10, 0x21, 0x61,
  0x52, 0x1c, 0xd2, 0xb2, 0x20, 0x2a, 0xe2, 0xd3, 0x03, 0x60, 0xf0, 0xbd, 0x00, 0x80, 0xd0, 0x00,
  0x2d, 0xe9, 0xf0, 0x47, 0x8e, 0xb0, 0x05, 0x46, 0x4f, 0xf0, 0x00, 0x00, 0x92, 0x46, 0x0c, 0x00,
  0x4f, 0xf0, 0xff, 0x09, 0xdd, 0xe9, 0x17, 0x76, 0xdd, 0xf8, 0x58, 0x80, 0x0c, 0x90, 0x0b, 0x90,
  0x8d, 0xf8, 0x28, 0x90, 0x08, 0xd0, 0x01, 0x2b, 0x19, 0xd0, 0x01, 0xf5, 0x58, 0x74, 0x0b, 0x94,
  0xc4, 0xe9, 0x00, 0x68, 0x50, 0x46, 0xa2, 0xdf, 0x1f, 0x49, 0x28, 0x22, 0x68, 0x46, 0xfe, 0xf7,
  0x48, 0xeb, 0xe8, 0x68, 0x0a, 0xa9, 0x02, 0x90, 0x6a, 0x46, 0x28, 0x69, 0x07, 0x97, 0x03, 0x90,
  0x0c, 0xa8, 0x8d, 0xf8, 0x28, 0x90, 0x01, 0xf0, 0x35, 0xff, 0xf8, 0xb1, 0x23, 0xe0, 0x16, 0x49,
  0x28, 0x22, 0x68, 0x46, 0x28, 0x39, 0xfe, 0xf7, 0x34, 0xeb, 0xe0, 0x68, 0x0a, 0xa9, 0x02, 0x90,
  0x6a, 0x46, 0x20, 0x69, 0x03, 0x90, 0xa0, 0x69, 0x07, 0x97, 0x04, 0x90, 0x95, 0xf8, 0x20, 0x00,
  0x08, 0x90, 0x0b, 0xa8, 0x01, 0xf0, 0x1e, 0xff, 0x10, 0xb9, 0x0b, 0x98, 0xc0, 0xe9, 0x00, 0x68,
  0x9d, 0xf8, 0x28, 0x00, 0xff, 0x28, 0xcd, 0xd0, 0xa2, 0xdf, 0xcb, 0xe7, 0x0c, 0x99, 0x68, 0x69,
  0x08, 0x60, 0x00, 0xf0, 0x87, 0xfe, 0x9d, 0xf8, 0x28, 0x00, 0xff, 0x28, 0x00, 0xd0, 0xa2, 0xdf,
  0x0e, 0xb0, 0xbd, 0xe8, 0xf0, 0x87, 0x00, 0x00, 0xa0, 0x60, 0xd0, 0x00, 0x10, 0xb5, 0x04, 0x46,
  0x00, 0x20, 0x21, 0x69, 0x00, 0x29, 0x04, 0xd0, 0x94, 0xf8, 0x30, 0x00, 0xff, 0x28, 0x01, 0xd0,
  0x0d, 0x20, 0x10, 0xbd, 0x20, 0x78, 0xa2, 0xdf, 0x00, 0x21, 0x61, 0x60, 0xa1, 0x60, 0x21, 0x61,
  0x10, 0xbd, 0x00, 0x00, 0x2d, 0xe9, 0xf0, 0x41, 0xd0, 0xe9, 0x06, 0x05, 0x88, 0x46, 0x0d, 0x4f,
  0x00, 0x21, 0x0e, 0x18, 0x0c, 0x46, 0x4d, 0x41, 0x07, 0xeb, 0x44, 0x10, 0x01, 0x78, 0xff, 0x29,
  0x0a, 0xd0, 0xd0, 0xe9, 0x04, 0x10, 0x71, 0x40, 0x68, 0x40, 0x01, 0x43, 0x04, 0xd1, 0x01, 0x21,
  0x42, 0x46, 0x20, 0x46, 0x00, 0xf0, 0x12, 0xfd, 0x64, 0x1c, 0x30, 0x2c, 0xec, 0xd3, 0xbd, 0xe8,
  0xf0, 0x81, 0x00, 0x00, 0x30, 0x08, 0xd1, 0x00, 0x2d, 0xe9, 0xf0, 0x41, 0x8a, 0xb0, 0x07, 0x46,
  0x18, 0x69, 0x1c, 0x46, 0x15, 0x46, 0x0e, 0x46, 0xdd, 0xf8, 0x40, 0x80, 0x20, 0xb1, 0x40, 0xf2,
  0x15, 0x10, 0x0a, 0xb0, 0xbd, 0xe8, 0xf0, 0x81, 0x0d, 0xb1, 0xa8, 0x06, 0x01, 0xd0, 0x04, 0x20,
  0xf7, 0xe7, 0x13, 0x49, 0x28, 0x22, 0x68, 0x46, 0xfe, 0xf7, 0xba, 0xea, 0xcd, 0xf8, 0x1c, 0x80,
  0x20, 0x1d, 0x02, 0x96, 0x6a, 0x46, 0xcd, 0xe9, 0x03, 0x75, 0x21, 0x46, 0x01, 0xf0, 0xaa, 0xfe,
  0x00, 0x28, 0xe6, 0xd1, 0x04, 0xf1, 0x14, 0x00, 0x40, 0xf2, 0x00, 0x61, 0xfe, 0xf7, 0x1a, 0xfb,
  0x00, 0x20, 0xff, 0x21, 0x04, 0xeb, 0x40, 0x12, 0x82, 0xf8, 0x30, 0x10, 0x40, 0x1c, 0x30, 0x28,
  0xf8, 0xd3, 0x00, 0x20, 0xc4, 0xe9, 0x02, 0x50, 0x01, 0x20, 0x20, 0x61, 0x00, 0x20, 0xd0, 0xe7,
  0x50, 0x60, 0xd0, 0x00, 0x2d, 0xe9, 0xf0, 0x41, 0x00, 0x24, 0x50, 0x20, 0x96, 0xdf, 0x25, 0x4d,
  0x28, 0x60, 0x51, 0x20, 0x96, 0xdf, 0x24, 0x4e, 0x30, 0x60, 0x53, 0x20, 0x96, 0xdf, 0x23, 0x4f,
  0x38, 0x60, 0x0e, 0x20, 0x96, 0xdf, 0x22, 0x49, 0x08, 0x60, 0x40, 0x1c, 0x37, 0xd0, 0x28, 0x68,
  0x40, 0x1c, 0x34, 0xd0, 0x30, 0x68, 0x40, 0x1c, 0x31, 0xd0, 0x38, 0x68, 0x40, 0x1c, 0x2e, 0xd0,
  0x01, 0xf0, 0xf6, 0xfb, 0x40, 0xf2, 0x14, 0x65, 0x1a, 0x48, 0x29, 0x46, 0xfe, 0xf7, 0xe2, 0xfa,
  0x19, 0x48, 0x29, 0x46, 0xfe, 0xf7, 0xde, 0xfa, 0x18, 0x48, 0x45, 0xf6, 0x2c, 0x31, 0xfe, 0xf7,
  0xd9, 0xfa, 0x17, 0x48, 0x40, 0xf2, 0x00, 0x61, 0xfe, 0xf7, 0xd4, 0xfa, 0x14, 0x4b, 0x00, 0x21,
  0xff, 0x20, 0x03, 0xeb, 0x41, 0x12, 0x49, 0x1c, 0x30, 0x29, 0x50, 0x70, 0x10, 0x70, 0xf8, 0xd3,
  0x93, 0xdf, 0x10, 0x49, 0x08, 0x60, 0x02, 0x20, 0xac, 0xdf, 0x0f, 0x49, 0x08, 0x60, 0x0f, 0x48,
  0x0f, 0x49, 0x00, 0x68, 0xc0, 0xf8, 0x00, 0x1a, 0x20, 0x46, 0xbd, 0xe8, 0xf0, 0x81, 0x23, 0x20,
  0xfb, 0xe7, 0x00, 0x00, 0x5c, 0x70, 0xd0, 0x00, 0x60, 0x70, 0xd0, 0x00, 0x64, 0x70, 0xd0, 0x00,
  0x68, 0x70, 0xd0, 0x00, 0x00, 0x93, 0xd0, 0x00, 0x14, 0x99, 0xd0, 0x00, 0x28, 0x9f, 0xd0, 0x00,
  0x30, 0x08, 0xd1, 0x00, 0xb0, 0x70, 0xd0, 0x00, 0xb4, 0x70, 0xd0, 0x00, 0x34, 0x70, 0xd0, 0x00,
  0x00, 0x00, 0xc0, 0x80, 0x5f, 0x49, 0x8c, 0xb0, 0x00, 0x25, 0xdf, 0xf8, 0x7c, 0xa1, 0x2f, 0x46,
  0x8b, 0x46, 0x8d, 0xf8, 0x24, 0x50, 0x0a, 0xf2, 0x14, 0x69, 0x4c, 0x69, 0x4f, 0xf6, 0xff, 0x78,
  0x04, 0xf6, 0x08, 0x20, 0x0b, 0x90, 0x08, 0x30, 0x0a, 0x90, 0x04, 0xf5, 0x20, 0x64, 0x5e, 0x46,
  0x0b, 0xf1, 0x3c, 0x00, 0x4f, 0xf0, 0xff, 0x33, 0x07, 0xc8, 0x98, 0xdf, 0x20, 0x22, 0x21, 0x46,
  0x01, 0xa8, 0xfe, 0xf7, 0x0e, 0xea, 0x01, 0x98, 0x00, 0x28, 0x42, 0xdb, 0x01, 0x98, 0x01, 0x21,
  0xc0, 0xf3, 0x05, 0x42, 0x05, 0x20, 0xfe, 0xf7, 0x5f, 0xfe, 0x01, 0x98, 0xc0, 0xf3, 0x05, 0x40,
  0x01, 0x28, 0x47, 0xd0, 0x01, 0x98, 0xc0, 0xf3, 0x05, 0x40, 0x02, 0x28, 0x4a, 0xd0, 0x01, 0x98,
  0xc0, 0xf3, 0x05, 0x40, 0x0c, 0x28, 0x50, 0xd0, 0x01, 0x98, 0xc0, 0xf3, 0x05, 0x40, 0x0b, 0x28,
  0x52, 0xd0, 0x01, 0x98, 0xc0, 0xf3, 0x05, 0x40, 0x03, 0x28, 0x54, 0xd0, 0x01, 0x98, 0xc0, 0xf3,
  0x05, 0x40, 0x04, 0x28, 0x5b, 0xd0, 0x01, 0x98, 0xc0, 0xf3, 0x05, 0x40, 0x05, 0x28, 0x61, 0xd0,
  0x01, 0x98, 0xc0, 0xf3, 0x05, 0x40, 0x06, 0x28, 0x5f, 0xd0, 0x01, 0x98, 0xc0, 0xf3, 0x05, 0x40,
  0x07, 0x28, 0x5c, 0xd0, 0x40, 0xf2, 0x00, 0x15, 0x02, 0x21, 0x2a, 0x46, 0x05, 0x20, 0xfe, 0xf7,
  0x2b, 0xfe, 0xa8, 0xb2, 0x21, 0x68, 0x40, 0xf4, 0x40, 0x00, 0x40, 0xf0, 0x00, 0x40, 0x01, 0x43,
  0x21, 0x60, 0xcd, 0xf8, 0x00, 0x80, 0x46, 0x46, 0x61, 0x68, 0x01, 0x23, 0x0b, 0x9a, 0x50, 0x46,
  0x01, 0xf0, 0xfa, 0xfa, 0x00, 0x96, 0xe1, 0x68, 0x02, 0x23, 0x0a, 0x9a, 0x48, 0x46, 0x01, 0xf0,
  0xf3, 0xfa, 0x9c, 0xe7, 0x67, 0x60, 0x08, 0x9a, 0xcd, 0xf8, 0x00, 0x80, 0x06, 0x99, 0x07, 0x98,
  0x53, 0x46, 0x06, 0xe0, 0xe7, 0x60, 0x08, 0x9a, 0xcd, 0xf8, 0x00, 0x80, 0x06, 0x99, 0x07, 0x98,
  0x4b, 0x46, 0xff, 0xf7, 0xd1, 0xfe, 0x05, 0x46, 0xce, 0xe7, 0x48, 0x46, 0xff, 0xf7, 0x96, 0xfe,
  0x05, 0x46, 0x41, 0x46, 0x02, 0x20, 0x0f, 0xe0, 0x50, 0x46, 0xff, 0xf7, 0x8f, 0xfe, 0x05, 0x46,
  0x41, 0x46, 0x01, 0x20, 0x08, 0xe0, 0x50, 0x46, 0xff, 0xf7, 0x88, 0xfe, 0x48, 0x46, 0xff, 0xf7,
  0x85, 0xfe, 0x05, 0x46, 0x41, 0x46, 0x00, 0x20, 0xfe, 0xf7, 0x98, 0xfc, 0xb4, 0xe7, 0xda, 0xf8,
  0x10, 0x00, 0x28, 0xb1, 0xd9, 0xf8, 0x10, 0x00, 0x10, 0xb1, 0x40, 0xf2, 0x15, 0x15, 0xab, 0xe7,
  0x00, 0x25, 0xa9, 0xe7, 0x01, 0x20, 0x30, 0x72, 0xa6, 0xe7, 0x37, 0x72, 0xa4, 0xe7, 0xfe, 0xf7,
  0x1f, 0xff, 0x09, 0xa8, 0xff, 0xf7, 0x7a, 0xf8, 0x05, 0x46, 0x01, 0x20, 0xfe, 0xf7, 0xa4, 0xfd,
  0x9a, 0xe7, 0x00, 0x00, 0x20, 0x70, 0xd0, 0x00, 0x00, 0x93, 0xd0, 0x00, 0x2d, 0xe9, 0xff, 0x4f,
  0xad, 0xf2, 0x94, 0x4d, 0x89, 0x46, 0x00, 0x24, 0x80, 0x46, 0xff, 0x21, 0xa2, 0x46, 0xdd, 0xf8,
  0xc8, 0x54, 0x0d, 0xf5, 0x82, 0x67, 0xcd, 0xf8, 0x0c, 0x44, 0x26, 0x46, 0xcd, 0xf8, 0x7c, 0x44,
  0xcd, 0xf8, 0x78, 0x44, 0x8d, 0xf8, 0x84, 0x14, 0xcd, 0xf8, 0x90, 0x44, 0xcd, 0xf8, 0x88, 0x44,
  0xcd, 0xf8, 0x80, 0x44, 0xcd, 0xf8, 0x8c, 0x44, 0x00, 0xf0, 0xbc, 0xfc, 0x40, 0x22, 0x49, 0x46,
  0x38, 0x46, 0xfe, 0xf7, 0x46, 0xe9, 0xdd, 0xf8, 0x9c, 0x04, 0x4f, 0xf0, 0xff, 0x39, 0xdf, 0xf8,
  0x04, 0xb4, 0x01, 0x28, 0x02, 0xd1, 0xdd, 0xf8, 0x18, 0x04, 0x78, 0xb3, 0xfe, 0x49, 0x28, 0x22,
  0x0d, 0xf5, 0x8a, 0x60, 0xfe, 0xf7, 0x34, 0xe9, 0xdd, 0xf8, 0x10, 0x04, 0x0d, 0xf5, 0x8a, 0x62,
  0xcd, 0xf8, 0x58, 0x04, 0x0d, 0xf2, 0x84, 0x41, 0xdd, 0xf8, 0x14, 0x04, 0xcd, 0xf8, 0x6c, 0x54,
  0xcd, 0xf8, 0x5c, 0x04, 0x9d, 0xf8, 0x30, 0x04, 0xcd, 0xf8, 0x70, 0x04, 0x0d, 0xf2, 0x0c, 0x40,
  0x01, 0xf0, 0x18, 0xfd, 0xdd, 0xf8, 0x0c, 0x14, 0x04, 0x46, 0x81, 0xb3, 0x03, 0xa8, 0x40, 0xf2,
  0x00, 0x42, 0xfe, 0xf7, 0x16, 0xe9, 0x05, 0x9e, 0x01, 0x21, 0x06, 0x20, 0x40, 0xf2, 0x00, 0x14,
  0x32, 0x46, 0xfe, 0xf7, 0x69, 0xfd, 0x03, 0x2e, 0x30, 0xd0, 0x45, 0xe0, 0x03, 0xe0, 0xdb, 0xf8,
  0x00, 0x00, 0x49, 0x46, 0x97, 0xdf, 0x98, 0xf8, 0x30, 0x00, 0xff, 0x28, 0xf7, 0xd1, 0x97, 0xf8,
  0x21, 0x00, 0x01, 0x28, 0x0a, 0xd0, 0x02, 0x28, 0x0d, 0xd0, 0x01, 0x23, 0xcd, 0xf8, 0x00, 0xa0,
  0xff, 0x22, 0x38, 0x46, 0x00, 0x21, 0xcd, 0xe9, 0x01, 0x54, 0x14, 0xe0, 0x29, 0x46, 0x38, 0x46,
  0xff, 0xf7, 0xf8, 0xfd, 0x96, 0xe0, 0x38, 0x46, 0x02, 0xf0, 0xb4, 0xff, 0x92, 0xe0, 0xff, 0xe7,
  0xdd, 0xf8, 0x7c, 0x04, 0x00, 0x21, 0xcd, 0xe9, 0x00, 0x05, 0x9d, 0xf8, 0x84, 0x24, 0x38, 0x46,
  0xdd, 0xf8, 0x9c, 0x34, 0x02, 0x94, 0xff, 0xf7, 0x73, 0xfd, 0x83, 0xe0, 0x0a, 0x98, 0x03, 0xab,
  0x00, 0x95, 0x39, 0x46, 0xdd, 0xf8, 0x9c, 0x24, 0xcd, 0xf8, 0x7c, 0x04, 0x40, 0x46, 0x01, 0xf0,
  0xa7, 0xfe, 0x04, 0x00, 0x08, 0xd1, 0xdd, 0xf8, 0xa0, 0x14, 0x01, 0x20, 0x08, 0x60, 0x71, 0xe0,
  0xdb, 0xf8, 0x00, 0x00, 0x49, 0x46, 0x97, 0xdf, 0x98, 0xf8, 0x30, 0x00, 0xff, 0x28, 0xf7, 0xd1,
  0xdf, 0xf8, 0x08, 0x93, 0x4f, 0xf6, 0xff, 0x78, 0x45, 0x45, 0x03, 0xd0, 0x30, 0x46, 0xfe, 0xf7,
  0xe1, 0xfb, 0x80, 0xb1, 0x03, 0x2e, 0x4d, 0xd0, 0xdf, 0xf8, 0xf4, 0xb2, 0xdb, 0xf8, 0x00, 0x00,
  0xd0, 0xf8, 0x80, 0x06, 0x48, 0xb1, 0x0d, 0xf5, 0x92, 0x60, 0x0d, 0xf5, 0x90, 0x61, 0xb3, 0xdf,
  0x04, 0x00, 0x4f, 0xd1, 0x01, 0xe0, 0x4c, 0x46, 0x3c, 0xe0, 0x03, 0xa9, 0x30, 0x46, 0x02, 0xf0,
  0xc1, 0xf9, 0x04, 0x00, 0x36, 0xd1, 0x10, 0x2e, 0x0a, 0xa8, 0x6f, 0xd0, 0x0b, 0xdc, 0x10, 0x2e,
  0x2e, 0xd2, 0xdf, 0xe8, 0x06, 0xf0, 0x2d, 0x4d, 0xa3, 0x2d, 0x6c, 0xc9, 0xd0, 0xfa, 0xf8, 0xf7,
  0xf6, 0xf5, 0xf4, 0xf3, 0xf2, 0xf1, 0x24, 0x2e, 0x40, 0xf2, 0x21, 0x11, 0x7e, 0xd0, 0x11, 0xdc,
  0x20, 0x2e, 0x7c, 0xd0, 0x07, 0xdc, 0x11, 0x2e, 0x0c, 0xaa, 0x79, 0xd0, 0x12, 0x2e, 0x78, 0xd0,
  0x13, 0x2e, 0x15, 0xd1, 0x69, 0xe1, 0x21, 0x2e, 0x74, 0xd0, 0x22, 0x2e, 0x73, 0xd0, 0x23, 0x2e,
  0x0e, 0xd1, 0x55, 0xe1, 0x28, 0x2e, 0x6f, 0xd0, 0x06, 0xdc, 0x25, 0x2e, 0x6d, 0xd0, 0x26, 0x2e,
  0x6c, 0xd0, 0x27, 0x2e, 0x04, 0xd1, 0x02, 0xe1, 0x29, 0x2e, 0x68, 0xd0, 0x45, 0x2e, 0x67, 0xd0,
  0x40, 0xf2, 0x00, 0x14, 0xdd, 0xf8, 0x7c, 0x04, 0xcd, 0xe9, 0x00, 0x05, 0x9d, 0xf8, 0x84, 0x24,
  0x38, 0x46, 0xdd, 0xf8, 0x9c, 0x34, 0xdd, 0xf8, 0x0c, 0x14, 0x02, 0x94, 0xff, 0xf7, 0xf0, 0xfc,
  0xcd, 0xf8, 0x0c, 0xa4, 0x02, 0x21, 0x06, 0x20, 0x22, 0x46, 0xfe, 0xf7, 0xad, 0xfc, 0xa5, 0xf5,
  0x7f, 0x40, 0xff, 0x38, 0x03, 0xd0, 0xdd, 0xf8, 0x9c, 0x04, 0x02, 0x28, 0x7b, 0xd0, 0x95, 0xe1,
  0x00, 0x95, 0x0d, 0xf2, 0x7c, 0x42, 0xdd, 0xf8, 0x9c, 0x34, 0x03, 0xa9, 0x38, 0x46, 0x00, 0xf0,
  0xb9, 0xf9, 0x04, 0x46, 0xdb, 0xf8, 0x00, 0x00, 0xd0, 0xf8, 0x80, 0x06, 0x00, 0x28, 0xd1, 0xd0,
  0x0d, 0xf5, 0x91, 0x60, 0x0d, 0xf5, 0x8f, 0x61, 0xb3, 0xdf, 0x04, 0x00, 0xca, 0xd1, 0xdd, 0xf8,
  0x80, 0x14, 0xdd, 0xf8, 0x78, 0x04, 0x41, 0x1a, 0x02, 0x20, 0x59, 0xe0, 0x21, 0xe1, 0x00, 0x95,
  0x0d, 0xf2, 0x7c, 0x42, 0xdd, 0xf8, 0x9c, 0x34, 0x03, 0xa9, 0x38, 0x46, 0x00, 0xf0, 0x9a, 0xf9,
  0x04, 0x46, 0xdb, 0xf8, 0x00, 0x00, 0xd0, 0xf8, 0x80, 0x06, 0xd0, 0xb1, 0x0d, 0xf5, 0x91, 0x60,
  0x0d, 0xf5, 0x8f, 0x61, 0xb3, 0xdf, 0x04, 0x00, 0xac, 0xd1, 0xdd, 0xf8, 0x80, 0x14, 0xdd, 0xf8,
  0x78, 0x04, 0x41, 0x1a, 0x02, 0x20, 0xff, 0xf7, 0x4f, 0xf9, 0x0c, 0xe0, 0xea, 0xe0, 0xb5, 0xe0,
  0x07, 0xe1, 0xe9, 0xe0, 0xde, 0xe0, 0x26, 0xe1, 0xa5, 0xe0, 0x3b, 0xe1, 0x3f, 0xe1, 0x92, 0xe0,
  0x08, 0xe1, 0x00, 0x2c, 0x96, 0xd1, 0x0d, 0xf2, 0x8c, 0x40, 0x02, 0xf0, 0x67, 0xff, 0x00, 0x28,
  0x90, 0xd1, 0xdd, 0xf8, 0x8c, 0x04, 0xff, 0xf7, 0xbd, 0xf8, 0x8b, 0xe7, 0xdd, 0xf8, 0x9c, 0x24,
  0x39, 0x46, 0x0a, 0x98, 0xfe, 0xf7, 0xdc, 0xfa, 0x04, 0x00, 0x06, 0xd1, 0xdd, 0xf8, 0x9c, 0x14,
  0x2a, 0x46, 0x0a, 0x98, 0x00, 0xf0, 0x1a, 0xfa, 0x04, 0x46, 0xdb, 0xf8, 0x00, 0x00, 0xd0, 0xf8,
  0x80, 0x06, 0x00, 0x28, 0xe9, 0xd0, 0x0d, 0xf5, 0x91, 0x60, 0x0d, 0xf5, 0x8f, 0x61, 0xb3, 0xdf,
  0x04, 0x00, 0xe2, 0xd1, 0xdd, 0xf8, 0x80, 0x14, 0xdd, 0xf8, 0x78, 0x04, 0x41, 0x1a, 0x03, 0x20,
  0xff, 0xf7, 0x12, 0xf9, 0x66, 0xe7, 0x14, 0xe1, 0x97, 0xf8, 0x20, 0x20, 0x18, 0x21, 0x2b, 0x46,
  0xff, 0xf7, 0x34, 0xf9, 0x0b, 0xe1, 0x97, 0xf8, 0x20, 0x10, 0x60, 0x23, 0xdd, 0xf8, 0x0c, 0x24,
  0xcd, 0xe9, 0x00, 0x15, 0x10, 0x21, 0x02, 0xf5, 0x58, 0x72, 0xfe, 0xf7, 0x5b, 0xff, 0x04, 0x46,
  0xdb, 0xf8, 0x00, 0x00, 0xd0, 0xf8, 0x80, 0x06, 0x00, 0x28, 0xbe, 0xd0, 0x0d, 0xf5, 0x91, 0x60,
  0x0d, 0xf5, 0x8f, 0x61, 0xb3, 0xdf, 0x04, 0x00, 0xb7, 0xd1, 0xdd, 0xf8, 0x80, 0x14, 0xdd, 0xf8,
  0x78, 0x04, 0x41, 0x1a, 0x01, 0x20, 0xd3, 0xe7, 0xd4, 0xe0, 0xcd, 0xe0, 0x3d, 0xe0, 0x28, 0xe0,
  0x1e, 0xe0, 0x19, 0xe0, 0x13, 0xe0, 0x06, 0xe0, 0xff, 0xe7, 0x45, 0x45, 0x7f, 0xf4, 0xf3, 0xae,
  0xfe, 0xf7, 0x3e, 0xfd, 0xdb, 0xe0, 0xdd, 0xf8, 0x0c, 0x24, 0x60, 0x23, 0x97, 0xf8, 0x20, 0x10,
  0x02, 0xf5, 0x58, 0x72, 0x00, 0x91, 0x14, 0x21, 0xfe, 0xf7, 0xc8, 0xfd, 0xcf, 0xe0, 0x18, 0x21,
  0x2a, 0x46, 0xff, 0xf7, 0x09, 0xf9, 0xca, 0xe0, 0x28, 0x46, 0xfe, 0xf7, 0x3b, 0xfd, 0xc6, 0xe0,
  0x0d, 0x98, 0x00, 0x90, 0x28, 0x46, 0x0c, 0x9b, 0xdd, 0xe9, 0x0a, 0x21, 0xff, 0xf7, 0x84, 0xf9,
  0xbd, 0xe0, 0xdd, 0xf8, 0x0c, 0x24, 0x60, 0x23, 0xdd, 0xe9, 0x0a, 0x01, 0x02, 0xf5, 0x58, 0x72,
  0xff, 0xf7, 0xe6, 0xf9, 0xb3, 0xe0, 0x0a, 0x98, 0xff, 0xf7, 0x62, 0xf9, 0xaf, 0xe0, 0x0a, 0xac,
  0x94, 0xe8, 0x0f, 0x00, 0xff, 0xf7, 0xb0, 0xf9, 0xa9, 0xe0, 0x45, 0x45, 0xc6, 0xd1, 0x0a, 0x98,
  0xff, 0xf7, 0x42, 0xf9, 0xa3, 0xe0, 0x45, 0x45, 0x06, 0xd1, 0x0a, 0xac, 0x28, 0x46, 0x94, 0xe8,
  0x0e, 0x00, 0xff, 0xf7, 0xb7, 0xf9, 0x9a, 0xe0, 0x0c, 0x46, 0xeb, 0xe6, 0x45, 0x45, 0xfb, 0xd1,
  0xdd, 0xf8, 0x0c, 0x04, 0x0a, 0xac, 0x00, 0xf5, 0x5c, 0x70, 0x00, 0x90, 0x94, 0xe8, 0x07, 0x00,
  0x97, 0xf8, 0x20, 0x30, 0xfe, 0xf7, 0x00, 0xff, 0x04, 0x46, 0xdb, 0xf8, 0x00, 0x00, 0xd0, 0xf8,
  0x80, 0x06, 0x07, 0xe0, 0xb4, 0x70, 0xd0, 0x00, 0xf0, 0x60, 0xd0, 0x00, 0x04, 0x02, 0x00, 0x80,
  0x70, 0x70, 0xd0, 0x00, 0x00, 0x28, 0xe0, 0xd0, 0x0d, 0xf5, 0x91, 0x60, 0x0d, 0xf5, 0x8f, 0x61,
  0xb3, 0xdf, 0x04, 0x00, 0xd9, 0xd1, 0xdd, 0xf8, 0x80, 0x14, 0xdd, 0xf8, 0x78, 0x04, 0x41, 0x1a,
  0x04, 0x20, 0x55, 0xe7, 0x97, 0xf8, 0x20, 0x00, 0x29, 0x46, 0xfe, 0xf7, 0x45, 0xfc, 0x66, 0xe0,
  0x01, 0x24, 0xb7, 0xe6, 0x01, 0x20, 0x0f, 0xe0, 0x45, 0x45, 0xb7, 0xd1, 0xdd, 0xf8, 0x0c, 0x04,
  0x00, 0xf5, 0x67, 0x70, 0xfe, 0xf7, 0x02, 0xfe, 0x59, 0xe0, 0x45, 0x45, 0xae, 0xd1, 0xdd, 0xe9,
  0x0a, 0x01, 0xfe, 0xf7, 0x1b, 0xfd, 0x12, 0xe0, 0xdd, 0xf8, 0x0c, 0x14, 0xc1, 0xf8, 0x9c, 0x03,
  0xa0, 0xe6, 0x45, 0x45, 0xa2, 0xd1, 0x0a, 0xab, 0x93, 0xe8, 0x07, 0x00, 0xfe, 0xf7, 0x78, 0xfc,
  0x45, 0xe0, 0x45, 0x45, 0x9a, 0xd1, 0xdd, 0xe9, 0x0a, 0x01, 0xfe, 0xf7, 0x87, 0xfc, 0x04, 0x46,
  0x0c, 0x98, 0xe9, 0xe7, 0x45, 0x45, 0x91, 0xd1, 0x30, 0x48, 0x01, 0x78, 0x00, 0x29, 0xcf, 0xd1,
  0x01, 0x21, 0x01, 0x70, 0x0a, 0x99, 0x0f, 0x29, 0x09, 0xd2, 0x08, 0x46, 0x2c, 0x49, 0x08, 0x60,
  0x2c, 0x49, 0x0b, 0x98, 0x08, 0x60, 0x2c, 0x48, 0x00, 0x68, 0xad, 0xdf, 0x27, 0xe0, 0x2b, 0x4c,
  0x80, 0xf8, 0x00, 0xa0, 0x76, 0xe6, 0xdd, 0xf8, 0x0c, 0x24, 0x60, 0x23, 0x10, 0x21, 0x02, 0xf5,
  0x58, 0x72, 0xfe, 0xf7, 0x0d, 0xfc, 0x1a, 0xe0, 0x02, 0xf0, 0x5c, 0xf9, 0x0a, 0x98, 0xfe, 0xf7,
  0xff, 0xff, 0x14, 0xe0, 0xdd, 0xf8, 0x0c, 0x14, 0x01, 0xf5, 0x69, 0x70, 0x01, 0x1f, 0xfe, 0xf7,
  0x63, 0xfd, 0x0c, 0xe0, 0xdd, 0xe9, 0x0a, 0x01, 0x02, 0xf0, 0x16, 0xfe, 0x07, 0xe0, 0xdd, 0xf8,
  0x0c, 0x24, 0x04, 0x23, 0x84, 0x21, 0x02, 0xf5, 0x68, 0x72, 0xff, 0xf7, 0xbf, 0xf9, 0x04, 0x46,
  0x50, 0xe6, 0x01, 0x22, 0x29, 0x46, 0x20, 0x46, 0xff, 0xf7, 0xe8, 0xf8, 0xdd, 0xf8, 0xa0, 0x04,
  0x00, 0x68, 0x01, 0x28, 0x0e, 0xd0, 0x06, 0x2e, 0x0c, 0xd0, 0x97, 0xf8, 0x21, 0x00, 0x01, 0x28,
  0x08, 0xd0, 0x0f, 0x4c, 0x20, 0x68, 0x94, 0xdf, 0xdd, 0xf8, 0x9c, 0x04, 0x01, 0xf0, 0xf2, 0xff,
  0x20, 0x68, 0x95, 0xdf, 0xdd, 0xf8, 0x0c, 0x04, 0x00, 0x28, 0x02, 0xd0, 0x9d, 0xf8, 0x84, 0x04,
  0xa2, 0xdf, 0x0d, 0xf2, 0xa4, 0x4d, 0xbd, 0xe8, 0xf0, 0x8f, 0x00, 0x00, 0x26, 0x70, 0xd0, 0x00,
  0x2c, 0x70, 0xd0, 0x00, 0x30, 0x70, 0xd0, 0x00, 0x68, 0x70, 0xd0, 0x00, 0x06, 0x00, 0xff, 0xff,
  0xb0, 0x70, 0xd0, 0x00, 0x2d, 0xe9, 0xff, 0x4f, 0x9f, 0xb0, 0x9a, 0x46, 0x0d, 0x46, 0x80, 0x46,
  0xdd, 0xf8, 0xb0, 0x90, 0x48, 0x46, 0x01, 0xf0, 0xdb, 0xf9, 0x18, 0xb1, 0x28, 0x8d, 0x00, 0x05,
  0x08, 0xd1, 0x04, 0xe0, 0x40, 0xf2, 0x21, 0x10, 0x23, 0xb0, 0xbd, 0xe8, 0xf0, 0x8f, 0x28, 0x8e,
  0x00, 0x05, 0x01, 0xd0, 0x06, 0x20, 0xf7, 0xe7, 0x68, 0x6a, 0xb0, 0xf5, 0x80, 0x5f, 0x01, 0xd2,
  0x04, 0x20, 0xf1, 0xe7, 0x49, 0x48, 0x00, 0x26, 0x40, 0xf2, 0x16, 0x17, 0x00, 0xeb, 0x46, 0x14,
  0x21, 0x78, 0xff, 0x29, 0x05, 0xd0, 0x76, 0x1c, 0x30, 0x2e, 0xf7, 0xd3, 0x00, 0x2f, 0x72, 0xd1,
  0x01, 0xe0, 0xff, 0x20, 0x60, 0x70, 0xc4, 0xe9, 0x06, 0xa9, 0x28, 0x6b, 0xc0, 0xb1, 0x40, 0x49,
  0x28, 0x22, 0x14, 0xa8, 0xfd, 0xf7, 0x4c, 0xee, 0xa8, 0x6a, 0x61, 0x1c, 0x16, 0x90, 0x14, 0xaa,
  0xe8, 0x6a, 0x17, 0x90, 0x28, 0x6b, 0xcd, 0xf8, 0x6c, 0x90, 0x18, 0x90, 0x98, 0xf8, 0x20, 0x00,
  0x1c, 0x90, 0x20, 0x1d, 0x01, 0xf0, 0x36, 0xfa, 0x07, 0x00, 0x54, 0xd1, 0x28, 0x6b, 0xa0, 0x60,
  0x4a, 0x46, 0x98, 0xf8, 0x20, 0x30, 0xd5, 0xe9, 0x07, 0x01, 0xfe, 0xf7, 0xff, 0xff, 0x07, 0x00,
  0x49, 0xd1, 0x98, 0xf8, 0x20, 0x20, 0x03, 0x23, 0x01, 0x20, 0x04, 0x93, 0x8d, 0xe8, 0x05, 0x06,
  0x6a, 0x6a, 0x23, 0x46, 0xd5, 0xe9, 0x07, 0x10, 0x01, 0xf0, 0x84, 0xf9, 0x07, 0x00, 0x3a, 0xd1,
  0xba, 0xf1, 0x01, 0x0f, 0x83, 0x46, 0x03, 0xd0, 0xba, 0xf1, 0x02, 0x0f, 0x09, 0xd0, 0x0b, 0xe0,
  0xd8, 0xe9, 0x06, 0x21, 0x1b, 0xeb, 0x02, 0x02, 0x41, 0xeb, 0x0b, 0x01, 0xc4, 0xe9, 0x04, 0x21,
  0x02, 0xe0, 0x00, 0x20, 0xc4, 0xe9, 0x04, 0x00, 0x20, 0x78, 0xdf, 0xf8, 0x78, 0x80, 0x00, 0xeb,
  0x40, 0x01, 0x01, 0xeb, 0x00, 0x11, 0x08, 0xeb, 0xc1, 0x00, 0x90, 0xf8, 0x90, 0x00, 0x01, 0x28,
  0x29, 0xd1, 0x38, 0x21, 0x05, 0xa8, 0xfd, 0xf7, 0x6d, 0xfe, 0x60, 0x78, 0xff, 0x28, 0x05, 0xd0,
  0x60, 0x68, 0x06, 0x90, 0x28, 0x6b, 0x07, 0x90, 0x07, 0x20, 0x05, 0x90, 0xff, 0x22, 0xcd, 0xe9,
  0x00, 0x2b, 0xcd, 0xe9, 0x02, 0xb9, 0x20, 0x78, 0x00, 0x23, 0x0f, 0x4a, 0x05, 0xa9, 0xfd, 0xf7,
  0x29, 0xff, 0x07, 0x00, 0x06, 0xd0, 0x4a, 0x46, 0x51, 0x46, 0x30, 0x46, 0x00, 0xf0, 0x16, 0xf8,
  0x38, 0x46, 0x69, 0xe7, 0x20, 0x78, 0x00, 0xeb, 0x40, 0x01, 0x01, 0xeb, 0x00, 0x11, 0x08, 0xeb,
  0xc1, 0x00, 0xc0, 0x6a, 0xe0, 0x60, 0x21, 0x98, 0x06, 0x60, 0xf1, 0xe7, 0x30, 0x08, 0xd1, 0x00,
  0xc8, 0x60, 0xd0, 0x00, 0x00, 0x80, 0xd0, 0x00, 0x02, 0x00, 0xff, 0xff, 0x2d, 0xe9, 0xff, 0x47,
  0x00, 0x25, 0x0f, 0x46, 0x30, 0x28, 0x04, 0x46, 0x92, 0x46, 0x40, 0xf2, 0x17, 0x16, 0x23, 0xd2,
  0x10, 0x46, 0x01, 0xf0, 0x1d, 0xf9, 0x40, 0xb1, 0x27, 0x48, 0x00, 0xeb, 0x44, 0x14, 0x3f, 0xb1,
  0xa0, 0x69, 0xb8, 0x42, 0x04, 0xd0, 0xf5, 0x1c, 0x41, 0xe0, 0x40, 0xf2, 0x21, 0x15, 0x3e, 0xe0,
  0xe1, 0x69, 0x51, 0x45, 0x10, 0xd1, 0x60, 0x78, 0x4f, 0xf0, 0x00, 0x08, 0x4f, 0xf0, 0xff, 0x09,
  0xff, 0x28, 0x06, 0xd0, 0xa2, 0xdf, 0x84, 0xf8, 0x01, 0x90, 0xc4, 0xf8, 0x04, 0x80, 0xc4, 0xf8,
  0x08, 0x80, 0x27, 0x78, 0x20, 0x2f, 0x01, 0xd3, 0x35, 0x46, 0x28, 0xe0, 0x07, 0xeb, 0x47, 0x00,
  0x00, 0xeb, 0x07, 0x11, 0x15, 0x48, 0x00, 0xeb, 0xc1, 0x06, 0x96, 0xf8, 0x90, 0x00, 0x01, 0x28,
  0x15, 0xd1, 0x96, 0xf8, 0x7c, 0x00, 0x10, 0xb1, 0x86, 0xf8, 0x8f, 0x80, 0x12, 0xe0, 0x96, 0xf8,
  0x8f, 0x00, 0x78, 0xb1, 0xe1, 0x68, 0x00, 0x23, 0xcd, 0xf8, 0x0c, 0xa0, 0x38, 0x46, 0xcd, 0xf8,
  0x00, 0x90, 0x0b, 0x4a, 0xcd, 0xe9, 0x01, 0x81, 0x19, 0x46, 0xfd, 0xf7, 0xbb, 0xfe, 0x96, 0xf8,
  0x8f, 0x00, 0x10, 0xb9, 0x38, 0x46, 0x02, 0xf0, 0xc9, 0xfb, 0x84, 0xf8, 0x00, 0x90, 0x04, 0xb0,
  0x28, 0x46, 0xbd, 0xe8, 0xf0, 0x87, 0x00, 0x00, 0x30, 0x08, 0xd1, 0x00, 0x00, 0x80, 0xd0, 0x00,
  0x03, 0x00, 0xff, 0xff, 0x0e, 0xb5, 0x68, 0x4f, 0x4f, 0xf0, 0x00, 0x0b, 0x01, 0x21, 0xcd, 0xf8,
  0x04, 0xb0, 0x06, 0x20, 0xcd, 0xf8, 0x08, 0xb0, 0x7c, 0x69, 0x04, 0xf6, 0x94, 0x24, 0x01, 0xf0,
  0xe3, 0xfa, 0x4f, 0xf0, 0x01, 0x0a, 0x4f, 0xf6, 0xff, 0x79, 0x00, 0x26, 0xb8, 0x6c, 0x71, 0x1e,
  0x35, 0x46, 0x97, 0xdf, 0x07, 0x20, 0x01, 0xa9, 0x01, 0xf0, 0x70, 0xfa, 0x08, 0x20, 0x02, 0xa9,
  0x01, 0xf0, 0x6c, 0xfa, 0xdd, 0xe9, 0x01, 0x01, 0x88, 0x43, 0x01, 0x90, 0x72, 0xe0, 0xf8, 0x68,
  0x0f, 0x28, 0x06, 0xd9, 0x55, 0x49, 0x52, 0x46, 0x50, 0x46, 0xa8, 0xdf, 0xc7, 0xf8, 0x0c, 0x90,
  0x04, 0xe0, 0x48, 0x45, 0x01, 0xd0, 0x05, 0x46, 0x13, 0xe0, 0x12, 0xd1, 0x01, 0x98, 0x52, 0x46,
  0x02, 0xfa, 0x05, 0xf1, 0x01, 0x42, 0x02, 0xd1, 0x05, 0xf1, 0x01, 0x05, 0xf8, 0xe7, 0x02, 0xfa,
  0x05, 0xf1, 0x0f, 0x2d, 0x20, 0xea, 0x01, 0x00, 0x01, 0x90, 0xce, 0xd2, 0x07, 0x20, 0x01, 0xf0,
  0xab, 0xfa, 0x40, 0xf2, 0x85, 0x10, 0x46, 0x49, 0x68, 0x43, 0x01, 0xeb, 0x80, 0x08, 0x09, 0x20,
  0x45, 0xf4, 0xa0, 0x71, 0x01, 0xf0, 0xa0, 0xfa, 0xf9, 0x68, 0x49, 0x45, 0x01, 0xd0, 0x38, 0x69,
  0x60, 0x60, 0x20, 0x68, 0x00, 0x28, 0x75, 0xdb, 0x20, 0x68, 0xc0, 0xf3, 0x05, 0x40, 0x02, 0x28,
  0x40, 0xd0, 0x20, 0x68, 0xc0, 0xf3, 0x05, 0x40, 0x0c, 0x28, 0x50, 0xd0, 0x20, 0x68, 0xc0, 0xf3,
  0x05, 0x40, 0x04, 0x28, 0x57, 0xd0, 0x20, 0x68, 0xc0, 0xf3, 0x05, 0x40, 0x05, 0x28, 0x58, 0xd0,
  0x20, 0x68, 0xc0, 0xf3, 0x05, 0x40, 0x06, 0x28, 0x57, 0xd0, 0x20, 0x68, 0xc0, 0xf3, 0x05, 0x40,
  0x09, 0x28, 0x55, 0xd0, 0x40, 0xf2, 0x20, 0x16, 0x21, 0x68, 0xb0, 0xb2, 0x40, 0xf4, 0x40, 0x00,
  0x40, 0xf0, 0x00, 0x40, 0x01, 0x43, 0x21, 0x60, 0x00, 0x22, 0x29, 0x46, 0x30, 0x46, 0xfe, 0xf7,
  0x15, 0xff, 0x00, 0x95, 0x61, 0x68, 0x02, 0x23, 0x04, 0xf1, 0x08, 0x02, 0x40, 0x46, 0x00, 0xf0,
  0x13, 0xfe, 0xc7, 0xf8, 0x0c, 0x90, 0x87, 0xf8, 0x06, 0xb0, 0x1e, 0xb1, 0x52, 0x46, 0x50, 0x46,
  0x31, 0x46, 0xa8, 0xdf, 0x01, 0x98, 0x00, 0x28, 0x89, 0xd1, 0xf9, 0x68, 0x49, 0x45, 0x3f, 0xf4,
  0x74, 0xaf, 0x84, 0xe7, 0xd8, 0xf8, 0x04, 0x00, 0x00, 0xbb, 0x02, 0x20, 0x29, 0x46, 0xfd, 0xf7,
  0xcd, 0xff, 0x00, 0x95, 0x61, 0x68, 0xa0, 0x68, 0x43, 0x46, 0x41, 0xf2, 0x00, 0x02, 0xff, 0xf7,
  0xe3, 0xf9, 0x06, 0x46, 0xc4, 0xf8, 0x08, 0xb0, 0xc4, 0xf8, 0x04, 0xb0, 0xc4, 0xe7, 0x28, 0x46,
  0xfe, 0xf7, 0x68, 0xfa, 0x02, 0x20, 0x29, 0x46, 0xfd, 0xf7, 0xb8, 0xff, 0x40, 0x46, 0xff, 0xf7,
  0x9d, 0xf9, 0x06, 0x46, 0xb8, 0xe7, 0xd8, 0xf8, 0x10, 0x00, 0x48, 0xb1, 0x40, 0xf2, 0x22, 0x16,
  0xb2, 0xe7, 0x87, 0xf8, 0x08, 0xa0, 0xaf, 0xe7, 0x04, 0xe0, 0x87, 0xf8, 0x08, 0xb0, 0xab, 0xe7,
  0x00, 0x26, 0xa9, 0xe7, 0x02, 0x22, 0xb0, 0xe7, 0x20, 0x70, 0xd0, 0x00, 0x07, 0x00, 0xff, 0xff,
  0x28, 0x9f, 0xd0, 0x00, 0x2d, 0xe9, 0xfc, 0x43, 0x00, 0x20, 0x43, 0xf6, 0x98, 0x05, 0x04, 0x27,
  0x41, 0xf2, 0x00, 0x06, 0x00, 0x90, 0x31, 0x46, 0x01, 0x90, 0x28, 0x46, 0x3a, 0x46, 0xa5, 0xdf,
  0x0d, 0xf1, 0x04, 0x08, 0x43, 0xf6, 0x9c, 0x04, 0xe9, 0x46, 0x28, 0x46, 0x41, 0x46, 0x3a, 0x46,
  0xa4, 0xdf, 0x20, 0x46, 0x49, 0x46, 0x3a, 0x46, 0xa4, 0xdf, 0x00, 0x98, 0xc0, 0x04, 0x02, 0xd4,
  0x01, 0x98, 0xc0, 0x04, 0xf1, 0xd4, 0x20, 0x46, 0x31, 0x46, 0x3a, 0x46, 0xa5, 0xdf, 0xbd, 0xe8,
  0xfc, 0x83, 0x10, 0xb5, 0xa2, 0xb0, 0x00, 0xf1, 0x08, 0x01, 0x68, 0x46, 0x08, 0x24, 0x84, 0x22,
  0xfd, 0xf7, 0x5e, 0xec, 0x01, 0x98, 0xc0, 0xb2, 0x01, 0x28, 0x02, 0xd0, 0x02, 0x28, 0x0b, 0xd0,
  0x07, 0xe0, 0x02, 0x98, 0x1e, 0x28, 0x04, 0xd8, 0x04, 0xeb, 0x80, 0x02, 0x12, 0x1d, 0x84, 0x2a,
  0x03, 0xd9, 0x04, 0x20, 0x22, 0xb0, 0x10, 0xbd, 0x10, 0x22, 0x69, 0x46, 0x01, 0x20, 0xfe, 0xf7,
  0x0d, 0xf9, 0xf7, 0xe7, 0x70, 0xb5, 0x00, 0x24, 0x05, 0x46, 0xff, 0xf7, 0xa5, 0xf8, 0xc5, 0xe9,
  0x01, 0x40, 0x20, 0x46, 0x70, 0xbd, 0x10, 0xb5, 0x81, 0x68, 0x00, 0x24, 0x01, 0x29, 0x03, 0xd0,
  0x21, 0xb1, 0x04, 0x24, 0x20, 0x46, 0x10, 0xbd, 0x01, 0x20, 0x00, 0xe0, 0x00, 0x20, 0x01, 0xf0,
  0xb1, 0xfd, 0xf7, 0xe7, 0x10, 0xb5, 0x14, 0x4c, 0x8e, 0xb0, 0x21, 0x78, 0x11, 0xb1, 0x0d, 0x20,
  0x0e, 0xb0, 0x10, 0xbd, 0x81, 0x68, 0x00, 0x91, 0xc1, 0x68, 0x01, 0x91, 0x01, 0x69, 0x02, 0x91,
  0x41, 0x69, 0x03, 0x91, 0x81, 0x69, 0x04, 0x91, 0xc1, 0x69, 0x05, 0x91, 0x01, 0x6a, 0x06, 0x91,
  0x41, 0x6a, 0x07, 0x91, 0x81, 0x6a, 0x08, 0x91, 0xc1, 0x6a, 0x09, 0x91, 0x01, 0x6b, 0x0a, 0x91,
  0x41, 0x6b, 0x0b, 0x91, 0x34, 0x21, 0x80, 0x6b, 0x0c, 0x90, 0x68, 0x46, 0xfe, 0xf7, 0xe6, 0xfc,
  0x01, 0x21, 0x21, 0x70, 0xdc, 0xe7, 0x00, 0x00, 0xa8, 0x70, 0xd0, 0x00, 0x10, 0xb5, 0x04, 0x46,
  0x80, 0x68, 0xfe, 0xf7, 0x89, 0xf8, 0x60, 0x60, 0x10, 0xbd, 0x00, 0x00, 0x0a, 0x48, 0x10, 0xb5,
  0x00, 0x78, 0x78, 0xb1, 0x09, 0x4c, 0x20, 0x78, 0x01, 0x28, 0x0b, 0xd0, 0x08, 0x48, 0x02, 0x68,
  0x08, 0x48, 0xd0, 0xe9, 0x00, 0x10, 0xfe, 0xf7, 0xd1, 0xf9, 0x00, 0x28, 0x01, 0xd1, 0x01, 0x21,
  0x21, 0x70, 0x10, 0xbd, 0x0d, 0x20, 0x10, 0xbd, 0x90, 0x70, 0xd0, 0x00, 0x93, 0x70, 0xd0, 0x00,
  0x80, 0x70, 0xd0, 0x00, 0x78, 0x70, 0xd0, 0x00, 0x10, 0xb5, 0x04, 0x46, 0x0e, 0x48, 0x00, 0x78,
  0x08, 0xb1, 0x0b, 0x20, 0x07, 0xe0, 0x0d, 0x49, 0xe0, 0x68, 0x88, 0x42, 0x01, 0xd0, 0x05, 0x20,
  0x01, 0xe0, 0xfe, 0xf7, 0xc9, 0xf9, 0x0a, 0x49, 0x09, 0x68, 0xd1, 0xf8, 0x98, 0x29, 0x22, 0xf0,
  0xff, 0x02, 0xc1, 0xf8, 0x98, 0x29, 0xd1, 0xf8, 0x98, 0x29, 0xc3, 0xb2, 0x1a, 0x43, 0xc1, 0xf8,
  0x98, 0x29, 0x60, 0x60, 0x10, 0xbd, 0x00, 0x00, 0x92, 0x70, 0xd0, 0x00, 0x44, 0x42, 0x53, 0x50,
  0x34, 0x70, 0xd0, 0x00, 0x2d, 0xe9, 0xf0, 0x41, 0x10, 0x49, 0x11, 0x4e, 0x09, 0x78, 0x32, 0x78,
  0x11, 0x43, 0x14, 0xd1, 0x0f, 0x49, 0x09, 0x78, 0x89, 0xb1, 0xd0, 0xe9, 0x02, 0x41, 0x40, 0xf2,
  0x44, 0x18, 0x07, 0x69, 0x42, 0x46, 0x20, 0x46, 0x0d, 0x46, 0x00, 0xf0, 0xdf, 0xfe, 0x48, 0xb1,
  0x3b, 0x46, 0x42, 0x46, 0x21, 0x46, 0x28, 0x46, 0xfe, 0xf7, 0xd0, 0xfb, 0x03, 0xe0, 0x0c, 0x20,
  0xbd, 0xe8, 0xf0, 0x81, 0x05, 0x20, 0x01, 0x21, 0x31, 0x70, 0xf9, 0xe7, 0x92, 0x70, 0xd0, 0x00,
  0xa9, 0x70, 0xd0, 0x00, 0x90, 0x70, 0xd0, 0x00, 0xf8, 0xb5, 0x04, 0x46, 0x14, 0x48, 0x00, 0x26,
  0x00, 0x78, 0xf8, 0xb1, 0x01, 0x28, 0x01, 0xd0, 0x04, 0x20, 0x1b, 0xe0, 0x01, 0x21, 0x08, 0x46,
  0xfe, 0xf7, 0x84, 0xfc, 0x01, 0x25, 0x69, 0x46, 0x00, 0x20, 0xfe, 0xf7, 0xfd, 0xf9, 0x00, 0x98,
  0x40, 0x1c, 0x02, 0xd0, 0x00, 0x98, 0x60, 0xb9, 0x02, 0xe0, 0x28, 0x46, 0x91, 0xdf, 0xf2, 0xe7,
  0x08, 0x48, 0x00, 0x78, 0x20, 0xb9, 0x08, 0x48, 0x00, 0x68, 0xd0, 0xf8, 0x08, 0x08, 0x00, 0xb9,
  0x16, 0xb1, 0x02, 0x20, 0xa0, 0x60, 0x00, 0xe0, 0xa5, 0x60, 0x00, 0x20, 0xf8, 0xbd, 0x00, 0x00,
  0x21, 0x70, 0xd0, 0x00, 0xab, 0x70, 0xd0, 0x00, 0x70, 0x70, 0xd0, 0x00, 0x10, 0xb5, 0x04, 0x46,
  0x80, 0x68, 0x01, 0x28, 0x02, 0xd0, 0x04, 0x20, 0x60, 0x60, 0x10, 0xbd, 0x15, 0x20, 0x04, 0xf1,
  0x0c, 0x01, 0xfe, 0xf7, 0xd1, 0xf9, 0xf7, 0xe7, 0x30, 0xb5, 0x8f, 0xb0, 0x04, 0x46, 0x1a, 0x48,
  0x00, 0x25, 0x0d, 0x95, 0x01, 0x78, 0x61, 0xb3, 0x0d, 0xa9, 0x05, 0x70, 0x07, 0x20, 0xfe, 0xf7,
  0xc3, 0xf9, 0x00, 0x28, 0x23, 0xd1, 0x0d, 0x98, 0x18, 0xb3, 0x34, 0x21, 0x68, 0x46, 0xfe, 0xf7,
  0xa1, 0xf9, 0x00, 0x28, 0x1b, 0xd1, 0x00, 0x98, 0xa0, 0x60, 0x01, 0x98, 0xe0, 0x60, 0x02, 0x98,
  0x20, 0x61, 0x03, 0x98, 0x60, 0x61, 0x04, 0x98, 0xa0, 0x61, 0x05, 0x98, 0xe0, 0x61, 0x06, 0x98,
  0x20, 0x62, 0x07, 0x98, 0x60, 0x62, 0x08, 0x98, 0xa0, 0x62, 0x09, 0x98, 0xe0, 0x62, 0x0a, 0x98,
  0x20, 0x63, 0x0b, 0x98, 0x60, 0x63, 0x0c, 0x98, 0xa0, 0x63, 0x28, 0x46, 0x65, 0x60, 0x0f, 0xb0,
  0x30, 0xbd, 0x0d, 0x20, 0xfb, 0xe7, 0x00, 0x00, 0xa8, 0x70, 0xd0, 0x00, 0x08, 0xb5, 0x00, 0xf1,
  0x14, 0x03, 0x3c, 0x21, 0x1a, 0x1f, 0x00, 0x91, 0x11, 0x1f, 0x08, 0x30, 0xfe, 0xf7, 0xbe, 0xf9,
  0x08, 0xbd, 0x00, 0x00, 0x07, 0x49, 0x00, 0x22, 0x09, 0x68, 0x91, 0xf8, 0xcc, 0x37, 0xc3, 0xf3,
  0x44, 0x03, 0x83, 0x60, 0xd1, 0xf8, 0xd4, 0x37, 0xc3, 0x60, 0xd1, 0xf8, 0xd8, 0x17, 0x01, 0x61,
  0x10, 0x46, 0x70, 0x47, 0x70, 0x70, 0xd0, 0x00, 0xc0, 0x68, 0xfe, 0xf7, 0x25, 0xba, 0x30, 0xb4,
  0x84, 0x68, 0x00, 0xf1, 0x10, 0x02, 0x43, 0x69, 0x11, 0x1f, 0x20, 0x46, 0x30, 0xbc, 0xfe, 0xf7,
  0x2f, 0xba, 0x00, 0x00, 0x10, 0xb5, 0x04, 0x46, 0x09, 0x48, 0x00, 0x78, 0x08, 0xb1, 0x0b, 0x20,
  0x0c, 0xe0, 0x08, 0x48, 0x08, 0x4a, 0x00, 0x68, 0xd0, 0xf8, 0x6c, 0x13, 0x91, 0x42, 0x01, 0xd0,
  0x09, 0x20, 0x03, 0xe0, 0xd0, 0xf8, 0xd8, 0x03, 0xfe, 0xf7, 0x36, 0xfa, 0x60, 0x60, 0x10, 0xbd,
  0x92, 0x70, 0xd0, 0x00, 0x70, 0x70, 0xd0, 0x00, 0x38, 0xda, 0x25, 0xc1, 0x10, 0xb5, 0x04, 0x46,
  0x08, 0x48, 0x00, 0x78, 0x08, 0xb1, 0x0b, 0x20, 0x07, 0xe0, 0x07, 0x48, 0x00, 0x68, 0xd0, 0xf8,
  0xb8, 0x04, 0x20, 0xb1, 0xa0, 0x68, 0xfe, 0xf7, 0x33, 0xfa, 0x60, 0x60, 0x10, 0xbd, 0x09, 0x20,
  0xfb, 0xe7, 0x00, 0x00, 0x92, 0x70, 0xd0, 0x00, 0x70, 0x70, 0xd0, 0x00, 0x04, 0x49, 0x09, 0x78,
  0x09, 0xb1, 0x0d, 0x20, 0x70, 0x47, 0x08, 0x30, 0x07, 0xc8, 0xfe, 0xf7, 0x35, 0xba, 0x00, 0x00,
  0x92, 0x70, 0xd0, 0x00, 0x3e, 0xb5, 0x02, 0xa9, 0x04, 0x46, 0x0e, 0x20, 0xfe, 0xf7, 0x24, 0xf9,
  0x02, 0x98, 0x10, 0xb1, 0x09, 0x48, 0x00, 0x78, 0x08, 0xb1, 0x0d, 0x20, 0x3e, 0xbd, 0xd4, 0xe9,
  0x06, 0x01, 0x08, 0x34, 0xcd, 0xe9, 0x00, 0x01, 0x94, 0xe8, 0x0f, 0x00, 0xfe, 0xf7, 0x68, 0xfa,
  0x00, 0x28, 0xf3, 0xd1, 0x02, 0x4a, 0x01, 0x21, 0x11, 0x70, 0x3e, 0xbd, 0x92, 0x70, 0xd0, 0x00,
  0xb8, 0x70, 0xd0, 0x00, 0x38, 0xb5, 0x04, 0x24, 0x05, 0x46, 0x0e, 0x20, 0x69, 0x46, 0xfe, 0xf7,
  0x03, 0xf9, 0xe9, 0x68, 0x01, 0x29, 0x01, 0xd1, 0x00, 0x98, 0xe0, 0xb1, 0xaa, 0x68, 0x01, 0x2a,
  0x01, 0xd0, 0x7a, 0xb1, 0x15, 0xe0, 0x0d, 0x4d, 0xe8, 0x78, 0xa0, 0xb9, 0x01, 0x29, 0x01, 0xd1,
  0x28, 0x78, 0x80, 0xb1, 0x01, 0x20, 0xfe, 0xf7, 0x95, 0xf8, 0x04, 0x00, 0x0a, 0xd1, 0x01, 0x20,
  0xe8, 0x70, 0x06, 0xe0, 0x06, 0x48, 0x00, 0x78, 0x28, 0xb1, 0x00, 0x20, 0xfe, 0xf7, 0x8a, 0xf8,
  0x04, 0x46, 0x20, 0x46, 0x38, 0xbd, 0x0d, 0x20, 0x38, 0xbd, 0x00, 0x00, 0xb8, 0x70, 0xd0, 0x00,
  0x92, 0x70, 0xd0, 0x00, 0x38, 0xb5, 0x04, 0x46, 0x69, 0x46, 0x00, 0x20, 0x00, 0x90, 0x06, 0x20,
  0xfe, 0xf7, 0xd2, 0xf8, 0x01, 0x00, 0x2e, 0xd1, 0x00, 0x98, 0x01, 0x28, 0x03, 0xd1, 0xa0, 0x68,
  0x40, 0xf0, 0x01, 0x00, 0xa0, 0x60, 0x15, 0x48, 0x00, 0x68, 0x90, 0xf8, 0xec, 0x23, 0xd2, 0x07,
  0x0a, 0xd0, 0xa2, 0x68, 0x01, 0x25, 0x42, 0xf0, 0x02, 0x02, 0xa2, 0x60, 0x90, 0xf8, 0xf0, 0x33,
  0x10, 0x33, 0x9d, 0x40, 0x2a, 0x43, 0xa2, 0x60, 0x90, 0xf8, 0x74, 0x26, 0xd2, 0x07, 0xa2, 0x68,
  0x02, 0xd0, 0x42, 0xf0, 0x04, 0x02, 0xa2, 0x60, 0xd0, 0xf8, 0xe0, 0x37, 0x43, 0xf6, 0x00, 0x45,
  0x05, 0xea, 0x83, 0x23, 0x1a, 0x43, 0xa2, 0x60, 0x90, 0xf8, 0x1c, 0x08, 0x00, 0xf0, 0x0f, 0x00,
  0x42, 0xea, 0x00, 0x50, 0xa0, 0x60, 0x08, 0x46, 0x38, 0xbd, 0x00, 0x00, 0x70, 0x70, 0xd0, 0x00,
  0x38, 0xb5, 0x04, 0x46, 0x1b, 0x48, 0x00, 0x25, 0x69, 0x46, 0x00, 0x95, 0x00, 0x68, 0xd0, 0xf8,
  0xdc, 0x03, 0xa0, 0x60, 0x04, 0x20, 0xfe, 0xf7, 0x8f, 0xf8, 0x00, 0x98, 0x03, 0x28, 0xa0, 0x68,
  0x12, 0xd0, 0x40, 0xf0, 0x04, 0x00, 0xa0, 0x60, 0x00, 0xf0, 0x60, 0xfd, 0x18, 0xb1, 0xa0, 0x68,
  0x40, 0xf0, 0x10, 0x00, 0xa0, 0x60, 0x10, 0x48, 0x00, 0x78, 0x01, 0x28, 0x07, 0xd0, 0x0f, 0x48,
  0x00, 0x78, 0x01, 0x28, 0x03, 0xd0, 0x06, 0xe0, 0x20, 0xf0, 0x04, 0x00, 0xeb, 0xe7, 0xa0, 0x68,
  0x40, 0xf4, 0x00, 0x60, 0xa0, 0x60, 0x0a, 0x48, 0x00, 0x68, 0xd0, 0xf8, 0xfc, 0x19, 0xa2, 0x68,
  0xc9, 0xb2, 0x41, 0xea, 0x02, 0x21, 0x41, 0xf0, 0x80, 0x01, 0xc0, 0xf8, 0xfc, 0x19, 0x28, 0x46,
  0x38, 0xbd, 0x00, 0x00, 0x70, 0x70, 0xd0, 0x00, 0xab, 0x70, 0xd0, 0x00, 0xa9, 0x70, 0xd0, 0x00,
  0x34, 0x70, 0xd0, 0x00, 0x10, 0xb5, 0x10, 0x21, 0x04, 0x46, 0x08, 0x30, 0xfe, 0xf7, 0xd8, 0xf9,
  0x60, 0x60, 0x10, 0xbd, 0x10, 0xb5, 0x04, 0x46, 0x08, 0x30, 0x00, 0xf0, 0xa9, 0xfe, 0x60, 0x60,
  0x10, 0xbd, 0x00, 0x00, 0x0a, 0x49, 0x09, 0x78, 0x29, 0xb1, 0x81, 0x68, 0x29, 0xb1, 0x01, 0x29,
  0x09, 0xd0, 0x04, 0x20, 0x70, 0x47, 0x0d, 0x20, 0x70, 0x47, 0xc2, 0x68, 0x00, 0xf1, 0x10, 0x01,
  0x10, 0x46, 0xfe, 0xf7, 0xd1, 0xb9, 0x0c, 0x30, 0x07, 0xc8, 0xfe, 0xf7, 0x19, 0xbd, 0x00, 0x00,
  0x90, 0x70, 0xd0, 0x00, 0x0f, 0x49, 0x2d, 0xe9, 0xf0, 0x41, 0x09, 0x78, 0x0e, 0x4e, 0x01, 0x29,
  0x01, 0xd1, 0x31, 0x78, 0x09, 0xb1, 0x0c, 0x20, 0x10, 0xe0, 0xd0, 0xe9, 0x02, 0x41, 0x40, 0xf2,
  0x02, 0x27, 0x3a, 0x46, 0x20, 0x46, 0x0d, 0x46, 0x00, 0xf0, 0xd8, 0xfc, 0x28, 0xb1, 0x3a, 0x46,
  0x21, 0x46, 0x28, 0x46, 0xfe, 0xf7, 0x22, 0xfa, 0x00, 0xe0, 0x05, 0x20, 0x01, 0x21, 0x31, 0x70,
  0xbd, 0xe8, 0xf0, 0x81, 0xa9, 0x70, 0xd0, 0x00, 0xaa, 0x70, 0xd0, 0x00, 0x03, 0x48, 0x00, 0x78,
  0x01, 0x28, 0x01, 0xd0, 0x0c, 0x20, 0x70, 0x47, 0xfe, 0xf7, 0xce, 0xb9, 0xa9, 0x70, 0xd0, 0x00,
  0x14, 0x49, 0xf8, 0xb5, 0x09, 0x78, 0x01, 0x25, 0x13, 0x4e, 0x04, 0x46, 0x00, 0x7b, 0x01, 0x29,
  0x0d, 0xd0, 0x31, 0x78, 0x01, 0x29, 0x0a, 0xd0, 0x10, 0x49, 0x09, 0x78, 0x19, 0xb9, 0x10, 0x49,
  0x09, 0x78, 0x01, 0x29, 0x03, 0xd0, 0x01, 0x28, 0x03, 0xd9, 0x05, 0x20, 0x0f, 0xe0, 0x0c, 0x20,
  0x0d, 0xe0, 0x08, 0xb1, 0x01, 0x21, 0x00, 0xe0, 0x00, 0x21, 0x68, 0x46, 0xfe, 0xf7, 0xbe, 0xf9,
  0x28, 0xb9, 0x00, 0x99, 0xa1, 0x60, 0x07, 0x49, 0x0d, 0x70, 0x07, 0x49, 0x4d, 0x70, 0x35, 0x70,
  0xf8, 0xbd, 0x00, 0x00, 0x92, 0x70, 0xd0, 0x00, 0xac, 0x70, 0xd0, 0x00, 0x25, 0x70, 0xd0, 0x00,
  0x90, 0x70, 0xd0, 0x00, 0xab, 0x70, 0xd0, 0x00, 0xb8, 0x70, 0xd0, 0x00, 0x00, 0xb5, 0x8b, 0xb0,
  0x01, 0x46, 0x20, 0x22, 0x02, 0xa8, 0xfd, 0xf7, 0x44, 0xe9, 0x0f, 0x48, 0x00, 0x78, 0x01, 0x28,
  0x18, 0xd1, 0x0e, 0x48, 0x00, 0x78, 0x01, 0x28, 0x14, 0xd1, 0xdd, 0xe9, 0x05, 0x01, 0x00, 0x22,
  0x10, 0x18, 0x51, 0x41, 0x08, 0x9a, 0x00, 0xf0, 0x71, 0xfc, 0x58, 0xb1, 0xdd, 0xe9, 0x08, 0x01,
  0x07, 0x9b, 0x04, 0x9a, 0xcd, 0xe9, 0x00, 0x01, 0xdd, 0xe9, 0x05, 0x10, 0xfe, 0xf7, 0x9e, 0xf9,
  0x0b, 0xb0, 0x00, 0xbd, 0x0c, 0x20, 0xfb, 0xe7, 0xab, 0x70, 0xd0, 0x00, 0x90, 0x70, 0xd0, 0x00,
  0x70, 0xb5, 0x84, 0x68, 0x01, 0x25, 0xa5, 0x40, 0xb6, 0xdf, 0xa0, 0xb1, 0x0b, 0x48, 0x00, 0x68,
  0xd0, 0xf8, 0xec, 0x13, 0x8a, 0x07, 0x0e, 0xd5, 0x03, 0x2c, 0x03, 0xd8, 0xd0, 0xf8, 0xe0, 0x07,
  0x28, 0x42, 0x01, 0xd1, 0x05, 0x20, 0x70, 0xbd, 0xc8, 0x07, 0x04, 0xd0, 0x20, 0x46, 0xbd, 0xe8,
  0x70, 0x40, 0xfe, 0xf7, 0xa9, 0xb9, 0x14, 0x20, 0x70, 0xbd, 0x00, 0x00, 0x70, 0x70, 0xd0, 0x00,
  0x2d, 0xe9, 0xf0, 0x4f, 0x04, 0x46, 0x45, 0x48, 0xbd, 0xb0, 0x00, 0x78, 0x18, 0xb1, 0x0d, 0x20,
  0x3d, 0xb0, 0xbd, 0xe8, 0xf0, 0x8f, 0x42, 0x48, 0x00, 0x78, 0x08, 0xb1, 0x00, 0x20, 0xf7, 0xe7,
  0x18, 0x22, 0x04, 0xf1, 0x28, 0x01, 0x34, 0xa8, 0xfd, 0xf7, 0xea, 0xe8, 0xc0, 0x22, 0x04, 0xf1,
  0x40, 0x01, 0x04, 0xa8, 0xfd, 0xf7, 0xe4, 0xe8, 0xe0, 0x69, 0x3b, 0x90, 0xa0, 0x69, 0x3a, 0x90,
  0x20, 0x6a, 0x03, 0x90, 0xd4, 0xe9, 0x02, 0x10, 0xdf, 0xf8, 0xd8, 0x90, 0x36, 0x4a, 0xc9, 0xe9,
  0x00, 0x10, 0xd4, 0xe9, 0x04, 0x67, 0xc2, 0xe9, 0x00, 0x67, 0x6f, 0xf3, 0x10, 0x06, 0xbf, 0xb2,
  0xf6, 0x43, 0xff, 0x43, 0x76, 0x1c, 0x47, 0xf1, 0x00, 0x07, 0x1f, 0xfa, 0x87, 0xf8, 0x2f, 0x4f,
  0xd4, 0xe9, 0x40, 0x32, 0x6f, 0xf3, 0x10, 0x06, 0xd4, 0xe9, 0x42, 0x54, 0xc7, 0xe9, 0x00, 0x68,
  0xb2, 0x46, 0x40, 0xf2, 0x10, 0x16, 0x13, 0xeb, 0x06, 0x0e, 0x42, 0xf1, 0x00, 0x0c, 0xbe, 0xeb,
  0x03, 0x06, 0x7c, 0xeb, 0x02, 0x06, 0x08, 0xd3, 0x11, 0xeb, 0x0a, 0x07, 0x40, 0xeb, 0x08, 0x06,
  0xbb, 0x46, 0x7f, 0x1a, 0x76, 0xeb, 0x00, 0x07, 0x01, 0xd2, 0x04, 0x20, 0xb0, 0xe7, 0x5f, 0x1a,
  0x72, 0xeb, 0x00, 0x07, 0xf9, 0xd3, 0xdf, 0xf8, 0x74, 0x80, 0xbb, 0xeb, 0x0e, 0x07, 0x76, 0xeb,
  0x0c, 0x07, 0xf2, 0xd3, 0x6f, 0x1a, 0x74, 0xeb, 0x00, 0x07, 0xee, 0xd3, 0xb5, 0xeb, 0x0b, 0x07,
  0x74, 0xeb, 0x06, 0x06, 0xe9, 0xd2, 0x16, 0x4e, 0xc6, 0xe9, 0x00, 0x32, 0x15, 0x4a, 0xc2, 0xe9,
  0x00, 0x54, 0x52, 0x46, 0xa9, 0xdf, 0x00, 0x28, 0x92, 0xd1, 0xc0, 0x22, 0x18, 0x20, 0x04, 0xa9,
  0x8d, 0xe8, 0x07, 0x00, 0x03, 0x9a, 0x34, 0xab, 0xdd, 0xe9, 0x3a, 0x10, 0xfe, 0xf7, 0x30, 0xfa,
  0x00, 0x28, 0x85, 0xd1, 0xd9, 0xe9, 0x00, 0x01, 0xd8, 0xf8, 0x00, 0x20, 0xfe, 0xf7, 0xd0, 0xf9,
  0x00, 0x28, 0x84, 0xd1, 0x02, 0x49, 0x01, 0x22, 0x0a, 0x70, 0x79, 0xe7, 0x92, 0x70, 0xd0, 0x00,
  0x90, 0x70, 0xd0, 0x00, 0x78, 0x70, 0xd0, 0x00, 0x88, 0x70, 0xd0, 0x00, 0x80, 0x70, 0xd0, 0x00,
  0x98, 0x70, 0xd0, 0x00, 0xa0, 0x70, 0xd0, 0x00, 0x10, 0xb5, 0x04, 0x46, 0x00, 0x20, 0xa1, 0x68,
  0x01, 0x29, 0x04, 0xd0, 0x02, 0x29, 0x07, 0xd0, 0x04, 0x20, 0x60, 0x60, 0x10, 0xbd, 0xe1, 0x68,
  0x15, 0x20, 0xfe, 0xf7, 0x5b, 0xf9, 0xf8, 0xe7, 0xe1, 0x68, 0x01, 0xb1, 0x01, 0x21, 0x01, 0x4a,
  0x91, 0x70, 0xf2, 0xe7, 0xb8, 0x70, 0xd0, 0x00, 0x07, 0x49, 0x10, 0xb5, 0x04, 0x46, 0x80, 0x68,
  0x09, 0x78, 0x01, 0x29, 0x01, 0xd1, 0x02, 0x28, 0x04, 0xd0, 0xe1, 0x68, 0xfe, 0xf7, 0x32, 0xf9,
  0x60, 0x60, 0x10, 0xbd, 0x05, 0x20, 0x10, 0xbd, 0x92, 0x70, 0xd0, 0x00, 0x08, 0x30, 0x07, 0xc8,
  0xfe, 0xf7, 0x50, 0xb9, 0x38, 0xb5, 0x04, 0x46, 0x00, 0x20, 0x00, 0x90, 0x20, 0x68, 0x0c, 0x28,
  0x01, 0xd2, 0x07, 0x48, 0x09, 0xe0, 0x20, 0x7a, 0x04, 0x21, 0x8d, 0xf8, 0x00, 0x00, 0x60, 0x7a,
  0x8d, 0xf8, 0x01, 0x00, 0x68, 0x46, 0xfd, 0xf7, 0xc3, 0xfc, 0x60, 0x60, 0x38, 0xbd, 0x00, 0x00,
  0x0f, 0x30, 0xff, 0xff, 0x02, 0x4a, 0x00, 0x20, 0x01, 0x21, 0x11, 0x70, 0x70, 0x47, 0x00, 0x00,
  0x91, 0x70, 0xd0, 0x00, 0x10, 0xb5, 0x84, 0x68, 0x03, 0x2c, 0x01, 0xd9, 0x04, 0x20, 0x10, 0xbd,
  0x20, 0x46, 0xdb, 0xdf, 0x20, 0x46, 0xfd, 0xf7, 0x53, 0xfc, 0x00, 0x20, 0x10, 0xbd, 0x00, 0x00,
  0x2d, 0xe9, 0xf3, 0x4f, 0x8f, 0xb0, 0x05, 0x46, 0x00, 0x20, 0x01, 0x90, 0xd5, 0xe9, 0x05, 0x70,
  0x2c, 0x69, 0xd5, 0xe9, 0x02, 0x91, 0x0c, 0x90, 0xd5, 0xe9, 0x07, 0x60, 0xd5, 0xf8, 0x24, 0xa0,
  0x88, 0x46, 0xba, 0xf1, 0x01, 0x0f, 0x83, 0x46, 0x10, 0xd8, 0x0c, 0x98, 0x39, 0x18, 0xb9, 0x42,
  0x0c, 0xd3, 0x06, 0xeb, 0x0b, 0x00, 0xb0, 0x42, 0x08, 0xd3, 0xb1, 0x42, 0x02, 0xd8, 0xa0, 0x42,
  0x04, 0xd8, 0x05, 0xe0, 0xb8, 0x42, 0x01, 0xd8, 0xa1, 0x42, 0x01, 0xd9, 0x04, 0x24, 0x38, 0xe0,
  0x10, 0x98, 0x20, 0xb1, 0x1d, 0x48, 0x00, 0x78, 0x38, 0xb1, 0x0d, 0x24, 0x31, 0xe0, 0x22, 0x46,
  0x48, 0x46, 0x41, 0x46, 0x00, 0xf0, 0x12, 0xfb, 0x68, 0xb1, 0x19, 0x49, 0x28, 0x22, 0x02, 0xa8,
  0xfc, 0xf7, 0xce, 0xef, 0xcd, 0xf8, 0x10, 0x90, 0xcd, 0xe9, 0x05, 0x84, 0x10, 0x98, 0x20, 0xb1,
  0x4f, 0xf0, 0xff, 0x30, 0x03, 0xe0, 0x0a, 0x24, 0x16, 0xe0, 0x6f, 0xf0, 0x01, 0x00, 0x07, 0x90,
  0x02, 0xaa, 0x0d, 0xa9, 0x01, 0xa8, 0x00, 0xf0, 0xb5, 0xfb, 0x04, 0x00, 0x0c, 0xd1, 0x5f, 0xea,
  0x0a, 0x00, 0x00, 0xd0, 0x01, 0x20, 0x00, 0x90, 0x01, 0x98, 0x5b, 0x46, 0x0c, 0x99, 0x82, 0x19,
  0x38, 0x44, 0xfe, 0xf7, 0x45, 0xf9, 0x04, 0x46, 0x01, 0x98, 0x10, 0xb1, 0x9d, 0xf8, 0x34, 0x00,
  0xa2, 0xdf, 0x6c, 0x60, 0x11, 0xb0, 0x20, 0x46, 0xbd, 0xe8, 0xf0, 0x8f, 0x92, 0x70, 0xd0, 0x00,
  0xd8, 0x61, 0xd0, 0x00, 0x00, 0x23, 0x80, 0x68, 0x1a, 0x46, 0x19, 0x46, 0xfe, 0xf7, 0xe4, 0xb9,
  0x2d, 0xe9, 0xfc, 0x41, 0x21, 0x49, 0x00, 0x26, 0x04, 0x46, 0x37, 0x46, 0x00, 0x96, 0x01, 0x25,
  0x01, 0x96, 0xd1, 0xe9, 0x00, 0x01, 0x50, 0xea, 0x01, 0x0c, 0x04, 0xd0, 0x42, 0x40, 0x4b, 0x40,
  0x1a, 0x43, 0x00, 0xd0, 0x00, 0x25, 0x4f, 0xf0, 0xff, 0x30, 0x04, 0x22, 0x69, 0x46, 0xa4, 0xdf,
  0x00, 0x98, 0xc0, 0xf3, 0x82, 0x20, 0x00, 0x90, 0x01, 0xa8, 0xfd, 0xf7, 0x69, 0xff, 0x45, 0xb1,
  0x20, 0x7a, 0x03, 0x28, 0x05, 0xd1, 0x00, 0x98, 0x03, 0x28, 0x02, 0xd1, 0x01, 0x98, 0x01, 0x28,
  0x03, 0xd0, 0x0d, 0x26, 0x30, 0x46, 0xbd, 0xe8, 0xfc, 0x81, 0x01, 0x20, 0x00, 0xf0, 0xa6, 0xfc,
  0x0b, 0x48, 0x07, 0x70, 0x0b, 0x48, 0x07, 0x70, 0x0b, 0x48, 0x07, 0x70, 0x0b, 0x48, 0x07, 0x70,
  0x0b, 0x48, 0x07, 0x70, 0x20, 0x68, 0x0c, 0x28, 0xec, 0xd1, 0x60, 0x7a, 0x01, 0x28, 0xe9, 0xd1,
  0x01, 0x21, 0x13, 0x20, 0xfe, 0xf7, 0x5a, 0xf8, 0xe4, 0xe7, 0x00, 0x00, 0x98, 0x70, 0xd0, 0x00,
  0x94, 0x70, 0xd0, 0x00, 0x93, 0x70, 0xd0, 0x00, 0x92, 0x70, 0xd0, 0x00, 0xac, 0x70, 0xd0, 0x00,
  0xab, 0x70, 0xd0, 0x00, 0xf0, 0xb5, 0x05, 0x46, 0x1a, 0x48, 0x95, 0xb0, 0x06, 0x68, 0x14, 0x96,
  0xff, 0x20, 0x8d, 0xf8, 0x28, 0x00, 0x00, 0x20, 0x0b, 0x90, 0x28, 0x22, 0x16, 0x49, 0x68, 0x46,
  0x2f, 0x69, 0xfc, 0xf7, 0x36, 0xef, 0xa8, 0x68, 0x0a, 0xa9, 0x02, 0x90, 0x6a, 0x46, 0xe8, 0x68,
  0xcd, 0xe9, 0x03, 0x07, 0x0b, 0xa8, 0x00, 0xf0, 0x25, 0xfb, 0x04, 0x00, 0x0c, 0xd1, 0x0b, 0x98,
  0x0e, 0x4a, 0x01, 0x69, 0x91, 0x42, 0x01, 0xd0, 0x2f, 0x24, 0x05, 0xe0, 0x20, 0x23, 0x39, 0x46,
  0x0c, 0xaa, 0x00, 0xf0, 0x87, 0xfc, 0x04, 0x46, 0x9d, 0xf8, 0x28, 0x00, 0xff, 0x28, 0x00, 0xd0,
  0xa2, 0xdf, 0x6c, 0x60, 0x14, 0x99, 0xb1, 0x42, 0x01, 0xd0, 0xfc, 0xf7, 0xca, 0xef, 0x15, 0xb0,
  0x20, 0x46, 0xf0, 0xbd, 0x4c, 0x12, 0xd0, 0x00, 0x00, 0x62, 0xd0, 0x00, 0x24, 0x50, 0x53, 0x31,
  0xf0, 0xb5, 0x05, 0x46, 0x1d, 0x48, 0x95, 0xb0, 0x06, 0x68, 0x14, 0x96, 0xff, 0x20, 0x8d, 0xf8,
  0x28, 0x00, 0x00, 0x20, 0x0b, 0x90, 0x1a, 0x48, 0x00, 0x78, 0x08, 0xb1, 0x0d, 0x24, 0x24, 0xe0,
  0x18, 0x49, 0x28, 0x22, 0x2f, 0x69, 0x68, 0x46, 0xfc, 0xf7, 0xf2, 0xee, 0xa8, 0x68, 0x0a, 0xa9,
  0x02, 0x90, 0x6a, 0x46, 0xe8, 0x68, 0xcd, 0xe9, 0x03, 0x07, 0x0b, 0xa8, 0x00, 0xf0, 0xe2, 0xfa,
  0x04, 0x00, 0x0c, 0xd1, 0x01, 0x21, 0x0f, 0x20, 0xfd, 0xf7, 0xe8, 0xff, 0x0b, 0x98, 0x20, 0x23,
  0x0c, 0xaa, 0x39, 0x46, 0x00, 0xf0, 0x46, 0xfc, 0x04, 0x00, 0x00, 0xd0, 0x31, 0x24, 0x9d, 0xf8,
  0x28, 0x00, 0xff, 0x28, 0x00, 0xd0, 0xa2, 0xdf, 0x6c, 0x60, 0x14, 0x98, 0xb0, 0x42, 0x01, 0xd0,
  0xfc, 0xf7, 0x86, 0xef, 0x15, 0xb0, 0x20, 0x46, 0xf0, 0xbd, 0x00, 0x00, 0x4c, 0x12, 0xd0, 0x00,
  0x92, 0x70, 0xd0, 0x00, 0xb0, 0x61, 0xd0, 0x00, 0x2d, 0xe9, 0xfc, 0x47, 0x04, 0x46, 0x00, 0x69,
  0x00, 0x26, 0x99, 0x46, 0xdd, 0xf8, 0x28, 0x80, 0x17, 0x46, 0x0d, 0x46, 0xe8, 0xb9, 0xbd, 0xe8,
  0xfc, 0x87, 0x29, 0x07, 0xfb, 0xd1, 0xa1, 0x68, 0xb5, 0xeb, 0x91, 0x0f, 0xf7, 0xd2, 0x61, 0x68,
  0x01, 0xab, 0xcd, 0xe9, 0x00, 0x86, 0x01, 0xeb, 0x80, 0x01, 0x4a, 0x46, 0x20, 0x46, 0xfe, 0xf7,
  0x3d, 0xfd, 0xe0, 0x68, 0x10, 0x30, 0xe0, 0x60, 0xa1, 0x68, 0xb0, 0xeb, 0x91, 0x0f, 0x00, 0xd3,
  0xe6, 0x60, 0x01, 0x98, 0x08, 0xb9, 0xe0, 0x68, 0x38, 0x60, 0xe0, 0x68, 0xa8, 0x42, 0xe0, 0xd1,
  0xdd, 0xe7, 0x00, 0x00, 0x01, 0x00, 0x4f, 0xf0, 0x08, 0x00, 0x00, 0xb5, 0x06, 0xd0, 0x01, 0x29,
  0x03, 0xd1, 0x00, 0x21, 0x04, 0x48, 0x01, 0x22, 0xa7, 0xdf, 0x00, 0xbd, 0x02, 0x48, 0x03, 0x49,
  0x5c, 0x30, 0x8a, 0x05, 0xf8, 0xe7, 0x00, 0x00, 0xc0, 0x15, 0x02, 0x00, 0x10, 0x00, 0x01, 0x40,
  0x00, 0xb5, 0x91, 0xb0, 0x06, 0x49, 0x40, 0x22, 0x68, 0x46, 0xfc, 0xf7, 0x7a, 0xee, 0x01, 0x22,
  0x68, 0x46, 0x08, 0x21, 0x00, 0xf0, 0x10, 0xfb, 0x00, 0xf0, 0xd2, 0xf8, 0x11, 0xb0, 0x00, 0xbd,
  0x10, 0x60, 0xd0, 0x00, 0x08, 0x48, 0x1c, 0xb5, 0x01, 0x22, 0xd0, 0xe9, 0x00, 0x10, 0xcd, 0xe9,
  0x00, 0x10, 0x11, 0x46, 0x68, 0x46, 0x00, 0xf0, 0xff, 0xfa, 0x05, 0x49, 0x03, 0x48, 0x49, 0x69,
  0xc1, 0xf8, 0x24, 0x0a, 0x1c, 0xbd, 0x00, 0x00, 0x40, 0x61, 0xd0, 0x00, 0x11, 0xbe, 0x07, 0xd0,
  0x20, 0x70, 0xd0, 0x00, 0x08, 0x48, 0x1c, 0xb5, 0x01, 0x22, 0xd0, 0xe9, 0x00, 0x10, 0xcd, 0xe9,
  0x00, 0x10, 0x11, 0x46, 0x68, 0x46, 0x00, 0xf0, 0xe7, 0xfa, 0x04, 0x49, 0x4f, 0xf0, 0x00, 0x40,
  0x09, 0x68, 0xc1, 0xf8, 0xf4, 0x0a, 0x1c, 0xbd, 0x50, 0x61, 0xd0, 0x00, 0x34, 0x70, 0xd0, 0x00,
  0x2d, 0xe9, 0xf0, 0x41, 0x04, 0x46, 0x37, 0x48, 0x8e, 0xb0, 0x00, 0x25, 0x06, 0x68, 0x0c, 0xa8,
  0x06, 0xf5, 0xae, 0x66, 0x00, 0xf0, 0xe6, 0xfa, 0x00, 0x28, 0x59, 0xd1, 0x14, 0xb9, 0x32, 0x48,
  0xfd, 0xf7, 0x04, 0xfd, 0x31, 0x49, 0x30, 0x22, 0x68, 0x46, 0xfc, 0xf7, 0x2a, 0xee, 0x01, 0x22,
  0x68, 0x46, 0x06, 0x21, 0x00, 0xf0, 0xc0, 0xfa, 0x07, 0x00, 0x49, 0xd1, 0x30, 0x68, 0x40, 0xf0,
  0x00, 0x44, 0xfe, 0xf7, 0x81, 0xfa, 0xdf, 0xf8, 0xa8, 0x80, 0x01, 0x28, 0x04, 0xd0, 0xd8, 0xf8,
  0x00, 0x00, 0xd0, 0xf8, 0x80, 0x09, 0x08, 0xb1, 0x44, 0xf0, 0x80, 0x44, 0x25, 0x48, 0x26, 0x4a,
  0x01, 0x78, 0x21, 0x48, 0x00, 0x1f, 0x02, 0x29, 0x01, 0xd0, 0x0c, 0x9b, 0x33, 0xb1, 0x43, 0x68,
  0xb3, 0xb1, 0x18, 0x46, 0xdb, 0x07, 0x0c, 0xd0, 0x44, 0x25, 0x11, 0xe0, 0x43, 0x68, 0x00, 0x2b,
  0xf7, 0xd1, 0x10, 0x78, 0x02, 0x28, 0x11, 0xd0, 0x1c, 0x48, 0x00, 0x78, 0x02, 0x28, 0x0e, 0xd0,
  0x1c, 0xe0, 0x83, 0x07, 0x01, 0xd5, 0x58, 0x25, 0x02, 0xe0, 0x40, 0x07, 0x00, 0xd5, 0x59, 0x25,
  0x02, 0x29, 0x00, 0xd1, 0x0c, 0x25, 0x10, 0x78, 0x02, 0x28, 0x00, 0xd1, 0x47, 0x25, 0x00, 0x22,
  0x29, 0x46, 0x02, 0x20, 0x00, 0xf0, 0xd2, 0xfc, 0xd8, 0xf8, 0x00, 0x00, 0xd0, 0xf8, 0x00, 0x05,
  0x01, 0x28, 0x08, 0xd0, 0x02, 0x28, 0x06, 0xd0, 0x44, 0xf0, 0x80, 0x44, 0x34, 0x60, 0x38, 0x46,
  0x0e, 0xb0, 0xbd, 0xe8, 0xf0, 0x81, 0x01, 0x20, 0x00, 0xf0, 0x54, 0xff, 0x44, 0xf0, 0x00, 0x54,
  0xf4, 0xe7, 0x00, 0x00, 0x34, 0x70, 0xd0, 0x00, 0xbc, 0x70, 0xd0, 0x00, 0x58, 0x61, 0xd0, 0x00,
  0x70, 0x70, 0xd0, 0x00, 0x21, 0x70, 0xd0, 0x00, 0x22, 0x70, 0xd0, 0x00, 0x23, 0x70, 0xd0, 0x00,
  0x00, 0xb5, 0x89, 0xb0, 0x0d, 0x49, 0x20, 0x22, 0x68, 0x46, 0xfc, 0xf7, 0xba, 0xed, 0x03, 0x22,
  0x68, 0x46, 0x04, 0x21, 0x00, 0xf0, 0x50, 0xfa, 0x00, 0x28, 0x0d, 0xd1, 0x00, 0x90, 0x03, 0x20,
  0x02, 0x22, 0x01, 0x90, 0x01, 0x21, 0x68, 0x46, 0x00, 0xf0, 0x46, 0xfa, 0x00, 0x28, 0x03, 0xd1,
  0x00, 0x21, 0x00, 0xf0, 0x65, 0xfc, 0x00, 0x20, 0x09, 0xb0, 0x00, 0xbd, 0x78, 0x62, 0xd0, 0x00,
  0x10, 0xb5, 0x86, 0xb0, 0x12, 0x49, 0x18, 0x22, 0x68, 0x46, 0xfc, 0xf7, 0x9a, 0xed, 0x01, 0x22,
  0x68, 0x46, 0x03, 0x21, 0x00, 0xf0, 0x30, 0xfa, 0x0e, 0x4c, 0x20, 0x68, 0x00, 0xf6, 0x94, 0x20,
  0xd4, 0xdf, 0x01, 0x46, 0x03, 0x20, 0x00, 0xf0, 0x17, 0xfb, 0x20, 0x68, 0x00, 0xf6, 0x98, 0x20,
  0xd4, 0xdf, 0x01, 0x46, 0x04, 0x20, 0x00, 0xf0, 0x0f, 0xfb, 0x20, 0x68, 0x00, 0xf6, 0x9c, 0x20,
  0xd4, 0xdf, 0x01, 0x46, 0x05, 0x20, 0x00, 0xf0, 0x07, 0xfb, 0x06, 0xb0, 0x10, 0xbd, 0x00, 0x00,
  0xf8, 0x5f, 0xd0, 0x00, 0x34, 0x70, 0xd0, 0x00, 0x0f, 0x48, 0x14, 0x21, 0x70, 0xb5, 0x00, 0x26,
  0x04, 0x68, 0x0e, 0x48, 0x04, 0xf2, 0x44, 0x54, 0xfc, 0xf7, 0xdc, 0xfd, 0x00, 0xf0, 0x1c, 0xf8,
  0x31, 0x20, 0x96, 0xdf, 0x0a, 0x4d, 0x28, 0x60, 0x34, 0x20, 0x96, 0xdf, 0x09, 0x49, 0x08, 0x60,
  0x29, 0x68, 0x49, 0x1c, 0x06, 0xd0, 0x40, 0x1c, 0x04, 0xd0, 0x4f, 0xf0, 0x00, 0x40, 0x20, 0x60,
  0x30, 0x46, 0x70, 0xbd, 0x23, 0x20, 0x70, 0xbd, 0x34, 0x70, 0xd0, 0x00, 0x1c, 0x08, 0xd1, 0x00,
  0x54, 0x70, 0xd0, 0x00, 0x50, 0x70, 0xd0, 0x00, 0x30, 0xb5, 0x0c, 0x4d, 0x8b, 0xb0, 0x0c, 0x49,
  0x28, 0x22, 0x68, 0x46, 0x2c, 0x68, 0xfc, 0xf7, 0x44, 0xed, 0x01, 0x22, 0x68, 0x46, 0x05, 0x21,
  0x00, 0xf0, 0xda, 0xf9, 0x01, 0x20, 0xc4, 0xf8, 0x90, 0x06, 0x28, 0x68, 0xd0, 0xf8, 0xfc, 0x19,
  0x41, 0xf0, 0x02, 0x01, 0xc0, 0xf8, 0xfc, 0x19, 0x0b, 0xb0, 0x30, 0xbd, 0x34, 0x70, 0xd0, 0x00,
  0xc0, 0x62, 0xd0, 0x00, 0x1f, 0xb5, 0x0b, 0x48, 0x04, 0x68, 0x0b, 0x48, 0x04, 0xf6, 0xcc, 0x24,
  0x0f, 0xc8, 0x8d, 0xe8, 0x0f, 0x00, 0x01, 0x22, 0x68, 0x46, 0x02, 0x21, 0x00, 0xf0, 0xbc, 0xf9,
  0x00, 0x28, 0x04, 0xd1, 0x20, 0x68, 0x40, 0xf0, 0x00, 0x40, 0x20, 0x60, 0x00, 0x20, 0x04, 0xb0,
  0x10, 0xbd, 0x00, 0x00, 0x34, 0x70, 0xd0, 0x00, 0x38, 0x63, 0xd0, 0x00, 0x1f, 0xb5, 0x0a, 0x48,
  0x04, 0x68, 0x0a, 0x48, 0x04, 0xf6, 0x84, 0x14, 0x0f, 0xc8, 0x8d, 0xe8, 0x0f, 0x00, 0x01, 0x22,
  0x68, 0x46, 0x02, 0x21, 0x00, 0xf0, 0xa0, 0xf9, 0x00, 0x28, 0x03, 0xd1, 0x21, 0x68, 0x41, 0xf0,
  0x00, 0x41, 0x21, 0x60, 0x04, 0xb0, 0x10, 0xbd, 0x34, 0x70, 0xd0, 0x00, 0x48, 0x63, 0xd0, 0x00,
  0x70, 0xb5, 0x8c, 0xb0, 0xff, 0x20, 0x8d, 0xf8, 0x28, 0x00, 0x00, 0x20, 0x0b, 0x90, 0x06, 0x46,
  0x13, 0x48, 0xd0, 0xe9, 0x00, 0x45, 0x54, 0xea, 0x05, 0x00, 0x12, 0xd0, 0x11, 0x48, 0xd0, 0xe9,
  0x00, 0x10, 0x01, 0x43, 0x19, 0xd0, 0x10, 0x49, 0x28, 0x22, 0x68, 0x46, 0xfc, 0xf7, 0xe0, 0xec,
  0xcd, 0xe9, 0x02, 0x45, 0x0a, 0xa9, 0x6a, 0x46, 0x0b, 0xa8, 0x00, 0xf0, 0xd3, 0xf8, 0x38, 0xb9,
  0x02, 0xe0, 0x01, 0x20, 0x0c, 0xb0, 0x70, 0xbd, 0x0b, 0x98, 0x00, 0x68, 0x00, 0xb1, 0x01, 0x26,
  0x9d, 0xf8, 0x28, 0x00, 0xff, 0x28, 0x00, 0xd0, 0xa2, 0xdf, 0x30, 0x46, 0xf2, 0xe7, 0x00, 0x00,
  0xa0, 0x70, 0xd0, 0x00, 0x98, 0x70, 0xd0, 0x00, 0x88, 0x61, 0xd0, 0x00, 0x0d, 0x4b, 0x70, 0xb5,
  0xd3, 0xe9, 0x00, 0x54, 0x43, 0x1b, 0x71, 0xeb, 0x04, 0x03, 0x10, 0xd3, 0x82, 0x18, 0x41, 0xf1,
  0x00, 0x03, 0x10, 0x1a, 0x73, 0xeb, 0x01, 0x00, 0x09, 0xd3, 0x07, 0x48, 0xd0, 0xe9, 0x00, 0x16,
  0x68, 0x18, 0x74, 0x41, 0x80, 0x1a, 0x9c, 0x41, 0x01, 0xd3, 0x01, 0x20, 0x70, 0xbd, 0x00, 0x20,
  0x70, 0xbd, 0x00, 0x00, 0x78, 0x70, 0xd0, 0x00, 0x80, 0x70, 0xd0, 0x00, 0x00, 0x20, 0x70, 0x47,
  0x01, 0x20, 0x70, 0x47, 0x2d, 0xe9, 0xff, 0x4f, 0x95, 0xb0, 0x47, 0x48, 0x8b, 0x46, 0x15, 0x46,
  0xdd, 0xe9, 0x23, 0x96, 0xdd, 0xf8, 0x88, 0x80, 0x26, 0x99, 0x07, 0x68, 0x13, 0x97, 0x4f, 0xf0,
  0x00, 0x0a, 0xff, 0x20, 0xcd, 0xf8, 0x48, 0xa0, 0xb8, 0xf1, 0x00, 0x0f, 0xcd, 0xf8, 0x3c, 0xa0,
  0xcd, 0xf8, 0x40, 0xa0, 0xcd, 0xf8, 0x44, 0xa0, 0x8d, 0xf8, 0x34, 0x00, 0x01, 0xd0, 0x02, 0x22,
  0x00, 0xe0, 0x01, 0x22, 0x33, 0x46, 0x0c, 0xa8, 0x69, 0xf3, 0x1f, 0x43, 0xcd, 0xe9, 0x00, 0x10,
  0x15, 0x98, 0x59, 0x46, 0x00, 0xf0, 0x6c, 0xf9, 0x04, 0x00, 0x57, 0xd1, 0x0f, 0xa9, 0x9d, 0xf8,
  0x30, 0x00, 0xaf, 0xdf, 0x04, 0x00, 0x51, 0xd1, 0x30, 0x49, 0x28, 0x22, 0x02, 0xa8, 0xfc, 0xf7,
  0x68, 0xec, 0x15, 0x98, 0xcd, 0xf8, 0x10, 0xb0, 0xcd, 0xe9, 0x05, 0x05, 0x01, 0x25, 0xb8, 0xf1,
  0x00, 0x0f, 0x05, 0xd0, 0x03, 0x20, 0x02, 0x90, 0x08, 0xa8, 0x80, 0xe8, 0x60, 0x02, 0x03, 0xe0,
  0x02, 0x20, 0x02, 0x95, 0xcd, 0xe9, 0x08, 0x0a, 0x02, 0xaa, 0x0d, 0xa9, 0x0e, 0xa8, 0x00, 0xf0,
  0x49, 0xf8, 0x04, 0x00, 0x32, 0xd1, 0x0e, 0x98, 0xd0, 0xf8, 0xd0, 0x80, 0x9d, 0xf8, 0x30, 0x00,
  0xb0, 0xdf, 0x00, 0xb1, 0x01, 0x20, 0x40, 0xb1, 0x01, 0x26, 0x0f, 0x98, 0x42, 0x46, 0x31, 0x46,
  0xfd, 0xf7, 0x1c, 0xff, 0x04, 0x00, 0x21, 0xd1, 0x00, 0xe0, 0x02, 0x26, 0x9d, 0xf8, 0x30, 0x00,
  0xdf, 0xf8, 0x5c, 0x80, 0x10, 0x22, 0x00, 0xeb, 0x40, 0x01, 0x01, 0xeb, 0x00, 0x11, 0x08, 0xeb,
  0xc1, 0x00, 0x7f, 0x30, 0x0f, 0xa9, 0xfc, 0xf7, 0xe8, 0xeb, 0x9d, 0xf8, 0x30, 0x00, 0x00, 0xeb,
  0x40, 0x01, 0x01, 0xeb, 0x00, 0x12, 0x08, 0xeb, 0xc2, 0x01, 0x81, 0xf8, 0x91, 0x50, 0x25, 0x9a,
  0x81, 0xf8, 0x7d, 0x20, 0x81, 0xf8, 0x90, 0x60, 0x18, 0x99, 0x08, 0x70, 0x9d, 0xf8, 0x34, 0x00,
  0xff, 0x28, 0x00, 0xd0, 0xa2, 0xdf, 0x13, 0x99, 0xb9, 0x42, 0x01, 0xd0, 0xfc, 0xf7, 0xc8, 0xec,
  0x19, 0xb0, 0x20, 0x46, 0xbd, 0xe8, 0xf0, 0x8f, 0x4c, 0x12, 0xd0, 0x00, 0x98, 0x62, 0xd0, 0x00,
  0x00, 0x80, 0xd0, 0x00, 0x2d, 0xe9, 0xf0, 0x43, 0x81, 0x46, 0x90, 0x68, 0x88, 0x46, 0x11, 0x69,
  0x89, 0xb0, 0x14, 0x46, 0x05, 0x0b, 0x4f, 0xf0, 0x14, 0x02, 0x2d, 0x03, 0x46, 0x1b, 0x06, 0xf6,
  0xff, 0x70, 0x08, 0x44, 0x23, 0x49, 0x4f, 0xea, 0x10, 0x37, 0x02, 0xa8, 0x4f, 0xea, 0x07, 0x37,
  0xfc, 0xf7, 0xee, 0xeb, 0xcd, 0xe9, 0x03, 0x75, 0xe0, 0x68, 0x00, 0x25, 0xcd, 0xe9, 0x05, 0x07,
  0xff, 0x20, 0x8d, 0xf8, 0x1c, 0x00, 0x08, 0x95, 0xa0, 0x69, 0x01, 0x28, 0x03, 0xd0, 0x02, 0x28,
  0x0c, 0xd0, 0x19, 0x4c, 0x2a, 0xe0, 0x61, 0x69, 0x20, 0x6a, 0xcd, 0xe9, 0x00, 0x01, 0xe3, 0x69,
  0x02, 0xa9, 0x22, 0x68, 0x07, 0xa8, 0x00, 0xf0, 0x29, 0xf8, 0x07, 0xe0, 0x60, 0x69, 0x02, 0xa9,
  0x00, 0x90, 0x07, 0xa8, 0xe3, 0x69, 0x22, 0x68, 0x00, 0xf0, 0x56, 0xf8, 0x04, 0x00, 0x07, 0xd1,
  0x08, 0xa9, 0x9d, 0xf8, 0x1c, 0x00, 0x2a, 0x46, 0x2b, 0x46, 0xa3, 0xdf, 0x04, 0x00, 0x05, 0xd0,
  0x9d, 0xf8, 0x1c, 0x00, 0xff, 0x28, 0x09, 0xd0, 0xa2, 0xdf, 0x07, 0xe0, 0x9d, 0xf8, 0x1c, 0x10,
  0x88, 0xf8, 0x00, 0x10, 0x08, 0x98, 0x81, 0x19, 0xc9, 0xf8, 0x00, 0x10, 0x09, 0xb0, 0x20, 0x46,
  0xbd, 0xe8, 0xf0, 0x83, 0x58, 0x63, 0xd0, 0x00, 0x0a, 0x00, 0xff, 0xff, 0x2d, 0xe9, 0xf0, 0x41,
  0x01, 0x2a, 0x1d, 0x46, 0x0c, 0x46, 0x06, 0x46, 0xdd, 0xe9, 0x06, 0x87, 0x22, 0xd0, 0x02, 0x2a,
  0x04, 0xd0, 0x03, 0x2a, 0x0a, 0xd0, 0x13, 0x48, 0xbd, 0xe8, 0xf0, 0x81, 0x1a, 0x46, 0x08, 0x46,
  0x31, 0x46, 0x3b, 0x46, 0x68, 0xf3, 0x1f, 0x42, 0xa0, 0xdf, 0xf5, 0xe7, 0xa5, 0xf5, 0x7f, 0x40,
  0xff, 0x38, 0x07, 0xd0, 0x23, 0x69, 0x28, 0x46, 0xd4, 0xe9, 0x02, 0x21, 0xfd, 0xf7, 0xea, 0xfd,
  0x00, 0x28, 0xe9, 0xd1, 0x2a, 0x46, 0x20, 0x46, 0x31, 0x46, 0x3b, 0x46, 0x68, 0xf3, 0x1f, 0x42,
  0x9f, 0xdf, 0xe1, 0xe7, 0x1a, 0x46, 0x08, 0x46, 0x31, 0x46, 0x3b, 0x46, 0x68, 0xf3, 0x1f, 0x42,
  0xa1, 0xdf, 0xd9, 0xe7, 0x0a, 0x00, 0xff, 0xff, 0x30, 0xb5, 0x01, 0x2a, 0x04, 0x46, 0x03, 0x9d,
  0x01, 0xd0, 0x04, 0x48, 0x30, 0xbd, 0x08, 0x46, 0x1a, 0x46, 0x21, 0x46, 0x2b, 0x46, 0x9d, 0xdf,
  0x30, 0xbd, 0x00, 0x00, 0x0a, 0x00, 0xff, 0xff, 0x00, 0xb5, 0x9e, 0xb0, 0x10, 0x90, 0xc8, 0x00,
  0x07, 0x49, 0x02, 0x92, 0x11, 0x90, 0x01, 0x20, 0x8d, 0xf8, 0x04, 0x00, 0x0a, 0x68, 0x00, 0x92,
  0x8d, 0xf8, 0x05, 0x00, 0x48, 0x68, 0x69, 0x46, 0xf6, 0xdf, 0x1e, 0xb0, 0x00, 0xbd, 0x00, 0x00,
  0xd8, 0x63, 0xd0, 0x00, 0x10, 0xb5, 0x9e, 0xb0, 0x04, 0x46, 0x01, 0x20, 0x8d, 0xf8, 0x04, 0x00,
  0x07, 0x48, 0x01, 0x68, 0x00, 0x91, 0x00, 0x21, 0x8d, 0xf8, 0x05, 0x10, 0x69, 0x46, 0x40, 0x68,
  0xf6, 0xdf, 0x00, 0x28, 0x01, 0xd1, 0x02, 0x99, 0x21, 0x60, 0x1e, 0xb0, 0x10, 0xbd, 0x00, 0x00,
  0x78, 0x63, 0xd0, 0x00, 0x10, 0xb5, 0x9e, 0xb0, 0x00, 0x24, 0x01, 0x20, 0x8d, 0xf8, 0x04, 0x00,
  0x06, 0x48, 0x01, 0x68, 0x00, 0x91, 0x69, 0x46, 0x8d, 0xf8, 0x05, 0x40, 0x40, 0x68, 0xf6, 0xdf,
  0x00, 0xb9, 0x02, 0x9c, 0x1e, 0xb0, 0x20, 0x46, 0x10, 0xbd, 0x00, 0x00, 0x70, 0x63, 0xd0, 0x00,
  0x10, 0xb5, 0x9e, 0xb0, 0x04, 0x46, 0x01, 0x20, 0x8d, 0xf8, 0x04, 0x00, 0x07, 0x48, 0x01, 0x68,
  0x00, 0x91, 0x00, 0x21, 0x8d, 0xf8, 0x05, 0x10, 0x69, 0x46, 0x40, 0x68, 0xf6, 0xdf, 0x00, 0x28,
  0x01, 0xd1, 0x02, 0x99, 0x21, 0x60, 0x1e, 0xb0, 0x10, 0xbd, 0x00, 0x00, 0xc8, 0x63, 0xd0, 0x00,
  0xf0, 0xb5, 0x9e, 0xb0, 0x02, 0xae, 0x01, 0x25, 0xdd, 0xe9, 0x23, 0x47, 0x86, 0xe8, 0x1f, 0x00,
  0x10, 0x48, 0x00, 0x26, 0x8d, 0xf8, 0x04, 0x50, 0x6c, 0x46, 0x01, 0x68, 0x00, 0x91, 0x21, 0x46,
  0x8d, 0xf8, 0x05, 0x60, 0x40, 0x68, 0xf6, 0xdf, 0x00, 0x28, 0x11, 0xd1, 0x40, 0x1e, 0x91, 0xdf,
  0x07, 0x98, 0x02, 0x90, 0x08, 0x48, 0x8d, 0xf8, 0x04, 0x50, 0x01, 0x68, 0x00, 0x91, 0x21, 0x46,
  0x8d, 0xf8, 0x05, 0x60, 0x40, 0x68, 0xf6, 0xdf, 0x00, 0x28, 0x01, 0xd1, 0x03, 0x99, 0x39, 0x70,
  0x1e, 0xb0, 0xf0, 0xbd, 0xa0, 0x63, 0xd0, 0x00, 0xa8, 0x63, 0xd0, 0x00, 0x10, 0xb5, 0x9e, 0xb0,
  0x0c, 0x46, 0x02, 0x90, 0x01, 0x20, 0x8d, 0xf8, 0x04, 0x00, 0x07, 0x48, 0x01, 0x68, 0x00, 0x91,
  0x00, 0x21, 0x8d, 0xf8, 0x05, 0x10, 0x69, 0x46, 0x40, 0x68, 0xf6, 0xdf, 0x00, 0x28, 0x01, 0xd1,
  0x03, 0x99, 0x21, 0x60, 0x1e, 0xb0, 0x10, 0xbd, 0x80, 0x63, 0xd0, 0x00, 0x00, 0xb5, 0x9e, 0xb0,
  0x02, 0x90, 0x01, 0x20, 0x8d, 0xf8, 0x04, 0x00, 0x05, 0x48, 0x01, 0x68, 0x00, 0x91, 0x00, 0x21,
  0x8d, 0xf8, 0x05, 0x10, 0x69, 0x46, 0x40, 0x68, 0xf6, 0xdf, 0x1e, 0xb0, 0x00, 0xbd, 0x00, 0x00,
  0xd0, 0x63, 0xd0, 0x00, 0x10, 0xb5, 0x9e, 0xb0, 0x02, 0x90, 0x01, 0x20, 0x8d, 0xf8, 0x04, 0x00,
  0x07, 0x48, 0x01, 0x68, 0x00, 0x91, 0x00, 0x21, 0x8d, 0xf8, 0x05, 0x10, 0x69, 0x46, 0x40, 0x68,
  0xf6, 0xdf, 0x04, 0x00, 0x01, 0xd1, 0x40, 0x1e, 0x91, 0xdf, 0x1e, 0xb0, 0x20, 0x46, 0x10, 0xbd,
  0xb8, 0x63, 0xd0, 0x00, 0x70, 0xb5, 0x20, 0x2b, 0x1d, 0x46, 0x9e, 0xb0, 0x16, 0x46, 0x02, 0xd0,
  0x05, 0x20, 0x1e, 0xb0, 0x70, 0xbd, 0xcd, 0xe9, 0x10, 0x01, 0x0a, 0x48, 0x01, 0x21, 0x8d, 0xf8,
  0x04, 0x10, 0x02, 0x68, 0x00, 0x92, 0x8d, 0xf8, 0x05, 0x10, 0x69, 0x46, 0x40, 0x68, 0xf6, 0xdf,
  0x04, 0x00, 0x04, 0xd1, 0x02, 0xa9, 0x2a, 0x46, 0x30, 0x46, 0xfc, 0xf7, 0x36, 0xea, 0x20, 0x46,
  0xe7, 0xe7, 0x00, 0x00, 0xc0, 0x63, 0xd0, 0x00, 0x00, 0xb5, 0x9e, 0xb0, 0xcd, 0xe9, 0x02, 0x01,
  0x01, 0x20, 0x8d, 0xf8, 0x04, 0x00, 0x05, 0x48, 0x01, 0x68, 0x00, 0x91, 0x00, 0x21, 0x8d, 0xf8,
  0x05, 0x10, 0x69, 0x46, 0x40, 0x68, 0xf6, 0xdf, 0x1e, 0xb0, 0x00, 0xbd, 0x90, 0x63, 0xd0, 0x00,
  0x2d, 0xe9, 0xf0, 0x41, 0x17, 0x4f, 0x38, 0x68, 0x94, 0xdf, 0x17, 0x4e, 0x00, 0x24, 0x11, 0xe0,
  0x04, 0xeb, 0x44, 0x00, 0x00, 0xeb, 0xc4, 0x00, 0x06, 0xeb, 0xc0, 0x05, 0x28, 0x79, 0x00, 0xeb,
  0x40, 0x01, 0x01, 0xeb, 0x00, 0x10, 0x11, 0x49, 0x01, 0xeb, 0xc0, 0x00, 0x90, 0xf8, 0x7e, 0x00,
  0x38, 0xb1, 0x64, 0x1c, 0x30, 0x68, 0xa0, 0x42, 0xea, 0xd8, 0x38, 0x68, 0x95, 0xdf, 0xbd, 0xe8,
  0xf0, 0x81, 0x28, 0x1d, 0xfd, 0xf7, 0x32, 0xfe, 0x30, 0x68, 0x05, 0xf1, 0x5c, 0x01, 0x02, 0x1b,
  0x58, 0x20, 0x52, 0x1e, 0x42, 0x43, 0x28, 0x1d, 0xfc, 0xf7, 0x64, 0xea, 0x30, 0x68, 0x40, 0x1e,
  0x30, 0x60, 0xe7, 0xe7, 0x4c, 0x70, 0xd0, 0x00, 0x18, 0xfd, 0xd0, 0x00, 0x00, 0x80, 0xd0, 0x00,
  0x2d, 0xe9, 0xf0, 0x4f, 0x93, 0xb0, 0x1d, 0x46, 0x16, 0x46, 0x0c, 0x46, 0x38, 0x21, 0x80, 0x46,
  0xdd, 0xf8, 0x70, 0xa0, 0x04, 0xa8, 0xfc, 0xf7, 0x8d, 0xfa, 0xdf, 0xf8, 0x74, 0xc1, 0x31, 0x22,
  0x01, 0x2e, 0x4f, 0xf0, 0x00, 0x09, 0xcd, 0xf8, 0x48, 0x90, 0x28, 0xd0, 0xea, 0x69, 0x40, 0xf2,
  0x17, 0x10, 0x30, 0x2a, 0x79, 0xd2, 0x0c, 0xeb, 0x42, 0x17, 0x39, 0x78, 0x20, 0x29, 0x74, 0xd2,
  0xfa, 0x69, 0x52, 0x45, 0x71, 0xd1, 0xdf, 0xf8, 0x4c, 0xb1, 0xdb, 0xf8, 0x00, 0x00, 0x94, 0xdf,
  0x00, 0x26, 0x30, 0x46, 0x08, 0xeb, 0x40, 0x11, 0x91, 0xf8, 0x30, 0x10, 0xff, 0x29, 0x26, 0xd0,
  0x40, 0x1c, 0x30, 0x28, 0xf6, 0xd3, 0x4b, 0x48, 0x00, 0x68, 0x95, 0xdf, 0xce, 0xb3, 0x78, 0x68,
  0xc0, 0xb3, 0x05, 0x90, 0x4f, 0xf0, 0x07, 0x0b, 0xb8, 0x68, 0x06, 0x90, 0x38, 0xe0, 0xd4, 0xe9,
  0x06, 0x30, 0x19, 0xeb, 0x03, 0x03, 0x00, 0x21, 0x40, 0xeb, 0x09, 0x00, 0x0c, 0xeb, 0x41, 0x17,
  0x3e, 0x78, 0xff, 0x2e, 0x05, 0xd0, 0xd7, 0xe9, 0x04, 0x67, 0x5e, 0x40, 0x47, 0x40, 0x3e, 0x43,
  0x03, 0xd0, 0x49, 0x1c, 0x30, 0x29, 0xf1, 0xd3, 0xc1, 0xe7, 0x0a, 0x46, 0xbf, 0xe7, 0x08, 0xeb,
  0x40, 0x16, 0x38, 0x78, 0x86, 0xf8, 0x30, 0x00, 0x20, 0x68, 0x70, 0x61, 0x60, 0x68, 0xb0, 0x61,
  0xe0, 0x68, 0xf0, 0x61, 0x20, 0x69, 0x30, 0x62, 0x60, 0x69, 0x70, 0x62, 0x94, 0xf8, 0x20, 0x00,
  0xc6, 0xe9, 0x0a, 0x09, 0xff, 0x20, 0x86, 0xf8, 0x32, 0x90, 0x86, 0xf8, 0x31, 0x00, 0x14, 0x36,
  0xc1, 0xe7, 0x00, 0xe0, 0x02, 0xe0, 0x40, 0xf2, 0x19, 0x18, 0x4d, 0xe0, 0x4f, 0xf0, 0x00, 0x0b,
  0x68, 0x6a, 0x40, 0xb3, 0x94, 0xf8, 0x20, 0x10, 0x52, 0x46, 0x05, 0xf1, 0x24, 0x00, 0x4f, 0xf0,
  0xff, 0x33, 0x61, 0xf3, 0x1f, 0x42, 0x06, 0xf1, 0x1d, 0x01, 0x9f, 0xdf, 0x5f, 0xea, 0x00, 0x08,
  0x33, 0xd1, 0x12, 0xa9, 0x70, 0x7f, 0x4b, 0x46, 0x4a, 0x46, 0xa3, 0xdf, 0x5f, 0xea, 0x00, 0x08,
  0x2b, 0xd1, 0x00, 0x21, 0x6a, 0x6a, 0x08, 0x46, 0x07, 0xe0, 0x2e, 0xe0, 0x00, 0xeb, 0x40, 0x03,
  0x40, 0x1c, 0x05, 0xeb, 0x83, 0x03, 0x5b, 0x6b, 0x19, 0x44, 0x82, 0x42, 0xf6, 0xd8, 0x12, 0x9a,
  0x07, 0x20, 0xcd, 0xe9, 0x07, 0x21, 0x94, 0xf8, 0x20, 0x10, 0x4b, 0xea, 0x00, 0x10, 0x12, 0x4b,
  0x40, 0xf4, 0x80, 0x70, 0x09, 0x91, 0x04, 0x90, 0xf9, 0x68, 0x1b, 0x78, 0xcd, 0xf8, 0x0c, 0xa0,
  0x00, 0x93, 0xcd, 0xe9, 0x01, 0x91, 0x38, 0x78, 0x04, 0xa9, 0x0c, 0x4a, 0x2b, 0x6a, 0xfc, 0xf7,
  0xb1, 0xfa, 0x5f, 0xea, 0x00, 0x08, 0x07, 0xd0, 0x36, 0xb1, 0x06, 0x4c, 0x20, 0x68, 0x94, 0xdf,
  0xff, 0x20, 0x30, 0x77, 0x20, 0x68, 0x95, 0xdf, 0x40, 0x46, 0x13, 0xb0, 0xbd, 0xe8, 0xf0, 0x8f,
  0x30, 0x08, 0xd1, 0x00, 0xb0, 0x70, 0xd0, 0x00, 0x27, 0x70, 0xd0, 0x00, 0x04, 0x00, 0xff, 0xff,
  0x0a, 0x4b, 0x01, 0x00, 0x4f, 0xf0, 0x08, 0x00, 0x4f, 0xf0, 0x04, 0x02, 0x00, 0xb5, 0x09, 0xd0,
  0x04, 0x29, 0x07, 0xd0, 0x01, 0x29, 0x01, 0xd0, 0x02, 0x29, 0x02, 0xd1, 0x00, 0x21, 0x18, 0x46,
  0xa5, 0xdf, 0x00, 0xbd, 0x18, 0x46, 0x4f, 0xf6, 0xff, 0x71, 0xf9, 0xe7, 0x18, 0x11, 0x00, 0x49,
  0x04, 0x4a, 0x12, 0x68, 0xc2, 0xf8, 0x00, 0x17, 0x40, 0xf0, 0x00, 0x40, 0xc2, 0xf8, 0x1c, 0x07,
  0x70, 0x47, 0x00, 0x00, 0x34, 0x70, 0xd0, 0x00, 0xf0, 0xb5, 0x04, 0x46, 0x0e, 0x48, 0x04, 0x25,
  0x17, 0x46, 0x00, 0xeb, 0x84, 0x00, 0x1e, 0x46, 0x2a, 0x46, 0xa5, 0xdf, 0x00, 0x28, 0x12, 0xd1,
  0x09, 0x48, 0x39, 0x46, 0x2a, 0x46, 0x00, 0x1f, 0xa5, 0xdf, 0x00, 0x28, 0x0b, 0xd1, 0x06, 0x48,
  0x21, 0x46, 0x2a, 0x46, 0x08, 0x38, 0xa5, 0xdf, 0x00, 0x28, 0x04, 0xd1, 0x02, 0x48, 0x31, 0x46,
  0x2a, 0x46, 0x0c, 0x38, 0xa5, 0xdf, 0xf0, 0xbd, 0xb0, 0xfc, 0x03, 0x00, 0x2d, 0xe9, 0xf0, 0x41,
  0x8d, 0xb2, 0x0e, 0x4e, 0x4f, 0xf4, 0x40, 0x31, 0x4f, 0xf0, 0x01, 0x08, 0x01, 0xea, 0x00, 0x40,
  0x05, 0x43, 0x4f, 0xf4, 0x70, 0x10, 0x00, 0xea, 0x82, 0x40, 0x05, 0x43, 0x00, 0x24, 0x27, 0x46,
  0x43, 0x46, 0x31, 0x19, 0xe0, 0x00, 0x25, 0xfa, 0x00, 0xf0, 0x78, 0x31, 0xc2, 0xb2, 0x38, 0x46,
  0xb2, 0xdf, 0x64, 0x1c, 0x04, 0x2c, 0xf3, 0xd3, 0xbd, 0xe8, 0xf0, 0x81, 0x00, 0x05, 0xd8, 0xfe,
  0xff, 0xf7, 0x6e, 0xba, 0x04, 0x48, 0x10, 0xb5, 0x04, 0x68, 0xff, 0xf7, 0x9d, 0xfb, 0x4f, 0xf0,
  0x00, 0x40, 0xc4, 0xf8, 0x44, 0x05, 0x10, 0xbd, 0x34, 0x70, 0xd0, 0x00, 0x70, 0xb5, 0x0d, 0x4d,
  0x28, 0x68, 0xd0, 0xf8, 0xf4, 0x4a, 0x00, 0x2c, 0x0f, 0xdb, 0x0b, 0x4e, 0x30, 0x68, 0x94, 0xdf,
  0xc4, 0xf3, 0x07, 0x20, 0x01, 0x28, 0x09, 0xd0, 0xff, 0x20, 0x29, 0x68, 0xc0, 0xb2, 0x40, 0xf0,
  0x00, 0x40, 0xc1, 0xf8, 0xf4, 0x0a, 0x30, 0x68, 0x95, 0xdf, 0x70, 0xbd, 0xfd, 0xf7, 0xbc, 0xfb,
  0xf3, 0xe7, 0x00, 0x00, 0x34, 0x70, 0xd0, 0x00, 0xb0, 0x70, 0xd0, 0x00, 0x59, 0x20, 0x96, 0xdf,
  0x05, 0x4c, 0xe0, 0x64, 0xff, 0xf7, 0x66, 0xfa, 0x4f, 0xf0, 0xff, 0x35, 0xe0, 0x6c, 0x29, 0x46,
  0x97, 0xdf, 0xff, 0xf7, 0xd3, 0xff, 0xf9, 0xe7, 0x20, 0x70, 0xd0, 0x00, 0x2d, 0xe9, 0xf0, 0x4f,
  0xe6, 0x48, 0x8d, 0xb0, 0x00, 0x25, 0xaa, 0x46, 0x06, 0x68, 0x00, 0x95, 0x06, 0xf5, 0xae, 0x66,
  0xff, 0xf7, 0xae, 0xfb, 0x83, 0x46, 0x30, 0x68, 0xd6, 0xf8, 0x08, 0x80, 0xc0, 0xf3, 0x07, 0x44,
  0x77, 0x68, 0x30, 0x68, 0x00, 0x28, 0x03, 0xda, 0x00, 0x20, 0x0d, 0xb0, 0xbd, 0xe8, 0xf0, 0x8f,
  0x40, 0x20, 0x4f, 0xf0, 0x01, 0x09, 0x00, 0xeb, 0x04, 0x21, 0x4a, 0x46, 0x82, 0x20, 0xa8, 0xdf,
  0x01, 0x21, 0x22, 0x46, 0x02, 0x20, 0xfc, 0xf7, 0xe7, 0xfc, 0x35, 0x2c, 0x38, 0xd0, 0x1c, 0xdc,
  0x28, 0x2c, 0x35, 0xd0, 0x0c, 0xdc, 0x07, 0x2c, 0x32, 0xd0, 0x04, 0xdc, 0x03, 0x2c, 0x2f, 0xd0,
  0x06, 0x2c, 0x2a, 0xd1, 0x45, 0xe0, 0x1b, 0x2c, 0x43, 0xd0, 0x1f, 0x2c, 0x25, 0xd1, 0x27, 0xe0,
  0x30, 0x2c, 0x3e, 0xd0, 0x04, 0xdc, 0x29, 0x2c, 0x22, 0xd0, 0x2a, 0x2c, 0x1d, 0xd1, 0x1f, 0xe0,
  0x31, 0x2c, 0x1d, 0xd0, 0x33, 0x2c, 0x18, 0xd1, 0x33, 0xe0, 0x50, 0x2c, 0x18, 0xd0, 0x0c, 0xdc,
  0x40, 0x2c, 0x15, 0xd0, 0x04, 0xdc, 0x37, 0x2c, 0x2b, 0xd0, 0x3c, 0x2c, 0x0d, 0xd1, 0x0f, 0xe0,
  0x41, 0x2c, 0x0d, 0xd0, 0x4b, 0x2c, 0x08, 0xd1, 0x0a, 0xe0, 0x51, 0x2c, 0x08, 0xd0, 0x5a, 0x2c,
  0x06, 0xd0, 0x6a, 0x2c, 0x1d, 0xd0, 0x6b, 0x2c, 0x02, 0xd0, 0xb9, 0x49, 0x28, 0x22, 0x05, 0xe0,
  0xbb, 0xf1, 0x00, 0x0f, 0x0f, 0xd0, 0xb6, 0x49, 0x28, 0x22, 0x28, 0x39, 0x02, 0xa8, 0xfc, 0xf7,
  0x48, 0xe8, 0xcd, 0xe9, 0x04, 0x78, 0x02, 0xaa, 0x68, 0x46, 0x01, 0xa9, 0xff, 0xf7, 0x3a, 0xfc,
  0x05, 0x00, 0x01, 0xd1, 0x05, 0xe0, 0x05, 0x25, 0x4a, 0x46, 0x29, 0x46, 0x48, 0x46, 0xa8, 0xdf,
  0x64, 0xe0, 0x38, 0x2c, 0x7d, 0xd0, 0x2e, 0xdc, 0x28, 0x2c, 0x7b, 0xd0, 0x1d, 0xdc, 0x1b, 0x2c,
  0x79, 0xd0, 0x0e, 0xdc, 0x06, 0x2c, 0x59, 0xd0, 0x06, 0xdc, 0x02, 0x2c, 0x7a, 0xd0, 0x03, 0x2c,
  0x7c, 0xd0, 0x05, 0x2c, 0x51, 0xd1, 0x81, 0xe0, 0x07, 0x2c, 0x4f, 0xd0, 0x14, 0x2c, 0x4c, 0xd1,
  0x87, 0xe0, 0xa4, 0xf1, 0x1d, 0x00, 0x0b, 0x28, 0x47, 0xd2, 0xdf, 0xe8, 0x00, 0xf0, 0x47, 0x46,
  0x47, 0x9e, 0x7e, 0x46, 0x46, 0x46, 0x46, 0xb8, 0xa2, 0x00, 0xa4, 0xf1, 0x29, 0x00, 0x0f, 0x28,
  0x3b, 0xd2, 0xdf, 0xe8, 0x00, 0xf0, 0x83, 0x87, 0x3a, 0x9d, 0xa5, 0x3a, 0x7b, 0x3b, 0xa1, 0x3a,
  0xb6, 0xbe, 0xc0, 0xb0, 0xb4, 0x00, 0x4f, 0x2c, 0x6f, 0xd0, 0x10, 0xdc, 0xa4, 0xf1, 0x39, 0x00,
  0x15, 0x28, 0x2a, 0xd2, 0xdf, 0xe8, 0x00, 0xf0, 0xa8, 0x29, 0x29, 0xf0, 0xf4, 0xf8, 0x79, 0x29,
  0xff, 0x29, 0x29, 0x29, 0x29, 0x29, 0xb4, 0x29, 0xb8, 0xbc, 0xc0, 0x29, 0xdc, 0x00, 0x5d, 0x2c,
  0x6f, 0xd0, 0x0e, 0xdc, 0x53, 0x2c, 0x6d, 0xd0, 0x06, 0xdc, 0x50, 0x2c, 0x6b, 0xd0, 0x51, 0x2c,
  0x6a, 0xd0, 0x52, 0x2c, 0x11, 0xd1, 0x48, 0xe0, 0x54, 0x2c, 0x6e, 0xd0, 0x5c, 0x2c, 0x0c, 0xd1,
  0xb6, 0xe0, 0x6b, 0x2c, 0x6a, 0xd0, 0x04, 0xdc, 0x60, 0x2c, 0x68, 0xd0, 0x64, 0x2c, 0x04, 0xd1,
  0xe5, 0xe0, 0x6c, 0x2c, 0x70, 0xd0, 0x6e, 0x2c, 0x6f, 0xd0, 0x04, 0x25, 0x00, 0x98, 0x10, 0xb1,
  0x9d, 0xf8, 0x04, 0x00, 0xa2, 0xdf, 0x30, 0x68, 0x03, 0x2c, 0x67, 0xd0, 0xa9, 0xb2, 0x00, 0xf0,
  0xc0, 0x40, 0x01, 0x43, 0x41, 0xf0, 0x00, 0x40, 0x30, 0x60, 0x00, 0x2d, 0x70, 0xd0, 0x43, 0x20,
  0x00, 0xeb, 0x04, 0x21, 0x02, 0x20, 0x4a, 0x46, 0xa8, 0xdf, 0x02, 0x21, 0x2a, 0x46, 0x08, 0x46,
  0x04, 0xe0, 0xa1, 0xe0, 0x26, 0xe0, 0x15, 0xe0, 0x04, 0xe0, 0x07, 0xe0, 0xfc, 0xf7, 0x0c, 0xfc,
  0x28, 0x46, 0x12, 0xe7, 0x00, 0x98, 0xfe, 0xf7, 0xab, 0xfe, 0xbb, 0xe0, 0x1a, 0xeb, 0x07, 0x02,
  0x00, 0x98, 0x48, 0xeb, 0x0a, 0x03, 0xff, 0xf7, 0x0b, 0xf8, 0xb3, 0xe0, 0x00, 0x98, 0xfe, 0xf7,
  0x13, 0xfc, 0xaf, 0xe0, 0xfe, 0xf7, 0xa2, 0xfb, 0xac, 0xe0, 0x00, 0x98, 0xfe, 0xf7, 0xb2, 0xfc,
  0xa8, 0xe0, 0x00, 0x98, 0xfe, 0xf7, 0x7c, 0xfd, 0xa4, 0xe0, 0x59, 0xe0, 0x00, 0x98, 0xff, 0xf7,
  0x87, 0xf8, 0x9f, 0xe0, 0x00, 0x98, 0xfe, 0xf7, 0xd5, 0xfb, 0x9b, 0xe0, 0x00, 0x98, 0xfe, 0xf7,
  0xd9, 0xfd, 0x97, 0xe0, 0xfe, 0xf7, 0xfa, 0xfd, 0x94, 0xe0, 0x00, 0x98, 0xfe, 0xf7, 0x46, 0xff,
  0x90, 0xe0, 0x59, 0xe0, 0x60, 0xe0, 0x47, 0xe0, 0x4a, 0xe0, 0x00, 0x98, 0xfe, 0xf7, 0x11, 0xfb,
  0x88, 0xe0, 0x00, 0x98, 0xfe, 0xf7, 0x1e, 0xfd, 0x84, 0xe0, 0x45, 0xe0, 0x77, 0xe0, 0x57, 0xe0,
  0x00, 0x98, 0xfe, 0xf7, 0x3f, 0xfb, 0x7d, 0xe0, 0x00, 0x98, 0xfe, 0xf7, 0x1d, 0xfc, 0x79, 0xe0,
  0x00, 0x98, 0xfe, 0xf7, 0x9b, 0xfc, 0x75, 0xe0, 0x62, 0xe0, 0x6c, 0xe0, 0x74, 0xe0, 0x00, 0x98,
  0xfe, 0xf7, 0x21, 0xfb, 0x6e, 0xe0, 0x00, 0x98, 0xfe, 0xf7, 0x14, 0xfb, 0x6a, 0xe0, 0x08, 0x25,
  0x84, 0xe7, 0xfc, 0xf7, 0x09, 0xfc, 0x65, 0xe0, 0x00, 0x98, 0xfe, 0xf7, 0x31, 0xfe, 0x61, 0xe0,
  0x66, 0xe0, 0x01, 0x21, 0x00, 0xe0, 0x00, 0x21, 0x00, 0x98, 0xfe, 0xf7, 0x41, 0xff, 0x59, 0xe0,
  0x00, 0x98, 0xfe, 0xf7, 0x6f, 0xfd, 0x55, 0xe0, 0x00, 0x98, 0xfe, 0xf7, 0x3b, 0xfc, 0x51, 0xe0,
  0x00, 0x98, 0xfe, 0xf7, 0x61, 0xfb, 0x4d, 0xe0, 0x00, 0x98, 0xfe, 0xf7, 0x73, 0xfd, 0x49, 0xe0,
  0x00, 0x98, 0xfe, 0xf7, 0x1f, 0xff, 0x45, 0xe0, 0x00, 0x98, 0xfe, 0xf7, 0xb1, 0xfd, 0x41, 0xe0,
  0x00, 0x98, 0xfe, 0xf7, 0xe3, 0xfd, 0x3d, 0xe0, 0x00, 0x98, 0xfe, 0xf7, 0x5b, 0xfd, 0x39, 0xe0,
  0x00, 0x98, 0xfe, 0xf7, 0xcb, 0xfb, 0x35, 0xe0, 0x00, 0x98, 0xfe, 0xf7, 0xbd, 0xfe, 0x31, 0xe0,
  0x00, 0x98, 0xfe, 0xf7, 0x97, 0xfc, 0x2d, 0xe0, 0x00, 0x98, 0xfe, 0xf7, 0x73, 0xfc, 0x29, 0xe0,
  0x00, 0x98, 0xfe, 0xf7, 0x63, 0xfc, 0x25, 0xe0, 0x00, 0x98, 0xfe, 0xf7, 0xcb, 0xff, 0x21, 0xe0,
  0x11, 0xe0, 0x09, 0xe0, 0x04, 0xe0, 0xff, 0xe7, 0x00, 0x98, 0xfe, 0xf7, 0x18, 0xfc, 0x19, 0xe0,
  0x00, 0x98, 0xfe, 0xf7, 0xf3, 0xfb, 0x15, 0xe0, 0x00, 0x98, 0xfe, 0xf7, 0x0d, 0xfc, 0x11, 0xe0,
  0xfe, 0xf7, 0xe0, 0xfe, 0x0e, 0xe0, 0x00, 0x98, 0xfe, 0xf7, 0xf8, 0xfa, 0x0a, 0xe0, 0x00, 0x98,
  0xfe, 0xf7, 0xc0, 0xfe, 0x06, 0xe0, 0x00, 0x98, 0xfe, 0xf7, 0x54, 0xff, 0x02, 0xe0, 0x00, 0x98,
  0xfe, 0xf7, 0xa2, 0xfe, 0x05, 0x46, 0x19, 0xe7, 0x6f, 0xf3, 0x0f, 0x00, 0x28, 0x43, 0x23, 0xe7,
  0x42, 0x20, 0x00, 0xeb, 0x04, 0x21, 0x82, 0x20, 0x25, 0xe7, 0x00, 0x00, 0x34, 0x70, 0xd0, 0x00,
  0x50, 0x62, 0xd0, 0x00, 0x70, 0xb5, 0x02, 0x46, 0x00, 0x20, 0x0a, 0x2a, 0x04, 0x46, 0x1c, 0xd2,
  0xdf, 0xe8, 0x02, 0xf0, 0x1b, 0x05, 0x1b, 0x1b, 0x05, 0x22, 0x22, 0x1b, 0x1c, 0x22, 0xd1, 0xe9,
  0x07, 0x32, 0x4d, 0x6a, 0xe3, 0x18, 0x62, 0x41, 0x5d, 0x19, 0x42, 0xeb, 0x04, 0x06, 0xeb, 0x1a,
  0x96, 0x41, 0x09, 0xd3, 0xd1, 0xe9, 0x0a, 0x32, 0x09, 0x6b, 0xe3, 0x18, 0x62, 0x41, 0x59, 0x18,
  0x54, 0x41, 0xc9, 0x1a, 0x94, 0x41, 0x00, 0xd2, 0x0a, 0x20, 0x70, 0xbd, 0xd1, 0xe9, 0x08, 0x32,
  0x89, 0x6a, 0xe3, 0x18, 0x62, 0x41, 0xf2, 0xe7, 0xd1, 0xe9, 0x07, 0x32, 0x49, 0x6a, 0xe3, 0x18,
  0x62, 0x41, 0xec, 0xe7, 0x70, 0xb5, 0x01, 0x28, 0x25, 0xd1, 0x13, 0x48, 0x00, 0x78, 0x00, 0x28,
  0x21, 0xd0, 0x12, 0x4e, 0x30, 0x68, 0xd0, 0xf8, 0x0c, 0x0b, 0xc0, 0x07, 0x1b, 0xd1, 0x10, 0x49,
  0x01, 0x20, 0x20, 0x25, 0x08, 0x61, 0x44, 0xf2, 0x00, 0x30, 0x29, 0x46, 0x9a, 0xdf, 0x32, 0x68,
  0x04, 0x46, 0xd2, 0xf8, 0x08, 0x0b, 0xc0, 0x05, 0xfb, 0xd4, 0xd2, 0xf8, 0x08, 0x0b, 0x40, 0xf4,
  0x80, 0x70, 0xc2, 0xf8, 0x08, 0x0b, 0x06, 0x49, 0x20, 0x22, 0x20, 0x46, 0xfd, 0xf7, 0x1a, 0xfa,
  0x20, 0x46, 0x29, 0x46, 0x9b, 0xdf, 0x70, 0xbd, 0x28, 0x70, 0xd0, 0x00, 0x34, 0x70, 0xd0, 0x00,
  0x00, 0x70, 0xd0, 0x00, 0x38, 0xb5, 0x04, 0x46, 0x69, 0x46, 0x01, 0x20, 0xff, 0xf7, 0x9e, 0xfb,
  0x00, 0x28, 0x09, 0xd1, 0x00, 0x98, 0x01, 0x2c, 0x07, 0xd0, 0x20, 0xf4, 0x80, 0x70, 0x00, 0x90,
  0x01, 0x46, 0x01, 0x20, 0xff, 0xf7, 0xf8, 0xfb, 0x38, 0xbd, 0x40, 0xf4, 0x80, 0x70, 0xf6, 0xe7,
  0x6e, 0x48, 0x40, 0xf2, 0x1c, 0x71, 0x2d, 0xe9, 0xf0, 0x47, 0x00, 0x68, 0x00, 0x27, 0x00, 0xf5,
  0xe0, 0x65, 0x00, 0xf5, 0xe1, 0x69, 0x00, 0xf2, 0x0c, 0x78, 0x08, 0x58, 0x2e, 0x1d, 0x01, 0x21,
  0xc0, 0xf3, 0x07, 0x44, 0x04, 0x20, 0x22, 0x46, 0xfc, 0xf7, 0xae, 0xfa, 0x21, 0x2c, 0x6e, 0xd0,
  0x11, 0xdc, 0x1c, 0x2c, 0x2f, 0xd2, 0xdf, 0xe8, 0x04, 0xf0, 0x2e, 0x44, 0x2e, 0x2e, 0x2e, 0x48,
  0x54, 0x58, 0x6b, 0x2e, 0x9d, 0x2e, 0x2e, 0x2e, 0x2f, 0x71, 0x2e, 0x2e, 0x2e, 0x2e, 0x8e, 0x6f,
  0x75, 0x77, 0x79, 0x2e, 0x2e, 0x7b, 0x32, 0x2c, 0x78, 0xd0, 0x0e, 0xdc, 0x28, 0x2c, 0x76, 0xd0,
  0x06, 0xdc, 0x22, 0x2c, 0x74, 0xd0, 0x23, 0x2c, 0x73, 0xd0, 0x27, 0x2c, 0x13, 0xd1, 0x8c, 0xe0,
  0x2b, 0x2c, 0x6f, 0xd0, 0x31, 0x2c, 0x0e, 0xd1, 0x97, 0xe0, 0x45, 0x2c, 0x3c, 0xd0, 0x06, 0xdc,
  0x36, 0x2c, 0x09, 0xd0, 0x37, 0x2c, 0x07, 0xd0, 0x39, 0x2c, 0x04, 0xd1, 0x85, 0xe0, 0x46, 0x2c,
  0x65, 0xd0, 0x4d, 0x2c, 0x73, 0xd0, 0x08, 0x27, 0x03, 0x2c, 0x0b, 0xd0, 0x04, 0x2c, 0x09, 0xd0,
  0x01, 0x2c, 0x07, 0xd0, 0x1c, 0x2c, 0x05, 0xd0, 0x1f, 0x2c, 0x03, 0xd0, 0x00, 0x21, 0x38, 0x46,
  0xff, 0xf7, 0xce, 0xfc, 0x3a, 0x46, 0xbd, 0xe8, 0xf0, 0x47, 0x02, 0x21, 0x04, 0x20, 0xfc, 0xf7,
  0x63, 0xba, 0x03, 0x20, 0xff, 0xf7, 0x42, 0xfb, 0xf4, 0xe7, 0xfd, 0xf7, 0x25, 0xf8, 0xfc, 0xf7,
  0xed, 0xfa, 0x07, 0x46, 0x30, 0x68, 0x08, 0x28, 0xe8, 0xd1, 0x28, 0x68, 0xfd, 0xf7, 0x4c, 0xf9,
  0xe4, 0xe7, 0x29, 0x68, 0x32, 0x68, 0x01, 0x20, 0x02, 0xe0, 0x29, 0x68, 0x32, 0x68, 0x00, 0x20,
  0xfc, 0xf7, 0x3c, 0xfb, 0x07, 0x46, 0xd9, 0xe7, 0x28, 0x68, 0x31, 0x68, 0x01, 0x28, 0x02, 0xd0,
  0x08, 0xb1, 0x04, 0x27, 0xc8, 0xe7, 0x00, 0x22, 0xfc, 0xf7, 0x30, 0xfb, 0x1c, 0xe0, 0x13, 0xe0,
  0x29, 0x68, 0x32, 0x68, 0x02, 0x20, 0xeb, 0xe7, 0x08, 0x27, 0xc7, 0xe7, 0x28, 0x68, 0xfc, 0xf7,
  0x0b, 0xfa, 0xc3, 0xe7, 0x01, 0x20, 0x04, 0xe0, 0x02, 0x20, 0x02, 0xe0, 0x03, 0x20, 0x00, 0xe0,
  0x04, 0x20, 0xfc, 0xf7, 0xa7, 0xfa, 0xdd, 0xe7, 0x01, 0x20, 0xfc, 0xf7, 0xa3, 0xfa, 0x07, 0x00,
  0xaa, 0xd1, 0x02, 0x20, 0xfc, 0xf7, 0x9e, 0xfa, 0x07, 0x46, 0xa5, 0xe7, 0x1b, 0xe0, 0x1f, 0xe0,
  0x16, 0xe0, 0x20, 0xe0, 0x25, 0xe0, 0x28, 0x68, 0xff, 0xf7, 0x62, 0xfc, 0xca, 0xe7, 0x28, 0x68,
  0x31, 0x68, 0xd9, 0xf8, 0x00, 0x20, 0xd8, 0xf8, 0x00, 0x30, 0x00, 0xb1, 0x01, 0x20, 0xfc, 0xf7,
  0xcd, 0xfc, 0xe9, 0xe7, 0x00, 0x21, 0x12, 0x48, 0x02, 0x22, 0xa7, 0xdf, 0x96, 0xe7, 0x18, 0xe0,
  0xfc, 0xf7, 0xb8, 0xfa, 0xe0, 0xe7, 0x05, 0x20, 0xdc, 0xe7, 0xfc, 0xf7, 0xa1, 0xfa, 0xdb, 0xe7,
  0xfc, 0xf7, 0x56, 0xfe, 0xd8, 0xe7, 0xcb, 0xdf, 0xd6, 0xe7, 0x28, 0x68, 0xfe, 0xf7, 0x02, 0xff,
  0xd2, 0xe7, 0x28, 0x68, 0xfc, 0xf7, 0xf8, 0xfa, 0xce, 0xe7, 0x28, 0x68, 0xfd, 0xf7, 0xd0, 0xf8,
  0xca, 0xe7, 0x00, 0x21, 0x16, 0x20, 0xfc, 0xf7, 0x91, 0xfe, 0xc5, 0xe7, 0x34, 0x70, 0xd0, 0x00,
  0x80, 0x00, 0x00, 0x81, 0x10, 0x20, 0x96, 0xdf, 0x05, 0x4c, 0x20, 0x62, 0xfe, 0xf7, 0xc0, 0xff,
  0x4f, 0xf0, 0xff, 0x35, 0x20, 0x6a, 0x29, 0x46, 0x97, 0xdf, 0xff, 0xf7, 0x11, 0xff, 0xf9, 0xe7,
  0x20, 0x70, 0xd0, 0x00, 0x0b, 0x48, 0x08, 0xb5, 0x00, 0x6d, 0xd0, 0xf8, 0x34, 0x02, 0x02, 0x28,
  0x0e, 0xd1, 0x00, 0x20, 0x00, 0x90, 0x68, 0x46, 0xfc, 0xf7, 0x38, 0xfb, 0x00, 0x98, 0x00, 0x28,
  0x06, 0xd1, 0x06, 0x49, 0x04, 0x48, 0xd1, 0xe9, 0x00, 0x23, 0xd1, 0x18, 0x02, 0x22, 0x90, 0xdf,
  0x08, 0xbd, 0x00, 0x00, 0x20, 0x70, 0xd0, 0x00, 0x15, 0x36, 0xd0, 0x00, 0xa0, 0x73, 0xd0, 0x00,
  0x25, 0x48, 0x2d, 0xe9, 0xf0, 0x41, 0x04, 0x68, 0x00, 0x26, 0xd4, 0xf8, 0x44, 0x05, 0x04, 0xf2,
  0x44, 0x54, 0x00, 0x28, 0x1e, 0xdb, 0x20, 0x68, 0x0f, 0x21, 0x00, 0xf4, 0x70, 0x25, 0x01, 0xea,
  0x10, 0x42, 0x01, 0x21, 0x07, 0x20, 0xfc, 0xf7, 0x9f, 0xf9, 0x00, 0x27, 0xb5, 0xf5, 0x80, 0x3f,
  0x15, 0xd0, 0xb5, 0xf5, 0x00, 0x3f, 0x16, 0xd0, 0xb5, 0xf5, 0x40, 0x3f, 0x18, 0xd0, 0x08, 0x26,
  0x02, 0x21, 0x32, 0x46, 0x07, 0x20, 0xfc, 0xf7, 0x8f, 0xf9, 0xb0, 0xb2, 0x38, 0x43, 0x40, 0xf0,
  0x00, 0x40, 0x20, 0x60, 0x11, 0x4d, 0x28, 0x69, 0xc0, 0xb9, 0xbd, 0xe8, 0xf0, 0x81, 0x20, 0x46,
  0x00, 0xf0, 0xc2, 0xf8, 0x02, 0xe0, 0x20, 0x46, 0x00, 0xf0, 0x78, 0xf8, 0x06, 0x46, 0xe7, 0xe7,
  0x4f, 0xf4, 0x40, 0x17, 0xe4, 0xe7, 0xe1, 0x68, 0x89, 0x05, 0xee, 0xd1, 0xe1, 0x68, 0xaa, 0x68,
  0x91, 0x42, 0xea, 0xd2, 0x69, 0x68, 0x08, 0x44, 0x00, 0xf0, 0x80, 0xfa, 0xe1, 0x68, 0xe8, 0x68,
  0x81, 0x42, 0xf0, 0xd1, 0xe1, 0xe7, 0x00, 0x00, 0x34, 0x70, 0xd0, 0x00, 0x1c, 0x08, 0xd1, 0x00,
  0xdf, 0xf8, 0xa0, 0x80, 0x4f, 0xf0, 0xff, 0x39, 0x27, 0x4e, 0x4f, 0xf6, 0xff, 0x77, 0x1c, 0xb5,
  0x48, 0x46, 0x91, 0xdf, 0x30, 0x46, 0xfd, 0xf7, 0x6d, 0xf9, 0x00, 0x25, 0x3d, 0xe0, 0x06, 0xeb,
  0x05, 0x14, 0x20, 0x69, 0x21, 0x79, 0xb8, 0x42, 0x06, 0xd0, 0x40, 0xf2, 0x85, 0x12, 0x1f, 0x4b,
  0x42, 0x43, 0x03, 0xeb, 0x82, 0x0c, 0x01, 0xe0, 0xdf, 0xf8, 0x74, 0xc0, 0xe2, 0x68, 0x54, 0x2a,
  0x0b, 0xd1, 0x01, 0xeb, 0x41, 0x03, 0x03, 0xeb, 0x01, 0x11, 0x1a, 0x4b, 0x01, 0x22, 0x03, 0xeb,
  0xc1, 0x01, 0x81, 0xf8, 0x7c, 0x20, 0x18, 0x49, 0xe1, 0x60, 0x00, 0x21, 0x01, 0x91, 0x98, 0xf8,
  0x30, 0x10, 0xff, 0x29, 0x03, 0xd1, 0x9c, 0xf8, 0x30, 0x10, 0xff, 0x29, 0x11, 0xd0, 0x22, 0x1d,
  0x00, 0x90, 0x02, 0x21, 0x60, 0x46, 0x01, 0xab, 0xfb, 0xf7, 0x7e, 0xfe, 0x01, 0x98, 0x58, 0xb9,
  0x22, 0x1d, 0x40, 0x46, 0x01, 0x21, 0x00, 0x97, 0x01, 0xab, 0xfb, 0xf7, 0x75, 0xfe, 0x01, 0x98,
  0x10, 0xb9, 0x20, 0x1d, 0xfb, 0xf7, 0x32, 0xff, 0x6d, 0x1c, 0x30, 0x68, 0xa8, 0x42, 0xb7, 0xd9,
  0xbd, 0xe7, 0x00, 0x00, 0x00, 0x93, 0xd0, 0x00, 0x54, 0xfa, 0xd0, 0x00, 0x28, 0x9f, 0xd0, 0x00,
  0x14, 0x99, 0xd0, 0x00, 0x00, 0x80, 0xd0, 0x00, 0x24, 0x30, 0xff, 0xff, 0x2d, 0xe9, 0xf0, 0x41,
  0xdf, 0xf8, 0x5c, 0x80, 0x05, 0x46, 0xd8, 0xf8, 0x10, 0x00, 0x30, 0xb3, 0x15, 0x4e, 0x00, 0x24,
  0x04, 0xeb, 0x44, 0x00, 0x00, 0xeb, 0x04, 0x10, 0x06, 0xeb, 0xc0, 0x00, 0x90, 0xf8, 0x7d, 0x00,
  0x03, 0x28, 0x02, 0xd1, 0xe0, 0xb2, 0xff, 0xf7, 0xe5, 0xf9, 0x64, 0x1c, 0x20, 0x2c, 0xef, 0xd3,
  0x0d, 0x4e, 0x00, 0x24, 0x27, 0x46, 0x30, 0x5d, 0x03, 0x28, 0x02, 0xd1, 0xe0, 0xb2, 0xa2, 0xdf,
  0x37, 0x55, 0x64, 0x1c, 0x40, 0x2c, 0xf6, 0xd3, 0x98, 0xf8, 0x00, 0x00, 0xa2, 0xdf, 0xef, 0x60,
  0x2f, 0x61, 0x14, 0x21, 0x02, 0x48, 0xfb, 0xf7, 0xed, 0xfc, 0x00, 0x20, 0xbd, 0xe8, 0xf0, 0x81,
  0x1c, 0x08, 0xd1, 0x00, 0x00, 0x80, 0xd0, 0x00, 0xd8, 0xfc, 0xd0, 0x00, 0x05, 0x4c, 0x4f, 0xf0,
  0xff, 0x35, 0x2a, 0x46, 0x2b, 0x46, 0xd4, 0xe9, 0x0c, 0x10, 0x98, 0xdf, 0xff, 0xf7, 0x10, 0xff,
  0xf7, 0xe7, 0x00, 0x00, 0x20, 0x70, 0xd0, 0x00, 0x2d, 0xe9, 0xf0, 0x43, 0x97, 0xb0, 0xdf, 0xf8,
  0xa0, 0x80, 0x05, 0x46, 0x4f, 0xf0, 0x00, 0x09, 0xff, 0x20, 0x8d, 0xf8, 0x50, 0x00, 0xcd, 0xf8,
  0x54, 0x90, 0xd8, 0xf8, 0x10, 0x00, 0x08, 0xb1, 0x0d, 0x24, 0x3c, 0xe0, 0x21, 0x48, 0x40, 0xf2,
  0x00, 0x21, 0xfb, 0xf7, 0xbf, 0xfc, 0x20, 0x49, 0x28, 0x22, 0x0a, 0xa8, 0xfb, 0xf7, 0x48, 0xec,
  0x68, 0x68, 0x0c, 0x90, 0xa8, 0x68, 0x0a, 0xaa, 0x14, 0xa9, 0x0d, 0x90, 0x15, 0xa8, 0xff, 0xf7,
  0x39, 0xf8, 0x04, 0x00, 0x22, 0xd1, 0x15, 0x98, 0x04, 0x68, 0x47, 0x68, 0x86, 0x68, 0x20, 0x05,
  0x01, 0xd1, 0x30, 0x05, 0x01, 0xd0, 0x06, 0x24, 0x18, 0xe0, 0x13, 0x49, 0x28, 0x22, 0x68, 0x46,
  0x28, 0x31, 0xfb, 0xf7, 0x2e, 0xec, 0xcd, 0xe9, 0x02, 0x47, 0x47, 0x46, 0x0c, 0x49, 0x38, 0x1d,
  0x6a, 0x46, 0x04, 0x96, 0xff, 0xf7, 0x1e, 0xf8, 0x04, 0x00, 0x07, 0xd1, 0x01, 0x21, 0xbe, 0x60,
  0xc7, 0xe9, 0x03, 0x91, 0xc5, 0xf8, 0x0c, 0x90, 0xc5, 0xf8, 0x10, 0x90, 0x9d, 0xf8, 0x50, 0x00,
  0xff, 0x28, 0x00, 0xd0, 0xa2, 0xdf, 0x17, 0xb0, 0x20, 0x46, 0xbd, 0xe8, 0xf0, 0x83, 0x00, 0x00,
  0x1c, 0x08, 0xd1, 0x00, 0x30, 0x0e, 0xd1, 0x00, 0xe8, 0x62, 0xd0, 0x00, 0x2d, 0xe9, 0xff, 0x5f,
  0x05, 0x46, 0x43, 0x48, 0x0e, 0x46, 0x00, 0x68, 0x03, 0x90, 0x83, 0x46, 0x4f, 0xf0, 0x07, 0x09,
  0x00, 0x21, 0x00, 0x91, 0x0d, 0xf1, 0x08, 0x08, 0x8a, 0x46, 0x0c, 0x46, 0x01, 0x91, 0x30, 0x68,
  0xa2, 0x00, 0xd0, 0x40, 0x00, 0xf0, 0x0f, 0x02, 0x05, 0x2a, 0x08, 0xf8, 0x04, 0x20, 0x13, 0xd0,
  0x06, 0x2a, 0x11, 0xd0, 0x07, 0x2a, 0x0f, 0xd0, 0x0c, 0x2a, 0x0d, 0xd0, 0x0d, 0x2a, 0x0b, 0xd0,
  0x0e, 0x2a, 0x09, 0xd0, 0x0f, 0x2a, 0x07, 0xd0, 0x01, 0x2a, 0x38, 0xd0, 0x02, 0x2a, 0x36, 0xd0,
  0x03, 0x2a, 0x34, 0xd0, 0x4a, 0xb3, 0x14, 0xe0, 0x04, 0xeb, 0x44, 0x00, 0x69, 0x46, 0x01, 0xab,
  0x52, 0x46, 0x06, 0xeb, 0x80, 0x07, 0x38, 0x79, 0xa3, 0xdf, 0x01, 0x00, 0x34, 0xd1, 0xba, 0x68,
  0x01, 0x98, 0x82, 0x42, 0x05, 0xd8, 0xfb, 0x68, 0x83, 0x42, 0x02, 0xd8, 0x13, 0x44, 0x83, 0x42,
  0x01, 0xd9, 0x04, 0x21, 0x28, 0xe0, 0x00, 0x98, 0x10, 0x44, 0x00, 0x90, 0x05, 0xeb, 0xc4, 0x02,
  0x50, 0x60, 0xf8, 0x68, 0x90, 0x60, 0x18, 0xf8, 0x04, 0x00, 0x0c, 0x28, 0x0c, 0xd0, 0x0d, 0x28,
  0x04, 0xd0, 0x0e, 0x28, 0x04, 0xd0, 0x0f, 0x28, 0x06, 0xd0, 0x12, 0xe0, 0x05, 0x20, 0x00, 0xe0,
  0x06, 0x20, 0x08, 0xf8, 0x04, 0x00, 0x0c, 0xe0, 0x08, 0xf8, 0x04, 0x90, 0x09, 0xe0, 0x04, 0xeb,
  0x44, 0x00, 0x05, 0xeb, 0xc4, 0x02, 0x06, 0xeb, 0x80, 0x00, 0x43, 0x68, 0x53, 0x60, 0x80, 0x68,
  0x90, 0x60, 0x64, 0x1c, 0x04, 0x2c, 0xa2, 0xd3, 0x03, 0x20, 0x28, 0x63, 0x9d, 0xf8, 0x09, 0x20,
  0x0c, 0x46, 0x9d, 0xf8, 0x08, 0x00, 0x9d, 0xf8, 0x0b, 0x30, 0x40, 0xea, 0x02, 0x10, 0x9d, 0xf8,
  0x0a, 0x20, 0x12, 0x02, 0x42, 0xea, 0x03, 0x32, 0x10, 0x43, 0x28, 0x60, 0x03, 0x9a, 0x5a, 0x45,
  0x01, 0xd0, 0xfb, 0xf7, 0x3e, 0xec, 0x04, 0xb0, 0x20, 0x46, 0xbd, 0xe8, 0xf0, 0x9f, 0x00, 0x00,
  0x4c, 0x12, 0xd0, 0x00, 0xf0, 0xb5, 0x93, 0xb0, 0x0c, 0x46, 0x38, 0x21, 0x07, 0x46, 0x04, 0xa8,
  0xfb, 0xf7, 0xe8, 0xfb, 0x94, 0xf8, 0x20, 0x00, 0x03, 0x21, 0x10, 0x91, 0x64, 0x6a, 0x10, 0x3c,
  0x40, 0x2c, 0x04, 0xd2, 0x0e, 0x4e, 0x16, 0xf8, 0x34, 0x10, 0x81, 0x42, 0x02, 0xd0, 0x04, 0x20,
  0x13, 0xb0, 0xf0, 0xbd, 0x0b, 0x4b, 0x06, 0xeb, 0xc4, 0x05, 0x4f, 0xf6, 0xff, 0x72, 0x69, 0x68,
  0x1b, 0x78, 0xcd, 0xe9, 0x00, 0x37, 0xcd, 0xe9, 0x02, 0x12, 0x07, 0x4a, 0x00, 0x23, 0x04, 0xa9,
  0xfb, 0xf7, 0x98, 0xfc, 0xff, 0x21, 0x06, 0xf8, 0x34, 0x10, 0x00, 0x21, 0x69, 0x70, 0xe7, 0xe7,
  0x30, 0x0e, 0xd1, 0x00, 0x27, 0x70, 0xd0, 0x00, 0x03, 0x00, 0xff, 0xff, 0x2d, 0xe9, 0xf0, 0x41,
  0x92, 0xb0, 0x0d, 0x46, 0x38, 0x21, 0x06, 0x46, 0x04, 0xa8, 0xfb, 0xf7, 0xb3, 0xfb, 0x95, 0xf8,
  0x20, 0x70, 0x04, 0x20, 0x30, 0x66, 0xac, 0x6a, 0x10, 0x3c, 0x40, 0x2c, 0x05, 0xd2, 0xdf, 0xf8,
  0x50, 0x80, 0x18, 0xf8, 0x34, 0x00, 0xb8, 0x42, 0x01, 0xd0, 0x04, 0x20, 0x18, 0xe0, 0x05, 0xf1,
  0x2c, 0x01, 0x04, 0xa8, 0xff, 0xf7, 0x22, 0xff, 0x90, 0xb9, 0x0e, 0x4a, 0x08, 0xeb, 0xc4, 0x00,
  0x4f, 0xf6, 0xff, 0x71, 0x40, 0x68, 0x12, 0x78, 0xcd, 0xe9, 0x02, 0x01, 0xcd, 0xe9, 0x00, 0x26,
  0x09, 0x4a, 0x04, 0xa9, 0x6b, 0x6a, 0x38, 0x46, 0xfb, 0xf7, 0x5c, 0xfc, 0x00, 0x28, 0x03, 0xd0,
  0xfb, 0xf7, 0x78, 0xfe, 0x03, 0x21, 0x31, 0x66, 0x12, 0xb0, 0xbd, 0xe8, 0xf0, 0x81, 0x00, 0x00,
  0x30, 0x0e, 0xd1, 0x00, 0x27, 0x70, 0xd0, 0x00, 0x04, 0x00, 0xff, 0xff, 0x30, 0xb5, 0x87, 0xb0,
  0x04, 0x46, 0x03, 0x22, 0x4f, 0xf6, 0xff, 0x73, 0x00, 0x20, 0x01, 0x90, 0xcd, 0xe9, 0x02, 0x32,
  0x04, 0x92, 0x05, 0xab, 0x00, 0x90, 0x0d, 0x6a, 0xd1, 0xe9, 0x09, 0x02, 0x29, 0x46, 0xfe, 0xf7,
  0x59, 0xfe, 0x10, 0xb9, 0x9d, 0xf8, 0x14, 0x10, 0xe1, 0x62, 0xfb, 0xf7, 0x53, 0xfe, 0x07, 0xb0,
  0x30, 0xbd, 0x00, 0x00, 0x18, 0xb5, 0x04, 0x46, 0xff, 0x20, 0x00, 0x22, 0x8d, 0xf8, 0x00, 0x00,
  0x53, 0x1e, 0x01, 0xf1, 0x24, 0x00, 0x69, 0x46, 0x9d, 0xdf, 0x00, 0x28, 0x05, 0xd1, 0x9d, 0xf8,
  0x00, 0x10, 0x21, 0x62, 0x40, 0x29, 0x01, 0xd3, 0x2b, 0x20, 0x18, 0xbd, 0x01, 0x4b, 0x03, 0x22,
  0x5a, 0x54, 0x18, 0xbd, 0xd8, 0xfc, 0xd0, 0x00, 0x70, 0xb5, 0x94, 0xb0, 0x0d, 0x46, 0x38, 0x21,
  0x04, 0x46, 0x04, 0xa8, 0xfb, 0xf7, 0x3e, 0xfb, 0x41, 0x20, 0x12, 0x90, 0x95, 0xf8, 0x20, 0x60,
  0x04, 0x20, 0x12, 0xa9, 0xe0, 0x65, 0x30, 0x46, 0xfb, 0xf7, 0xc6, 0xfb, 0xb0, 0xb9, 0x05, 0xf1,
  0x28, 0x01, 0x04, 0xa8, 0xff, 0xf7, 0xb2, 0xfe, 0x80, 0xb9, 0x11, 0x4a, 0x4f, 0xf6, 0xff, 0x71,
  0x12, 0x98, 0x00, 0x23, 0x12, 0x78, 0xcd, 0xe9, 0x00, 0x24, 0xcd, 0xe9, 0x02, 0x01, 0x0d, 0x4a,
  0x04, 0xa9, 0x30, 0x46, 0xfb, 0xf7, 0xee, 0xfb, 0x00, 0x28, 0x0e, 0xd0, 0x12, 0x99, 0x40, 0x29,
  0x07, 0xd2, 0x09, 0x4a, 0xff, 0x23, 0x02, 0xf8, 0x31, 0x30, 0x02, 0xeb, 0xc1, 0x01, 0x00, 0x23,
  0x4b, 0x70, 0xfb, 0xf7, 0xff, 0xfd, 0x03, 0x21, 0xe1, 0x65, 0x14, 0xb0, 0x70, 0xbd, 0x00, 0x00,
  0x27, 0x70, 0xd0, 0x00, 0x02, 0x00, 0xff, 0xff, 0x30, 0x0e, 0xd1, 0x00, 0xf0, 0xb5, 0xad, 0xf2,
  0x04, 0x4d, 0x34, 0x4d, 0x07, 0x46, 0x40, 0xf2, 0x00, 0x42, 0x01, 0x46, 0x68, 0x46, 0xfb, 0xf7,
  0x88, 0xea, 0x01, 0x20, 0x78, 0x60, 0x00, 0x9a, 0x00, 0x26, 0x01, 0x46, 0x08, 0x20, 0xfb, 0xf7,
  0xdb, 0xfe, 0x00, 0x98, 0x0b, 0x28, 0x3c, 0xd2, 0xdf, 0xe8, 0x00, 0xf0, 0x3b, 0x06, 0x0b, 0x29,
  0x2e, 0x33, 0x10, 0x15, 0x19, 0x20, 0x25, 0x00, 0x69, 0x46, 0x38, 0x46, 0xff, 0xf7, 0x66, 0xff,
  0x02, 0xe0, 0x68, 0x46, 0x00, 0xf0, 0x60, 0xf8, 0x04, 0x46, 0x2c, 0xe0, 0x69, 0x46, 0x38, 0x46,
  0xff, 0xf7, 0x78, 0xff, 0xf8, 0xe7, 0x68, 0x46, 0x00, 0xf0, 0x5a, 0xf8, 0xf4, 0xe7, 0x07, 0xf1,
  0x20, 0x00, 0x40, 0xf2, 0x40, 0x11, 0xfc, 0xf7, 0xd9, 0xfd, 0xed, 0xe7, 0x69, 0x46, 0x38, 0x46,
  0x00, 0xf0, 0x32, 0xf8, 0xe8, 0xe7, 0x38, 0x6a, 0xfc, 0xf7, 0x16, 0xfe, 0xe4, 0xe7, 0x69, 0x46,
  0x38, 0x46, 0xff, 0xf7, 0x79, 0xff, 0x08, 0xe0, 0x69, 0x46, 0x38, 0x46, 0xff, 0xf7, 0xca, 0xfe,
  0x03, 0xe0, 0x69, 0x46, 0x38, 0x46, 0xff, 0xf7, 0xf9, 0xfe, 0x04, 0x00, 0x03, 0xd1, 0x01, 0x26,
  0x01, 0xe0, 0x40, 0xf2, 0x00, 0x14, 0x02, 0x21, 0x22, 0x46, 0x08, 0x20, 0xfb, 0xf7, 0x94, 0xfe,
  0xe8, 0x68, 0x00, 0xf5, 0x80, 0x60, 0xe8, 0x60, 0xa9, 0x68, 0x88, 0x42, 0x01, 0xd3, 0x00, 0x20,
  0xe8, 0x60, 0x00, 0x2e, 0x03, 0xd1, 0x21, 0x46, 0x38, 0x46, 0xfb, 0xf7, 0xe9, 0xfa, 0x0d, 0xf2,
  0x04, 0x4d, 0xf0, 0xbd, 0x1c, 0x08, 0xd1, 0x00, 0x38, 0xb5, 0x0c, 0x46, 0x05, 0x46, 0x01, 0xf1,
  0x20, 0x00, 0xfc, 0xf7, 0x61, 0xfe, 0xff, 0x28, 0x03, 0x46, 0x0b, 0xd0, 0x04, 0xf1, 0x3c, 0x00,
  0x00, 0x90, 0x0c, 0x38, 0x07, 0xc8, 0xfc, 0xf7, 0xbb, 0xfd, 0x00, 0x28, 0x01, 0xd1, 0xe1, 0x6b,
  0xe9, 0x63, 0x38, 0xbd, 0x09, 0x20, 0x38, 0xbd, 0x90, 0xf8, 0x20, 0x00, 0x00, 0xf0, 0x5e, 0xb8,
  0x01, 0x46, 0x30, 0xb5, 0x91, 0xf8, 0x20, 0x40, 0x2b, 0x20, 0x40, 0x2c, 0x07, 0xd2, 0x04, 0x4d,
  0x29, 0x5d, 0x03, 0x29, 0x03, 0xd1, 0x20, 0x46, 0xa2, 0xdf, 0x00, 0x21, 0x29, 0x55, 0x30, 0xbd,
  0xd8, 0xfc, 0xd0, 0x00, 0x1a, 0x49, 0x00, 0x20, 0x38, 0xb5, 0x0c, 0x68, 0x00, 0x90, 0x04, 0xf6,
  0xcc, 0x24, 0xd4, 0xe9, 0x00, 0x21, 0x00, 0x2a, 0x29, 0xdb, 0x01, 0x23, 0xc2, 0xf3, 0x07, 0x42,
  0x0c, 0x2a, 0x1f, 0xd2, 0xdf, 0xe8, 0x02, 0xf0, 0x1e, 0x06, 0x0c, 0x0e, 0x12, 0x15, 0x15, 0x1e,
  0x1e, 0x1e, 0x1e, 0x17, 0x0f, 0x49, 0x09, 0x68, 0x91, 0xf8, 0x54, 0x18, 0x49, 0x1c, 0x0f, 0xe0,
  0x01, 0x20, 0x00, 0xe0, 0x00, 0x20, 0xfc, 0xf7, 0x8b, 0xfc, 0x0c, 0xe0, 0xfc, 0xf7, 0x9c, 0xfc,
  0x09, 0xe0, 0x63, 0x60, 0x07, 0xe0, 0x68, 0x46, 0xfc, 0xf7, 0x6a, 0xfc, 0x18, 0xb9, 0x00, 0x99,
  0x61, 0x60, 0x00, 0xe0, 0x04, 0x48, 0x80, 0xb2, 0x40, 0xf0, 0x00, 0x40, 0x20, 0x60, 0x38, 0xbd,
  0x34, 0x70, 0xd0, 0x00, 0x70, 0x70, 0xd0, 0x00, 0x0a, 0x00, 0xff, 0xff, 0x59, 0x20, 0x96, 0xdf,
  0x05, 0x4c, 0x60, 0x62, 0xfe, 0xf7, 0x86, 0xfc, 0x4f, 0xf0, 0xff, 0x35, 0x60, 0x6a, 0x29, 0x46,
  0x97, 0xdf, 0xff, 0xf7, 0xb7, 0xff, 0xf9, 0xe7, 0x20, 0x70, 0xd0, 0x00, 0xf0, 0xb5, 0x05, 0x46,
  0x18, 0x48, 0x85, 0xb0, 0x07, 0x68, 0x04, 0x97, 0x00, 0x26, 0x20, 0x2d, 0x34, 0x46, 0x00, 0x96,
  0x01, 0x96, 0x02, 0x96, 0x03, 0x96, 0x01, 0xd3, 0x25, 0x26, 0x1b, 0xe0, 0x28, 0x46, 0xb0, 0xdf,
  0x00, 0xb1, 0x01, 0x20, 0x50, 0xb1, 0x28, 0x46, 0x69, 0x46, 0xaf, 0xdf, 0x06, 0x00, 0x05, 0xd1,
  0x00, 0x22, 0x00, 0x98, 0x11, 0x46, 0xfc, 0xf7, 0x69, 0xfc, 0x06, 0x46, 0x28, 0x46, 0xfe, 0xf7,
  0xd9, 0xfe, 0x05, 0xeb, 0x45, 0x00, 0x08, 0x49, 0x00, 0xeb, 0x05, 0x10, 0x01, 0xeb, 0xc0, 0x00,
  0x80, 0xf8, 0x91, 0x40, 0x04, 0x98, 0xb8, 0x42, 0x01, 0xd0, 0xfb, 0xf7, 0x32, 0xea, 0x05, 0xb0,
  0x30, 0x46, 0xf0, 0xbd, 0x4c, 0x12, 0xd0, 0x00, 0x00, 0x80, 0xd0, 0x00, 0x1c, 0x48, 0x70, 0xb5,
  0x05, 0x68, 0xd5, 0xf8, 0x84, 0x09, 0xd5, 0xf8, 0x88, 0x69, 0xc0, 0xf3, 0x07, 0x44, 0xd5, 0xf8,
  0x84, 0x09, 0x05, 0xf6, 0x84, 0x15, 0x00, 0x28, 0x01, 0xda, 0x00, 0x20, 0x70, 0xbd, 0x01, 0x21,
  0x22, 0x46, 0x03, 0x20, 0xfb, 0xf7, 0xb8, 0xfd, 0x04, 0x2c, 0x11, 0xd0, 0x05, 0x2c, 0x13, 0xd0,
  0x06, 0x2c, 0x16, 0xd0, 0x07, 0x2c, 0x17, 0xd0, 0x01, 0x24, 0xa0, 0xb2, 0x40, 0xf0, 0x00, 0x40,
  0x28, 0x60, 0x02, 0x21, 0x22, 0x46, 0x03, 0x20, 0xfb, 0xf7, 0xa6, 0xfd, 0x20, 0x46, 0x70, 0xbd,
  0x00, 0x20, 0xfe, 0xf7, 0xed, 0xff, 0x02, 0xe0, 0x30, 0x46, 0xfc, 0xf7, 0x19, 0xfd, 0x04, 0x46,
  0xeb, 0xe7, 0xfc, 0xf7, 0x59, 0xfc, 0xfa, 0xe7, 0xfc, 0xf7, 0x68, 0xfc, 0xf7, 0xe7, 0x00, 0x00,
  0x34, 0x70, 0xd0, 0x00, 0x2d, 0xe9, 0xf8, 0x47, 0x00, 0x26, 0x04, 0x46, 0x00, 0x96, 0x35, 0x46,
  0x90, 0xf8, 0x20, 0x00, 0x10, 0x28, 0x74, 0xd2, 0x94, 0xf8, 0x3d, 0x10, 0x12, 0x29, 0x70, 0xd2,
  0xa1, 0x69, 0x04, 0x27, 0x09, 0xb9, 0xe2, 0x69, 0x72, 0xb3, 0x38, 0x4a, 0x52, 0xf8, 0x20, 0x00,
  0x3a, 0x46, 0xa5, 0xdf, 0x35, 0x49, 0x3a, 0x46, 0x94, 0xf8, 0x20, 0x00, 0x40, 0x31, 0x51, 0xf8,
  0x20, 0x00, 0x54, 0xf8, 0x1c, 0x1f, 0xa5, 0xdf, 0x30, 0x49, 0x3a, 0x46, 0x20, 0x79, 0x80, 0x31,
  0x51, 0xf8, 0x20, 0x00, 0xa1, 0x68, 0xa5, 0xdf, 0x2c, 0x49, 0x3a, 0x46, 0x20, 0x79, 0xc0, 0x31,
  0x51, 0xf8, 0x20, 0x00, 0xe1, 0x68, 0xa5, 0xdf, 0x20, 0x79, 0x3a, 0x46, 0x28, 0x49, 0x51, 0xf8,
  0x20, 0x00, 0x21, 0x69, 0xa5, 0xdf, 0x26, 0x49, 0x3a, 0x46, 0x20, 0x79, 0x40, 0x31, 0x51, 0xf8,
  0x20, 0x00, 0x61, 0x69, 0x1c, 0x3c, 0xa5, 0xdf, 0x94, 0xf8, 0x3e, 0x00, 0x88, 0xb3, 0x94, 0xf8,
  0x3d, 0x00, 0xb8, 0x46, 0x1f, 0x49, 0x3e, 0x46, 0x3a, 0x46, 0x51, 0xf8, 0x20, 0x00, 0xa1, 0x6b,
  0x34, 0x34, 0xa5, 0xdf, 0x1b, 0x49, 0x32, 0x46, 0x60, 0x7a, 0x48, 0x31, 0x51, 0xf8, 0x20, 0x00,
  0x21, 0x7a, 0xa5, 0xdf, 0x17, 0x49, 0x32, 0x46, 0x60, 0x7a, 0x48, 0x39, 0x51, 0xf8, 0x20, 0x00,
  0x21, 0x68, 0xa5, 0xdf, 0x34, 0xf8, 0x34, 0x09, 0x01, 0x26, 0xdf, 0xf8, 0x44, 0xa0, 0xe9, 0x46,
  0x87, 0xb2, 0x0a, 0xf1, 0x80, 0x0a, 0x94, 0xf8, 0x3d, 0x10, 0x42, 0x46, 0x5a, 0xf8, 0x21, 0x00,
  0x49, 0x46, 0xa4, 0xdf, 0x00, 0x98, 0x80, 0xb2, 0x00, 0x90, 0x00, 0x98, 0xb8, 0x42, 0x01, 0xd1,
  0x00, 0x26, 0x07, 0xe0, 0x01, 0x20, 0x91, 0xdf, 0x6d, 0x1c, 0x01, 0x2d, 0xeb, 0xd0, 0x01, 0xe0,
  0xff, 0xe7, 0x01, 0x26, 0x30, 0x46, 0xbd, 0xe8, 0xf8, 0x87, 0x00, 0x00, 0xc0, 0x70, 0xd0, 0x00,
  0xc0, 0x71, 0xd0, 0x00, 0xd0, 0x72, 0xd0, 0x00, 0x30, 0xb5, 0x9f, 0xb0, 0x0d, 0x46, 0x78, 0x21,
  0x04, 0x46, 0x68, 0x46, 0xfb, 0xf7, 0x16, 0xf9, 0x01, 0x20, 0x8d, 0xf8, 0x04, 0x00, 0x06, 0x48,
  0xcd, 0xe9, 0x02, 0x45, 0x01, 0x68, 0x00, 0x91, 0x00, 0x21, 0x8d, 0xf8, 0x05, 0x10, 0x69, 0x46,
  0x40, 0x68, 0xf6, 0xdf, 0x1f, 0xb0, 0x30, 0xbd, 0x00, 0x64, 0xd0, 0x00, 0x10, 0xb5, 0x9e, 0xb0,
  0x04, 0x46, 0x78, 0x21, 0x68, 0x46, 0xfb, 0xf7, 0xfd, 0xf8, 0x20, 0x68, 0x02, 0x90, 0x01, 0x20,
  0x8d, 0xf8, 0x04, 0x00, 0x06, 0x48, 0x01, 0x68, 0x00, 0x91, 0x00, 0x21, 0x8d, 0xf8, 0x05, 0x10,
  0x69, 0x46, 0x40, 0x68, 0xf6, 0xdf, 0x02, 0x99, 0x21, 0x60, 0x1e, 0xb0, 0x10, 0xbd, 0x00, 0x00,
  0x08, 0x64, 0xd0, 0x00, 0x00, 0x00, 0x00, 0x00, 0x65, 0x00, 0x00, 0x00, 0x03, 0x00, 0x00, 0x00,
  0x66, 0x00, 0x00, 0x00, 0x03, 0x00, 0x00, 0x00, 0x67, 0x00, 0x00, 0x00, 0x03, 0x00, 0x00, 0x00,
  0x40, 0x00, 0x00, 0x00, 0x03, 0x00, 0x00, 0x00, 0x41, 0x00, 0x00, 0x00, 0x03, 0x00, 0x00, 0x00,
  0x42, 0x00, 0x00, 0x00, 0x03, 0x00, 0x00, 0x00, 0x43, 0x00, 0x00, 0x00, 0x03, 0x00, 0x00, 0x00,
  0x44, 0x00, 0x00, 0x00, 0x03, 0x00, 0x00, 0x00, 0x45, 0x00, 0x00, 0x00, 0x03, 0x00, 0x00, 0x00,
  0x46, 0x00, 0x00, 0x00, 0x03, 0x00, 0x00, 0x00, 0x47, 0x00, 0x00, 0x00, 0x03, 0x00, 0x00, 0x00,
  0x03, 0x00, 0x00, 0x00, 0x00, 0x00, 0x00, 0x00, 0x00, 0x00, 0x00, 0x00, 0x00, 0x00, 0x00, 0x00,
  0x00, 0x00, 0x00, 0x00, 0xff, 0xff, 0xff, 0xff, 0x01, 0x00, 0x00, 0x00, 0x00, 0x00, 0x00, 0x00,
  0x00, 0x00, 0x00, 0x00, 0x00, 0x00, 0x00, 0x00, 0x03, 0x00, 0x00, 0x00, 0x00, 0x00, 0x00, 0x00,
  0x00, 0x00, 0x00, 0x00, 0x00, 0x00, 0x00, 0x00, 0x00, 0x00, 0x00, 0x00, 0xff, 0xff, 0xff, 0xff,
  0x01, 0x00, 0x00, 0x00, 0x00, 0x00, 0x00, 0x00, 0x00, 0x00, 0x00, 0x00, 0x00, 0x00, 0x00, 0x00,
  0x03, 0x00, 0x00, 0x00, 0x00, 0x00, 0x00, 0x00, 0x00, 0x00, 0x00, 0x00, 0x00, 0x00, 0x00, 0x00,
  0x04, 0x00, 0x00, 0x00, 0xff, 0xff, 0xff, 0xff, 0x01, 0x00, 0x00, 0x00, 0x00, 0x00, 0x00, 0x00,
  0x00, 0x00, 0x00, 0x00, 0x00, 0x00, 0x00, 0x00, 0x03, 0x00, 0x00, 0x00, 0x00, 0x00, 0x00, 0x00,
  0x00, 0x00, 0x00, 0x00, 0x00, 0x00, 0x00, 0x00, 0x00, 0x00, 0x00, 0x00, 0xff, 0xff, 0xff, 0xff,
  0x01, 0x00, 0x00, 0x00, 0x00, 0x00, 0x00, 0x00, 0x00, 0x00, 0x00, 0x00, 0x00, 0x00, 0x00, 0x00,
  0x03, 0x00, 0x00, 0x00, 0x00, 0x00, 0x00, 0x00, 0x00, 0x00, 0x00, 0x00, 0x00, 0x00, 0x00, 0x00,
  0x00, 0x04, 0x00, 0x00, 0xff, 0xff, 0xff, 0xff, 0x01, 0x00, 0x00, 0x00, 0x00, 0x00, 0x00, 0x00,
  0x00, 0x00, 0x00, 0x00, 0x00, 0x00, 0x00, 0x00, 0x03, 0x00, 0x00, 0x00, 0x00, 0x00, 0x00, 0x00,
  0x00, 0x00, 0x00, 0x00, 0x00, 0x00, 0x00, 0x00, 0x00, 0x04, 0x00, 0x00, 0xff, 0xff, 0xff, 0xff,
  0x01, 0x00, 0x00, 0x00, 0x00, 0x00, 0x00, 0x00, 0x00, 0x00, 0x00, 0x00, 0x00, 0x00, 0x00, 0x00,
  0x49, 0x00, 0x00, 0x00, 0x03, 0x00, 0x00, 0x00, 0x61, 0x00, 0x00, 0x00, 0x03, 0x00, 0x00, 0x00,
  0x7d, 0x00, 0x00, 0x00, 0x03, 0x00, 0x00, 0x00, 0x1c, 0x00, 0x00, 0x00, 0x03, 0x00, 0x00, 0x00,
  0x1d, 0x00, 0x00, 0x00, 0x03, 0x00, 0x00, 0x00, 0x1e, 0x00, 0x00, 0x00, 0x03, 0x00, 0x00, 0x00,
  0x17, 0x00, 0x00, 0x00, 0x03, 0x00, 0x00, 0x00, 0x18, 0x00, 0x00, 0x00, 0x03, 0x00, 0x00, 0x00,
  0x19, 0x00, 0x00, 0x00, 0x03, 0x00, 0x00, 0x00, 0x01, 0x00, 0x00, 0x00, 0x00, 0x00, 0x00, 0x00,
  0x00, 0x00, 0x00, 0x00, 0x00, 0x00, 0x00, 0x00, 0x04, 0x00, 0x00, 0x00, 0xfe, 0xff, 0xff, 0xff,
  0x02, 0x00, 0x00, 0x00, 0x00, 0x00, 0x00, 0x00, 0x00, 0x00, 0x00, 0x00, 0x00, 0x00, 0x00, 0x00,
  0x01, 0x00, 0x00, 0x00, 0x00, 0x00, 0x00, 0x00, 0x00, 0x00, 0x00, 0x00, 0x00, 0x00, 0x00, 0x00,
  0x00, 0x00, 0x00, 0x00, 0xff, 0xff, 0xff, 0xff, 0x02, 0x00, 0x00, 0x00, 0x00, 0x00, 0x00, 0x00,
  0x00, 0x00, 0x00, 0x00, 0x00, 0x00, 0x00, 0x00, 0x01, 0x00, 0x00, 0x00, 0x00, 0x00, 0x00, 0x00,
  0x00, 0x00, 0x00, 0x00, 0x00, 0x00, 0x00, 0x00, 0x00, 0x00, 0x00, 0x00, 0x00, 0x00, 0x00, 0x00,
  0x02, 0x00, 0x00, 0x00, 0x00, 0x00, 0x00, 0x00, 0x00, 0x00, 0x00, 0x00, 0x00, 0x00, 0x00, 0x00,
  0x01, 0x00, 0x00, 0x00, 0x00, 0x00, 0x00, 0x00, 0x00, 0x00, 0x00, 0x00, 0x00, 0x00, 0x00, 0x00,
  0x00, 0x00, 0x00, 0x00, 0xff, 0xff, 0xff, 0xff, 0x02, 0x00, 0x00, 0x00, 0x00, 0x00, 0x00, 0x00,
  0x00, 0x00, 0x00, 0x00, 0x00, 0x00, 0x00, 0x00, 0x01, 0x00, 0x00, 0x00, 0x00, 0x00, 0x00, 0x00,
  0x00, 0x00, 0x00, 0x00, 0x00, 0x00, 0x00, 0x00, 0x10, 0x01, 0x00, 0x00, 0xfe, 0xff, 0xff, 0xff,
  0x02, 0x00, 0x00, 0x00, 0x00, 0x00, 0x00, 0x00, 0x00, 0x00, 0x00, 0x00, 0x00, 0x00, 0x00, 0x00,
  0x01, 0x00, 0x00, 0x00, 0x00, 0x00, 0x00, 0x00, 0x00, 0x00, 0x00, 0x00, 0x00, 0x00, 0x00, 0x00,
  0x10, 0x01, 0x00, 0x00, 0xff, 0xff, 0xff, 0xff, 0x02, 0x00, 0x00, 0x00, 0x00, 0x00, 0x00, 0x00,
  0x00, 0x00, 0x00, 0x00, 0x00, 0x00, 0x00, 0x00, 0x00, 0x00, 0x00, 0x00, 0x03, 0x00, 0x00, 0x00,
  0x01, 0x00, 0x00, 0x00, 0x03, 0x00, 0x00, 0x00, 0x02, 0x00, 0x00, 0x00, 0x03, 0x00, 0x00, 0x00,
  0x03, 0x00, 0x00, 0x00, 0x03, 0x00, 0x00, 0x00, 0x00, 0x00, 0x00, 0x00, 0x00, 0x00, 0x00, 0x00,
  0x00, 0x00, 0x00, 0x00, 0x00, 0x00, 0x00, 0x00, 0x00, 0x00, 0x00, 0x00, 0xff, 0xff, 0xff, 0xff,
  0x00, 0x00, 0x00, 0x00, 0x00, 0x00, 0x00, 0x00, 0x00, 0x00, 0x00, 0x00, 0x00, 0x00, 0x00, 0x00,
  0x11, 0x00, 0x00, 0x00, 0x03, 0x00, 0x00, 0x00, 0x12, 0x00, 0x00, 0x00, 0x03, 0x00, 0x00, 0x00,
  0x13, 0x00, 0x00, 0x00, 0x03, 0x00, 0x00, 0x00, 0x14, 0x00, 0x00, 0x00, 0x03, 0x00, 0x00, 0x00,
  0x15, 0x00, 0x00, 0x00, 0x01, 0x00, 0x00, 0x00, 0x01, 0x00, 0x00, 0x00, 0x00, 0x00, 0x00, 0x00,
  0x00, 0x00, 0x00, 0x00, 0x00, 0x00, 0x00, 0x00, 0x0c, 0x00, 0x00, 0x00, 0xff, 0xff, 0xff, 0xff,
  0x02, 0x00, 0x00, 0x00, 0x00, 0x00, 0x00, 0x00, 0x00, 0x00, 0x00, 0x00, 0x00, 0x00, 0x00, 0x00,
  0x01, 0x00, 0x00, 0x00, 0x00, 0x00, 0x00, 0x00, 0x00, 0x00, 0x00, 0x00, 0x00, 0x00, 0x00, 0x00,
  0x00, 0x00, 0x00, 0x00, 0xff, 0xff, 0xff, 0xff, 0x02, 0x00, 0x00, 0x00, 0x00, 0x00, 0x00, 0x00,
  0x00, 0x00, 0x00, 0x00, 0x00, 0x00, 0x00, 0x00, 0x73, 0x00, 0x00, 0x00, 0x03, 0x00, 0x00, 0x00,
  0x74, 0x00, 0x00, 0x00, 0x03, 0x00, 0x00, 0x00, 0x21, 0x00, 0x00, 0x00, 0x03, 0x00, 0x00, 0x00,
  0x22, 0x00, 0x00, 0x00, 0x03, 0x00, 0x00, 0x00, 0x01, 0x00, 0x00, 0x00, 0x00, 0x00, 0x00, 0x00,
  0x00, 0x00, 0x00, 0x00, 0x00, 0x00, 0x00, 0x00, 0x00, 0x00, 0x00, 0x00, 0x00, 0x00, 0x00, 0x00,
  0x01, 0x00, 0x00, 0x00, 0x00, 0x00, 0x00, 0x00, 0x02, 0x00, 0x00, 0x00, 0x00, 0x00, 0x00, 0x00,
  0x03, 0x00, 0x00, 0x00, 0x00, 0x00, 0x00, 0x00, 0x03, 0x00, 0x00, 0x00, 0x00, 0x00, 0x00, 0x00,
  0x04, 0x00, 0x00, 0x00, 0x00, 0x00, 0x00, 0x00, 0x04, 0x00, 0x00, 0x00, 0x00, 0x00, 0x00, 0x00,
  0x06, 0x00, 0x00, 0x00, 0x00, 0x00, 0x00, 0x00, 0x07, 0x00, 0x00, 0x00, 0x00, 0x00, 0x00, 0x00,
  0x07, 0x00, 0x00, 0x00, 0x00, 0x00, 0x00, 0x00, 0x08, 0x00, 0x00, 0x00, 0x00, 0x00, 0x00, 0x00,
  0x0b, 0x00, 0x00, 0x00, 0x00, 0x00, 0x00, 0x00, 0x0c, 0x00, 0x00, 0x00, 0x00, 0x00, 0x00, 0x00,
  0x12, 0x00, 0x00, 0x00, 0x00, 0x00, 0x00, 0x00, 0x22, 0x00, 0x00, 0x00, 0x00, 0x00, 0x00, 0x00,
  0x05, 0x10, 0x00, 0x00, 0x01, 0x00, 0x00, 0x00, 0x06, 0x10, 0x00, 0x00, 0x01, 0x00, 0x00, 0x00,
  0x07, 0x10, 0x00, 0x00, 0x01, 0x00, 0x00, 0x00, 0x08, 0x10, 0x00, 0x00, 0x01, 0x00, 0x00, 0x00,
  0x01, 0x08, 0x00, 0x00, 0x02, 0x00, 0x00, 0x00, 0x02, 0x08, 0x00, 0x00, 0x02, 0x00, 0x00, 0x00,
  0x01, 0x00, 0x00, 0x00, 0x06, 0x00, 0x00, 0x00, 0x02, 0x00, 0x00, 0x00, 0x06, 0x00, 0x00, 0x00,
  0x03, 0x00, 0x00, 0x00, 0x06, 0x00, 0x00, 0x00, 0x04, 0x00, 0x00, 0x00, 0x06, 0x00, 0x00, 0x00,
  0x05, 0x00, 0x00, 0x00, 0x06, 0x00, 0x00, 0x00, 0x0e, 0x00, 0x00, 0x00, 0x06, 0x00, 0x00, 0x00,
  0x17, 0x00, 0x00, 0x00, 0x06, 0x00, 0x00, 0x00, 0x18, 0x00, 0x00, 0x00, 0x06, 0x00, 0x00, 0x00,
  0x19, 0x00, 0x00, 0x00, 0x06, 0x00, 0x00, 0x00, 0x25, 0x00, 0x00, 0x00, 0x06, 0x00, 0x00, 0x00,
  0x28, 0x00, 0x00, 0x00, 0x06, 0x00, 0x00, 0x00, 0x2f, 0x00, 0x00, 0x00, 0x06, 0x00, 0x00, 0x00,
  0x66, 0x10, 0x00, 0x00, 0x06, 0x00, 0x00, 0x00, 0x02, 0x20, 0x00, 0x00, 0x06, 0x00, 0x00, 0x00,
  0x03, 0x20, 0x00, 0x00, 0x06, 0x00, 0x00, 0x00, 0x05, 0x20, 0x00, 0x00, 0x06, 0x00, 0x00, 0x00,
  0x07, 0x20, 0x00, 0x00, 0x06, 0x00, 0x00, 0x00, 0x08, 0x20, 0x00, 0x00, 0x06, 0x00, 0x00, 0x00,
  0x09, 0x20, 0x00, 0x00, 0x06, 0x00, 0x00, 0x00, 0x0b, 0x20, 0x00, 0x00, 0x06, 0x00, 0x00, 0x00,
  0x0c, 0x20, 0x00, 0x00, 0x06, 0x00, 0x00, 0x00, 0x0d, 0x20, 0x00, 0x00, 0x06, 0x00, 0x00, 0x00,
  0x0e, 0x20, 0x00, 0x00, 0x06, 0x00, 0x00, 0x00, 0x11, 0x20, 0x00, 0x00, 0x06, 0x00, 0x00, 0x00,
  0x12, 0x20, 0x00, 0x00, 0x06, 0x00, 0x00, 0x00, 0x13, 0x20, 0x00, 0x00, 0x06, 0x00, 0x00, 0x00,
  0x14, 0x20, 0x00, 0x00, 0x06, 0x00, 0x00, 0x00, 0x15, 0x20, 0x00, 0x00, 0x06, 0x00, 0x00, 0x00,
  0x16, 0x20, 0x00, 0x00, 0x06, 0x00, 0x00, 0x00, 0x17, 0x20, 0x00, 0x00, 0x06, 0x00, 0x00, 0x00,
  0x18, 0x20, 0x00, 0x00, 0x06, 0x00, 0x00, 0x00, 0x19, 0x20, 0x00, 0x00, 0x06, 0x00, 0x00, 0x00,
  0x1a, 0x20, 0x00, 0x00, 0x06, 0x00, 0x00, 0x00, 0x1b, 0x20, 0x00, 0x00, 0x06, 0x00, 0x00, 0x00,
  0x1e, 0x20, 0x00, 0x00, 0x06, 0x00, 0x00, 0x00, 0x1f, 0x20, 0x00, 0x00, 0x06, 0x00, 0x00, 0x00,
  0x20, 0x20, 0x00, 0x00, 0x06, 0x00, 0x00, 0x00, 0x20, 0x20, 0x00, 0x00, 0x06, 0x00, 0x00, 0x00,
  0x21, 0x20, 0x00, 0x00, 0x06, 0x00, 0x00, 0x00, 0x23, 0x20, 0x00, 0x00, 0x06, 0x00, 0x00, 0x00,
  0x26, 0x20, 0x00, 0x00, 0x06, 0x00, 0x00, 0x00, 0x27, 0x20, 0x00, 0x00, 0x06, 0x00, 0x00, 0x00,
  0x28, 0x20, 0x00, 0x00, 0x06, 0x00, 0x00, 0x00, 0x29, 0x20, 0x00, 0x00, 0x06, 0x00, 0x00, 0x00,
  0x2a, 0x20, 0x00, 0x00, 0x06, 0x00, 0x00, 0x00, 0x2b, 0x20, 0x00, 0x00, 0x06, 0x00, 0x00, 0x00,
  0x2c, 0x20, 0x00, 0x00, 0x06, 0x00, 0x00, 0x00, 0x2d, 0x20, 0x00, 0x00, 0x06, 0x00, 0x00, 0x00,
  0x2e, 0x20, 0x00, 0x00, 0x06, 0x00, 0x00, 0x00, 0x2f, 0x20, 0x00, 0x00, 0x06, 0x00, 0x00, 0x00,
  0x30, 0x20, 0x00, 0x00, 0x06, 0x00, 0x00, 0x00, 0x34, 0x20, 0x00, 0x00, 0x06, 0x00, 0x00, 0x00,
  0x35, 0x20, 0x00, 0x00, 0x06, 0x00, 0x00, 0x00, 0x36, 0x20, 0x00, 0x00, 0x06, 0x00, 0x00, 0x00,
  0x3c, 0x20, 0x00, 0x00, 0x06, 0x00, 0x00, 0x00, 0x41, 0x20, 0x00, 0x00, 0x06, 0x00, 0x00, 0x00,
  0x42, 0x20, 0x00, 0x00, 0x06, 0x00, 0x00, 0x00, 0x43, 0x20, 0x00, 0x00, 0x06, 0x00, 0x00, 0x00,
  0x44, 0x20, 0x00, 0x00, 0x06, 0x00, 0x00, 0x00, 0x45, 0x20, 0x00, 0x00, 0x06, 0x00, 0x00, 0x00,
  0x46, 0x20, 0x00, 0x00, 0x06, 0x00, 0x00, 0x00, 0x47, 0x20, 0x00, 0x00, 0x06, 0x00, 0x00, 0x00,
  0x48, 0x20, 0x00, 0x00, 0x06, 0x00, 0x00, 0x00, 0x49, 0x20, 0x00, 0x00, 0x06, 0x00, 0x00, 0x00,
  0x4b, 0x20, 0x00, 0x00, 0x06, 0x00, 0x00, 0x00, 0x4c, 0x20, 0x00, 0x00, 0x06, 0x00, 0x00, 0x00,
  0x4d, 0x20, 0x00, 0x00, 0x06, 0x00, 0x00, 0x00, 0x4e, 0x20, 0x00, 0x00, 0x06, 0x00, 0x00, 0x00,
  0x4f, 0x20, 0x00, 0x00, 0x06, 0x00, 0x00, 0x00, 0x50, 0x20, 0x00, 0x00, 0x06, 0x00, 0x00, 0x00,
  0x52, 0x20, 0x00, 0x00, 0x06, 0x00, 0x00, 0x00, 0x53, 0x20, 0x00, 0x00, 0x06, 0x00, 0x00, 0x00,
  0x55, 0x20, 0x00, 0x00, 0x06, 0x00, 0x00, 0x00, 0x58, 0x20, 0x00, 0x00, 0x06, 0x00, 0x00, 0x00,
  0x59, 0x20, 0x00, 0x00, 0x06, 0x00, 0x00, 0x00, 0x5a, 0x20, 0x00, 0x00, 0x06, 0x00, 0x00, 0x00,
  0x5b, 0x20, 0x00, 0x00, 0x06, 0x00, 0x00, 0x00, 0x5e, 0x20, 0x00, 0x00, 0x06, 0x00, 0x00, 0x00,
  0x60, 0x20, 0x00, 0x00, 0x06, 0x00, 0x00, 0x00, 0x63, 0x20, 0x00, 0x00, 0x06, 0x00, 0x00, 0x00,
  0x08, 0x50, 0x00, 0x00, 0x06, 0x00, 0x00, 0x00, 0x01, 0x00, 0x00, 0x00, 0x08, 0x00, 0x00, 0x00,
  0x04, 0x00, 0x00, 0x00, 0x08, 0x00, 0x00, 0x00, 0x06, 0x00, 0x00, 0x00, 0x08, 0x00, 0x00, 0x00,
  0x02, 0x20, 0x00, 0x00, 0x0d, 0x00, 0x00, 0x00, 0x03, 0x20, 0x00, 0x00, 0x0d, 0x00, 0x00, 0x00,
  0x00, 0x00, 0x00, 0x00, 0x00, 0x00, 0x00, 0x00, 0x00, 0x00, 0x00, 0x00, 0x00, 0x00, 0x00, 0x00,
  0x00, 0x00, 0x00, 0x00, 0x00, 0x00, 0x00, 0x00, 0x00, 0x00, 0x00, 0x00, 0x00, 0x00, 0x00, 0x00,
  0x00, 0x00, 0x00, 0x00, 0x00, 0x00, 0x00, 0x00, 0x00, 0x00, 0x00, 0x00, 0x00, 0x00, 0x00, 0x00,
  0x00, 0x00, 0x00, 0x00, 0x00, 0x00, 0x00, 0x00, 0x00, 0x00, 0x00, 0x00, 0x00, 0x00, 0x00, 0x00,
  0x00, 0x00, 0x00, 0x00, 0x00, 0x00, 0x00, 0x00, 0x00, 0x00, 0x00, 0x00, 0x00, 0x00, 0x00, 0x00,
  0x00, 0x00, 0x00, 0x00, 0x00, 0x00, 0x00, 0x00, 0x00, 0x00, 0x00, 0x00, 0x00, 0x00, 0x00, 0x00,
  0x00, 0x00, 0x00, 0x00, 0x00, 0x00, 0x00, 0x00, 0x00, 0x00, 0x00, 0x00, 0x00, 0x00, 0x00, 0x00,
  0x00, 0x00, 0x00, 0x00, 0x00, 0x00, 0x00, 0x00, 0x00, 0x00, 0x00, 0x00, 0x00, 0x00, 0x00, 0x00,
  0x00, 0x00, 0x00, 0x00, 0x00, 0x00, 0x00, 0x00, 0x00, 0x00, 0x00, 0x00, 0x00, 0x00, 0x00, 0x00,
  0x00, 0x00, 0x00, 0x00, 0x00, 0x00, 0x00, 0x00, 0x00, 0x00, 0x00, 0x00, 0x00, 0x00, 0x00, 0x00,
  0x00, 0x00, 0x00, 0x00, 0x00, 0x00, 0x00, 0x00, 0x00, 0x00, 0x00, 0x00, 0x00, 0x00, 0x00, 0x00,
  0x00, 0x00, 0x00, 0x00, 0x00, 0x00, 0x00, 0x00, 0x00, 0x00, 0x00, 0x00, 0x00, 0x00, 0x00, 0x00,
  0x00, 0x00, 0x00, 0x00, 0x00, 0x00, 0x00, 0x00, 0x00, 0x00, 0x00, 0x00, 0x00, 0x00, 0x00, 0x00,
  0x00, 0x00, 0x00, 0x00, 0x00, 0x00, 0x00, 0x00, 0x00, 0x00, 0x00, 0x00, 0x00, 0x00, 0x00, 0x00,
  0x00, 0x00, 0x00, 0x00, 0x00, 0x00, 0x00, 0x00, 0x00, 0x00, 0x00, 0x00, 0x00, 0x00, 0x00, 0x00,
  0x00, 0x00, 0x00, 0x00, 0x00, 0x00, 0x00, 0x00, 0x00, 0x00, 0x00, 0x00, 0x00, 0x00, 0x00, 0x00,
  0x00, 0x00, 0x00, 0x00, 0x00, 0x00, 0x00, 0x00, 0x00, 0x00, 0x00, 0x00, 0x00, 0x00, 0x00, 0x00,
  0x00, 0x00, 0x00, 0x00, 0x00, 0x00, 0x00, 0x00, 0x00, 0x00, 0x00, 0x00, 0x00, 0x00, 0x00, 0x00,
  0x00, 0x00, 0x00, 0x00, 0x00, 0x00, 0x00, 0x00, 0x00, 0x00, 0x00, 0x00, 0x00, 0x00, 0x00, 0x00,
  0x00, 0x00, 0x00, 0x00, 0x00, 0x00, 0x00, 0x00, 0x00, 0x00, 0x00, 0x00, 0x00, 0x00, 0x00, 0x00,
  0x00, 0x00, 0x00, 0x00, 0x00, 0x00, 0x00, 0x00, 0x00, 0x00, 0x00, 0x00, 0x00, 0x00, 0x00, 0x00,
  0x00, 0x00, 0x00, 0x00, 0x00, 0x00, 0x00, 0x00, 0x00, 0x00, 0x00, 0x00, 0x00, 0x00, 0x00, 0x00,
  0x00, 0x00, 0x00, 0x00, 0x00, 0x00, 0x00, 0x00, 0x00, 0x00, 0x00, 0x00, 0x00, 0x00, 0x00, 0x00,
  0x00, 0x00, 0x00, 0x00, 0x00, 0x00, 0x00, 0x00, 0x00, 0x00, 0x00, 0x00, 0x00, 0x00, 0x00, 0x00,
  0x00, 0x00, 0x00, 0x00, 0x00, 0x00, 0x00, 0x00, 0x00, 0x00, 0x00, 0x00, 0x00, 0x00, 0x00, 0x00,
  0x00, 0x00, 0x00, 0x00, 0x00, 0x00, 0x00, 0x00, 0x00, 0x00, 0x00, 0x00, 0x00, 0x00, 0x00, 0x00,
  0x00, 0x00, 0x00, 0x00, 0x00, 0x00, 0x00, 0x00, 0x00, 0x00, 0x00, 0x00, 0x00, 0x00, 0x00, 0x00,
  0x00, 0x00, 0x00, 0x00, 0x00, 0x00, 0x00, 0x00, 0x00, 0x00, 0x00, 0x00, 0x00, 0x00, 0x00, 0x00,
  0x00, 0x00, 0x00, 0x00, 0x00, 0x00, 0x00, 0x00, 0x00, 0x00, 0x00, 0x00, 0x00, 0x00, 0x00, 0x00,
  0x00, 0x00, 0x00, 0x00, 0x00, 0x00, 0x00, 0x00, 0x00, 0x00, 0x00, 0x00, 0x00, 0x00, 0x00, 0x00,
  0x00, 0x00, 0x00, 0x00, 0x00, 0x00, 0x00, 0x00, 0x00, 0x00, 0x00, 0x00, 0x00, 0x00, 0x00, 0x00,
  0x00, 0x00, 0x00, 0x00, 0x00, 0x00, 0x00, 0x00, 0x00, 0x00, 0x00, 0x00, 0x00, 0x00, 0x00, 0x00,
  0x00, 0x00, 0x00, 0x00, 0x00, 0x00, 0x00, 0x00, 0x00, 0x00, 0x00, 0x00, 0x00, 0x00, 0x00, 0x00,
  0x00, 0x00, 0x00, 0x00, 0x00, 0x00, 0x00, 0x00, 0x00, 0x00, 0x00, 0x00, 0x00, 0x00, 0x00, 0x00,
  0x00, 0x00, 0x00, 0x00, 0x00, 0x00, 0x00, 0x00, 0x00, 0x00, 0x00, 0x00, 0x00, 0x00, 0x00, 0x00,
  0x00, 0x00, 0x00, 0x00, 0x00, 0x00, 0x00, 0x00, 0x00, 0x00, 0x00, 0x00, 0x00, 0x00, 0x00, 0x00,
  0x00, 0x00, 0x00, 0x00, 0x00, 0x00, 0x00, 0x00, 0x00, 0x00, 0x00, 0x00, 0x00, 0x00, 0x00, 0x00,
  0x00, 0x00, 0x00, 0x00, 0x00, 0x00, 0x00, 0x00, 0x00, 0x00, 0x00, 0x00, 0x00, 0x00, 0x00, 0x00,
  0x00, 0x00, 0x00, 0x00, 0x00, 0x00, 0x00, 0x00, 0x00, 0x00, 0x00, 0x00, 0x00, 0x00, 0x00, 0x00,
  0x00, 0x00, 0x00, 0x00, 0x00, 0x00, 0x00, 0x00, 0x00, 0x00, 0x00, 0x00, 0x00, 0x00, 0x00, 0x00,
  0x00, 0x00, 0x00, 0x00, 0x00, 0x00, 0x00, 0x00, 0x00, 0x00, 0x00, 0x00, 0x00, 0x00, 0x00, 0x00,
  0x00, 0x00, 0x00, 0x00, 0x00, 0x00, 0x00, 0x00, 0x00, 0x00, 0x00, 0x00, 0x00, 0x00, 0x00, 0x00,
  0x00, 0x00, 0x00, 0x00, 0x00, 0x00, 0x00, 0x00, 0x00, 0x00, 0x00, 0x00, 0x00, 0x00, 0x00, 0x00,
  0x00, 0x00, 0x00, 0x00, 0x00, 0x00, 0x00, 0x00, 0x00, 0x00, 0x00, 0x00, 0x00, 0x00, 0x00, 0x00,
  0x00, 0x00, 0x00, 0x00, 0x00, 0x00, 0x00, 0x00, 0x00, 0x00, 0x00, 0x00, 0x00, 0x00, 0x00, 0x00,
  0x00, 0x00, 0x00, 0x00, 0x00, 0x00, 0x00, 0x00, 0x00, 0x00, 0x00, 0x00, 0x00, 0x00, 0x00, 0x00,
  0x00, 0x00, 0x00, 0x00, 0x00, 0x00, 0x00, 0x00, 0x00, 0x00, 0x00, 0x00, 0x00, 0x00, 0x00, 0x00,
  0x00, 0x00, 0x00, 0x00, 0x00, 0x00, 0x00, 0x00, 0x00, 0x00, 0x00, 0x00, 0x00, 0x00, 0x00, 0x00,
  0x00, 0x00, 0x00, 0x00, 0x00, 0x00, 0x00, 0x00, 0x00, 0x00, 0x00, 0x00, 0x00, 0x00, 0x00, 0x00,
  0x00, 0x00, 0x00, 0x00, 0x00, 0x00, 0x00, 0x00, 0x00, 0x00, 0x00, 0x00, 0x00, 0x00, 0x00, 0x00,
  0x00, 0x00, 0x00, 0x00, 0x00, 0x00, 0x00, 0x00, 0x00, 0x00, 0x00, 0x00, 0x00, 0x00, 0x00, 0x00,
  0x00, 0x00, 0x00, 0x00, 0x00, 0x00, 0x00, 0x00, 0x00, 0x00, 0x00, 0x00, 0x00, 0x00, 0x00, 0x00,
  0x00, 0x00, 0x00, 0x00, 0x00, 0x00, 0x00, 0x00, 0x00, 0x00, 0x00, 0x00, 0x00, 0x00, 0x00, 0x00,
  0x00, 0x00, 0x00, 0x00, 0x00, 0x00, 0x00, 0x00, 0x00, 0x00, 0x00, 0x00, 0x00, 0x00, 0x00, 0x00,
  0x00, 0x00, 0x00, 0x00, 0x00, 0x00, 0x00, 0x00, 0x00, 0x00, 0x00, 0x00, 0x00, 0x00, 0x00, 0x00,
  0x00, 0x00, 0x00, 0x00, 0x00, 0x00, 0x00, 0x00, 0x00, 0x00, 0x00, 0x00, 0x00, 0x00, 0x00, 0x00,
  0x00, 0x00, 0x00, 0x00, 0x00, 0x00, 0x00, 0x00, 0x00, 0x00, 0x00, 0x00, 0x00, 0x00, 0x00, 0x00,
  0x00, 0x00, 0x00, 0x00, 0x00, 0x00, 0x00, 0x00, 0x00, 0x00, 0x00, 0x00, 0x00, 0x00, 0x00, 0x00,
  0x00, 0x00, 0x00, 0x00, 0x00, 0x00, 0x00, 0x00, 0x00, 0x00, 0x00, 0x00, 0x00, 0x00, 0x00, 0x00,
  0x00, 0x00, 0x00, 0x00, 0x00, 0x00, 0x00, 0x00, 0x00, 0x00, 0x00, 0x00, 0x00, 0x00, 0x00, 0x00,
  0x00, 0x00, 0x00, 0x00, 0x00, 0x00, 0x00, 0x00, 0x00, 0x00, 0x00, 0x00, 0x00, 0x00, 0x00, 0x00,
  0x00, 0x00, 0x00, 0x00, 0x00, 0x00, 0x00, 0x00, 0x00, 0x00, 0x00, 0x00, 0x00, 0x00, 0x00, 0x00,
  0x00, 0x00, 0x00, 0x00, 0x00, 0x00, 0x00, 0x00, 0x00, 0x00, 0x00, 0x00, 0x00, 0x00, 0x00, 0x00,
  0x00, 0x00, 0x00, 0x00, 0x00, 0x00, 0x00, 0x00, 0x00, 0x00, 0x00, 0x00, 0x00, 0x00, 0x00, 0x00,
  0x00, 0x00, 0x00, 0x00, 0x00, 0x00, 0x00, 0x00, 0x00, 0x00, 0x00, 0x00, 0x00, 0x00, 0x00, 0x00,
  0x00, 0x00, 0x00, 0x00, 0x00, 0x00, 0x00, 0x00, 0x00, 0x00, 0x00, 0x00, 0x00, 0x00, 0x00, 0x00,
  0x00, 0x00, 0x00, 0x00, 0x00, 0x00, 0x00, 0x00, 0x00, 0x00, 0x00, 0x00, 0x00, 0x00, 0x00, 0x00,
  0x00, 0x00, 0x00, 0x00, 0x00, 0x00, 0x00, 0x00, 0x00, 0x00, 0x00, 0x00, 0x00, 0x00, 0x00, 0x00,
  0x00, 0x00, 0x00, 0x00, 0x00, 0x00, 0x00, 0x00, 0x00, 0x00, 0x00, 0x00, 0x00, 0x00, 0x00, 0x00,
  0x00, 0x00, 0x00, 0x00, 0x00, 0x00, 0x00, 0x00, 0x00, 0x00, 0x00, 0x00, 0x00, 0x00, 0x00, 0x00,
  0x00, 0x00, 0x00, 0x00, 0x00, 0x00, 0x00, 0x00, 0x00, 0x00, 0x00, 0x00, 0x00, 0x00, 0x00, 0x00,
  0x00, 0x00, 0x00, 0x00, 0x00, 0x00, 0x00, 0x00, 0x00, 0x00, 0x00, 0x00, 0x00, 0x00, 0x00, 0x00,
  0x00, 0x00, 0x00, 0x00, 0x00, 0x00, 0x00, 0x00, 0x00, 0x00, 0x00, 0x00, 0x00, 0x00, 0x00, 0x00,
  0x00, 0x00, 0x00, 0x00, 0x00, 0x00, 0x00, 0x00, 0x00, 0x00, 0x00, 0x00, 0x00, 0x00, 0x00, 0x00,
  0x00, 0x00, 0x00, 0x00, 0x00, 0x00, 0x00, 0x00, 0x00, 0x00, 0x00, 0x00, 0x00, 0x00, 0x00, 0x00,
  0x00, 0x00, 0x00, 0x00, 0x00, 0x00, 0x00, 0x00, 0x00, 0x00, 0x00, 0x00, 0x00, 0x00, 0x00, 0x00,
  0x00, 0x00, 0x00, 0x00, 0x00, 0x00, 0x00, 0x00, 0x00, 0x00, 0x00, 0x00, 0x00, 0x00, 0x00, 0x00,
  0x00, 0x00, 0x00, 0x00, 0x00, 0x00, 0x00, 0x00, 0x00, 0x00, 0x00, 0x00, 0x00, 0x00, 0x00, 0x00,
  0x00, 0x00, 0x00, 0x00, 0x00, 0x00, 0x00, 0x00, 0x00, 0x00, 0x00, 0x00, 0x00, 0x00, 0x00, 0x00,
  0x00, 0x00, 0x00, 0x00, 0x00, 0x00, 0x00, 0x00, 0x00, 0x00, 0x00, 0x00, 0x00, 0x00, 0x00, 0x00,
  0x00, 0x00, 0x00, 0x00, 0x00, 0x00, 0x00, 0x00, 0x00, 0x00, 0x00, 0x00, 0x00, 0x00, 0x00, 0x00,
  0x00, 0x00, 0x00, 0x00, 0x00, 0x00, 0x00, 0x00, 0x00, 0x00, 0x00, 0x00, 0x00, 0x00, 0x00, 0x00,
  0x00, 0x00, 0x00, 0x00, 0x00, 0x00, 0x00, 0x00, 0x00, 0x00, 0x00, 0x00, 0x00, 0x00, 0x00, 0x00,
  0x00, 0x00, 0x00, 0x00, 0x00, 0x00, 0x00, 0x00, 0x00, 0x00, 0x00, 0x00, 0x00, 0x00, 0x00, 0x00,
  0x00, 0x00, 0x00, 0x00, 0x00, 0x00, 0x00, 0x00, 0x00, 0x00, 0x00, 0x00, 0x00, 0x00, 0x00, 0x00,
  0x00, 0x00, 0x00, 0x00, 0x00, 0x00, 0x00, 0x00, 0x00, 0x00, 0x00, 0x00, 0x00, 0x00, 0x00, 0x00,
  0x00, 0x00, 0x00, 0x00, 0x00, 0x00, 0x00, 0x00, 0x00, 0x00, 0x00, 0x00, 0x00, 0x00, 0x00, 0x00,
  0x00, 0x00, 0x00, 0x00, 0x00, 0x00, 0x00, 0x00, 0x00, 0x00, 0x00, 0x00, 0x00, 0x00, 0x00, 0x00,
  0x00, 0x00, 0x00, 0x00, 0x00, 0x00, 0x00, 0x00, 0x00, 0x00, 0x00, 0x00, 0x00, 0x00, 0x00, 0x00,
  0x00, 0x00, 0x00, 0x00, 0x00, 0x00, 0x00, 0x00, 0x00, 0x00, 0x00, 0x00, 0x00, 0x00, 0x00, 0x00,
  0x00, 0x00, 0x00, 0x00, 0x00, 0x00, 0x00, 0x00, 0x00, 0x00, 0x00, 0x00, 0x00, 0x00, 0x00, 0x00,
  0x00, 0x00, 0x00, 0x00, 0x00, 0x00, 0x00, 0x00, 0x00, 0x00, 0x00, 0x00, 0x00, 0x00, 0x00, 0x00,
  0x00, 0x00, 0x00, 0x00, 0x00, 0x00, 0x00, 0x00, 0x00, 0x00, 0x00, 0x00, 0x00, 0x00, 0x00, 0x00,
  0x00, 0x00, 0x00, 0x00, 0x00, 0x00, 0x00, 0x00, 0x00, 0x00, 0x00, 0x00, 0x00, 0x00, 0x00, 0x00,
  0x00, 0x00, 0x00, 0x00, 0x00, 0x00, 0x00, 0x00, 0x00, 0x00, 0x00, 0x00, 0x00, 0x00, 0x00, 0x00,
  0x00, 0x00, 0x00, 0x00, 0x00, 0x00, 0x00, 0x00, 0x00, 0x00, 0x00, 0x00, 0x00, 0x00, 0x00, 0x00,
  0x00, 0x00, 0x00, 0x00, 0x00, 0x00, 0x00, 0x00, 0x00, 0x00, 0x00, 0x00, 0x00, 0x00, 0x00, 0x00,
  0x00, 0x00, 0x00, 0x00, 0x00, 0x00, 0x00, 0x00, 0x00, 0x00, 0x00, 0x00, 0x00, 0x00, 0x00, 0x00,
  0x00, 0x00, 0x00, 0x00, 0x00, 0x00, 0x00, 0x00, 0x00, 0x00, 0x00, 0x00, 0x00, 0x00, 0x00, 0x00,
  0x00, 0x00, 0x00, 0x00, 0x00, 0x00, 0x00, 0x00, 0x00, 0x00, 0x00, 0x00, 0x00, 0x00, 0x00, 0x00,
  0x00, 0x00, 0x00, 0x00, 0x00, 0x00, 0x00, 0x00, 0x00, 0x00, 0x00, 0x00, 0x00, 0x00, 0x00, 0x00,
  0x00, 0x00, 0x00, 0x00, 0x00, 0x00, 0x00, 0x00, 0x00, 0x00, 0x00, 0x00, 0x00, 0x00, 0x00, 0x00,
  0x00, 0x00, 0x00, 0x00, 0x00, 0x00, 0x00, 0x00, 0x00, 0x00, 0x00, 0x00, 0x00, 0x00, 0x00, 0x00,
  0x00, 0x00, 0x00, 0x00, 0x00, 0x00, 0x00, 0x00, 0x00, 0x00, 0x00, 0x00, 0x00, 0x00, 0x00, 0x00,
  0x00, 0x00, 0x00, 0x00, 0x00, 0x00, 0x00, 0x00, 0x00, 0x00, 0x00, 0x00, 0x00, 0x00, 0x00, 0x00,
  0x00, 0x00, 0x00, 0x00, 0x00, 0x00, 0x00, 0x00, 0x00, 0x00, 0x00, 0x00, 0x00, 0x00, 0x00, 0x00,
  0x00, 0x00, 0x00, 0x00, 0x00, 0x00, 0x00, 0x00, 0x00, 0x00, 0x00, 0x00, 0x00, 0x00, 0x00, 0x00,
  0x00, 0x00, 0x00, 0x00, 0x00, 0x00, 0x00, 0x00, 0x00, 0x00, 0x00, 0x00, 0x00, 0x00, 0x00, 0x00,
  0x00, 0x00, 0x00, 0x00, 0x00, 0x00, 0x00, 0x00, 0x00, 0x00, 0x00, 0x00, 0x00, 0x00, 0x00, 0x00,
  0x00, 0x00, 0x00, 0x00, 0x00, 0x00, 0x00, 0x00, 0x00, 0x00, 0x00, 0x00, 0x00, 0x00, 0x00, 0x00,
  0x00, 0x00, 0x00, 0x00, 0x00, 0x00, 0x00, 0x00, 0x00, 0x00, 0x00, 0x00, 0x00, 0x00, 0x00, 0x00,
  0x00, 0x00, 0x00, 0x00, 0x00, 0x00, 0x00, 0x00, 0x00, 0x00, 0x00, 0x00, 0x00, 0x00, 0x00, 0x00,
  0x00, 0x00, 0x00, 0x00, 0x00, 0x00, 0x00, 0x00, 0x00, 0x00, 0x00, 0x00, 0x00, 0x00, 0x00, 0x00,
  0x00, 0x00, 0x00, 0x00, 0x00, 0x00, 0x00, 0x00, 0x00, 0x00, 0x00, 0x00, 0x00, 0x00, 0x00, 0x00,
  0x00, 0x00, 0x00, 0x00, 0x00, 0x00, 0x00, 0x00, 0x00, 0x00, 0x00, 0x00, 0x00, 0x00, 0x00, 0x00,
  0x00, 0x00, 0x00, 0x00, 0x00, 0x00, 0x00, 0x00, 0x00, 0x00, 0x00, 0x00, 0x00, 0x00, 0x00, 0x00,
  0x00, 0x00, 0x00, 0x00, 0x00, 0x00, 0x00, 0x00, 0x00, 0x00, 0x00, 0x00, 0x00, 0x00, 0x00, 0x00,
  0x00, 0x00, 0x00, 0x00, 0x00, 0x00, 0x00, 0x00, 0x00, 0x00, 0x00, 0x00, 0x00, 0x00, 0x00, 0x00,
  0x00, 0x00, 0x00, 0x00, 0x00, 0x00, 0x00, 0x00, 0x00, 0x00, 0x00, 0x00, 0x00, 0x00, 0x00, 0x00,
  0x00, 0x00, 0x00, 0x00, 0x00, 0x00, 0x00, 0x00, 0x00, 0x00, 0x00, 0x00, 0x00, 0x00, 0x00, 0x00,
  0x00, 0x00, 0x00, 0x00, 0x00, 0x00, 0x00, 0x00, 0x00, 0x00, 0x00, 0x00, 0x00, 0x00, 0x00, 0x00,
  0x00, 0x00, 0x00, 0x00, 0x00, 0x00, 0x00, 0x00, 0x00, 0x00, 0x00, 0x00, 0x00, 0x00, 0x00, 0x00,
  0x00, 0x00, 0x00, 0x00, 0x00, 0x00, 0x00, 0x00, 0x00, 0x00, 0x00, 0x00, 0x00, 0x00, 0x00, 0x00,
  0x00, 0x00, 0x00, 0x00, 0x00, 0x00, 0x00, 0x00, 0x00, 0x00, 0x00, 0x00, 0x00, 0x00, 0x00, 0x00,
  0x00, 0x00, 0x00, 0x00, 0x00, 0x00, 0x00, 0x00, 0x00, 0x00, 0x00, 0x00, 0x00, 0x00, 0x00, 0x00,
  0x00, 0x00, 0x00, 0x00, 0x00, 0x00, 0x00, 0x00, 0x00, 0x00, 0x00, 0x00, 0x00, 0x00, 0x00, 0x00,
  0x00, 0x00, 0x00, 0x00, 0x00, 0x00, 0x00, 0x00, 0x00, 0x00, 0x00, 0x00, 0x00, 0x00, 0x00, 0x00,
  0x00, 0x00, 0x00, 0x00, 0x00, 0x00, 0x00, 0x00, 0x00, 0x00, 0x00, 0x00, 0x00, 0x00, 0x00, 0x00,
  0x00, 0x00, 0x00, 0x00, 0x00, 0x00, 0x00, 0x00, 0x00, 0x00, 0x00, 0x00, 0x00, 0x00, 0x00, 0x00,
  0x00, 0x00, 0x00, 0x00, 0x00, 0x00, 0x00, 0x00, 0x00, 0x00, 0x00, 0x00, 0x00, 0x00, 0x00, 0x00,
  0x00, 0x00, 0x00, 0x00, 0x00, 0x00, 0x00, 0x00, 0x00, 0x00, 0x00, 0x00, 0x00, 0x00, 0x00, 0x00,
  0x00, 0x00, 0x00, 0x00, 0x00, 0x00, 0x00, 0x00, 0x00, 0x00, 0x00, 0x00, 0x00, 0x00, 0x00, 0x00,
  0x00, 0x00, 0x00, 0x00, 0x00, 0x00, 0x00, 0x00, 0x00, 0x00, 0x00, 0x00, 0x00, 0x00, 0x00, 0x00,
  0x00, 0x00, 0x00, 0x00, 0x00, 0x00, 0x00, 0x00, 0x00, 0x00, 0x00, 0x00, 0x00, 0x00, 0x00, 0x00,
  0x00, 0x00, 0x00, 0x00, 0x00, 0x00, 0x00, 0x00, 0x00, 0x00, 0x00, 0x00, 0x00, 0x00, 0x00, 0x00,
  0x00, 0x00, 0x00, 0x00, 0x00, 0x00, 0x00, 0x00, 0x00, 0x00, 0x00, 0x00, 0x00, 0x00, 0x00, 0x00,
  0x00, 0x00, 0x00, 0x00, 0x00, 0x00, 0x00, 0x00, 0x00, 0x00, 0x00, 0x00, 0x00, 0x00, 0x00, 0x00,
  0x00, 0x00, 0x00, 0x00, 0x00, 0x00, 0x00, 0x00, 0x00, 0x00, 0x00, 0x00, 0x00, 0x00, 0x00, 0x00,
  0x00, 0x00, 0x00, 0x00, 0x00, 0x00, 0x00, 0x00, 0x00, 0x00, 0x00, 0x00, 0x00, 0x00, 0x00, 0x00,
  0x00, 0x00, 0x00, 0x00, 0x00, 0x00, 0x00, 0x00, 0x00, 0x00, 0x00, 0x00, 0x00, 0x00, 0x00, 0x00,
  0x00, 0x00, 0x00, 0x00, 0x00, 0x00, 0x00, 0x00, 0x00, 0x00, 0x00, 0x00, 0x00, 0x00, 0x00, 0x00,
  0x00, 0x00, 0x00, 0x00, 0x00, 0x00, 0x00, 0x00, 0x00, 0x00, 0x00, 0x00, 0x00, 0x00, 0x00, 0x00,
  0x00, 0x00, 0x00, 0x00, 0x00, 0x00, 0x00, 0x00, 0x00, 0x00, 0x00, 0x00, 0x00, 0x00, 0x00, 0x00,
  0x00, 0x00, 0x00, 0x00, 0x00, 0x00, 0x00, 0x00, 0x00, 0x00, 0x00, 0x00, 0x00, 0x00, 0x00, 0x00,
  0x00, 0x00, 0x00, 0x00, 0x00, 0x00, 0x00, 0x00, 0x00, 0x00, 0x00, 0x00, 0x00, 0x00, 0x00, 0x00,
  0x00, 0x00, 0x00, 0x00, 0x00, 0x00, 0x00, 0x00, 0x00, 0x00, 0x00, 0x00, 0x00, 0x00, 0x00, 0x00,
  0x00, 0x00, 0x00, 0x00, 0x00, 0x00, 0x00, 0x00, 0x00, 0x00, 0x00, 0x00, 0x00, 0x00, 0x00, 0x00,
  0x00, 0x00, 0x00, 0x00, 0x00, 0x00, 0x00, 0x00, 0x00, 0x00, 0x00, 0x00, 0x00, 0x00, 0x00, 0x00,
  0x1e, 0xff, 0x00, 0x00, 0x00, 0x00, 0x00, 0x00, 0x00, 0x00, 0x00, 0x00, 0x00, 0x00, 0x00, 0x00,
  0x00, 0x00, 0x00, 0x00, 0x00, 0x00, 0x00, 0x00, 0x00, 0x00, 0x00, 0x00, 0x00, 0x00, 0x00, 0x00,
  0x00, 0x00, 0x00, 0x00, 0x00, 0x00, 0x00, 0x00, 0x00, 0x00, 0x00, 0x00, 0xff, 0xff, 0x00, 0x00,
  0x00, 0x00, 0x00, 0x00, 0x00, 0x00, 0x00, 0x00, 0x00, 0x00, 0x00, 0x00, 0x00, 0x00, 0x00, 0x00,
  0x00, 0x00, 0x00, 0x00, 0x00, 0x00, 0x00, 0x00, 0x00, 0x00, 0x00, 0x00, 0x00, 0x00, 0x00, 0x00,
  0x00, 0x00, 0x00, 0x00, 0x00, 0x00, 0x00, 0x00, 0x00, 0x00, 0x00, 0x00, 0x00, 0x00, 0x00, 0x00,
  0x00, 0x00, 0x00, 0x00, 0x00, 0x00, 0x00, 0x00, 0x00, 0x00, 0x00, 0x00, 0x00, 0x00, 0x00, 0x00,
  0x00, 0x00, 0x00, 0x00, 0x00, 0x00, 0x00, 0x00, 0x00, 0x00, 0x00, 0x00, 0x00, 0x00, 0x00, 0x00,
  0x00, 0x00, 0x00, 0x00, 0x00, 0x00, 0x00, 0x00, 0x00, 0x00, 0x00, 0x00, 0x00, 0x00, 0x00, 0x00,
  0x00, 0x00, 0x00, 0x00, 0x00, 0x00, 0x00, 0x00, 0x00, 0x00, 0x00, 0x00, 0x00, 0x00, 0x00, 0x00,
  0x00, 0x00, 0x00, 0x00, 0x00, 0x00, 0x00, 0x00, 0x00, 0x00, 0x00, 0x00, 0x00, 0x00, 0x00, 0x00,
  0x00, 0x00, 0x00, 0x00, 0x00, 0x00, 0x00, 0x00, 0x00, 0x00, 0x00, 0x00, 0x00, 0x00, 0x00, 0x00,
  0xac, 0x9e, 0x06, 0x00, 0xb4, 0x9e, 0x06, 0x00, 0xbc, 0x9e, 0x06, 0x00, 0xc4, 0x9e, 0x06, 0x00,
  0xcc, 0x9e, 0x06, 0x00, 0xd4, 0x9e, 0x06, 0x00, 0xdc, 0x9e, 0x06, 0x00, 0xe4, 0x9e, 0x06, 0x00,
  0xec, 0x9e, 0x06, 0x00, 0xf4, 0x9e, 0x06, 0x00, 0xfc, 0x9e, 0x06, 0x00, 0x04, 0x9f, 0x06, 0x00,
  0x0c, 0x9f, 0x06, 0x00, 0x14, 0x9f, 0x06, 0x00, 0x1c, 0x9f, 0x06, 0x00, 0x24, 0x9f, 0x06, 0x00,
  0xb0, 0x9e, 0x06, 0x00, 0xb8, 0x9e, 0x06, 0x00, 0xc0, 0x9e, 0x06, 0x00, 0xc8, 0x9e, 0x06, 0x00,
  0xd0, 0x9e, 0x06, 0x00, 0xd8, 0x9e, 0x06, 0x00, 0xe0, 0x9e, 0x06, 0x00, 0xe8, 0x9e, 0x06, 0x00,
  0xf0, 0x9e, 0x06, 0x00, 0xf8, 0x9e, 0x06, 0x00, 0x00, 0x9f, 0x06, 0x00, 0x08, 0x9f, 0x06, 0x00,
  0x10, 0x9f, 0x06, 0x00, 0x18, 0x9f, 0x06, 0x00, 0x20, 0x9f, 0x06, 0x00, 0x28, 0x9f, 0x06, 0x00,
  0x2c, 0x9f, 0x06, 0x00, 0x34, 0x9f, 0x06, 0x00, 0x3c, 0x9f, 0x06, 0x00, 0x44, 0x9f, 0x06, 0x00,
  0x4c, 0x9f, 0x06, 0x00, 0x54, 0x9f, 0x06, 0x00, 0x5c, 0x9f, 0x06, 0x00, 0x64, 0x9f, 0x06, 0x00,
  0x6c, 0x9f, 0x06, 0x00, 0x74, 0x9f, 0x06, 0x00, 0x7c, 0x9f, 0x06, 0x00, 0x84, 0x9f, 0x06, 0x00,
  0x8c, 0x9f, 0x06, 0x00, 0x94, 0x9f, 0x06, 0x00, 0x9c, 0x9f, 0x06, 0x00, 0xa4, 0x9f, 0x06, 0x00,
  0x30, 0x9f, 0x06, 0x00, 0x38, 0x9f, 0x06, 0x00, 0x40, 0x9f, 0x06, 0x00, 0x48, 0x9f, 0x06, 0x00,
  0x50, 0x9f, 0x06, 0x00, 0x58, 0x9f, 0x06, 0x00, 0x60, 0x9f, 0x06, 0x00, 0x68, 0x9f, 0x06, 0x00,
  0x70, 0x9f, 0x06, 0x00, 0x78, 0x9f, 0x06, 0x00, 0x80, 0x9f, 0x06, 0x00, 0x88, 0x9f, 0x06, 0x00,
  0x90, 0x9f, 0x06, 0x00, 0x98, 0x9f, 0x06, 0x00, 0xa0, 0x9f, 0x06, 0x00, 0xa8, 0x9f, 0x06, 0x00,
  0xac, 0x9f, 0x06, 0x00, 0xb4, 0x9f, 0x06, 0x00, 0xbc, 0x9f, 0x06, 0x00, 0xc4, 0x9f, 0x06, 0x00,
  0xcc, 0x9f, 0x06, 0x00, 0xd4, 0x9f, 0x06, 0x00, 0xdc, 0x9f, 0x06, 0x00, 0xe4, 0x9f, 0x06, 0x00,
  0xec, 0x9f, 0x06, 0x00, 0xf4, 0x9f, 0x06, 0x00, 0xfc, 0x9f, 0x06, 0x00, 0x04, 0xa0, 0x06, 0x00,
  0x0c, 0xa0, 0x06, 0x00, 0x14, 0xa0, 0x06, 0x00, 0x1c, 0xa0, 0x06, 0x00, 0x24, 0xa0, 0x06, 0x00,
  0xb0, 0x9f, 0x06, 0x00, 0xb8, 0x9f, 0x06, 0x00, 0xc0, 0x9f, 0x06, 0x00, 0xc8, 0x9f, 0x06, 0x00,
  0xd0, 0x9f, 0x06, 0x00, 0xd8, 0x9f, 0x06, 0x00, 0xe0, 0x9f, 0x06, 0x00, 0xe8, 0x9f, 0x06, 0x00,
  0xf0, 0x9f, 0x06, 0x00, 0xf8, 0x9f, 0x06, 0x00, 0x00, 0xa0, 0x06, 0x00, 0x08, 0xa0, 0x06, 0x00,
  0x10, 0xa0, 0x06, 0x00, 0x18, 0xa0, 0x06, 0x00, 0x20, 0xa0, 0x06, 0x00, 0x28, 0xa0, 0x06, 0x00,
  0xd4, 0x9d, 0x06, 0x00, 0xd8, 0x9d, 0x06, 0x00, 0xdc, 0x9d, 0x06, 0x00, 0xe0, 0x9d, 0x06, 0x00,
  0xe4, 0x9d, 0x06, 0x00, 0xe8, 0x9d, 0x06, 0x00, 0xec, 0x9d, 0x06, 0x00, 0xf0, 0x9d, 0x06, 0x00,
  0xf4, 0x9d, 0x06, 0x00, 0xf8, 0x9d, 0x06, 0x00, 0xfc, 0x9d, 0x06, 0x00, 0x00, 0x9e, 0x06, 0x00,
  0x04, 0x9e, 0x06, 0x00, 0x08, 0x9e, 0x06, 0x00, 0x0c, 0x9e, 0x06, 0x00, 0x10, 0x9e, 0x06, 0x00,
  0x14, 0x9e, 0x06, 0x00, 0x18, 0x9e, 0x06, 0x00, 0x8c, 0x9d, 0x06, 0x00, 0x90, 0x9d, 0x06, 0x00,
  0x94, 0x9d, 0x06, 0x00, 0x98, 0x9d, 0x06, 0x00, 0x9c, 0x9d, 0x06, 0x00, 0xa0, 0x9d, 0x06, 0x00,
  0xa4, 0x9d, 0x06, 0x00, 0xa8, 0x9d, 0x06, 0x00, 0xac, 0x9d, 0x06, 0x00, 0xb0, 0x9d, 0x06, 0x00,
  0xb4, 0x9d, 0x06, 0x00, 0xb8, 0x9d, 0x06, 0x00, 0xbc, 0x9d, 0x06, 0x00, 0xc0, 0x9d, 0x06, 0x00,
  0xc4, 0x9d, 0x06, 0x00, 0xc8, 0x9d, 0x06, 0x00, 0xcc, 0x9d, 0x06, 0x00, 0xd0, 0x9d, 0x06, 0x00,
  0x1c, 0x9e, 0x06, 0x00, 0x24, 0x9e, 0x06, 0x00, 0x2c, 0x9e, 0x06, 0x00, 0x34, 0x9e, 0x06, 0x00,
  0x3c, 0x9e, 0x06, 0x00, 0x44, 0x9e, 0x06, 0x00, 0x4c, 0x9e, 0x06, 0x00, 0x54, 0x9e, 0x06, 0x00,
  0x5c, 0x9e, 0x06, 0x00, 0x64, 0x9e, 0x06, 0x00, 0x6c, 0x9e, 0x06, 0x00, 0x74, 0x9e, 0x06, 0x00,
  0x7c, 0x9e, 0x06, 0x00, 0x84, 0x9e, 0x06, 0x00, 0x8c, 0x9e, 0x06, 0x00, 0x94, 0x9e, 0x06, 0x00,
  0x9c, 0x9e, 0x06, 0x00, 0xa4, 0x9e, 0x06, 0x00, 0x20, 0x9e, 0x06, 0x00, 0x28, 0x9e, 0x06, 0x00,
  0x30, 0x9e, 0x06, 0x00, 0x38, 0x9e, 0x06, 0x00, 0x40, 0x9e, 0x06, 0x00, 0x48, 0x9e, 0x06, 0x00,
  0x50, 0x9e, 0x06, 0x00, 0x58, 0x9e, 0x06, 0x00, 0x60, 0x9e, 0x06, 0x00, 0x68, 0x9e, 0x06, 0x00,
  0x70, 0x9e, 0x06, 0x00, 0x78, 0x9e, 0x06, 0x00, 0x80, 0x9e, 0x06, 0x00, 0x88, 0x9e, 0x06, 0x00,
  0x90, 0x9e, 0x06, 0x00, 0x98, 0x9e, 0x06, 0x00, 0xa0, 0x9e, 0x06, 0x00, 0xa8, 0x9e, 0x06, 0x00,
  0x00, 0x20, 0xd1, 0x00, 0x00, 0x04, 0x00, 0x00, 0x00, 0x00, 0x00, 0x00, 0x00, 0x00, 0x00, 0x00,
  0x00, 0x24, 0xd1, 0x00, 0x00, 0x02, 0x00, 0x00, 0x00, 0x00, 0x00, 0x00, 0x00, 0x00, 0x00, 0x00,
  0x00, 0x26, 0xd1, 0x00, 0x00, 0x02, 0x00, 0x00, 0x00, 0x00, 0x00, 0x00, 0x00, 0x00, 0x00, 0x00,
  0x00, 0x28, 0xd1, 0x00, 0x00, 0x08, 0x00, 0x00, 0x00, 0x00, 0x00, 0x00, 0x00, 0x00, 0x00, 0x00,
  0x00, 0x30, 0xd1, 0x00, 0x00, 0x08, 0x00, 0x00, 0x00, 0x00, 0x00, 0x00, 0x00, 0x00, 0x00, 0x00,
  0x00, 0x38, 0xd1, 0x00, 0x00, 0x08, 0x00, 0x00, 0x00, 0x00, 0x00, 0x00, 0x00, 0x00, 0x00, 0x00,
  0x00, 0x40, 0xd1, 0x00, 0xc8, 0x00, 0x00, 0x00, 0x00, 0x00, 0x00, 0x00, 0x00, 0x00, 0x00, 0x00,
  0xc8, 0x40, 0xd1, 0x00, 0x00, 0x04, 0x00, 0x00, 0x00, 0x00, 0x00, 0x00, 0x00, 0x00, 0x00, 0x00,
  0x00, 0x00, 0x00, 0x00, 0x00, 0x00, 0x00, 0x00, 0x00, 0x00, 0x00, 0x00, 0x00, 0x00, 0x00, 0x00,
  0x00, 0x00, 0x00, 0x00, 0x00, 0x00, 0x00, 0x00, 0x00, 0x00, 0x00, 0x00, 0x00, 0x00, 0x00, 0x00,
  0x00, 0x00, 0x00, 0x00, 0x00, 0x00, 0x00, 0x00, 0x00, 0x00, 0x00, 0x00, 0x00, 0x00, 0x00, 0x00,
  0x00, 0x00, 0x00, 0x00, 0x00, 0x00, 0x00, 0x00, 0x00, 0x00, 0x00, 0x00, 0x00, 0x00, 0x00, 0x00,
  0x00, 0x00, 0x00, 0x00, 0x00, 0x00, 0x00, 0x00, 0x00, 0x00, 0x00, 0x00, 0x00, 0x00, 0x00, 0x00,
  0x00, 0x00, 0x00, 0x00, 0x00, 0x00, 0x00, 0x00, 0x00, 0x00, 0x00, 0x00, 0x00, 0x00, 0x00, 0x00,
  0x00, 0x00, 0x00, 0x00, 0x00, 0x00, 0x00, 0x00, 0x00, 0x00, 0x00, 0x00, 0x00, 0x00, 0x00, 0x00,
  0x00, 0x00, 0x00, 0x00, 0x00, 0x00, 0x00, 0x00, 0x00, 0x00, 0x00, 0x00, 0x00, 0x00, 0x00, 0x00,
  0x00, 0x00, 0x00, 0x00, 0x00, 0x00, 0x00, 0x00, 0x00, 0x00, 0x00, 0x00, 0x00, 0x00, 0x00, 0x00,
  0x00, 0x00, 0x00, 0x00, 0x00, 0x00, 0x00, 0x00, 0x00, 0x00, 0x00, 0x00, 0x00, 0x00, 0x00, 0x00,
  0x00, 0x00, 0x00, 0x00, 0x00, 0x00, 0x00, 0x00, 0x00, 0x00, 0x00, 0x00, 0x00, 0x00, 0x00, 0x00,
  0x00, 0x00, 0x00, 0x00, 0x00, 0x00, 0x00, 0x00, 0x00, 0x00, 0x00, 0x00, 0x00, 0x00, 0x00, 0x00,
  0x00, 0x00, 0x00, 0x00, 0x00, 0x00, 0x00, 0x00, 0x00, 0x00, 0x00, 0x00, 0x00, 0x00, 0x00, 0x00,
  0x00, 0x00, 0x00, 0x00, 0x00, 0x00, 0x00, 0x00, 0x00, 0x00, 0x00, 0x00, 0x00, 0x00, 0x00, 0x00,
  0x00, 0x00, 0x00, 0x00, 0x00, 0x00, 0x00, 0x00, 0x00, 0x00, 0x00, 0x00, 0x00, 0x00, 0x00, 0x00,
  0x00, 0x00, 0x00, 0x00, 0x00, 0x00, 0x00, 0x00, 0x00, 0x00, 0x00, 0x00, 0x00, 0x00, 0x00, 0x00,
  0x00, 0x00, 0x00, 0x00, 0x00, 0x00, 0x00, 0x00, 0x00, 0x00, 0x00, 0x00, 0x00, 0x00, 0x00, 0x00,
  0x00, 0x00, 0x00, 0x00, 0x00, 0x00, 0x00, 0x00, 0x00, 0x00, 0x00, 0x00, 0x00, 0x00, 0x00, 0x00,
  0x00, 0x00, 0x00, 0x00, 0x00, 0x00, 0x00, 0x00, 0x00, 0x00, 0x00, 0x00, 0x00, 0x00, 0x00, 0x00,
  0x00, 0x00, 0x00, 0x00, 0x00, 0x00, 0x00, 0x00, 0x00, 0x00, 0x00, 0x00, 0x00, 0x00, 0x00, 0x00,
  0x00, 0x00, 0x00, 0x00, 0x00, 0x00, 0x00, 0x00, 0x00, 0x00, 0x00, 0x00, 0x00, 0x00, 0x00, 0x00,
  0x00, 0x00, 0x00, 0x00, 0x00, 0x00, 0x00, 0x00, 0x00, 0x00, 0x00, 0x00, 0x00, 0x00, 0x00, 0x00,
  0x00, 0x00, 0x00, 0x00, 0x00, 0x00, 0x00, 0x00, 0x00, 0x00, 0x00, 0x00, 0x00, 0x00, 0x00, 0x00,
  0x00, 0x00, 0x00, 0x00, 0x00, 0x00, 0x00, 0x00, 0x00, 0x00, 0x00, 0x00, 0x00, 0x00, 0x00, 0x00,
  0x00, 0x00, 0x00, 0x00, 0x00, 0x00, 0x00, 0x00, 0x00, 0x00, 0x00, 0x00, 0x00, 0x00, 0x00, 0x00,
  0x00, 0x00, 0x00, 0x00, 0x00, 0x00, 0x00, 0x00, 0x00, 0x00, 0x00, 0x00, 0x00, 0x00, 0x00, 0x00,
  0x00, 0x00, 0x00, 0x00, 0x00, 0x00, 0x00, 0x00, 0x00, 0x00, 0x00, 0x00, 0x00, 0x00, 0x00, 0x00,
  0x00, 0x00, 0x00, 0x00, 0x00, 0x00, 0x00, 0x00, 0x00, 0x00, 0x00, 0x00, 0x00, 0x00, 0x00, 0x00,
  0x00, 0x00, 0x00, 0x00, 0x00, 0x00, 0x00, 0x00, 0x00, 0x00, 0x00, 0x00, 0x00, 0x00, 0x00, 0x00,
  0x00, 0x00, 0x00, 0x00, 0x00, 0x00, 0x00, 0x00, 0x00, 0x00, 0x00, 0x00, 0x00, 0x00, 0x00, 0x00,
  0x00, 0x00, 0x00, 0x00, 0x00, 0x00, 0x00, 0x00, 0x00, 0x00, 0x00, 0x00, 0x00, 0x00, 0x00, 0x00,
  0x00, 0x00, 0x00, 0x00, 0x00, 0x00, 0x00, 0x00, 0x00, 0x00, 0x00, 0x00, 0x00, 0x00, 0x00, 0x00,
  0x00, 0x00, 0x00, 0x00, 0x00, 0x00, 0x00, 0x00, 0x00, 0x00, 0x00, 0x00, 0x00, 0x00, 0x00, 0x00,
  0x00, 0x00, 0x00, 0x00, 0x00, 0x00, 0x00, 0x00, 0x00, 0x00, 0x00, 0x00, 0x00, 0x00, 0x00, 0x00,
  0x00, 0x00, 0x00, 0x00, 0x00, 0x00, 0x00, 0x00, 0x00, 0x00, 0x00, 0x00, 0x00, 0x00, 0x00, 0x00,
  0x00, 0x00, 0x00, 0x00, 0x00, 0x00, 0x00, 0x00, 0x00, 0x00, 0x00, 0x00, 0x00, 0x00, 0x00, 0x00,
  0x00, 0x00, 0x00, 0x00, 0x00, 0x00, 0x00, 0x00, 0x00, 0x00, 0x00, 0x00, 0x00, 0x00, 0x00, 0x00,
  0x00, 0x00, 0x00, 0x00, 0x00, 0x00, 0x00, 0x00, 0x00, 0x00, 0x00, 0x00, 0x00, 0x00, 0x00, 0x00,
  0x00, 0x00, 0x00, 0x00, 0x00, 0x00, 0x00, 0x00, 0x00, 0x00, 0x00, 0x00, 0x00, 0x00, 0x00, 0x00,
  0x00, 0x00, 0x00, 0x00, 0x00, 0x00, 0x00, 0x00, 0x00, 0x00, 0x00, 0x00, 0x00, 0x00, 0x00, 0x00,
  0x00, 0x00, 0x00, 0x00, 0x00, 0x00, 0x00, 0x00, 0x00, 0x00, 0x00, 0x00, 0x00, 0x00, 0x00, 0x00,
  0x00, 0x00, 0x00, 0x00, 0x00, 0x00, 0x00, 0x00, 0x00, 0x00, 0x00, 0x00, 0x00, 0x00, 0x00, 0x00,
  0x00, 0x00, 0x00, 0x00, 0x00, 0x00, 0x00, 0x00, 0x00, 0x00, 0x00, 0x00, 0x00, 0x00, 0x00, 0x00,
  0x00, 0x00, 0x00, 0x00, 0x00, 0x00, 0x00, 0x00, 0x00, 0x00, 0x00, 0x00, 0x00, 0x00, 0x00, 0x00,
  0x00, 0x00, 0x00, 0x00, 0x00, 0x00, 0x00, 0x00, 0x00, 0x00, 0x00, 0x00, 0x00, 0x00, 0x00, 0x00,
  0x00, 0x00, 0x00, 0x00, 0x00, 0x00, 0x00, 0x00, 0x00, 0x00, 0x00, 0x00, 0x00, 0x00, 0x00, 0x00,
  0x00, 0x00, 0x00, 0x00, 0x00, 0x00, 0x00, 0x00, 0x00, 0x00, 0x00, 0x00, 0x00, 0x00, 0x00, 0x00,
  0x00, 0x00, 0x00, 0x00, 0x00, 0x00, 0x00, 0x00, 0x00, 0x00, 0x00, 0x00, 0x00, 0x00, 0x00, 0x00,
  0x00, 0x00, 0x00, 0x00, 0x00, 0x00, 0x00, 0x00, 0x00, 0x00, 0x00, 0x00, 0x00, 0x00, 0x00, 0x00,
  0x00, 0x00, 0x00, 0x00, 0x00, 0x00, 0x00, 0x00, 0x00, 0x00, 0x00, 0x00, 0x00, 0x00, 0x00, 0x00,
  0x00, 0x00, 0x00, 0x00, 0x00, 0x00, 0x00, 0x00, 0x00, 0x00, 0x00, 0x00, 0x00, 0x00, 0x00, 0x00,
  0x00, 0x00, 0x00, 0x00, 0x00, 0x00, 0x00, 0x00, 0x00, 0x00, 0x00, 0x00, 0x00, 0x00, 0x00, 0x00,
  0x00, 0x00, 0x00, 0x00, 0x00, 0x00, 0x00, 0x00, 0x00, 0x00, 0x00, 0x00, 0x00, 0x00, 0x00, 0x00,
  0x00, 0x00, 0x00, 0x00, 0x00, 0x00, 0x00, 0x00, 0x00, 0x00, 0x00, 0x00, 0x00, 0x00, 0x00, 0x00,
  0x00, 0x00, 0x00, 0x00, 0x00, 0x00, 0x00, 0x00, 0x00, 0x00, 0x00, 0x00, 0x00, 0x00, 0x00, 0x00,
  0x00, 0x00, 0x00, 0x00, 0x00, 0x00, 0x00, 0x00, 0x00, 0x00, 0x00, 0x00, 0x00, 0x00, 0x00, 0x00,
  0x00, 0x00, 0x00, 0x00, 0x00, 0x00, 0x00, 0x00, 0x00, 0x00, 0x00, 0x00, 0x00, 0x00, 0x00, 0x00,
  0x00, 0x00, 0x00, 0x00, 0x00, 0x00, 0x00, 0x00, 0x00, 0x00, 0x00, 0x00, 0x00, 0x00, 0x00, 0x00,
  0x00, 0x00, 0x00, 0x00, 0x00, 0x00, 0x00, 0x00, 0x00, 0x00, 0x00, 0x00, 0x00, 0x00, 0x00, 0x00,
  0x00, 0x00, 0x00, 0x00, 0x00, 0x00, 0x00, 0x00, 0x00, 0x00, 0x00, 0x00, 0x00, 0x00, 0x00, 0x00,
  0x00, 0x00, 0x00, 0x00, 0x00, 0x00, 0x00, 0x00, 0x00, 0x00, 0x00, 0x00, 0x00, 0x00, 0x00, 0x00,
  0x00, 0x00, 0x00, 0x00, 0x00, 0x00, 0x00, 0x00, 0x00, 0x00, 0x00, 0x00, 0x00, 0x00, 0x00, 0x00,
  0x00, 0x00, 0x00, 0x00, 0x00, 0x00, 0x00, 0x00, 0x00, 0x00, 0x00, 0x00, 0x00, 0x00, 0x00, 0x00,
  0x00, 0x00, 0x00, 0x00, 0x00, 0x00, 0x00, 0x00, 0x00, 0x00, 0x00, 0x00, 0x00, 0x00, 0x00, 0x00,
  0x00, 0x00, 0x00, 0x00, 0x00, 0x00, 0x00, 0x00, 0x00, 0x00, 0x00, 0x00, 0x00, 0x00, 0x00, 0x00,
  0x00, 0x00, 0x00, 0x00, 0x00, 0x00, 0x00, 0x00, 0x00, 0x00, 0x00, 0x00, 0x00, 0x00, 0x00, 0x00,
  0x00, 0x00, 0x00, 0x00, 0x00, 0x00, 0x00, 0x00, 0x00, 0x00, 0x00, 0x00, 0x00, 0x00, 0x00, 0x00,
  0x00, 0x00, 0x00, 0x00, 0x00, 0x00, 0x00, 0x00, 0x00, 0x00, 0x00, 0x00, 0x00, 0x00, 0x00, 0x00,
  0x00, 0x00, 0x00, 0x00, 0x00, 0x00, 0x00, 0x00, 0x00, 0x00, 0x00, 0x00, 0x00, 0x00, 0x00, 0x00,
  0x00, 0x00, 0x00, 0x00, 0x00, 0x00, 0x00, 0x00, 0x00, 0x00, 0x00, 0x00, 0x00, 0x00, 0x00, 0x00,
  0x00, 0x00, 0x00, 0x00, 0x00, 0x00, 0x00, 0x00, 0x00, 0x00, 0x00, 0x00, 0x00, 0x00, 0x00, 0x00,
  0x00, 0x00, 0x00, 0x00, 0x00, 0x00, 0x00, 0x00, 0x00, 0x00, 0x00, 0x00, 0x00, 0x00, 0x00, 0x00,
  0x00, 0x00, 0x00, 0x00, 0x00, 0x00, 0x00, 0x00, 0x00, 0x00, 0x00, 0x00, 0x00, 0x00, 0x00, 0x00,
  0x00, 0x00, 0x00, 0x00, 0x00, 0x00, 0x00, 0x00, 0x00, 0x00, 0x00, 0x00, 0x00, 0x00, 0x00, 0x00,
  0x00, 0x00, 0x00, 0x00, 0x00, 0x00, 0x00, 0x00, 0x00, 0x00, 0x00, 0x00, 0x00, 0x00, 0x00, 0x00,
  0x00, 0x00, 0x00, 0x00, 0x00, 0x00, 0x00, 0x00, 0x00, 0x00, 0x00, 0x00, 0x00, 0x00, 0x00, 0x00,
  0x00, 0x00, 0x00, 0x00, 0x00, 0x00, 0x00, 0x00, 0x00, 0x00, 0x00, 0x00, 0x00, 0x00, 0x00, 0x00,
  0x00, 0x00, 0x00, 0x00, 0x00, 0x00, 0x00, 0x00, 0x00, 0x00, 0x00, 0x00, 0x00, 0x00, 0x00, 0x00,
  0x00, 0x00, 0x00, 0x00, 0x00, 0x00, 0x00, 0x00, 0x00, 0x00, 0x00, 0x00, 0x00, 0x00, 0x00, 0x00,
  0x00, 0x00, 0x00, 0x00, 0x00, 0x00, 0x00, 0x00, 0x00, 0x00, 0x00, 0x00, 0x00, 0x00, 0x00, 0x00,
  0x00, 0x00, 0x00, 0x00, 0x00, 0x00, 0x00, 0x00, 0x00, 0x00, 0x00, 0x00, 0x00, 0x00, 0x00, 0x00,
  0x00, 0x00, 0x00, 0x00, 0x00, 0x00, 0x00, 0x00, 0x00, 0x00, 0x00, 0x00, 0x00, 0x00, 0x00, 0x00,
  0x00, 0x00, 0x00, 0x00, 0x00, 0x00, 0x00, 0x00, 0x00, 0x00, 0x00, 0x00, 0x00, 0x00, 0x00, 0x00,
  0x00, 0x00, 0x00, 0x00, 0x00, 0x00, 0x00, 0x00, 0x00, 0x00, 0x00, 0x00, 0x00, 0x00, 0x00, 0x00,
  0x00, 0x00, 0x00, 0x00, 0x00, 0x00, 0x00, 0x00, 0x00, 0x00, 0x00, 0x00, 0x00, 0x00, 0x00, 0x00,
  0x00, 0x00, 0x00, 0x00, 0x00, 0x00, 0x00, 0x00, 0x00, 0x00, 0x00, 0x00, 0x00, 0x00, 0x00, 0x00,
  0x00, 0x00, 0x00, 0x00, 0x00, 0x00, 0x00, 0x00, 0x00, 0x00, 0x00, 0x00, 0x00, 0x00, 0x00, 0x00,
  0x00, 0x00, 0x00, 0x00, 0x00, 0x00, 0x00, 0x00, 0x00, 0x00, 0x00, 0x00, 0x00, 0x00, 0x00, 0x00,
  0x00, 0x00, 0x00, 0x00, 0x00, 0x00, 0x00, 0x00, 0x00, 0x00, 0x00, 0x00, 0x00, 0x00, 0x00, 0x00,
  0x00, 0x00, 0x00, 0x00, 0x00, 0x00, 0x00, 0x00, 0x00, 0x00, 0x00, 0x00, 0x00, 0x00, 0x00, 0x00,
  0x00, 0x00, 0x00, 0x00, 0x00, 0x00, 0x00, 0x00, 0x00, 0x00, 0x00, 0x00, 0x00, 0x00, 0x00, 0x00,
  0x00, 0x00, 0x00, 0x00, 0x00, 0x00, 0x00, 0x00, 0x00, 0x00, 0x00, 0x00, 0x00, 0x00, 0x00, 0x00,
  0x00, 0x00, 0x00, 0x00, 0x00, 0x00, 0x00, 0x00, 0x00, 0x00, 0x00, 0x00, 0x00, 0x00, 0x00, 0x00,
  0x00, 0x00, 0x00, 0x00, 0x00, 0x00, 0x00, 0x00, 0x00, 0x00, 0x00, 0x00, 0x00, 0x00, 0x00, 0x00,
  0x00, 0x00, 0x00, 0x00, 0x00, 0x00, 0x00, 0x00, 0x00, 0x00, 0x00, 0x00, 0x00, 0x00, 0x00, 0x00,
  0x00, 0x00, 0x00, 0x00, 0x00, 0x00, 0x00, 0x00, 0x00, 0x00, 0x00, 0x00, 0x00, 0x00, 0x00, 0x00,
  0x00, 0x00, 0x00, 0x00, 0x00, 0x00, 0x00, 0x00, 0x00, 0x00, 0x00, 0x00, 0x00, 0x00, 0x00, 0x00,
  0x00, 0x00, 0x00, 0x00, 0x00, 0x00, 0x00, 0x00, 0x00, 0x00, 0x00, 0x00, 0x00, 0x00, 0x00, 0x00,
  0x00, 0x00, 0x00, 0x00, 0x00, 0x00, 0x00, 0x00, 0x00, 0x00, 0x00, 0x00, 0x00, 0x00, 0x00, 0x00,
  0x00, 0x00, 0x00, 0x00, 0x00, 0x00, 0x00, 0x00, 0x00, 0x00, 0x00, 0x00, 0x00, 0x00, 0x00, 0x00,
  0x00, 0x00, 0x00, 0x00, 0x00, 0x00, 0x00, 0x00, 0x00, 0x00, 0x00, 0x00, 0x00, 0x00, 0x00, 0x00,
  0x00, 0x00, 0x00, 0x00, 0x00, 0x00, 0x00, 0x00, 0x00, 0x00, 0x00, 0x00, 0x00, 0x00, 0x00, 0x00,
  0x00, 0x00, 0x00, 0x00, 0x00, 0x00, 0x00, 0x00, 0x00, 0x00, 0x00, 0x00, 0x00, 0x00, 0x00, 0x00,
  0x00, 0x00, 0x00, 0x00, 0x00, 0x00, 0x00, 0x00, 0x00, 0x00, 0x00, 0x00, 0x00, 0x00, 0x00, 0x00,
  0x00, 0x00, 0x00, 0x00, 0x00, 0x00, 0x00, 0x00, 0x00, 0x00, 0x00, 0x00, 0x00, 0x00, 0x00, 0x00,
  0x00, 0x00, 0x00, 0x00, 0x00, 0x00, 0x00, 0x00, 0x00, 0x00, 0x00, 0x00, 0x00, 0x00, 0x00, 0x00,
  0x00, 0x00, 0x00, 0x00, 0x00, 0x00, 0x00, 0x00, 0x00, 0x00, 0x00, 0x00, 0x00, 0x00, 0x00, 0x00,
  0x00, 0x00, 0x00, 0x00, 0x00, 0x00, 0x00, 0x00, 0x00, 0x00, 0x00, 0x00, 0x00, 0x00, 0x00, 0x00,
  0x00, 0x00, 0x00, 0x00, 0x00, 0x00, 0x00, 0x00, 0x00, 0x00, 0x00, 0x00, 0x00, 0x00, 0x00, 0x00,
  0x00, 0x00, 0x00, 0x00, 0x00, 0x00, 0x00, 0x00, 0x00, 0x00, 0x00, 0x00, 0x00, 0x00, 0x00, 0x00,
  0x00, 0x00, 0x00, 0x00, 0x00, 0x00, 0x00, 0x00, 0x00, 0x00, 0x00, 0x00, 0x00, 0x00, 0x00, 0x00,
  0x00, 0x00, 0x00, 0x00, 0x00, 0x00, 0x00, 0x00, 0x00, 0x00, 0x00, 0x00, 0x00, 0x00, 0x00, 0x00,
  0x00, 0x00, 0x00, 0x00, 0x00, 0x00, 0x00, 0x00, 0x00, 0x00, 0x00, 0x00, 0x00, 0x00, 0x00, 0x00,
  0x00, 0x00, 0x00, 0x00, 0x00, 0x00, 0x00, 0x00, 0x00, 0x00, 0x00, 0x00, 0x00, 0x00, 0x00, 0x00,
  0x00, 0x00, 0x00, 0x00, 0x00, 0x00, 0x00, 0x00, 0x00, 0x00, 0x00, 0x00, 0x00, 0x00, 0x00, 0x00,
  0x00, 0x00, 0x00, 0x00, 0x00, 0x00, 0x00, 0x00, 0x00, 0x00, 0x00, 0x00, 0x00, 0x00, 0x00, 0x00,
  0x00, 0x00, 0x00, 0x00, 0x00, 0x00, 0x00, 0x00, 0x00, 0x00, 0x00, 0x00, 0x00, 0x00, 0x00, 0x00,
  0x00, 0x00, 0x00, 0x00, 0x00, 0x00, 0x00, 0x00, 0x00, 0x00, 0x00, 0x00, 0x00, 0x00, 0x00, 0x00,
  0x00, 0x00, 0x00, 0x00, 0x00, 0x00, 0x00, 0x00, 0x00, 0x00, 0x00, 0x00, 0x00, 0x00, 0x00, 0x00,
  0x00, 0x00, 0x00, 0x00, 0x00, 0x00, 0x00, 0x00, 0x00, 0x00, 0x00, 0x00, 0x00, 0x00, 0x00, 0x00,
  0x00, 0x00, 0x00, 0x00, 0x00, 0x00, 0x00, 0x00, 0x00, 0x00, 0x00, 0x00, 0x00, 0x00, 0x00, 0x00,
  0x00, 0x00, 0x00, 0x00, 0x00, 0x00, 0x00, 0x00, 0x00, 0x00, 0x00, 0x00, 0x00, 0x00, 0x00, 0x00,
  0x00, 0x00, 0x00, 0x00, 0x00, 0x00, 0x00, 0x00, 0x00, 0x00, 0x00, 0x00, 0x00, 0x00, 0x00, 0x00,
  0x00, 0x00, 0x00, 0x00, 0x00, 0x00, 0x00, 0x00, 0x00, 0x00, 0x00, 0x00, 0x00, 0x00, 0x00, 0x00,
  0x00, 0x00, 0x00, 0x00, 0x00, 0x00, 0x00, 0x00, 0x00, 0x00, 0x00, 0x00, 0x00, 0x00, 0x00, 0x00,
  0x00, 0x00, 0x00, 0x00, 0x00, 0x00, 0x00, 0x00, 0x00, 0x00, 0x00, 0x00, 0x00, 0x00, 0x00, 0x00,
  0x00, 0x00, 0x00, 0x00, 0x00, 0x00, 0x00, 0x00, 0x00, 0x00, 0x00, 0x00, 0x00, 0x00, 0x00, 0x00,
  0x00, 0x00, 0x00, 0x00, 0x00, 0x00, 0x00, 0x00, 0x00, 0x00, 0x00, 0x00, 0x00, 0x00, 0x00, 0x00,
  0x00, 0x00, 0x00, 0x00, 0x00, 0x00, 0x00, 0x00, 0x00, 0x00, 0x00, 0x00, 0x00, 0x00, 0x00, 0x00,
  0x00, 0x00, 0x00, 0x00, 0x00, 0x00, 0x00, 0x00, 0x00, 0x00, 0x00, 0x00, 0x00, 0x00, 0x00, 0x00,
  0x00, 0x00, 0x00, 0x00, 0x00, 0x00, 0x00, 0x00, 0x00, 0x00, 0x00, 0x00, 0x00, 0x00, 0x00, 0x00,
  0x00, 0x00, 0x00, 0x00, 0x00, 0x00, 0x00, 0x00, 0x00, 0x00, 0x00, 0x00, 0x00, 0x00, 0x00, 0x00,
  0x00, 0x00, 0x00, 0x00, 0x00, 0x00, 0x00, 0x00, 0x00, 0x00, 0x00, 0x00, 0x00, 0x00, 0x00, 0x00,
  0x00, 0x00, 0x00, 0x00, 0x00, 0x00, 0x00, 0x00, 0x00, 0x00, 0x00, 0x00, 0x00, 0x00, 0x00, 0x00,
  0x00, 0x00, 0x00, 0x00, 0x00, 0x00, 0x00, 0x00, 0x00, 0x00, 0x00, 0x00, 0x00, 0x00, 0x00, 0x00,
  0x00, 0x00, 0x00, 0x00, 0x00, 0x00, 0x00, 0x00, 0x00, 0x00, 0x00, 0x00, 0x00, 0x00, 0x00, 0x00,
  0x00, 0x00, 0x00, 0x00, 0x00, 0x00, 0x00, 0x00, 0x00, 0x00, 0x00, 0x00, 0x00, 0x00, 0x00, 0x00,
  0x00, 0x00, 0x00, 0x00, 0x00, 0x00, 0x00, 0x00, 0x00, 0x00, 0x00, 0x00, 0x00, 0x00, 0x00, 0x00,
  0x00, 0x00, 0x00, 0x00, 0x00, 0x00, 0x00, 0x00, 0x00, 0x00, 0x00, 0x00, 0x00, 0x00, 0x00, 0x00,
  0x00, 0x00, 0x00, 0x00, 0x00, 0x00, 0x00, 0x00, 0x00, 0x00, 0x00, 0x00, 0x00, 0x00, 0x00, 0x00,
  0x00, 0x00, 0x00, 0x00, 0x00, 0x00, 0x00, 0x00, 0x00, 0x00, 0x00, 0x00, 0x00, 0x00, 0x00, 0x00,
  0x00, 0x00, 0x00, 0x00, 0x00, 0x00, 0x00, 0x00, 0x00, 0x00, 0x00, 0x00, 0x00, 0x00, 0x00, 0x00,
  0x00, 0x00, 0x00, 0x00, 0x00, 0x00, 0x00, 0x00, 0x00, 0x00, 0x00, 0x00, 0x00, 0x00, 0x00, 0x00,
  0x00, 0x00, 0x00, 0x00, 0x00, 0x00, 0x00, 0x00, 0x00, 0x00, 0x00, 0x00, 0x00, 0x00, 0x00, 0x00,
  0x00, 0x00, 0x00, 0x00, 0x00, 0x00, 0x00, 0x00, 0x00, 0x00, 0x00, 0x00, 0x00, 0x00, 0x00, 0x00,
  0x00, 0x00, 0x00, 0x00, 0x00, 0x00, 0x00, 0x00, 0x00, 0x00, 0x00, 0x00, 0x00, 0x00, 0x00, 0x00,
  0x00, 0x00, 0x00, 0x00, 0x00, 0x00, 0x00, 0x00, 0x00, 0x00, 0x00, 0x00, 0x00, 0x00, 0x00, 0x00,
  0x00, 0x00, 0x00, 0x00, 0x00, 0x00, 0x00, 0x00, 0x00, 0x00, 0x00, 0x00, 0x00, 0x00, 0x00, 0x00,
  0x00, 0x00, 0x00, 0x00, 0x00, 0x00, 0x00, 0x00, 0x00, 0x00, 0x00, 0x00, 0x00, 0x00, 0x00, 0x00,
  0x00, 0x00, 0x00, 0x00, 0x00, 0x00, 0x00, 0x00, 0x00, 0x00, 0x00, 0x00, 0x00, 0x00, 0x00, 0x00,
  0x00, 0x00, 0x00, 0x00, 0x00, 0x00, 0x00, 0x00, 0x00, 0x00, 0x00, 0x00, 0x00, 0x00, 0x00, 0x00,
  0x00, 0x00, 0x00, 0x00, 0x00, 0x00, 0x00, 0x00, 0x00, 0x00, 0x00, 0x00, 0x00, 0x00, 0x00, 0x00,
  0x00, 0x00, 0x00, 0x00, 0x00, 0x00, 0x00, 0x00, 0x00, 0x00, 0x00, 0x00, 0x00, 0x00, 0x00, 0x00,
  0x00, 0x00, 0x00, 0x00, 0x00, 0x00, 0x00, 0x00, 0x00, 0x00, 0x00, 0x00, 0x00, 0x00, 0x00, 0x00,
  0x00, 0x00, 0x00, 0x00, 0x00, 0x00, 0x00, 0x00, 0x00, 0x00, 0x00, 0x00, 0x00, 0x00, 0x00, 0x00,
  0x00, 0x00, 0x00, 0x00, 0x00, 0x00, 0x00, 0x00, 0x00, 0x00, 0x00, 0x00, 0x00, 0x00, 0x00, 0x00,
  0x00, 0x00, 0x00, 0x00, 0x00, 0x00, 0x00, 0x00, 0x00, 0x00, 0x00, 0x00, 0x00, 0x00, 0x00, 0x00,
  0x00, 0x00, 0x00, 0x00, 0x00, 0x00, 0x00, 0x00, 0x00, 0x00, 0x00, 0x00, 0x00, 0x00, 0x00, 0x00,
  0x00, 0x00, 0x00, 0x00, 0x00, 0x00, 0x00, 0x00, 0x00, 0x00, 0x00, 0x00, 0x00, 0x00, 0x00, 0x00,
  0x00, 0x00, 0x00, 0x00, 0x00, 0x00, 0x00, 0x00, 0x00, 0x00, 0x00, 0x00, 0x00, 0x00, 0x00, 0x00,
  0x00, 0x00, 0x00, 0x00, 0x00, 0x00, 0x00, 0x00, 0x00, 0x00, 0x00, 0x00, 0x00, 0x00, 0x00, 0x00,
  0x00, 0x00, 0x00, 0x00, 0x00, 0x00, 0x00, 0x00, 0x00, 0x00, 0x00, 0x00, 0x00, 0x00, 0x00, 0x00,
  0x00, 0x00, 0x00, 0x00, 0x00, 0x00, 0x00, 0x00, 0x00, 0x00, 0x00, 0x00, 0x00, 0x00, 0x00, 0x00,
  0x00, 0x00, 0x00, 0x00, 0x00, 0x00, 0x00, 0x00, 0x00, 0x00, 0x00, 0x00, 0x00, 0x00, 0x00, 0x00,
  0x00, 0x00, 0x00, 0x00, 0x00, 0x00, 0x00, 0x00, 0x00, 0x00, 0x00, 0x00, 0x00, 0x00, 0x00, 0x00,
  0x00, 0x00, 0x00, 0x00, 0x00, 0x00, 0x00, 0x00, 0x00, 0x00, 0x00, 0x00, 0x00, 0x00, 0x00, 0x00,
  0x00, 0x00, 0x00, 0x00, 0x00, 0x00, 0x00, 0x00, 0x00, 0x00, 0x00, 0x00, 0x00, 0x00, 0x00, 0x00,
  0x00, 0x00, 0x00, 0x00, 0x00, 0x00, 0x00, 0x00, 0x00, 0x00, 0x00, 0x00, 0x00, 0x00, 0x00, 0x00,
  0x00, 0x00, 0x00, 0x00, 0x00, 0x00, 0x00, 0x00, 0x00, 0x00, 0x00, 0x00, 0x00, 0x00, 0x00, 0x00,
  0x00, 0x00, 0x00, 0x00, 0x00, 0x00, 0x00, 0x00, 0x00, 0x00, 0x00, 0x00, 0x00, 0x00, 0x00, 0x00,
  0x00, 0x00, 0x00, 0x00, 0x00, 0x00, 0x00, 0x00, 0x00, 0x00, 0x00, 0x00, 0x00, 0x00, 0x00, 0x00,
  0x00, 0x00, 0x00, 0x00, 0x00, 0x00, 0x00, 0x00, 0x00, 0x00, 0x00, 0x00, 0x00, 0x00, 0x00, 0x00,
  0x00, 0x00, 0x00, 0x00, 0x00, 0x00, 0x00, 0x00, 0x00, 0x00, 0x00, 0x00, 0x00, 0x00, 0x00, 0x00,
  0x00, 0x00, 0x00, 0x00, 0x00, 0x00, 0x00, 0x00, 0x00, 0x00, 0x00, 0x00, 0x00, 0x00, 0x00, 0x00,
  0x00, 0x00, 0x00, 0x00, 0x00, 0x00, 0x00, 0x00, 0x00, 0x00, 0x00, 0x00, 0x00, 0x00, 0x00, 0x00,
  0x00, 0x00, 0x00, 0x00, 0x00, 0x00, 0x00, 0x00, 0x00, 0x00, 0x00, 0x00, 0x00, 0x00, 0x00, 0x00,
  0x00, 0x00, 0x00, 0x00, 0x00, 0x00, 0x00, 0x00, 0x00, 0x00, 0x00, 0x00, 0x00, 0x00, 0x00, 0x00,
  0x00, 0x00, 0x00, 0x00, 0x00, 0x00, 0x00, 0x00, 0x00, 0x00, 0x00, 0x00, 0x00, 0x00, 0x00, 0x00,
  0x00, 0x00, 0x00, 0x00, 0x00, 0x00, 0x00, 0x00, 0x00, 0x00, 0x00, 0x00, 0x00, 0x00, 0x00, 0x00,
  0x00, 0x00, 0x00, 0x00, 0x00, 0x00, 0x00, 0x00, 0x00, 0x00, 0x00, 0x00, 0x00, 0x00, 0x00, 0x00,
  0x00, 0x00, 0x00, 0x00, 0x00, 0x00, 0x00, 0x00, 0x00, 0x00, 0x00, 0x00, 0x00, 0x00, 0x00, 0x00,
  0x00, 0x00, 0x00, 0x00, 0x00, 0x00, 0x00, 0x00, 0x00, 0x00, 0x00, 0x00, 0x00, 0x00, 0x00, 0x00,
  0x00, 0x00, 0x00, 0x00, 0x00, 0x00, 0x00, 0x00, 0x00, 0x00, 0x00, 0x00, 0x00, 0x00, 0x00, 0x00,
  0x00, 0x00, 0x00, 0x00, 0x00, 0x00, 0x00, 0x00, 0x00, 0x00, 0x00, 0x00, 0x00, 0x00, 0x00, 0x00,
  0x00, 0x00, 0x00, 0x00, 0x00, 0x00, 0x00, 0x00, 0x00, 0x00, 0x00, 0x00, 0x00, 0x00, 0x00, 0x00,
  0x00, 0x00, 0x00, 0x00, 0x00, 0x00, 0x00, 0x00, 0x00, 0x00, 0x00, 0x00, 0x00, 0x00, 0x00, 0x00,
  0x00, 0x00, 0x00, 0x00, 0x00, 0x00, 0x00, 0x00, 0x00, 0x00, 0x00, 0x00, 0x00, 0x00, 0x00, 0x00,
  0x00, 0x00, 0x00, 0x00, 0x00, 0x00, 0x00, 0x00, 0x00, 0x00, 0x00, 0x00, 0x00, 0x00, 0x00, 0x00,
  0x00, 0x00, 0x00, 0x00, 0x00, 0x00, 0x00, 0x00, 0x00, 0x00, 0x00, 0x00, 0x00, 0x00, 0x00, 0x00,
  0x00, 0x00, 0x00, 0x00, 0x00, 0x00, 0x00, 0x00, 0x00, 0x00, 0x00, 0x00, 0x00, 0x00, 0x00, 0x00,
  0x00, 0x00, 0x00, 0x00, 0x00, 0x00, 0x00, 0x00, 0x00, 0x00, 0x00, 0x00, 0x00, 0x00, 0x00, 0x00,
  0x00, 0x00, 0x00, 0x00, 0x00, 0x00, 0x00, 0x00, 0x00, 0x00, 0x00, 0x00, 0x00, 0x00, 0x00, 0x00,
  0x00, 0x00, 0x00, 0x00, 0x00, 0x00, 0x00, 0x00, 0x00, 0x00, 0x00, 0x00, 0x00, 0x00, 0x00, 0x00,
  0x00, 0x00, 0x00, 0x00, 0x00, 0x00, 0x00, 0x00, 0x00, 0x00, 0x00, 0x00, 0x00, 0x00, 0x00, 0x00,
  0x20, 0x38, 0xd8, 0xee, 0x30, 0x74, 0x96, 0xd6, 0xdf, 0x87, 0x9c, 0x29, 0x94, 0x29, 0xef, 0xfb,
  0xd8, 0xf7, 0x3b, 0x5e, 0xf1, 0x27, 0xe1, 0x27, 0xa1, 0x50, 0x22, 0x8e, 0x03, 0xa4, 0x59, 0xf2,
  0xf6, 0xe5, 0xc2, 0xd1, 0x8a, 0x8c, 0x5b, 0xf8, 0x05, 0x13, 0x26, 0xeb, 0x56, 0xd3, 0x77, 0xa7,
  0x53, 0x63, 0x20, 0xf2, 0xee, 0x4c, 0xa2, 0x6b, 0x09, 0xdb, 0xfe, 0xb6, 0x03, 0xc6, 0xea, 0x73,
  0x40, 0x18, 0xdc, 0x45, 0xe8, 0xca, 0xee, 0xf2, 0x4c, 0xd7, 0x5a, 0x75, 0x7e, 0x96, 0xb1, 0x1a,
  0x65, 0xd8, 0x01, 0x87, 0x2f, 0x66, 0x58, 0x00, 0x45, 0x56, 0x23, 0x96, 0x5b, 0x7a, 0x7f, 0x07,
  0xd1, 0x44, 0x4b, 0xc5, 0xef, 0xc5, 0x3c, 0xb6, 0x3c, 0x16, 0xa8, 0x57, 0x9b, 0xbd, 0xee, 0x84,
  0x58, 0x3b, 0xd1, 0xa4, 0xde, 0xc6, 0x6d, 0xf1, 0xf1, 0x0e, 0x7a, 0xc2, 0xeb, 0x98, 0x9a, 0xe4,
  0xcb, 0xf5, 0x9f, 0x04, 0x18, 0x4d, 0x97, 0xc4, 0xea, 0x7b, 0x61, 0xd6, 0x42, 0xdc, 0xdc, 0xaf,
  0x5b, 0xfb, 0x69, 0xee, 0x0a, 0xa3, 0xa5, 0x20, 0xe7, 0x06, 0xbb, 0xef, 0x5c, 0x66, 0x2e, 0x11,
  0x5d, 0x32, 0xc6, 0x51, 0xba, 0xc6, 0x28, 0x23, 0xda, 0x4a, 0x96, 0xea, 0x73, 0x36, 0xe1, 0x5e,
  0xa4, 0x2f, 0x2f, 0x0c, 0xd0, 0x47, 0x0a, 0x38, 0x09, 0xa5, 0x47, 0x12, 0x84, 0x29, 0xe4, 0xa3,
  0x6b, 0xa4, 0x36, 0x0d, 0xbe, 0xf2, 0x65, 0x10, 0x5b, 0x4e, 0xbd, 0x1a, 0x0b, 0xac, 0xb7, 0x57,
  0x79, 0x2f, 0xa7, 0x0a, 0x29, 0x5c, 0x81, 0xf0, 0x6f, 0x42, 0x43, 0xb1, 0xb2, 0xe6, 0x45, 0xc4,
  0x46, 0x0d, 0x86, 0x0d, 0x63, 0xd8, 0xc1, 0x9d, 0xa0, 0xbb, 0x46, 0x8c, 0x63, 0x6b, 0xba, 0xcd,
  0xf1, 0xf2, 0x67, 0x66, 0xb3, 0x72, 0x01, 0xf5, 0x86, 0x68, 0x2e, 0x31, 0xd0, 0xca, 0x05, 0x02
};
