#define RLCV_IRAM_UCODE_SIZE 16384          /* size in DWORDs of only ucode (signing overhead not included) */
#define RLCV_IRAM_UCODE_SIZE_SIGNED_BYTES 66048 /* size in bytes of signed ucode */
#define RLCV_IRAM_UCODE_SIZE_SIGNED_BODY_OFFSET 256 /* size in bytes of signature header */
static unsigned char aRLCV_IRAM_UCODE[RLCV_IRAM_UCODE_SIZE_SIGNED_BYTES]={
0x0f, 0xd8, 0xf2, 0x11, 0x70, 0xb8, 0xa6, 0xe5, 0x18, 0x06, 0x2e, 0x22, 0x69, 0xaf, 0xa9, 0x86, 
0x24, 0x50, 0x53, 0x31, 0x00, 0x00, 0x01, 0x00, 0x00, 0x00, 0x00, 0x00, 0x00, 0x00, 0x00, 0x00, 
0x00, 0x00, 0x00, 0x00, 0x00, 0x00, 0x00, 0x00, 0x00, 0x00, 0x00, 0x00, 0x00, 0x00, 0x00, 0x00, 
0x01, 0x00, 0x00, 0x00, 0x00, 0x00, 0x00, 0x00, 0x29, 0x8b, 0x26, 0x88, 0x39, 0x74, 0x4d, 0x15, 
0xaf, 0xef, 0x32, 0xe0, 0x2e, 0x25, 0x43, 0x22, 0x00, 0x00, 0x00, 0x00, 0x01, 0x00, 0x00, 0x00, 
0x00, 0x00, 0x00, 0x00, 0x00, 0x00, 0x00, 0x00, 0x4e, 0x20, 0x01, 0x81, 0x00, 0x00, 0x00, 0x00, 
0x00, 0x10, 0x01, 0x01, 0xff, 0xff, 0xff, 0xff, 0x00, 0x00, 0x00, 0x00, 0x00, 0x02, 0x01, 0x00, 
0x00, 0x00, 0x00, 0x00, 0x00, 0x00, 0x00, 0x00, 0x00, 0x00, 0x00, 0x00, 0x00, 0x00, 0x00, 0x00, 
0x00, 0x00, 0x00, 0x00, 0x00, 0x00, 0x00, 0x00, 0x00, 0x00, 0x00, 0x00, 0x00, 0x00, 0x00, 0x00, 
0x00, 0x00, 0x00, 0x00, 0x00, 0x00, 0x00, 0x00, 0x00, 0x00, 0x00, 0x00, 0x00, 0x00, 0x00, 0x00, 
0x00, 0x00, 0x00, 0x00, 0x00, 0x00, 0x00, 0x00, 0x00, 0x00, 0x00, 0x00, 0x00, 0x00, 0x00, 0x00, 
0x00, 0x00, 0x00, 0x00, 0x00, 0x00, 0x00, 0x00, 0x00, 0x00, 0x00, 0x00, 0x00, 0x00, 0x00, 0x00, 
0x00, 0x00, 0x00, 0x00, 0x00, 0x00, 0x00, 0x00, 0x00, 0x00, 0x00, 0x00, 0x00, 0x00, 0x00, 0x00, 
0x3f, 0xfd, 0x5d, 0xad, 0x84, 0x69, 0x7f, 0x1a, 0x2a, 0xf7, 0xd8, 0xd0, 0x1d, 0x23, 0x45, 0x94, 
0x42, 0xea, 0x02, 0xb6, 0xb7, 0x74, 0xee, 0x48, 0x89, 0xa7, 0x74, 0x6c, 0x99, 0xb8, 0x27, 0x5d, 
0x00, 0x00, 0x00, 0x00, 0x00, 0x00, 0x00, 0x00, 0x00, 0x00, 0x00, 0x00, 0x00, 0x00, 0x00, 0x00, 
0x06, 0x09, 0x00, 0x00, 0x00, 0x04, 0x00, 0x40, 0x2f, 0x11, 0x22, 0x22, 0x00, 0x00, 0x00, 0xe0, 
0x63, 0x00, 0x00, 0x40, 0x00, 0x00, 0x00, 0x00, 0x38, 0x48, 0x00, 0x40, 0x10, 0x89, 0xff, 0x3f, 
0x00, 0x00, 0x00, 0x00, 0x00, 0x00, 0x00, 0x00, 0x0c, 0x00, 0x00, 0xe4, 0x13, 0x21, 0xf5, 0xff, 
0x20, 0xe7, 0x13, 0x21, 0xf5, 0xff, 0x51, 0xf5, 0xff, 0x61, 0xf5, 0xff, 0x0c, 0x03, 0x7d, 0x02, 
0x50, 0x66, 0x10, 0x06, 0x07, 0x00, 0x00, 0x00, 0x00, 0x00, 0x00, 0x00, 0x00, 0x00, 0x00, 0x00, 
0x40, 0x63, 0x50, 0x00, 0x20, 0x00, 0x3d, 0xf0, 0x3d, 0xf0, 0x50, 0x33, 0xc0, 0xb6, 0xb3, 0x14, 
0x70, 0x74, 0x41, 0x70, 0x40, 0x34, 0x67, 0x13, 0xe6, 0x40, 0x63, 0x50, 0x50, 0x33, 0xc0, 0xf6, 
0xb3, 0xed, 0x00, 0x20, 0x00, 0x51, 0xe5, 0xff, 0x0c, 0x03, 0x7d, 0x02, 0x70, 0x40, 0x34, 0x40, 
0xe3, 0x50, 0x50, 0x33, 0xc0, 0x70, 0x74, 0x41, 0xf6, 0xb3, 0xf0, 0x30, 0x20, 0x00, 0x21, 0xe1, 
0xff, 0x16, 0x82, 0x00, 0xc0, 0x02, 0x00, 0x02, 0xa0, 0x00, 0x56, 0xf2, 0xff, 0x12, 0xa0, 0x01, 
0x10, 0x49, 0x13, 0x00, 0x48, 0x13, 0x10, 0x20, 0x00, 0x0c, 0x00, 0x41, 0xdb, 0xff, 0x40, 0xd2, 
0x13, 0x51, 0xda, 0xff, 0x49, 0x05, 0x05, 0x66, 0x00, 0x00, 0x00, 0x00, 0x00, 0x00, 0x00, 0x00, 
0x00, 0x00, 0x00, 0x00, 0x00, 0x00, 0x00, 0x00, 0x00, 0x00, 0x00, 0x00, 0x00, 0x00, 0x00, 0x00, 
0x00, 0x00, 0x00, 0x00, 0x00, 0x00, 0x00, 0x00, 0x00, 0x00, 0x00, 0x00, 0x00, 0x00, 0x00, 0x00, 
0x00, 0x00, 0x00, 0x00, 0x00, 0x00, 0x00, 0x00, 0x00, 0x00, 0x00, 0x00, 0x00, 0x00, 0x00, 0x00, 
0x00, 0x00, 0x00, 0x00, 0x00, 0x00, 0x00, 0x00, 0x00, 0x00, 0x00, 0x00, 0x00, 0x00, 0x00, 0x00, 
0x00, 0x00, 0x00, 0x00, 0x00, 0x00, 0x00, 0x00, 0x00, 0x00, 0x00, 0x00, 0x00, 0x00, 0x00, 0x00, 
0x00, 0x00, 0x00, 0x00, 0x00, 0x00, 0x00, 0x00, 0x00, 0x00, 0x00, 0x00, 0x00, 0x00, 0x00, 0x00, 
0x00, 0x00, 0x00, 0x00, 0x00, 0x00, 0x00, 0x00, 0x00, 0x00, 0x00, 0x00, 0x00, 0x00, 0x00, 0x00, 
0x00, 0x00, 0x00, 0x00, 0x00, 0x00, 0x00, 0x00, 0x00, 0x00, 0x00, 0x00, 0x00, 0x00, 0x00, 0x00, 
0x00, 0x00, 0x00, 0x00, 0x00, 0x00, 0x00, 0x00, 0x00, 0x00, 0x00, 0x00, 0x00, 0x00, 0x00, 0x00, 
0x00, 0x00, 0x00, 0x00, 0x00, 0x00, 0x00, 0x00, 0x00, 0x00, 0x00, 0x00, 0x00, 0x00, 0x00, 0x00, 
0x00, 0x00, 0x00, 0x00, 0x00, 0x00, 0x00, 0x00, 0x00, 0x00, 0x00, 0x00, 0x00, 0x00, 0x00, 0x00, 
0x00, 0x00, 0x00, 0x00, 0x00, 0x00, 0x00, 0x00, 0x00, 0x00, 0x00, 0x00, 0x00, 0x00, 0x00, 0x00, 
0x00, 0x00, 0x00, 0x00, 0x00, 0x00, 0x00, 0x00, 0x00, 0x00, 0x00, 0x00, 0x00, 0x00, 0x00, 0x00, 
0x00, 0x00, 0x00, 0x00, 0x00, 0x00, 0x00, 0x00, 0x00, 0x00, 0x00, 0x00, 0x00, 0x00, 0x00, 0x00, 
0x00, 0x00, 0x00, 0x00, 0x00, 0x00, 0x00, 0x00, 0x00, 0x00, 0x00, 0x00, 0x00, 0x00, 0x00, 0x00, 
0x00, 0x00, 0x00, 0x00, 0x00, 0x00, 0x00, 0x00, 0x00, 0x00, 0x00, 0x00, 0x00, 0x00, 0x00, 0x00, 
0x00, 0x00, 0x00, 0x00, 0x00, 0x00, 0x00, 0x00, 0x00, 0x00, 0x00, 0x00, 0x00, 0x00, 0x00, 0x00, 
0x00, 0x00, 0x00, 0x00, 0x00, 0x00, 0x00, 0x00, 0x00, 0x00, 0x00, 0x00, 0x00, 0x00, 0x00, 0x00, 
0x00, 0x00, 0x00, 0x00, 0x00, 0x00, 0x00, 0x00, 0x00, 0x00, 0x00, 0x00, 0x00, 0x00, 0x00, 0x00, 
0x00, 0x00, 0x00, 0x00, 0x00, 0x00, 0x00, 0x00, 0x00, 0x00, 0x00, 0x00, 0x00, 0x00, 0x00, 0x00, 
0x00, 0x00, 0x00, 0x00, 0x00, 0x00, 0x00, 0x00, 0x00, 0x00, 0x00, 0x00, 0x00, 0x00, 0x00, 0x00, 
0x00, 0x00, 0x00, 0x00, 0x00, 0x00, 0x00, 0x00, 0x00, 0x00, 0x00, 0x00, 0x00, 0x00, 0x00, 0x00, 
0x00, 0x00, 0x00, 0x00, 0x00, 0x00, 0x00, 0x00, 0x00, 0x00, 0x00, 0x00, 0x00, 0x00, 0x00, 0x00, 
0x00, 0x00, 0x00, 0x00, 0x00, 0x00, 0x00, 0x00, 0x00, 0x00, 0x00, 0x00, 0x00, 0x00, 0x00, 0x00, 
0x00, 0x00, 0x00, 0x00, 0x00, 0x00, 0x00, 0x00, 0x00, 0x00, 0x00, 0x00, 0x00, 0x00, 0x00, 0x00, 
0x00, 0x00, 0x00, 0x00, 0x00, 0x00, 0x00, 0x00, 0x00, 0x00, 0x00, 0x00, 0x00, 0x00, 0x00, 0x00, 
0x00, 0x00, 0x00, 0x00, 0x00, 0x00, 0x00, 0x00, 0x00, 0x00, 0x00, 0x00, 0x00, 0x00, 0x00, 0x00, 
0x00, 0x00, 0x00, 0x00, 0x00, 0x00, 0x00, 0x00, 0x00, 0x00, 0x00, 0x00, 0x00, 0x00, 0x00, 0x00, 
0x00, 0x00, 0x00, 0x00, 0x00, 0x00, 0x00, 0x00, 0x00, 0x00, 0x00, 0x00, 0x00, 0x00, 0x00, 0x00, 
0x00, 0x00, 0x00, 0x00, 0x00, 0x00, 0x00, 0x00, 0x00, 0x00, 0x00, 0x00, 0x00, 0x00, 0x00, 0x00, 
0x00, 0x00, 0x00, 0x00, 0x00, 0x00, 0x00, 0x00, 0x00, 0x00, 0x00, 0x00, 0x00, 0x00, 0x00, 0x00, 
0x00, 0x00, 0x00, 0x00, 0x00, 0x00, 0x00, 0x00, 0x00, 0x00, 0x00, 0x00, 0x00, 0x00, 0x00, 0x00, 
0x00, 0x00, 0x00, 0x00, 0x00, 0x00, 0x00, 0x00, 0x00, 0x00, 0x00, 0x00, 0x00, 0x00, 0x00, 0x00, 
0x00, 0x00, 0x00, 0x00, 0x00, 0x00, 0x00, 0x00, 0x00, 0x00, 0x00, 0x00, 0x00, 0x00, 0x00, 0x00, 
0x00, 0x00, 0x00, 0x00, 0x00, 0x00, 0x00, 0x00, 0x00, 0x00, 0x00, 0x00, 0x00, 0x00, 0x00, 0x00, 
0x00, 0x00, 0x00, 0x00, 0x00, 0x00, 0x00, 0x00, 0x00, 0x00, 0x00, 0x00, 0x00, 0x00, 0x00, 0x00, 
0x00, 0x00, 0x00, 0x00, 0x00, 0x00, 0x00, 0x00, 0x00, 0x00, 0x00, 0x00, 0x00, 0x00, 0x00, 0x00, 
0x00, 0x00, 0x00, 0x00, 0x00, 0x00, 0x00, 0x00, 0x00, 0x00, 0x00, 0x00, 0x00, 0x00, 0x00, 0x00, 
0x00, 0x00, 0x00, 0x00, 0x00, 0x00, 0x00, 0x00, 0x00, 0x00, 0x00, 0x00, 0x00, 0x00, 0x00, 0x00, 
0x00, 0x00, 0x00, 0x00, 0x00, 0x00, 0x00, 0x00, 0x00, 0x00, 0x00, 0x00, 0x00, 0x00, 0x00, 0x00, 
0x00, 0x00, 0x00, 0x00, 0x00, 0x00, 0x00, 0x00, 0x00, 0x00, 0x00, 0x00, 0x00, 0x00, 0x00, 0x00, 
0x00, 0x00, 0x00, 0x00, 0x00, 0x00, 0x00, 0x00, 0x00, 0x00, 0x00, 0x00, 0x00, 0x00, 0x00, 0x00, 
0x00, 0x00, 0x00, 0x00, 0x00, 0x00, 0x00, 0x00, 0x00, 0x00, 0x00, 0x00, 0x00, 0x00, 0x00, 0x00, 
0x00, 0x00, 0x00, 0x00, 0x00, 0x00, 0x00, 0x00, 0x00, 0x00, 0x00, 0x00, 0x00, 0x00, 0x00, 0x00, 
0x00, 0x00, 0x00, 0x00, 0x00, 0x00, 0x00, 0x00, 0x00, 0x00, 0x00, 0x00, 0x00, 0x00, 0x00, 0x00, 
0x00, 0x00, 0x00, 0x00, 0x00, 0x00, 0x00, 0x00, 0x00, 0x00, 0x00, 0x00, 0x00, 0x00, 0x00, 0x00, 
0x00, 0x00, 0x00, 0x00, 0x00, 0x00, 0x00, 0x00, 0x00, 0x00, 0x00, 0x00, 0x00, 0x00, 0x00, 0x00, 
0x00, 0x00, 0x00, 0x00, 0x00, 0x00, 0x00, 0x00, 0x00, 0x00, 0x00, 0x00, 0x00, 0x00, 0x00, 0x00, 
0x00, 0x00, 0x00, 0x00, 0x00, 0x00, 0x00, 0x00, 0x00, 0x00, 0x00, 0x00, 0x00, 0x00, 0x00, 0x00, 
0x00, 0x00, 0x00, 0x00, 0x00, 0x00, 0x00, 0x00, 0x00, 0x00, 0x00, 0x00, 0x00, 0x00, 0x00, 0x00, 
0x00, 0x00, 0x00, 0x00, 0x00, 0x00, 0x00, 0x00, 0x00, 0x00, 0x00, 0x00, 0x00, 0x00, 0x00, 0x00, 
0x00, 0x00, 0x00, 0x00, 0x00, 0x00, 0x00, 0x00, 0x00, 0x00, 0x00, 0x00, 0x00, 0x00, 0x00, 0x00, 
0x00, 0xc5, 0x49, 0x10, 0xd5, 0x49, 0x20, 0xe5, 0x49, 0x30, 0xf5, 0x49, 0x00, 0x34, 0x00, 0x00, 
0x28, 0x41, 0x38, 0x51, 0x48, 0x61, 0x12, 0xc1, 0x60, 0x00, 0xd1, 0x13, 0x00, 0x48, 0x03, 0xf0, 
0x80, 0x40, 0x20, 0xe6, 0x03, 0x20, 0x38, 0x34, 0x40, 0x33, 0x30, 0x46, 0x08, 0x00, 0x00, 0x00, 
0x00, 0x00, 0x00, 0x00, 0x00, 0x00, 0x00, 0x00, 0x00, 0x00, 0x00, 0x00, 0x00, 0x00, 0x00, 0x00, 
0x00, 0xc5, 0x09, 0x10, 0xd5, 0x09, 0x20, 0xe5, 0x09, 0x30, 0xf5, 0x09, 0x00, 0x35, 0x00, 0x00, 
0x40, 0xd1, 0x03, 0x80, 0x33, 0x11, 0x30, 0x22, 0x30, 0x20, 0xe6, 0x13, 0x10, 0x20, 0x00, 0xf7, 
0x74, 0xdd, 0xf0, 0x80, 0x40, 0xe7, 0x78, 0x57, 0xf0, 0x80, 0x40, 0x46, 0x34, 0x00, 0x00, 0x00, 
0x00, 0x00, 0x00, 0x00, 0x00, 0x00, 0x00, 0x00, 0x00, 0x00, 0x00, 0x00, 0x00, 0x00, 0x00, 0x00, 
0x00, 0xc9, 0x49, 0x00, 0xd1, 0x09, 0x10, 0xd9, 0x49, 0x20, 0xe9, 0x49, 0x30, 0xf9, 0x49, 0x40, 
0x80, 0x49, 0x50, 0x90, 0x49, 0x60, 0xa0, 0x49, 0x70, 0xb0, 0x49, 0x00, 0x34, 0x00, 0x00, 0x00, 
0x00, 0x00, 0x00, 0x00, 0x00, 0x00, 0x00, 0x00, 0x00, 0x00, 0x00, 0x00, 0x00, 0x00, 0x00, 0x00, 
0x00, 0x00, 0x00, 0x00, 0x00, 0x00, 0x00, 0x00, 0x00, 0x00, 0x00, 0x00, 0x00, 0x00, 0x00, 0x00, 
0x00, 0xc9, 0x09, 0x10, 0xd9, 0x09, 0x20, 0xe9, 0x09, 0x70, 0xd1, 0x09, 0x30, 0xf9, 0x09, 0x40, 
0x87, 0x09, 0x50, 0x97, 0x09, 0x60, 0xa7, 0x09, 0x70, 0xb7, 0x09, 0x00, 0x35, 0x00, 0x00, 0x00, 
0x00, 0x00, 0x00, 0x00, 0x00, 0x00, 0x00, 0x00, 0x00, 0x00, 0x00, 0x00, 0x00, 0x00, 0x00, 0x00, 
0x00, 0x00, 0x00, 0x00, 0x00, 0x00, 0x00, 0x00, 0x00, 0x00, 0x00, 0x00, 0x00, 0x00, 0x00, 0x00, 
0x00, 0xcd, 0x49, 0x00, 0xd1, 0x09, 0x10, 0xdd, 0x49, 0x20, 0xed, 0x49, 0x30, 0xfd, 0x49, 0x40, 
0x40, 0x49, 0x50, 0x50, 0x49, 0x60, 0x60, 0x49, 0x70, 0x70, 0x49, 0x80, 0x80, 0x49, 0x90, 0x90, 
0x49, 0xa0, 0xa0, 0x49, 0xb0, 0xb0, 0x49, 0x00, 0x34, 0x00, 0x00, 0x00, 0x00, 0x00, 0x00, 0x00, 
0x00, 0x00, 0x00, 0x00, 0x00, 0x00, 0x00, 0x00, 0x00, 0x00, 0x00, 0x00, 0x00, 0x00, 0x00, 0x00, 
0x00, 0xcd, 0x09, 0x10, 0xdd, 0x09, 0x20, 0xed, 0x09, 0xb0, 0xd1, 0x09, 0x30, 0xfd, 0x09, 0x40, 
0x4b, 0x09, 0x50, 0x5b, 0x09, 0x60, 0x6b, 0x09, 0x70, 0x7b, 0x09, 0x80, 0x8b, 0x09, 0x90, 0x9b, 
0x09, 0xa0, 0xab, 0x09, 0xb0, 0xbb, 0x09, 0x00, 0x35, 0x00, 0x00, 0x00, 0x00, 0x00, 0x00, 0x00, 
0x00, 0x00, 0x00, 0x00, 0x00, 0x00, 0x00, 0x00, 0x00, 0x00, 0x00, 0x00, 0x00, 0x00, 0x00, 0x00, 
0x20, 0xd2, 0x61, 0xa0, 0x02, 0x00, 0x00, 0x00, 0x00, 0x00, 0x00, 0x00, 0x00, 0x00, 0x00, 0x00, 
0x00, 0x00, 0x00, 0x00, 0x00, 0x00, 0x00, 0x00, 0x00, 0x00, 0x00, 0x00, 0x00, 0x00, 0x00, 0x00, 
0x00, 0x00, 0x00, 0x00, 0x00, 0x00, 0x00, 0x00, 0x00, 0x00, 0x00, 0x00, 0x00, 0x00, 0x00, 0x00, 
0x00, 0x00, 0x00, 0x00, 0x00, 0x00, 0x00, 0x00, 0x00, 0x00, 0x00, 0x00, 0x00, 0x00, 0x00, 0x00, 
0x10, 0x33, 0x00, 0x00, 0x00, 0x00, 0x00, 0x00, 0x00, 0x00, 0x00, 0x00, 0x00, 0x00, 0x00, 0x00, 
0x00, 0x00, 0x00, 0x00, 0x00, 0x00, 0x00, 0x00, 0x00, 0x00, 0x00, 0x00, 0x00, 0x00, 0x00, 0x00, 
0x00, 0x00, 0x00, 0x00, 0x00, 0x00, 0x00, 0x00, 0x00, 0x00, 0x00, 0x00, 0x00, 0x00, 0x00, 0x00, 
0x00, 0x00, 0x00, 0x00, 0x00, 0x00, 0x00, 0x00, 0x00, 0x00, 0x00, 0x00, 0x00, 0x00, 0x00, 0x00, 
0x06, 0xff, 0xff, 0x00, 0x00, 0x00, 0x00, 0x00, 0x00, 0x00, 0x00, 0x00, 0x00, 0x00, 0x00, 0x00, 
0x00, 0x00, 0x00, 0x00, 0x00, 0x00, 0x00, 0x00, 0x00, 0x00, 0x00, 0x00, 0x00, 0x00, 0x00, 0x00, 
0x00, 0x00, 0x00, 0x00, 0x00, 0x00, 0x00, 0x00, 0x00, 0x00, 0x00, 0x00, 0x00, 0x00, 0x00, 0x00, 
0x00, 0x00, 0x00, 0x00, 0x00, 0x00, 0x00, 0x00, 0x00, 0x00, 0x00, 0x00, 0x00, 0x00, 0x00, 0x00, 
0x12, 0xc1, 0xa0, 0x29, 0x41, 0x39, 0x51, 0x31, 0xaa, 0xde, 0x20, 0xe8, 0x03, 0x30, 0x32, 0xa0, 
0x38, 0x03, 0x49, 0x61, 0xa0, 0x03, 0x00, 0x00, 0x00, 0x00, 0x00, 0x00, 0x00, 0x00, 0x00, 0x00, 
0x00, 0x00, 0x00, 0x00, 0x00, 0x00, 0x00, 0x00, 0x00, 0x00, 0x00, 0x00, 0x00, 0x00, 0x00, 0x00, 
0x00, 0x00, 0x00, 0x00, 0x00, 0x00, 0x00, 0x00, 0x00, 0x00, 0x00, 0x00, 0x00, 0x00, 0x00, 0x00, 
0x00, 0x00, 0x00, 0x00, 0x00, 0x00, 0x00, 0x00, 0x00, 0x00, 0x00, 0x00, 0x00, 0x00, 0x00, 0x00, 
0x00, 0x00, 0x00, 0x00, 0x00, 0x00, 0x00, 0x00, 0x00, 0x00, 0x00, 0x00, 0x00, 0x00, 0x00, 0x00, 
0x00, 0x00, 0x00, 0x00, 0x00, 0x00, 0x00, 0x00, 0x00, 0x00, 0x00, 0x00, 0x00, 0x00, 0x00, 0x00, 
0x00, 0x00, 0x00, 0x00, 0x00, 0x00, 0x00, 0x00, 0x00, 0x00, 0x00, 0x00, 0x00, 0x00, 0x00, 0x00, 
0x06, 0xff, 0xff, 0x00, 0x00, 0x00, 0x00, 0x00, 0x00, 0x00, 0x00, 0x00, 0x00, 0x00, 0x00, 0x00, 
0x00, 0x00, 0x00, 0x00, 0x00, 0x00, 0x00, 0x00, 0x00, 0x00, 0x00, 0x00, 0x00, 0x00, 0x00, 0x00, 
0x00, 0x00, 0x00, 0x00, 0x00, 0x00, 0x00, 0x00, 0x00, 0x00, 0x00, 0x00, 0x00, 0x00, 0x00, 0x00, 
0x00, 0x00, 0x00, 0x00, 0x00, 0x00, 0x00, 0x00, 0x00, 0x00, 0x00, 0x00, 0x00, 0x00, 0x00, 0x00, 
0x36, 0x81, 0x00, 0x81, 0x7c, 0xde, 0x3d, 0xf0, 0xe0, 0x08, 0x00, 0x81, 0x7b, 0xde, 0x3d, 0xf0, 
0xe0, 0x08, 0x00, 0x1d, 0xf0, 0x00, 0x00, 0x00, 0x0c, 0x00, 0x21, 0x78, 0xde, 0x11, 0x78, 0xde, 
0x16, 0x42, 0x00, 0xc0, 0x02, 0x00, 0x0c, 0x00, 0x31, 0x77, 0xde, 0x30, 0xe6, 0x13, 0x10, 0x20, 
0x00, 0x41, 0x75, 0xde, 0x16, 0x44, 0x00, 0xd0, 0x04, 0x00, 0x0c, 0x00, 0x61, 0x74, 0xde, 0x71, 
0x74, 0xde, 0x77, 0xb6, 0x46, 0x41, 0x73, 0xde, 0x16, 0xd4, 0x00, 0x61, 0x70, 0xde, 0x71, 0x70, 
0xde, 0xd0, 0x04, 0x00, 0x0c, 0x00, 0x86, 0x0c, 0x00, 0x88, 0x06, 0x98, 0x16, 0x8b, 0x66, 0x80, 
0xa9, 0xc0, 0x27, 0x6a, 0x03, 0x09, 0x08, 0x4b, 0x88, 0x37, 0x6a, 0x07, 0x02, 0x68, 0x00, 0x09, 
0x18, 0x82, 0xc8, 0x08, 0xa0, 0xa4, 0x41, 0x8c, 0xea, 0x0b, 0xaa, 0x09, 0x08, 0x09, 0x18, 0x09, 
0x28, 0x09, 0x38, 0x82, 0xc8, 0x10, 0x56, 0xfa, 0xfe, 0x77, 0x36, 0xcc, 0x55, 0x77, 0x04, 0x61, 
0x62, 0xde, 0x71, 0x62, 0xde, 0x68, 0x06, 0x81, 0x62, 0xde, 0x91, 0x62, 0xde, 0xa1, 0x62, 0xde, 
0x15, 0x7f, 0x04, 0x61, 0x5d, 0xde, 0x71, 0x5d, 0xde, 0x3d, 0xf0, 0x68, 0x06, 0x81, 0x5c, 0xde, 
0x95, 0x71, 0x03, 0xd5, 0x7f, 0x04, 0x00, 0x00, 0x36, 0x41, 0x00, 0x21, 0x5c, 0xde, 0x3d, 0xf0, 
0x32, 0x02, 0x00, 0xec, 0x43, 0x48, 0x12, 0x38, 0x04, 0x4b, 0x44, 0x16, 0x93, 0x00, 0x42, 0x62, 
0x01, 0xe0, 0x03, 0x00, 0x46, 0xfb, 0xff, 0x00, 0x31, 0x56, 0xde, 0xa1, 0x56, 0xde, 0x8c, 0x43, 
0x81, 0x54, 0xde, 0xe0, 0x08, 0x00, 0x0c, 0x13, 0x32, 0x42, 0x00, 0x1d, 0xf0, 0x00, 0x00, 0x00, 
0x36, 0x41, 0x00, 0x21, 0x51, 0xde, 0xa1, 0x4f, 0xde, 0xb1, 0x50, 0xde, 0x8c, 0x42, 0x81, 0x4e, 
0xde, 0xe0, 0x08, 0x00, 0x1d, 0xf0, 0x00, 0x00, 0x36, 0x81, 0x00, 0x40, 0x6f, 0x00, 0x0c, 0x72, 
0x51, 0x4c, 0xde, 0x40, 0x22, 0x01, 0x0c, 0x03, 0x39, 0x02, 0x58, 0x05, 0x40, 0xe6, 0x13, 0x10, 
0x20, 0x00, 0x40, 0x6f, 0x00, 0x61, 0x47, 0xde, 0x39, 0x02, 0x68, 0x06, 0x40, 0xe6, 0x13, 0x10, 
0x20, 0x00, 0xb1, 0x45, 0xde, 0x50, 0x86, 0x20, 0x0c, 0x04, 0x80, 0xa8, 0xf4, 0x49, 0x71, 0x0c, 
0x15, 0x0c, 0x06, 0x0c, 0x07, 0x0c, 0x04, 0x0c, 0x09, 0x0c, 0x08, 0xa9, 0x8b, 0xa0, 0xb0, 0x14, 
0x00, 0x16, 0x40, 0xd2, 0xcb, 0xfd, 0x00, 0xb5, 0xa1, 0x0c, 0x2e, 0xd0, 0xc3, 0x62, 0xd0, 0xb3, 
0x93, 0xa0, 0xf5, 0x10, 0xf0, 0xf5, 0x30, 0xa0, 0xa1, 0x41, 0x0b, 0xee, 0xfa, 0x44, 0x56, 0xfe, 
0xfe, 0xf8, 0x71, 0xd0, 0x89, 0x93, 0xb0, 0x77, 0x20, 0xca, 0xdf, 0x1b, 0x99, 0x4b, 0x66, 0xd9, 
0x71, 0x66, 0x39, 0xc8, 0x30, 0x6f, 0x00, 0x51, 0x31, 0xde, 0x0c, 0x0b, 0xb9, 0x02, 0x79, 0x05, 
0x30, 0xe6, 0x13, 0x10, 0x20, 0x00, 0x7c, 0x15, 0x80, 0x30, 0x24, 0x50, 0x57, 0x10, 0x70, 0x60, 
0x04, 0x50, 0x53, 0x90, 0x60, 0x57, 0x83, 0x92, 0xaf, 0x1f, 0xb0, 0xe3, 0x11, 0x90, 0x95, 0x10, 
0xea, 0x69, 0x50, 0xa4, 0x04, 0xf2, 0xab, 0x55, 0xa0, 0x65, 0x83, 0xf0, 0x9f, 0x90, 0x70, 0xc3, 
0x11, 0x90, 0x96, 0x10, 0xd1, 0x23, 0xde, 0xca, 0x59, 0x60, 0xa8, 0x04, 0xa0, 0x56, 0x83, 0xd0, 
0x95, 0x10, 0x30, 0xe3, 0x11, 0xf1, 0x1f, 0xde, 0xea, 0x69, 0x50, 0xac, 0x04, 0xa0, 0x65, 0x83, 
0xf0, 0x96, 0x10, 0xf0, 0xc3, 0x01, 0xd1, 0x1c, 0xde, 0xca, 0x59, 0x60, 0xa0, 0x05, 0xa0, 0x56, 
0x83, 0xb0, 0xe3, 0x01, 0xd0, 0x95, 0x10, 0xf1, 0x19, 0xde, 0x50, 0xa4, 0x05, 0xea, 0x69, 0xa0, 
0x65, 0x83, 0xf0, 0x56, 0x10, 0x70, 0x33, 0x01, 0x60, 0xa8, 0x05, 0x3a, 0x35, 0x7c, 0xfc, 0xa0, 
0x36, 0x83, 0xc0, 0x53, 0x41, 0xf1, 0x0c, 0xde, 0x30, 0xd8, 0x01, 0x50, 0x53, 0x10, 0x30, 0xec, 
0x05, 0xda, 0x55, 0xe0, 0x53, 0x83, 0x79, 0x6f, 0x59, 0x7f, 0x30, 0x6f, 0x00, 0x51, 0x0c, 0xde, 
0xb9, 0x02, 0x58, 0x05, 0x30, 0xe6, 0x13, 0x10, 0x20, 0x00, 0x30, 0x6f, 0x00, 0x61, 0x09, 0xde, 
0xb9, 0x02, 0x68, 0x06, 0x30, 0xe6, 0x13, 0x10, 0x20, 0x00, 0x50, 0x36, 0x20, 0xf2, 0xa0, 0xff, 
0x00, 0x5f, 0x11, 0x80, 0x63, 0x11, 0x30, 0x70, 0xf5, 0x50, 0x56, 0x10, 0x1c, 0x03, 0x7a, 0x55, 
0x0c, 0x16, 0x50, 0x76, 0x10, 0x70, 0x76, 0x30, 0x50, 0x51, 0x41, 0x0b, 0x33, 0xba, 0xb7, 0x56, 
0xf3, 0xfe, 0xb9, 0x41, 0xb1, 0xfd, 0xdd, 0x51, 0xfd, 0xdd, 0x0c, 0x36, 0x0c, 0x08, 0x0c, 0x1e, 
0x0c, 0x09, 0x0c, 0x07, 0x0c, 0x03, 0x0c, 0x0f, 0xd2, 0xa0, 0xff, 0x69, 0x61, 0x62, 0xdd, 0xe3, 
0x60, 0x77, 0x10, 0x0c, 0x26, 0x0c, 0x0a, 0x90, 0x77, 0x20, 0x99, 0x51, 0x92, 0xac, 0xff, 0x90, 
0x77, 0x10, 0xa0, 0x77, 0x20, 0xc0, 0x6f, 0x00, 0x91, 0xf2, 0xdd, 0x79, 0x0b, 0x89, 0x02, 0xd8, 
0x09, 0x89, 0x0b, 0xc0, 0xe6, 0x13, 0x10, 0x20, 0x00, 0xc0, 0x6f, 0x00, 0x91, 0xee, 0xdd, 0x79, 
0x0b, 0x89, 0x02, 0x98, 0x09, 0x89, 0x0b, 0xc0, 0xe6, 0x13, 0x10, 0x20, 0x00, 0xd0, 0x99, 0x20, 
0x0c, 0x5c, 0x90, 0xd0, 0xf5, 0xd0, 0x9e, 0x10, 0x90, 0x9e, 0x30, 0xd0, 0xd1, 0x41, 0x0b, 0xcc, 
0x3a, 0x39, 0x56, 0xfc, 0xfe, 0x90, 0x6f, 0x00, 0xc1, 0xe4, 0xdd, 0x79, 0x0b, 0x89, 0x02, 0xc8, 
0x0c, 0x89, 0x0b, 0x90, 0xe6, 0x13, 0x10, 0x20, 0x00, 0x90, 0x6f, 0x00, 0x79, 0x0b, 0x89, 0x02, 
0xd8, 0x05, 0x89, 0x0b, 0x90, 0xe6, 0x13, 0x10, 0x20, 0x00, 0xc0, 0x9d, 0x20, 0x90, 0xc4, 0x41, 
0x90, 0x95, 0x41, 0xc0, 0xce, 0x10, 0x90, 0x9e, 0x10, 0xc0, 0xce, 0x30, 0x90, 0x9e, 0x30, 0xfa, 
0xcc, 0x0b, 0x66, 0xa2, 0xda, 0x01, 0xca, 0xf9, 0x56, 0x06, 0xf7, 0x68, 0x61, 0x98, 0x51, 0x0b, 
0x66, 0x92, 0xd9, 0x04, 0x56, 0x06, 0xf5, 0x51, 0xc4, 0xdd, 0x28, 0x71, 0xd8, 0x41, 0x0c, 0x1e, 
0x29, 0x15, 0x49, 0x25, 0xd9, 0x55, 0x39, 0x35, 0xf9, 0x45, 0xe2, 0x45, 0x00, 0x1d, 0xf0, 0x00, 
0x36, 0x41, 0x00, 0x21, 0xbd, 0xdd, 0x32, 0x02, 0x00, 0xcc, 0x13, 0xe5, 0xda, 0xff, 0x28, 0x12, 
0x1d, 0xf0, 0x00, 0x00, 0x36, 0x41, 0x00, 0x21, 0xb8, 0xdd, 0x32, 0x02, 0x00, 0xcc, 0x13, 0xa5, 
0xd9, 0xff, 0x28, 0x22, 0x1d, 0xf0, 0x00, 0x00, 0x36, 0x41, 0x00, 0x21, 0xb3, 0xdd, 0x32, 0x02, 
0x00, 0xcc, 0x13, 0x65, 0xd8, 0xff, 0x28, 0x32, 0x1d, 0xf0, 0x00, 0x00, 0x36, 0x41, 0x00, 0x21, 
0xae, 0xdd, 0x32, 0x02, 0x00, 0xcc, 0x13, 0x25, 0xd7, 0xff, 0x28, 0x42, 0x1d, 0xf0, 0x00, 0x00, 
0x36, 0x41, 0x00, 0x21, 0xa9, 0xdd, 0x32, 0x02, 0x00, 0xcc, 0x13, 0xe5, 0xd5, 0xff, 0x28, 0x52, 
0x1d, 0xf0, 0x00, 0x00, 0x36, 0x41, 0x00, 0x31, 0xa4, 0xdd, 0x42, 0x03, 0x00, 0xcc, 0x14, 0xa5, 
0xd4, 0xff, 0x60, 0x6f, 0x00, 0x0c, 0x74, 0x40, 0x44, 0x01, 0x0c, 0x05, 0x59, 0x04, 0x9c, 0xa2, 
0x21, 0xab, 0xdd, 0x78, 0x83, 0x79, 0x02, 0x60, 0xe6, 0x13, 0x10, 0x20, 0x00, 0x20, 0x6f, 0x00, 
0xf1, 0x9b, 0xdd, 0x59, 0x04, 0x38, 0x73, 0x39, 0x0f, 0x86, 0x05, 0x00, 0x21, 0x98, 0xdd, 0x38, 
0x63, 0x39, 0x02, 0x60, 0xe6, 0x13, 0x10, 0x20, 0x00, 0x20, 0x6f, 0x00, 0x31, 0xa0, 0xdd, 0x59, 
0x04, 0x59, 0x03, 0x20, 0xe6, 0x13, 0x10, 0x20, 0x00, 0x1d, 0xf0, 0x00, 0x36, 0x41, 0x00, 0x31, 
0x8e, 0xdd, 0x42, 0x03, 0x00, 0xcc, 0x14, 0x25, 0xcf, 0xff, 0x38, 0x63, 0xe0, 0x22, 0x11, 0x00, 
0x02, 0x40, 0x30, 0x20, 0x91, 0x20, 0x20, 0x04, 0x1d, 0xf0, 0x00, 0x00, 0x36, 0x41, 0x00, 0x41, 
0x94, 0xdd, 0x51, 0x94, 0xdd, 0x7c, 0xe7, 0x62, 0x04, 0x00, 0x9c, 0x46, 0x68, 0x05, 0x70, 0x76, 
0x10, 0x61, 0x91, 0xdd, 0x79, 0x05, 0x78, 0x06, 0x47, 0xe7, 0xfa, 0x0c, 0x06, 0x62, 0x44, 0x00, 
0x69, 0x84, 0x71, 0x8e, 0xdd, 0x0c, 0x86, 0x60, 0x22, 0x73, 0x39, 0x84, 0x29, 0x07, 0x28, 0x05, 
0x0c, 0x1f, 0xf0, 0x22, 0x20, 0x29, 0x05, 0xf2, 0x44, 0x00, 0x1d, 0xf0, 0x36, 0x41, 0x00, 0x41, 
0x84, 0xdd, 0x51, 0x84, 0xdd, 0x7c, 0xd7, 0x62, 0x04, 0x04, 0x9c, 0x46, 0x68, 0x05, 0x70, 0x76, 
0x10, 0x61, 0x81, 0xdd, 0x79, 0x05, 0x78, 0x06, 0x57, 0xe7, 0xfa, 0x0c, 0x06, 0x62, 0x44, 0x04, 
0x69, 0x94, 0x71, 0x7f, 0xdd, 0x0c, 0x86, 0x60, 0x22, 0x73, 0x39, 0x94, 0x29, 0x07, 0x28, 0x05, 
0x0c, 0x2e, 0x0c, 0x1f, 0xe0, 0x22, 0x20, 0x29, 0x05, 0xf2, 0x44, 0x04, 0x1d, 0xf0, 0x00, 0x00, 
0x36, 0x41, 0x00, 0x41, 0x73, 0xdd, 0x51, 0x73, 0xdd, 0x7c, 0xb7, 0x62, 0x04, 0x08, 0x9c, 0x46, 
0x68, 0x05, 0x70, 0x76, 0x10, 0x61, 0x70, 0xdd, 0x79, 0x05, 0x78, 0x06, 0x67, 0xe7, 0xfa, 0x0c, 
0x06, 0x62, 0x44, 0x08, 0x69, 0xa4, 0x71, 0x6f, 0xdd, 0x0c, 0x86, 0x60, 0x22, 0x73, 0x39, 0xa4, 
0x29, 0x07, 0x28, 0x05, 0x0c, 0x4e, 0x0c, 0x1f, 0xe0, 0x22, 0x20, 0x29, 0x05, 0xf2, 0x44, 0x08, 
0x1d, 0xf0, 0x00, 0x00, 0x36, 0x41, 0x00, 0x41, 0x62, 0xdd, 0x51, 0x62, 0xdd, 0x7c, 0x77, 0x62, 
0x04, 0x0c, 0x9c, 0x46, 0x68, 0x05, 0x70, 0x76, 0x10, 0x61, 0x5f, 0xdd, 0x79, 0x05, 0x78, 0x06, 
0x77, 0xe7, 0xfa, 0x0c, 0x06, 0x62, 0x44, 0x0c, 0x69, 0xb4, 0x71, 0x5f, 0xdd, 0x0c, 0x86, 0x60, 
0x22, 0x73, 0x39, 0xb4, 0x29, 0x07, 0x28, 0x05, 0x0c, 0x1f, 0x60, 0x22, 0x20, 0x29, 0x05, 0xf2, 
0x44, 0x0c, 0x1d, 0xf0, 0x36, 0x41, 0x00, 0x41, 0x52, 0xdd, 0x51, 0x58, 0xdd, 0x7c, 0xe7, 0x62, 
0x04, 0x10, 0x0c, 0x0f, 0x8c, 0xa6, 0x68, 0x05, 0x70, 0x66, 0x10, 0x69, 0x05, 0xf2, 0x44, 0x10, 
0xf9, 0xc4, 0x61, 0x53, 0xdd, 0x39, 0xc4, 0x0c, 0x1f, 0x29, 0x06, 0x28, 0x05, 0xf0, 0x22, 0x20, 
0x29, 0x05, 0xf2, 0x44, 0x10, 0x1d, 0xf0, 0x00, 0x36, 0x41, 0x00, 0x41, 0x45, 0xdd, 0x51, 0x4b, 
0xdd, 0x7c, 0xd7, 0x62, 0x04, 0x14, 0x0c, 0x0f, 0x8c, 0xa6, 0x68, 0x05, 0x70, 0x66, 0x10, 0x69, 
0x05, 0xf2, 0x44, 0x14, 0xf9, 0xd4, 0x61, 0x47, 0xdd, 0x39, 0xd4, 0x0c, 0x2e, 0x29, 0x06, 0x28, 
0x05, 0x0c, 0x1f, 0xe0, 0x22, 0x20, 0x29, 0x05, 0xf2, 0x44, 0x14, 0x1d, 0xf0, 0x00, 0x00, 0x00, 
0x36, 0x41, 0x00, 0x41, 0x37, 0xdd, 0x51, 0x3d, 0xdd, 0x7c, 0xb7, 0x62, 0x04, 0x18, 0x0c, 0x0f, 
0x8c, 0xa6, 0x68, 0x05, 0x70, 0x66, 0x10, 0x69, 0x05, 0xf2, 0x44, 0x18, 0xf9, 0xe4, 0x61, 0x3a, 
0xdd, 0x39, 0xe4, 0x0c, 0x4e, 0x29, 0x06, 0x28, 0x05, 0x0c, 0x1f, 0xe0, 0x22, 0x20, 0x29, 0x05, 
0xf2, 0x44, 0x18, 0x1d, 0xf0, 0x00, 0x00, 0x00, 0x36, 0x41, 0x00, 0x41, 0x29, 0xdd, 0x51, 0x2f, 
0xdd, 0x7c, 0x77, 0x62, 0x04, 0x1c, 0x0c, 0x0f, 0x8c, 0xa6, 0x68, 0x05, 0x70, 0x66, 0x10, 0x69, 
0x05, 0xf2, 0x44, 0x1c, 0xf9, 0xf4, 0x61, 0x2d, 0xdd, 0x39, 0xf4, 0x0c, 0x8e, 0x29, 0x06, 0x28, 
0x05, 0x0c, 0x1f, 0xe0, 0x22, 0x20, 0x29, 0x05, 0xf2, 0x44, 0x1c, 0x1d, 0xf0, 0x00, 0x00, 0x00, 
0x36, 0x41, 0x00, 0x31, 0x1c, 0xdd, 0x7c, 0xe4, 0x28, 0x03, 0x40, 0x42, 0x10, 0x21, 0x1a, 0xdd, 
0x49, 0x03, 0x38, 0x02, 0x47, 0xe3, 0xfa, 0x21, 0x16, 0xdd, 0x0c, 0x03, 0x32, 0x42, 0x00, 0x39, 
0x82, 0x1d, 0xf0, 0x00, 0x36, 0x41, 0x00, 0x31, 0x13, 0xdd, 0x7c, 0xd4, 0x28, 0x03, 0x40, 0x42, 
0x10, 0x21, 0x11, 0xdd, 0x49, 0x03, 0x38, 0x02, 0x57, 0xe3, 0xfa, 0x21, 0x0d, 0xdd, 0x0c, 0x03, 
0x32, 0x42, 0x04, 0x39, 0x92, 0x1d, 0xf0, 0x00, 0x36, 0x41, 0x00, 0x31, 0x0a, 0xdd, 0x7c, 0xb4, 
0x28, 0x03, 0x40, 0x42, 0x10, 0x21, 0x08, 0xdd, 0x49, 0x03, 0x38, 0x02, 0x67, 0xe3, 0xfa, 0x21, 
0x04, 0xdd, 0x0c, 0x03, 0x32, 0x42, 0x08, 0x39, 0xa2, 0x1d, 0xf0, 0x00, 0x36, 0x41, 0x00, 0x31, 
0x01, 0xdd, 0x7c, 0x74, 0x28, 0x03, 0x40, 0x42, 0x10, 0x21, 0xff, 0xdc, 0x49, 0x03, 0x38, 0x02, 
0x77, 0xe3, 0xfa, 0x21, 0xfb, 0xdc, 0x0c, 0x03, 0x32, 0x42, 0x0c, 0x39, 0xb2, 0x1d, 0xf0, 0x00, 
0x36, 0x41, 0x00, 0x21, 0xfe, 0xdc, 0x51, 0xf6, 0xdc, 0x7c, 0xe4, 0x38, 0x02, 0x0c, 0x0f, 0x40, 
0x33, 0x10, 0x39, 0x02, 0xf2, 0x45, 0x10, 0xf9, 0xc5, 0x1d, 0xf0, 0x00, 0x36, 0x41, 0x00, 0x21, 
0xf7, 0xdc, 0x51, 0xef, 0xdc, 0x7c, 0xd4, 0x38, 0x02, 0x0c, 0x0f, 0x40, 0x33, 0x10, 0x39, 0x02, 
0xf2, 0x45, 0x14, 0xf9, 0xd5, 0x1d, 0xf0, 0x00, 0x36, 0x41, 0x00, 0x21, 0xf0, 0xdc, 0x51, 0xe8, 
0xdc, 0x7c, 0xb4, 0x38, 0x02, 0x0c, 0x0f, 0x40, 0x33, 0x10, 0x39, 0x02, 0xf2, 0x45, 0x18, 0xf9, 
0xe5, 0x1d, 0xf0, 0x00, 0x36, 0x41, 0x00, 0x21, 0xe9, 0xdc, 0x51, 0xe1, 0xdc, 0x7c, 0x74, 0x38, 
0x02, 0x0c, 0x0f, 0x40, 0x33, 0x10, 0x39, 0x02, 0xf2, 0x45, 0x1c, 0xf9, 0xf5, 0x1d, 0xf0, 0x00, 
0x36, 0x41, 0x00, 0x41, 0xe7, 0xdc, 0x61, 0xe7, 0xdc, 0x71, 0xe7, 0xdc, 0x0c, 0x15, 0x59, 0x04, 
0x38, 0x06, 0x28, 0x07, 0x88, 0x06, 0x87, 0x93, 0xf4, 0x1d, 0xf0, 0x00, 0x36, 0x41, 0x00, 0x31, 
0xe3, 0xdc, 0x22, 0xa0, 0xa5, 0x22, 0xd2, 0x5a, 0x48, 0x03, 0x0c, 0x16, 0x51, 0xe1, 0xdc, 0x27, 
0x94, 0x2a, 0x50, 0x46, 0x11, 0x60, 0xea, 0x03, 0x70, 0xea, 0x03, 0x60, 0x77, 0xc0, 0x47, 0x37, 
0xf6, 0x68, 0x03, 0x57, 0x96, 0xee, 0x30, 0x6f, 0x00, 0x61, 0xda, 0xdc, 0x0c, 0x74, 0x40, 0x44, 
0x01, 0x0c, 0x05, 0x59, 0x04, 0x29, 0x06, 0x30, 0xe6, 0x13, 0x10, 0x20, 0x00, 0x1d, 0xf0, 0x00, 
0x36, 0x41, 0x00, 0x0c, 0xf3, 0x0c, 0x02, 0x50, 0x33, 0x01, 0x42, 0xa3, 0xe8, 0x0c, 0x05, 0x3a, 
0x65, 0x4b, 0x55, 0x29, 0x06, 0x47, 0x35, 0xf6, 0xe5, 0xbc, 0x02, 0x0c, 0x02, 0x1d, 0xf0, 0x00, 
0x36, 0x41, 0x00, 0x0c, 0x02, 0x1d, 0xf0, 0x00, 0x36, 0x41, 0x00, 0x31, 0xcb, 0xdc, 0x0c, 0x14, 
0x52, 0x23, 0x48, 0x42, 0x63, 0x48, 0x52, 0x63, 0x47, 0x00, 0x42, 0x23, 0x20, 0x30, 0x64, 0xd6, 
0x24, 0x00, 0xf6, 0xb3, 0x04, 0x96, 0x34, 0x01, 0x9c, 0x03, 0x21, 0xc8, 0xdc, 0x41, 0xc8, 0xdc, 
0x38, 0x02, 0x40, 0x33, 0x10, 0x32, 0xd3, 0x44, 0x39, 0x02, 0x1d, 0xf0, 0x51, 0xc0, 0xdc, 0x20, 
0x67, 0x41, 0x69, 0x15, 0x39, 0x05, 0x25, 0x8f, 0x01, 0x25, 0x88, 0x01, 0x31, 0xbd, 0xdc, 0xa1, 
0xbd, 0xdc, 0x0c, 0x36, 0x0c, 0x2b, 0x1c, 0xfc, 0x0c, 0x0d, 0x0c, 0x2e, 0x69, 0x03, 0x0c, 0x06, 
0x65, 0xd8, 0x02, 0x0c, 0xfa, 0xbd, 0x02, 0xa5, 0x63, 0x02, 0x0c, 0xfa, 0xa5, 0x64, 0x02, 0x65, 
0x99, 0x01, 0xe5, 0x9f, 0x01, 0x71, 0xb4, 0xdc, 0x69, 0x07, 0xa5, 0xb2, 0x01, 0x96, 0xf4, 0x00, 
0x42, 0x05, 0x08, 0x0c, 0x06, 0x8c, 0x74, 0x25, 0x41, 0x01, 0x62, 0x45, 0x08, 0x06, 0x01, 0x00, 
0xcd, 0x02, 0x25, 0x05, 0x00, 0xa1, 0xab, 0xdc, 0x0c, 0x12, 0x0c, 0x0b, 0x1c, 0xfc, 0x0c, 0x0d, 
0x0c, 0x2e, 0x29, 0x03, 0x25, 0xd4, 0x02, 0xa5, 0x85, 0x01, 0x1d, 0xf0, 0x36, 0x41, 0x00, 0x00, 
0x62, 0x23, 0x20, 0x50, 0x64, 0x20, 0x47, 0x41, 0xd6, 0x26, 0x00, 0xf6, 0xb5, 0x06, 0x0c, 0x12, 
0x96, 0x36, 0x00, 0x8c, 0x05, 0x0c, 0x02, 0x52, 0x43, 0x00, 0x49, 0x13, 0x1d, 0xf0, 0x00, 0x00, 
0x36, 0x41, 0x00, 0x0c, 0xfa, 0xbd, 0x02, 0xa5, 0x5c, 0x02, 0x0c, 0xfa, 0xa5, 0x5d, 0x02, 0x1d, 
0xf0, 0x00, 0x00, 0x00, 0x36, 0x41, 0x00, 0x0c, 0x0a, 0x0c, 0x0b, 0x25, 0x2c, 0x02, 0x2d, 0x0a, 
0xa2, 0xda, 0x50, 0x20, 0x2a, 0x62, 0x2a, 0xbb, 0x25, 0x36, 0x02, 0x25, 0x4e, 0x02, 0x0c, 0x3a, 
0xbd, 0x04, 0xe5, 0x59, 0x02, 0x0c, 0x3a, 0x25, 0x5b, 0x02, 0x1d, 0xf0, 0x36, 0x41, 0x00, 0x41, 
0x8f, 0xdc, 0x61, 0x8f, 0xdc, 0x58, 0x04, 0x60, 0x55, 0x10, 0x20, 0x25, 0x20, 0x29, 0x04, 0x8c, 
0x13, 0x06, 0xff, 0xff, 0x1d, 0xf0, 0x00, 0x00, 0x36, 0x41, 0x00, 0x31, 0x83, 0xdc, 0x61, 0x83, 
0xdc, 0x0c, 0x34, 0x52, 0x23, 0x48, 0x42, 0x63, 0x48, 0x52, 0x63, 0x47, 0xf2, 0xa0, 0xff, 0x00, 
0x42, 0x23, 0x20, 0x50, 0x64, 0xf2, 0x46, 0x0c, 0xd6, 0x24, 0x00, 0xf6, 0xb5, 0x04, 0x96, 0x34, 
0x01, 0x9c, 0x05, 0x21, 0x7e, 0xdc, 0x41, 0x7e, 0xdc, 0x38, 0x02, 0x40, 0x33, 0x10, 0x32, 0xd3, 
0x44, 0x39, 0x02, 0x1d, 0xf0, 0x31, 0x76, 0xdc, 0xa1, 0x77, 0xdc, 0x20, 0x27, 0x41, 0x0c, 0x3f, 
0x0c, 0x2b, 0x1c, 0xfc, 0x0c, 0x0d, 0x0c, 0x2e, 0x29, 0x16, 0x59, 0x06, 0xf9, 0x03, 0x0c, 0x06, 
0x65, 0xc6, 0x02, 0x20, 0x6f, 0x00, 0x0c, 0x77, 0x81, 0x73, 0xdc, 0x40, 0x77, 0x01, 0x69, 0x07, 
0x78, 0x08, 0x20, 0xe6, 0x13, 0x10, 0x20, 0x00, 0x21, 0x70, 0xdc, 0x81, 0x70, 0xdc, 0x91, 0x70, 
0xdc, 0x0c, 0x1c, 0xd1, 0x71, 0xdc, 0xe1, 0x71, 0xdc, 0x69, 0x02, 0x69, 0x08, 0x10, 0x8c, 0x11, 
0xb1, 0x6d, 0xdc, 0x80, 0x77, 0x20, 0x0c, 0x1f, 0xb9, 0x09, 0x79, 0x0d, 0xf9, 0x0e, 0x68, 0x02, 
0x66, 0x16, 0xfa, 0xe5, 0x55, 0x02, 0x7c, 0xf2, 0xa2, 0xa1, 0x10, 0x10, 0x22, 0x01, 0xa2, 0xda, 
0x7f, 0x0c, 0x1b, 0x1c, 0xfd, 0x0c, 0x1e, 0xcd, 0x02, 0x0c, 0x16, 0xa5, 0xb8, 0x02, 0x8c, 0xca, 
0x00, 0x15, 0x40, 0x71, 0x63, 0xdc, 0x00, 0x56, 0xa1, 0x40, 0x25, 0xa3, 0x29, 0x07, 0x25, 0x85, 
0x02, 0x0c, 0x1a, 0xa5, 0xb8, 0x01, 0x0c, 0x1a, 0xe5, 0xbf, 0x01, 0x0c, 0x1a, 0xa5, 0xad, 0x01, 
0x65, 0xb1, 0x01, 0x0c, 0x0a, 0x65, 0xb7, 0x01, 0x0c, 0x0a, 0xe5, 0xbe, 0x01, 0x0c, 0x0a, 0xa5, 
0xac, 0x01, 0x25, 0x88, 0x02, 0xa1, 0x4b, 0xdc, 0x0c, 0x0b, 0x1c, 0xfc, 0x0c, 0x0d, 0x0c, 0x2e, 
0x69, 0x03, 0x65, 0xbc, 0x02, 0x1d, 0xf0, 0x00, 0x36, 0x41, 0x00, 0x61, 0x43, 0xdc, 0x0c, 0x43, 
0x00, 0x72, 0x23, 0x42, 0x26, 0x48, 0x32, 0x66, 0x48, 0x20, 0x30, 0x64, 0x42, 0x66, 0x47, 0xd6, 
0x27, 0x00, 0xf6, 0xb3, 0x04, 0x96, 0x37, 0x01, 0x9c, 0x03, 0x21, 0x40, 0xdc, 0x41, 0x40, 0xdc, 
0x38, 0x02, 0x40, 0x33, 0x10, 0x32, 0xd3, 0x44, 0x39, 0x02, 0x1d, 0xf0, 0x41, 0x39, 0xdc, 0xa1, 
0x39, 0xdc, 0x0c, 0x38, 0x0c, 0x2b, 0x1c, 0xfc, 0x0c, 0x0d, 0x0c, 0x2e, 0x20, 0x57, 0x41, 0x89, 
0x04, 0x65, 0xb7, 0x02, 0x81, 0x32, 0xdc, 0x0c, 0x2a, 0x59, 0x18, 0x39, 0x08, 0xa5, 0xa5, 0x01, 
0x0c, 0x2a, 0xa5, 0xaf, 0x01, 0x25, 0xa9, 0x01, 0x0c, 0x2a, 0xe5, 0xb6, 0x01, 0x0c, 0x0a, 0xe5, 
0xae, 0x01, 0x0c, 0x0a, 0x25, 0xb6, 0x01, 0x65, 0x63, 0x01, 0x0c, 0x5a, 0x25, 0xc5, 0x01, 0x0c, 
0x2a, 0x25, 0xc7, 0x01, 0x0c, 0x0a, 0xa5, 0xc4, 0x01, 0x0c, 0x0a, 0xa5, 0xc6, 0x01, 0x25, 0x65, 
0x01, 0x65, 0x4d, 0x02, 0x0c, 0x2a, 0xbd, 0x02, 0x65, 0x3e, 0x02, 0x0c, 0x2a, 0xa5, 0x3f, 0x02, 
0x0c, 0x0a, 0xbd, 0x02, 0xa5, 0x3d, 0x02, 0xad, 0x03, 0xbd, 0x05, 0xe5, 0xd5, 0x01, 0x0c, 0x0a, 
0x65, 0xa0, 0x01, 0xa5, 0x5f, 0x01, 0xad, 0x03, 0xbd, 0x05, 0x25, 0x0d, 0x02, 0x51, 0x25, 0xdc, 
0x81, 0x26, 0xdc, 0xa9, 0x05, 0xb9, 0x08, 0x0c, 0xaa, 0xbd, 0x02, 0x65, 0x3b, 0x02, 0x0c, 0xaa, 
0x65, 0x3c, 0x02, 0x00, 0x13, 0x40, 0x0c, 0x12, 0x7c, 0xff, 0x52, 0x26, 0x4b, 0x10, 0x3f, 0x01, 
0x00, 0x82, 0xa1, 0x70, 0x38, 0xa3, 0x30, 0x35, 0x20, 0x32, 0x66, 0x4b, 0xa5, 0xf4, 0x00, 0xe5, 
0x7b, 0x02, 0xe5, 0x5e, 0x01, 0xa1, 0x0b, 0xdc, 0x0c, 0x0b, 0x1c, 0xfc, 0x0c, 0x0d, 0x0c, 0x2e, 
0x29, 0x04, 0x65, 0xac, 0x02, 0x1d, 0xf0, 0x00, 0x36, 0x41, 0x00, 0x41, 0x03, 0xdc, 0x0c, 0x53, 
0x52, 0x24, 0x48, 0x32, 0x64, 0x48, 0x52, 0x64, 0x47, 0x00, 0x32, 0x23, 0x20, 0x40, 0x64, 0xd6, 
0x23, 0x00, 0xf6, 0xb4, 0x04, 0x96, 0x33, 0x01, 0x9c, 0x04, 0x21, 0x00, 0xdc, 0x41, 0x00, 0xdc, 
0x38, 0x02, 0x40, 0x33, 0x10, 0x32, 0xd3, 0x44, 0x39, 0x02, 0x1d, 0xf0, 0x31, 0xf8, 0xdb, 0x20, 
0x57, 0x41, 0x61, 0xf7, 0xdb, 0x59, 0x13, 0x49, 0x03, 0x31, 0xf6, 0xdb, 0x0c, 0x37, 0x0c, 0x2b, 
0x1c, 0xfc, 0x0c, 0x0d, 0x0c, 0x2e, 0xad, 0x03, 0x79, 0x06, 0xe5, 0xa6, 0x02, 0xa5, 0x5b, 0x01, 
0xa5, 0x54, 0x01, 0xe5, 0xc3, 0x01, 0x0c, 0xfa, 0xbd, 0x02, 0x65, 0x31, 0x02, 0x0c, 0xfa, 0xa5, 
0x32, 0x02, 0xad, 0x04, 0xbd, 0x05, 0x65, 0x01, 0x02, 0x25, 0x0c, 0x02, 0xe5, 0x23, 0x02, 0x25, 
0x56, 0x01, 0xa5, 0xc5, 0x01, 0x0c, 0x3a, 0xbd, 0x02, 0x65, 0x2f, 0x02, 0x0c, 0x3a, 0xa5, 0x30, 
0x02, 0x65, 0x48, 0x02, 0xad, 0x04, 0xbd, 0x05, 0x25, 0xd3, 0x01, 0xa5, 0x64, 0x01, 0x65, 0xdd, 
0x01, 0x0c, 0x3a, 0x65, 0x91, 0x01, 0x0c, 0x3a, 0x65, 0x35, 0x01, 0x65, 0x53, 0x01, 0x0c, 0x3a, 
0xa5, 0x9a, 0x01, 0x65, 0x94, 0x01, 0x0c, 0x3a, 0xe5, 0xa1, 0x01, 0x0c, 0x0a, 0xe5, 0x99, 0x01, 
0x0c, 0x0a, 0x65, 0xa1, 0x01, 0x0c, 0x0a, 0x25, 0x8f, 0x01, 0x0c, 0x0a, 0xbd, 0x02, 0x25, 0x2b, 
0x02, 0x0c, 0x12, 0x0c, 0x0b, 0x1c, 0xfc, 0x0c, 0x0d, 0x0c, 0x2e, 0xad, 0x03, 0x29, 0x06, 0xa5, 
0x9e, 0x02, 0x1d, 0xf0, 0x36, 0x41, 0x00, 0x31, 0xcc, 0xdb, 0x41, 0xcc, 0xdb, 0x0c, 0x25, 0x72, 
0x23, 0x48, 0x52, 0x63, 0x48, 0x00, 0x62, 0x23, 0x20, 0x50, 0x64, 0x22, 0x44, 0x0c, 0x72, 0x63, 
0x47, 0xd6, 0x26, 0x00, 0xf6, 0xb5, 0x04, 0x96, 0x36, 0x01, 0x9c, 0x05, 0x21, 0xc8, 0xdb, 0x41, 
0xc8, 0xdb, 0x38, 0x02, 0x40, 0x33, 0x10, 0x32, 0xd3, 0x44, 0x39, 0x02, 0x1d, 0xf0, 0x20, 0x67, 
0x41, 0x21, 0xbf, 0xdb, 0xa1, 0xc0, 0xdb, 0x0c, 0x3f, 0x0c, 0x2b, 0x1c, 0xfc, 0x0c, 0x0d, 0x0c, 
0x2e, 0x59, 0x04, 0x69, 0x14, 0xf9, 0x02, 0x25, 0x99, 0x02, 0x52, 0x04, 0x00, 0x68, 0x14, 0x0c, 
0x14, 0x00, 0x15, 0x40, 0x7c, 0xff, 0x81, 0xc5, 0xdb, 0x10, 0x5f, 0x01, 0x00, 0x74, 0xa1, 0x60, 
0x57, 0x93, 0x0c, 0x4a, 0x59, 0x08, 0x25, 0x86, 0x01, 0xe5, 0x89, 0x01, 0x0c, 0x0a, 0xa5, 0x85, 
0x01, 0x32, 0x23, 0x47, 0x0c, 0x4a, 0x26, 0x13, 0x11, 0x25, 0x8f, 0x01, 0x0c, 0x4a, 0xa5, 0x96, 
0x01, 0x0c, 0x0a, 0xa5, 0x8e, 0x01, 0x0c, 0x0a, 0xe5, 0x95, 0x01, 0xa1, 0xaa, 0xdb, 0x0c, 0x0b, 
0x1c, 0xfc, 0x0c, 0x0d, 0x0c, 0x2e, 0x49, 0x02, 0xe5, 0x93, 0x02, 0xa5, 0x56, 0x02, 0x1d, 0xf0, 
0x36, 0x41, 0x00, 0x41, 0xa6, 0xdb, 0x1c, 0x15, 0xad, 0x02, 0x59, 0x04, 0xa5, 0xc6, 0xff, 0x0c, 
0x05, 0xad, 0x02, 0x1c, 0x26, 0x59, 0x04, 0x69, 0x04, 0xe5, 0xd5, 0xff, 0xad, 0x03, 0x1c, 0x32, 
0x59, 0x04, 0x29, 0x04, 0x25, 0xe5, 0xff, 0xad, 0x03, 0x1c, 0x42, 0x59, 0x04, 0x29, 0x04, 0x65, 
0xf2, 0xff, 0x59, 0x04, 0x1d, 0xf0, 0x00, 0x00, 0x36, 0x41, 0x00, 0x21, 0xa5, 0xdb, 0x41, 0x92, 
0xdb, 0x0c, 0x05, 0x38, 0x32, 0x61, 0x95, 0xdb, 0x71, 0x96, 0xdb, 0xac, 0xb3, 0x32, 0xd4, 0x01, 
0x42, 0x03, 0x10, 0x8c, 0x14, 0x52, 0x43, 0x10, 0xe5, 0x02, 0x00, 0xb8, 0x02, 0x0c, 0x13, 0x0c, 
0x0a, 0x32, 0x42, 0x1c, 0x25, 0x0d, 0x00, 0xa5, 0x16, 0x00, 0x28, 0xa2, 0x32, 0xa0, 0x64, 0xb1, 
0x99, 0xdb, 0x30, 0xa2, 0x82, 0x65, 0x77, 0xff, 0x1d, 0xf0, 0x38, 0x06, 0x70, 0x33, 0x10, 0x32, 
0xd3, 0x34, 0x39, 0x06, 0x1d, 0xf0, 0x00, 0x00, 0x36, 0x41, 0x00, 0x81, 0x7f, 0xdb, 0x21, 0x90, 
0xdb, 0xe2, 0xa4, 0xdc, 0x82, 0xd8, 0x01, 0xc8, 0x32, 0xd2, 0x08, 0x14, 0x0c, 0x04, 0x1c, 0xf7, 
0x0c, 0x03, 0x0c, 0x06, 0x0c, 0x0a, 0x0c, 0x09, 0x0c, 0x05, 0x0c, 0x0b, 0xea, 0xe2, 0x42, 0x52, 
0x10, 0x46, 0x08, 0x00, 0x82, 0xa0, 0x80, 0x80, 0x8b, 0x20, 0xf0, 0xff, 0xb0, 0x20, 0xff, 0xa0, 
0x1b, 0x33, 0x89, 0xbf, 0x88, 0x0e, 0x49, 0xa2, 0x32, 0x52, 0x10, 0x89, 0xcf, 0x49, 0xdf, 0x1b, 
0xbb, 0x4b, 0xee, 0x26, 0xcb, 0x22, 0xb7, 0x5c, 0x0e, 0x30, 0xf0, 0xf4, 0x77, 0x9b, 0xd4, 0x0c, 
0x1a, 0x0c, 0x08, 0x9d, 0x0f, 0x46, 0xf4, 0xff, 0x30, 0x80, 0xf4, 0x8a, 0x85, 0xd7, 0xa8, 0xde, 
0x88, 0x0e, 0x1b, 0x55, 0x6a, 0x68, 0x46, 0xf5, 0xff, 0x78, 0x02, 0x90, 0x89, 0xb0, 0x20, 0xb8, 
0xa0, 0x0b, 0x47, 0x40, 0x46, 0x93, 0x07, 0x6a, 0x08, 0x58, 0xcb, 0x4a, 0x45, 0x49, 0xcb, 0x46, 
0x07, 0x00, 0xa6, 0x15, 0x1a, 0x26, 0x17, 0x17, 0x30, 0x50, 0xf4, 0x50, 0x55, 0xb0, 0x0c, 0x06, 
0x20, 0x55, 0xa0, 0x1b, 0xf3, 0x69, 0xa2, 0xf2, 0x52, 0x10, 0x69, 0xb5, 0x49, 0xc5, 0x69, 0xd5, 
0x0c, 0x03, 0x32, 0x52, 0x11, 0x1d, 0xf0, 0x00, 0x36, 0x41, 0x00, 0x21, 0x65, 0xdb, 0x52, 0xa0, 
0x80, 0x42, 0x12, 0x11, 0x62, 0xd2, 0x04, 0x62, 0x26, 0x30, 0x8d, 0x04, 0x72, 0x12, 0x10, 0x1b, 
0x88, 0xb8, 0x42, 0x70, 0xa8, 0xe2, 0xa2, 0x52, 0x11, 0xbc, 0x13, 0xa0, 0x8a, 0xb0, 0x20, 0x88, 
0xa0, 0x92, 0x18, 0x1d, 0xc8, 0xc8, 0xc9, 0xa2, 0xb7, 0xb9, 0x54, 0xb2, 0x18, 0x1c, 0xd8, 0xb8, 
0x56, 0xcb, 0x04, 0x50, 0xcd, 0x10, 0xbd, 0x0d, 0xd6, 0x26, 0x00, 0x16, 0x1c, 0x04, 0x8c, 0x1c, 
0xb7, 0xd6, 0x3c, 0xa7, 0x14, 0x28, 0x1b, 0x79, 0x72, 0x58, 0x1d, 0x86, 0x01, 0x00, 0x25, 0xec, 
0x00, 0x78, 0xa2, 0xec, 0x67, 0x72, 0x02, 0x18, 0x82, 0x12, 0x11, 0x07, 0x67, 0xad, 0x80, 0x78, 
0xb0, 0x20, 0x77, 0xa0, 0x92, 0x27, 0x12, 0x1b, 0x99, 0x92, 0x67, 0x12, 0x06, 0xe7, 0xff, 0x1b, 
0x34, 0x30, 0x30, 0xf4, 0x70, 0xa3, 0xe2, 0xa2, 0x52, 0x11, 0x86, 0x00, 0x00, 0xa2, 0x12, 0x11, 
0xa0, 0x3a, 0xb0, 0x20, 0x33, 0xa0, 0x0c, 0x04, 0x22, 0x03, 0x2c, 0x49, 0xe3, 0x1d, 0xf0, 0x00, 
0x36, 0x41, 0x00, 0x31, 0x41, 0xdb, 0x41, 0x41, 0xdb, 0x51, 0x3d, 0xdb, 0x68, 0x03, 0x78, 0x04, 
0x88, 0x03, 0x98, 0x04, 0xa8, 0x15, 0xb2, 0xa0, 0x64, 0x80, 0x66, 0xc0, 0xb0, 0xaa, 0x82, 0x60, 
0x97, 0x83, 0xaa, 0x69, 0x90, 0x96, 0x62, 0x72, 0xd5, 0x04, 0x9a, 0x88, 0x62, 0x67, 0x2c, 0x82, 
0x67, 0x2d, 0x68, 0x03, 0xc8, 0x04, 0xd8, 0x03, 0xe8, 0x04, 0xd2, 0x67, 0x2f, 0xf2, 0x05, 0x18, 
0xd0, 0x66, 0xc0, 0x60, 0xec, 0x83, 0xe2, 0x67, 0x2e, 0x27, 0x6f, 0x20, 0x68, 0x03, 0x88, 0x04, 
0x98, 0x03, 0xa8, 0x04, 0xb1, 0x2f, 0xdb, 0xf1, 0x2f, 0xdb, 0x90, 0x66, 0xc0, 0x0c, 0x0d, 0x60, 
0xa8, 0x83, 0xe2, 0xd2, 0x03, 0xd9, 0x0b, 0xa9, 0x0f, 0x99, 0x0f, 0xe9, 0x0f, 0x61, 0x17, 0xdb, 
0x1c, 0x38, 0x00, 0x88, 0x11, 0xad, 0x02, 0x89, 0x06, 0xe5, 0xc2, 0xff, 0x88, 0x06, 0x91, 0x26, 
0xdb, 0xd2, 0xa0, 0x64, 0x90, 0x88, 0x10, 0x89, 0x06, 0x88, 0x03, 0xf8, 0x04, 0xa8, 0x03, 0xb8, 
0x04, 0xc8, 0x15, 0xa0, 0x88, 0xc0, 0x80, 0xbf, 0x83, 0xd0, 0xcc, 0x82, 0xca, 0x8b, 0xb0, 0x98, 
0x62, 0x9a, 0x9a, 0x92, 0x67, 0x2d, 0x92, 0x05, 0x18, 0x82, 0x67, 0x2c, 0xb1, 0x19, 0xdb, 0x27, 
0x69, 0x1d, 0x78, 0x03, 0x88, 0x04, 0x98, 0x03, 0xa8, 0x04, 0xf1, 0x16, 0xdb, 0x90, 0x77, 0xc0, 
0x0c, 0x4d, 0x70, 0xa8, 0x83, 0xe2, 0xd2, 0x04, 0xd9, 0x0b, 0xa9, 0x0f, 0x99, 0x0f, 0xe9, 0x0f, 
0x0c, 0x57, 0xe0, 0x77, 0x01, 0xad, 0x02, 0x79, 0x06, 0xa5, 0xca, 0xff, 0x78, 0x06, 0x81, 0x0e, 
0xdb, 0x80, 0x77, 0x10, 0x79, 0x06, 0x52, 0x05, 0x18, 0xe1, 0x09, 0xdb, 0xf1, 0x0a, 0xdb, 0x27, 
0x65, 0x1a, 0x58, 0x03, 0x68, 0x04, 0xb8, 0x03, 0xc8, 0x04, 0x0c, 0x8d, 0xb0, 0x55, 0xc0, 0x50, 
0xc6, 0x83, 0x22, 0xd2, 0x05, 0xd9, 0x0e, 0xc9, 0x0f, 0xb9, 0x0f, 0x29, 0x0f, 0x1d, 0xf0, 0x00, 
0x36, 0x41, 0x00, 0xb1, 0xfc, 0xda, 0xad, 0x02, 0x25, 0x50, 0xff, 0x1d, 0xf0, 0x00, 0x00, 0x00, 
0x36, 0x41, 0x00, 0x21, 0xf7, 0xda, 0x0c, 0x03, 0x32, 0x42, 0x1c, 0x65, 0x6d, 0xff, 0x21, 0xe3, 
0xda, 0xa2, 0x02, 0x0c, 0x65, 0x00, 0x00, 0x1d, 0xf0, 0x00, 0x00, 0x00, 0x36, 0x41, 0x00, 0x41, 
0xf2, 0xda, 0x51, 0xf2, 0xda, 0x31, 0xee, 0xda, 0x68, 0x04, 0x78, 0x05, 0x88, 0x04, 0x98, 0x05, 
0xa8, 0x13, 0xb2, 0xa0, 0x64, 0x80, 0x66, 0xc0, 0xb0, 0xaa, 0x82, 0x60, 0x97, 0x83, 0xaa, 0x79, 
0x90, 0x97, 0x62, 0x62, 0xd3, 0x04, 0x9a, 0x88, 0x82, 0x66, 0x2d, 0x82, 0x03, 0x18, 0xc1, 0xe8, 
0xda, 0xb1, 0xe8, 0xda, 0x72, 0x66, 0x2c, 0x27, 0x68, 0x1a, 0x78, 0x04, 0x88, 0x05, 0x98, 0x04, 
0xa8, 0x05, 0x0c, 0xce, 0x90, 0x77, 0xc0, 0x70, 0xa8, 0x83, 0xf2, 0xd2, 0x01, 0xe9, 0x0c, 0xa9, 
0x0b, 0x99, 0x0b, 0xf9, 0x0b, 0x71, 0xcd, 0xda, 0x1c, 0x18, 0x00, 0x88, 0x11, 0xad, 0x02, 0x89, 
0x07, 0x65, 0x90, 0xff, 0x88, 0x07, 0x91, 0xdc, 0xda, 0xd2, 0xa0, 0x64, 0x90, 0x88, 0x10, 0x89, 
0x07, 0x88, 0x04, 0xf8, 0x05, 0xa8, 0x04, 0xb8, 0x05, 0xc8, 0x13, 0xa0, 0x88, 0xc0, 0x80, 0xbf, 
0x83, 0xd0, 0xcc, 0x82, 0xca, 0x8b, 0xb0, 0x98, 0x62, 0x9a, 0x9a, 0x92, 0x66, 0x2d, 0x92, 0x03, 
0x18, 0x82, 0x66, 0x2c, 0xb1, 0xcf, 0xda, 0x27, 0x69, 0x1d, 0x68, 0x04, 0x88, 0x05, 0x98, 0x04, 
0xa8, 0x05, 0xf1, 0xcc, 0xda, 0x90, 0x66, 0xc0, 0x1c, 0x0d, 0x60, 0xa8, 0x83, 0xe2, 0xd2, 0x02, 
0xd9, 0x0b, 0xa9, 0x0f, 0x99, 0x0f, 0xe9, 0x0f, 0x0c, 0x96, 0xf0, 0x66, 0x01, 0xad, 0x02, 0x69, 
0x07, 0x65, 0x9a, 0xff, 0x28, 0x07, 0x61, 0xc4, 0xda, 0x82, 0xd3, 0x04, 0x60, 0x22, 0x10, 0x29, 
0x07, 0x62, 0x28, 0x2f, 0x22, 0x28, 0x2e, 0xc2, 0xa0, 0x64, 0x60, 0xf2, 0x20, 0xac, 0x2f, 0x78, 
0x04, 0x88, 0x05, 0xd8, 0x04, 0xe8, 0x05, 0xd0, 0x77, 0xc0, 0x70, 0xe8, 0x83, 0x60, 0x4d, 0xc0, 
0x20, 0xfe, 0x62, 0x20, 0xae, 0xc0, 0xf0, 0xb4, 0xc0, 0x0c, 0x0d, 0x65, 0xd2, 0x02, 0x2d, 0x0a, 
0x46, 0x00, 0x00, 0x0c, 0x02, 0x42, 0x13, 0x11, 0x58, 0xa3, 0x78, 0x23, 0x40, 0x44, 0xb0, 0x30, 
0x64, 0xa0, 0x48, 0xd6, 0x50, 0x52, 0xc0, 0x5a, 0x44, 0x70, 0x54, 0x63, 0x48, 0x63, 0x59, 0xd6, 
0x27, 0xe4, 0x07, 0x17, 0xe4, 0x0c, 0x07, 0xe4, 0x18, 0x1d, 0xf0, 0x65, 0xd7, 0x00, 0x48, 0x63, 
0x17, 0x64, 0xf2, 0x25, 0xcc, 0x00, 0x48, 0x63, 0x7c, 0xd5, 0x50, 0x44, 0x10, 0x49, 0x63, 0x07, 
0x64, 0xe6, 0x42, 0x13, 0x11, 0x0c, 0x0e, 0x40, 0x44, 0xb0, 0x30, 0xd4, 0xa0, 0x58, 0xfd, 0x62, 
0x2d, 0x11, 0xe2, 0x6d, 0x10, 0x2a, 0x25, 0x1b, 0xf6, 0x29, 0xfd, 0xf2, 0x6d, 0x11, 0x1d, 0xf0, 
0x40, 0x80, 0xff, 0x3f, 0x36, 0x41, 0x00, 0xb6, 0x42, 0x02, 0x06, 0x24, 0x00, 0x41, 0xfc, 0xff, 
0x51, 0x94, 0xda, 0x7c, 0xb6, 0x40, 0x22, 0xa0, 0x28, 0x02, 0x48, 0x65, 0x0c, 0x47, 0xa0, 0x02, 
0x00, 0xe5, 0x9c, 0x00, 0x25, 0x1f, 0x02, 0x21, 0x7c, 0xda, 0x0c, 0x23, 0x32, 0x62, 0x49, 0x1d, 
0xf0, 0x66, 0x13, 0x59, 0x31, 0x79, 0xda, 0x0c, 0x14, 0x21, 0x8d, 0xda, 0x52, 0xd3, 0x01, 0x42, 
0x45, 0x10, 0x51, 0x8c, 0xda, 0x0c, 0x03, 0x42, 0xa1, 0x00, 0x39, 0x02, 0x0b, 0x44, 0x39, 0x05, 
0x56, 0x84, 0xff, 0x0c, 0x03, 0xc6, 0x14, 0x00, 0x21, 0x82, 0xda, 0x0c, 0x2f, 0x0c, 0x15, 0x48, 
0x62, 0x66, 0x13, 0x36, 0x50, 0x54, 0x20, 0x31, 0x82, 0xda, 0x59, 0x62, 0x51, 0x82, 0xda, 0x0c, 
0x04, 0x22, 0xa0, 0xa0, 0x49, 0x03, 0x0b, 0x22, 0x49, 0x05, 0x56, 0x82, 0xff, 0x0c, 0x02, 0x29, 
0x03, 0x1d, 0xf0, 0x2d, 0x05, 0x66, 0x13, 0x27, 0x70, 0x34, 0x20, 0x46, 0x0b, 0x00, 0x21, 0x62, 
0xda, 0x0c, 0x03, 0x22, 0xd2, 0x01, 0x32, 0x42, 0x10, 0x1d, 0xf0, 0x07, 0xe4, 0x17, 0x21, 0x63, 
0xda, 0x41, 0x63, 0xda, 0x38, 0x02, 0x40, 0x33, 0x10, 0x32, 0xd3, 0x34, 0x39, 0x02, 0x1d, 0xf0, 
0x60, 0x34, 0x10, 0x46, 0x01, 0x00, 0x40, 0x32, 0x41, 0xf0, 0x33, 0xa0, 0x39, 0x62, 0x1d, 0xf0, 
0x36, 0x41, 0x00, 0x1d, 0xf0, 0x00, 0x00, 0x00, 0x36, 0x41, 0x00, 0x00, 0x32, 0x23, 0x20, 0x20, 
0x64, 0xd6, 0x23, 0x00, 0xf6, 0xb2, 0x04, 0x96, 0x33, 0x01, 0x9c, 0x02, 0x21, 0x54, 0xda, 0x41, 
0x54, 0xda, 0x38, 0x02, 0x40, 0x33, 0x10, 0x32, 0xd3, 0x44, 0x39, 0x02, 0x1d, 0xf0, 0x96, 0x23, 
0x01, 0x21, 0x49, 0xda, 0x7c, 0xf4, 0x40, 0x41, 0x41, 0x32, 0x22, 0x4b, 0x40, 0x33, 0x10, 0x32, 
0x62, 0x4b, 0x1d, 0xf0, 0x31, 0x45, 0xda, 0x7c, 0xe4, 0x00, 0x12, 0x40, 0xf2, 0x23, 0x4b, 0x40, 
0x44, 0x81, 0x40, 0x2f, 0x10, 0x22, 0x63, 0x4b, 0x1d, 0xf0, 0x00, 0x00, 0x36, 0x61, 0x04, 0x22, 
0xd1, 0x01, 0x22, 0xc2, 0x10, 0x0c, 0x0b, 0xc2, 0xa1, 0x00, 0xad, 0x02, 0x0c, 0x04, 0xa5, 0x4f, 
0x03, 0x51, 0x3e, 0xda, 0x31, 0x4b, 0xda, 0x1c, 0xf6, 0x69, 0x05, 0x42, 0x53, 0x0f, 0x71, 0x4f, 
0xda, 0x41, 0x35, 0xda, 0xc2, 0xa0, 0xba, 0x58, 0x07, 0xe2, 0x24, 0x4e, 0x4c, 0x0d, 0x40, 0x75, 
0x11, 0x80, 0x8e, 0x01, 0x7a, 0xa8, 0x50, 0x54, 0xb5, 0xe0, 0x68, 0x41, 0x5a, 0x56, 0x80, 0xfa, 
0x62, 0xfa, 0xb5, 0x65, 0x7e, 0x01, 0x51, 0x46, 0xda, 0x61, 0x46, 0xda, 0x78, 0x05, 0x79, 0x02, 
0x4b, 0x55, 0x4b, 0x22, 0x67, 0x95, 0xf4, 0xb2, 0xd1, 0x01, 0xa2, 0xc1, 0x10, 0xb2, 0xcb, 0x10, 
0xc2, 0xa1, 0x00, 0xa5, 0x36, 0x03, 0x28, 0x61, 0x52, 0x11, 0x09, 0xa2, 0xc1, 0x10, 0xf6, 0x32, 
0x4b, 0x16, 0x85, 0x04, 0xb2, 0xa1, 0x00, 0xe5, 0x0e, 0x02, 0xbc, 0xfa, 0x28, 0x61, 0x82, 0x21, 
0x28, 0x52, 0x21, 0x29, 0x16, 0x02, 0x04, 0x0b, 0x22, 0x62, 0x21, 0x2a, 0x29, 0x03, 0x28, 0x71, 
0xf2, 0xa4, 0xdc, 0x72, 0x21, 0x2b, 0x89, 0x13, 0x59, 0x23, 0x69, 0x43, 0x42, 0xc1, 0x20, 0x0c, 
0x05, 0xfa, 0x63, 0x79, 0x53, 0x29, 0x33, 0x78, 0x04, 0x57, 0x52, 0x02, 0x16, 0x67, 0x04, 0x79, 
0x06, 0x1b, 0x55, 0x4b, 0x44, 0x4b, 0x66, 0x66, 0xc5, 0xec, 0x46, 0x10, 0x00, 0x22, 0xa5, 0x57, 
0x20, 0x22, 0xb0, 0x22, 0x53, 0x0f, 0x1d, 0xf0, 0x22, 0x01, 0x14, 0x72, 0x21, 0x2d, 0x52, 0x21, 
0x2c, 0x27, 0x62, 0x64, 0x2d, 0x07, 0x70, 0x65, 0x20, 0x8c, 0x76, 0x62, 0x21, 0x2e, 0x72, 0xa1, 
0xff, 0x67, 0x37, 0x08, 0x62, 0xa5, 0x57, 0x60, 0x66, 0xb0, 0x62, 0x53, 0x0f, 0x52, 0x64, 0x42, 
0x22, 0x64, 0x43, 0x86, 0x10, 0x00, 0x22, 0xa5, 0x57, 0x20, 0x22, 0xb0, 0x22, 0x53, 0x0f, 0x28, 
0x51, 0x52, 0x21, 0x30, 0x62, 0x21, 0x2f, 0x17, 0x62, 0x2b, 0x42, 0x21, 0x31, 0x50, 0x76, 0x20, 
0x8c, 0x07, 0xcc, 0x74, 0x72, 0xa5, 0x57, 0x70, 0x77, 0xb0, 0x72, 0x53, 0x0f, 0x5c, 0x08, 0x80, 
0xe4, 0xe2, 0x72, 0xd3, 0x04, 0x0c, 0x0f, 0xe0, 0x44, 0xc0, 0x62, 0x67, 0x31, 0x52, 0x67, 0x32, 
0xf2, 0x67, 0x34, 0x42, 0x67, 0x33, 0x07, 0xe2, 0x01, 0x1d, 0xf0, 0x22, 0x21, 0x2d, 0x42, 0x21, 
0x2c, 0x72, 0x21, 0x2e, 0x62, 0xa2, 0x7f, 0x20, 0x54, 0x20, 0x8c, 0x15, 0x77, 0x36, 0x08, 0x52, 
0xa5, 0x57, 0x50, 0x55, 0xb0, 0x52, 0x53, 0x0f, 0x32, 0xd3, 0x04, 0x42, 0x63, 0x35, 0x22, 0x63, 
0x36, 0x1d, 0xf0, 0x00, 0x36, 0x41, 0x00, 0x21, 0x00, 0xda, 0x4c, 0x03, 0x39, 0x02, 0x30, 0x6f, 
0x00, 0x61, 0xfe, 0xd9, 0x0c, 0x74, 0x40, 0x44, 0x01, 0x0c, 0x05, 0x0c, 0x47, 0x59, 0x04, 0x79, 
0x06, 0x30, 0xe6, 0x13, 0x10, 0x20, 0x00, 0x59, 0x02, 0x1d, 0xf0, 0x00, 0x50, 0x80, 0xff, 0x3f, 
0x36, 0x41, 0x00, 0x21, 0xf7, 0xd9, 0x58, 0x02, 0x38, 0x02, 0x48, 0x02, 0x50, 0x50, 0x34, 0xa5, 
0xaf, 0x00, 0x8c, 0x1a, 0xa5, 0xb1, 0x00, 0x0b, 0x55, 0x0c, 0xe6, 0x57, 0xb6, 0x02, 0x86, 0x6b, 
0x00, 0x61, 0xf6, 0xff, 0x30, 0x38, 0x41, 0x40, 0x40, 0xf5, 0x60, 0x55, 0xa0, 0x58, 0x05, 0x71, 
0xe0, 0xd9, 0x0c, 0xf6, 0xa0, 0x05, 0x00, 0x41, 0xcc, 0xd9, 0x0c, 0x16, 0x71, 0xdd, 0xd9, 0x52, 
0x24, 0x49, 0x30, 0xa0, 0x74, 0x82, 0x07, 0x1c, 0x60, 0x55, 0x20, 0x26, 0x55, 0x02, 0x06, 0x9a, 
0x00, 0x56, 0x58, 0x26, 0x61, 0xca, 0xd9, 0x0c, 0x15, 0x1c, 0x17, 0x52, 0x64, 0x4a, 0x79, 0x06, 
0x65, 0x4f, 0xff, 0x52, 0x64, 0x49, 0x38, 0x02, 0x6c, 0xff, 0xf0, 0x43, 0x10, 0x0c, 0x03, 0x49, 
0x02, 0x46, 0x97, 0x00, 0x41, 0xbd, 0xd9, 0x61, 0xce, 0xd9, 0x81, 0xc0, 0xd9, 0x52, 0x24, 0x49, 
0x72, 0x06, 0x1c, 0x30, 0xa0, 0x74, 0x26, 0x15, 0x02, 0xc6, 0x9a, 0x00, 0x56, 0x87, 0x26, 0x0c, 
0x25, 0x1c, 0x27, 0x52, 0x64, 0x4a, 0x79, 0x08, 0xe5, 0x5b, 0xff, 0x52, 0x64, 0x49, 0x38, 0x02, 
0x6c, 0xff, 0xf0, 0x43, 0x10, 0x0c, 0x03, 0x49, 0x02, 0xc6, 0x98, 0x00, 0x41, 0xaf, 0xd9, 0x0c, 
0x56, 0x62, 0xd6, 0x0c, 0x52, 0x24, 0x49, 0x71, 0xbe, 0xd9, 0x30, 0xa0, 0x74, 0xf6, 0xa5, 0x0d, 
0x57, 0x56, 0x0a, 0x52, 0x07, 0x1c, 0x61, 0xad, 0xd9, 0x1c, 0x37, 0x16, 0x45, 0x2a, 0x21, 0xab, 
0xd9, 0x41, 0xab, 0xd9, 0x38, 0x02, 0x40, 0x33, 0x10, 0x32, 0xd3, 0x34, 0x39, 0x02, 0x28, 0x02, 
0x40, 0x22, 0x10, 0x32, 0xd2, 0x34, 0x46, 0xa8, 0x00, 0x41, 0x9f, 0xd9, 0x0c, 0x46, 0x71, 0xb0, 
0xd9, 0x52, 0x24, 0x49, 0x30, 0xa0, 0x74, 0x82, 0x07, 0x1c, 0x60, 0x55, 0x20, 0x26, 0x75, 0x02, 
0x06, 0x8c, 0x00, 0x56, 0xd8, 0x22, 0x61, 0x9d, 0xd9, 0x0c, 0x45, 0x1c, 0x47, 0x52, 0x64, 0x4a, 
0x79, 0x06, 0x25, 0x72, 0xff, 0x52, 0x64, 0x49, 0x38, 0x02, 0x6c, 0xfe, 0x0c, 0x04, 0xe0, 0x53, 
0x10, 0x59, 0x02, 0x31, 0xb0, 0xd9, 0x51, 0x91, 0xd9, 0x49, 0x06, 0x28, 0x03, 0xf8, 0x15, 0x71, 
0xae, 0xd9, 0x52, 0x05, 0x00, 0x26, 0x1f, 0x02, 0x06, 0xa1, 0x00, 0xf1, 0xae, 0xd9, 0x70, 0x22, 
0x10, 0x50, 0x22, 0x20, 0xfa, 0x22, 0x46, 0x9f, 0x00, 0x51, 0x87, 0xd9, 0x0c, 0x17, 0x81, 0x98, 
0xd9, 0x62, 0x25, 0x49, 0x30, 0xa0, 0x74, 0x92, 0x08, 0x1c, 0x70, 0x66, 0x20, 0x26, 0x56, 0x02, 
0xc6, 0x4e, 0x00, 0x56, 0x89, 0x13, 0x71, 0x85, 0xd9, 0x0c, 0x56, 0x40, 0xb0, 0x74, 0x62, 0x65, 
0x4a, 0x69, 0x07, 0xe5, 0x76, 0xff, 0x62, 0x65, 0x49, 0x86, 0x1c, 0x00, 0x31, 0x8d, 0xd9, 0x51, 
0x7f, 0xd9, 0x0c, 0x64, 0x32, 0x03, 0x1c, 0x56, 0x43, 0x11, 0x31, 0x77, 0xd9, 0x42, 0x63, 0x4a, 
0x49, 0x05, 0x65, 0x78, 0xff, 0x46, 0x21, 0x00, 0x41, 0x74, 0xd9, 0x0c, 0x56, 0x62, 0xd6, 0x08, 
0x52, 0x24, 0x49, 0x71, 0x83, 0xd9, 0x30, 0xa0, 0x74, 0xb6, 0xa5, 0x02, 0xc6, 0x3b, 0x00, 0x57, 
0xd6, 0x02, 0x46, 0x3a, 0x00, 0x52, 0x07, 0x1c, 0x61, 0x71, 0xd9, 0x1c, 0x57, 0x56, 0xe5, 0x0d, 
0x0c, 0x75, 0x52, 0x64, 0x4a, 0x79, 0x06, 0x25, 0x27, 0xff, 0x52, 0x64, 0x49, 0xc6, 0x2c, 0x00, 
0x21, 0x6b, 0xd9, 0x41, 0x6b, 0xd9, 0x46, 0x35, 0x00, 0x51, 0x63, 0xd9, 0x71, 0x68, 0xd9, 0x0c, 
0x96, 0x30, 0xa0, 0x74, 0x40, 0xb0, 0x74, 0x62, 0x65, 0x4a, 0x69, 0x07, 0x65, 0xb6, 0xff, 0x38, 
0x02, 0x6c, 0xf4, 0x0c, 0x0f, 0x40, 0x33, 0x10, 0x39, 0x02, 0xf9, 0x07, 0x46, 0x6d, 0x00, 0x31, 
0x5a, 0xd9, 0x51, 0x6b, 0xd9, 0x42, 0x23, 0x49, 0x62, 0x05, 0x1c, 0x51, 0x5c, 0xd9, 0x26, 0x24, 
0x02, 0x86, 0x22, 0x00, 0x56, 0x76, 0x08, 0x0c, 0xa4, 0x42, 0x63, 0x4a, 0x49, 0x05, 0x42, 0x63, 
0x49, 0x38, 0x02, 0x6c, 0xfe, 0x0c, 0x0f, 0xe0, 0x33, 0x10, 0x39, 0x02, 0xf9, 0x05, 0xc6, 0x60, 
0x00, 0x31, 0x5f, 0xd9, 0x61, 0x52, 0xd9, 0x0c, 0xb5, 0x42, 0x03, 0x1c, 0x0c, 0x07, 0x16, 0xd4, 
0x05, 0x41, 0x49, 0xd9, 0x52, 0x64, 0x4a, 0x59, 0x06, 0x72, 0x43, 0x1c, 0x25, 0x06, 0xff, 0x31, 
0x47, 0xd9, 0xa2, 0x03, 0x0c, 0x65, 0x99, 0xff, 0x52, 0x64, 0x49, 0x38, 0x02, 0x6c, 0xff, 0xf0, 
0x33, 0x10, 0x39, 0x02, 0x79, 0x06, 0xc6, 0x52, 0x00, 0x41, 0x51, 0xd9, 0x71, 0x3f, 0xd9, 0x61, 
0x43, 0xd9, 0x42, 0x04, 0x1c, 0x0c, 0xd5, 0x30, 0xa0, 0x74, 0xec, 0x14, 0x52, 0x67, 0x4a, 0x59, 
0x06, 0x65, 0xb9, 0xff, 0x38, 0x02, 0x6c, 0xf4, 0x0c, 0x0f, 0x40, 0x33, 0x10, 0x39, 0x02, 0xf9, 
0x06, 0x06, 0x48, 0x00, 0x32, 0x07, 0x1c, 0x4d, 0x07, 0x51, 0x33, 0xd9, 0x16, 0x13, 0x0b, 0x21, 
0x37, 0xd9, 0x41, 0x37, 0xd9, 0x38, 0x02, 0x40, 0x33, 0x10, 0x32, 0xd3, 0x34, 0x39, 0x02, 0x38, 
0x02, 0x40, 0x33, 0x10, 0x32, 0xd3, 0x34, 0x06, 0x3e, 0x00, 0x21, 0x30, 0xd9, 0x41, 0x30, 0xd9, 
0x38, 0x02, 0x40, 0x33, 0x10, 0x32, 0xd3, 0x34, 0x39, 0x02, 0x28, 0x02, 0x40, 0x22, 0x10, 0x32, 
0xd2, 0x34, 0x51, 0x2a, 0xd9, 0x21, 0x43, 0xd9, 0x41, 0x25, 0xd9, 0x39, 0x05, 0x38, 0x02, 0xf8, 
0x14, 0x51, 0x41, 0xd9, 0x42, 0x04, 0x00, 0x26, 0x1f, 0x02, 0xc6, 0x30, 0x00, 0x7c, 0xff, 0x50, 
0x33, 0x10, 0x10, 0x5f, 0x01, 0x06, 0x2c, 0x00, 0x21, 0x21, 0xd9, 0x41, 0x21, 0xd9, 0x38, 0x02, 
0x40, 0x33, 0x10, 0x32, 0xd3, 0x34, 0x39, 0x02, 0x28, 0x02, 0x40, 0x22, 0x10, 0x32, 0xd2, 0x34, 
0x51, 0x1b, 0xd9, 0x21, 0x34, 0xd9, 0x41, 0x15, 0xd9, 0x39, 0x05, 0x38, 0x02, 0xf8, 0x14, 0x51, 
0x32, 0xd9, 0x42, 0x04, 0x00, 0x26, 0x1f, 0x02, 0x46, 0x21, 0x00, 0x50, 0x33, 0x10, 0x51, 0x2f, 
0xd9, 0x06, 0x1d, 0x00, 0x21, 0x12, 0xd9, 0x41, 0x12, 0xd9, 0x38, 0x02, 0x40, 0x33, 0x10, 0x32, 
0xd3, 0x34, 0x39, 0x02, 0x38, 0x02, 0x40, 0x33, 0x10, 0x32, 0xd3, 0x34, 0x39, 0x02, 0x06, 0xff, 
0xff, 0x31, 0x0a, 0xd9, 0x62, 0x65, 0x4a, 0x69, 0x03, 0x25, 0xb1, 0xff, 0x58, 0x02, 0x6c, 0xf6, 
0x0c, 0x17, 0x60, 0x55, 0x10, 0x59, 0x02, 0x22, 0x14, 0x0f, 0x16, 0x72, 0x05, 0x70, 0x22, 0x20, 
0xc6, 0x14, 0x00, 0x0c, 0x35, 0x52, 0x64, 0x4a, 0x79, 0x06, 0xe5, 0x3d, 0xff, 0x52, 0x64, 0x49, 
0x38, 0x02, 0x6c, 0xff, 0xf0, 0x43, 0x10, 0x0c, 0x03, 0x49, 0x02, 0x51, 0xfc, 0xd8, 0x21, 0x15, 
0xd9, 0x41, 0xf6, 0xd8, 0x39, 0x05, 0x38, 0x02, 0xf8, 0x14, 0x51, 0x13, 0xd9, 0x42, 0x04, 0x00, 
0x66, 0x1f, 0x0d, 0x50, 0x33, 0x10, 0x51, 0x12, 0xd9, 0x40, 0x33, 0x20, 0x5a, 0x33, 0x46, 0x00, 
0x00, 0x0c, 0x03, 0x39, 0x02, 0x21, 0xec, 0xd8, 0xa2, 0xc2, 0x30, 0x25, 0x01, 0x03, 0x1d, 0xf0, 
0x49, 0x03, 0xc6, 0xfb, 0xff, 0x0c, 0x02, 0x29, 0x03, 0x06, 0xfa, 0xff, 0x8c, 0x80, 0xff, 0x3f, 
0x36, 0x41, 0x00, 0x0b, 0x32, 0x0c, 0xe4, 0x37, 0xb4, 0x02, 0x86, 0x23, 0x00, 0x41, 0xfb, 0xff, 
0x51, 0xf4, 0xd8, 0x61, 0xe1, 0xd8, 0x40, 0x33, 0xa0, 0x38, 0x03, 0x42, 0x05, 0x1c, 0x72, 0x26, 
0x49, 0xa0, 0x03, 0x00, 0x31, 0xdd, 0xd8, 0x0c, 0x14, 0x32, 0x23, 0x49, 0x40, 0x33, 0x20, 0x26, 
0x53, 0x4a, 0xc6, 0x13, 0x00, 0x31, 0xd8, 0xd8, 0x32, 0x23, 0x49, 0x26, 0x13, 0x3e, 0xc6, 0x10, 
0x00, 0x31, 0xd5, 0xd8, 0x0c, 0x54, 0x42, 0xd4, 0x0c, 0x32, 0x23, 0x49, 0xf6, 0xa3, 0x35, 0x37, 
0xd4, 0x2a, 0xc6, 0x0b, 0x00, 0x31, 0xd0, 0xd8, 0x0c, 0x44, 0x32, 0x23, 0x49, 0x40, 0x33, 0x20, 
0x26, 0x73, 0x19, 0x86, 0x07, 0x00, 0x31, 0xcc, 0xd8, 0x0c, 0x54, 0x42, 0xd4, 0x08, 0x32, 0x23, 
0x49, 0xf6, 0xa3, 0x10, 0x37, 0xd4, 0x05, 0x86, 0x02, 0x00, 0x66, 0x27, 0x07, 0x31, 0xd8, 0xd8, 
0x32, 0x03, 0x1c, 0x9c, 0x53, 0x31, 0xc9, 0xd8, 0x41, 0xca, 0xd8, 0x28, 0x03, 0x40, 0x22, 0x10, 
0x42, 0xd2, 0x34, 0x0c, 0x02, 0x49, 0x03, 0x1d, 0xf0, 0x16, 0x84, 0xfe, 0x31, 0xbf, 0xd8, 0x22, 
0x63, 0x4a, 0x0c, 0x12, 0x1d, 0xf0, 0x00, 0x00, 0x36, 0x41, 0x00, 0x31, 0xda, 0xd8, 0x41, 0xbb, 
0xd8, 0x0c, 0x06, 0x58, 0x03, 0x78, 0x14, 0x81, 0xd8, 0xd8, 0x20, 0x20, 0x34, 0x66, 0x17, 0x14, 
0x42, 0x04, 0x00, 0x80, 0x22, 0x11, 0x80, 0x55, 0x10, 0x5a, 0x22, 0x7c, 0xff, 0x10, 0x5f, 0x01, 
0x40, 0x22, 0x20, 0x5a, 0x62, 0x69, 0x03, 0x1d, 0xf0, 0x00, 0x00, 0x00, 0x36, 0x41, 0x00, 0x1d, 
0xf0, 0x00, 0x00, 0x00, 0x36, 0x41, 0x00, 0x1d, 0xf0, 0x00, 0x00, 0x00, 0x36, 0x41, 0x00, 0x1d, 
0xf0, 0x00, 0x00, 0x00, 0x36, 0x41, 0x00, 0x1d, 0xf0, 0x00, 0x00, 0x00, 0x36, 0x41, 0x00, 0x21, 
0xa6, 0xd8, 0x51, 0xc9, 0xd8, 0x0c, 0x16, 0x32, 0xd2, 0x01, 0x42, 0x03, 0x18, 0xcc, 0x34, 0x62, 
0x43, 0x18, 0x69, 0x05, 0x41, 0xc6, 0xd8, 0x32, 0xd2, 0x01, 0x52, 0x03, 0x14, 0x48, 0x04, 0x40, 
0x40, 0xf5, 0x57, 0x14, 0x08, 0x42, 0x43, 0x14, 0xa5, 0x8d, 0x00, 0xa5, 0x93, 0x00, 0x42, 0x22, 
0x41, 0x32, 0x22, 0x40, 0x0c, 0xd5, 0x30, 0x55, 0x11, 0x30, 0x6e, 0x41, 0xe0, 0x44, 0x01, 0xe0, 
0x33, 0x01, 0x6a, 0x44, 0x5a, 0x33, 0x42, 0x62, 0x43, 0x32, 0x62, 0x42, 0x1d, 0xf0, 0x00, 0x00, 
0x36, 0x41, 0x00, 0x21, 0xb7, 0xd8, 0x31, 0xa3, 0xd8, 0x51, 0xa1, 0xd8, 0x28, 0x02, 0x0c, 0x1f, 
0x42, 0x15, 0x11, 0x9c, 0x72, 0x37, 0x92, 0x08, 0x40, 0x44, 0xb0, 0x50, 0x34, 0xa0, 0xf2, 0x53, 
0x1c, 0xe0, 0x02, 0x00, 0x21, 0xb0, 0xd8, 0x7c, 0xf3, 0x10, 0x33, 0x01, 0x39, 0x02, 0x1d, 0xf0, 
0x36, 0x41, 0x00, 0x21, 0x86, 0xd8, 0x41, 0x98, 0xd8, 0x61, 0x98, 0xd8, 0x31, 0x95, 0xd8, 0x22, 
0x02, 0x0c, 0x78, 0x04, 0x58, 0x06, 0x48, 0x04, 0x68, 0x06, 0x82, 0x03, 0x1c, 0x92, 0x03, 0x1d, 
0xc8, 0xa3, 0x16, 0x18, 0x07, 0xbc, 0xa9, 0x82, 0xd3, 0x04, 0xa2, 0x28, 0x2e, 0x40, 0x77, 0xc0, 
0x82, 0x28, 0x2f, 0xb2, 0xa0, 0x64, 0x70, 0x56, 0x93, 0xb0, 0x7c, 0x82, 0xa0, 0xc5, 0xc0, 0xa0, 
0x55, 0x62, 0x80, 0xd4, 0xc0, 0x0c, 0x1e, 0x70, 0x7c, 0x62, 0x50, 0x4d, 0xc0, 0xe0, 0xf7, 0x30, 
0x40, 0xfe, 0x93, 0xcc, 0xcf, 0xe5, 0x91, 0x01, 0x42, 0xd3, 0x04, 0x58, 0x33, 0x42, 0x24, 0x30, 
0x57, 0x04, 0x35, 0xad, 0x02, 0x65, 0x63, 0xff, 0x22, 0x03, 0x1d, 0x0c, 0x04, 0x8c, 0x12, 0x42, 
0x43, 0x1d, 0x21, 0x90, 0xd8, 0x7c, 0xf4, 0x10, 0x44, 0x01, 0x49, 0x02, 0xb8, 0x03, 0x0c, 0x0a, 
0x65, 0x44, 0xff, 0xe5, 0x4d, 0xff, 0x22, 0xc3, 0x28, 0x28, 0x02, 0x32, 0xa0, 0x64, 0xb1, 0x75, 
0xd8, 0x30, 0xa2, 0x82, 0x65, 0xae, 0xfe, 0x1d, 0xf0, 0x22, 0xc3, 0x14, 0x46, 0xfa, 0xff, 0x00, 
0x36, 0x41, 0x00, 0x31, 0x84, 0xd8, 0x7c, 0xf4, 0x40, 0x42, 0x41, 0x28, 0x03, 0x0c, 0x15, 0x20, 
0x55, 0x01, 0x96, 0x42, 0x06, 0x40, 0x42, 0x10, 0x5a, 0x54, 0x20, 0xf0, 0xf4, 0x59, 0x03, 0x66, 
0x1f, 0x57, 0x7c, 0xf2, 0x10, 0x22, 0x01, 0x2a, 0x44, 0x21, 0x65, 0xd8, 0x49, 0x03, 0x32, 0x02, 
0x1c, 0x42, 0x02, 0x1d, 0x16, 0x23, 0x04, 0x56, 0xf4, 0x03, 0x32, 0x02, 0x18, 0x42, 0x12, 0x11, 
0x07, 0x63, 0x0d, 0x40, 0x34, 0xb0, 0x20, 0x33, 0xa0, 0x42, 0x23, 0x13, 0x1b, 0x44, 0x42, 0x63, 
0x13, 0x0c, 0x13, 0x32, 0x42, 0x1d, 0xa5, 0xc6, 0xfe, 0xa5, 0x87, 0x01, 0x32, 0xd2, 0x04, 0x48, 
0x32, 0x32, 0x23, 0x30, 0x28, 0x52, 0x52, 0xa0, 0x64, 0x47, 0x03, 0x04, 0x25, 0xef, 0xff, 0x1d, 
0xf0, 0xb1, 0x54, 0xd8, 0x50, 0xa2, 0x82, 0x65, 0xa6, 0xfe, 0x1d, 0xf0, 0x36, 0x41, 0x00, 0x0c, 
0xf3, 0x0c, 0x02, 0x50, 0x33, 0x01, 0x42, 0xa3, 0xe8, 0x0c, 0x05, 0x29, 0x03, 0x4b, 0x55, 0x4b, 
0x33, 0x47, 0x35, 0xf6, 0x1d, 0xf0, 0x00, 0x00, 0x36, 0x41, 0x00, 0x21, 0x37, 0xd8, 0x0c, 0xf3, 
0x50, 0x33, 0x01, 0x42, 0x22, 0x47, 0xa1, 0x5c, 0xd8, 0x49, 0x03, 0x42, 0x22, 0x48, 0xb1, 0x5b, 
0xd8, 0x49, 0x0a, 0x42, 0x22, 0x49, 0xc1, 0x5a, 0xd8, 0x49, 0x0b, 0x51, 0x41, 0xd8, 0x42, 0x22, 
0x4a, 0xd1, 0x58, 0xd8, 0x49, 0x0c, 0xe1, 0x2d, 0xd8, 0x48, 0x05, 0x49, 0x0d, 0x32, 0x0e, 0x0c, 
0xf1, 0x56, 0xd8, 0x61, 0x56, 0xd8, 0x00, 0x33, 0x23, 0x39, 0x0f, 0x42, 0xd2, 0x01, 0x32, 0x04, 
0x14, 0x71, 0x53, 0xd8, 0x39, 0x06, 0x42, 0x22, 0x4b, 0x81, 0x52, 0xd8, 0x49, 0x07, 0x42, 0x22, 
0x4c, 0x91, 0x51, 0xd8, 0x49, 0x08, 0x42, 0x0e, 0x10, 0xa1, 0x50, 0xd8, 0x49, 0x09, 0x48, 0x5e, 
0xb1, 0x50, 0xd8, 0x49, 0x0a, 0x42, 0x0e, 0x00, 0xc1, 0x4f, 0xd8, 0x49, 0x0b, 0x48, 0x1e, 0xd1, 
0x4e, 0xd8, 0x49, 0x0c, 0x42, 0x22, 0x4d, 0xe1, 0x4d, 0xd8, 0x49, 0x0d, 0x42, 0x22, 0x4e, 0xf2, 
0xa0, 0x80, 0x49, 0x0e, 0x41, 0x4b, 0xd8, 0x1c, 0x13, 0xfa, 0x52, 0x68, 0x05, 0x69, 0x04, 0x0b, 
0x33, 0x8b, 0x55, 0x4b, 0x44, 0x56, 0x23, 0xff, 0x31, 0x47, 0xd8, 0x48, 0x02, 0xd1, 0x46, 0xd8, 
0x49, 0x03, 0x48, 0x42, 0xe1, 0x46, 0xd8, 0x49, 0x0d, 0xf8, 0x82, 0xf9, 0x0e, 0x1d, 0xf0, 0x00, 
0x36, 0x41, 0x00, 0x0c, 0xf3, 0x21, 0x08, 0xd8, 0x50, 0x33, 0x01, 0x41, 0x2f, 0xd8, 0x38, 0x03, 
0x32, 0x62, 0x47, 0xb1, 0x2e, 0xd8, 0x38, 0x04, 0x32, 0x62, 0x48, 0xc1, 0x2d, 0xd8, 0x38, 0x0b, 
0x32, 0x62, 0x49, 0xd1, 0x2c, 0xd8, 0x38, 0x0c, 0xe1, 0x12, 0xd8, 0x32, 0x62, 0x4a, 0x51, 0x2a, 
0xd8, 0x48, 0x0d, 0xf1, 0xfe, 0xd7, 0x49, 0x0e, 0x61, 0x29, 0xd8, 0x48, 0x05, 0x42, 0x4f, 0x0c, 
0x58, 0x06, 0x61, 0x27, 0xd8, 0x72, 0xd2, 0x01, 0x52, 0x47, 0x14, 0x81, 0x26, 0xd8, 0x48, 0x06, 
0x42, 0x62, 0x4b, 0x91, 0x25, 0xd8, 0x48, 0x08, 0x42, 0x62, 0x4c, 0xa1, 0x24, 0xd8, 0x48, 0x09, 
0x42, 0x4f, 0x10, 0xb1, 0x23, 0xd8, 0x48, 0x0a, 0x49, 0x5f, 0xc1, 0x22, 0xd8, 0x48, 0x0b, 0x42, 
0x4f, 0x00, 0xd1, 0x21, 0xd8, 0x48, 0x0c, 0x49, 0x1f, 0xe1, 0x20, 0xd8, 0x38, 0x0d, 0x32, 0x62, 
0x4d, 0x58, 0x0e, 0xf2, 0xa0, 0x80, 0x41, 0x1e, 0xd8, 0x52, 0x62, 0x4e, 0x1c, 0x13, 0x0c, 0x05, 
0xfa, 0x62, 0x78, 0x04, 0x59, 0x16, 0x79, 0x06, 0x0b, 0x33, 0x4b, 0x44, 0x8b, 0x66, 0x56, 0x03, 
0xff, 0x31, 0x18, 0xd8, 0x41, 0x19, 0xd8, 0xf1, 0x19, 0xd8, 0x38, 0x03, 0x39, 0x02, 0x38, 0x04, 
0x39, 0x42, 0x38, 0x0f, 0x39, 0x82, 0x1d, 0xf0, 0x36, 0x41, 0x00, 0x20, 0x6f, 0x00, 0x0c, 0x73, 
0x51, 0xe1, 0xd7, 0x40, 0x33, 0x01, 0x0c, 0x04, 0x49, 0x03, 0x38, 0x05, 0x20, 0xe6, 0x13, 0x10, 
0x20, 0x00, 0x21, 0xdd, 0xd7, 0x51, 0xdd, 0xd7, 0x61, 0xde, 0xd7, 0x0c, 0x1c, 0xd1, 0xde, 0xd7, 
0xe1, 0xdf, 0xd7, 0x49, 0x02, 0x49, 0x05, 0x10, 0x5c, 0x11, 0xb1, 0xda, 0xd7, 0x50, 0x33, 0x20, 
0x0c, 0x1f, 0xb9, 0x06, 0x39, 0x0d, 0xf9, 0x0e, 0x38, 0x02, 0x66, 0x13, 0xfa, 0x1d, 0xf0, 0x00, 
0x36, 0x41, 0x00, 0x81, 0xd1, 0xd7, 0xb1, 0xd1, 0xd7, 0xa0, 0x33, 0x01, 0x50, 0x22, 0x11, 0x00, 
0x44, 0x11, 0x20, 0x55, 0x11, 0xc1, 0xce, 0xd7, 0xd1, 0xd0, 0xd7, 0xe1, 0xd0, 0xd7, 0x20, 0x23, 
0x20, 0x50, 0x44, 0x20, 0x0c, 0x09, 0x40, 0x22, 0x20, 0x0c, 0x1f, 0x99, 0x08, 0x29, 0x0b, 0x69, 
0x0c, 0x79, 0x0d, 0xf9, 0x0e, 0x28, 0x08, 0x66, 0x12, 0xfa, 0x1d, 0xf0, 0x36, 0x41, 0x00, 0x21, 
0xbc, 0xd7, 0xa1, 0xbc, 0xd7, 0x0c, 0x33, 0x0c, 0x2b, 0x1c, 0xfc, 0x0c, 0x0d, 0x0c, 0x2e, 0x39, 
0x02, 0x65, 0x98, 0x01, 0x2d, 0x0a, 0x1d, 0xf0, 0x36, 0x41, 0x00, 0x21, 0xb5, 0xd7, 0xa1, 0xb5, 
0xd7, 0x0c, 0x13, 0x0c, 0x0b, 0x1c, 0xfc, 0x0c, 0x0d, 0x0c, 0x2e, 0x39, 0x02, 0xa5, 0x96, 0x01, 
0x2d, 0x0a, 0x1d, 0xf0, 0x36, 0x41, 0x00, 0x31, 0xb1, 0xd7, 0x48, 0x03, 0x40, 0x40, 0x74, 0x20, 
0x24, 0x20, 0x29, 0x03, 0x1d, 0xf0, 0x00, 0x00, 0x36, 0x41, 0x00, 0x0c, 0x2a, 0x0c, 0x0b, 0x25, 
0x20, 0x01, 0x0c, 0x2a, 0x25, 0x21, 0x01, 0x0c, 0x0a, 0x0c, 0x0b, 0x25, 0xf0, 0x00, 0x32, 0xda, 
0x50, 0x21, 0xb0, 0xd7, 0x51, 0xb1, 0xd7, 0xa0, 0x43, 0x62, 0x4a, 0x4b, 0x0c, 0xaa, 0x0c, 0x0b, 
0x39, 0x02, 0x49, 0x05, 0xa5, 0x1d, 0x01, 0x0c, 0xaa, 0xe5, 0x1e, 0x01, 0x1d, 0xf0, 0x00, 0x00, 
0x36, 0x41, 0x00, 0x21, 0xad, 0xd7, 0x41, 0xad, 0xd7, 0x58, 0x02, 0x68, 0x04, 0x38, 0x02, 0x28, 
0x04, 0x30, 0xf5, 0xc0, 0xf0, 0x26, 0x83, 0x1d, 0xf0, 0x00, 0x00, 0x00, 0x36, 0x41, 0x00, 0x31, 
0xa4, 0xd7, 0x20, 0x22, 0xb0, 0x0c, 0x04, 0x30, 0x22, 0xa0, 0x49, 0xa3, 0x49, 0xd2, 0x1d, 0xf0, 
0x36, 0x41, 0x00, 0x31, 0x9f, 0xd7, 0x20, 0x22, 0xb0, 0x0c, 0x0f, 0x30, 0x22, 0xa0, 0x48, 0xd2, 
0x58, 0xc2, 0x0c, 0x06, 0x47, 0xb5, 0x08, 0x50, 0x44, 0xc0, 0x49, 0xd2, 0x69, 0xa3, 0x1d, 0xf0, 
0x50, 0x61, 0x41, 0x47, 0xb6, 0x08, 0x60, 0x44, 0xc0, 0x69, 0xa3, 0x49, 0xd2, 0x1d, 0xf0, 0x40, 
0x45, 0xc0, 0x49, 0xa3, 0xf9, 0xd2, 0x1d, 0xf0, 0x36, 0x41, 0x00, 0x30, 0xea, 0x03, 0x40, 0xea, 
0x03, 0x30, 0x44, 0xc0, 0x27, 0x34, 0xf6, 0x31, 0x90, 0xd7, 0x41, 0x90, 0xd7, 0x21, 0x8c, 0xd7, 
0x58, 0x03, 0x68, 0x04, 0x38, 0x03, 0x72, 0xd2, 0x04, 0x48, 0x04, 0x82, 0x27, 0x2d, 0xd2, 0x27, 
0x2c, 0x30, 0x55, 0xc0, 0x50, 0x46, 0x83, 0x80, 0xe3, 0xc0, 0x30, 0x38, 0x62, 0x0c, 0x1f, 0x40, 
0x4d, 0x62, 0xf0, 0x33, 0x30, 0xf0, 0x44, 0x30, 0xe0, 0x34, 0x83, 0xfc, 0x13, 0x22, 0x02, 0x1c, 
0x81, 0x8a, 0xd7, 0x4c, 0x03, 0xac, 0x72, 0x39, 0x08, 0x30, 0x6f, 0x00, 0x61, 0x88, 0xd7, 0x0c, 
0x74, 0x40, 0x44, 0x01, 0x0c, 0x05, 0x0c, 0x47, 0x59, 0x04, 0x79, 0x06, 0x30, 0xe6, 0x13, 0x10, 
0x20, 0x00, 0x59, 0x08, 0x20, 0xea, 0x03, 0x30, 0xea, 0x03, 0x27, 0x13, 0xf9, 0xc6, 0xfc, 0xff, 
0x1d, 0xf0, 0x00, 0x00, 0x36, 0x41, 0x00, 0x41, 0x72, 0xd7, 0x21, 0x75, 0xd7, 0x71, 0x75, 0xd7, 
0x52, 0xd4, 0x04, 0x32, 0x14, 0x10, 0xb2, 0x25, 0x36, 0xa2, 0x25, 0x35, 0x16, 0x23, 0x05, 0x42, 
0xc4, 0x4c, 0x0c, 0x05, 0x1c, 0xf6, 0x82, 0xa0, 0x80, 0x0c, 0x09, 0xc2, 0xc4, 0xe0, 0xd8, 0x0c, 
0x1b, 0x99, 0xd0, 0xe0, 0x64, 0xd0, 0xd7, 0x04, 0xd0, 0xe6, 0x83, 0xf0, 0xde, 0x11, 0xd9, 0x02, 
0xd8, 0x4c, 0xd9, 0x07, 0xd8, 0x5c, 0xf2, 0xce, 0x40, 0xd9, 0x07, 0xf9, 0x02, 0xd8, 0x6c, 0xf2, 
0xce, 0x60, 0xd9, 0x07, 0xf9, 0x02, 0xf8, 0x7c, 0x8a, 0xee, 0xf9, 0x07, 0xe9, 0x02, 0xf8, 0x04, 
0xf9, 0x07, 0x59, 0x04, 0x42, 0xc4, 0x24, 0x59, 0x7c, 0x59, 0x6c, 0x59, 0x5c, 0x59, 0x4c, 0x37, 
0x39, 0xb8, 0x0c, 0x03, 0x0c, 0x0c, 0x5c, 0x0d, 0x39, 0x02, 0x25, 0xb9, 0x00, 0x1d, 0xf0, 0x00, 
0x36, 0x41, 0x00, 0x41, 0x53, 0xd7, 0xad, 0x02, 0xc2, 0xa0, 0x64, 0x52, 0x14, 0x11, 0x0c, 0x0d, 
0xbd, 0x03, 0x50, 0x55, 0xb0, 0x40, 0x45, 0xa0, 0x58, 0xf4, 0x0c, 0x02, 0x25, 0xf9, 0x01, 0x32, 
0x24, 0x11, 0xaa, 0xf5, 0x22, 0x64, 0x10, 0x1b, 0x33, 0xf9, 0xf4, 0x32, 0x64, 0x11, 0x1d, 0xf0, 
0x36, 0x41, 0x00, 0x31, 0x47, 0xd7, 0x22, 0xd3, 0x04, 0x42, 0xd3, 0x04, 0x52, 0x22, 0x34, 0x62, 
0x22, 0x33, 0x32, 0x22, 0x32, 0x42, 0x24, 0x31, 0x67, 0x35, 0x04, 0x0c, 0x05, 0x52, 0x62, 0x34, 
0x5a, 0xa4, 0x40, 0x4a, 0x62, 0x4a, 0xb3, 0x0c, 0x0c, 0x0c, 0xad, 0x25, 0xb3, 0x00, 0x32, 0x22, 
0x34, 0x32, 0xc3, 0x50, 0x32, 0x62, 0x34, 0x1d, 0xf0, 0x00, 0x00, 0x00, 0x36, 0x41, 0x00, 0x41, 
0x3a, 0xd7, 0x51, 0x3a, 0xd7, 0x0c, 0x28, 0x68, 0x04, 0x78, 0x05, 0x48, 0x04, 0x58, 0x05, 0x7c, 
0x49, 0x0c, 0x8a, 0x20, 0xb8, 0x62, 0xc1, 0x36, 0xd7, 0xf1, 0x36, 0xd7, 0x40, 0x66, 0xc0, 0xb0, 
0xa9, 0x93, 0x80, 0xd2, 0x11, 0xa0, 0xe2, 0xa0, 0x60, 0x57, 0x83, 0x3a, 0x3d, 0xe9, 0x0c, 0x59, 
0x0f, 0x49, 0x0f, 0x39, 0x0f, 0x1d, 0xf0, 0x00, 0x36, 0x41, 0x00, 0x21, 0x51, 0xd7, 0x31, 0x51, 
0xd7, 0x41, 0x51, 0xd7, 0x28, 0x02, 0x38, 0x03, 0x48, 0x04, 0x80, 0x22, 0x11, 0x00, 0x33, 0x11, 
0x40, 0x40, 0x24, 0x20, 0x23, 0x20, 0x4a, 0x22, 0x40, 0x24, 0x83, 0x1d, 0xf0, 0x00, 0x00, 0x00, 
0x36, 0x41, 0x00, 0xcc, 0x02, 0x1d, 0xf0, 0x4c, 0x3a, 0x70, 0xaa, 0x11, 0x0c, 0x0b, 0x0c, 0x02, 
0xa5, 0x9f, 0xfe, 0x31, 0x46, 0xd7, 0xa1, 0x46, 0xd7, 0x0c, 0x1b, 0x29, 0x03, 0x25, 0x8e, 0x02, 
0x36, 0x41, 0x00, 0x26, 0x32, 0x02, 0x86, 0x67, 0x00, 0x31, 0x07, 0xd7, 0x42, 0xa0, 0xe0, 0xe1, 
0x41, 0xd7, 0x28, 0x03, 0xf1, 0x41, 0xd7, 0x0c, 0x0a, 0x47, 0x42, 0x02, 0x06, 0x62, 0x00, 0x0c, 
0x0b, 0x0c, 0x0c, 0x0c, 0x0d, 0x0c, 0x04, 0xa5, 0xcc, 0xff, 0x22, 0xa6, 0x41, 0x90, 0x22, 0x11, 
0x0c, 0x0a, 0x0c, 0x0b, 0x0c, 0x0c, 0x0c, 0x0d, 0x0c, 0x1f, 0xed, 0x02, 0x25, 0xcb, 0xff, 0x0c, 
0x0a, 0x0c, 0x0b, 0x0c, 0x0c, 0x0c, 0x0d, 0x1c, 0x0f, 0xed, 0x02, 0x65, 0xca, 0xff, 0xe1, 0x33, 
0xd7, 0x0c, 0x0a, 0x0c, 0x0b, 0x0c, 0x0c, 0x0c, 0x0d, 0x0c, 0x1f, 0x65, 0xc9, 0xff, 0x0c, 0x72, 
0x51, 0x30, 0xd7, 0x40, 0x22, 0x01, 0x62, 0xa0, 0xc8, 0x80, 0x6f, 0x00, 0x49, 0x02, 0x78, 0x05, 
0x80, 0xe6, 0x13, 0x10, 0x20, 0x00, 0x80, 0xea, 0x03, 0x90, 0xea, 0x03, 0x80, 0x99, 0xc0, 0x67, 
0x39, 0xf6, 0x57, 0x67, 0xe3, 0x70, 0x6f, 0x00, 0x51, 0x27, 0xd7, 0x0c, 0x04, 0x62, 0xa0, 0xc8, 
0x49, 0x02, 0x88, 0x05, 0x70, 0xe6, 0x13, 0x10, 0x20, 0x00, 0x70, 0xea, 0x03, 0x90, 0xea, 0x03, 
0x70, 0x99, 0xc0, 0x67, 0x39, 0xf6, 0x70, 0x6f, 0x00, 0x49, 0x02, 0x17, 0x68, 0xe3, 0x41, 0x1e, 
0xd7, 0x48, 0x04, 0x70, 0xe6, 0x13, 0x10, 0x20, 0x00, 0x0c, 0x35, 0x60, 0x55, 0x01, 0xe1, 0x15, 
0xd7, 0x50, 0xf4, 0x10, 0x0c, 0x0a, 0x0c, 0x0b, 0x0c, 0x0c, 0x0c, 0x0d, 0x0c, 0x06, 0x25, 0xc2, 
0xff, 0x38, 0x03, 0x52, 0xa0, 0x60, 0x41, 0xb8, 0xd6, 0x50, 0x53, 0x10, 0x30, 0x30, 0x24, 0xf0, 
0x75, 0x01, 0x00, 0x33, 0x11, 0x51, 0x11, 0xd7, 0x0c, 0x1f, 0x3a, 0x77, 0x50, 0x3f, 0x11, 0x90, 
0x6f, 0x00, 0x79, 0x04, 0x69, 0x02, 0x88, 0x05, 0x69, 0x04, 0x90, 0xe6, 0x13, 0x10, 0x20, 0x00, 
0x90, 0xea, 0x03, 0xa0, 0xea, 0x03, 0x90, 0xaa, 0xc0, 0x37, 0x3a, 0xf6, 0x16, 0xf8, 0xfd, 0x0c, 
0x16, 0xc0, 0x66, 0x01, 0x60, 0x67, 0x20, 0x0c, 0x07, 0x90, 0x6f, 0x00, 0x69, 0x04, 0x79, 0x02, 
0x88, 0x05, 0x79, 0x04, 0x90, 0xe6, 0x13, 0x10, 0x20, 0x00, 0x90, 0xea, 0x03, 0xa0, 0xea, 0x03, 
0x90, 0xaa, 0xc0, 0x37, 0x3a, 0xf6, 0x16, 0xf8, 0xfd, 0x40, 0xea, 0x03, 0x52, 0xa1, 0xf4, 0x60, 
0xea, 0x03, 0x40, 0x66, 0xc0, 0x57, 0x36, 0xf6, 0x60, 0x6f, 0x00, 0x51, 0xf9, 0xd6, 0x0c, 0x04, 
0x49, 0x02, 0x88, 0x05, 0x60, 0xe6, 0x13, 0x10, 0x20, 0x00, 0x70, 0x6f, 0x00, 0x61, 0xf5, 0xd6, 
0x49, 0x02, 0x98, 0x06, 0x70, 0xe6, 0x13, 0x10, 0x20, 0x00, 0x0c, 0x17, 0xd0, 0x77, 0x01, 0x30, 
0x88, 0x10, 0x70, 0x99, 0x10, 0x8a, 0x89, 0xac, 0xd8, 0x80, 0xea, 0x03, 0x90, 0xea, 0x03, 0x80, 
0x99, 0xc0, 0x37, 0x39, 0xf6, 0x80, 0x6f, 0x00, 0x49, 0x02, 0x98, 0x05, 0x80, 0xe6, 0x13, 0x10, 
0x20, 0x00, 0x80, 0x6f, 0x00, 0x49, 0x02, 0xa8, 0x06, 0x80, 0xe6, 0x13, 0x10, 0x20, 0x00, 0x30, 
0x89, 0x10, 0x70, 0x9a, 0x10, 0x06, 0xf3, 0xff, 0x1d, 0xf0, 0x00, 0x00, 0x36, 0x41, 0x00, 0x21, 
0x9b, 0xd6, 0x0c, 0x14, 0x20, 0x44, 0x01, 0x32, 0x02, 0x00, 0x28, 0x12, 0x0c, 0x0e, 0x00, 0x33, 
0x11, 0x4a, 0xf3, 0x0b, 0x22, 0x20, 0xfe, 0x93, 0xe1, 0xdc, 0xd6, 0x0c, 0x7a, 0x0c, 0x0b, 0x0c, 
0x0c, 0x0c, 0x0d, 0xe5, 0xb1, 0xff, 0x21, 0xaf, 0xd6, 0x38, 0x02, 0x96, 0xa3, 0xff, 0x1d, 0xf0, 
0x36, 0x41, 0x00, 0x21, 0x8e, 0xd6, 0x7c, 0xf4, 0x10, 0x44, 0x01, 0x58, 0x12, 0x32, 0x02, 0x00, 
0x0c, 0x0e, 0x0b, 0xf5, 0x4a, 0x23, 0xf0, 0x2e, 0x93, 0xe1, 0xcf, 0xd6, 0x0c, 0x7a, 0x0c, 0x0b, 
0x0c, 0x0c, 0x0c, 0x0d, 0xfd, 0x02, 0xa5, 0xae, 0xff, 0x8c, 0x62, 0x31, 0xa2, 0xd6, 0x48, 0x03, 
0x27, 0x94, 0xfa, 0x1d, 0xf0, 0x00, 0x00, 0x00, 0x36, 0x41, 0x00, 0x21, 0x80, 0xd6, 0x7c, 0xf3, 
0x10, 0x33, 0x01, 0x58, 0x12, 0x42, 0x02, 0x00, 0xf1, 0xc5, 0xd6, 0x0c, 0x06, 0x3a, 0x24, 0x0b, 
0xe5, 0xe0, 0x26, 0x93, 0xe1, 0xc1, 0xd6, 0x29, 0x0f, 0x0c, 0x7a, 0x0c, 0x0b, 0x0c, 0x0c, 0x0c, 
0x0d, 0xfd, 0x02, 0xe5, 0xaa, 0xff, 0xe1, 0xbe, 0xd6, 0x0c, 0x0a, 0x0c, 0x0b, 0x0c, 0x0c, 0x0c, 
0x0d, 0xfd, 0x02, 0xe5, 0xa9, 0xff, 0xe1, 0xbb, 0xd6, 0x0c, 0x0a, 0x0c, 0x0b, 0x0c, 0x0c, 0x0c, 
0x0d, 0xfd, 0x02, 0xe5, 0xa8, 0xff, 0x65, 0xf4, 0xff, 0xe2, 0xa0, 0x91, 0x90, 0xee, 0x11, 0x0c, 
0x0a, 0x0c, 0x0b, 0x0c, 0x0c, 0x0c, 0x0d, 0xfd, 0x02, 0x65, 0xa7, 0xff, 0x25, 0xf6, 0xff, 0x1d, 
0xf0, 0x00, 0x00, 0x00, 0x36, 0x41, 0x00, 0x30, 0x6f, 0x00, 0x0c, 0x74, 0x51, 0xaf, 0xd6, 0x40, 
0x44, 0x01, 0x0c, 0x02, 0x29, 0x04, 0x48, 0x05, 0x30, 0xe6, 0x13, 0x10, 0x20, 0x00, 0x7c, 0xf3, 
0x51, 0xab, 0xd6, 0x30, 0x38, 0x41, 0x61, 0xaa, 0xd6, 0xd1, 0x80, 0xd6, 0x30, 0x44, 0x10, 0x49, 
0x05, 0x58, 0x06, 0x38, 0x0d, 0xe1, 0xa7, 0xd6, 0xa0, 0xf4, 0x11, 0x30, 0x30, 0x31, 0x50, 0x5a, 
0x41, 0x32, 0x4e, 0x00, 0x31, 0xa5, 0xd6, 0x1c, 0x14, 0xfa, 0x55, 0x1b, 0x65, 0x50, 0x76, 0x62, 
0x59, 0x03, 0x29, 0x13, 0x0b, 0x44, 0x8b, 0x33, 0x5d, 0x06, 0x7a, 0x22, 0x56, 0xb4, 0xfe, 0x1d, 
0xf0, 0x00, 0x00, 0x00, 0x36, 0x41, 0x00, 0x21, 0x4d, 0xd6, 0x31, 0x9b, 0xd6, 0x52, 0xa0, 0x80, 
0x42, 0x02, 0x00, 0x28, 0x12, 0x5a, 0x53, 0x30, 0x34, 0xb0, 0x20, 0x53, 0x93, 0x28, 0x05, 0x38, 
0x15, 0xe1, 0x96, 0xd6, 0x20, 0xfe, 0x41, 0xe0, 0x53, 0x01, 0xe0, 0x32, 0x01, 0xfa, 0x25, 0x0c, 
0x0a, 0x0c, 0x0b, 0x0c, 0x0c, 0x0c, 0x0d, 0xfd, 0x03, 0x65, 0x9d, 0xff, 0xe1, 0x91, 0xd6, 0x0c, 
0x0a, 0x0c, 0x0b, 0x0c, 0x0c, 0x0c, 0x0d, 0xfd, 0x02, 0x65, 0x9c, 0xff, 0xe1, 0x8e, 0xd6, 0xf2, 
0xd3, 0x0c, 0x0c, 0x0a, 0x0c, 0x0b, 0x0c, 0x0c, 0x0c, 0x0d, 0x65, 0x9b, 0xff, 0xe1, 0x8a, 0xd6, 
0x0c, 0x0a, 0x0c, 0x0b, 0x0c, 0x0c, 0x0c, 0x0d, 0xfd, 0x02, 0x65, 0x9a, 0xff, 0x1d, 0xf0, 0x00, 
0x36, 0x41, 0x00, 0xe2, 0xa0, 0x97, 0x90, 0xee, 0x11, 0x0c, 0x0a, 0x0c, 0x0b, 0x0c, 0x0c, 0x0c, 
0x0d, 0x0c, 0x0f, 0xe5, 0x98, 0xff, 0xe2, 0xa2, 0x67, 0xb0, 0xee, 0x11, 0x0c, 0x0a, 0x0c, 0x0b, 
0x0c, 0x0c, 0x0c, 0x0d, 0x0c, 0x0f, 0xa5, 0x97, 0xff, 0xe2, 0xa1, 0x39, 0xa0, 0xee, 0x11, 0x0c, 
0x0a, 0x0c, 0x0b, 0x0c, 0x0c, 0x0c, 0x0d, 0x0c, 0x0f, 0x65, 0x96, 0xff, 0xe2, 0xa2, 0x7d, 0xb0, 
0xee, 0x11, 0x0c, 0x0a, 0x0c, 0x0b, 0x0c, 0x0c, 0x0c, 0x0d, 0x0c, 0x0f, 0x25, 0x95, 0xff, 0x5c, 
0x1e, 0x80, 0xee, 0x11, 0x0c, 0x0a, 0x0c, 0x0b, 0x0c, 0x0c, 0x0c, 0x0d, 0x0c, 0x0f, 0x25, 0x94, 
0xff, 0xe2, 0xa2, 0x93, 0xb0, 0xee, 0x11, 0x0c, 0x0a, 0x0c, 0x0b, 0x0c, 0x0c, 0x0c, 0x0d, 0x0c, 
0x0f, 0xe5, 0x92, 0xff, 0xe2, 0xa1, 0x4f, 0xa0, 0xee, 0x11, 0x0c, 0x0a, 0x0c, 0x0b, 0x0c, 0x0c, 
0x0c, 0x0d, 0x0c, 0x0f, 0xa5, 0x91, 0xff, 0xe2, 0xa2, 0xa9, 0xb0, 0xee, 0x11, 0x0c, 0x0a, 0x0c, 
0x0b, 0x0c, 0x0c, 0x0c, 0x0d, 0x0c, 0x0f, 0xa5, 0x90, 0xff, 0xe2, 0xa0, 0xc7, 0x90, 0xee, 0x11, 
0x0c, 0x0a, 0x0c, 0x0b, 0x0c, 0x0c, 0x0c, 0x0d, 0x0c, 0x0f, 0x65, 0x8f, 0xff, 0xe2, 0xa3, 0x27, 
0xb0, 0xee, 0x11, 0x0c, 0x0a, 0x0c, 0x0b, 0x0c, 0x0c, 0x0c, 0x0d, 0x0c, 0x0f, 0x25, 0x8e, 0xff, 
0xe2, 0xa1, 0x99, 0xa0, 0xee, 0x11, 0x0c, 0x0a, 0x0c, 0x0b, 0x0c, 0x0c, 0x0c, 0x0d, 0x0c, 0x0f, 
0xe5, 0x8c, 0xff, 0xe2, 0xa3, 0x3d, 0xb0, 0xee, 0x11, 0x0c, 0x0a, 0x0c, 0x0b, 0x0c, 0x0c, 0x0c, 
0x0d, 0x0c, 0x0f, 0xe5, 0x8b, 0xff, 0xe2, 0xa0, 0x69, 0x80, 0xee, 0x11, 0x0c, 0x0a, 0x0c, 0x0b, 
0x0c, 0x0c, 0x0c, 0x0d, 0x0c, 0x0f, 0xa5, 0x8a, 0xff, 0xe2, 0xa3, 0x53, 0xb0, 0xee, 0x11, 0x0c, 
0x0a, 0x0c, 0x0b, 0x0c, 0x0c, 0x0c, 0x0d, 0x0c, 0x0f, 0x65, 0x89, 0xff, 0xe2, 0xa1, 0xaf, 0xa0, 
0xee, 0x11, 0x0c, 0x0a, 0x0c, 0x0b, 0x0c, 0x0c, 0x0c, 0x0d, 0x0c, 0x0f, 0x25, 0x88, 0xff, 0xe2, 
0xa3, 0x69, 0xb0, 0xee, 0x11, 0x0c, 0x0a, 0x0c, 0x0b, 0x0c, 0x0c, 0x0c, 0x0d, 0x0c, 0x0f, 0x25, 
0x87, 0xff, 0x1d, 0xf0, 0x36, 0x41, 0x00, 0xe2, 0xa0, 0xa8, 0xe2, 0xde, 0x4b, 0x0c, 0x0a, 0x0c, 
0x0b, 0x0c, 0x0c, 0x0c, 0x0d, 0x0c, 0x0f, 0xa5, 0x85, 0xff, 0xe2, 0xa0, 0xbc, 0xe2, 0xde, 0x4b, 
0x0c, 0x0a, 0x0c, 0x0b, 0x0c, 0x0c, 0x0c, 0x0d, 0x0c, 0x0f, 0x65, 0x84, 0xff, 0x0c, 0x8e, 0xe2, 
0xde, 0x4d, 0x0c, 0x0a, 0x0c, 0x0b, 0x0c, 0x0c, 0x0c, 0x0d, 0x0c, 0x0f, 0x25, 0x83, 0xff, 0x1c, 
0xce, 0xe2, 0xde, 0x4d, 0x0c, 0x0a, 0x0c, 0x0b, 0x0c, 0x0c, 0x0c, 0x0d, 0x0c, 0x0f, 0x25, 0x82, 
0xff, 0xe2, 0xa0, 0x68, 0xe2, 0xde, 0x4e, 0x0c, 0x0a, 0x0c, 0x0b, 0x0c, 0x0c, 0x0c, 0x0d, 0x0c, 
0x0f, 0xe5, 0x80, 0xff, 0xe2, 0xa0, 0x7c, 0xe2, 0xde, 0x4e, 0x0c, 0x0a, 0x0c, 0x0b, 0x0c, 0x0c, 
0x0c, 0x0d, 0x0c, 0x0f, 0xa5, 0x7f, 0xff, 0xe2, 0xa0, 0xc8, 0xe2, 0xde, 0x4f, 0x0c, 0x0a, 0x0c, 
0x0b, 0x0c, 0x0c, 0x0c, 0x0d, 0x0c, 0x0f, 0xa5, 0x7e, 0xff, 0xe2, 0xa0, 0xdc, 0xe2, 0xde, 0x4f, 
0x0c, 0x0a, 0x0c, 0x0b, 0x0c, 0x0c, 0x0c, 0x0d, 0x0c, 0x0f, 0x65, 0x7d, 0xff, 0xe2, 0xa0, 0xa8, 
0xe2, 0xde, 0x63, 0x0c, 0x0a, 0x0c, 0x0b, 0x0c, 0x0c, 0x0c, 0x0d, 0x0c, 0x0f, 0x25, 0x7c, 0xff, 
0xe2, 0xa0, 0xbc, 0xe2, 0xde, 0x63, 0x0c, 0x0a, 0x0c, 0x0b, 0x0c, 0x0c, 0x0c, 0x0d, 0x0c, 0x0f, 
0xe5, 0x7a, 0xff, 0x0c, 0x8e, 0xe2, 0xde, 0x65, 0x0c, 0x0a, 0x0c, 0x0b, 0x0c, 0x0c, 0x0c, 0x0d, 
0x0c, 0x0f, 0xe5, 0x79, 0xff, 0x1c, 0xce, 0xe2, 0xde, 0x65, 0x0c, 0x0a, 0x0c, 0x0b, 0x0c, 0x0c, 
0x0c, 0x0d, 0x0c, 0x0f, 0xa5, 0x78, 0xff, 0xe2, 0xa0, 0x68, 0xe2, 0xde, 0x66, 0x0c, 0x0a, 0x0c, 
0x0b, 0x0c, 0x0c, 0x0c, 0x0d, 0x0c, 0x0f, 0xa5, 0x77, 0xff, 0xe2, 0xa0, 0x7c, 0xe2, 0xde, 0x66, 
0x0c, 0x0a, 0x0c, 0x0b, 0x0c, 0x0c, 0x0c, 0x0d, 0x0c, 0x0f, 0x65, 0x76, 0xff, 0xe2, 0xa0, 0xc8, 
0xe2, 0xde, 0x67, 0x0c, 0x0a, 0x0c, 0x0b, 0x0c, 0x0c, 0x0c, 0x0d, 0x0c, 0x0f, 0x25, 0x75, 0xff, 
0xe2, 0xa0, 0xdc, 0xe2, 0xde, 0x67, 0x0c, 0x0a, 0x0c, 0x0b, 0x0c, 0x0c, 0x0c, 0x0d, 0x0c, 0x0f, 
0xe5, 0x73, 0xff, 0x1d, 0xf0, 0x00, 0x00, 0x00, 0x36, 0x41, 0x00, 0x31, 0xec, 0xd5, 0x0c, 0xf4, 
0x49, 0x03, 0x58, 0x03, 0x47, 0x95, 0xfa, 0x31, 0xea, 0xd5, 0x0c, 0xf4, 0x49, 0x03, 0x58, 0x03, 
0x47, 0x95, 0xfa, 0xe1, 0xe8, 0xd5, 0x0c, 0x0a, 0x0c, 0x0b, 0x0c, 0x0c, 0x0c, 0x0d, 0xfd, 0x02, 
0xe5, 0x70, 0xff, 0xe1, 0xe5, 0xd5, 0x0c, 0x0a, 0x0c, 0x0b, 0x0c, 0x0c, 0x0c, 0x0d, 0xfd, 0x02, 
0xe5, 0x6f, 0xff, 0x1d, 0xf0, 0x00, 0x00, 0x00, 0x36, 0x41, 0x00, 0x5c, 0x3a, 0x80, 0xaa, 0x11, 
0x25, 0x76, 0xff, 0x21, 0xda, 0xd5, 0x31, 0xda, 0xd5, 0x61, 0xbf, 0xd5, 0x48, 0x02, 0x58, 0x03, 
0x0c, 0x77, 0x40, 0x45, 0x20, 0xbc, 0x04, 0x41, 0xba, 0xd5, 0x51, 0xba, 0xd5, 0x88, 0x04, 0x98, 
0x05, 0xa8, 0x06, 0x80, 0x88, 0x11, 0x00, 0x99, 0x11, 0xa7, 0x07, 0x0c, 0xa0, 0xa0, 0x24, 0x80, 
0x89, 0x20, 0xaa, 0xa8, 0x8c, 0x1a, 0xa5, 0x9a, 0xff, 0xa2, 0xa1, 0x00, 0xa5, 0x7d, 0xff, 0x88, 
0x02, 0x98, 0x03, 0x80, 0x89, 0x20, 0x56, 0x38, 0xfd, 0xa2, 0xa0, 0x63, 0x0c, 0xf4, 0x80, 0xaa, 
0x11, 0x49, 0x02, 0x49, 0x03, 0xe5, 0x70, 0xff, 0x0c, 0x12, 0x1d, 0xf0, 0x36, 0x41, 0x00, 0x31, 
0x72, 0xd5, 0x42, 0xa0, 0xe0, 0x38, 0x03, 0x66, 0x12, 0x2a, 0x40, 0x53, 0x10, 0x47, 0x95, 0x24, 
0x40, 0x6f, 0x00, 0x0c, 0x75, 0x71, 0xc1, 0xd5, 0x40, 0x55, 0x01, 0x0c, 0x06, 0x69, 0x05, 0xf8, 
0x07, 0x40, 0xe6, 0x13, 0x10, 0x20, 0x00, 0xe1, 0xbe, 0xd5, 0x0c, 0x0a, 0x0c, 0x0b, 0x0c, 0x0c, 
0x0c, 0x0d, 0xe5, 0x65, 0xff, 0x77, 0xe3, 0x04, 0xf7, 0xe3, 0x1b, 0x1d, 0xf0, 0x30, 0xb0, 0x24, 
0x80, 0x4b, 0x11, 0xe1, 0xb8, 0xd5, 0x30, 0xc5, 0x14, 0x30, 0xd3, 0x14, 0x20, 0xf4, 0x20, 0x0c, 
0x0a, 0xe5, 0x63, 0xff, 0xf7, 0x63, 0xe3, 0x30, 0xb8, 0x24, 0x0c, 0x15, 0x80, 0x4b, 0x11, 0x00, 
0x55, 0x11, 0x20, 0x24, 0x20, 0xe1, 0xaf, 0xd5, 0x30, 0xdd, 0x14, 0x30, 0xcb, 0x14, 0x50, 0xf2, 
0x20, 0x0c, 0x0a, 0xe5, 0x61, 0xff, 0x1d, 0xf0, 0x36, 0x41, 0x00, 0x31, 0x53, 0xd5, 0x5c, 0x1a, 
0x80, 0xaa, 0x11, 0x38, 0x03, 0xe5, 0x67, 0xff, 0x42, 0xa0, 0x78, 0x77, 0xe3, 0x02, 0x86, 0x20, 
0x00, 0x30, 0x50, 0x24, 0x40, 0x43, 0x10, 0x00, 0x55, 0x11, 0xf0, 0x44, 0x01, 0x5a, 0x44, 0x60, 
0x6f, 0x00, 0x51, 0x2d, 0xd5, 0x0c, 0x78, 0x91, 0xa0, 0xd5, 0x40, 0x88, 0x01, 0x0c, 0x07, 0x49, 
0x05, 0x79, 0x08, 0x88, 0x09, 0x79, 0x05, 0x60, 0xe6, 0x13, 0x10, 0x20, 0x00, 0x20, 0x68, 0x20, 
0x16, 0x06, 0x05, 0x0c, 0x76, 0x8c, 0x12, 0x96, 0x98, 0x04, 0x81, 0x75, 0xd5, 0x91, 0x75, 0xd5, 
0xa1, 0x76, 0xd5, 0x88, 0x08, 0x98, 0x09, 0xa8, 0x0a, 0x80, 0x88, 0x11, 0x00, 0x99, 0x11, 0xa7, 
0x06, 0x0c, 0xa0, 0xa0, 0x24, 0x80, 0x89, 0x20, 0xaa, 0xa8, 0x8c, 0x1a, 0x25, 0x89, 0xff, 0xa2, 
0xa1, 0x00, 0x65, 0x6c, 0xff, 0x90, 0x6f, 0x00, 0x0c, 0x78, 0xf1, 0x8b, 0xd5, 0x40, 0x88, 0x01, 
0x49, 0x05, 0x79, 0x08, 0x88, 0x0f, 0x79, 0x05, 0x90, 0xe6, 0x13, 0x10, 0x20, 0x00, 0x20, 0x98, 
0x20, 0x56, 0x09, 0xfb, 0xf7, 0xe3, 0x0c, 0xa2, 0xa0, 0x61, 0x80, 0xaa, 0x11, 0x65, 0x5e, 0xff, 
0x0c, 0x12, 0x1d, 0xf0, 0x0c, 0xf4, 0x52, 0xa7, 0x00, 0xc0, 0x44, 0x01, 0x70, 0x63, 0x11, 0x50, 
0xf3, 0x10, 0x40, 0x46, 0x10, 0x80, 0x3f, 0x11, 0x3a, 0x34, 0x90, 0x6f, 0x00, 0x0c, 0x75, 0x41, 
0x06, 0xd5, 0x71, 0x79, 0xd5, 0x40, 0x55, 0x01, 0x0c, 0x06, 0x39, 0x04, 0x69, 0x05, 0x88, 0x07, 
0x69, 0x04, 0x90, 0xe6, 0x13, 0x10, 0x20, 0x00, 0x20, 0x98, 0x20, 0x16, 0x89, 0xfb, 0x8c, 0x12, 
0x96, 0x38, 0xfb, 0xa2, 0xa1, 0x00, 0x25, 0x65, 0xff, 0x90, 0x6f, 0x00, 0x86, 0xf6, 0xff, 0x00, 
0x36, 0x41, 0x00, 0x31, 0x15, 0xd5, 0xe1, 0x6b, 0xd5, 0x0c, 0x0a, 0x38, 0x03, 0x77, 0x63, 0x11, 
0x30, 0xb0, 0x24, 0x80, 0x4b, 0x11, 0x30, 0xc5, 0x14, 0x30, 0xd3, 0x14, 0x20, 0xf4, 0x20, 0x25, 
0x50, 0xff, 0x1d, 0xf0, 0x36, 0x41, 0x00, 0x31, 0x0c, 0xd5, 0x5c, 0x1a, 0x80, 0xaa, 0x11, 0x38, 
0x03, 0x25, 0x56, 0xff, 0x42, 0xa0, 0x78, 0x77, 0xe3, 0x02, 0x86, 0x20, 0x00, 0x30, 0x50, 0x24, 
0x40, 0xe3, 0x10, 0x00, 0xf5, 0x11, 0xf0, 0x3e, 0x01, 0xfa, 0x33, 0x50, 0x6f, 0x00, 0x41, 0xe6, 
0xd4, 0x0c, 0x77, 0x81, 0x59, 0xd5, 0x40, 0x77, 0x01, 0x0c, 0x06, 0x39, 0x04, 0x69, 0x07, 0x88, 
0x08, 0x69, 0x04, 0x50, 0xe6, 0x13, 0x10, 0x20, 0x00, 0x20, 0x58, 0x20, 0x16, 0x05, 0x05, 0x51, 
0x32, 0xd5, 0x0c, 0x77, 0x8c, 0x12, 0x96, 0x68, 0x04, 0x81, 0x2d, 0xd5, 0x91, 0x2e, 0xd5, 0x88, 
0x08, 0x98, 0x09, 0xa8, 0x05, 0x80, 0x88, 0x11, 0x00, 0x99, 0x11, 0xa7, 0x07, 0x0c, 0xa0, 0xa0, 
0x24, 0x80, 0x89, 0x20, 0xaa, 0xa8, 0x8c, 0x1a, 0x65, 0x77, 0xff, 0xa2, 0xa1, 0x00, 0xa5, 0x5a, 
0xff, 0x90, 0x6f, 0x00, 0x0c, 0x78, 0xf1, 0x44, 0xd5, 0x40, 0x88, 0x01, 0x39, 0x04, 0x69, 0x08, 
0x88, 0x0f, 0x69, 0x04, 0x90, 0xe6, 0x13, 0x10, 0x20, 0x00, 0x20, 0x98, 0x20, 0x56, 0x39, 0xfb, 
0xa2, 0xa0, 0x61, 0x80, 0xaa, 0x11, 0xe5, 0x4c, 0xff, 0x0c, 0x12, 0x1d, 0xf0, 0x00, 0x00, 0x00, 
0x36, 0x41, 0x00, 0x20, 0x6f, 0x00, 0x31, 0xc4, 0xd4, 0x0c, 0x14, 0x0c, 0x75, 0xf1, 0x37, 0xd5, 
0xa0, 0x44, 0x01, 0x40, 0x55, 0x01, 0x0c, 0x06, 0x49, 0x03, 0x69, 0x05, 0x48, 0x0f, 0x69, 0x03, 
0x20, 0xe6, 0x13, 0x10, 0x20, 0x00, 0x22, 0xaf, 0x7f, 0xe1, 0x31, 0xd5, 0x20, 0xf4, 0x10, 0x0c, 
0x0a, 0x0c, 0x0b, 0x0c, 0x1c, 0x0c, 0x0d, 0xa5, 0x41, 0xff, 0x1d, 0xf0, 0x36, 0x41, 0x00, 0x1c, 
0x5f, 0xe1, 0x2c, 0xd5, 0x80, 0xff, 0x01, 0x0c, 0x0a, 0x0c, 0x0b, 0x0c, 0x0c, 0x0c, 0x0d, 0x25, 
0x40, 0xff, 0x0c, 0x5f, 0xe1, 0x29, 0xd5, 0x40, 0xff, 0x01, 0x0c, 0x0a, 0x0c, 0x0b, 0x0c, 0x0c, 
0x0c, 0x0d, 0xe5, 0x3e, 0xff, 0x1d, 0xf0, 0x00, 0x36, 0x41, 0x00, 0x20, 0x80, 0x74, 0x80, 0x88, 
0x90, 0x71, 0xc5, 0xd4, 0xe0, 0x88, 0x11, 0x0b, 0x53, 0x0c, 0x04, 0xcb, 0x38, 0x0c, 0xff, 0x50, 
0x34, 0x93, 0x61, 0xa5, 0xd4, 0x58, 0x07, 0x50, 0x2f, 0x01, 0xc2, 0xa3, 0xfc, 0x0c, 0x0f, 0x77, 
0xe5, 0x02, 0xc6, 0x21, 0x00, 0x82, 0xa0, 0x78, 0x80, 0x85, 0x10, 0x50, 0x90, 0x24, 0xf0, 0x88, 
0x01, 0x00, 0x99, 0x11, 0x9a, 0x98, 0xa0, 0x6f, 0x00, 0x0c, 0x77, 0x81, 0x14, 0xd5, 0x40, 0x77, 
0x01, 0x99, 0x06, 0x49, 0x07, 0x88, 0x08, 0x49, 0x06, 0xa0, 0xe6, 0x13, 0x10, 0x20, 0x00, 0xa0, 
0x6f, 0x00, 0xb1, 0x0f, 0xd5, 0x99, 0x06, 0x49, 0x07, 0xb8, 0x0b, 0x49, 0x06, 0xa0, 0xe6, 0x13, 
0x10, 0x20, 0x00, 0xa0, 0x6f, 0x00, 0xe1, 0x0b, 0xd5, 0x99, 0x06, 0x49, 0x07, 0x98, 0x0e, 0x49, 
0x06, 0xa0, 0xe6, 0x13, 0x10, 0x20, 0x00, 0xa2, 0xa1, 0x50, 0x72, 0xa2, 0x1c, 0xf0, 0xa7, 0x93, 
0xd2, 0xa1, 0x54, 0x72, 0xa2, 0x20, 0xf0, 0xd7, 0x93, 0xe2, 0xa1, 0x58, 0x72, 0xa2, 0x24, 0xf0, 
0xe7, 0x93, 0xaa, 0xa3, 0xda, 0xd3, 0xea, 0xe3, 0xc0, 0xaa, 0x10, 0xc0, 0xdd, 0x10, 0xc0, 0xee, 
0x10, 0x2a, 0xaa, 0x2a, 0xdd, 0x2a, 0xee, 0x89, 0x0a, 0xb9, 0x0d, 0x99, 0x0e, 0x1b, 0xff, 0x50, 
0x58, 0x41, 0x26, 0x2f, 0x02, 0x86, 0xd9, 0xff, 0x1d, 0xf0, 0x00, 0x00, 0x36, 0x61, 0x00, 0x51, 
0x96, 0xd4, 0x20, 0x20, 0x74, 0x20, 0x22, 0x90, 0xe0, 0x22, 0x11, 0x0c, 0x04, 0x58, 0x05, 0x0b, 
0x33, 0xcb, 0x22, 0x30, 0x24, 0x93, 0x29, 0x21, 0x77, 0x65, 0x78, 0xb8, 0x21, 0x22, 0xa1, 0x50, 
0x92, 0xa2, 0x1c, 0x72, 0xa1, 0x54, 0xf2, 0xa2, 0x20, 0x82, 0xa1, 0x58, 0xa2, 0xa2, 0x24, 0x40, 
0x8a, 0x93, 0x40, 0x29, 0x93, 0x40, 0x7f, 0x93, 0x0c, 0xfd, 0x2a, 0x2b, 0xc2, 0xa3, 0xfc, 0x7a, 
0x7b, 0x8a, 0x8b, 0xc0, 0x22, 0x10, 0x50, 0x9d, 0x01, 0xc0, 0x77, 0x10, 0xc0, 0x88, 0x10, 0x9a, 
0x22, 0x9a, 0x77, 0x9a, 0x88, 0xf8, 0x02, 0x78, 0x07, 0xe8, 0x08, 0x50, 0x30, 0x24, 0x50, 0x65, 
0x14, 0xe9, 0x31, 0x50, 0x23, 0x14, 0xe1, 0xdc, 0xd4, 0x0c, 0x0a, 0xbd, 0x03, 0xcd, 0x06, 0xdd, 
0x02, 0xe5, 0x2a, 0xff, 0xe1, 0xda, 0xd4, 0x0c, 0x0a, 0xbd, 0x03, 0xcd, 0x06, 0xdd, 0x02, 0xfd, 
0x07, 0xe5, 0x29, 0xff, 0xe1, 0xd7, 0xd4, 0xf8, 0x31, 0x0c, 0x0a, 0xbd, 0x03, 0xcd, 0x06, 0xdd, 
0x02, 0xe5, 0x28, 0xff, 0x1b, 0x44, 0x50, 0x58, 0x41, 0x26, 0x24, 0x02, 0x06, 0xde, 0xff, 0x1d, 
0xf0, 0x00, 0x00, 0x00, 0x36, 0x41, 0x00, 0x21, 0xcf, 0xd4, 0x0c, 0x0a, 0x0c, 0x0b, 0x0c, 0x0c, 
0x0c, 0x0d, 0x0c, 0x3f, 0xed, 0x02, 0xa5, 0x26, 0xff, 0x0c, 0x0a, 0x0c, 0x0b, 0x0c, 0x0c, 0x0c, 
0x1d, 0x0c, 0x3f, 0xed, 0x02, 0xa5, 0x25, 0xff, 0x1d, 0xf0, 0x00, 0x00, 0x36, 0x41, 0x00, 0xe5, 
0x70, 0xff, 0x61, 0x73, 0xd4, 0xe1, 0xc4, 0xd4, 0x0c, 0x04, 0x0c, 0x0a, 0x0c, 0x0b, 0x0c, 0x0c, 
0x0c, 0x0d, 0x0c, 0x0f, 0x49, 0x06, 0xa5, 0x23, 0xff, 0xe1, 0xc0, 0xd4, 0x0c, 0x0a, 0x0c, 0x0b, 
0x0c, 0x0c, 0x0c, 0x0d, 0x0c, 0x0f, 0xa5, 0x22, 0xff, 0xe1, 0xbd, 0xd4, 0xf1, 0xbe, 0xd4, 0x0c, 
0x0a, 0x0c, 0x0b, 0x0c, 0x0c, 0x0c, 0x0d, 0xa5, 0x21, 0xff, 0xe1, 0xbb, 0xd4, 0x0c, 0x0a, 0x0c, 
0x0b, 0x0c, 0x0c, 0x0c, 0x0d, 0xfd, 0x03, 0xa5, 0x20, 0xff, 0xe1, 0xb8, 0xd4, 0x0c, 0x0a, 0x0c, 
0x0b, 0x0c, 0x0c, 0x0c, 0x0d, 0xfd, 0x02, 0xa5, 0x1f, 0xff, 0x0c, 0x53, 0xd0, 0x25, 0x11, 0x51, 
0xb4, 0xd4, 0x60, 0x33, 0x01, 0xe1, 0xb3, 0xd4, 0x0c, 0x16, 0x30, 0xf2, 0x20, 0x0c, 0x0a, 0x0c, 
0x0b, 0x0c, 0x0c, 0x0c, 0x0d, 0x69, 0x05, 0xa5, 0x1d, 0xff, 0x0c, 0x72, 0x31, 0xaf, 0xd4, 0x40, 
0x22, 0x01, 0x49, 0x05, 0x60, 0x6f, 0x00, 0x49, 0x02, 0x58, 0x03, 0x60, 0xe6, 0x13, 0x10, 0x20, 
0x00, 0x60, 0xea, 0x03, 0x70, 0xea, 0x03, 0x60, 0x77, 0xc0, 0xb6, 0x57, 0xf6, 0x67, 0xf5, 0xe3, 
0xe5, 0x69, 0xff, 0x1d, 0xf0, 0x00, 0x00, 0x00, 0x36, 0x41, 0x00, 0x25, 0x66, 0xff, 0x80, 0x6f, 
0x00, 0x91, 0xa2, 0xd4, 0x0c, 0x76, 0x40, 0x66, 0x01, 0x0c, 0x07, 0x79, 0x06, 0x49, 0x09, 0x80, 
0xe6, 0x13, 0x10, 0x20, 0x00, 0xe1, 0x94, 0xd4, 0x0c, 0x0a, 0x0c, 0x0b, 0x0c, 0x0c, 0x0c, 0x0d, 
0x0c, 0x0f, 0xe5, 0x17, 0xff, 0xe1, 0x91, 0xd4, 0x0c, 0x0a, 0x0c, 0x0b, 0x0c, 0x0c, 0x0c, 0x0d, 
0xfd, 0x03, 0xe5, 0x16, 0xff, 0xe1, 0x8e, 0xd4, 0x0c, 0x0a, 0x0c, 0x0b, 0x0c, 0x0c, 0x0c, 0x0d, 
0xfd, 0x02, 0xe5, 0x15, 0xff, 0xe1, 0x8c, 0xd4, 0x0c, 0x0a, 0x0c, 0x0b, 0x0c, 0x0c, 0x0c, 0x0d, 
0x0c, 0x0f, 0xe5, 0x14, 0xff, 0xe1, 0x89, 0xd4, 0xf1, 0x8e, 0xd4, 0x0c, 0x0a, 0x0c, 0x0b, 0x0c, 
0x0c, 0x0c, 0x0d, 0xe5, 0x13, 0xff, 0x41, 0x86, 0xd4, 0x7c, 0x53, 0x0c, 0x1e, 0xe9, 0x04, 0xe0, 
0x25, 0x11, 0x50, 0x33, 0x01, 0xe1, 0x83, 0xd4, 0x30, 0xf2, 0x20, 0x0c, 0x0a, 0x0c, 0x0b, 0x0c, 
0x0c, 0x0c, 0x0d, 0xe5, 0x11, 0xff, 0x21, 0x80, 0xd4, 0x79, 0x04, 0x40, 0x6f, 0x00, 0x79, 0x06, 
0x38, 0x02, 0x40, 0xe6, 0x13, 0x10, 0x20, 0x00, 0x40, 0xea, 0x03, 0x50, 0xea, 0x03, 0x40, 0x55, 
0xc0, 0xb6, 0x55, 0xf6, 0x67, 0xf3, 0xe3, 0xa5, 0x5e, 0xff, 0x1d, 0xf0, 0x36, 0x41, 0x00, 0x61, 
0x79, 0xd4, 0xe1, 0x6d, 0xd4, 0x0c, 0x03, 0x0c, 0x0a, 0x0c, 0x0b, 0x0c, 0x0c, 0x0c, 0x0d, 0x0c, 
0x0f, 0x39, 0x06, 0xe5, 0x0d, 0xff, 0xe1, 0x69, 0xd4, 0x0c, 0x0a, 0x0c, 0x0b, 0x0c, 0x0c, 0x0c, 
0x0d, 0x0c, 0x0f, 0xe5, 0x0c, 0xff, 0xe1, 0x66, 0xd4, 0x0c, 0x0a, 0x0c, 0x0b, 0x0c, 0x0c, 0x0c, 
0x0d, 0xfd, 0x02, 0xe5, 0x0b, 0xff, 0xe1, 0x64, 0xd4, 0x0c, 0x0a, 0x0c, 0x0b, 0x0c, 0x0c, 0x0c, 
0x0d, 0xfd, 0x05, 0xe5, 0x0a, 0xff, 0xe1, 0x61, 0xd4, 0x0c, 0x0a, 0x0c, 0x0b, 0x0c, 0x0c, 0x0c, 
0x0d, 0xfd, 0x04, 0xe5, 0x09, 0xff, 0x21, 0x5e, 0xd4, 0xe1, 0x5e, 0xd4, 0xf1, 0x63, 0xd4, 0x0c, 
0x14, 0x0c, 0x0a, 0x0c, 0x0b, 0x0c, 0x0c, 0x0c, 0x0d, 0x49, 0x02, 0x65, 0x08, 0xff, 0x39, 0x02, 
0x1d, 0xf0, 0x00, 0x00, 0x36, 0x41, 0x00, 0xe1, 0x57, 0xd4, 0x0c, 0x0a, 0x0c, 0x0b, 0x0c, 0x0c, 
0x0c, 0x0d, 0x0c, 0x0f, 0xa5, 0x06, 0xff, 0x1d, 0xf0, 0x00, 0x00, 0x00, 0x36, 0x41, 0x00, 0x41, 
0x32, 0xd4, 0x52, 0xa0, 0x80, 0x20, 0x20, 0x74, 0x5a, 0x54, 0x40, 0x22, 0xb0, 0x30, 0x52, 0x93, 
0x38, 0x15, 0x28, 0x05, 0x0c, 0x1e, 0x00, 0x4e, 0x11, 0x20, 0xfe, 0x41, 0xe0, 0x22, 0x01, 0xe0, 
0x33, 0x01, 0x4a, 0x22, 0xfa, 0x33, 0x1d, 0xf0, 0x36, 0x41, 0x00, 0x65, 0x25, 0x00, 0x51, 0x49, 
0xd4, 0xe1, 0x3d, 0xd4, 0x0c, 0x04, 0x0c, 0x0a, 0x0c, 0x0b, 0x0c, 0x0c, 0x0c, 0x0d, 0x0c, 0x0f, 
0x49, 0x05, 0xe5, 0x01, 0xff, 0xe1, 0x39, 0xd4, 0x0c, 0x0a, 0x0c, 0x0b, 0x0c, 0x0c, 0x0c, 0x0d, 
0x0c, 0x0f, 0xe5, 0x00, 0xff, 0xe1, 0x36, 0xd4, 0xf1, 0x41, 0xd4, 0x0c, 0x0a, 0x0c, 0x0b, 0x0c, 
0x0c, 0x0c, 0x0d, 0xe5, 0xff, 0xfe, 0xe1, 0x34, 0xd4, 0x0c, 0x0a, 0x0c, 0x0b, 0x0c, 0x0c, 0x0c, 
0x0d, 0xfd, 0x03, 0xe5, 0xfe, 0xfe, 0xe1, 0x31, 0xd4, 0x0c, 0x0a, 0x0c, 0x0b, 0x0c, 0x0c, 0x0c, 
0x0d, 0xfd, 0x02, 0xe5, 0xfd, 0xfe, 0x21, 0x36, 0xd4, 0x0c, 0x53, 0x51, 0x2d, 0xd4, 0x28, 0x02, 
0x60, 0x33, 0x01, 0xe1, 0x2c, 0xd4, 0x0c, 0x16, 0x30, 0xf2, 0x20, 0x0c, 0x0a, 0x0c, 0x0b, 0x0c, 
0x0c, 0x0c, 0x0d, 0x69, 0x05, 0xa5, 0xfb, 0xfe, 0x49, 0x05, 0x1d, 0xf0, 0x36, 0x41, 0x00, 0x25, 
0x1d, 0x00, 0x51, 0x28, 0xd4, 0xe1, 0x1c, 0xd4, 0x0c, 0x04, 0x0c, 0x0a, 0x0c, 0x0b, 0x0c, 0x0c, 
0x0c, 0x0d, 0x0c, 0x0f, 0x49, 0x05, 0xa5, 0xf9, 0xfe, 0xe1, 0x18, 0xd4, 0x0c, 0x0a, 0x0c, 0x0b, 
0x0c, 0x0c, 0x0c, 0x0d, 0xfd, 0x03, 0xa5, 0xf8, 0xfe, 0xe1, 0x15, 0xd4, 0x0c, 0x0a, 0x0c, 0x0b, 
0x0c, 0x0c, 0x0c, 0x0d, 0xfd, 0x02, 0xa5, 0xf7, 0xfe, 0xe1, 0x13, 0xd4, 0x0c, 0x0a, 0x0c, 0x0b, 
0x0c, 0x0c, 0x0c, 0x0d, 0x0c, 0x0f, 0xa5, 0xf6, 0xfe, 0xe1, 0x10, 0xd4, 0xf1, 0x18, 0xd4, 0x0c, 
0x0a, 0x0c, 0x0b, 0x0c, 0x0c, 0x0c, 0x0d, 0xa5, 0xf5, 0xfe, 0x21, 0x15, 0xd4, 0x7c, 0x53, 0x51, 
0x0c, 0xd4, 0x28, 0x02, 0x50, 0x33, 0x01, 0xe1, 0x0b, 0xd4, 0x0c, 0x16, 0x30, 0xf2, 0x20, 0x0c, 
0x0a, 0x0c, 0x0b, 0x0c, 0x0c, 0x0c, 0x0d, 0x69, 0x05, 0x65, 0xf3, 0xfe, 0x49, 0x05, 0x1d, 0xf0, 
0x36, 0x41, 0x00, 0xe5, 0x14, 0x00, 0x1d, 0xf0, 0x36, 0x41, 0x00, 0xe5, 0x07, 0x00, 0x31, 0x09, 
0xd4, 0xe1, 0xfa, 0xd3, 0x0c, 0x02, 0x0c, 0x0a, 0x0c, 0x0b, 0x0c, 0x0c, 0x0c, 0x0d, 0x0c, 0x0f, 
0x29, 0x03, 0xe5, 0xf0, 0xfe, 0xe1, 0xf6, 0xd3, 0x0c, 0x0a, 0x0c, 0x0b, 0x0c, 0x0c, 0x0c, 0x0d, 
0x0c, 0x1f, 0x0c, 0x13, 0xa5, 0xef, 0xfe, 0xe1, 0xf4, 0xd3, 0x0c, 0x0a, 0x0c, 0x0b, 0x0c, 0x0c, 
0x0c, 0x0d, 0x0c, 0x0f, 0xa5, 0xee, 0xfe, 0xe1, 0xf1, 0xd3, 0xf1, 0xfb, 0xd3, 0x0c, 0x0a, 0x0c, 
0x0b, 0x0c, 0x0c, 0x0c, 0x0d, 0xa5, 0xed, 0xfe, 0x0c, 0x1f, 0xe1, 0xe7, 0xd3, 0x20, 0xff, 0x01, 
0x0c, 0x0a, 0x0c, 0x0b, 0x0c, 0x0c, 0x0c, 0x0d, 0x65, 0xec, 0xfe, 0x41, 0xe9, 0xd3, 0xe1, 0xe9, 
0xd3, 0xf1, 0xf2, 0xd3, 0x0c, 0x0a, 0x0c, 0x0b, 0x0c, 0x0c, 0x0c, 0x0d, 0x39, 0x04, 0x25, 0xeb, 
0xfe, 0x29, 0x04, 0x1d, 0xf0, 0x00, 0x00, 0x00, 0x36, 0x41, 0x00, 0x5c, 0x5a, 0x80, 0xaa, 0x11, 
0x25, 0xf1, 0xfe, 0x20, 0x6f, 0x00, 0x0c, 0x75, 0x41, 0xea, 0xd3, 0x40, 0x55, 0x01, 0x0c, 0x03, 
0x39, 0x05, 0x58, 0x04, 0x20, 0xe6, 0x13, 0x10, 0x20, 0x00, 0xd6, 0x15, 0x04, 0x51, 0xa4, 0xd3, 
0x61, 0xa5, 0xd3, 0x71, 0xa5, 0xd3, 0x0c, 0x72, 0x88, 0x05, 0x98, 0x06, 0xa8, 0x07, 0x80, 0x88, 
0x11, 0x00, 0x99, 0x11, 0xa7, 0x02, 0x0c, 0xa0, 0xa0, 0x24, 0x80, 0x89, 0x20, 0xaa, 0xa8, 0x8c, 
0x1a, 0xe5, 0x14, 0xff, 0xa2, 0xa1, 0x00, 0x25, 0xf8, 0xfe, 0x80, 0x6f, 0x00, 0x0c, 0x79, 0x40, 
0x99, 0x01, 0x39, 0x09, 0x98, 0x04, 0x80, 0xe6, 0x13, 0x10, 0x20, 0x00, 0x96, 0x89, 0xfc, 0xa2, 
0xa0, 0x65, 0x80, 0xaa, 0x11, 0xe5, 0xea, 0xfe, 0x0c, 0x12, 0x1d, 0xf0, 0x36, 0x41, 0x00, 0x5c, 
0x5a, 0x80, 0xaa, 0x11, 0xe5, 0xe9, 0xfe, 0x25, 0xf0, 0xff, 0x21, 0xca, 0xd3, 0x41, 0x8d, 0xd3, 
0x51, 0x8e, 0xd3, 0x38, 0x02, 0x0c, 0x76, 0xec, 0x83, 0x31, 0x89, 0xd3, 0x78, 0x03, 0x88, 0x04, 
0x98, 0x05, 0x80, 0x77, 0x11, 0x00, 0x88, 0x11, 0x97, 0x06, 0x0c, 0x90, 0x90, 0x24, 0x70, 0x78, 
0x20, 0x9a, 0xa7, 0x8c, 0x1a, 0xa5, 0x0e, 0xff, 0xa2, 0xa1, 0x00, 0xe5, 0xf1, 0xfe, 0x78, 0x02, 
0x16, 0x87, 0xfd, 0xa2, 0xa0, 0x65, 0x80, 0xaa, 0x11, 0xa5, 0xe5, 0xfe, 0x0c, 0x12, 0x1d, 0xf0, 
0x36, 0x41, 0x00, 0x21, 0xbc, 0xd3, 0x2c, 0x9a, 0x0c, 0x14, 0x38, 0x02, 0x70, 0xaa, 0x11, 0x40, 
0x33, 0x20, 0x39, 0x02, 0xe5, 0xe3, 0xfe, 0x38, 0x02, 0x07, 0xe3, 0x0e, 0x30, 0xea, 0x03, 0x40, 
0xea, 0x03, 0x30, 0x44, 0xc0, 0xb6, 0xf4, 0xf6, 0xc6, 0xfa, 0xff, 0x3c, 0x1a, 0x70, 0xaa, 0x11, 
0x25, 0xe2, 0xfe, 0x0c, 0x12, 0x1d, 0xf0, 0x00, 0x36, 0x41, 0x00, 0x21, 0xae, 0xd3, 0x2c, 0x9a, 
0x7c, 0xe4, 0x38, 0x02, 0x70, 0xaa, 0x11, 0x40, 0x33, 0x10, 0x39, 0x02, 0x65, 0xe0, 0xfe, 0x38, 
0x02, 0x07, 0x63, 0x0e, 0x30, 0xea, 0x03, 0x40, 0xea, 0x03, 0x30, 0x44, 0xc0, 0xb6, 0xf4, 0xf6, 
0xc6, 0xfa, 0xff, 0x2c, 0x9a, 0x70, 0xaa, 0x11, 0xa5, 0xde, 0xfe, 0x0c, 0x12, 0x1d, 0xf0, 0x00, 
0x36, 0x41, 0x00, 0x41, 0xa1, 0xd3, 0x61, 0xa1, 0xd3, 0x80, 0x33, 0x11, 0x0c, 0xf5, 0x20, 0x23, 
0x20, 0x59, 0x04, 0x29, 0x06, 0x1d, 0xf0, 0x00, 0x36, 0x61, 0x00, 0x2c, 0x9a, 0x70, 0xaa, 0x11, 
0x29, 0x31, 0x25, 0xdc, 0xfe, 0x21, 0x98, 0xd3, 0x0c, 0xf4, 0x51, 0x55, 0xd3, 0x38, 0x02, 0x61, 
0x55, 0xd3, 0x71, 0x55, 0xd3, 0x37, 0x04, 0x28, 0x0c, 0x73, 0x88, 0x05, 0x98, 0x06, 0xa8, 0x07, 
0x80, 0x88, 0x11, 0x00, 0x99, 0x11, 0xa7, 0x03, 0x0c, 0xa0, 0xa0, 0x24, 0x80, 0x89, 0x20, 0xaa, 
0xa8, 0x8c, 0x1a, 0xe5, 0x00, 0xff, 0xa2, 0xa1, 0x00, 0xe5, 0xe3, 0xfe, 0x88, 0x02, 0x87, 0x84, 
0xd8, 0x38, 0x31, 0x41, 0x83, 0xd3, 0x66, 0x23, 0x09, 0x28, 0x02, 0x20, 0x20, 0xf5, 0xe0, 0x22, 
0x11, 0x29, 0x04, 0x3c, 0x1a, 0x70, 0xaa, 0x11, 0xa5, 0xd6, 0xfe, 0x0c, 0x12, 0x1d, 0xf0, 0x00, 
0x36, 0x41, 0x00, 0x21, 0x83, 0xd3, 0x28, 0x02, 0x30, 0x6f, 0x00, 0x0c, 0x74, 0x61, 0x81, 0xd3, 
0x40, 0x44, 0x01, 0x0c, 0x05, 0x59, 0x04, 0x68, 0x06, 0x30, 0xe6, 0x13, 0x10, 0x20, 0x00, 0x30, 
0x6f, 0x00, 0x71, 0x7d, 0xd3, 0x59, 0x04, 0x78, 0x07, 0x30, 0xe6, 0x13, 0x10, 0x20, 0x00, 0x30, 
0x6f, 0x00, 0x81, 0x7a, 0xd3, 0x59, 0x04, 0x88, 0x08, 0x30, 0xe6, 0x13, 0x10, 0x20, 0x00, 0x30, 
0x6f, 0x00, 0x91, 0x77, 0xd3, 0x59, 0x04, 0x60, 0xe7, 0x20, 0x48, 0x09, 0x0c, 0x1f, 0x40, 0x48, 
0x20, 0x40, 0x4e, 0x20, 0x40, 0x40, 0x04, 0xf0, 0x44, 0x62, 0x40, 0x22, 0x10, 0x30, 0xe6, 0x13, 
0x10, 0x20, 0x00, 0x1d, 0xf0, 0x00, 0x00, 0x00, 0x36, 0x41, 0x00, 0x41, 0xef, 0xd2, 0x32, 0xa0, 
0xe0, 0x28, 0x04, 0x37, 0x42, 0x02, 0x86, 0x26, 0x00, 0x50, 0x6f, 0x00, 0x0c, 0x72, 0x31, 0x3f, 
0xd3, 0x40, 0x22, 0x01, 0x0c, 0x06, 0x69, 0x02, 0x78, 0x03, 0x50, 0xe6, 0x13, 0x10, 0x20, 0x00, 
0x51, 0x65, 0xd3, 0xa7, 0x77, 0x22, 0x78, 0x04, 0x80, 0x6f, 0x00, 0x69, 0x02, 0x98, 0x05, 0x80, 
0xe6, 0x13, 0x10, 0x20, 0x00, 0x0c, 0x1f, 0xe1, 0x60, 0xd3, 0x70, 0xb0, 0x24, 0x50, 0xff, 0x11, 
0x0c, 0x0a, 0x0c, 0x3c, 0x0c, 0x0d, 0xa5, 0xc3, 0xfe, 0x80, 0x6f, 0x00, 0x69, 0x02, 0x78, 0x03, 
0x80, 0xe6, 0x13, 0x10, 0x20, 0x00, 0xa7, 0xf7, 0xef, 0xb7, 0x77, 0x24, 0x48, 0x04, 0x60, 0x6f, 
0x00, 0x0c, 0x07, 0x79, 0x02, 0x58, 0x05, 0x60, 0xe6, 0x13, 0x10, 0x20, 0x00, 0x0c, 0x1f, 0xe1, 
0x52, 0xd3, 0x40, 0xb0, 0x24, 0x50, 0xff, 0x11, 0x0c, 0x0a, 0x0c, 0x3c, 0x0c, 0x1d, 0x25, 0xc0, 
0xfe, 0x0c, 0x04, 0x50, 0x6f, 0x00, 0x49, 0x02, 0x68, 0x03, 0x50, 0xe6, 0x13, 0x10, 0x20, 0x00, 
0xb7, 0xf6, 0xef, 0xe1, 0x04, 0xd3, 0xf1, 0x49, 0xd3, 0x0c, 0x0a, 0x0c, 0x0b, 0x0c, 0x0c, 0x0c, 
0x0d, 0xe5, 0xbd, 0xfe, 0x1d, 0xf0, 0x00, 0x00, 0x36, 0x41, 0x00, 0xa2, 0xa0, 0x65, 0x50, 0xaa, 
0x11, 0x0c, 0x1b, 0xe5, 0x3a, 0x00, 0x5c, 0x1f, 0x2d, 0x0a, 0x80, 0xaf, 0x11, 0x65, 0xc3, 0xfe, 
0x0c, 0x75, 0x40, 0x55, 0x01, 0x07, 0xe2, 0x1f, 0xe1, 0x17, 0xd3, 0x0c, 0x0a, 0x0c, 0x0b, 0x0c, 
0x0c, 0x0c, 0x0d, 0x0c, 0x0f, 0xa5, 0xba, 0xfe, 0xe1, 0x14, 0xd3, 0x0c, 0x0a, 0x0c, 0x0b, 0x0c, 
0x0c, 0x0c, 0x0d, 0x0c, 0x0f, 0x46, 0x59, 0x00, 0x30, 0x6f, 0x00, 0x41, 0x30, 0xd3, 0x0c, 0x02, 
0x29, 0x05, 0x48, 0x04, 0x30, 0xe6, 0x13, 0x10, 0x20, 0x00, 0x31, 0x31, 0xd3, 0xe1, 0x09, 0xd3, 
0x0c, 0x0a, 0x30, 0xf4, 0x20, 0x0c, 0x0b, 0x0c, 0x0c, 0x0c, 0x0d, 0x65, 0xb7, 0xfe, 0xe1, 0x2d, 
0xd3, 0x0c, 0x0a, 0x0c, 0x0b, 0x0c, 0x0c, 0x0c, 0x0d, 0x0c, 0x1f, 0x65, 0xb6, 0xfe, 0xe1, 0x2a, 
0xd3, 0x0c, 0x0a, 0x0c, 0x0b, 0x0c, 0x0c, 0x0c, 0x0d, 0x0c, 0x1f, 0x65, 0xb5, 0xfe, 0x31, 0x27, 
0xd3, 0x42, 0xa0, 0xc8, 0x70, 0x6f, 0x00, 0x29, 0x05, 0x68, 0x03, 0x70, 0xe6, 0x13, 0x10, 0x20, 
0x00, 0x70, 0xea, 0x03, 0x80, 0xea, 0x03, 0x70, 0x88, 0xc0, 0x47, 0x38, 0xf6, 0x17, 0x66, 0xe3, 
0x31, 0x20, 0xd3, 0x0c, 0x02, 0x42, 0xa0, 0xc8, 0x70, 0x6f, 0x00, 0x29, 0x05, 0x68, 0x03, 0x70, 
0xe6, 0x13, 0x10, 0x20, 0x00, 0x70, 0xea, 0x03, 0x80, 0xea, 0x03, 0x70, 0x88, 0xc0, 0x47, 0x38, 
0xf6, 0x17, 0x66, 0xe3, 0x21, 0x91, 0xd2, 0x41, 0x17, 0xd3, 0x38, 0x02, 0x0c, 0x02, 0x30, 0x30, 
0x24, 0x0c, 0x0a, 0x0c, 0x0c, 0x0c, 0x1f, 0xbd, 0x03, 0xdd, 0x02, 0xed, 0x04, 0x25, 0xaf, 0xfe, 
0x1b, 0x22, 0x66, 0x22, 0xeb, 0x0c, 0x19, 0x61, 0x6c, 0xd2, 0x71, 0x0f, 0xd3, 0x00, 0x23, 0x11, 
0x0c, 0x23, 0x0c, 0x04, 0x82, 0xa0, 0xc8, 0xc0, 0x99, 0x01, 0x0c, 0x0a, 0x20, 0xba, 0x20, 0xd0, 
0x6f, 0x00, 0xb9, 0x06, 0x49, 0x05, 0xc8, 0x07, 0x49, 0x06, 0xd0, 0xe6, 0x13, 0x10, 0x20, 0x00, 
0xd0, 0xea, 0x03, 0xe0, 0xea, 0x03, 0xd0, 0xee, 0xc0, 0x87, 0x3e, 0xf6, 0x17, 0x6c, 0xdf, 0x0b, 
0x33, 0x9a, 0xaa, 0x56, 0x53, 0xfd, 0xe1, 0xd3, 0xd2, 0x0c, 0x0a, 0x0c, 0x0b, 0x0c, 0x0c, 0x0c, 
0x0d, 0x0c, 0x0f, 0x0c, 0x02, 0xa5, 0xa9, 0xfe, 0x30, 0x6f, 0x00, 0x41, 0xfc, 0xd2, 0x29, 0x05, 
0x48, 0x04, 0x30, 0xe6, 0x13, 0x10, 0x20, 0x00, 0x31, 0xfa, 0xd2, 0xe1, 0xfa, 0xd2, 0x0c, 0x0a, 
0x30, 0xf4, 0x20, 0x0c, 0x0b, 0x0c, 0x0c, 0x0c, 0x0d, 0x65, 0xa7, 0xfe, 0xe1, 0xf7, 0xd2, 0x0c, 
0x0a, 0x0c, 0x0b, 0x0c, 0x0c, 0x0c, 0x0d, 0x0c, 0x1f, 0x65, 0xa6, 0xfe, 0x31, 0xf4, 0xd2, 0x42, 
0xa0, 0xc8, 0x70, 0x6f, 0x00, 0x29, 0x05, 0x68, 0x03, 0x70, 0xe6, 0x13, 0x10, 0x20, 0x00, 0x70, 
0xea, 0x03, 0x80, 0xea, 0x03, 0x70, 0x88, 0xc0, 0x47, 0x38, 0xf6, 0x17, 0x66, 0xe3, 0x0c, 0xff, 
0xe1, 0xe9, 0xd2, 0x60, 0xff, 0x01, 0x0c, 0x0a, 0x0c, 0x0b, 0x0c, 0x0c, 0x0c, 0x0d, 0x25, 0xa3, 
0xfe, 0x40, 0x6f, 0x00, 0x31, 0xd7, 0xd2, 0x0c, 0x02, 0x29, 0x05, 0x68, 0x03, 0x40, 0xe6, 0x13, 
0x10, 0x20, 0x00, 0x07, 0x66, 0x11, 0x40, 0xea, 0x03, 0x60, 0xea, 0x03, 0x40, 0x66, 0xc0, 0xb6, 
0xf6, 0xf6, 0x40, 0x6f, 0x00, 0x06, 0xf8, 0xff, 0xa2, 0xa0, 0x61, 0x80, 0xaa, 0x11, 0x65, 0xa7, 
0xfe, 0x1d, 0xf0, 0x00, 0x36, 0x41, 0x00, 0x20, 0x6f, 0x00, 0x0c, 0x73, 0x51, 0xd9, 0xd2, 0x40, 
0x33, 0x01, 0x0c, 0x04, 0x49, 0x03, 0xf8, 0x05, 0x20, 0xe6, 0x13, 0x10, 0x20, 0x00, 0xe1, 0xd5, 
0xd2, 0x0c, 0x0a, 0x0c, 0x0b, 0x0c, 0x0c, 0x0c, 0x0d, 0x65, 0x9d, 0xfe, 0x1d, 0xf0, 0x00, 0x00, 
0x36, 0x41, 0x00, 0x20, 0x6f, 0x00, 0x0c, 0x73, 0x51, 0xd0, 0xd2, 0x40, 0x33, 0x01, 0x0c, 0x04, 
0x49, 0x03, 0x38, 0x05, 0x20, 0xe6, 0x13, 0x10, 0x20, 0x00, 0x22, 0xaf, 0xdf, 0xe1, 0xcb, 0xd2, 
0x20, 0xf3, 0x10, 0x0c, 0x0a, 0x0c, 0x0b, 0x0c, 0x0c, 0x0c, 0x0d, 0x65, 0x9a, 0xfe, 0xe2, 0xa6, 
0x17, 0xb0, 0xee, 0x11, 0x0c, 0x0a, 0x0c, 0x0b, 0x0c, 0x0c, 0x0c, 0x0d, 0x0c, 0x0f, 0x25, 0x99, 
0xfe, 0xe1, 0xc3, 0xd2, 0x0c, 0x0a, 0x0c, 0x0b, 0x0c, 0x0c, 0x0c, 0x0d, 0x0c, 0x0f, 0x25, 0x98, 
0xfe, 0x1d, 0xf0, 0x00, 0x36, 0x41, 0x00, 0x21, 0xbf, 0xd2, 0x31, 0xbf, 0xd2, 0x41, 0xbf, 0xd2, 
0x28, 0x02, 0x38, 0x03, 0x51, 0xbf, 0xd2, 0x48, 0x04, 0x20, 0x23, 0x20, 0x31, 0x35, 0xd2, 0x58, 
0x05, 0x40, 0x22, 0x20, 0xf2, 0x03, 0x1c, 0x50, 0x22, 0x10, 0x32, 0xd3, 0x04, 0x8c, 0x1f, 0x22, 
0x63, 0x30, 0x31, 0xb8, 0xd2, 0x29, 0x03, 0x1d, 0xf0, 0x00, 0x00, 0x00, 0x36, 0x41, 0x00, 0x21, 
0x39, 0xd2, 0x31, 0xb5, 0xd2, 0xa1, 0x31, 0xd2, 0x28, 0x02, 0xb1, 0xb4, 0xd2, 0x29, 0x03, 0xc1, 
0xb4, 0xd2, 0x28, 0x0a, 0xd1, 0xb4, 0xd2, 0x29, 0x0b, 0xe1, 0xb3, 0xd2, 0x28, 0x0c, 0xf1, 0xb3, 
0xd2, 0x29, 0x0d, 0x41, 0x35, 0xd2, 0x28, 0x0e, 0x51, 0xb2, 0xd2, 0x29, 0x0f, 0x61, 0xb1, 0xd2, 
0x28, 0x04, 0x71, 0xb1, 0xd2, 0x29, 0x05, 0x81, 0xb1, 0xd2, 0x28, 0x06, 0x91, 0xb1, 0xd2, 0x29, 
0x07, 0xa1, 0xb0, 0xd2, 0x28, 0x08, 0xb1, 0xb0, 0xd2, 0x29, 0x09, 0xc1, 0xb0, 0xd2, 0x28, 0x0a, 
0xd1, 0xb0, 0xd2, 0x29, 0x0b, 0xe1, 0x29, 0xd2, 0x28, 0x0c, 0xf1, 0xae, 0xd2, 0x29, 0x0d, 0x28, 
0x0e, 0x29, 0x0f, 0x1d, 0xf0, 0x00, 0x00, 0x00, 0x36, 0x41, 0x00, 0x21, 0x9b, 0xd2, 0x31, 0x1d, 
0xd2, 0xa1, 0x9a, 0xd2, 0x28, 0x02, 0xb1, 0x15, 0xd2, 0x29, 0x03, 0xc1, 0x9a, 0xd2, 0x28, 0x0a, 
0xd1, 0x98, 0xd2, 0x29, 0x0b, 0xe1, 0x99, 0xd2, 0x28, 0x0c, 0xf1, 0x97, 0xd2, 0x29, 0x0d, 0x41, 
0x98, 0xd2, 0x28, 0x0e, 0x51, 0x19, 0xd2, 0x29, 0x0f, 0x61, 0x97, 0xd2, 0x28, 0x04, 0x71, 0x95, 
0xd2, 0x29, 0x05, 0x81, 0x97, 0xd2, 0x28, 0x06, 0x91, 0x95, 0xd2, 0x29, 0x07, 0xa1, 0x96, 0xd2, 
0x28, 0x08, 0xb1, 0x94, 0xd2, 0x29, 0x09, 0xc1, 0x96, 0xd2, 0x28, 0x0a, 0xd1, 0x94, 0xd2, 0x29, 
0x0b, 0xe1, 0x94, 0xd2, 0x28, 0x0c, 0xf1, 0x0d, 0xd2, 0x29, 0x0d, 0x28, 0x0e, 0x29, 0x0f, 0x1d, 
0xf0, 0x00, 0x00, 0x00, 0x36, 0x41, 0x00, 0x9c, 0x63, 0x0c, 0x04, 0x52, 0x02, 0x00, 0x0b, 0x33, 
0x1b, 0x22, 0x5a, 0x44, 0x56, 0x33, 0xff, 0x40, 0x20, 0x74, 0x0c, 0x13, 0x30, 0x22, 0x62, 0x1d, 
0xf0, 0x0c, 0x12, 0x1d, 0xf0, 0x00, 0x00, 0x00, 0x36, 0x41, 0x00, 0x31, 0x87, 0xd2, 0x21, 0x87, 
0xd2, 0x41, 0x87, 0xd2, 0xe1, 0x88, 0xd2, 0xf1, 0x88, 0xd2, 0x29, 0x13, 0x49, 0x23, 0xe9, 0x43, 
0x0c, 0x02, 0xf9, 0x33, 0x1d, 0xf0, 0x00, 0x00, 0x36, 0x41, 0x00, 0x0c, 0x02, 0x1d, 0xf0, 0x00, 
0x36, 0x41, 0x00, 0x4d, 0x02, 0x26, 0x33, 0x2d, 0x26, 0x23, 0x37, 0x0c, 0x02, 0x66, 0x13, 0x43, 
0x30, 0x6f, 0x00, 0x7c, 0xf6, 0x0c, 0x75, 0x0c, 0x37, 0x60, 0x6c, 0x41, 0x40, 0x24, 0xb5, 0x40, 
0x55, 0x01, 0x30, 0x77, 0x01, 0x60, 0xe4, 0x10, 0x29, 0x05, 0x7a, 0xfe, 0x28, 0x0f, 0x30, 0xe6, 
0x13, 0x10, 0x20, 0x00, 0x1d, 0xf0, 0x0c, 0xf2, 0x50, 0x22, 0x01, 0x40, 0x30, 0x94, 0x2a, 0x23, 
0x86, 0x03, 0x00, 0x7c, 0xf2, 0x20, 0x2c, 0x41, 0x0c, 0xd3, 0x50, 0x33, 0x01, 0x20, 0x24, 0x10, 
0x3a, 0x22, 0x28, 0x02, 0x1d, 0xf0, 0x00, 0x00, 0x36, 0x41, 0x00, 0x26, 0x34, 0x2b, 0x26, 0x24, 
0x35, 0x66, 0x14, 0x43, 0x40, 0x6f, 0x00, 0x7c, 0xf6, 0x60, 0x6c, 0x41, 0x0c, 0x37, 0x0c, 0x75, 
0x30, 0x77, 0x01, 0x60, 0x62, 0x10, 0x40, 0x55, 0x01, 0x20, 0xf4, 0xb5, 0x7a, 0x66, 0xf9, 0x05, 
0x39, 0x06, 0x40, 0xe6, 0x13, 0x10, 0x20, 0x00, 0x1d, 0xf0, 0x0c, 0xf4, 0x50, 0x44, 0x01, 0x20, 
0x20, 0x94, 0x4a, 0x22, 0x86, 0x03, 0x00, 0x7c, 0xf4, 0x0c, 0xd5, 0x40, 0x4c, 0x41, 0x50, 0x55, 
0x01, 0x40, 0x22, 0x10, 0x5a, 0x22, 0x39, 0x02, 0x1d, 0xf0, 0x00, 0x00, 0x36, 0x41, 0x00, 0xad, 
0x02, 0xbd, 0x05, 0xe5, 0xf4, 0xff, 0x00, 0x04, 0x40, 0x30, 0x2a, 0x10, 0x20, 0x20, 0x91, 0x1d, 
0xf0, 0x00, 0x00, 0x00, 0x36, 0x41, 0x00, 0xad, 0x02, 0xbd, 0x05, 0x65, 0xf3, 0xff, 0x0c, 0x02, 
0x0c, 0x15, 0x0c, 0x07, 0x0c, 0x06, 0x00, 0x17, 0x40, 0x70, 0x80, 0x74, 0x80, 0xb3, 0x62, 0x00, 
0x95, 0xa1, 0x40, 0x88, 0x62, 0xb0, 0x92, 0x93, 0x80, 0x92, 0x93, 0x1b, 0x77, 0x60, 0x69, 0x20, 
0x66, 0xc7, 0xe2, 0xa0, 0x26, 0x10, 0x00, 0x04, 0x40, 0x20, 0x20, 0x91, 0x1d, 0xf0, 0x00, 0x00, 
0x36, 0x41, 0x00, 0xad, 0x02, 0xbd, 0x06, 0xa5, 0xef, 0xff, 0x00, 0x15, 0x40, 0x00, 0x33, 0xa1, 
0x40, 0xea, 0x10, 0xe0, 0xfa, 0x30, 0x40, 0x33, 0x10, 0x30, 0xbf, 0x20, 0xad, 0x02, 0xcd, 0x06, 
0x65, 0xf3, 0xff, 0x1d, 0xf0, 0x00, 0x00, 0x00, 0x36, 0x41, 0x00, 0xad, 0x02, 0xbd, 0x06, 0x25, 
0xed, 0xff, 0x0c, 0x08, 0x0c, 0x19, 0x0c, 0x0b, 0x0c, 0x07, 0x00, 0x1b, 0x40, 0xb0, 0xc0, 0x74, 
0xc0, 0xe4, 0x62, 0x00, 0xd9, 0xa1, 0x50, 0xcc, 0x62, 0xe0, 0xd8, 0x93, 0xc0, 0xd8, 0x93, 0x1b, 
0xbb, 0x70, 0x7d, 0x20, 0x66, 0xcb, 0xe2, 0x00, 0x15, 0x40, 0x70, 0x4a, 0x10, 0x00, 0x33, 0xa1, 
0x40, 0x4a, 0x30, 0x30, 0x37, 0x10, 0x30, 0xb4, 0x20, 0xad, 0x02, 0xcd, 0x06, 0xa5, 0xee, 0xff, 
0x1d, 0xf0, 0x00, 0x00, 0x36, 0x41, 0x00, 0xad, 0x02, 0xbd, 0x06, 0x65, 0xe8, 0xff, 0x00, 0x05, 
0x40, 0x40, 0x2a, 0x10, 0x20, 0x20, 0x91, 0x0c, 0x1f, 0x30, 0x22, 0xc0, 0xf0, 0x22, 0x62, 0x1d, 
0xf0, 0x00, 0x00, 0x00, 0x36, 0x41, 0x00, 0xad, 0x02, 0xbd, 0x06, 0x65, 0xe6, 0xff, 0x0c, 0x02, 
0x0c, 0x17, 0x0c, 0x06, 0x0c, 0x08, 0x00, 0x18, 0x40, 0x80, 0x90, 0x74, 0x90, 0xc4, 0x62, 0x00, 
0xb7, 0xa1, 0x50, 0x99, 0x62, 0xc0, 0xb2, 0x93, 0x90, 0xb2, 0x93, 0x1b, 0x88, 0x60, 0x6b, 0x20, 
0x66, 0xc8, 0xe2, 0xa0, 0x26, 0x10, 0x00, 0x05, 0x40, 0x20, 0x20, 0x91, 0x0c, 0x14, 0x30, 0x22, 
0xc0, 0x40, 0x22, 0x62, 0x1d, 0xf0, 0x00, 0x00, 0x36, 0x41, 0x00, 0xad, 0x02, 0xbd, 0x04, 0x25, 
0xe2, 0xff, 0x2d, 0x0a, 0x1d, 0xf0, 0x00, 0x00, 0x36, 0x41, 0x00, 0xad, 0x02, 0xbd, 0x04, 0xcd, 
0x05, 0x65, 0xe6, 0xff, 0x1d, 0xf0, 0x00, 0x00, 0x36, 0x41, 0x00, 0xad, 0x02, 0xbd, 0x06, 0x25, 
0xe0, 0xff, 0x00, 0x05, 0x40, 0x40, 0x7a, 0x10, 0x70, 0x70, 0x91, 0x37, 0x17, 0x07, 0x0c, 0x0a, 
0x65, 0x73, 0xfe, 0x06, 0xf9, 0xff, 0x0c, 0x12, 0x1d, 0xf0, 0x00, 0x00, 0x36, 0x41, 0x00, 0xad, 
0x02, 0xbd, 0x03, 0xcd, 0x04, 0xdd, 0x05, 0xed, 0x06, 0xa5, 0xf6, 0xff, 0x16, 0xfa, 0xfe, 0x0c, 
0x12, 0x1d, 0xf0, 0x00, 0x36, 0x41, 0x00, 0x30, 0x6f, 0x00, 0x7c, 0xf6, 0x0c, 0x75, 0x0c, 0x37, 
0x60, 0x6c, 0x41, 0x20, 0x44, 0xb5, 0x40, 0x55, 0x01, 0x30, 0x77, 0x01, 0x60, 0xf2, 0x10, 0x49, 
0x05, 0x7a, 0x2f, 0x28, 0x02, 0x30, 0xe6, 0x13, 0x10, 0x20, 0x00, 0x1d, 0xf0, 0x00, 0x00, 0x00, 
0x36, 0x41, 0x00, 0x40, 0x6f, 0x00, 0x7c, 0xf6, 0x60, 0x6c, 0x41, 0x0c, 0x37, 0x0c, 0x75, 0x30, 
0x77, 0x01, 0x60, 0x62, 0x10, 0x40, 0x55, 0x01, 0x20, 0xf4, 0xb5, 0x7a, 0x66, 0xf9, 0x05, 0x39, 
0x06, 0x40, 0xe6, 0x13, 0x10, 0x20, 0x00, 0x1d, 0xf0, 0x00, 0x00, 0x00, 0x36, 0x41, 0x00, 0x40, 
0x6f, 0x00, 0x51, 0x15, 0xd1, 0x0c, 0x76, 0x7c, 0xf8, 0x30, 0x66, 0x11, 0x80, 0x8c, 0x41, 0x0c, 
0x3e, 0x0c, 0x77, 0x69, 0x05, 0x30, 0x6e, 0x01, 0x80, 0x22, 0x10, 0x40, 0x77, 0x01, 0x0c, 0x0f, 
0x6a, 0x22, 0xf9, 0x07, 0x39, 0x02, 0xf9, 0x05, 0x40, 0xe6, 0x13, 0x10, 0x20, 0x00, 0x1d, 0xf0, 
0x36, 0x41, 0x00, 0x70, 0x6f, 0x00, 0x40, 0x40, 0x14, 0x50, 0x50, 0x14, 0x7c, 0xf8, 0x60, 0x60, 
0x24, 0x80, 0x8c, 0x41, 0xa0, 0x44, 0x01, 0xc0, 0x55, 0x01, 0xc1, 0x03, 0xd1, 0x0c, 0x3d, 0x80, 
0x22, 0x10, 0x30, 0x8d, 0x01, 0x4a, 0x45, 0x00, 0x66, 0x11, 0x0c, 0x7e, 0x6a, 0x44, 0x40, 0x6e, 
0x01, 0x8a, 0x22, 0x0c, 0x0f, 0x49, 0x0c, 0xf9, 0x06, 0x39, 0x02, 0xf9, 0x0c, 0x70, 0xe6, 0x13, 
0x10, 0x20, 0x00, 0x1d, 0xf0, 0x00, 0x00, 0x00, 0x36, 0x41, 0x00, 0x60, 0x6f, 0x00, 0x30, 0x30, 
0x14, 0x40, 0x40, 0x14, 0x50, 0x50, 0x24, 0x7c, 0xf7, 0xa0, 0x33, 0x01, 0xc0, 0x44, 0x01, 0xc1, 
0xf2, 0xd0, 0x70, 0x7c, 0x41, 0x3a, 0x34, 0x00, 0x55, 0x11, 0x0c, 0x3d, 0x0c, 0x7e, 0x5a, 0x33, 
0x70, 0x22, 0x10, 0x30, 0x7d, 0x01, 0x40, 0x5e, 0x01, 0x0c, 0x0f, 0x39, 0x0c, 0x7a, 0x22, 0xf9, 
0x05, 0x28, 0x02, 0xf9, 0x0c, 0x60, 0xe6, 0x13, 0x10, 0x20, 0x00, 0x1d, 0xf0, 0x00, 0x00, 0x00, 
0x36, 0x41, 0x00, 0x21, 0xae, 0xd1, 0x31, 0xae, 0xd1, 0x41, 0xae, 0xd1, 0x58, 0x02, 0x38, 0x03, 
0x28, 0x04, 0x37, 0xe5, 0x06, 0x17, 0xe3, 0x1d, 0xfc, 0x42, 0x1d, 0xf0, 0x41, 0xab, 0xd1, 0x61, 
0xab, 0xd1, 0x0c, 0x85, 0x71, 0xab, 0xd1, 0x59, 0x04, 0x79, 0x06, 0x65, 0x25, 0xfe, 0x41, 0xa9, 
0xd1, 0x49, 0x06, 0x17, 0x63, 0xe1, 0x31, 0xa8, 0xd1, 0x51, 0xa4, 0xd1, 0x0c, 0x24, 0x61, 0xa7, 
0xd1, 0x49, 0x03, 0x69, 0x05, 0xa5, 0x16, 0xfe, 0x31, 0xa6, 0xd1, 0x39, 0x05, 0x16, 0x92, 0xfc, 
0x31, 0xa5, 0xd1, 0x07, 0x72, 0x1c, 0x51, 0x9d, 0xd1, 0x0c, 0x14, 0x62, 0xa1, 0xe1, 0x00, 0x44, 
0x11, 0x90, 0x66, 0x11, 0x49, 0x03, 0x69, 0x05, 0x65, 0xc2, 0xfd, 0x42, 0xa1, 0xe3, 0x90, 0x44, 
0x11, 0x49, 0x05, 0x47, 0x72, 0xa3, 0x41, 0x95, 0xd1, 0x0c, 0x12, 0xc0, 0x22, 0x01, 0x51, 0x9a, 
0xd1, 0x29, 0x03, 0x59, 0x04, 0x65, 0x0d, 0xfe, 0x21, 0x99, 0xd1, 0x29, 0x04, 0x1d, 0xf0, 0x00, 
0x36, 0x41, 0x00, 0x1d, 0xf0, 0x00, 0x00, 0x00, 0x36, 0x41, 0x00, 0x32, 0xa2, 0x00, 0x0c, 0x0a, 
0x25, 0x10, 0x01, 0x2d, 0x0a, 0xb2, 0xda, 0x02, 0x0c, 0x0a, 0x65, 0x0d, 0x01, 0x40, 0xea, 0x03, 
0x20, 0x24, 0xc0, 0x27, 0x33, 0xe7, 0x1d, 0xf0, 0x36, 0x41, 0x00, 0x32, 0xa4, 0x00, 0x0c, 0x1a, 
0x25, 0x0e, 0x01, 0x2d, 0x0a, 0xb2, 0xda, 0x04, 0x0c, 0x1a, 0x65, 0x0b, 0x01, 0x40, 0xea, 0x03, 
0x20, 0x24, 0xc0, 0x27, 0x33, 0xe7, 0x1d, 0xf0, 0x36, 0x41, 0x00, 0x1c, 0x93, 0x50, 0x33, 0x11, 
0x0c, 0x2a, 0x25, 0x0c, 0x01, 0x2d, 0x0a, 0x3a, 0xba, 0x0c, 0x2a, 0x65, 0x09, 0x01, 0x40, 0xea, 
0x03, 0x20, 0x24, 0xc0, 0x27, 0x33, 0xe8, 0x1d, 0xf0, 0x00, 0x00, 0x00, 0x36, 0x41, 0x00, 0x31, 
0x73, 0xd1, 0x41, 0x7b, 0xd1, 0x0c, 0x52, 0xa1, 0x7c, 0xd1, 0xb1, 0x7c, 0xd1, 0x30, 0x22, 0x11, 
0x51, 0x79, 0xd1, 0x29, 0x03, 0x59, 0x04, 0xa5, 0xa8, 0x00, 0x61, 0x7a, 0xd1, 0x71, 0x7a, 0xd1, 
0xb1, 0x7b, 0xd1, 0x51, 0x77, 0xd1, 0x0c, 0x02, 0x7c, 0xff, 0x0c, 0x0a, 0x0c, 0x0c, 0x0c, 0x0d, 
0x59, 0x03, 0x29, 0x06, 0xf9, 0x07, 0x25, 0x81, 0x00, 0xb1, 0x75, 0xd1, 0x0c, 0x1a, 0x0c, 0x0c, 
0x0c, 0x0d, 0x65, 0x80, 0x00, 0xb1, 0x73, 0xd1, 0x0c, 0x2a, 0x0c, 0x0c, 0x0c, 0x0d, 0xa5, 0x7f, 
0x00, 0xb1, 0x71, 0xd1, 0x0c, 0x3a, 0x0c, 0x0c, 0x0c, 0x0d, 0xe5, 0x7e, 0x00, 0xb1, 0x6f, 0xd1, 
0x0c, 0x4a, 0x0c, 0x0c, 0x0c, 0x0d, 0x25, 0x7e, 0x00, 0xb1, 0x6d, 0xd1, 0x0c, 0x5a, 0x0c, 0x0c, 
0x0c, 0x0d, 0x65, 0x7d, 0x00, 0xb1, 0x6b, 0xd1, 0x0c, 0x6a, 0x0c, 0x0c, 0x0c, 0x0d, 0xa5, 0x7c, 
0x00, 0xb1, 0x69, 0xd1, 0x0c, 0x7a, 0x0c, 0x0c, 0x0c, 0x0d, 0xe5, 0x7b, 0x00, 0xb1, 0x67, 0xd1, 
0x0c, 0x8a, 0x0c, 0x0c, 0x0c, 0x0d, 0x25, 0x7b, 0x00, 0xb1, 0x65, 0xd1, 0x0c, 0x9a, 0x0c, 0x0c, 
0x0c, 0x0d, 0x65, 0x7a, 0x00, 0xb1, 0x63, 0xd1, 0x0c, 0xaa, 0x0c, 0x0c, 0x0c, 0x0d, 0xa5, 0x79, 
0x00, 0xb1, 0x61, 0xd1, 0x0c, 0xba, 0x0c, 0x0c, 0x0c, 0x0d, 0xe5, 0x78, 0x00, 0xb1, 0x5f, 0xd1, 
0x0c, 0xca, 0x0c, 0x0c, 0x0c, 0x0d, 0x25, 0x78, 0x00, 0xb1, 0x5d, 0xd1, 0x0c, 0xda, 0x0c, 0x0c, 
0x0c, 0x0d, 0x65, 0x77, 0x00, 0xb1, 0x5b, 0xd1, 0x0c, 0xea, 0x0c, 0x0c, 0x0c, 0x0d, 0xa5, 0x76, 
0x00, 0xb1, 0x59, 0xd1, 0x0c, 0xfa, 0x0c, 0x0c, 0x0c, 0x0d, 0xe5, 0x75, 0x00, 0xb1, 0x57, 0xd1, 
0x1c, 0x0a, 0x0c, 0x0c, 0x0c, 0x0d, 0x25, 0x75, 0x00, 0xb1, 0x55, 0xd1, 0x1c, 0x1a, 0x0c, 0x0c, 
0x0c, 0x0d, 0x65, 0x74, 0x00, 0xb1, 0x53, 0xd1, 0x1c, 0x2a, 0x0c, 0x0c, 0x0c, 0x0d, 0xa5, 0x73, 
0x00, 0xb1, 0x51, 0xd1, 0x1c, 0x3a, 0x0c, 0x0c, 0x0c, 0x0d, 0xe5, 0x72, 0x00, 0xb1, 0x4f, 0xd1, 
0x1c, 0x4a, 0x0c, 0x0c, 0x0c, 0x0d, 0x25, 0x72, 0x00, 0xb1, 0x4d, 0xd1, 0x1c, 0x5a, 0x0c, 0x0c, 
0x0c, 0x0d, 0x65, 0x71, 0x00, 0xb1, 0x4b, 0xd1, 0x1c, 0x6a, 0x0c, 0x0c, 0x0c, 0x0d, 0xa5, 0x70, 
0x00, 0xb1, 0x49, 0xd1, 0x1c, 0x7a, 0x0c, 0x0c, 0x0c, 0x0d, 0xe5, 0x6f, 0x00, 0xb1, 0x47, 0xd1, 
0x1c, 0x8a, 0x0c, 0x0c, 0x0c, 0x0d, 0x25, 0x6f, 0x00, 0xb1, 0x45, 0xd1, 0x1c, 0x9a, 0x0c, 0x0c, 
0x0c, 0x0d, 0x65, 0x6e, 0x00, 0xb1, 0x43, 0xd1, 0x1c, 0xaa, 0x0c, 0x0c, 0x0c, 0x0d, 0x1c, 0xa5, 
0x65, 0x6d, 0x00, 0xb1, 0x41, 0xd1, 0x1c, 0xba, 0x0c, 0x0c, 0x0c, 0x0d, 0xa5, 0x6c, 0x00, 0x1c, 
0xca, 0x0c, 0x0b, 0x0c, 0x0c, 0x0c, 0x0d, 0x25, 0x6c, 0x00, 0xb1, 0x3c, 0xd1, 0x1c, 0xda, 0x0c, 
0x0c, 0x0c, 0x0d, 0x65, 0x6b, 0x00, 0xb1, 0x3a, 0xd1, 0x1c, 0xea, 0x0c, 0x0c, 0x0c, 0x0d, 0xa5, 
0x6a, 0x00, 0x60, 0xea, 0x03, 0x0c, 0x0a, 0xb2, 0xd6, 0x02, 0x65, 0xed, 0x00, 0x60, 0xea, 0x03, 
0x0c, 0x1a, 0xb2, 0xd6, 0x04, 0xa5, 0xec, 0x00, 0x60, 0xea, 0x03, 0x1c, 0x97, 0x50, 0x77, 0x11, 
0x7a, 0xb6, 0x0c, 0x2a, 0xa5, 0xeb, 0x00, 0x61, 0x2f, 0xd1, 0x69, 0x03, 0x60, 0x6f, 0x00, 0xad, 
0x02, 0x25, 0x64, 0x00, 0x1b, 0x22, 0x57, 0x92, 0xf5, 0x1c, 0xda, 0xa5, 0x63, 0x00, 0x51, 0x2b, 
0xd1, 0xd1, 0x2b, 0xd1, 0xf1, 0x2c, 0xd1, 0x21, 0x28, 0xd1, 0x7c, 0x77, 0x81, 0x2c, 0xd1, 0xa1, 
0x2c, 0xd1, 0xc1, 0x2c, 0xd1, 0x29, 0x03, 0x79, 0x05, 0x7c, 0xde, 0x51, 0x27, 0xd1, 0xe9, 0x0d, 
0x59, 0x0f, 0x0c, 0x09, 0x0c, 0x1b, 0xd1, 0x28, 0xd1, 0xe1, 0x28, 0xd1, 0xf1, 0x29, 0xd1, 0x99, 
0x08, 0xb9, 0x0a, 0xb9, 0x0c, 0xd9, 0x03, 0xe9, 0x03, 0xf9, 0x04, 0x60, 0xe6, 0x13, 0x10, 0x20, 
0x00, 0x00, 0x70, 0x00, 0x46, 0xfe, 0xff, 0x00, 0x36, 0x41, 0x00, 0x21, 0x22, 0xd1, 0x41, 0xe7, 
0xd0, 0x0c, 0x15, 0x0c, 0x13, 0x40, 0x55, 0x11, 0x39, 0x02, 0x59, 0x04, 0x25, 0xcc, 0xff, 0x1c, 
0x12, 0x80, 0x22, 0x11, 0x29, 0x04, 0x1d, 0xf0, 0x36, 0x41, 0x00, 0x21, 0x1a, 0xd1, 0x41, 0xdf, 
0xd0, 0x0c, 0x23, 0x0c, 0x1e, 0xf2, 0xa5, 0xab, 0x39, 0x02, 0x22, 0xde, 0x10, 0xf0, 0x3f, 0x90, 
0x29, 0x04, 0x39, 0x04, 0x1d, 0xf0, 0x00, 0x00, 0x36, 0x41, 0x00, 0x21, 0x12, 0xd1, 0x41, 0xd7, 
0xd0, 0x0c, 0x43, 0xe2, 0xa5, 0x56, 0xf2, 0xa2, 0x6e, 0x39, 0x02, 0xe0, 0x2e, 0x90, 0xf0, 0x3f, 
0xf0, 0x29, 0x04, 0x39, 0x04, 0x1d, 0xf0, 0x00, 0x36, 0x41, 0x00, 0x21, 0x0a, 0xd1, 0x41, 0xcf, 
0xd0, 0x0c, 0x83, 0x0c, 0x3e, 0xf2, 0xa3, 0x67, 0x39, 0x02, 0x22, 0xde, 0x10, 0xf0, 0x3f, 0xa0, 
0x29, 0x04, 0x39, 0x04, 0x1d, 0xf0, 0x00, 0x00, 0x36, 0x41, 0x00, 0x21, 0x02, 0xd1, 0x41, 0xc7, 
0xd0, 0x1c, 0x03, 0xe2, 0xa4, 0x01, 0xf2, 0xa4, 0x41, 0x39, 0x02, 0xe0, 0x2e, 0x11, 0xe0, 0x3f, 
0x11, 0x29, 0x04, 0x39, 0x04, 0x1d, 0xf0, 0x00, 0x36, 0x41, 0x00, 0x21, 0xfa, 0xd0, 0x41, 0xbf, 
0xd0, 0x2c, 0x03, 0xe2, 0xa5, 0x57, 0x0c, 0x5f, 0x39, 0x02, 0xe0, 0x2e, 0x90, 0x32, 0xdf, 0x11, 
0x29, 0x04, 0x39, 0x04, 0x1d, 0xf0, 0x00, 0x00, 0x36, 0x41, 0x00, 0x21, 0xf2, 0xd0, 0x41, 0xb7, 
0xd0, 0x4c, 0x03, 0xe2, 0xa2, 0x4a, 0x0c, 0x6f, 0x39, 0x02, 0xe0, 0x2e, 0xf0, 0x32, 0xdf, 0x11, 
0x29, 0x04, 0x39, 0x04, 0x1d, 0xf0, 0x00, 0x00, 0x36, 0x41, 0x00, 0x21, 0xea, 0xd0, 0x41, 0xaf, 
0xd0, 0x32, 0xa0, 0x80, 0x0c, 0x7e, 0xf2, 0xa5, 0xad, 0x39, 0x02, 0x22, 0xde, 0x10, 0xf0, 0x3f, 
0x90, 0x29, 0x04, 0x39, 0x04, 0x1d, 0xf0, 0x00, 0x36, 0x41, 0x00, 0x21, 0xe2, 0xd0, 0x41, 0xa7, 
0xd0, 0x32, 0xa1, 0x00, 0xe2, 0xa2, 0x01, 0xf2, 0xa2, 0x21, 0x39, 0x02, 0xd0, 0x2e, 0x11, 0xd0, 
0x3f, 0x11, 0x29, 0x04, 0x39, 0x04, 0x1d, 0xf0, 0x36, 0x41, 0x00, 0x21, 0xda, 0xd0, 0x41, 0x9f, 
0xd0, 0x32, 0xa2, 0x00, 0xe2, 0xa3, 0x35, 0xf2, 0xa2, 0x6f, 0x39, 0x02, 0xe0, 0x2e, 0xa0, 0xf0, 
0x3f, 0xf0, 0x29, 0x04, 0x39, 0x04, 0x1d, 0xf0, 0x36, 0x41, 0x00, 0x21, 0xd2, 0xd0, 0x41, 0x97, 
0xd0, 0x32, 0xa4, 0x00, 0xe2, 0xa1, 0x01, 0xf2, 0xa1, 0x11, 0x39, 0x02, 0xc0, 0x2e, 0x11, 0xc0, 
0x3f, 0x11, 0x29, 0x04, 0x39, 0x04, 0x1d, 0xf0, 0x36, 0x41, 0x00, 0x21, 0xca, 0xd0, 0x0c, 0x13, 
0x41, 0x8f, 0xd0, 0x50, 0x33, 0x11, 0xe2, 0xa5, 0x5b, 0x1c, 0x1f, 0x39, 0x02, 0xe0, 0x2e, 0x90, 
0x32, 0xdf, 0x11, 0x29, 0x04, 0x39, 0x04, 0x1d, 0xf0, 0x00, 0x00, 0x00, 0x36, 0x41, 0x00, 0x21, 
0xc1, 0xd0, 0x0c, 0x13, 0x41, 0x86, 0xd0, 0x40, 0x33, 0x11, 0x1c, 0x2e, 0xf2, 0xa3, 0x6a, 0x39, 
0x02, 0x22, 0xde, 0x10, 0xf0, 0x3f, 0xa0, 0x29, 0x04, 0x39, 0x04, 0x1d, 0xf0, 0x00, 0x00, 0x00, 
0x36, 0x41, 0x00, 0x21, 0xb8, 0xd0, 0x0c, 0x13, 0x41, 0x7d, 0xd0, 0x30, 0x33, 0x11, 0xe2, 0xa3, 
0x37, 0xf2, 0xa5, 0xb1, 0x39, 0x02, 0xe0, 0x2e, 0xa0, 0xf0, 0x3f, 0x90, 0x29, 0x04, 0x39, 0x04, 
0x1d, 0xf0, 0x00, 0x00, 0x36, 0x41, 0x00, 0x21, 0xaf, 0xd0, 0x0c, 0x13, 0x41, 0x74, 0xd0, 0x20, 
0x33, 0x11, 0xe2, 0xa4, 0x05, 0xf2, 0xa4, 0x45, 0x39, 0x02, 0xe0, 0x2e, 0x11, 0xe0, 0x3f, 0x11, 
0x29, 0x04, 0x39, 0x04, 0x1d, 0xf0, 0x00, 0x00, 0x36, 0x41, 0x00, 0x21, 0xa6, 0xd0, 0x0c, 0x13, 
0x41, 0x6b, 0xd0, 0x10, 0x33, 0x11, 0x1c, 0x5e, 0x1c, 0x5f, 0x39, 0x02, 0x22, 0xde, 0x10, 0x32, 
0xdf, 0x11, 0x29, 0x04, 0x39, 0x04, 0x1d, 0xf0, 0x36, 0x41, 0x00, 0x21, 0x9e, 0xd0, 0x0c, 0x13, 
0x41, 0x63, 0xd0, 0x00, 0x33, 0x11, 0x1c, 0x6e, 0xf2, 0xa5, 0xb2, 0x39, 0x02, 0x22, 0xde, 0x10, 
0xf0, 0x3f, 0x90, 0x29, 0x04, 0x39, 0x04, 0x1d, 0xf0, 0x00, 0x00, 0x00, 0x36, 0x41, 0x00, 0x21, 
0x95, 0xd0, 0x0c, 0x13, 0x41, 0x5a, 0xd0, 0xf0, 0x33, 0x01, 0xe2, 0xa5, 0x5d, 0xf2, 0xa3, 0x6b, 
0x39, 0x02, 0xe0, 0x2e, 0x90, 0xf0, 0x3f, 0xa0, 0x29, 0x04, 0x39, 0x04, 0x1d, 0xf0, 0x00, 0x00, 
0x36, 0x41, 0x00, 0x21, 0x8c, 0xd0, 0x0c, 0x13, 0x41, 0x51, 0xd0, 0xe0, 0x33, 0x01, 0xe2, 0xa2, 
0x03, 0xf2, 0xa2, 0x23, 0x39, 0x02, 0xd0, 0x2e, 0x11, 0xd0, 0x3f, 0x11, 0x29, 0x04, 0x39, 0x04, 
0x1d, 0xf0, 0x00, 0x00, 0x36, 0x41, 0x00, 0x21, 0x83, 0xd0, 0x0c, 0x13, 0x41, 0x48, 0xd0, 0xd0, 
0x33, 0x01, 0x1c, 0x9e, 0xf2, 0xa5, 0xb3, 0x39, 0x02, 0x22, 0xde, 0x10, 0xf0, 0x3f, 0x90, 0x29, 
0x04, 0x39, 0x04, 0x1d, 0xf0, 0x00, 0x00, 0x00, 0x36, 0x41, 0x00, 0x21, 0x7a, 0xd0, 0x0c, 0x13, 
0x41, 0x3f, 0xd0, 0xc0, 0x33, 0x01, 0xe2, 0xa0, 0x81, 0xf2, 0xa0, 0x89, 0x39, 0x02, 0xb0, 0x2e, 
0x11, 0xb0, 0x3f, 0x11, 0x29, 0x04, 0x39, 0x04, 0x1d, 0xf0, 0x00, 0x00, 0x36, 0x41, 0x00, 0x21, 
0x71, 0xd0, 0x0c, 0x13, 0x41, 0x36, 0xd0, 0xb0, 0x33, 0x01, 0x2c, 0x1e, 0xf2, 0xa3, 0x6d, 0x39, 
0x02, 0x22, 0xde, 0x10, 0xf0, 0x3f, 0xa0, 0x29, 0x04, 0x39, 0x04, 0x1d, 0xf0, 0x00, 0x00, 0x00, 
0x36, 0x41, 0x00, 0x21, 0x68, 0xd0, 0x0c, 0x13, 0x41, 0x2d, 0xd0, 0xa0, 0x33, 0x01, 0xe2, 0xa3, 
0x3a, 0xf2, 0xa5, 0xb6, 0x39, 0x02, 0xe0, 0x2e, 0xa0, 0xf0, 0x3f, 0x90, 0x29, 0x04, 0x39, 0x04, 
0x1d, 0xf0, 0x00, 0x00, 0x36, 0x41, 0x00, 0x21, 0x5f, 0xd0, 0x0c, 0x13, 0x41, 0x24, 0xd0, 0x90, 
0x33, 0x01, 0xe2, 0xa5, 0x61, 0x2c, 0x3f, 0x39, 0x02, 0xe0, 0x2e, 0x90, 0x32, 0xdf, 0x11, 0x29, 
0x04, 0x39, 0x04, 0x1d, 0xf0, 0x00, 0x00, 0x00, 0x36, 0x41, 0x00, 0x21, 0x56, 0xd0, 0x0c, 0x13, 
0x41, 0x1b, 0xd0, 0x80, 0x33, 0x01, 0xe2, 0xa4, 0x09, 0xf2, 0xa4, 0x49, 0x39, 0x02, 0xe0, 0x2e, 
0x11, 0xe0, 0x3f, 0x11, 0x29, 0x04, 0x39, 0x04, 0x1d, 0xf0, 0x00, 0x00, 0x36, 0x41, 0x00, 0x21, 
0x4d, 0xd0, 0x0c, 0x13, 0x41, 0x12, 0xd0, 0x70, 0x33, 0x01, 0x2c, 0x5e, 0xf2, 0xa5, 0xb7, 0x39, 
0x02, 0x22, 0xde, 0x10, 0xf0, 0x3f, 0x90, 0x29, 0x04, 0x39, 0x04, 0x1d, 0xf0, 0x00, 0x00, 0x00, 
0x36, 0x41, 0x00, 0x7d, 0x03, 0x16, 0xf5, 0x0b, 0x0c, 0x03, 0x0c, 0x06, 0x57, 0xb7, 0x02, 0x46, 
0x2c, 0x00, 0x60, 0xf5, 0x40, 0x16, 0x36, 0x1d, 0x2c, 0x08, 0x00, 0x16, 0x40, 0x60, 0x98, 0xc0, 
0x00, 0x55, 0xa1, 0x00, 0x09, 0x40, 0x40, 0xc0, 0x91, 0x00, 0x16, 0x40, 0x00, 0xb4, 0xa1, 0x00, 
0x09, 0x40, 0x50, 0x4c, 0x20, 0x70, 0xd0, 0x91, 0x00, 0x16, 0x40, 0x40, 0x80, 0xf5, 0x00, 0xe7, 
0xa1, 0x00, 0x09, 0x40, 0x80, 0x9d, 0xc2, 0x80, 0xc9, 0x82, 0x20, 0xa0, 0x91, 0xc0, 0x5d, 0xc0, 
0x00, 0x16, 0x40, 0xe0, 0x7a, 0x20, 0x40, 0x60, 0xf4, 0x70, 0xf0, 0xf5, 0x00, 0x55, 0x11, 0x60, 
0xa9, 0x82, 0xfa, 0xc5, 0x5d, 0x09, 0xa7, 0xbc, 0x0f, 0x4a, 0xcc, 0x0b, 0x59, 0x47, 0x3c, 0x08, 
0xa7, 0xbc, 0x05, 0x52, 0xc9, 0xfe, 0x40, 0xcc, 0x80, 0xa0, 0xac, 0xc0, 0x80, 0x9a, 0xc2, 0x80, 
0x89, 0x82, 0x70, 0x70, 0xf4, 0x80, 0x8a, 0xc0, 0x00, 0x88, 0x11, 0x60, 0x69, 0x82, 0x7a, 0x78, 
0x8d, 0x09, 0x67, 0xb7, 0x0f, 0x4a, 0x77, 0x0b, 0x89, 0x47, 0x37, 0x08, 0x67, 0xb7, 0x05, 0x82, 
0xc9, 0xfe, 0x40, 0x77, 0x80, 0x00, 0x55, 0x11, 0x00, 0x42, 0xa1, 0x60, 0x27, 0xc0, 0x50, 0x68, 
0x20, 0xad, 0x06, 0xf0, 0x20, 0x00, 0xa5, 0x6e, 0x00, 0xb7, 0x32, 0x05, 0xa7, 0xb4, 0x04, 0xb7, 
0x92, 0x01, 0x0b, 0x66, 0x2d, 0x06, 0x1d, 0xf0, 0x30, 0xf4, 0x40, 0x47, 0x37, 0x02, 0x86, 0x21, 
0x00, 0x9c, 0xb3, 0x2c, 0x05, 0x00, 0x13, 0x40, 0x30, 0x55, 0xc0, 0x00, 0x44, 0xa1, 0x00, 0x67, 
0xa1, 0x00, 0x05, 0x40, 0x20, 0x50, 0x91, 0x00, 0x13, 0x40, 0x60, 0x75, 0x20, 0x00, 0x22, 0xa1, 
0x40, 0x60, 0xf5, 0x60, 0x87, 0xc2, 0x60, 0x38, 0x82, 0x40, 0x50, 0xf4, 0x30, 0x37, 0xc0, 0x20, 
0x90, 0xf5, 0x00, 0x33, 0x11, 0x50, 0x78, 0x82, 0x9a, 0x93, 0x3d, 0x08, 0x77, 0xb9, 0x10, 0x4a, 
0x99, 0x32, 0xc8, 0xff, 0x47, 0x39, 0x08, 0x77, 0xb9, 0x05, 0x32, 0xc8, 0xfe, 0x40, 0x99, 0x80, 
0x70, 0x89, 0xc0, 0x60, 0x78, 0xc2, 0x60, 0x67, 0x82, 0x20, 0xf0, 0xf4, 0x60, 0x68, 0xc0, 0x00, 
0x66, 0x11, 0x50, 0x27, 0x82, 0xfa, 0x56, 0x27, 0xb5, 0x11, 0x4a, 0x55, 0x7c, 0xf6, 0x20, 0x25, 
0x62, 0x40, 0x45, 0x62, 0x20, 0x26, 0xc0, 0x40, 0x26, 0x93, 0x7a, 0x72, 0x00, 0x23, 0x11, 0x20, 
0x67, 0x20, 0x0c, 0x03, 0x2d, 0x06, 0x1d, 0xf0, 0x16, 0x53, 0x0a, 0x2c, 0x05, 0x00, 0x13, 0x40, 
0x30, 0x65, 0xc0, 0x00, 0x44, 0xa1, 0x00, 0x06, 0x40, 0x70, 0xa0, 0x91, 0x40, 0x50, 0xf5, 0x00, 
0x13, 0x40, 0x50, 0x8a, 0xc2, 0x7c, 0xe9, 0x00, 0xd7, 0xa1, 0x00, 0x06, 0x40, 0x50, 0xe8, 0x82, 
0x20, 0xb0, 0x91, 0x90, 0x90, 0xf4, 0x90, 0x64, 0x10, 0x00, 0x13, 0x40, 0xe0, 0x3a, 0xc0, 0xd0, 
0x7b, 0x20, 0x70, 0xf0, 0xf5, 0x00, 0x33, 0x11, 0x60, 0x98, 0x82, 0xfa, 0xa3, 0x3d, 0x08, 0x97, 
0xba, 0x0e, 0x4a, 0xaa, 0x0b, 0x38, 0x47, 0x3a, 0x07, 0x97, 0xba, 0x04, 0x32, 0xc8, 0xfe, 0x4a, 
0xaa, 0x90, 0x9a, 0xc0, 0x50, 0x89, 0xc2, 0x50, 0xf8, 0x82, 0x70, 0x70, 0xf4, 0xf0, 0x99, 0xc0, 
0x00, 0x99, 0x11, 0x60, 0x68, 0x82, 0x7a, 0x79, 0x9d, 0x08, 0x67, 0xb7, 0x0e, 0x4a, 0x77, 0x0b, 
0x98, 0x47, 0x37, 0x07, 0x67, 0xb7, 0x04, 0x92, 0xc8, 0xfe, 0x4a, 0x77, 0x00, 0x33, 0x11, 0x00, 
0x22, 0xa1, 0x60, 0x67, 0xc0, 0x30, 0x39, 0x20, 0x46, 0x07, 0x00, 0x00, 0x40, 0x22, 0x62, 0x0c, 
0x1f, 0x70, 0x55, 0x62, 0xf0, 0x22, 0x30, 0x50, 0x62, 0x20, 0x2d, 0x06, 0x1d, 0xf0, 0x00, 0x00, 
0x00, 0x40, 0x67, 0xc0, 0x40, 0x50, 0xf5, 0x0c, 0x13, 0x50, 0x86, 0xc2, 0x50, 0x98, 0x82, 0x40, 
0x70, 0xf4, 0x90, 0xf6, 0xc0, 0x20, 0xa0, 0xf5, 0x00, 0x6f, 0x11, 0x70, 0x98, 0x82, 0xaa, 0xa6, 
0x6d, 0x08, 0x97, 0xba, 0x0e, 0x4a, 0xaa, 0x0b, 0x68, 0x47, 0x3a, 0x07, 0x97, 0xba, 0x04, 0x62, 
0xc8, 0xfe, 0x4a, 0xaa, 0x90, 0x9a, 0xc0, 0x50, 0x89, 0xc2, 0x50, 0x58, 0x82, 0x20, 0xf0, 0xf4, 
0x50, 0x59, 0xc0, 0x00, 0x55, 0x11, 0x70, 0x28, 0x82, 0xfa, 0x55, 0x27, 0xb5, 0x11, 0x4a, 0x55, 
0x7c, 0xf7, 0x20, 0x25, 0x62, 0x40, 0x45, 0x62, 0x20, 0x27, 0xc0, 0x40, 0x27, 0x93, 0x8a, 0x82, 
0x00, 0x26, 0x11, 0x20, 0x68, 0x20, 0x2d, 0x06, 0x1d, 0xf0, 0x00, 0x00, 0x36, 0x41, 0x00, 0xad, 
0x02, 0xa5, 0x82, 0x00, 0x36, 0x41, 0x00, 0x3d, 0x02, 0x7c, 0xf2, 0xf6, 0xc3, 0x27, 0x0c, 0x12, 
0x00, 0x13, 0x40, 0x00, 0x22, 0xa1, 0x30, 0x62, 0x00, 0x41, 0x76, 0xcf, 0x51, 0x77, 0xcf, 0x68, 
0x04, 0x58, 0x05, 0x20, 0x26, 0x20, 0x20, 0x55, 0x10, 0x29, 0x04, 0x50, 0xe4, 0x13, 0x30, 0xe6, 
0x13, 0x10, 0x20, 0x00, 0x0c, 0x02, 0x1d, 0xf0, 0x36, 0x41, 0x00, 0x6d, 0x02, 0x7c, 0xf2, 0xf6, 
0xc6, 0x35, 0x71, 0x99, 0xcf, 0x81, 0x99, 0xcf, 0x1c, 0xf9, 0x70, 0x76, 0x90, 0x72, 0x17, 0x00, 
0x60, 0xa9, 0xc0, 0xf6, 0x37, 0x21, 0x80, 0x2a, 0xb0, 0x78, 0x02, 0x81, 0x95, 0xcf, 0x8c, 0x43, 
0x49, 0x12, 0x06, 0x01, 0x00, 0x00, 0x3d, 0x08, 0x69, 0x12, 0x39, 0x02, 0x0c, 0x02, 0x8c, 0x65, 
0x80, 0x37, 0xc0, 0x30, 0x37, 0x93, 0x39, 0x05, 0x1d, 0xf0, 0x00, 0x00, 0x59, 0x71, 0x21, 0x8d, 
0xcf, 0x30, 0xb1, 0x03, 0x20, 0xe6, 0x61, 0x39, 0x01, 0x29, 0x11, 0x12, 0xc1, 0x60, 0x10, 0x20, 
0x00, 0x41, 0x89, 0xcf, 0x30, 0x34, 0x20, 0x30, 0x44, 0x90, 0x36, 0xc1, 0x00, 0xe1, 0x55, 0xcf, 
0xf0, 0xe2, 0x03, 0xc0, 0xe4, 0x03, 0xd8, 0x1e, 0xc0, 0xff, 0x10, 0xc0, 0x03, 0x03, 0xd9, 0x31, 
0x16, 0x0f, 0x06, 0xc9, 0x21, 0x29, 0x81, 0x7c, 0xf2, 0xc0, 0xff, 0x40, 0xf1, 0x80, 0xcf, 0x00, 
0x0c, 0x40, 0xf0, 0xf0, 0x91, 0xf0, 0x22, 0x30, 0xd1, 0x79, 0xcf, 0xf0, 0xe3, 0x13, 0xd0, 0xcc, 
0xb0, 0xd2, 0x2c, 0x40, 0xf0, 0x62, 0x00, 0xf8, 0x0e, 0xd9, 0x1e, 0xd0, 0xff, 0x10, 0xf0, 0xe4, 
0x13, 0x10, 0x20, 0x00, 0xf0, 0x60, 0x00, 0xd8, 0x0c, 0xfd, 0x01, 0xe8, 0x1c, 0xf0, 0x0d, 0x00, 
0xe1, 0x41, 0xcf, 0xf0, 0xe2, 0x03, 0xd0, 0x62, 0x00, 0xd8, 0x0e, 0xc8, 0x31, 0xc0, 0xdd, 0x10, 
0xd0, 0xff, 0x10, 0x56, 0x1f, 0x02, 0x28, 0x81, 0xc2, 0x6e, 0x01, 0xc2, 0x21, 0x02, 0xd0, 0xe4, 
0x13, 0xd0, 0x61, 0x00, 0x01, 0x6b, 0xcf, 0xd1, 0x68, 0xcf, 0xc0, 0x03, 0x13, 0xd0, 0x00, 0x20, 
0x00, 0x0d, 0x90, 0xd0, 0x61, 0x00, 0x1d, 0xf0, 0xd0, 0xff, 0x40, 0xc1, 0x60, 0xcf, 0xc0, 0xcd, 
0xb0, 0xe2, 0x2c, 0x41, 0x20, 0xff, 0x10, 0xe0, 0xff, 0x10, 0xe1, 0x2e, 0xcf, 0x56, 0x8f, 0xf7, 
0xf1, 0x5f, 0xcf, 0x00, 0x0d, 0x40, 0xf0, 0xd0, 0x91, 0xf2, 0x2c, 0x41, 0xd0, 0xe3, 0x13, 0xf0, 
0x22, 0x20, 0xd0, 0x22, 0x30, 0x06, 0xde, 0xff, 0x21, 0x5b, 0xcf, 0x09, 0x82, 0x01, 0x5a, 0xcf, 
0x19, 0x92, 0x08, 0x00, 0x39, 0xb2, 0x00, 0xd2, 0x61, 0x49, 0xc2, 0x09, 0xa2, 0x30, 0xb1, 0x03, 
0x40, 0xe8, 0x03, 0x39, 0x32, 0x49, 0x42, 0x30, 0xee, 0x03, 0x39, 0x52, 0x40, 0xd1, 0x03, 0x49, 
0x62, 0x3c, 0x80, 0x59, 0xd2, 0x69, 0xe2, 0x79, 0xf2, 0x82, 0x62, 0x10, 0x92, 0x62, 0x11, 0xa2, 
0x62, 0x12, 0xb2, 0x62, 0x13, 0xc2, 0x62, 0x14, 0xd2, 0x62, 0x15, 0xe2, 0x62, 0x16, 0xf2, 0x62, 
0x17, 0x82, 0xc0, 0xf8, 0xa2, 0xc2, 0x20, 0x20, 0x80, 0x40, 0x56, 0xb0, 0xfd, 0x20, 0x80, 0x40, 
0x30, 0x49, 0x03, 0x40, 0x48, 0x03, 0x39, 0x12, 0x49, 0x22, 0x0c, 0x13, 0x0c, 0x04, 0x30, 0x49, 
0x13, 0x40, 0x48, 0x13, 0x10, 0x20, 0x00, 0x11, 0x3f, 0xcf, 0x0c, 0x00, 0x21, 0x40, 0xcf, 0x20, 
0xe6, 0x13, 0x10, 0x20, 0x00, 0xe0, 0x03, 0x03, 0xe9, 0x01, 0xf0, 0xe2, 0x03, 0xc0, 0xe4, 0x03, 
0xd1, 0x3c, 0xcf, 0xc0, 0xff, 0x10, 0xd0, 0xff, 0x10, 0x16, 0xaf, 0x02, 0xf0, 0xe0, 0x60, 0xf0, 
0xee, 0x10, 0xe0, 0xe3, 0x13, 0xc1, 0x2d, 0xcf, 0xe0, 0xfe, 0x40, 0xc0, 0xce, 0xb0, 0xd8, 0x0c, 
0x68, 0x1c, 0xd0, 0x0d, 0x00, 0xf0, 0xe2, 0x03, 0xc0, 0xe4, 0x03, 0xd1, 0x31, 0xcf, 0xc0, 0xff, 
0x10, 0xd0, 0xff, 0x10, 0x56, 0x4f, 0xfd, 0xf8, 0x01, 0xf0, 0x03, 0x13, 0x3c, 0x22, 0x20, 0xe6, 
0x13, 0x10, 0x20, 0x00, 0x28, 0x11, 0x38, 0x21, 0x20, 0x49, 0x13, 0x30, 0x48, 0x13, 0x10, 0x20, 
0x00, 0x11, 0x24, 0xcf, 0x3c, 0x86, 0x72, 0xc1, 0xe0, 0xe2, 0xc6, 0xf8, 0xf2, 0xc7, 0x20, 0x48, 
0xcf, 0x58, 0xdf, 0x68, 0xef, 0x78, 0xff, 0x82, 0x2f, 0x10, 0x92, 0x2f, 0x11, 0xa2, 0x2f, 0x12, 
0xb2, 0x2f, 0x13, 0x20, 0x80, 0x40, 0x56, 0xf6, 0xfd, 0x42, 0x27, 0x14, 0x52, 0x27, 0x15, 0x62, 
0x27, 0x16, 0x72, 0x27, 0x17, 0x20, 0x80, 0x40, 0x28, 0x31, 0x38, 0x41, 0x20, 0xb1, 0x13, 0x30, 
0xe8, 0x13, 0x28, 0x51, 0x20, 0xee, 0x13, 0x38, 0x61, 0x30, 0xd1, 0x13, 0x08, 0x81, 0x28, 0xa1, 
0x38, 0xb1, 0x18, 0x91, 0x10, 0x32, 0x00, 0x00, 0x00, 0x00, 0x00, 0x00, 0x00, 0x00, 0x00, 0x00, 
0x36, 0x21, 0x00, 0x51, 0x10, 0xcf, 0x48, 0x03, 0x0c, 0x06, 0x57, 0x94, 0x08, 0x40, 0x6f, 0x00, 
0x60, 0xe4, 0x13, 0x45, 0x00, 0x00, 0x1d, 0xf0, 0x29, 0x53, 0x30, 0xd1, 0x13, 0x62, 0x23, 0x55, 
0x52, 0x23, 0x54, 0x60, 0x49, 0x13, 0x50, 0x48, 0x13, 0x10, 0x20, 0x00, 0x30, 0xd1, 0x03, 0x28, 
0x53, 0x08, 0x13, 0x1c, 0x14, 0x40, 0xe6, 0x13, 0x10, 0x20, 0x00, 0x52, 0x23, 0x57, 0x50, 0x03, 
0x13, 0x52, 0x23, 0x5c, 0x50, 0xb2, 0x13, 0x52, 0x23, 0x5e, 0x50, 0xc2, 0x13, 0x52, 0x23, 0x60, 
0x50, 0xd2, 0x13, 0x52, 0x23, 0x5d, 0x50, 0xb3, 0x13, 0x52, 0x23, 0x5f, 0x50, 0xc3, 0x13, 0x52, 
0x23, 0x61, 0x50, 0xd3, 0x13, 0x52, 0x23, 0x62, 0x50, 0xe7, 0x13, 0x42, 0xc3, 0xe4, 0x42, 0xd4, 
0x02, 0x58, 0x04, 0x50, 0x04, 0x13, 0x7c, 0xf6, 0x60, 0xe0, 0x13, 0x10, 0x20, 0x00, 0x58, 0x14, 
0x50, 0xe8, 0xf3, 0x58, 0x24, 0x50, 0xe9, 0xf3, 0x03, 0x04, 0x03, 0x13, 0x04, 0x04, 0x23, 0x04, 
0x05, 0x33, 0x04, 0x06, 0x43, 0x04, 0x07, 0x53, 0x04, 0x08, 0x63, 0x04, 0x09, 0x73, 0x04, 0x0a, 
0x83, 0x04, 0x0b, 0x93, 0x04, 0x0c, 0xa3, 0x04, 0x0d, 0xb3, 0x04, 0x0e, 0xc3, 0x04, 0x0f, 0xd3, 
0x04, 0x10, 0xe3, 0x04, 0x11, 0xf3, 0x04, 0x12, 0x52, 0x23, 0x5b, 0x50, 0xe0, 0x13, 0x42, 0xc3, 
0xa4, 0x42, 0xd4, 0x02, 0x51, 0xe1, 0xce, 0x0c, 0x06, 0x78, 0x04, 0x70, 0xe6, 0x50, 0x30, 0x20, 
0x00, 0x78, 0x14, 0x46, 0x02, 0x00, 0x00, 0x00, 0x00, 0x00, 0x00, 0x00, 0x00, 0x00, 0x00, 0x00, 
0x70, 0x66, 0x50, 0x00, 0x20, 0x00, 0x3d, 0xf0, 0x3d, 0xf0, 0x8b, 0x44, 0x5a, 0x66, 0x56, 0x76, 
0xfd, 0x42, 0x23, 0x53, 0x16, 0x44, 0x06, 0x18, 0x43, 0x42, 0xc1, 0xf0, 0x52, 0x23, 0x43, 0x62, 
0x23, 0x44, 0x59, 0x04, 0x69, 0x14, 0x52, 0x23, 0x45, 0x62, 0x23, 0x46, 0x59, 0x24, 0x69, 0x34, 
0x52, 0x23, 0x47, 0x62, 0x23, 0x48, 0x59, 0x01, 0x69, 0x11, 0x52, 0x23, 0x49, 0x62, 0x23, 0x4a, 
0x59, 0x21, 0x69, 0x31, 0x48, 0x33, 0x40, 0x4e, 0x15, 0xa6, 0x24, 0x2f, 0x58, 0x11, 0xc0, 0x44, 
0x11, 0x40, 0x45, 0xc0, 0x52, 0xc5, 0xf0, 0x62, 0xc3, 0x2c, 0x62, 0xd6, 0x01, 0x78, 0x06, 0x88, 
0x16, 0x72, 0x64, 0x00, 0x82, 0x64, 0x01, 0x72, 0x26, 0x02, 0x82, 0x26, 0x03, 0x72, 0x64, 0x02, 
0x82, 0x64, 0x03, 0x42, 0xc4, 0x10, 0x62, 0xc6, 0x10, 0x57, 0x24, 0xe0, 0x52, 0x23, 0x64, 0x62, 
0x23, 0x68, 0x50, 0xf0, 0x13, 0xa7, 0x76, 0x0f, 0x0b, 0x55, 0x50, 0xea, 0x13, 0x20, 0x20, 0x00, 
0x3d, 0xf0, 0x60, 0xe2, 0x03, 0xa7, 0x76, 0xf1, 0x52, 0x23, 0x65, 0x62, 0x23, 0x68, 0x50, 0xf1, 
0x13, 0xb7, 0x76, 0x0f, 0x0b, 0x55, 0x50, 0xea, 0x13, 0x20, 0x20, 0x00, 0x3d, 0xf0, 0x60, 0xe2, 
0x03, 0xb7, 0x76, 0xf1, 0x52, 0x23, 0x66, 0x62, 0x23, 0x68, 0x50, 0xf2, 0x13, 0xe7, 0x76, 0x0f, 
0x0b, 0x55, 0x50, 0xea, 0x13, 0x20, 0x20, 0x00, 0x3d, 0xf0, 0x60, 0xe2, 0x03, 0xe7, 0x76, 0xf1, 
0x52, 0x23, 0x63, 0x50, 0xea, 0x13, 0x52, 0x23, 0x68, 0xa7, 0xf5, 0x05, 0x60, 0xf0, 0x03, 0x60, 
0xf0, 0x13, 0xb7, 0xf5, 0x05, 0x60, 0xf1, 0x03, 0x60, 0xf1, 0x13, 0xe7, 0xf5, 0x05, 0x60, 0xf2, 
0x03, 0x60, 0xf2, 0x13, 0x52, 0x23, 0x63, 0x50, 0xea, 0x13, 0x60, 0x6f, 0x00, 0x52, 0x23, 0x67, 
0x50, 0xe4, 0x13, 0x41, 0x9a, 0xce, 0x52, 0x23, 0x68, 0x40, 0x55, 0x10, 0x50, 0xe2, 0x13, 0x10, 
0x20, 0x00, 0x52, 0x23, 0x58, 0x50, 0xb1, 0x13, 0x52, 0x23, 0x59, 0x50, 0xd1, 0x13, 0x52, 0x23, 
0x5a, 0x50, 0xc0, 0x13, 0x0c, 0x04, 0x49, 0x03, 0x0d, 0xf0, 0x00, 0x00, 0x30, 0xb1, 0x03, 0x28, 
0x41, 0x3b, 0x33, 0x30, 0xb1, 0x13, 0x32, 0x21, 0x05, 0x56, 0x82, 0x05, 0x32, 0x61, 0x11, 0x42, 
0x61, 0x12, 0x52, 0x61, 0x13, 0x31, 0x7f, 0xce, 0x20, 0xe6, 0x03, 0x30, 0xe6, 0x13, 0x30, 0xb1, 
0x03, 0x12, 0xc1, 0x60, 0x10, 0x20, 0x00, 0x42, 0xa0, 0x00, 0x36, 0x81, 0x00, 0xf5, 0x01, 0x00, 
0xe1, 0x84, 0xce, 0xea, 0x0c, 0x1d, 0xf0, 0x20, 0xe6, 0x13, 0x0c, 0x02, 0x48, 0xa5, 0x10, 0x20, 
0x00, 0x30, 0xb1, 0x13, 0x38, 0x95, 0x58, 0xb5, 0x00, 0x30, 0x00, 0x00, 0x36, 0x61, 0x00, 0xc1, 
0x7d, 0xce, 0xca, 0xc0, 0x36, 0x61, 0x00, 0xcd, 0x00, 0x36, 0x61, 0x00, 0xcd, 0x00, 0x36, 0x21, 
0x00, 0xbd, 0x0b, 0x1d, 0xf0, 0x7c, 0xf2, 0x12, 0xc1, 0x60, 0x00, 0x30, 0x00, 0x00, 0x00, 0x00, 
0x36, 0x41, 0x00, 0x31, 0x75, 0xce, 0x22, 0xc3, 0xfc, 0x28, 0x02, 0x32, 0xc3, 0xf8, 0x26, 0x02, 
0x0a, 0xe0, 0x02, 0x00, 0x28, 0x03, 0x32, 0xc3, 0xfc, 0x66, 0x02, 0xf4, 0x1d, 0xf0, 0x00, 0x00, 
0x36, 0x21, 0x00, 0x20, 0x40, 0xf5, 0x30, 0x50, 0xf5, 0x50, 0x62, 0xc1, 0x30, 0xb4, 0xc1, 0x0c, 
0x09, 0xba, 0x66, 0xb7, 0xb6, 0x02, 0x92, 0xc9, 0x01, 0x10, 0x40, 0x40, 0x60, 0x99, 0x81, 0x30, 
0xb2, 0xc1, 0x00, 0x66, 0xa1, 0xba, 0x66, 0xb7, 0xb6, 0x01, 0x1b, 0x99, 0x50, 0x34, 0xc1, 0x2d, 
0x06, 0x9a, 0x33, 0x1d, 0xf0, 0x00, 0x00, 0x00, 0x00, 0x00, 0x00, 0x00, 0x00, 0x00, 0x00, 0x00, 
0x00, 0x00, 0x00, 0x00, 0x00, 0x00, 0x00, 0x00, 0x00, 0x00, 0x00, 0x00, 0x00, 0x8c, 0xd4, 0x4a, 
0x73, 0x62, 0x03, 0x00, 0x1b, 0x33, 0x62, 0x45, 0x00, 0x1b, 0x55, 0x77, 0x33, 0xf2, 0x1d, 0xf0, 
0xb6, 0x74, 0xe9, 0x62, 0x03, 0x00, 0x1b, 0x33, 0x0b, 0x44, 0x62, 0x45, 0x00, 0x1b, 0x55, 0x17, 
0x65, 0x24, 0xb6, 0x64, 0xd7, 0x62, 0x03, 0x00, 0x72, 0x03, 0x01, 0x2b, 0x33, 0x42, 0xc4, 0xfe, 
0x62, 0x45, 0x00, 0x72, 0x45, 0x01, 0x2b, 0x55, 0xc6, 0x02, 0x00, 0x00, 0x36, 0x21, 0x00, 0x5d, 
0x02, 0x07, 0xe2, 0xcb, 0x17, 0xe2, 0xda, 0x40, 0x74, 0x41, 0x20, 0x83, 0x01, 0x56, 0x38, 0x06, 
0x9c, 0xc7, 0xc0, 0x87, 0x11, 0x3a, 0x88, 0x68, 0x03, 0x78, 0x13, 0x69, 0x05, 0x68, 0x23, 0x79, 
0x15, 0x78, 0x33, 0x69, 0x25, 0x32, 0xc3, 0x10, 0x79, 0x35, 0x52, 0xc5, 0x10, 0x87, 0x33, 0xe6, 
0x37, 0x64, 0x0b, 0x68, 0x03, 0x78, 0x13, 0x8b, 0x33, 0x69, 0x05, 0x79, 0x15, 0x8b, 0x55, 0x27, 
0xe4, 0x09, 0x17, 0xe4, 0x16, 0x07, 0xe4, 0x22, 0x1d, 0xf0, 0x00, 0x00, 0x68, 0x03, 0x4b, 0x33, 
0x69, 0x05, 0x4b, 0x55, 0x17, 0xe4, 0x04, 0x07, 0xe4, 0x10, 0x1d, 0xf0, 0x62, 0x13, 0x00, 0x2b, 
0x33, 0x62, 0x55, 0x00, 0x2b, 0x55, 0x07, 0xe4, 0x01, 0x1d, 0xf0, 0x62, 0x03, 0x00, 0x62, 0x45, 
0x00, 0x1d, 0xf0, 0x00, 0x16, 0x94, 0xff, 0x00, 0x23, 0x40, 0x80, 0xbe, 0x15, 0xb0, 0x33, 0xc0, 
0x68, 0x03, 0xac, 0x87, 0xc0, 0xa7, 0x11, 0x3a, 0xaa, 0x78, 0x13, 0x88, 0x23, 0x60, 0x67, 0x81, 
0x69, 0x05, 0x98, 0x33, 0x70, 0x78, 0x81, 0x79, 0x15, 0x68, 0x43, 0x80, 0x89, 0x81, 0x89, 0x25, 
0x32, 0xc3, 0x10, 0x90, 0x96, 0x81, 0x99, 0x35, 0x52, 0xc5, 0x10, 0xa7, 0x33, 0xda, 0x37, 0x64, 
0x13, 0x78, 0x13, 0x88, 0x23, 0x8b, 0x33, 0x60, 0x67, 0x81, 0x69, 0x05, 0x70, 0x78, 0x81, 0x6d, 
0x08, 0x79, 0x15, 0x8b, 0x55, 0x27, 0x64, 0x0c, 0x78, 0x13, 0x4b, 0x33, 0x60, 0x67, 0x81, 0x69, 
0x05, 0x4b, 0x55, 0x6d, 0x07, 0xba, 0x33, 0x17, 0xe4, 0x04, 0x07, 0xe4, 0x16, 0x1d, 0xf0, 0x62, 
0x03, 0x00, 0x72, 0x03, 0x01, 0x2b, 0x33, 0x62, 0x45, 0x00, 0x72, 0x45, 0x01, 0x2b, 0x55, 0x07, 
0xe4, 0x01, 0x1d, 0xf0, 0x62, 0x03, 0x00, 0x62, 0x45, 0x00, 0x1d, 0xf0, 0x00, 0x00, 0x00, 0x00, 
0x00, 0x00, 0x00, 0x00, 0x00, 0x00, 0x00, 0x00, 0x00, 0x00, 0x00, 0x00, 0x00, 0x8c, 0x84, 0x4a, 
0x65, 0x32, 0x45, 0x00, 0x1b, 0x55, 0x67, 0x35, 0xf7, 0x1d, 0xf0, 0x00, 0xb6, 0x84, 0xed, 0x32, 
0x45, 0x00, 0x1b, 0x55, 0x0b, 0x44, 0x17, 0x65, 0x28, 0xb6, 0x84, 0xe0, 0x32, 0x55, 0x00, 0x2b, 
0x55, 0x42, 0xc4, 0xfe, 0x86, 0x06, 0x00, 0x00, 0x36, 0x21, 0x00, 0x30, 0x30, 0x74, 0x80, 0x73, 
0x11, 0x70, 0x33, 0x20, 0x00, 0x73, 0x11, 0x70, 0x33, 0x20, 0x5d, 0x02, 0x07, 0xe2, 0xcc, 0x17, 
0xe2, 0xd6, 0x40, 0x74, 0x41, 0x9c, 0x17, 0xc0, 0x67, 0x11, 0x5a, 0x66, 0x39, 0x05, 0x39, 0x15, 
0x39, 0x25, 0x39, 0x35, 0x52, 0xc5, 0x10, 0x67, 0x35, 0xf1, 0x37, 0x64, 0x05, 0x39, 0x05, 0x39, 
0x15, 0x8b, 0x55, 0x27, 0x64, 0x03, 0x39, 0x05, 0x4b, 0x55, 0x17, 0x64, 0x04, 0x32, 0x55, 0x00, 
0x2b, 0x55, 0x07, 0x64, 0x02, 0x32, 0x45, 0x00, 0x1d, 0xf0, 0x00, 0x00, 0x36, 0x21, 0x00, 0x4d, 
0x02, 0x0c, 0x02, 0x00, 0x50, 0x00, 0x2d, 0x04, 0x52, 0xc1, 0xf0, 0x38, 0x05, 0x48, 0x15, 0x39, 
0x02, 0x49, 0x12, 0x38, 0x25, 0x48, 0x35, 0x39, 0x22, 0x49, 0x32, 0x00, 0x3e, 0x15, 0xa6, 0x23, 
0x26, 0x78, 0x11, 0xc0, 0x43, 0x11, 0x40, 0x57, 0xc0, 0x62, 0xc2, 0x10, 0x72, 0xc7, 0xf0, 0x38, 
0x05, 0x48, 0x15, 0x39, 0x06, 0x49, 0x16, 0x38, 0x25, 0x48, 0x35, 0x39, 0x26, 0x49, 0x36, 0x52, 
0xc5, 0x10, 0x62, 0xc6, 0x10, 0x77, 0x25, 0xe6, 0x38, 0x01, 0x48, 0x11, 0x39, 0xc2, 0x49, 0xd2, 
0x38, 0x21, 0x48, 0x31, 0x39, 0xe2, 0x49, 0xf2, 0x02, 0x62, 0x10, 0x0c, 0x02, 0x1d, 0xf0, 0x00, 
0x36, 0x21, 0x00, 0x50, 0x48, 0x03, 0x0c, 0x14, 0x00, 0x15, 0x40, 0x00, 0x44, 0xa1, 0x40, 0x49, 
0x13, 0x10, 0x20, 0x00, 0x02, 0x22, 0x10, 0x72, 0xc1, 0xf0, 0x48, 0x02, 0x58, 0x12, 0x49, 0x07, 
0x59, 0x17, 0x48, 0x22, 0x58, 0x32, 0x49, 0x27, 0x59, 0x37, 0x00, 0x7e, 0x15, 0xa6, 0x27, 0x26, 
0x88, 0xd2, 0xc0, 0x47, 0x11, 0x40, 0x68, 0xc0, 0x52, 0xc2, 0x10, 0x82, 0xc8, 0xf0, 0x78, 0x05, 
0x48, 0x15, 0x79, 0x06, 0x49, 0x16, 0x78, 0x25, 0x48, 0x35, 0x79, 0x26, 0x49, 0x36, 0x52, 0xc5, 
0x10, 0x62, 0xc6, 0x10, 0x87, 0x26, 0xe6, 0x78, 0x12, 0x72, 0xc7, 0xf0, 0x48, 0xc2, 0x58, 0xd2, 
0x49, 0x07, 0x59, 0x17, 0x48, 0xe2, 0x58, 0xf2, 0x49, 0x27, 0x59, 0x37, 0x0c, 0x12, 0x30, 0x23, 
0x93, 0x1d, 0xf0, 0x00, 0x36, 0x41, 0x00, 0x1d, 0xf0, 0x00, 0x00, 0x00, 0x36, 0x21, 0x00, 0xd0, 
0x20, 0x00, 0x3d, 0x02, 0x4d, 0x03, 0x0c, 0x12, 0x00, 0x51, 0x00, 0x2d, 0x04, 0x00, 0x7f, 0x00, 
0x86, 0xfb, 0xff, 0x00, 0x36, 0x21, 0x00, 0x06, 0xff, 0xff, 0x1d, 0xf0, 0x06, 0xff, 0xff, 0x00, 
0x28, 0x15, 0x38, 0x05, 0x20, 0xe6, 0x13, 0x28, 0x45, 0x48, 0x65, 0x10, 0x20, 0x00, 0x30, 0xb1, 
0x13, 0x38, 0x55, 0x58, 0x75, 0x00, 0x30, 0x00, 0x36, 0x21, 0x00, 0x20, 0xea, 0x03, 0x1d, 0xf0, 
0x36, 0x21, 0x00, 0xcc, 0x62, 0x30, 0xf0, 0x13, 0x10, 0x20, 0x00, 0x1d, 0xf0, 0x66, 0x12, 0x07, 
0x30, 0xf1, 0x13, 0x10, 0x20, 0x00, 0x1d, 0xf0, 0x66, 0x22, 0x05, 0x30, 0xf2, 0x13, 0x10, 0x20, 
0x00, 0x1d, 0xf0, 0x00, 0x36, 0x21, 0x00, 0xcc, 0x52, 0x20, 0xf0, 0x03, 0x1d, 0xf0, 0x00, 0x00, 
0x66, 0x12, 0x04, 0x20, 0xf1, 0x03, 0x1d, 0xf0, 0x66, 0x22, 0x04, 0x20, 0xf2, 0x03, 0x1d, 0xf0, 
0x0c, 0x02, 0x1d, 0xf0, 0x36, 0x41, 0x00, 0x8c, 0x53, 0x21, 0x8c, 0xcd, 0x38, 0x03, 0x39, 0x02, 
0x21, 0x8c, 0xcd, 0x49, 0x02, 0xa5, 0x07, 0x00, 0x8c, 0x15, 0xe0, 0x05, 0x00, 0x1d, 0xf0, 0x00, 
0x36, 0x41, 0x00, 0x31, 0x5d, 0xcc, 0x16, 0x23, 0x00, 0xe5, 0x07, 0x00, 0x31, 0x86, 0xcd, 0x41, 
0x86, 0xcd, 0x52, 0x23, 0x01, 0x62, 0x24, 0x01, 0x78, 0x04, 0x16, 0xa5, 0x04, 0x50, 0x56, 0xa0, 
0x77, 0xb6, 0x2c, 0x58, 0x05, 0x1b, 0xf6, 0xf9, 0x14, 0xe0, 0x05, 0x00, 0x58, 0x14, 0x68, 0x04, 
0x78, 0x13, 0x1b, 0xf5, 0x67, 0xb5, 0x18, 0xf9, 0x14, 0x70, 0x65, 0xa0, 0x68, 0x06, 0xe0, 0x06, 
0x00, 0xc6, 0xf9, 0xff, 0x0b, 0x44, 0x49, 0x03, 0x50, 0x54, 0xa0, 0x58, 0x05, 0xe0, 0x05, 0x00, 
0x48, 0x03, 0x58, 0x13, 0x56, 0xc4, 0xfe, 0x48, 0x23, 0x51, 0x74, 0xcd, 0xa8, 0x13, 0x8c, 0x64, 
0x8c, 0x45, 0x81, 0x72, 0xcd, 0xe0, 0x08, 0x00, 0xad, 0x02, 0x25, 0x6c, 0xff, 0x00, 0x00, 0x00, 
0x36, 0x41, 0x00, 0x21, 0x6f, 0xcd, 0x31, 0x6f, 0xcd, 0x0c, 0x14, 0x51, 0x6f, 0xcd, 0x39, 0x02, 
0x42, 0x63, 0x1b, 0x59, 0x13, 0x1d, 0xf0, 0x00, 0x36, 0x81, 0x00, 0x81, 0x6c, 0xcd, 0x3d, 0xf0, 
0xe0, 0x08, 0x00, 0x1d, 0xf0, 0x00, 0x00, 0x00, 0x00, 0x00, 0x00, 0x00, 0x00, 0x00, 0x00, 0x00, 
0x00, 0x00, 0x00, 0x00, 0x00, 0x00, 0x00, 0x00, 0x00, 0x00, 0x00, 0x00, 0x00, 0x00, 0x00, 0x00, 
0x00, 0x00, 0x00, 0x00, 0x00, 0x00, 0x00, 0x00, 0x00, 0x00, 0x00, 0x00, 0x00, 0x00, 0x00, 0x00, 
0x00, 0x00, 0x00, 0x00, 0x00, 0x00, 0x00, 0x00, 0x00, 0x00, 0x00, 0x00, 0x00, 0x00, 0x00, 0x00, 
0x00, 0x00, 0x00, 0x00, 0x00, 0x00, 0x00, 0x00, 0x00, 0x00, 0x00, 0x00, 0x00, 0x00, 0x00, 0x00, 
0x00, 0x00, 0x00, 0x00, 0x00, 0x00, 0x00, 0x00, 0x00, 0x00, 0x00, 0x00, 0x00, 0x00, 0x00, 0x00, 
0x00, 0x00, 0x00, 0x00, 0x00, 0x00, 0x00, 0x00, 0x00, 0x00, 0x00, 0x00, 0x00, 0x00, 0x00, 0x00, 
0x00, 0x00, 0x00, 0x00, 0x00, 0x00, 0x00, 0x00, 0x00, 0x00, 0x00, 0x00, 0x00, 0x00, 0x00, 0x00, 
0x00, 0x00, 0x00, 0x00, 0x00, 0x00, 0x00, 0x00, 0x00, 0x00, 0x00, 0x00, 0x00, 0x00, 0x00, 0x00, 
0x00, 0x00, 0x00, 0x00, 0x00, 0x00, 0x00, 0x00, 0x00, 0x00, 0x00, 0x00, 0x00, 0x00, 0x00, 0x00, 
0x00, 0x00, 0x00, 0x00, 0x00, 0x00, 0x00, 0x00, 0x00, 0x00, 0x00, 0x00, 0x00, 0x00, 0x00, 0x00, 
0x00, 0x00, 0x00, 0x00, 0x00, 0x00, 0x00, 0x00, 0x00, 0x00, 0x00, 0x00, 0x00, 0x00, 0x00, 0x00, 
0x00, 0x00, 0x00, 0x00, 0x00, 0x00, 0x00, 0x00, 0x00, 0x00, 0x00, 0x00, 0x00, 0x00, 0x00, 0x00, 
0x00, 0x00, 0x00, 0x00, 0x00, 0x00, 0x00, 0x00, 0x00, 0x00, 0x00, 0x00, 0x00, 0x00, 0x00, 0x00, 
0x00, 0x00, 0x00, 0x00, 0x00, 0x00, 0x00, 0x00, 0x00, 0x00, 0x00, 0x00, 0x00, 0x00, 0x00, 0x00, 
0x00, 0x00, 0x00, 0x00, 0x00, 0x00, 0x00, 0x00, 0x00, 0x00, 0x00, 0x00, 0x00, 0x00, 0x00, 0x00, 
0x00, 0x00, 0x00, 0x00, 0x00, 0x00, 0x00, 0x00, 0x00, 0x00, 0x00, 0x00, 0x00, 0x00, 0x00, 0x00, 
0x00, 0x00, 0x00, 0x00, 0x00, 0x00, 0x00, 0x00, 0x00, 0x00, 0x00, 0x00, 0x00, 0x00, 0x00, 0x00, 
0x00, 0x00, 0x00, 0x00, 0x00, 0x00, 0x00, 0x00, 0x00, 0x00, 0x00, 0x00, 0x00, 0x00, 0x00, 0x00, 
0x00, 0x00, 0x00, 0x00, 0x00, 0x00, 0x00, 0x00, 0x00, 0x00, 0x00, 0x00, 0x00, 0x00, 0x00, 0x00, 
0x00, 0x00, 0x00, 0x00, 0x00, 0x00, 0x00, 0x00, 0x00, 0x00, 0x00, 0x00, 0x00, 0x00, 0x00, 0x00, 
0x00, 0x00, 0x00, 0x00, 0x00, 0x00, 0x00, 0x00, 0x00, 0x00, 0x00, 0x00, 0x00, 0x00, 0x00, 0x00, 
0x00, 0x00, 0x00, 0x00, 0x00, 0x00, 0x00, 0x00, 0x00, 0x00, 0x00, 0x00, 0x00, 0x00, 0x00, 0x00, 
0x00, 0x00, 0x00, 0x00, 0x00, 0x00, 0x00, 0x00, 0x00, 0x00, 0x00, 0x00, 0x00, 0x00, 0x00, 0x00, 
0x00, 0x00, 0x00, 0x00, 0x00, 0x00, 0x00, 0x00, 0x00, 0x00, 0x00, 0x00, 0x00, 0x00, 0x00, 0x00, 
0x00, 0x00, 0x00, 0x00, 0x00, 0x00, 0x00, 0x00, 0x00, 0x00, 0x00, 0x00, 0x00, 0x00, 0x00, 0x00, 
0x00, 0x00, 0x00, 0x00, 0x00, 0x00, 0x00, 0x00, 0x00, 0x00, 0x00, 0x00, 0x00, 0x00, 0x00, 0x00, 
0x00, 0x00, 0x00, 0x00, 0x00, 0x00, 0x00, 0x00, 0x00, 0x00, 0x00, 0x00, 0x00, 0x00, 0x00, 0x00, 
0x00, 0x00, 0x00, 0x00, 0x00, 0x00, 0x00, 0x00, 0x00, 0x00, 0x00, 0x00, 0x00, 0x00, 0x00, 0x00, 
0x00, 0x00, 0x00, 0x00, 0x00, 0x00, 0x00, 0x00, 0x00, 0x00, 0x00, 0x00, 0x00, 0x00, 0x00, 0x00, 
0x00, 0x00, 0x00, 0x00, 0x00, 0x00, 0x00, 0x00, 0x00, 0x00, 0x00, 0x00, 0x00, 0x00, 0x00, 0x00, 
0x00, 0x00, 0x00, 0x00, 0x00, 0x00, 0x00, 0x00, 0x00, 0x00, 0x00, 0x00, 0x00, 0x00, 0x00, 0x00, 
0x00, 0x00, 0x00, 0x00, 0x00, 0x00, 0x00, 0x00, 0x00, 0x00, 0x00, 0x00, 0x00, 0x00, 0x00, 0x00, 
0x00, 0x00, 0x00, 0x00, 0x00, 0x00, 0x00, 0x00, 0x00, 0x00, 0x00, 0x00, 0x00, 0x00, 0x00, 0x00, 
0x00, 0x00, 0x00, 0x00, 0x00, 0x00, 0x00, 0x00, 0x00, 0x00, 0x00, 0x00, 0x00, 0x00, 0x00, 0x00, 
0x00, 0x00, 0x00, 0x00, 0x00, 0x00, 0x00, 0x00, 0x00, 0x00, 0x00, 0x00, 0x00, 0x00, 0x00, 0x00, 
0x00, 0x00, 0x00, 0x00, 0x00, 0x00, 0x00, 0x00, 0x00, 0x00, 0x00, 0x00, 0x00, 0x00, 0x00, 0x00, 
0x00, 0x00, 0x00, 0x00, 0x00, 0x00, 0x00, 0x00, 0x00, 0x00, 0x00, 0x00, 0x00, 0x00, 0x00, 0x00, 
0x00, 0x00, 0x00, 0x00, 0x00, 0x00, 0x00, 0x00, 0x00, 0x00, 0x00, 0x00, 0x00, 0x00, 0x00, 0x00, 
0x00, 0x00, 0x00, 0x00, 0x00, 0x00, 0x00, 0x00, 0x00, 0x00, 0x00, 0x00, 0x00, 0x00, 0x00, 0x00, 
0x00, 0x00, 0x00, 0x00, 0x00, 0x00, 0x00, 0x00, 0x00, 0x00, 0x00, 0x00, 0x00, 0x00, 0x00, 0x00, 
0x00, 0x00, 0x00, 0x00, 0x00, 0x00, 0x00, 0x00, 0x00, 0x00, 0x00, 0x00, 0x00, 0x00, 0x00, 0x00, 
0x00, 0x00, 0x00, 0x00, 0x00, 0x00, 0x00, 0x00, 0x00, 0x00, 0x00, 0x00, 0x00, 0x00, 0x00, 0x00, 
0x00, 0x00, 0x00, 0x00, 0x00, 0x00, 0x00, 0x00, 0x00, 0x00, 0x00, 0x00, 0x00, 0x00, 0x00, 0x00, 
0x00, 0x00, 0x00, 0x00, 0x00, 0x00, 0x00, 0x00, 0x00, 0x00, 0x00, 0x00, 0x00, 0x00, 0x00, 0x00, 
0x00, 0x00, 0x00, 0x00, 0x00, 0x00, 0x00, 0x00, 0x00, 0x00, 0x00, 0x00, 0x00, 0x00, 0x00, 0x00, 
0x00, 0x00, 0x00, 0x00, 0x00, 0x00, 0x00, 0x00, 0x00, 0x00, 0x00, 0x00, 0x00, 0x00, 0x00, 0x00, 
0x00, 0x00, 0x00, 0x00, 0x00, 0x00, 0x00, 0x00, 0x00, 0x00, 0x00, 0x00, 0x00, 0x00, 0x00, 0x00, 
0x00, 0x00, 0x00, 0x00, 0x00, 0x00, 0x00, 0x00, 0x00, 0x00, 0x00, 0x00, 0x00, 0x00, 0x00, 0x00, 
0x00, 0x00, 0x00, 0x00, 0x00, 0x00, 0x00, 0x00, 0x00, 0x00, 0x00, 0x00, 0x00, 0x00, 0x00, 0x00, 
0x00, 0x00, 0x00, 0x00, 0x00, 0x00, 0x00, 0x00, 0x00, 0x00, 0x00, 0x00, 0x00, 0x00, 0x00, 0x00, 
0x00, 0x00, 0x00, 0x00, 0x00, 0x00, 0x00, 0x00, 0x00, 0x00, 0x00, 0x00, 0x00, 0x00, 0x00, 0x00, 
0x00, 0x00, 0x00, 0x00, 0x00, 0x00, 0x00, 0x00, 0x00, 0x00, 0x00, 0x00, 0x00, 0x00, 0x00, 0x00, 
0x00, 0x00, 0x00, 0x00, 0x00, 0x00, 0x00, 0x00, 0x00, 0x00, 0x00, 0x00, 0x00, 0x00, 0x00, 0x00, 
0x00, 0x00, 0x00, 0x00, 0x00, 0x00, 0x00, 0x00, 0x00, 0x00, 0x00, 0x00, 0x00, 0x00, 0x00, 0x00, 
0x00, 0x00, 0x00, 0x00, 0x00, 0x00, 0x00, 0x00, 0x00, 0x00, 0x00, 0x00, 0x00, 0x00, 0x00, 0x00, 
0x00, 0x00, 0x00, 0x00, 0x00, 0x00, 0x00, 0x00, 0x00, 0x00, 0x00, 0x00, 0x00, 0x00, 0x00, 0x00, 
0x00, 0x00, 0x00, 0x00, 0x00, 0x00, 0x00, 0x00, 0x00, 0x00, 0x00, 0x00, 0x00, 0x00, 0x00, 0x00, 
0x00, 0x00, 0x00, 0x00, 0x00, 0x00, 0x00, 0x00, 0x00, 0x00, 0x00, 0x00, 0x00, 0x00, 0x00, 0x00, 
0x00, 0x00, 0x00, 0x00, 0x00, 0x00, 0x00, 0x00, 0x00, 0x00, 0x00, 0x00, 0x00, 0x00, 0x00, 0x00, 
0x00, 0x00, 0x00, 0x00, 0x00, 0x00, 0x00, 0x00, 0x00, 0x00, 0x00, 0x00, 0x00, 0x00, 0x00, 0x00, 
0x00, 0x00, 0x00, 0x00, 0x00, 0x00, 0x00, 0x00, 0x00, 0x00, 0x00, 0x00, 0x00, 0x00, 0x00, 0x00, 
0x00, 0x00, 0x00, 0x00, 0x00, 0x00, 0x00, 0x00, 0x00, 0x00, 0x00, 0x00, 0x00, 0x00, 0x00, 0x00, 
0x00, 0x00, 0x00, 0x00, 0x00, 0x00, 0x00, 0x00, 0x00, 0x00, 0x00, 0x00, 0x00, 0x00, 0x00, 0x00, 
0x00, 0x00, 0x00, 0x00, 0x00, 0x00, 0x00, 0x00, 0x00, 0x00, 0x00, 0x00, 0x00, 0x00, 0x00, 0x00, 
0x00, 0x00, 0x00, 0x00, 0x00, 0x00, 0x00, 0x00, 0x00, 0x00, 0x00, 0x00, 0x00, 0x00, 0x00, 0x00, 
0x00, 0x00, 0x00, 0x00, 0x00, 0x00, 0x00, 0x00, 0x00, 0x00, 0x00, 0x00, 0x00, 0x00, 0x00, 0x00, 
0x00, 0x00, 0x00, 0x00, 0x00, 0x00, 0x00, 0x00, 0x00, 0x00, 0x00, 0x00, 0x00, 0x00, 0x00, 0x00, 
0x00, 0x00, 0x00, 0x00, 0x00, 0x00, 0x00, 0x00, 0x00, 0x00, 0x00, 0x00, 0x00, 0x00, 0x00, 0x00, 
0x00, 0x00, 0x00, 0x00, 0x00, 0x00, 0x00, 0x00, 0x00, 0x00, 0x00, 0x00, 0x00, 0x00, 0x00, 0x00, 
0x00, 0x00, 0x00, 0x00, 0x00, 0x00, 0x00, 0x00, 0x00, 0x00, 0x00, 0x00, 0x00, 0x00, 0x00, 0x00, 
0x00, 0x00, 0x00, 0x00, 0x00, 0x00, 0x00, 0x00, 0x00, 0x00, 0x00, 0x00, 0x00, 0x00, 0x00, 0x00, 
0x00, 0x00, 0x00, 0x00, 0x00, 0x00, 0x00, 0x00, 0x00, 0x00, 0x00, 0x00, 0x00, 0x00, 0x00, 0x00, 
0x00, 0x00, 0x00, 0x00, 0x00, 0x00, 0x00, 0x00, 0x00, 0x00, 0x00, 0x00, 0x00, 0x00, 0x00, 0x00, 
0x00, 0x00, 0x00, 0x00, 0x00, 0x00, 0x00, 0x00, 0x00, 0x00, 0x00, 0x00, 0x00, 0x00, 0x00, 0x00, 
0x00, 0x00, 0x00, 0x00, 0x00, 0x00, 0x00, 0x00, 0x00, 0x00, 0x00, 0x00, 0x00, 0x00, 0x00, 0x00, 
0x00, 0x00, 0x00, 0x00, 0x00, 0x00, 0x00, 0x00, 0x00, 0x00, 0x00, 0x00, 0x00, 0x00, 0x00, 0x00, 
0x00, 0x00, 0x00, 0x00, 0x00, 0x00, 0x00, 0x00, 0x00, 0x00, 0x00, 0x00, 0x00, 0x00, 0x00, 0x00, 
0x00, 0x00, 0x00, 0x00, 0x00, 0x00, 0x00, 0x00, 0x00, 0x00, 0x00, 0x00, 0x00, 0x00, 0x00, 0x00, 
0x00, 0x00, 0x00, 0x00, 0x00, 0x00, 0x00, 0x00, 0x00, 0x00, 0x00, 0x00, 0x00, 0x00, 0x00, 0x00, 
0x00, 0x00, 0x00, 0x00, 0x00, 0x00, 0x00, 0x00, 0x00, 0x00, 0x00, 0x00, 0x00, 0x00, 0x00, 0x00, 
0x00, 0x00, 0x00, 0x00, 0x00, 0x00, 0x00, 0x00, 0x00, 0x00, 0x00, 0x00, 0x00, 0x00, 0x00, 0x00, 
0x00, 0x00, 0x00, 0x00, 0x00, 0x00, 0x00, 0x00, 0x00, 0x00, 0x00, 0x00, 0x00, 0x00, 0x00, 0x00, 
0x00, 0x00, 0x00, 0x00, 0x00, 0x00, 0x00, 0x00, 0x00, 0x00, 0x00, 0x00, 0x00, 0x00, 0x00, 0x00, 
0x00, 0x00, 0x00, 0x00, 0x00, 0x00, 0x00, 0x00, 0x00, 0x00, 0x00, 0x00, 0x00, 0x00, 0x00, 0x00, 
0x00, 0x00, 0x00, 0x00, 0x00, 0x00, 0x00, 0x00, 0x00, 0x00, 0x00, 0x00, 0x00, 0x00, 0x00, 0x00, 
0x00, 0x00, 0x00, 0x00, 0x00, 0x00, 0x00, 0x00, 0x00, 0x00, 0x00, 0x00, 0x00, 0x00, 0x00, 0x00, 
0x00, 0x00, 0x00, 0x00, 0x00, 0x00, 0x00, 0x00, 0x00, 0x00, 0x00, 0x00, 0x00, 0x00, 0x00, 0x00, 
0x00, 0x00, 0x00, 0x00, 0x00, 0x00, 0x00, 0x00, 0x00, 0x00, 0x00, 0x00, 0x00, 0x00, 0x00, 0x00, 
0x00, 0x00, 0x00, 0x00, 0x00, 0x00, 0x00, 0x00, 0x00, 0x00, 0x00, 0x00, 0x00, 0x00, 0x00, 0x00, 
0x00, 0x00, 0x00, 0x00, 0x00, 0x00, 0x00, 0x00, 0x00, 0x00, 0x00, 0x00, 0x00, 0x00, 0x00, 0x00, 
0x00, 0x00, 0x00, 0x00, 0x00, 0x00, 0x00, 0x00, 0x00, 0x00, 0x00, 0x00, 0x00, 0x00, 0x00, 0x00, 
0x00, 0x00, 0x00, 0x00, 0x00, 0x00, 0x00, 0x00, 0x00, 0x00, 0x00, 0x00, 0x00, 0x00, 0x00, 0x00, 
0x00, 0x00, 0x00, 0x00, 0x00, 0x00, 0x00, 0x00, 0x00, 0x00, 0x00, 0x00, 0x00, 0x00, 0x00, 0x00, 
0x00, 0x00, 0x00, 0x00, 0x00, 0x00, 0x00, 0x00, 0x00, 0x00, 0x00, 0x00, 0x00, 0x00, 0x00, 0x00, 
0x00, 0x00, 0x00, 0x00, 0x00, 0x00, 0x00, 0x00, 0x00, 0x00, 0x00, 0x00, 0x00, 0x00, 0x00, 0x00, 
0x00, 0x00, 0x00, 0x00, 0x00, 0x00, 0x00, 0x00, 0x00, 0x00, 0x00, 0x00, 0x00, 0x00, 0x00, 0x00, 
0x00, 0x00, 0x00, 0x00, 0x00, 0x00, 0x00, 0x00, 0x00, 0x00, 0x00, 0x00, 0x00, 0x00, 0x00, 0x00, 
0x00, 0x00, 0x00, 0x00, 0x00, 0x00, 0x00, 0x00, 0x00, 0x00, 0x00, 0x00, 0x00, 0x00, 0x00, 0x00, 
0x00, 0x00, 0x00, 0x00, 0x00, 0x00, 0x00, 0x00, 0x00, 0x00, 0x00, 0x00, 0x00, 0x00, 0x00, 0x00, 
0x00, 0x00, 0x00, 0x00, 0x00, 0x00, 0x00, 0x00, 0x00, 0x00, 0x00, 0x00, 0x00, 0x00, 0x00, 0x00, 
0x00, 0x00, 0x00, 0x00, 0x00, 0x00, 0x00, 0x00, 0x00, 0x00, 0x00, 0x00, 0x00, 0x00, 0x00, 0x00, 
0x00, 0x00, 0x00, 0x00, 0x00, 0x00, 0x00, 0x00, 0x00, 0x00, 0x00, 0x00, 0x00, 0x00, 0x00, 0x00, 
0x00, 0x00, 0x00, 0x00, 0x00, 0x00, 0x00, 0x00, 0x00, 0x00, 0x00, 0x00, 0x00, 0x00, 0x00, 0x00, 
0x00, 0x00, 0x00, 0x00, 0x00, 0x00, 0x00, 0x00, 0x00, 0x00, 0x00, 0x00, 0x00, 0x00, 0x00, 0x00, 
0x00, 0x00, 0x00, 0x00, 0x00, 0x00, 0x00, 0x00, 0x00, 0x00, 0x00, 0x00, 0x00, 0x00, 0x00, 0x00, 
0x00, 0x00, 0x00, 0x00, 0x00, 0x00, 0x00, 0x00, 0x00, 0x00, 0x00, 0x00, 0x00, 0x00, 0x00, 0x00, 
0x00, 0x00, 0x00, 0x00, 0x00, 0x00, 0x00, 0x00, 0x00, 0x00, 0x00, 0x00, 0x00, 0x00, 0x00, 0x00, 
0x00, 0x00, 0x00, 0x00, 0x00, 0x00, 0x00, 0x00, 0x00, 0x00, 0x00, 0x00, 0x00, 0x00, 0x00, 0x00, 
0x00, 0x00, 0x00, 0x00, 0x00, 0x00, 0x00, 0x00, 0x00, 0x00, 0x00, 0x00, 0x00, 0x00, 0x00, 0x00, 
0x00, 0x00, 0x00, 0x00, 0x00, 0x00, 0x00, 0x00, 0x00, 0x00, 0x00, 0x00, 0x00, 0x00, 0x00, 0x00, 
0x00, 0x00, 0x00, 0x00, 0x00, 0x00, 0x00, 0x00, 0x00, 0x00, 0x00, 0x00, 0x00, 0x00, 0x00, 0x00, 
0x00, 0x00, 0x00, 0x00, 0x00, 0x00, 0x00, 0x00, 0x00, 0x00, 0x00, 0x00, 0x00, 0x00, 0x00, 0x00, 
0x00, 0x00, 0x00, 0x00, 0x00, 0x00, 0x00, 0x00, 0x00, 0x00, 0x00, 0x00, 0x00, 0x00, 0x00, 0x00, 
0x00, 0x00, 0x00, 0x00, 0x00, 0x00, 0x00, 0x00, 0x00, 0x00, 0x00, 0x00, 0x00, 0x00, 0x00, 0x00, 
0x00, 0x00, 0x00, 0x00, 0x00, 0x00, 0x00, 0x00, 0x00, 0x00, 0x00, 0x00, 0x00, 0x00, 0x00, 0x00, 
0x00, 0x00, 0x00, 0x00, 0x00, 0x00, 0x00, 0x00, 0x00, 0x00, 0x00, 0x00, 0x00, 0x00, 0x00, 0x00, 
0x00, 0x00, 0x00, 0x00, 0x00, 0x00, 0x00, 0x00, 0x00, 0x00, 0x00, 0x00, 0x00, 0x00, 0x00, 0x00, 
0x00, 0x00, 0x00, 0x00, 0x00, 0x00, 0x00, 0x00, 0x00, 0x00, 0x00, 0x00, 0x00, 0x00, 0x00, 0x00, 
0x00, 0x00, 0x00, 0x00, 0x00, 0x00, 0x00, 0x00, 0x00, 0x00, 0x00, 0x00, 0x00, 0x00, 0x00, 0x00, 
0x00, 0x00, 0x00, 0x00, 0x00, 0x00, 0x00, 0x00, 0x00, 0x00, 0x00, 0x00, 0x00, 0x00, 0x00, 0x00, 
0x00, 0x00, 0x00, 0x00, 0x00, 0x00, 0x00, 0x00, 0x00, 0x00, 0x00, 0x00, 0x00, 0x00, 0x00, 0x00, 
0x00, 0x00, 0x00, 0x00, 0x00, 0x00, 0x00, 0x00, 0x00, 0x00, 0x00, 0x00, 0x00, 0x00, 0x00, 0x00, 
0x00, 0x00, 0x00, 0x00, 0x00, 0x00, 0x00, 0x00, 0x00, 0x00, 0x00, 0x00, 0x00, 0x00, 0x00, 0x00, 
0x00, 0x00, 0x00, 0x00, 0x00, 0x00, 0x00, 0x00, 0x00, 0x00, 0x00, 0x00, 0x00, 0x00, 0x00, 0x00, 
0x00, 0x00, 0x00, 0x00, 0x00, 0x00, 0x00, 0x00, 0x00, 0x00, 0x00, 0x00, 0x00, 0x00, 0x00, 0x00, 
0x00, 0x00, 0x00, 0x00, 0x00, 0x00, 0x00, 0x00, 0x00, 0x00, 0x00, 0x00, 0x00, 0x00, 0x00, 0x00, 
0x00, 0x00, 0x00, 0x00, 0x00, 0x00, 0x00, 0x00, 0x00, 0x00, 0x00, 0x00, 0x00, 0x00, 0x00, 0x00, 
0x00, 0x00, 0x00, 0x00, 0x00, 0x00, 0x00, 0x00, 0x00, 0x00, 0x00, 0x00, 0x00, 0x00, 0x00, 0x00, 
0x00, 0x00, 0x00, 0x00, 0x00, 0x00, 0x00, 0x00, 0x00, 0x00, 0x00, 0x00, 0x00, 0x00, 0x00, 0x00, 
0x00, 0x00, 0x00, 0x00, 0x00, 0x00, 0x00, 0x00, 0x00, 0x00, 0x00, 0x00, 0x00, 0x00, 0x00, 0x00, 
0x00, 0x00, 0x00, 0x00, 0x00, 0x00, 0x00, 0x00, 0x00, 0x00, 0x00, 0x00, 0x00, 0x00, 0x00, 0x00, 
0x00, 0x00, 0x00, 0x00, 0x00, 0x00, 0x00, 0x00, 0x00, 0x00, 0x00, 0x00, 0x00, 0x00, 0x00, 0x00, 
0x00, 0x00, 0x00, 0x00, 0x00, 0x00, 0x00, 0x00, 0x00, 0x00, 0x00, 0x00, 0x00, 0x00, 0x00, 0x00, 
0x00, 0x00, 0x00, 0x00, 0x00, 0x00, 0x00, 0x00, 0x00, 0x00, 0x00, 0x00, 0x00, 0x00, 0x00, 0x00, 
0x00, 0x00, 0x00, 0x00, 0x00, 0x00, 0x00, 0x00, 0x00, 0x00, 0x00, 0x00, 0x00, 0x00, 0x00, 0x00, 
0x00, 0x00, 0x00, 0x00, 0x00, 0x00, 0x00, 0x00, 0x00, 0x00, 0x00, 0x00, 0x00, 0x00, 0x00, 0x00, 
0x00, 0x00, 0x00, 0x00, 0x00, 0x00, 0x00, 0x00, 0x00, 0x00, 0x00, 0x00, 0x00, 0x00, 0x00, 0x00, 
0x00, 0x00, 0x00, 0x00, 0x00, 0x00, 0x00, 0x00, 0x00, 0x00, 0x00, 0x00, 0x00, 0x00, 0x00, 0x00, 
0x00, 0x00, 0x00, 0x00, 0x00, 0x00, 0x00, 0x00, 0x00, 0x00, 0x00, 0x00, 0x00, 0x00, 0x00, 0x00, 
0x00, 0x00, 0x00, 0x00, 0x00, 0x00, 0x00, 0x00, 0x00, 0x00, 0x00, 0x00, 0x00, 0x00, 0x00, 0x00, 
0x00, 0x00, 0x00, 0x00, 0x00, 0x00, 0x00, 0x00, 0x00, 0x00, 0x00, 0x00, 0x00, 0x00, 0x00, 0x00, 
0x00, 0x00, 0x00, 0x00, 0x00, 0x00, 0x00, 0x00, 0x00, 0x00, 0x00, 0x00, 0x00, 0x00, 0x00, 0x00, 
0x00, 0x00, 0x00, 0x00, 0x00, 0x00, 0x00, 0x00, 0x00, 0x00, 0x00, 0x00, 0x00, 0x00, 0x00, 0x00, 
0x00, 0x00, 0x00, 0x00, 0x00, 0x00, 0x00, 0x00, 0x00, 0x00, 0x00, 0x00, 0x00, 0x00, 0x00, 0x00, 
0x00, 0x00, 0x00, 0x00, 0x00, 0x00, 0x00, 0x00, 0x00, 0x00, 0x00, 0x00, 0x00, 0x00, 0x00, 0x00, 
0x00, 0x00, 0x00, 0x00, 0x00, 0x00, 0x00, 0x00, 0x00, 0x00, 0x00, 0x00, 0x00, 0x00, 0x00, 0x00, 
0x00, 0x00, 0x00, 0x00, 0x00, 0x00, 0x00, 0x00, 0x00, 0x00, 0x00, 0x00, 0x00, 0x00, 0x00, 0x00, 
0x00, 0x00, 0x00, 0x00, 0x00, 0x00, 0x00, 0x00, 0x00, 0x00, 0x00, 0x00, 0x00, 0x00, 0x00, 0x00, 
0x00, 0x00, 0x00, 0x00, 0x00, 0x00, 0x00, 0x00, 0x00, 0x00, 0x00, 0x00, 0x00, 0x00, 0x00, 0x00, 
0x00, 0x00, 0x00, 0x00, 0x00, 0x00, 0x00, 0x00, 0x00, 0x00, 0x00, 0x00, 0x00, 0x00, 0x00, 0x00, 
0x00, 0x00, 0x00, 0x00, 0x00, 0x00, 0x00, 0x00, 0x00, 0x00, 0x00, 0x00, 0x00, 0x00, 0x00, 0x00, 
0x00, 0x00, 0x00, 0x00, 0x00, 0x00, 0x00, 0x00, 0x00, 0x00, 0x00, 0x00, 0x00, 0x00, 0x00, 0x00, 
0x00, 0x00, 0x00, 0x00, 0x00, 0x00, 0x00, 0x00, 0x00, 0x00, 0x00, 0x00, 0x00, 0x00, 0x00, 0x00, 
0x00, 0x00, 0x00, 0x00, 0x00, 0x00, 0x00, 0x00, 0x00, 0x00, 0x00, 0x00, 0x00, 0x00, 0x00, 0x00, 
0x00, 0x00, 0x00, 0x00, 0x00, 0x00, 0x00, 0x00, 0x00, 0x00, 0x00, 0x00, 0x00, 0x00, 0x00, 0x00, 
0x00, 0x00, 0x00, 0x00, 0x00, 0x00, 0x00, 0x00, 0x00, 0x00, 0x00, 0x00, 0x00, 0x00, 0x00, 0x00, 
0x00, 0x00, 0x00, 0x00, 0x00, 0x00, 0x00, 0x00, 0x00, 0x00, 0x00, 0x00, 0x00, 0x00, 0x00, 0x00, 
0x00, 0x00, 0x00, 0x00, 0x00, 0x00, 0x00, 0x00, 0x00, 0x00, 0x00, 0x00, 0x00, 0x00, 0x00, 0x00, 
0x00, 0x00, 0x00, 0x00, 0x00, 0x00, 0x00, 0x00, 0x00, 0x00, 0x00, 0x00, 0x00, 0x00, 0x00, 0x00, 
0x00, 0x00, 0x00, 0x00, 0x00, 0x00, 0x00, 0x00, 0x00, 0x00, 0x00, 0x00, 0x00, 0x00, 0x00, 0x00, 
0x00, 0x00, 0x00, 0x00, 0x00, 0x00, 0x00, 0x00, 0x00, 0x00, 0x00, 0x00, 0x00, 0x00, 0x00, 0x00, 
0x00, 0x00, 0x00, 0x00, 0x00, 0x00, 0x00, 0x00, 0x00, 0x00, 0x00, 0x00, 0x00, 0x00, 0x00, 0x00, 
0x00, 0x00, 0x00, 0x00, 0x00, 0x00, 0x00, 0x00, 0x00, 0x00, 0x00, 0x00, 0x00, 0x00, 0x00, 0x00, 
0x00, 0x00, 0x00, 0x00, 0x00, 0x00, 0x00, 0x00, 0x00, 0x00, 0x00, 0x00, 0x00, 0x00, 0x00, 0x00, 
0x00, 0x00, 0x00, 0x00, 0x00, 0x00, 0x00, 0x00, 0x00, 0x00, 0x00, 0x00, 0x00, 0x00, 0x00, 0x00, 
0x00, 0x00, 0x00, 0x00, 0x00, 0x00, 0x00, 0x00, 0x00, 0x00, 0x00, 0x00, 0x00, 0x00, 0x00, 0x00, 
0x00, 0x00, 0x00, 0x00, 0x00, 0x00, 0x00, 0x00, 0x00, 0x00, 0x00, 0x00, 0x00, 0x00, 0x00, 0x00, 
0x00, 0x00, 0x00, 0x00, 0x00, 0x00, 0x00, 0x00, 0x00, 0x00, 0x00, 0x00, 0x00, 0x00, 0x00, 0x00, 
0x00, 0x00, 0x00, 0x00, 0x00, 0x00, 0x00, 0x00, 0x00, 0x00, 0x00, 0x00, 0x00, 0x00, 0x00, 0x00, 
0x00, 0x00, 0x00, 0x00, 0x00, 0x00, 0x00, 0x00, 0x00, 0x00, 0x00, 0x00, 0x00, 0x00, 0x00, 0x00, 
0x00, 0x00, 0x00, 0x00, 0x00, 0x00, 0x00, 0x00, 0x00, 0x00, 0x00, 0x00, 0x00, 0x00, 0x00, 0x00, 
0x00, 0x00, 0x00, 0x00, 0x00, 0x00, 0x00, 0x00, 0x00, 0x00, 0x00, 0x00, 0x00, 0x00, 0x00, 0x00, 
0x00, 0x00, 0x00, 0x00, 0x00, 0x00, 0x00, 0x00, 0x00, 0x00, 0x00, 0x00, 0x00, 0x00, 0x00, 0x00, 
0x00, 0x00, 0x00, 0x00, 0x00, 0x00, 0x00, 0x00, 0x00, 0x00, 0x00, 0x00, 0x00, 0x00, 0x00, 0x00, 
0x00, 0x00, 0x00, 0x00, 0x00, 0x00, 0x00, 0x00, 0x00, 0x00, 0x00, 0x00, 0x00, 0x00, 0x00, 0x00, 
0x00, 0x00, 0x00, 0x00, 0x00, 0x00, 0x00, 0x00, 0x00, 0x00, 0x00, 0x00, 0x00, 0x00, 0x00, 0x00, 
0x00, 0x00, 0x00, 0x00, 0x00, 0x00, 0x00, 0x00, 0x00, 0x00, 0x00, 0x00, 0x00, 0x00, 0x00, 0x00, 
0x00, 0x00, 0x00, 0x00, 0x00, 0x00, 0x00, 0x00, 0x00, 0x00, 0x00, 0x00, 0x00, 0x00, 0x00, 0x00, 
0x00, 0x00, 0x00, 0x00, 0x00, 0x00, 0x00, 0x00, 0x00, 0x00, 0x00, 0x00, 0x00, 0x00, 0x00, 0x00, 
0x00, 0x00, 0x00, 0x00, 0x00, 0x00, 0x00, 0x00, 0x00, 0x00, 0x00, 0x00, 0x00, 0x00, 0x00, 0x00, 
0x00, 0x00, 0x00, 0x00, 0x00, 0x00, 0x00, 0x00, 0x00, 0x00, 0x00, 0x00, 0x00, 0x00, 0x00, 0x00, 
0x00, 0x00, 0x00, 0x00, 0x00, 0x00, 0x00, 0x00, 0x00, 0x00, 0x00, 0x00, 0x00, 0x00, 0x00, 0x00, 
0x00, 0x00, 0x00, 0x00, 0x00, 0x00, 0x00, 0x00, 0x00, 0x00, 0x00, 0x00, 0x00, 0x00, 0x00, 0x00, 
0x00, 0x00, 0x00, 0x00, 0x00, 0x00, 0x00, 0x00, 0x00, 0x00, 0x00, 0x00, 0x00, 0x00, 0x00, 0x00, 
0x00, 0x00, 0x00, 0x00, 0x00, 0x00, 0x00, 0x00, 0x00, 0x00, 0x00, 0x00, 0x00, 0x00, 0x00, 0x00, 
0x00, 0x00, 0x00, 0x00, 0x00, 0x00, 0x00, 0x00, 0x00, 0x00, 0x00, 0x00, 0x00, 0x00, 0x00, 0x00, 
0x00, 0x00, 0x00, 0x00, 0x00, 0x00, 0x00, 0x00, 0x00, 0x00, 0x00, 0x00, 0x00, 0x00, 0x00, 0x00, 
0x00, 0x00, 0x00, 0x00, 0x00, 0x00, 0x00, 0x00, 0x00, 0x00, 0x00, 0x00, 0x00, 0x00, 0x00, 0x00, 
0x00, 0x00, 0x00, 0x00, 0x00, 0x00, 0x00, 0x00, 0x00, 0x00, 0x00, 0x00, 0x00, 0x00, 0x00, 0x00, 
0x00, 0x00, 0x00, 0x00, 0x00, 0x00, 0x00, 0x00, 0x00, 0x00, 0x00, 0x00, 0x00, 0x00, 0x00, 0x00, 
0x00, 0x00, 0x00, 0x00, 0x00, 0x00, 0x00, 0x00, 0x00, 0x00, 0x00, 0x00, 0x00, 0x00, 0x00, 0x00, 
0x00, 0x00, 0x00, 0x00, 0x00, 0x00, 0x00, 0x00, 0x00, 0x00, 0x00, 0x00, 0x00, 0x00, 0x00, 0x00, 
0x00, 0x00, 0x00, 0x00, 0x00, 0x00, 0x00, 0x00, 0x00, 0x00, 0x00, 0x00, 0x00, 0x00, 0x00, 0x00, 
0x00, 0x00, 0x00, 0x00, 0x00, 0x00, 0x00, 0x00, 0x00, 0x00, 0x00, 0x00, 0x00, 0x00, 0x00, 0x00, 
0x00, 0x00, 0x00, 0x00, 0x00, 0x00, 0x00, 0x00, 0x00, 0x00, 0x00, 0x00, 0x00, 0x00, 0x00, 0x00, 
0x00, 0x00, 0x00, 0x00, 0x00, 0x00, 0x00, 0x00, 0x00, 0x00, 0x00, 0x00, 0x00, 0x00, 0x00, 0x00, 
0x00, 0x00, 0x00, 0x00, 0x00, 0x00, 0x00, 0x00, 0x00, 0x00, 0x00, 0x00, 0x00, 0x00, 0x00, 0x00, 
0x00, 0x00, 0x00, 0x00, 0x00, 0x00, 0x00, 0x00, 0x00, 0x00, 0x00, 0x00, 0x00, 0x00, 0x00, 0x00, 
0x00, 0x00, 0x00, 0x00, 0x00, 0x00, 0x00, 0x00, 0x00, 0x00, 0x00, 0x00, 0x00, 0x00, 0x00, 0x00, 
0x00, 0x00, 0x00, 0x00, 0x00, 0x00, 0x00, 0x00, 0x00, 0x00, 0x00, 0x00, 0x00, 0x00, 0x00, 0x00, 
0x00, 0x00, 0x00, 0x00, 0x00, 0x00, 0x00, 0x00, 0x00, 0x00, 0x00, 0x00, 0x00, 0x00, 0x00, 0x00, 
0x00, 0x00, 0x00, 0x00, 0x00, 0x00, 0x00, 0x00, 0x00, 0x00, 0x00, 0x00, 0x00, 0x00, 0x00, 0x00, 
0x00, 0x00, 0x00, 0x00, 0x00, 0x00, 0x00, 0x00, 0x00, 0x00, 0x00, 0x00, 0x00, 0x00, 0x00, 0x00, 
0x00, 0x00, 0x00, 0x00, 0x00, 0x00, 0x00, 0x00, 0x00, 0x00, 0x00, 0x00, 0x00, 0x00, 0x00, 0x00, 
0x00, 0x00, 0x00, 0x00, 0x00, 0x00, 0x00, 0x00, 0x00, 0x00, 0x00, 0x00, 0x00, 0x00, 0x00, 0x00, 
0x00, 0x00, 0x00, 0x00, 0x00, 0x00, 0x00, 0x00, 0x00, 0x00, 0x00, 0x00, 0x00, 0x00, 0x00, 0x00, 
0x00, 0x00, 0x00, 0x00, 0x00, 0x00, 0x00, 0x00, 0x00, 0x00, 0x00, 0x00, 0x00, 0x00, 0x00, 0x00, 
0x00, 0x00, 0x00, 0x00, 0x00, 0x00, 0x00, 0x00, 0x00, 0x00, 0x00, 0x00, 0x00, 0x00, 0x00, 0x00, 
0x00, 0x00, 0x00, 0x00, 0x00, 0x00, 0x00, 0x00, 0x00, 0x00, 0x00, 0x00, 0x00, 0x00, 0x00, 0x00, 
0x00, 0x00, 0x00, 0x00, 0x00, 0x00, 0x00, 0x00, 0x00, 0x00, 0x00, 0x00, 0x00, 0x00, 0x00, 0x00, 
0x00, 0x00, 0x00, 0x00, 0x00, 0x00, 0x00, 0x00, 0x00, 0x00, 0x00, 0x00, 0x00, 0x00, 0x00, 0x00, 
0x00, 0x00, 0x00, 0x00, 0x00, 0x00, 0x00, 0x00, 0x00, 0x00, 0x00, 0x00, 0x00, 0x00, 0x00, 0x00, 
0x00, 0x00, 0x00, 0x00, 0x00, 0x00, 0x00, 0x00, 0x00, 0x00, 0x00, 0x00, 0x00, 0x00, 0x00, 0x00, 
0x00, 0x00, 0x00, 0x00, 0x00, 0x00, 0x00, 0x00, 0x00, 0x00, 0x00, 0x00, 0x00, 0x00, 0x00, 0x00, 
0x00, 0x00, 0x00, 0x00, 0x00, 0x00, 0x00, 0x00, 0x00, 0x00, 0x00, 0x00, 0x00, 0x00, 0x00, 0x00, 
0x00, 0x00, 0x00, 0x00, 0x00, 0x00, 0x00, 0x00, 0x00, 0x00, 0x00, 0x00, 0x00, 0x00, 0x00, 0x00, 
0x00, 0x00, 0x00, 0x00, 0x00, 0x00, 0x00, 0x00, 0x00, 0x00, 0x00, 0x00, 0x00, 0x00, 0x00, 0x00, 
0x00, 0x00, 0x00, 0x00, 0x00, 0x00, 0x00, 0x00, 0x00, 0x00, 0x00, 0x00, 0x00, 0x00, 0x00, 0x00, 
0x00, 0x00, 0x00, 0x00, 0x00, 0x00, 0x00, 0x00, 0x00, 0x00, 0x00, 0x00, 0x00, 0x00, 0x00, 0x00, 
0x00, 0x00, 0x00, 0x00, 0x00, 0x00, 0x00, 0x00, 0x00, 0x00, 0x00, 0x00, 0x00, 0x00, 0x00, 0x00, 
0x00, 0x00, 0x00, 0x00, 0x00, 0x00, 0x00, 0x00, 0x00, 0x00, 0x00, 0x00, 0x00, 0x00, 0x00, 0x00, 
0x00, 0x00, 0x00, 0x00, 0x00, 0x00, 0x00, 0x00, 0x00, 0x00, 0x00, 0x00, 0x00, 0x00, 0x00, 0x00, 
0x00, 0x00, 0x00, 0x00, 0x00, 0x00, 0x00, 0x00, 0x00, 0x00, 0x00, 0x00, 0x00, 0x00, 0x00, 0x00, 
0x00, 0x00, 0x00, 0x00, 0x00, 0x00, 0x00, 0x00, 0x00, 0x00, 0x00, 0x00, 0x00, 0x00, 0x00, 0x00, 
0x00, 0x00, 0x00, 0x00, 0x00, 0x00, 0x00, 0x00, 0x00, 0x00, 0x00, 0x00, 0x00, 0x00, 0x00, 0x00, 
0x00, 0x00, 0x00, 0x00, 0x00, 0x00, 0x00, 0x00, 0x00, 0x00, 0x00, 0x00, 0x00, 0x00, 0x00, 0x00, 
0x00, 0x00, 0x00, 0x00, 0x00, 0x00, 0x00, 0x00, 0x00, 0x00, 0x00, 0x00, 0x00, 0x00, 0x00, 0x00, 
0x00, 0x00, 0x00, 0x00, 0x00, 0x00, 0x00, 0x00, 0x00, 0x00, 0x00, 0x00, 0x00, 0x00, 0x00, 0x00, 
0x00, 0x00, 0x00, 0x00, 0x00, 0x00, 0x00, 0x00, 0x00, 0x00, 0x00, 0x00, 0x00, 0x00, 0x00, 0x00, 
0x00, 0x00, 0x00, 0x00, 0x00, 0x00, 0x00, 0x00, 0x00, 0x00, 0x00, 0x00, 0x00, 0x00, 0x00, 0x00, 
0x00, 0x00, 0x00, 0x00, 0x00, 0x00, 0x00, 0x00, 0x00, 0x00, 0x00, 0x00, 0x00, 0x00, 0x00, 0x00, 
0x00, 0x00, 0x00, 0x00, 0x00, 0x00, 0x00, 0x00, 0x00, 0x00, 0x00, 0x00, 0x00, 0x00, 0x00, 0x00, 
0x00, 0x00, 0x00, 0x00, 0x00, 0x00, 0x00, 0x00, 0x00, 0x00, 0x00, 0x00, 0x00, 0x00, 0x00, 0x00, 
0x00, 0x00, 0x00, 0x00, 0x00, 0x00, 0x00, 0x00, 0x00, 0x00, 0x00, 0x00, 0x00, 0x00, 0x00, 0x00, 
0x00, 0x00, 0x00, 0x00, 0x00, 0x00, 0x00, 0x00, 0x00, 0x00, 0x00, 0x00, 0x00, 0x00, 0x00, 0x00, 
0x00, 0x00, 0x00, 0x00, 0x00, 0x00, 0x00, 0x00, 0x00, 0x00, 0x00, 0x00, 0x00, 0x00, 0x00, 0x00, 
0x00, 0x00, 0x00, 0x00, 0x00, 0x00, 0x00, 0x00, 0x00, 0x00, 0x00, 0x00, 0x00, 0x00, 0x00, 0x00, 
0x00, 0x00, 0x00, 0x00, 0x00, 0x00, 0x00, 0x00, 0x00, 0x00, 0x00, 0x00, 0x00, 0x00, 0x00, 0x00, 
0x00, 0x00, 0x00, 0x00, 0x00, 0x00, 0x00, 0x00, 0x00, 0x00, 0x00, 0x00, 0x00, 0x00, 0x00, 0x00, 
0x00, 0x00, 0x00, 0x00, 0x00, 0x00, 0x00, 0x00, 0x00, 0x00, 0x00, 0x00, 0x00, 0x00, 0x00, 0x00, 
0x00, 0x00, 0x00, 0x00, 0x00, 0x00, 0x00, 0x00, 0x00, 0x00, 0x00, 0x00, 0x00, 0x00, 0x00, 0x00, 
0x00, 0x00, 0x00, 0x00, 0x00, 0x00, 0x00, 0x00, 0x00, 0x00, 0x00, 0x00, 0x00, 0x00, 0x00, 0x00, 
0x00, 0x00, 0x00, 0x00, 0x00, 0x00, 0x00, 0x00, 0x00, 0x00, 0x00, 0x00, 0x00, 0x00, 0x00, 0x00, 
0x00, 0x00, 0x00, 0x00, 0x00, 0x00, 0x00, 0x00, 0x00, 0x00, 0x00, 0x00, 0x00, 0x00, 0x00, 0x00, 
0x00, 0x00, 0x00, 0x00, 0x00, 0x00, 0x00, 0x00, 0x00, 0x00, 0x00, 0x00, 0x00, 0x00, 0x00, 0x00, 
0x00, 0x00, 0x00, 0x00, 0x00, 0x00, 0x00, 0x00, 0x00, 0x00, 0x00, 0x00, 0x00, 0x00, 0x00, 0x00, 
0x00, 0x00, 0x00, 0x00, 0x00, 0x00, 0x00, 0x00, 0x00, 0x00, 0x00, 0x00, 0x00, 0x00, 0x00, 0x00, 
0x00, 0x00, 0x00, 0x00, 0x00, 0x00, 0x00, 0x00, 0x00, 0x00, 0x00, 0x00, 0x00, 0x00, 0x00, 0x00, 
0x00, 0x00, 0x00, 0x00, 0x00, 0x00, 0x00, 0x00, 0x00, 0x00, 0x00, 0x00, 0x00, 0x00, 0x00, 0x00, 
0x00, 0x00, 0x00, 0x00, 0x00, 0x00, 0x00, 0x00, 0x00, 0x00, 0x00, 0x00, 0x00, 0x00, 0x00, 0x00, 
0x00, 0x00, 0x00, 0x00, 0x00, 0x00, 0x00, 0x00, 0x00, 0x00, 0x00, 0x00, 0x00, 0x00, 0x00, 0x00, 
0x00, 0x00, 0x00, 0x00, 0x00, 0x00, 0x00, 0x00, 0x00, 0x00, 0x00, 0x00, 0x00, 0x00, 0x00, 0x00, 
0x00, 0x00, 0x00, 0x00, 0x00, 0x00, 0x00, 0x00, 0x00, 0x00, 0x00, 0x00, 0x00, 0x00, 0x00, 0x00, 
0x00, 0x00, 0x00, 0x00, 0x00, 0x00, 0x00, 0x00, 0x00, 0x00, 0x00, 0x00, 0x00, 0x00, 0x00, 0x00, 
0x00, 0x00, 0x00, 0x00, 0x00, 0x00, 0x00, 0x00, 0x00, 0x00, 0x00, 0x00, 0x00, 0x00, 0x00, 0x00, 
0x00, 0x00, 0x00, 0x00, 0x00, 0x00, 0x00, 0x00, 0x00, 0x00, 0x00, 0x00, 0x00, 0x00, 0x00, 0x00, 
0x00, 0x00, 0x00, 0x00, 0x00, 0x00, 0x00, 0x00, 0x00, 0x00, 0x00, 0x00, 0x00, 0x00, 0x00, 0x00, 
0x00, 0x00, 0x00, 0x00, 0x00, 0x00, 0x00, 0x00, 0x00, 0x00, 0x00, 0x00, 0x00, 0x00, 0x00, 0x00, 
0x00, 0x00, 0x00, 0x00, 0x00, 0x00, 0x00, 0x00, 0x00, 0x00, 0x00, 0x00, 0x00, 0x00, 0x00, 0x00, 
0x00, 0x00, 0x00, 0x00, 0x00, 0x00, 0x00, 0x00, 0x00, 0x00, 0x00, 0x00, 0x00, 0x00, 0x00, 0x00, 
0x00, 0x00, 0x00, 0x00, 0x00, 0x00, 0x00, 0x00, 0x00, 0x00, 0x00, 0x00, 0x00, 0x00, 0x00, 0x00, 
0x00, 0x00, 0x00, 0x00, 0x00, 0x00, 0x00, 0x00, 0x00, 0x00, 0x00, 0x00, 0x00, 0x00, 0x00, 0x00, 
0x00, 0x00, 0x00, 0x00, 0x00, 0x00, 0x00, 0x00, 0x00, 0x00, 0x00, 0x00, 0x00, 0x00, 0x00, 0x00, 
0x00, 0x00, 0x00, 0x00, 0x00, 0x00, 0x00, 0x00, 0x00, 0x00, 0x00, 0x00, 0x00, 0x00, 0x00, 0x00, 
0x00, 0x00, 0x00, 0x00, 0x00, 0x00, 0x00, 0x00, 0x00, 0x00, 0x00, 0x00, 0x00, 0x00, 0x00, 0x00, 
0x00, 0x00, 0x00, 0x00, 0x00, 0x00, 0x00, 0x00, 0x00, 0x00, 0x00, 0x00, 0x00, 0x00, 0x00, 0x00, 
0x00, 0x00, 0x00, 0x00, 0x00, 0x00, 0x00, 0x00, 0x00, 0x00, 0x00, 0x00, 0x00, 0x00, 0x00, 0x00, 
0x00, 0x00, 0x00, 0x00, 0x00, 0x00, 0x00, 0x00, 0x00, 0x00, 0x00, 0x00, 0x00, 0x00, 0x00, 0x00, 
0x00, 0x00, 0x00, 0x00, 0x00, 0x00, 0x00, 0x00, 0x00, 0x00, 0x00, 0x00, 0x00, 0x00, 0x00, 0x00, 
0x00, 0x00, 0x00, 0x00, 0x00, 0x00, 0x00, 0x00, 0x00, 0x00, 0x00, 0x00, 0x00, 0x00, 0x00, 0x00, 
0x00, 0x00, 0x00, 0x00, 0x00, 0x00, 0x00, 0x00, 0x00, 0x00, 0x00, 0x00, 0x00, 0x00, 0x00, 0x00, 
0x00, 0x00, 0x00, 0x00, 0x00, 0x00, 0x00, 0x00, 0x00, 0x00, 0x00, 0x00, 0x00, 0x00, 0x00, 0x00, 
0x00, 0x00, 0x00, 0x00, 0x00, 0x00, 0x00, 0x00, 0x00, 0x00, 0x00, 0x00, 0x00, 0x00, 0x00, 0x00, 
0x00, 0x00, 0x00, 0x00, 0x00, 0x00, 0x00, 0x00, 0x00, 0x00, 0x00, 0x00, 0x00, 0x00, 0x00, 0x00, 
0x00, 0x00, 0x00, 0x00, 0x00, 0x00, 0x00, 0x00, 0x00, 0x00, 0x00, 0x00, 0x00, 0x00, 0x00, 0x00, 
0x00, 0x00, 0x00, 0x00, 0x00, 0x00, 0x00, 0x00, 0x00, 0x00, 0x00, 0x00, 0x00, 0x00, 0x00, 0x00, 
0x00, 0x00, 0x00, 0x00, 0x00, 0x00, 0x00, 0x00, 0x00, 0x00, 0x00, 0x00, 0x00, 0x00, 0x00, 0x00, 
0x00, 0x00, 0x00, 0x00, 0x00, 0x00, 0x00, 0x00, 0x00, 0x00, 0x00, 0x00, 0x00, 0x00, 0x00, 0x00, 
0x00, 0x00, 0x00, 0x00, 0x00, 0x00, 0x00, 0x00, 0x00, 0x00, 0x00, 0x00, 0x00, 0x00, 0x00, 0x00, 
0x00, 0x00, 0x00, 0x00, 0x00, 0x00, 0x00, 0x00, 0x00, 0x00, 0x00, 0x00, 0x00, 0x00, 0x00, 0x00, 
0x00, 0x00, 0x00, 0x00, 0x00, 0x00, 0x00, 0x00, 0x00, 0x00, 0x00, 0x00, 0x00, 0x00, 0x00, 0x00, 
0x00, 0x00, 0x00, 0x00, 0x00, 0x00, 0x00, 0x00, 0x00, 0x00, 0x00, 0x00, 0x00, 0x00, 0x00, 0x00, 
0x00, 0x00, 0x00, 0x00, 0x00, 0x00, 0x00, 0x00, 0x00, 0x00, 0x00, 0x00, 0x00, 0x00, 0x00, 0x00, 
0x00, 0x00, 0x00, 0x00, 0x00, 0x00, 0x00, 0x00, 0x00, 0x00, 0x00, 0x00, 0x00, 0x00, 0x00, 0x00, 
0x00, 0x00, 0x00, 0x00, 0x00, 0x00, 0x00, 0x00, 0x00, 0x00, 0x00, 0x00, 0x00, 0x00, 0x00, 0x00, 
0x00, 0x00, 0x00, 0x00, 0x00, 0x00, 0x00, 0x00, 0x00, 0x00, 0x00, 0x00, 0x00, 0x00, 0x00, 0x00, 
0x00, 0x00, 0x00, 0x00, 0x00, 0x00, 0x00, 0x00, 0x00, 0x00, 0x00, 0x00, 0x00, 0x00, 0x00, 0x00, 
0x00, 0x00, 0x00, 0x00, 0x00, 0x00, 0x00, 0x00, 0x00, 0x00, 0x00, 0x00, 0x00, 0x00, 0x00, 0x00, 
0x00, 0x00, 0x00, 0x00, 0x00, 0x00, 0x00, 0x00, 0x00, 0x00, 0x00, 0x00, 0x00, 0x00, 0x00, 0x00, 
0x00, 0x00, 0x00, 0x00, 0x00, 0x00, 0x00, 0x00, 0x00, 0x00, 0x00, 0x00, 0x00, 0x00, 0x00, 0x00, 
0x00, 0x00, 0x00, 0x00, 0x00, 0x00, 0x00, 0x00, 0x00, 0x00, 0x00, 0x00, 0x00, 0x00, 0x00, 0x00, 
0x00, 0x00, 0x00, 0x00, 0x00, 0x00, 0x00, 0x00, 0x00, 0x00, 0x00, 0x00, 0x00, 0x00, 0x00, 0x00, 
0x00, 0x00, 0x00, 0x00, 0x00, 0x00, 0x00, 0x00, 0x00, 0x00, 0x00, 0x00, 0x00, 0x00, 0x00, 0x00, 
0x00, 0x00, 0x00, 0x00, 0x00, 0x00, 0x00, 0x00, 0x00, 0x00, 0x00, 0x00, 0x00, 0x00, 0x00, 0x00, 
0x00, 0x00, 0x00, 0x00, 0x00, 0x00, 0x00, 0x00, 0x00, 0x00, 0x00, 0x00, 0x00, 0x00, 0x00, 0x00, 
0x00, 0x00, 0x00, 0x00, 0x00, 0x00, 0x00, 0x00, 0x00, 0x00, 0x00, 0x00, 0x00, 0x00, 0x00, 0x00, 
0x00, 0x00, 0x00, 0x00, 0x00, 0x00, 0x00, 0x00, 0x00, 0x00, 0x00, 0x00, 0x00, 0x00, 0x00, 0x00, 
0x00, 0x00, 0x00, 0x00, 0x00, 0x00, 0x00, 0x00, 0x00, 0x00, 0x00, 0x00, 0x00, 0x00, 0x00, 0x00, 
0x00, 0x00, 0x00, 0x00, 0x00, 0x00, 0x00, 0x00, 0x00, 0x00, 0x00, 0x00, 0x00, 0x00, 0x00, 0x00, 
0x00, 0x00, 0x00, 0x00, 0x00, 0x00, 0x00, 0x00, 0x00, 0x00, 0x00, 0x00, 0x00, 0x00, 0x00, 0x00, 
0x00, 0x00, 0x00, 0x00, 0x00, 0x00, 0x00, 0x00, 0x00, 0x00, 0x00, 0x00, 0x00, 0x00, 0x00, 0x00, 
0x00, 0x00, 0x00, 0x00, 0x00, 0x00, 0x00, 0x00, 0x00, 0x00, 0x00, 0x00, 0x00, 0x00, 0x00, 0x00, 
0x00, 0x00, 0x00, 0x00, 0x00, 0x00, 0x00, 0x00, 0x00, 0x00, 0x00, 0x00, 0x00, 0x00, 0x00, 0x00, 
0x00, 0x00, 0x00, 0x00, 0x00, 0x00, 0x00, 0x00, 0x00, 0x00, 0x00, 0x00, 0x00, 0x00, 0x00, 0x00, 
0x00, 0x00, 0x00, 0x00, 0x00, 0x00, 0x00, 0x00, 0x00, 0x00, 0x00, 0x00, 0x00, 0x00, 0x00, 0x00, 
0x00, 0x00, 0x00, 0x00, 0x00, 0x00, 0x00, 0x00, 0x00, 0x00, 0x00, 0x00, 0x00, 0x00, 0x00, 0x00, 
0x00, 0x00, 0x00, 0x00, 0x00, 0x00, 0x00, 0x00, 0x00, 0x00, 0x00, 0x00, 0x00, 0x00, 0x00, 0x00, 
0x00, 0x00, 0x00, 0x00, 0x00, 0x00, 0x00, 0x00, 0x00, 0x00, 0x00, 0x00, 0x00, 0x00, 0x00, 0x00, 
0x00, 0x00, 0x00, 0x00, 0x00, 0x00, 0x00, 0x00, 0x00, 0x00, 0x00, 0x00, 0x00, 0x00, 0x00, 0x00, 
0x00, 0x00, 0x00, 0x00, 0x00, 0x00, 0x00, 0x00, 0x00, 0x00, 0x00, 0x00, 0x00, 0x00, 0x00, 0x00, 
0x00, 0x00, 0x00, 0x00, 0x00, 0x00, 0x00, 0x00, 0x00, 0x00, 0x00, 0x00, 0x00, 0x00, 0x00, 0x00, 
0x00, 0x00, 0x00, 0x00, 0x00, 0x00, 0x00, 0x00, 0x00, 0x00, 0x00, 0x00, 0x00, 0x00, 0x00, 0x00, 
0x00, 0x00, 0x00, 0x00, 0x00, 0x00, 0x00, 0x00, 0x00, 0x00, 0x00, 0x00, 0x00, 0x00, 0x00, 0x00, 
0x00, 0x00, 0x00, 0x00, 0x00, 0x00, 0x00, 0x00, 0x00, 0x00, 0x00, 0x00, 0x00, 0x00, 0x00, 0x00, 
0x00, 0x00, 0x00, 0x00, 0x00, 0x00, 0x00, 0x00, 0x00, 0x00, 0x00, 0x00, 0x00, 0x00, 0x00, 0x00, 
0x00, 0x00, 0x00, 0x00, 0x00, 0x00, 0x00, 0x00, 0x00, 0x00, 0x00, 0x00, 0x00, 0x00, 0x00, 0x00, 
0x00, 0x00, 0x00, 0x00, 0x00, 0x00, 0x00, 0x00, 0x00, 0x00, 0x00, 0x00, 0x00, 0x00, 0x00, 0x00, 
0x00, 0x00, 0x00, 0x00, 0x00, 0x00, 0x00, 0x00, 0x00, 0x00, 0x00, 0x00, 0x00, 0x00, 0x00, 0x00, 
0x00, 0x00, 0x00, 0x00, 0x00, 0x00, 0x00, 0x00, 0x00, 0x00, 0x00, 0x00, 0x00, 0x00, 0x00, 0x00, 
0x00, 0x00, 0x00, 0x00, 0x00, 0x00, 0x00, 0x00, 0x00, 0x00, 0x00, 0x00, 0x00, 0x00, 0x00, 0x00, 
0x00, 0x00, 0x00, 0x00, 0x00, 0x00, 0x00, 0x00, 0x00, 0x00, 0x00, 0x00, 0x00, 0x00, 0x00, 0x00, 
0x00, 0x00, 0x00, 0x00, 0x00, 0x00, 0x00, 0x00, 0x00, 0x00, 0x00, 0x00, 0x00, 0x00, 0x00, 0x00, 
0x00, 0x00, 0x00, 0x00, 0x00, 0x00, 0x00, 0x00, 0x00, 0x00, 0x00, 0x00, 0x00, 0x00, 0x00, 0x00, 
0x00, 0x00, 0x00, 0x00, 0x00, 0x00, 0x00, 0x00, 0x00, 0x00, 0x00, 0x00, 0x00, 0x00, 0x00, 0x00, 
0x00, 0x00, 0x00, 0x00, 0x00, 0x00, 0x00, 0x00, 0x00, 0x00, 0x00, 0x00, 0x00, 0x00, 0x00, 0x00, 
0x00, 0x00, 0x00, 0x00, 0x00, 0x00, 0x00, 0x00, 0x00, 0x00, 0x00, 0x00, 0x00, 0x00, 0x00, 0x00, 
0x00, 0x00, 0x00, 0x00, 0x00, 0x00, 0x00, 0x00, 0x00, 0x00, 0x00, 0x00, 0x00, 0x00, 0x00, 0x00, 
0x00, 0x00, 0x00, 0x00, 0x00, 0x00, 0x00, 0x00, 0x00, 0x00, 0x00, 0x00, 0x00, 0x00, 0x00, 0x00, 
0x00, 0x00, 0x00, 0x00, 0x00, 0x00, 0x00, 0x00, 0x00, 0x00, 0x00, 0x00, 0x00, 0x00, 0x00, 0x00, 
0x00, 0x00, 0x00, 0x00, 0x00, 0x00, 0x00, 0x00, 0x00, 0x00, 0x00, 0x00, 0x00, 0x00, 0x00, 0x00, 
0x00, 0x00, 0x00, 0x00, 0x00, 0x00, 0x00, 0x00, 0x00, 0x00, 0x00, 0x00, 0x00, 0x00, 0x00, 0x00, 
0x00, 0x00, 0x00, 0x00, 0x00, 0x00, 0x00, 0x00, 0x00, 0x00, 0x00, 0x00, 0x00, 0x00, 0x00, 0x00, 
0x00, 0x00, 0x00, 0x00, 0x00, 0x00, 0x00, 0x00, 0x00, 0x00, 0x00, 0x00, 0x00, 0x00, 0x00, 0x00, 
0x00, 0x00, 0x00, 0x00, 0x00, 0x00, 0x00, 0x00, 0x00, 0x00, 0x00, 0x00, 0x00, 0x00, 0x00, 0x00, 
0x00, 0x00, 0x00, 0x00, 0x00, 0x00, 0x00, 0x00, 0x00, 0x00, 0x00, 0x00, 0x00, 0x00, 0x00, 0x00, 
0x00, 0x00, 0x00, 0x00, 0x00, 0x00, 0x00, 0x00, 0x00, 0x00, 0x00, 0x00, 0x00, 0x00, 0x00, 0x00, 
0x00, 0x00, 0x00, 0x00, 0x00, 0x00, 0x00, 0x00, 0x00, 0x00, 0x00, 0x00, 0x00, 0x00, 0x00, 0x00, 
0x00, 0x00, 0x00, 0x00, 0x00, 0x00, 0x00, 0x00, 0x00, 0x00, 0x00, 0x00, 0x00, 0x00, 0x00, 0x00, 
0x00, 0x00, 0x00, 0x00, 0x00, 0x00, 0x00, 0x00, 0x00, 0x00, 0x00, 0x00, 0x00, 0x00, 0x00, 0x00, 
0x00, 0x00, 0x00, 0x00, 0x00, 0x00, 0x00, 0x00, 0x00, 0x00, 0x00, 0x00, 0x00, 0x00, 0x00, 0x00, 
0x00, 0x00, 0x00, 0x00, 0x00, 0x00, 0x00, 0x00, 0x00, 0x00, 0x00, 0x00, 0x00, 0x00, 0x00, 0x00, 
0x00, 0x00, 0x00, 0x00, 0x00, 0x00, 0x00, 0x00, 0x00, 0x00, 0x00, 0x00, 0x00, 0x00, 0x00, 0x00, 
0x00, 0x00, 0x00, 0x00, 0x00, 0x00, 0x00, 0x00, 0x00, 0x00, 0x00, 0x00, 0x00, 0x00, 0x00, 0x00, 
0x00, 0x00, 0x00, 0x00, 0x00, 0x00, 0x00, 0x00, 0x00, 0x00, 0x00, 0x00, 0x00, 0x00, 0x00, 0x00, 
0x00, 0x00, 0x00, 0x00, 0x00, 0x00, 0x00, 0x00, 0x00, 0x00, 0x00, 0x00, 0x00, 0x00, 0x00, 0x00, 
0x00, 0x00, 0x00, 0x00, 0x00, 0x00, 0x00, 0x00, 0x00, 0x00, 0x00, 0x00, 0x00, 0x00, 0x00, 0x00, 
0x00, 0x00, 0x00, 0x00, 0x00, 0x00, 0x00, 0x00, 0x00, 0x00, 0x00, 0x00, 0x00, 0x00, 0x00, 0x00, 
0x00, 0x00, 0x00, 0x00, 0x00, 0x00, 0x00, 0x00, 0x00, 0x00, 0x00, 0x00, 0x00, 0x00, 0x00, 0x00, 
0x00, 0x00, 0x00, 0x00, 0x00, 0x00, 0x00, 0x00, 0x00, 0x00, 0x00, 0x00, 0x00, 0x00, 0x00, 0x00, 
0x00, 0x00, 0x00, 0x00, 0x00, 0x00, 0x00, 0x00, 0x00, 0x00, 0x00, 0x00, 0x00, 0x00, 0x00, 0x00, 
0x00, 0x00, 0x00, 0x00, 0x00, 0x00, 0x00, 0x00, 0x00, 0x00, 0x00, 0x00, 0x00, 0x00, 0x00, 0x00, 
0x00, 0x00, 0x00, 0x00, 0x00, 0x00, 0x00, 0x00, 0x00, 0x00, 0x00, 0x00, 0x00, 0x00, 0x00, 0x00, 
0x00, 0x00, 0x00, 0x00, 0x00, 0x00, 0x00, 0x00, 0x00, 0x00, 0x00, 0x00, 0x00, 0x00, 0x00, 0x00, 
0x00, 0x00, 0x00, 0x00, 0x00, 0x00, 0x00, 0x00, 0x00, 0x00, 0x00, 0x00, 0x00, 0x00, 0x00, 0x00, 
0x00, 0x00, 0x00, 0x00, 0x00, 0x00, 0x00, 0x00, 0x00, 0x00, 0x00, 0x00, 0x00, 0x00, 0x00, 0x00, 
0x00, 0x00, 0x00, 0x00, 0x00, 0x00, 0x00, 0x00, 0x00, 0x00, 0x00, 0x00, 0x00, 0x00, 0x00, 0x00, 
0x00, 0x00, 0x00, 0x00, 0x00, 0x00, 0x00, 0x00, 0x00, 0x00, 0x00, 0x00, 0x00, 0x00, 0x00, 0x00, 
0x00, 0x00, 0x00, 0x00, 0x00, 0x00, 0x00, 0x00, 0x00, 0x00, 0x00, 0x00, 0x00, 0x00, 0x00, 0x00, 
0x00, 0x00, 0x00, 0x00, 0x00, 0x00, 0x00, 0x00, 0x00, 0x00, 0x00, 0x00, 0x00, 0x00, 0x00, 0x00, 
0x00, 0x00, 0x00, 0x00, 0x00, 0x00, 0x00, 0x00, 0x00, 0x00, 0x00, 0x00, 0x00, 0x00, 0x00, 0x00, 
0x00, 0x00, 0x00, 0x00, 0x00, 0x00, 0x00, 0x00, 0x00, 0x00, 0x00, 0x00, 0x00, 0x00, 0x00, 0x00, 
0x00, 0x00, 0x00, 0x00, 0x00, 0x00, 0x00, 0x00, 0x00, 0x00, 0x00, 0x00, 0x00, 0x00, 0x00, 0x00, 
0x00, 0x00, 0x00, 0x00, 0x00, 0x00, 0x00, 0x00, 0x00, 0x00, 0x00, 0x00, 0x00, 0x00, 0x00, 0x00, 
0x00, 0x00, 0x00, 0x00, 0x00, 0x00, 0x00, 0x00, 0x00, 0x00, 0x00, 0x00, 0x00, 0x00, 0x00, 0x00, 
0x00, 0x00, 0x00, 0x00, 0x00, 0x00, 0x00, 0x00, 0x00, 0x00, 0x00, 0x00, 0x00, 0x00, 0x00, 0x00, 
0x00, 0x00, 0x00, 0x00, 0x00, 0x00, 0x00, 0x00, 0x00, 0x00, 0x00, 0x00, 0x00, 0x00, 0x00, 0x00, 
0x00, 0x00, 0x00, 0x00, 0x00, 0x00, 0x00, 0x00, 0x00, 0x00, 0x00, 0x00, 0x00, 0x00, 0x00, 0x00, 
0x00, 0x00, 0x00, 0x00, 0x00, 0x00, 0x00, 0x00, 0x00, 0x00, 0x00, 0x00, 0x00, 0x00, 0x00, 0x00, 
0x00, 0x00, 0x00, 0x00, 0x00, 0x00, 0x00, 0x00, 0x00, 0x00, 0x00, 0x00, 0x00, 0x00, 0x00, 0x00, 
0x00, 0x00, 0x00, 0x00, 0x00, 0x00, 0x00, 0x00, 0x00, 0x00, 0x00, 0x00, 0x00, 0x00, 0x00, 0x00, 
0x00, 0x00, 0x00, 0x00, 0x00, 0x00, 0x00, 0x00, 0x00, 0x00, 0x00, 0x00, 0x00, 0x00, 0x00, 0x00, 
0x00, 0x00, 0x00, 0x00, 0x00, 0x00, 0x00, 0x00, 0x00, 0x00, 0x00, 0x00, 0x00, 0x00, 0x00, 0x00, 
0x00, 0x00, 0x00, 0x00, 0x00, 0x00, 0x00, 0x00, 0x00, 0x00, 0x00, 0x00, 0x00, 0x00, 0x00, 0x00, 
0x00, 0x00, 0x00, 0x00, 0x00, 0x00, 0x00, 0x00, 0x00, 0x00, 0x00, 0x00, 0x00, 0x00, 0x00, 0x00, 
0x00, 0x00, 0x00, 0x00, 0x00, 0x00, 0x00, 0x00, 0x00, 0x00, 0x00, 0x00, 0x00, 0x00, 0x00, 0x00, 
0x00, 0x00, 0x00, 0x00, 0x00, 0x00, 0x00, 0x00, 0x00, 0x00, 0x00, 0x00, 0x00, 0x00, 0x00, 0x00, 
0x00, 0x00, 0x00, 0x00, 0x00, 0x00, 0x00, 0x00, 0x00, 0x00, 0x00, 0x00, 0x00, 0x00, 0x00, 0x00, 
0x00, 0x00, 0x00, 0x00, 0x00, 0x00, 0x00, 0x00, 0x00, 0x00, 0x00, 0x00, 0x00, 0x00, 0x00, 0x00, 
0x00, 0x00, 0x00, 0x00, 0x00, 0x00, 0x00, 0x00, 0x00, 0x00, 0x00, 0x00, 0x00, 0x00, 0x00, 0x00, 
0x00, 0x00, 0x00, 0x00, 0x00, 0x00, 0x00, 0x00, 0x00, 0x00, 0x00, 0x00, 0x00, 0x00, 0x00, 0x00, 
0x00, 0x00, 0x00, 0x00, 0x00, 0x00, 0x00, 0x00, 0x00, 0x00, 0x00, 0x00, 0x00, 0x00, 0x00, 0x00, 
0x00, 0x00, 0x00, 0x00, 0x00, 0x00, 0x00, 0x00, 0x00, 0x00, 0x00, 0x00, 0x00, 0x00, 0x00, 0x00, 
0x00, 0x00, 0x00, 0x00, 0x00, 0x00, 0x00, 0x00, 0x00, 0x00, 0x00, 0x00, 0x00, 0x00, 0x00, 0x00, 
0x00, 0x00, 0x00, 0x00, 0x00, 0x00, 0x00, 0x00, 0x00, 0x00, 0x00, 0x00, 0x00, 0x00, 0x00, 0x00, 
0x00, 0x00, 0x00, 0x00, 0x00, 0x00, 0x00, 0x00, 0x00, 0x00, 0x00, 0x00, 0x00, 0x00, 0x00, 0x00, 
0x00, 0x00, 0x00, 0x00, 0x00, 0x00, 0x00, 0x00, 0x00, 0x00, 0x00, 0x00, 0x00, 0x00, 0x00, 0x00, 
0x00, 0x00, 0x00, 0x00, 0x00, 0x00, 0x00, 0x00, 0x00, 0x00, 0x00, 0x00, 0x00, 0x00, 0x00, 0x00, 
0x00, 0x00, 0x00, 0x00, 0x00, 0x00, 0x00, 0x00, 0x00, 0x00, 0x00, 0x00, 0x00, 0x00, 0x00, 0x00, 
0x00, 0x00, 0x00, 0x00, 0x00, 0x00, 0x00, 0x00, 0x00, 0x00, 0x00, 0x00, 0x00, 0x00, 0x00, 0x00, 
0x00, 0x00, 0x00, 0x00, 0x00, 0x00, 0x00, 0x00, 0x00, 0x00, 0x00, 0x00, 0x00, 0x00, 0x00, 0x00, 
0x00, 0x00, 0x00, 0x00, 0x00, 0x00, 0x00, 0x00, 0x00, 0x00, 0x00, 0x00, 0x00, 0x00, 0x00, 0x00, 
0x00, 0x00, 0x00, 0x00, 0x00, 0x00, 0x00, 0x00, 0x00, 0x00, 0x00, 0x00, 0x00, 0x00, 0x00, 0x00, 
0x00, 0x00, 0x00, 0x00, 0x00, 0x00, 0x00, 0x00, 0x00, 0x00, 0x00, 0x00, 0x00, 0x00, 0x00, 0x00, 
0x00, 0x00, 0x00, 0x00, 0x00, 0x00, 0x00, 0x00, 0x00, 0x00, 0x00, 0x00, 0x00, 0x00, 0x00, 0x00, 
0x00, 0x00, 0x00, 0x00, 0x00, 0x00, 0x00, 0x00, 0x00, 0x00, 0x00, 0x00, 0x00, 0x00, 0x00, 0x00, 
0x00, 0x00, 0x00, 0x00, 0x00, 0x00, 0x00, 0x00, 0x00, 0x00, 0x00, 0x00, 0x00, 0x00, 0x00, 0x00, 
0x00, 0x00, 0x00, 0x00, 0x00, 0x00, 0x00, 0x00, 0x00, 0x00, 0x00, 0x00, 0x00, 0x00, 0x00, 0x00, 
0x00, 0x00, 0x00, 0x00, 0x00, 0x00, 0x00, 0x00, 0x00, 0x00, 0x00, 0x00, 0x00, 0x00, 0x00, 0x00, 
0x00, 0x00, 0x00, 0x00, 0x00, 0x00, 0x00, 0x00, 0x00, 0x00, 0x00, 0x00, 0x00, 0x00, 0x00, 0x00, 
0x00, 0x00, 0x00, 0x00, 0x00, 0x00, 0x00, 0x00, 0x00, 0x00, 0x00, 0x00, 0x00, 0x00, 0x00, 0x00, 
0x00, 0x00, 0x00, 0x00, 0x00, 0x00, 0x00, 0x00, 0x00, 0x00, 0x00, 0x00, 0x00, 0x00, 0x00, 0x00, 
0x00, 0x00, 0x00, 0x00, 0x00, 0x00, 0x00, 0x00, 0x00, 0x00, 0x00, 0x00, 0x00, 0x00, 0x00, 0x00, 
0x00, 0x00, 0x00, 0x00, 0x00, 0x00, 0x00, 0x00, 0x00, 0x00, 0x00, 0x00, 0x00, 0x00, 0x00, 0x00, 
0x00, 0x00, 0x00, 0x00, 0x00, 0x00, 0x00, 0x00, 0x00, 0x00, 0x00, 0x00, 0x00, 0x00, 0x00, 0x00, 
0x00, 0x00, 0x00, 0x00, 0x00, 0x00, 0x00, 0x00, 0x00, 0x00, 0x00, 0x00, 0x00, 0x00, 0x00, 0x00, 
0x00, 0x00, 0x00, 0x00, 0x00, 0x00, 0x00, 0x00, 0x00, 0x00, 0x00, 0x00, 0x00, 0x00, 0x00, 0x00, 
0x00, 0x00, 0x00, 0x00, 0x00, 0x00, 0x00, 0x00, 0x00, 0x00, 0x00, 0x00, 0x00, 0x00, 0x00, 0x00, 
0x00, 0x00, 0x00, 0x00, 0x00, 0x00, 0x00, 0x00, 0x00, 0x00, 0x00, 0x00, 0x00, 0x00, 0x00, 0x00, 
0x00, 0x00, 0x00, 0x00, 0x00, 0x00, 0x00, 0x00, 0x00, 0x00, 0x00, 0x00, 0x00, 0x00, 0x00, 0x00, 
0x00, 0x00, 0x00, 0x00, 0x00, 0x00, 0x00, 0x00, 0x00, 0x00, 0x00, 0x00, 0x00, 0x00, 0x00, 0x00, 
0x00, 0x00, 0x00, 0x00, 0x00, 0x00, 0x00, 0x00, 0x00, 0x00, 0x00, 0x00, 0x00, 0x00, 0x00, 0x00, 
0x00, 0x00, 0x00, 0x00, 0x00, 0x00, 0x00, 0x00, 0x00, 0x00, 0x00, 0x00, 0x00, 0x00, 0x00, 0x00, 
0x00, 0x00, 0x00, 0x00, 0x00, 0x00, 0x00, 0x00, 0x00, 0x00, 0x00, 0x00, 0x00, 0x00, 0x00, 0x00, 
0x00, 0x00, 0x00, 0x00, 0x00, 0x00, 0x00, 0x00, 0x00, 0x00, 0x00, 0x00, 0x00, 0x00, 0x00, 0x00, 
0x00, 0x00, 0x00, 0x00, 0x00, 0x00, 0x00, 0x00, 0x00, 0x00, 0x00, 0x00, 0x00, 0x00, 0x00, 0x00, 
0x00, 0x00, 0x00, 0x00, 0x00, 0x00, 0x00, 0x00, 0x00, 0x00, 0x00, 0x00, 0x00, 0x00, 0x00, 0x00, 
0x00, 0x00, 0x00, 0x00, 0x00, 0x00, 0x00, 0x00, 0x00, 0x00, 0x00, 0x00, 0x00, 0x00, 0x00, 0x00, 
0x00, 0x00, 0x00, 0x00, 0x00, 0x00, 0x00, 0x00, 0x00, 0x00, 0x00, 0x00, 0x00, 0x00, 0x00, 0x00, 
0x00, 0x00, 0x00, 0x00, 0x00, 0x00, 0x00, 0x00, 0x00, 0x00, 0x00, 0x00, 0x00, 0x00, 0x00, 0x00, 
0x00, 0x00, 0x00, 0x00, 0x00, 0x00, 0x00, 0x00, 0x00, 0x00, 0x00, 0x00, 0x00, 0x00, 0x00, 0x00, 
0x00, 0x00, 0x00, 0x00, 0x00, 0x00, 0x00, 0x00, 0x00, 0x00, 0x00, 0x00, 0x00, 0x00, 0x00, 0x00, 
0x00, 0x00, 0x00, 0x00, 0x00, 0x00, 0x00, 0x00, 0x00, 0x00, 0x00, 0x00, 0x00, 0x00, 0x00, 0x00, 
0x00, 0x00, 0x00, 0x00, 0x00, 0x00, 0x00, 0x00, 0x00, 0x00, 0x00, 0x00, 0x00, 0x00, 0x00, 0x00, 
0x00, 0x00, 0x00, 0x00, 0x00, 0x00, 0x00, 0x00, 0x00, 0x00, 0x00, 0x00, 0x00, 0x00, 0x00, 0x00, 
0x00, 0x00, 0x00, 0x00, 0x00, 0x00, 0x00, 0x00, 0x00, 0x00, 0x00, 0x00, 0x00, 0x00, 0x00, 0x00, 
0x00, 0x00, 0x00, 0x00, 0x00, 0x00, 0x00, 0x00, 0x00, 0x00, 0x00, 0x00, 0x00, 0x00, 0x00, 0x00, 
0x00, 0x00, 0x00, 0x00, 0x00, 0x00, 0x00, 0x00, 0x00, 0x00, 0x00, 0x00, 0x00, 0x00, 0x00, 0x00, 
0x00, 0x00, 0x00, 0x00, 0x00, 0x00, 0x00, 0x00, 0x00, 0x00, 0x00, 0x00, 0x00, 0x00, 0x00, 0x00, 
0x00, 0x00, 0x00, 0x00, 0x00, 0x00, 0x00, 0x00, 0x00, 0x00, 0x00, 0x00, 0x00, 0x00, 0x00, 0x00, 
0x00, 0x00, 0x00, 0x00, 0x00, 0x00, 0x00, 0x00, 0x00, 0x00, 0x00, 0x00, 0x00, 0x00, 0x00, 0x00, 
0x00, 0x00, 0x00, 0x00, 0x00, 0x00, 0x00, 0x00, 0x00, 0x00, 0x00, 0x00, 0x00, 0x00, 0x00, 0x00, 
0x00, 0x00, 0x00, 0x00, 0x00, 0x00, 0x00, 0x00, 0x00, 0x00, 0x00, 0x00, 0x00, 0x00, 0x00, 0x00, 
0x00, 0x00, 0x00, 0x00, 0x00, 0x00, 0x00, 0x00, 0x00, 0x00, 0x00, 0x00, 0x00, 0x00, 0x00, 0x00, 
0x00, 0x00, 0x00, 0x00, 0x00, 0x00, 0x00, 0x00, 0x00, 0x00, 0x00, 0x00, 0x00, 0x00, 0x00, 0x00, 
0x00, 0x00, 0x00, 0x00, 0x00, 0x00, 0x00, 0x00, 0x00, 0x00, 0x00, 0x00, 0x00, 0x00, 0x00, 0x00, 
0x00, 0x00, 0x00, 0x00, 0x00, 0x00, 0x00, 0x00, 0x00, 0x00, 0x00, 0x00, 0x00, 0x00, 0x00, 0x00, 
0x00, 0x00, 0x00, 0x00, 0x00, 0x00, 0x00, 0x00, 0x00, 0x00, 0x00, 0x00, 0x00, 0x00, 0x00, 0x00, 
0x00, 0x00, 0x00, 0x00, 0x00, 0x00, 0x00, 0x00, 0x00, 0x00, 0x00, 0x00, 0x00, 0x00, 0x00, 0x00, 
0x00, 0x00, 0x00, 0x00, 0x00, 0x00, 0x00, 0x00, 0x00, 0x00, 0x00, 0x00, 0x00, 0x00, 0x00, 0x00, 
0x00, 0x00, 0x00, 0x00, 0x00, 0x00, 0x00, 0x00, 0x00, 0x00, 0x00, 0x00, 0x00, 0x00, 0x00, 0x00, 
0x00, 0x00, 0x00, 0x00, 0x00, 0x00, 0x00, 0x00, 0x00, 0x00, 0x00, 0x00, 0x00, 0x00, 0x00, 0x00, 
0x00, 0x00, 0x00, 0x00, 0x00, 0x00, 0x00, 0x00, 0x00, 0x00, 0x00, 0x00, 0x00, 0x00, 0x00, 0x00, 
0x00, 0x00, 0x00, 0x00, 0x00, 0x00, 0x00, 0x00, 0x00, 0x00, 0x00, 0x00, 0x00, 0x00, 0x00, 0x00, 
0x00, 0x00, 0x00, 0x00, 0x00, 0x00, 0x00, 0x00, 0x00, 0x00, 0x00, 0x00, 0x00, 0x00, 0x00, 0x00, 
0x00, 0x00, 0x00, 0x00, 0x00, 0x00, 0x00, 0x00, 0x00, 0x00, 0x00, 0x00, 0x00, 0x00, 0x00, 0x00, 
0x00, 0x00, 0x00, 0x00, 0x00, 0x00, 0x00, 0x00, 0x00, 0x00, 0x00, 0x00, 0x00, 0x00, 0x00, 0x00, 
0x00, 0x00, 0x00, 0x00, 0x00, 0x00, 0x00, 0x00, 0x00, 0x00, 0x00, 0x00, 0x00, 0x00, 0x00, 0x00, 
0x00, 0x00, 0x00, 0x00, 0x00, 0x00, 0x00, 0x00, 0x00, 0x00, 0x00, 0x00, 0x00, 0x00, 0x00, 0x00, 
0x00, 0x00, 0x00, 0x00, 0x00, 0x00, 0x00, 0x00, 0x00, 0x00, 0x00, 0x00, 0x00, 0x00, 0x00, 0x00, 
0x00, 0x00, 0x00, 0x00, 0x00, 0x00, 0x00, 0x00, 0x00, 0x00, 0x00, 0x00, 0x00, 0x00, 0x00, 0x00, 
0x00, 0x00, 0x00, 0x00, 0x00, 0x00, 0x00, 0x00, 0x00, 0x00, 0x00, 0x00, 0x00, 0x00, 0x00, 0x00, 
0x00, 0x00, 0x00, 0x00, 0x00, 0x00, 0x00, 0x00, 0x00, 0x00, 0x00, 0x00, 0x00, 0x00, 0x00, 0x00, 
0x00, 0x00, 0x00, 0x00, 0x00, 0x00, 0x00, 0x00, 0x00, 0x00, 0x00, 0x00, 0x00, 0x00, 0x00, 0x00, 
0x00, 0x00, 0x00, 0x00, 0x00, 0x00, 0x00, 0x00, 0x00, 0x00, 0x00, 0x00, 0x00, 0x00, 0x00, 0x00, 
0x00, 0x00, 0x00, 0x00, 0x00, 0x00, 0x00, 0x00, 0x00, 0x00, 0x00, 0x00, 0x00, 0x00, 0x00, 0x00, 
0x00, 0x00, 0x00, 0x00, 0x00, 0x00, 0x00, 0x00, 0x00, 0x00, 0x00, 0x00, 0x00, 0x00, 0x00, 0x00, 
0x00, 0x00, 0x00, 0x00, 0x00, 0x00, 0x00, 0x00, 0x00, 0x00, 0x00, 0x00, 0x00, 0x00, 0x00, 0x00, 
0x00, 0x00, 0x00, 0x00, 0x00, 0x00, 0x00, 0x00, 0x00, 0x00, 0x00, 0x00, 0x00, 0x00, 0x00, 0x00, 
0x00, 0x00, 0x00, 0x00, 0x00, 0x00, 0x00, 0x00, 0x00, 0x00, 0x00, 0x00, 0x00, 0x00, 0x00, 0x00, 
0x00, 0x00, 0x00, 0x00, 0x00, 0x00, 0x00, 0x00, 0x00, 0x00, 0x00, 0x00, 0x00, 0x00, 0x00, 0x00, 
0x00, 0x00, 0x00, 0x00, 0x00, 0x00, 0x00, 0x00, 0x00, 0x00, 0x00, 0x00, 0x00, 0x00, 0x00, 0x00, 
0x00, 0x00, 0x00, 0x00, 0x00, 0x00, 0x00, 0x00, 0x00, 0x00, 0x00, 0x00, 0x00, 0x00, 0x00, 0x00, 
0x00, 0x00, 0x00, 0x00, 0x00, 0x00, 0x00, 0x00, 0x00, 0x00, 0x00, 0x00, 0x00, 0x00, 0x00, 0x00, 
0x00, 0x00, 0x00, 0x00, 0x00, 0x00, 0x00, 0x00, 0x00, 0x00, 0x00, 0x00, 0x00, 0x00, 0x00, 0x00, 
0x00, 0x00, 0x00, 0x00, 0x00, 0x00, 0x00, 0x00, 0x00, 0x00, 0x00, 0x00, 0x00, 0x00, 0x00, 0x00, 
0x00, 0x00, 0x00, 0x00, 0x00, 0x00, 0x00, 0x00, 0x00, 0x00, 0x00, 0x00, 0x00, 0x00, 0x00, 0x00, 
0x00, 0x00, 0x00, 0x00, 0x00, 0x00, 0x00, 0x00, 0x00, 0x00, 0x00, 0x00, 0x00, 0x00, 0x00, 0x00, 
0x00, 0x00, 0x00, 0x00, 0x00, 0x00, 0x00, 0x00, 0x00, 0x00, 0x00, 0x00, 0x00, 0x00, 0x00, 0x00, 
0x00, 0x00, 0x00, 0x00, 0x00, 0x00, 0x00, 0x00, 0x00, 0x00, 0x00, 0x00, 0x00, 0x00, 0x00, 0x00, 
0x00, 0x00, 0x00, 0x00, 0x00, 0x00, 0x00, 0x00, 0x00, 0x00, 0x00, 0x00, 0x00, 0x00, 0x00, 0x00, 
0x00, 0x00, 0x00, 0x00, 0x00, 0x00, 0x00, 0x00, 0x00, 0x00, 0x00, 0x00, 0x00, 0x00, 0x00, 0x00, 
0x00, 0x00, 0x00, 0x00, 0x00, 0x00, 0x00, 0x00, 0x00, 0x00, 0x00, 0x00, 0x00, 0x00, 0x00, 0x00, 
0x00, 0x00, 0x00, 0x00, 0x00, 0x00, 0x00, 0x00, 0x00, 0x00, 0x00, 0x00, 0x00, 0x00, 0x00, 0x00, 
0x00, 0x00, 0x00, 0x00, 0x00, 0x00, 0x00, 0x00, 0x00, 0x00, 0x00, 0x00, 0x00, 0x00, 0x00, 0x00, 
0x00, 0x00, 0x00, 0x00, 0x00, 0x00, 0x00, 0x00, 0x00, 0x00, 0x00, 0x00, 0x00, 0x00, 0x00, 0x00, 
0x00, 0x00, 0x00, 0x00, 0x00, 0x00, 0x00, 0x00, 0x00, 0x00, 0x00, 0x00, 0x00, 0x00, 0x00, 0x00, 
0x00, 0x00, 0x00, 0x00, 0x00, 0x00, 0x00, 0x00, 0x00, 0x00, 0x00, 0x00, 0x00, 0x00, 0x00, 0x00, 
0x00, 0x00, 0x00, 0x00, 0x00, 0x00, 0x00, 0x00, 0x00, 0x00, 0x00, 0x00, 0x00, 0x00, 0x00, 0x00, 
0x00, 0x00, 0x00, 0x00, 0x00, 0x00, 0x00, 0x00, 0x00, 0x00, 0x00, 0x00, 0x00, 0x00, 0x00, 0x00, 
0x00, 0x00, 0x00, 0x00, 0x00, 0x00, 0x00, 0x00, 0x00, 0x00, 0x00, 0x00, 0x00, 0x00, 0x00, 0x00, 
0x00, 0x00, 0x00, 0x00, 0x00, 0x00, 0x00, 0x00, 0x00, 0x00, 0x00, 0x00, 0x00, 0x00, 0x00, 0x00, 
0x00, 0x00, 0x00, 0x00, 0x00, 0x00, 0x00, 0x00, 0x00, 0x00, 0x00, 0x00, 0x00, 0x00, 0x00, 0x00, 
0x00, 0x00, 0x00, 0x00, 0x00, 0x00, 0x00, 0x00, 0x00, 0x00, 0x00, 0x00, 0x00, 0x00, 0x00, 0x00, 
0x00, 0x00, 0x00, 0x00, 0x00, 0x00, 0x00, 0x00, 0x00, 0x00, 0x00, 0x00, 0x00, 0x00, 0x00, 0x00, 
0x00, 0x00, 0x00, 0x00, 0x00, 0x00, 0x00, 0x00, 0x00, 0x00, 0x00, 0x00, 0x00, 0x00, 0x00, 0x00, 
0x00, 0x00, 0x00, 0x00, 0x00, 0x00, 0x00, 0x00, 0x00, 0x00, 0x00, 0x00, 0x00, 0x00, 0x00, 0x00, 
0x00, 0x00, 0x00, 0x00, 0x00, 0x00, 0x00, 0x00, 0x00, 0x00, 0x00, 0x00, 0x00, 0x00, 0x00, 0x00, 
0x00, 0x00, 0x00, 0x00, 0x00, 0x00, 0x00, 0x00, 0x00, 0x00, 0x00, 0x00, 0x00, 0x00, 0x00, 0x00, 
0x00, 0x00, 0x00, 0x00, 0x00, 0x00, 0x00, 0x00, 0x00, 0x00, 0x00, 0x00, 0x00, 0x00, 0x00, 0x00, 
0x00, 0x00, 0x00, 0x00, 0x00, 0x00, 0x00, 0x00, 0x00, 0x00, 0x00, 0x00, 0x00, 0x00, 0x00, 0x00, 
0x00, 0x00, 0x00, 0x00, 0x00, 0x00, 0x00, 0x00, 0x00, 0x00, 0x00, 0x00, 0x00, 0x00, 0x00, 0x00, 
0x00, 0x00, 0x00, 0x00, 0x00, 0x00, 0x00, 0x00, 0x00, 0x00, 0x00, 0x00, 0x00, 0x00, 0x00, 0x00, 
0x00, 0x00, 0x00, 0x00, 0x00, 0x00, 0x00, 0x00, 0x00, 0x00, 0x00, 0x00, 0x00, 0x00, 0x00, 0x00, 
0x00, 0x00, 0x00, 0x00, 0x00, 0x00, 0x00, 0x00, 0x00, 0x00, 0x00, 0x00, 0x00, 0x00, 0x00, 0x00, 
0x00, 0x00, 0x00, 0x00, 0x00, 0x00, 0x00, 0x00, 0x00, 0x00, 0x00, 0x00, 0x00, 0x00, 0x00, 0x00, 
0x00, 0x00, 0x00, 0x00, 0x00, 0x00, 0x00, 0x00, 0x00, 0x00, 0x00, 0x00, 0x00, 0x00, 0x00, 0x00, 
0x00, 0x00, 0x00, 0x00, 0x00, 0x00, 0x00, 0x00, 0x00, 0x00, 0x00, 0x00, 0x00, 0x00, 0x00, 0x00, 
0x00, 0x00, 0x00, 0x00, 0x00, 0x00, 0x00, 0x00, 0x00, 0x00, 0x00, 0x00, 0x00, 0x00, 0x00, 0x00, 
0x00, 0x00, 0x00, 0x00, 0x00, 0x00, 0x00, 0x00, 0x00, 0x00, 0x00, 0x00, 0x00, 0x00, 0x00, 0x00, 
0x00, 0x00, 0x00, 0x00, 0x00, 0x00, 0x00, 0x00, 0x00, 0x00, 0x00, 0x00, 0x00, 0x00, 0x00, 0x00, 
0x00, 0x00, 0x00, 0x00, 0x00, 0x00, 0x00, 0x00, 0x00, 0x00, 0x00, 0x00, 0x00, 0x00, 0x00, 0x00, 
0x00, 0x00, 0x00, 0x00, 0x00, 0x00, 0x00, 0x00, 0x00, 0x00, 0x00, 0x00, 0x00, 0x00, 0x00, 0x00, 
0x00, 0x00, 0x00, 0x00, 0x00, 0x00, 0x00, 0x00, 0x00, 0x00, 0x00, 0x00, 0x00, 0x00, 0x00, 0x00, 
0x00, 0x00, 0x00, 0x00, 0x00, 0x00, 0x00, 0x00, 0x00, 0x00, 0x00, 0x00, 0x00, 0x00, 0x00, 0x00, 
0x00, 0x00, 0x00, 0x00, 0x00, 0x00, 0x00, 0x00, 0x00, 0x00, 0x00, 0x00, 0x00, 0x00, 0x00, 0x00, 
0x00, 0x00, 0x00, 0x00, 0x00, 0x00, 0x00, 0x00, 0x00, 0x00, 0x00, 0x00, 0x00, 0x00, 0x00, 0x00, 
0x00, 0x00, 0x00, 0x00, 0x00, 0x00, 0x00, 0x00, 0x00, 0x00, 0x00, 0x00, 0x00, 0x00, 0x00, 0x00, 
0x00, 0x00, 0x00, 0x00, 0x00, 0x00, 0x00, 0x00, 0x00, 0x00, 0x00, 0x00, 0x00, 0x00, 0x00, 0x00, 
0x00, 0x00, 0x00, 0x00, 0x00, 0x00, 0x00, 0x00, 0x00, 0x00, 0x00, 0x00, 0x00, 0x00, 0x00, 0x00, 
0x00, 0x00, 0x00, 0x00, 0x00, 0x00, 0x00, 0x00, 0x00, 0x00, 0x00, 0x00, 0x00, 0x00, 0x00, 0x00, 
0x00, 0x00, 0x00, 0x00, 0x00, 0x00, 0x00, 0x00, 0x00, 0x00, 0x00, 0x00, 0x00, 0x00, 0x00, 0x00, 
0x00, 0x00, 0x00, 0x00, 0x00, 0x00, 0x00, 0x00, 0x00, 0x00, 0x00, 0x00, 0x00, 0x00, 0x00, 0x00, 
0x00, 0x00, 0x00, 0x00, 0x00, 0x00, 0x00, 0x00, 0x00, 0x00, 0x00, 0x00, 0x00, 0x00, 0x00, 0x00, 
0x00, 0x00, 0x00, 0x00, 0x00, 0x00, 0x00, 0x00, 0x00, 0x00, 0x00, 0x00, 0x00, 0x00, 0x00, 0x00, 
0x00, 0x00, 0x00, 0x00, 0x00, 0x00, 0x00, 0x00, 0x00, 0x00, 0x00, 0x00, 0x00, 0x00, 0x00, 0x00, 
0x00, 0x00, 0x00, 0x00, 0x00, 0x00, 0x00, 0x00, 0x00, 0x00, 0x00, 0x00, 0x00, 0x00, 0x00, 0x00, 
0x00, 0x00, 0x00, 0x00, 0x00, 0x00, 0x00, 0x00, 0x00, 0x00, 0x00, 0x00, 0x00, 0x00, 0x00, 0x00, 
0x00, 0x00, 0x00, 0x00, 0x00, 0x00, 0x00, 0x00, 0x00, 0x00, 0x00, 0x00, 0x00, 0x00, 0x00, 0x00, 
0x00, 0x00, 0x00, 0x00, 0x00, 0x00, 0x00, 0x00, 0x00, 0x00, 0x00, 0x00, 0x00, 0x00, 0x00, 0x00, 
0x00, 0x00, 0x00, 0x00, 0x00, 0x00, 0x00, 0x00, 0x00, 0x00, 0x00, 0x00, 0x00, 0x00, 0x00, 0x00, 
0x00, 0x00, 0x00, 0x00, 0x00, 0x00, 0x00, 0x00, 0x00, 0x00, 0x00, 0x00, 0x00, 0x00, 0x00, 0x00, 
0x00, 0x00, 0x00, 0x00, 0x00, 0x00, 0x00, 0x00, 0x00, 0x00, 0x00, 0x00, 0x00, 0x00, 0x00, 0x00, 
0x00, 0x00, 0x00, 0x00, 0x00, 0x00, 0x00, 0x00, 0x00, 0x00, 0x00, 0x00, 0x00, 0x00, 0x00, 0x00, 
0x00, 0x00, 0x00, 0x00, 0x00, 0x00, 0x00, 0x00, 0x00, 0x00, 0x00, 0x00, 0x00, 0x00, 0x00, 0x00, 
0x00, 0x00, 0x00, 0x00, 0x00, 0x00, 0x00, 0x00, 0x00, 0x00, 0x00, 0x00, 0x00, 0x00, 0x00, 0x00, 
0x00, 0x00, 0x00, 0x00, 0x00, 0x00, 0x00, 0x00, 0x00, 0x00, 0x00, 0x00, 0x00, 0x00, 0x00, 0x00, 
0x00, 0x00, 0x00, 0x00, 0x00, 0x00, 0x00, 0x00, 0x00, 0x00, 0x00, 0x00, 0x00, 0x00, 0x00, 0x00, 
0x00, 0x00, 0x00, 0x00, 0x00, 0x00, 0x00, 0x00, 0x00, 0x00, 0x00, 0x00, 0x00, 0x00, 0x00, 0x00, 
0x00, 0x00, 0x00, 0x00, 0x00, 0x00, 0x00, 0x00, 0x00, 0x00, 0x00, 0x00, 0x00, 0x00, 0x00, 0x00, 
0x00, 0x00, 0x00, 0x00, 0x00, 0x00, 0x00, 0x00, 0x00, 0x00, 0x00, 0x00, 0x00, 0x00, 0x00, 0x00, 
0x00, 0x00, 0x00, 0x00, 0x00, 0x00, 0x00, 0x00, 0x00, 0x00, 0x00, 0x00, 0x00, 0x00, 0x00, 0x00, 
0x00, 0x00, 0x00, 0x00, 0x00, 0x00, 0x00, 0x00, 0x00, 0x00, 0x00, 0x00, 0x00, 0x00, 0x00, 0x00, 
0x00, 0x00, 0x00, 0x00, 0x00, 0x00, 0x00, 0x00, 0x00, 0x00, 0x00, 0x00, 0x00, 0x00, 0x00, 0x00, 
0x00, 0x00, 0x00, 0x00, 0x00, 0x00, 0x00, 0x00, 0x00, 0x00, 0x00, 0x00, 0x00, 0x00, 0x00, 0x00, 
0x00, 0x00, 0x00, 0x00, 0x00, 0x00, 0x00, 0x00, 0x00, 0x00, 0x00, 0x00, 0x00, 0x00, 0x00, 0x00, 
0x00, 0x00, 0x00, 0x00, 0x00, 0x00, 0x00, 0x00, 0x00, 0x00, 0x00, 0x00, 0x00, 0x00, 0x00, 0x00, 
0x00, 0x00, 0x00, 0x00, 0x00, 0x00, 0x00, 0x00, 0x00, 0x00, 0x00, 0x00, 0x00, 0x00, 0x00, 0x00, 
0x00, 0x00, 0x00, 0x00, 0x00, 0x00, 0x00, 0x00, 0x00, 0x00, 0x00, 0x00, 0x00, 0x00, 0x00, 0x00, 
0x00, 0x00, 0x00, 0x00, 0x00, 0x00, 0x00, 0x00, 0x00, 0x00, 0x00, 0x00, 0x00, 0x00, 0x00, 0x00, 
0x00, 0x00, 0x00, 0x00, 0x00, 0x00, 0x00, 0x00, 0x00, 0x00, 0x00, 0x00, 0x00, 0x00, 0x00, 0x00, 
0x00, 0x00, 0x00, 0x00, 0x00, 0x00, 0x00, 0x00, 0x00, 0x00, 0x00, 0x00, 0x00, 0x00, 0x00, 0x00, 
0x00, 0x00, 0x00, 0x00, 0x00, 0x00, 0x00, 0x00, 0x00, 0x00, 0x00, 0x00, 0x00, 0x00, 0x00, 0x00, 
0x00, 0x00, 0x00, 0x00, 0x00, 0x00, 0x00, 0x00, 0x00, 0x00, 0x00, 0x00, 0x00, 0x00, 0x00, 0x00, 
0x00, 0x00, 0x00, 0x00, 0x00, 0x00, 0x00, 0x00, 0x00, 0x00, 0x00, 0x00, 0x00, 0x00, 0x00, 0x00, 
0x00, 0x00, 0x00, 0x00, 0x00, 0x00, 0x00, 0x00, 0x00, 0x00, 0x00, 0x00, 0x00, 0x00, 0x00, 0x00, 
0x00, 0x00, 0x00, 0x00, 0x00, 0x00, 0x00, 0x00, 0x00, 0x00, 0x00, 0x00, 0x00, 0x00, 0x00, 0x00, 
0x00, 0x00, 0x00, 0x00, 0x00, 0x00, 0x00, 0x00, 0x00, 0x00, 0x00, 0x00, 0x00, 0x00, 0x00, 0x00, 
0x00, 0x00, 0x00, 0x00, 0x00, 0x00, 0x00, 0x00, 0x00, 0x00, 0x00, 0x00, 0x00, 0x00, 0x00, 0x00, 
0x00, 0x00, 0x00, 0x00, 0x00, 0x00, 0x00, 0x00, 0x00, 0x00, 0x00, 0x00, 0x00, 0x00, 0x00, 0x00, 
0x00, 0x00, 0x00, 0x00, 0x00, 0x00, 0x00, 0x00, 0x00, 0x00, 0x00, 0x00, 0x00, 0x00, 0x00, 0x00, 
0x00, 0x00, 0x00, 0x00, 0x00, 0x00, 0x00, 0x00, 0x00, 0x00, 0x00, 0x00, 0x00, 0x00, 0x00, 0x00, 
0x00, 0x00, 0x00, 0x00, 0x00, 0x00, 0x00, 0x00, 0x00, 0x00, 0x00, 0x00, 0x00, 0x00, 0x00, 0x00, 
0x00, 0x00, 0x00, 0x00, 0x00, 0x00, 0x00, 0x00, 0x00, 0x00, 0x00, 0x00, 0x00, 0x00, 0x00, 0x00, 
0x00, 0x00, 0x00, 0x00, 0x00, 0x00, 0x00, 0x00, 0x00, 0x00, 0x00, 0x00, 0x00, 0x00, 0x00, 0x00, 
0x00, 0x00, 0x00, 0x00, 0x00, 0x00, 0x00, 0x00, 0x00, 0x00, 0x00, 0x00, 0x00, 0x00, 0x00, 0x00, 
0x00, 0x00, 0x00, 0x00, 0x00, 0x00, 0x00, 0x00, 0x00, 0x00, 0x00, 0x00, 0x00, 0x00, 0x00, 0x00, 
0x00, 0x00, 0x00, 0x00, 0x00, 0x00, 0x00, 0x00, 0x00, 0x00, 0x00, 0x00, 0x00, 0x00, 0x00, 0x00, 
0x00, 0x00, 0x00, 0x00, 0x00, 0x00, 0x00, 0x00, 0x00, 0x00, 0x00, 0x00, 0x00, 0x00, 0x00, 0x00, 
0x00, 0x00, 0x00, 0x00, 0x00, 0x00, 0x00, 0x00, 0x00, 0x00, 0x00, 0x00, 0x00, 0x00, 0x00, 0x00, 
0x00, 0x00, 0x00, 0x00, 0x00, 0x00, 0x00, 0x00, 0x00, 0x00, 0x00, 0x00, 0x00, 0x00, 0x00, 0x00, 
0x00, 0x00, 0x00, 0x00, 0x00, 0x00, 0x00, 0x00, 0x00, 0x00, 0x00, 0x00, 0x00, 0x00, 0x00, 0x00, 
0x00, 0x00, 0x00, 0x00, 0x00, 0x00, 0x00, 0x00, 0x00, 0x00, 0x00, 0x00, 0x00, 0x00, 0x00, 0x00, 
0x00, 0x00, 0x00, 0x00, 0x00, 0x00, 0x00, 0x00, 0x00, 0x00, 0x00, 0x00, 0x00, 0x00, 0x00, 0x00, 
0x00, 0x00, 0x00, 0x00, 0x00, 0x00, 0x00, 0x00, 0x00, 0x00, 0x00, 0x00, 0x00, 0x00, 0x00, 0x00, 
0x00, 0x00, 0x00, 0x00, 0x00, 0x00, 0x00, 0x00, 0x00, 0x00, 0x00, 0x00, 0x00, 0x00, 0x00, 0x00, 
0x00, 0x00, 0x00, 0x00, 0x00, 0x00, 0x00, 0x00, 0x00, 0x00, 0x00, 0x00, 0x00, 0x00, 0x00, 0x00, 
0x00, 0x00, 0x00, 0x00, 0x00, 0x00, 0x00, 0x00, 0x00, 0x00, 0x00, 0x00, 0x00, 0x00, 0x00, 0x00, 
0x00, 0x00, 0x00, 0x00, 0x00, 0x00, 0x00, 0x00, 0x00, 0x00, 0x00, 0x00, 0x00, 0x00, 0x00, 0x00, 
0x00, 0x00, 0x00, 0x00, 0x00, 0x00, 0x00, 0x00, 0x00, 0x00, 0x00, 0x00, 0x00, 0x00, 0x00, 0x00, 
0x00, 0x00, 0x00, 0x00, 0x00, 0x00, 0x00, 0x00, 0x00, 0x00, 0x00, 0x00, 0x00, 0x00, 0x00, 0x00, 
0x00, 0x00, 0x00, 0x00, 0x00, 0x00, 0x00, 0x00, 0x00, 0x00, 0x00, 0x00, 0x00, 0x00, 0x00, 0x00, 
0x00, 0x00, 0x00, 0x00, 0x00, 0x00, 0x00, 0x00, 0x00, 0x00, 0x00, 0x00, 0x00, 0x00, 0x00, 0x00, 
0x00, 0x00, 0x00, 0x00, 0x00, 0x00, 0x00, 0x00, 0x00, 0x00, 0x00, 0x00, 0x00, 0x00, 0x00, 0x00, 
0x00, 0x00, 0x00, 0x00, 0x00, 0x00, 0x00, 0x00, 0x00, 0x00, 0x00, 0x00, 0x00, 0x00, 0x00, 0x00, 
0x00, 0x00, 0x00, 0x00, 0x00, 0x00, 0x00, 0x00, 0x00, 0x00, 0x00, 0x00, 0x00, 0x00, 0x00, 0x00, 
0x00, 0x00, 0x00, 0x00, 0x00, 0x00, 0x00, 0x00, 0x00, 0x00, 0x00, 0x00, 0x00, 0x00, 0x00, 0x00, 
0x00, 0x00, 0x00, 0x00, 0x00, 0x00, 0x00, 0x00, 0x00, 0x00, 0x00, 0x00, 0x00, 0x00, 0x00, 0x00, 
0x00, 0x00, 0x00, 0x00, 0x00, 0x00, 0x00, 0x00, 0x00, 0x00, 0x00, 0x00, 0x00, 0x00, 0x00, 0x00, 
0x00, 0x00, 0x00, 0x00, 0x00, 0x00, 0x00, 0x00, 0x00, 0x00, 0x00, 0x00, 0x00, 0x00, 0x00, 0x00, 
0x00, 0x00, 0x00, 0x00, 0x00, 0x00, 0x00, 0x00, 0x00, 0x00, 0x00, 0x00, 0x00, 0x00, 0x00, 0x00, 
0x00, 0x00, 0x00, 0x00, 0x00, 0x00, 0x00, 0x00, 0x00, 0x00, 0x00, 0x00, 0x00, 0x00, 0x00, 0x00, 
0x00, 0x00, 0x00, 0x00, 0x00, 0x00, 0x00, 0x00, 0x00, 0x00, 0x00, 0x00, 0x00, 0x00, 0x00, 0x00, 
0x00, 0x00, 0x00, 0x00, 0x00, 0x00, 0x00, 0x00, 0x00, 0x00, 0x00, 0x00, 0x00, 0x00, 0x00, 0x00, 
0x00, 0x00, 0x00, 0x00, 0x00, 0x00, 0x00, 0x00, 0x00, 0x00, 0x00, 0x00, 0x00, 0x00, 0x00, 0x00, 
0x00, 0x00, 0x00, 0x00, 0x00, 0x00, 0x00, 0x00, 0x00, 0x00, 0x00, 0x00, 0x00, 0x00, 0x00, 0x00, 
0x00, 0x00, 0x00, 0x00, 0x00, 0x00, 0x00, 0x00, 0x00, 0x00, 0x00, 0x00, 0x00, 0x00, 0x00, 0x00, 
0x00, 0x00, 0x00, 0x00, 0x00, 0x00, 0x00, 0x00, 0x00, 0x00, 0x00, 0x00, 0x00, 0x00, 0x00, 0x00, 
0x00, 0x00, 0x00, 0x00, 0x00, 0x00, 0x00, 0x00, 0x00, 0x00, 0x00, 0x00, 0x00, 0x00, 0x00, 0x00, 
0x00, 0x00, 0x00, 0x00, 0x00, 0x00, 0x00, 0x00, 0x00, 0x00, 0x00, 0x00, 0x00, 0x00, 0x00, 0x00, 
0x00, 0x00, 0x00, 0x00, 0x00, 0x00, 0x00, 0x00, 0x00, 0x00, 0x00, 0x00, 0x00, 0x00, 0x00, 0x00, 
0x00, 0x00, 0x00, 0x00, 0x00, 0x00, 0x00, 0x00, 0x00, 0x00, 0x00, 0x00, 0x00, 0x00, 0x00, 0x00, 
0x00, 0x00, 0x00, 0x00, 0x00, 0x00, 0x00, 0x00, 0x00, 0x00, 0x00, 0x00, 0x00, 0x00, 0x00, 0x00, 
0x00, 0x00, 0x00, 0x00, 0x00, 0x00, 0x00, 0x00, 0x00, 0x00, 0x00, 0x00, 0x00, 0x00, 0x00, 0x00, 
0x00, 0x00, 0x00, 0x00, 0x00, 0x00, 0x00, 0x00, 0x00, 0x00, 0x00, 0x00, 0x00, 0x00, 0x00, 0x00, 
0x00, 0x00, 0x00, 0x00, 0x00, 0x00, 0x00, 0x00, 0x00, 0x00, 0x00, 0x00, 0x00, 0x00, 0x00, 0x00, 
0x00, 0x00, 0x00, 0x00, 0x00, 0x00, 0x00, 0x00, 0x00, 0x00, 0x00, 0x00, 0x00, 0x00, 0x00, 0x00, 
0x00, 0x00, 0x00, 0x00, 0x00, 0x00, 0x00, 0x00, 0x00, 0x00, 0x00, 0x00, 0x00, 0x00, 0x00, 0x00, 
0x00, 0x00, 0x00, 0x00, 0x00, 0x00, 0x00, 0x00, 0x00, 0x00, 0x00, 0x00, 0x00, 0x00, 0x00, 0x00, 
0x00, 0x00, 0x00, 0x00, 0x00, 0x00, 0x00, 0x00, 0x00, 0x00, 0x00, 0x00, 0x00, 0x00, 0x00, 0x00, 
0x00, 0x00, 0x00, 0x00, 0x00, 0x00, 0x00, 0x00, 0x00, 0x00, 0x00, 0x00, 0x00, 0x00, 0x00, 0x00, 
0x00, 0x00, 0x00, 0x00, 0x00, 0x00, 0x00, 0x00, 0x00, 0x00, 0x00, 0x00, 0x00, 0x00, 0x00, 0x00, 
0x00, 0x00, 0x00, 0x00, 0x00, 0x00, 0x00, 0x00, 0x00, 0x00, 0x00, 0x00, 0x00, 0x00, 0x00, 0x00, 
0x00, 0x00, 0x00, 0x00, 0x00, 0x00, 0x00, 0x00, 0x00, 0x00, 0x00, 0x00, 0x00, 0x00, 0x00, 0x00, 
0x00, 0x00, 0x00, 0x00, 0x00, 0x00, 0x00, 0x00, 0x00, 0x00, 0x00, 0x00, 0x00, 0x00, 0x00, 0x00, 
0x00, 0x00, 0x00, 0x00, 0x00, 0x00, 0x00, 0x00, 0x00, 0x00, 0x00, 0x00, 0x00, 0x00, 0x00, 0x00, 
0x00, 0x00, 0x00, 0x00, 0x00, 0x00, 0x00, 0x00, 0x00, 0x00, 0x00, 0x00, 0x00, 0x00, 0x00, 0x00, 
0x00, 0x00, 0x00, 0x00, 0x00, 0x00, 0x00, 0x00, 0x00, 0x00, 0x00, 0x00, 0x00, 0x00, 0x00, 0x00, 
0x00, 0x00, 0x00, 0x00, 0x00, 0x00, 0x00, 0x00, 0x00, 0x00, 0x00, 0x00, 0x00, 0x00, 0x00, 0x00, 
0x00, 0x00, 0x00, 0x00, 0x00, 0x00, 0x00, 0x00, 0x00, 0x00, 0x00, 0x00, 0x00, 0x00, 0x00, 0x00, 
0x00, 0x00, 0x00, 0x00, 0x00, 0x00, 0x00, 0x00, 0x00, 0x00, 0x00, 0x00, 0x00, 0x00, 0x00, 0x00, 
0x00, 0x00, 0x00, 0x00, 0x00, 0x00, 0x00, 0x00, 0x00, 0x00, 0x00, 0x00, 0x00, 0x00, 0x00, 0x00, 
0x00, 0x00, 0x00, 0x00, 0x00, 0x00, 0x00, 0x00, 0x00, 0x00, 0x00, 0x00, 0x00, 0x00, 0x00, 0x00, 
0x00, 0x00, 0x00, 0x00, 0x00, 0x00, 0x00, 0x00, 0x00, 0x00, 0x00, 0x00, 0x00, 0x00, 0x00, 0x00, 
0x00, 0x00, 0x00, 0x00, 0x00, 0x00, 0x00, 0x00, 0x00, 0x00, 0x00, 0x00, 0x00, 0x00, 0x00, 0x00, 
0x00, 0x00, 0x00, 0x00, 0x00, 0x00, 0x00, 0x00, 0x00, 0x00, 0x00, 0x00, 0x00, 0x00, 0x00, 0x00, 
0x00, 0x00, 0x00, 0x00, 0x00, 0x00, 0x00, 0x00, 0x00, 0x00, 0x00, 0x00, 0x00, 0x00, 0x00, 0x00, 
0x00, 0x00, 0x00, 0x00, 0x00, 0x00, 0x00, 0x00, 0x00, 0x00, 0x00, 0x00, 0x00, 0x00, 0x00, 0x00, 
0x00, 0x00, 0x00, 0x00, 0x00, 0x00, 0x00, 0x00, 0x00, 0x00, 0x00, 0x00, 0x00, 0x00, 0x00, 0x00, 
0x00, 0x00, 0x00, 0x00, 0x00, 0x00, 0x00, 0x00, 0x00, 0x00, 0x00, 0x00, 0x00, 0x00, 0x00, 0x00, 
0x00, 0x00, 0x00, 0x00, 0x00, 0x00, 0x00, 0x00, 0x00, 0x00, 0x00, 0x00, 0x00, 0x00, 0x00, 0x00, 
0x00, 0x00, 0x00, 0x00, 0x00, 0x00, 0x00, 0x00, 0x00, 0x00, 0x00, 0x00, 0x00, 0x00, 0x00, 0x00, 
0x00, 0x00, 0x00, 0x00, 0x00, 0x00, 0x00, 0x00, 0x00, 0x00, 0x00, 0x00, 0x00, 0x00, 0x00, 0x00, 
0x00, 0x00, 0x00, 0x00, 0x00, 0x00, 0x00, 0x00, 0x00, 0x00, 0x00, 0x00, 0x00, 0x00, 0x00, 0x00, 
0x00, 0x00, 0x00, 0x00, 0x00, 0x00, 0x00, 0x00, 0x00, 0x00, 0x00, 0x00, 0x00, 0x00, 0x00, 0x00, 
0x00, 0x00, 0x00, 0x00, 0x00, 0x00, 0x00, 0x00, 0x00, 0x00, 0x00, 0x00, 0x00, 0x00, 0x00, 0x00, 
0x00, 0x00, 0x00, 0x00, 0x00, 0x00, 0x00, 0x00, 0x00, 0x00, 0x00, 0x00, 0x00, 0x00, 0x00, 0x00, 
0x00, 0x00, 0x00, 0x00, 0x00, 0x00, 0x00, 0x00, 0x00, 0x00, 0x00, 0x00, 0x00, 0x00, 0x00, 0x00, 
0x00, 0x00, 0x00, 0x00, 0x00, 0x00, 0x00, 0x00, 0x00, 0x00, 0x00, 0x00, 0x00, 0x00, 0x00, 0x00, 
0x00, 0x00, 0x00, 0x00, 0x00, 0x00, 0x00, 0x00, 0x00, 0x00, 0x00, 0x00, 0x00, 0x00, 0x00, 0x00, 
0x00, 0x00, 0x00, 0x00, 0x00, 0x00, 0x00, 0x00, 0x00, 0x00, 0x00, 0x00, 0x00, 0x00, 0x00, 0x00, 
0x00, 0x00, 0x00, 0x00, 0x00, 0x00, 0x00, 0x00, 0x00, 0x00, 0x00, 0x00, 0x00, 0x00, 0x00, 0x00, 
0x00, 0x00, 0x00, 0x00, 0x00, 0x00, 0x00, 0x00, 0x00, 0x00, 0x00, 0x00, 0x00, 0x00, 0x00, 0x00, 
0x00, 0x00, 0x00, 0x00, 0x00, 0x00, 0x00, 0x00, 0x00, 0x00, 0x00, 0x00, 0x00, 0x00, 0x00, 0x00, 
0x00, 0x00, 0x00, 0x00, 0x00, 0x00, 0x00, 0x00, 0x00, 0x00, 0x00, 0x00, 0x00, 0x00, 0x00, 0x00, 
0x00, 0x00, 0x00, 0x00, 0x00, 0x00, 0x00, 0x00, 0x00, 0x00, 0x00, 0x00, 0x00, 0x00, 0x00, 0x00, 
0x00, 0x00, 0x00, 0x00, 0x00, 0x00, 0x00, 0x00, 0x00, 0x00, 0x00, 0x00, 0x00, 0x00, 0x00, 0x00, 
0x00, 0x00, 0x00, 0x00, 0x00, 0x00, 0x00, 0x00, 0x00, 0x00, 0x00, 0x00, 0x00, 0x00, 0x00, 0x00, 
0x00, 0x00, 0x00, 0x00, 0x00, 0x00, 0x00, 0x00, 0x00, 0x00, 0x00, 0x00, 0x00, 0x00, 0x00, 0x00, 
0x00, 0x00, 0x00, 0x00, 0x00, 0x00, 0x00, 0x00, 0x00, 0x00, 0x00, 0x00, 0x00, 0x00, 0x00, 0x00, 
0x00, 0x00, 0x00, 0x00, 0x00, 0x00, 0x00, 0x00, 0x00, 0x00, 0x00, 0x00, 0x00, 0x00, 0x00, 0x00, 
0x00, 0x00, 0x00, 0x00, 0x00, 0x00, 0x00, 0x00, 0x00, 0x00, 0x00, 0x00, 0x00, 0x00, 0x00, 0x00, 
0x00, 0x00, 0x00, 0x00, 0x00, 0x00, 0x00, 0x00, 0x00, 0x00, 0x00, 0x00, 0x00, 0x00, 0x00, 0x00, 
0x00, 0x00, 0x00, 0x00, 0x00, 0x00, 0x00, 0x00, 0x00, 0x00, 0x00, 0x00, 0x00, 0x00, 0x00, 0x00, 
0x00, 0x00, 0x00, 0x00, 0x00, 0x00, 0x00, 0x00, 0x00, 0x00, 0x00, 0x00, 0x00, 0x00, 0x00, 0x00, 
0x00, 0x00, 0x00, 0x00, 0x00, 0x00, 0x00, 0x00, 0x00, 0x00, 0x00, 0x00, 0x00, 0x00, 0x00, 0x00, 
0x00, 0x00, 0x00, 0x00, 0x00, 0x00, 0x00, 0x00, 0x00, 0x00, 0x00, 0x00, 0x00, 0x00, 0x00, 0x00, 
0x00, 0x00, 0x00, 0x00, 0x00, 0x00, 0x00, 0x00, 0x00, 0x00, 0x00, 0x00, 0x00, 0x00, 0x00, 0x00, 
0x00, 0x00, 0x00, 0x00, 0x00, 0x00, 0x00, 0x00, 0x00, 0x00, 0x00, 0x00, 0x00, 0x00, 0x00, 0x00, 
0x00, 0x00, 0x00, 0x00, 0x00, 0x00, 0x00, 0x00, 0x00, 0x00, 0x00, 0x00, 0x00, 0x00, 0x00, 0x00, 
0x00, 0x00, 0x00, 0x00, 0x00, 0x00, 0x00, 0x00, 0x00, 0x00, 0x00, 0x00, 0x00, 0x00, 0x00, 0x00, 
0x00, 0x00, 0x00, 0x00, 0x00, 0x00, 0x00, 0x00, 0x00, 0x00, 0x00, 0x00, 0x00, 0x00, 0x00, 0x00, 
0x00, 0x00, 0x00, 0x00, 0x00, 0x00, 0x00, 0x00, 0x00, 0x00, 0x00, 0x00, 0x00, 0x00, 0x00, 0x00, 
0x00, 0x00, 0x00, 0x00, 0x00, 0x00, 0x00, 0x00, 0x00, 0x00, 0x00, 0x00, 0x00, 0x00, 0x00, 0x00, 
0x00, 0x00, 0x00, 0x00, 0x00, 0x00, 0x00, 0x00, 0x00, 0x00, 0x00, 0x00, 0x00, 0x00, 0x00, 0x00, 
0x00, 0x00, 0x00, 0x00, 0x00, 0x00, 0x00, 0x00, 0x00, 0x00, 0x00, 0x00, 0x00, 0x00, 0x00, 0x00, 
0x00, 0x00, 0x00, 0x00, 0x00, 0x00, 0x00, 0x00, 0x00, 0x00, 0x00, 0x00, 0x00, 0x00, 0x00, 0x00, 
0x00, 0x00, 0x00, 0x00, 0x00, 0x00, 0x00, 0x00, 0x00, 0x00, 0x00, 0x00, 0x00, 0x00, 0x00, 0x00, 
0x00, 0x00, 0x00, 0x00, 0x00, 0x00, 0x00, 0x00, 0x00, 0x00, 0x00, 0x00, 0x00, 0x00, 0x00, 0x00, 
0x00, 0x00, 0x00, 0x00, 0x00, 0x00, 0x00, 0x00, 0x00, 0x00, 0x00, 0x00, 0x00, 0x00, 0x00, 0x00, 
0x00, 0x00, 0x00, 0x00, 0x00, 0x00, 0x00, 0x00, 0x00, 0x00, 0x00, 0x00, 0x00, 0x00, 0x00, 0x00, 
0x00, 0x00, 0x00, 0x00, 0x00, 0x00, 0x00, 0x00, 0x00, 0x00, 0x00, 0x00, 0x00, 0x00, 0x00, 0x00, 
0x00, 0x00, 0x00, 0x00, 0x00, 0x00, 0x00, 0x00, 0x00, 0x00, 0x00, 0x00, 0x00, 0x00, 0x00, 0x00, 
0x00, 0x00, 0x00, 0x00, 0x00, 0x00, 0x00, 0x00, 0x00, 0x00, 0x00, 0x00, 0x00, 0x00, 0x00, 0x00, 
0x00, 0x00, 0x00, 0x00, 0x00, 0x00, 0x00, 0x00, 0x00, 0x00, 0x00, 0x00, 0x00, 0x00, 0x00, 0x00, 
0x00, 0x00, 0x00, 0x00, 0x00, 0x00, 0x00, 0x00, 0x00, 0x00, 0x00, 0x00, 0x00, 0x00, 0x00, 0x00, 
0x00, 0x00, 0x00, 0x00, 0x00, 0x00, 0x00, 0x00, 0x00, 0x00, 0x00, 0x00, 0x00, 0x00, 0x00, 0x00, 
0x00, 0x00, 0x00, 0x00, 0x00, 0x00, 0x00, 0x00, 0x00, 0x00, 0x00, 0x00, 0x00, 0x00, 0x00, 0x00, 
0x00, 0x00, 0x00, 0x00, 0x00, 0x00, 0x00, 0x00, 0x00, 0x00, 0x00, 0x00, 0x00, 0x00, 0x00, 0x00, 
0x00, 0x00, 0x00, 0x00, 0x00, 0x00, 0x00, 0x00, 0x00, 0x00, 0x00, 0x00, 0x00, 0x00, 0x00, 0x00, 
0x00, 0x00, 0x00, 0x00, 0x00, 0x00, 0x00, 0x00, 0x00, 0x00, 0x00, 0x00, 0x00, 0x00, 0x00, 0x00, 
0x00, 0x00, 0x00, 0x00, 0x00, 0x00, 0x00, 0x00, 0x00, 0x00, 0x00, 0x00, 0x00, 0x00, 0x00, 0x00, 
0x00, 0x00, 0x00, 0x00, 0x00, 0x00, 0x00, 0x00, 0x00, 0x00, 0x00, 0x00, 0x00, 0x00, 0x00, 0x00, 
0x00, 0x00, 0x00, 0x00, 0x00, 0x00, 0x00, 0x00, 0x00, 0x00, 0x00, 0x00, 0x00, 0x00, 0x00, 0x00, 
0x00, 0x00, 0x00, 0x00, 0x00, 0x00, 0x00, 0x00, 0x00, 0x00, 0x00, 0x00, 0x00, 0x00, 0x00, 0x00, 
0x00, 0x00, 0x00, 0x00, 0x00, 0x00, 0x00, 0x00, 0x00, 0x00, 0x00, 0x00, 0x00, 0x00, 0x00, 0x00, 
0x00, 0x00, 0x00, 0x00, 0x00, 0x00, 0x00, 0x00, 0x00, 0x00, 0x00, 0x00, 0x00, 0x00, 0x00, 0x00, 
0x00, 0x00, 0x00, 0x00, 0x00, 0x00, 0x00, 0x00, 0x00, 0x00, 0x00, 0x00, 0x00, 0x00, 0x00, 0x00, 
0x00, 0x00, 0x00, 0x00, 0x00, 0x00, 0x00, 0x00, 0x00, 0x00, 0x00, 0x00, 0x00, 0x00, 0x00, 0x00, 
0x00, 0x00, 0x00, 0x00, 0x00, 0x00, 0x00, 0x00, 0x00, 0x00, 0x00, 0x00, 0x00, 0x00, 0x00, 0x00, 
0x00, 0x00, 0x00, 0x00, 0x00, 0x00, 0x00, 0x00, 0x00, 0x00, 0x00, 0x00, 0x00, 0x00, 0x00, 0x00, 
0x00, 0x00, 0x00, 0x00, 0x00, 0x00, 0x00, 0x00, 0x00, 0x00, 0x00, 0x00, 0x00, 0x00, 0x00, 0x00, 
0x00, 0x00, 0x00, 0x00, 0x00, 0x00, 0x00, 0x00, 0x00, 0x00, 0x00, 0x00, 0x00, 0x00, 0x00, 0x00, 
0x00, 0x00, 0x00, 0x00, 0x00, 0x00, 0x00, 0x00, 0x00, 0x00, 0x00, 0x00, 0x00, 0x00, 0x00, 0x00, 
0x00, 0x00, 0x00, 0x00, 0x00, 0x00, 0x00, 0x00, 0x00, 0x00, 0x00, 0x00, 0x00, 0x00, 0x00, 0x00, 
0x00, 0x00, 0x00, 0x00, 0x00, 0x00, 0x00, 0x00, 0x00, 0x00, 0x00, 0x00, 0x00, 0x00, 0x00, 0x00, 
0x00, 0x00, 0x00, 0x00, 0x00, 0x00, 0x00, 0x00, 0x00, 0x00, 0x00, 0x00, 0x00, 0x00, 0x00, 0x00, 
0x00, 0x00, 0x00, 0x00, 0x00, 0x00, 0x00, 0x00, 0x00, 0x00, 0x00, 0x00, 0x00, 0x00, 0x00, 0x00, 
0x00, 0x00, 0x00, 0x00, 0x00, 0x00, 0x00, 0x00, 0x00, 0x00, 0x00, 0x00, 0x00, 0x00, 0x00, 0x00, 
0x00, 0x00, 0x00, 0x00, 0x00, 0x00, 0x00, 0x00, 0x00, 0x00, 0x00, 0x00, 0x00, 0x00, 0x00, 0x00, 
0x00, 0x00, 0x00, 0x00, 0x00, 0x00, 0x00, 0x00, 0x00, 0x00, 0x00, 0x00, 0x00, 0x00, 0x00, 0x00, 
0x00, 0x00, 0x00, 0x00, 0x00, 0x00, 0x00, 0x00, 0x00, 0x00, 0x00, 0x00, 0x00, 0x00, 0x00, 0x00, 
0x00, 0x00, 0x00, 0x00, 0x00, 0x00, 0x00, 0x00, 0x00, 0x00, 0x00, 0x00, 0x00, 0x00, 0x00, 0x00, 
0x00, 0x00, 0x00, 0x00, 0x00, 0x00, 0x00, 0x00, 0x00, 0x00, 0x00, 0x00, 0x00, 0x00, 0x00, 0x00, 
0x00, 0x00, 0x00, 0x00, 0x00, 0x00, 0x00, 0x00, 0x00, 0x00, 0x00, 0x00, 0x00, 0x00, 0x00, 0x00, 
0x00, 0x00, 0x00, 0x00, 0x00, 0x00, 0x00, 0x00, 0x00, 0x00, 0x00, 0x00, 0x00, 0x00, 0x00, 0x00, 
0x00, 0x00, 0x00, 0x00, 0x00, 0x00, 0x00, 0x00, 0x00, 0x00, 0x00, 0x00, 0x00, 0x00, 0x00, 0x00, 
0x00, 0x00, 0x00, 0x00, 0x00, 0x00, 0x00, 0x00, 0x00, 0x00, 0x00, 0x00, 0x00, 0x00, 0x00, 0x00, 
0x00, 0x00, 0x00, 0x00, 0x00, 0x00, 0x00, 0x00, 0x00, 0x00, 0x00, 0x00, 0x00, 0x00, 0x00, 0x00, 
0x00, 0x00, 0x00, 0x00, 0x00, 0x00, 0x00, 0x00, 0x00, 0x00, 0x00, 0x00, 0x00, 0x00, 0x00, 0x00, 
0x00, 0x00, 0x00, 0x00, 0x00, 0x00, 0x00, 0x00, 0x00, 0x00, 0x00, 0x00, 0x00, 0x00, 0x00, 0x00, 
0x00, 0x00, 0x00, 0x00, 0x00, 0x00, 0x00, 0x00, 0x00, 0x00, 0x00, 0x00, 0x00, 0x00, 0x00, 0x00, 
0x00, 0x00, 0x00, 0x00, 0x00, 0x00, 0x00, 0x00, 0x00, 0x00, 0x00, 0x00, 0x00, 0x00, 0x00, 0x00, 
0x00, 0x00, 0x00, 0x00, 0x00, 0x00, 0x00, 0x00, 0x00, 0x00, 0x00, 0x00, 0x00, 0x00, 0x00, 0x00, 
0x00, 0x00, 0x00, 0x00, 0x00, 0x00, 0x00, 0x00, 0x00, 0x00, 0x00, 0x00, 0x00, 0x00, 0x00, 0x00, 
0x00, 0x00, 0x00, 0x00, 0x00, 0x00, 0x00, 0x00, 0x00, 0x00, 0x00, 0x00, 0x00, 0x00, 0x00, 0x00, 
0x00, 0x00, 0x00, 0x00, 0x00, 0x00, 0x00, 0x00, 0x00, 0x00, 0x00, 0x00, 0x00, 0x00, 0x00, 0x00, 
0x00, 0x00, 0x00, 0x00, 0x00, 0x00, 0x00, 0x00, 0x00, 0x00, 0x00, 0x00, 0x00, 0x00, 0x00, 0x00, 
0x00, 0x00, 0x00, 0x00, 0x00, 0x00, 0x00, 0x00, 0x00, 0x00, 0x00, 0x00, 0x00, 0x00, 0x00, 0x00, 
0x00, 0x00, 0x00, 0x00, 0x00, 0x00, 0x00, 0x00, 0x00, 0x00, 0x00, 0x00, 0x00, 0x00, 0x00, 0x00, 
0x00, 0x00, 0x00, 0x00, 0x00, 0x00, 0x00, 0x00, 0x00, 0x00, 0x00, 0x00, 0x00, 0x00, 0x00, 0x00, 
0x00, 0x00, 0x00, 0x00, 0x00, 0x00, 0x00, 0x00, 0x00, 0x00, 0x00, 0x00, 0x00, 0x00, 0x00, 0x00, 
0x00, 0x00, 0x00, 0x00, 0x00, 0x00, 0x00, 0x00, 0x00, 0x00, 0x00, 0x00, 0x00, 0x00, 0x00, 0x00, 
0x00, 0x00, 0x00, 0x00, 0x00, 0x00, 0x00, 0x00, 0x00, 0x00, 0x00, 0x00, 0x00, 0x00, 0x00, 0x00, 
0x00, 0x00, 0x00, 0x00, 0x00, 0x00, 0x00, 0x00, 0x00, 0x00, 0x00, 0x00, 0x00, 0x00, 0x00, 0x00, 
0x00, 0x00, 0x00, 0x00, 0x00, 0x00, 0x00, 0x00, 0x00, 0x00, 0x00, 0x00, 0x00, 0x00, 0x00, 0x00, 
0x00, 0x00, 0x00, 0x00, 0x00, 0x00, 0x00, 0x00, 0x00, 0x00, 0x00, 0x00, 0x00, 0x00, 0x00, 0x00, 
0x00, 0x00, 0x00, 0x00, 0x00, 0x00, 0x00, 0x00, 0x00, 0x00, 0x00, 0x00, 0x00, 0x00, 0x00, 0x00, 
0x00, 0x00, 0x00, 0x00, 0x00, 0x00, 0x00, 0x00, 0x00, 0x00, 0x00, 0x00, 0x00, 0x00, 0x00, 0x00, 
0x00, 0x00, 0x00, 0x00, 0x00, 0x00, 0x00, 0x00, 0x00, 0x00, 0x00, 0x00, 0x00, 0x00, 0x00, 0x00, 
0x00, 0x00, 0x00, 0x00, 0x00, 0x00, 0x00, 0x00, 0x00, 0x00, 0x00, 0x00, 0x00, 0x00, 0x00, 0x00, 
0x00, 0x00, 0x00, 0x00, 0x00, 0x00, 0x00, 0x00, 0x00, 0x00, 0x00, 0x00, 0x00, 0x00, 0x00, 0x00, 
0x00, 0x00, 0x00, 0x00, 0x00, 0x00, 0x00, 0x00, 0x00, 0x00, 0x00, 0x00, 0x00, 0x00, 0x00, 0x00, 
0x00, 0x00, 0x00, 0x00, 0x00, 0x00, 0x00, 0x00, 0x00, 0x00, 0x00, 0x00, 0x00, 0x00, 0x00, 0x00, 
0x00, 0x00, 0x00, 0x00, 0x00, 0x00, 0x00, 0x00, 0x00, 0x00, 0x00, 0x00, 0x00, 0x00, 0x00, 0x00, 
0x00, 0x00, 0x00, 0x00, 0x00, 0x00, 0x00, 0x00, 0x00, 0x00, 0x00, 0x00, 0x00, 0x00, 0x00, 0x00, 
0x00, 0x00, 0x00, 0x00, 0x00, 0x00, 0x00, 0x00, 0x00, 0x00, 0x00, 0x00, 0x00, 0x00, 0x00, 0x00, 
0x00, 0x00, 0x00, 0x00, 0x00, 0x00, 0x00, 0x00, 0x00, 0x00, 0x00, 0x00, 0x00, 0x00, 0x00, 0x00, 
0x00, 0x00, 0x00, 0x00, 0x00, 0x00, 0x00, 0x00, 0x00, 0x00, 0x00, 0x00, 0x00, 0x00, 0x00, 0x00, 
0x00, 0x00, 0x00, 0x00, 0x00, 0x00, 0x00, 0x00, 0x00, 0x00, 0x00, 0x00, 0x00, 0x00, 0x00, 0x00, 
0x00, 0x00, 0x00, 0x00, 0x00, 0x00, 0x00, 0x00, 0x00, 0x00, 0x00, 0x00, 0x00, 0x00, 0x00, 0x00, 
0x00, 0x00, 0x00, 0x00, 0x00, 0x00, 0x00, 0x00, 0x00, 0x00, 0x00, 0x00, 0x00, 0x00, 0x00, 0x00, 
0x00, 0x00, 0x00, 0x00, 0x00, 0x00, 0x00, 0x00, 0x00, 0x00, 0x00, 0x00, 0x00, 0x00, 0x00, 0x00, 
0x00, 0x00, 0x00, 0x00, 0x00, 0x00, 0x00, 0x00, 0x00, 0x00, 0x00, 0x00, 0x00, 0x00, 0x00, 0x00, 
0x00, 0x00, 0x00, 0x00, 0x00, 0x00, 0x00, 0x00, 0x00, 0x00, 0x00, 0x00, 0x00, 0x00, 0x00, 0x00, 
0x00, 0x00, 0x00, 0x00, 0x00, 0x00, 0x00, 0x00, 0x00, 0x00, 0x00, 0x00, 0x00, 0x00, 0x00, 0x00, 
0x00, 0x00, 0x00, 0x00, 0x00, 0x00, 0x00, 0x00, 0x00, 0x00, 0x00, 0x00, 0x00, 0x00, 0x00, 0x00, 
0x00, 0x00, 0x00, 0x00, 0x00, 0x00, 0x00, 0x00, 0x00, 0x00, 0x00, 0x00, 0x00, 0x00, 0x00, 0x00, 
0x00, 0x00, 0x00, 0x00, 0x00, 0x00, 0x00, 0x00, 0x00, 0x00, 0x00, 0x00, 0x00, 0x00, 0x00, 0x00, 
0x00, 0x00, 0x00, 0x00, 0x00, 0x00, 0x00, 0x00, 0x00, 0x00, 0x00, 0x00, 0x00, 0x00, 0x00, 0x00, 
0x00, 0x00, 0x00, 0x00, 0x00, 0x00, 0x00, 0x00, 0x00, 0x00, 0x00, 0x00, 0x00, 0x00, 0x00, 0x00, 
0x00, 0x00, 0x00, 0x00, 0x00, 0x00, 0x00, 0x00, 0x00, 0x00, 0x00, 0x00, 0x00, 0x00, 0x00, 0x00, 
0x00, 0x00, 0x00, 0x00, 0x00, 0x00, 0x00, 0x00, 0x00, 0x00, 0x00, 0x00, 0x00, 0x00, 0x00, 0x00, 
0x00, 0x00, 0x00, 0x00, 0x00, 0x00, 0x00, 0x00, 0x00, 0x00, 0x00, 0x00, 0x00, 0x00, 0x00, 0x00, 
0x00, 0x00, 0x00, 0x00, 0x00, 0x00, 0x00, 0x00, 0x00, 0x00, 0x00, 0x00, 0x00, 0x00, 0x00, 0x00, 
0x00, 0x00, 0x00, 0x00, 0x00, 0x00, 0x00, 0x00, 0x00, 0x00, 0x00, 0x00, 0x00, 0x00, 0x00, 0x00, 
0x00, 0x00, 0x00, 0x00, 0x00, 0x00, 0x00, 0x00, 0x00, 0x00, 0x00, 0x00, 0x00, 0x00, 0x00, 0x00, 
0x00, 0x00, 0x00, 0x00, 0x00, 0x00, 0x00, 0x00, 0x00, 0x00, 0x00, 0x00, 0x00, 0x00, 0x00, 0x00, 
0x00, 0x00, 0x00, 0x00, 0x00, 0x00, 0x00, 0x00, 0x00, 0x00, 0x00, 0x00, 0x00, 0x00, 0x00, 0x00, 
0x00, 0x00, 0x00, 0x00, 0x00, 0x00, 0x00, 0x00, 0x00, 0x00, 0x00, 0x00, 0x00, 0x00, 0x00, 0x00, 
0x00, 0x00, 0x00, 0x00, 0x00, 0x00, 0x00, 0x00, 0x00, 0x00, 0x00, 0x00, 0x00, 0x00, 0x00, 0x00, 
0x00, 0x00, 0x00, 0x00, 0x00, 0x00, 0x00, 0x00, 0x00, 0x00, 0x00, 0x00, 0x00, 0x00, 0x00, 0x00, 
0x00, 0x00, 0x00, 0x00, 0x00, 0x00, 0x00, 0x00, 0x00, 0x00, 0x00, 0x00, 0x00, 0x00, 0x00, 0x00, 
0x00, 0x00, 0x00, 0x00, 0x00, 0x00, 0x00, 0x00, 0x00, 0x00, 0x00, 0x00, 0x00, 0x00, 0x00, 0x00, 
0x00, 0x00, 0x00, 0x00, 0x00, 0x00, 0x00, 0x00, 0x00, 0x00, 0x00, 0x00, 0x00, 0x00, 0x00, 0x00, 
0x00, 0x00, 0x00, 0x00, 0x00, 0x00, 0x00, 0x00, 0x00, 0x00, 0x00, 0x00, 0x00, 0x00, 0x00, 0x00, 
0x00, 0x00, 0x00, 0x00, 0x00, 0x00, 0x00, 0x00, 0x00, 0x00, 0x00, 0x00, 0x00, 0x00, 0x00, 0x00, 
0x00, 0x00, 0x00, 0x00, 0x00, 0x00, 0x00, 0x00, 0x00, 0x00, 0x00, 0x00, 0x00, 0x00, 0x00, 0x00, 
0x00, 0x00, 0x00, 0x00, 0x00, 0x00, 0x00, 0x00, 0x00, 0x00, 0x00, 0x00, 0x00, 0x00, 0x00, 0x00, 
0x00, 0x00, 0x00, 0x00, 0x00, 0x00, 0x00, 0x00, 0x00, 0x00, 0x00, 0x00, 0x00, 0x00, 0x00, 0x00, 
0x00, 0x00, 0x00, 0x00, 0x00, 0x00, 0x00, 0x00, 0x00, 0x00, 0x00, 0x00, 0x00, 0x00, 0x00, 0x00, 
0x00, 0x00, 0x00, 0x00, 0x00, 0x00, 0x00, 0x00, 0x00, 0x00, 0x00, 0x00, 0x00, 0x00, 0x00, 0x00, 
0x00, 0x00, 0x00, 0x00, 0x00, 0x00, 0x00, 0x00, 0x00, 0x00, 0x00, 0x00, 0x00, 0x00, 0x00, 0x00, 
0x00, 0x00, 0x00, 0x00, 0x00, 0x00, 0x00, 0x00, 0x00, 0x00, 0x00, 0x00, 0x00, 0x00, 0x00, 0x00, 
0x00, 0x00, 0x00, 0x00, 0x00, 0x00, 0x00, 0x00, 0x00, 0x00, 0x00, 0x00, 0x00, 0x00, 0x00, 0x00, 
0x00, 0x00, 0x00, 0x00, 0x00, 0x00, 0x00, 0x00, 0x00, 0x00, 0x00, 0x00, 0x00, 0x00, 0x00, 0x00, 
0x00, 0x00, 0x00, 0x00, 0x00, 0x00, 0x00, 0x00, 0x00, 0x00, 0x00, 0x00, 0x00, 0x00, 0x00, 0x00, 
0x00, 0x00, 0x00, 0x00, 0x00, 0x00, 0x00, 0x00, 0x00, 0x00, 0x00, 0x00, 0x00, 0x00, 0x00, 0x00, 
0x00, 0x00, 0x00, 0x00, 0x00, 0x00, 0x00, 0x00, 0x00, 0x00, 0x00, 0x00, 0x00, 0x00, 0x00, 0x00, 
0x00, 0x00, 0x00, 0x00, 0x00, 0x00, 0x00, 0x00, 0x00, 0x00, 0x00, 0x00, 0x00, 0x00, 0x00, 0x00, 
0x00, 0x00, 0x00, 0x00, 0x00, 0x00, 0x00, 0x00, 0x00, 0x00, 0x00, 0x00, 0x00, 0x00, 0x00, 0x00, 
0x00, 0x00, 0x00, 0x00, 0x00, 0x00, 0x00, 0x00, 0x00, 0x00, 0x00, 0x00, 0x00, 0x00, 0x00, 0x00, 
0x00, 0x00, 0x00, 0x00, 0x00, 0x00, 0x00, 0x00, 0x00, 0x00, 0x00, 0x00, 0x00, 0x00, 0x00, 0x00, 
0x00, 0x00, 0x00, 0x00, 0x00, 0x00, 0x00, 0x00, 0x00, 0x00, 0x00, 0x00, 0x00, 0x00, 0x00, 0x00, 
0x00, 0x00, 0x00, 0x00, 0x00, 0x00, 0x00, 0x00, 0x00, 0x00, 0x00, 0x00, 0x00, 0x00, 0x00, 0x00, 
0x00, 0x00, 0x00, 0x00, 0x00, 0x00, 0x00, 0x00, 0x00, 0x00, 0x00, 0x00, 0x00, 0x00, 0x00, 0x00, 
0x00, 0x00, 0x00, 0x00, 0x00, 0x00, 0x00, 0x00, 0x00, 0x00, 0x00, 0x00, 0x00, 0x00, 0x00, 0x00, 
0x00, 0x00, 0x00, 0x00, 0x00, 0x00, 0x00, 0x00, 0x00, 0x00, 0x00, 0x00, 0x00, 0x00, 0x00, 0x00, 
0x00, 0x00, 0x00, 0x00, 0x00, 0x00, 0x00, 0x00, 0x00, 0x00, 0x00, 0x00, 0x00, 0x00, 0x00, 0x00, 
0x00, 0x00, 0x00, 0x00, 0x00, 0x00, 0x00, 0x00, 0x00, 0x00, 0x00, 0x00, 0x00, 0x00, 0x00, 0x00, 
0x00, 0x00, 0x00, 0x00, 0x00, 0x00, 0x00, 0x00, 0x00, 0x00, 0x00, 0x00, 0x00, 0x00, 0x00, 0x00, 
0x00, 0x00, 0x00, 0x00, 0x00, 0x00, 0x00, 0x00, 0x00, 0x00, 0x00, 0x00, 0x00, 0x00, 0x00, 0x00, 
0x00, 0x00, 0x00, 0x00, 0x00, 0x00, 0x00, 0x00, 0x00, 0x00, 0x00, 0x00, 0x00, 0x00, 0x00, 0x00, 
0x00, 0x00, 0x00, 0x00, 0x00, 0x00, 0x00, 0x00, 0x00, 0x00, 0x00, 0x00, 0x00, 0x00, 0x00, 0x00, 
0x00, 0x00, 0x00, 0x00, 0x00, 0x00, 0x00, 0x00, 0x00, 0x00, 0x00, 0x00, 0x00, 0x00, 0x00, 0x00, 
0x00, 0x00, 0x00, 0x00, 0x00, 0x00, 0x00, 0x00, 0x00, 0x00, 0x00, 0x00, 0x00, 0x00, 0x00, 0x00, 
0x00, 0x00, 0x00, 0x00, 0x00, 0x00, 0x00, 0x00, 0x00, 0x00, 0x00, 0x00, 0x00, 0x00, 0x00, 0x00, 
0x00, 0x00, 0x00, 0x00, 0x00, 0x00, 0x00, 0x00, 0x00, 0x00, 0x00, 0x00, 0x00, 0x00, 0x00, 0x00, 
0x00, 0x00, 0x00, 0x00, 0x00, 0x00, 0x00, 0x00, 0x00, 0x00, 0x00, 0x00, 0x00, 0x00, 0x00, 0x00, 
0x00, 0x00, 0x00, 0x00, 0x00, 0x00, 0x00, 0x00, 0x00, 0x00, 0x00, 0x00, 0x00, 0x00, 0x00, 0x00, 
0x00, 0x00, 0x00, 0x00, 0x00, 0x00, 0x00, 0x00, 0x00, 0x00, 0x00, 0x00, 0x00, 0x00, 0x00, 0x00, 
0x00, 0x00, 0x00, 0x00, 0x00, 0x00, 0x00, 0x00, 0x00, 0x00, 0x00, 0x00, 0x00, 0x00, 0x00, 0x00, 
0x00, 0x00, 0x00, 0x00, 0x00, 0x00, 0x00, 0x00, 0x00, 0x00, 0x00, 0x00, 0x00, 0x00, 0x00, 0x00, 
0x00, 0x00, 0x00, 0x00, 0x00, 0x00, 0x00, 0x00, 0x00, 0x00, 0x00, 0x00, 0x00, 0x00, 0x00, 0x00, 
0x00, 0x00, 0x00, 0x00, 0x00, 0x00, 0x00, 0x00, 0x00, 0x00, 0x00, 0x00, 0x00, 0x00, 0x00, 0x00, 
0x00, 0x00, 0x00, 0x00, 0x00, 0x00, 0x00, 0x00, 0x00, 0x00, 0x00, 0x00, 0x00, 0x00, 0x00, 0x00, 
0x00, 0x00, 0x00, 0x00, 0x00, 0x00, 0x00, 0x00, 0x00, 0x00, 0x00, 0x00, 0x00, 0x00, 0x00, 0x00, 
0x00, 0x00, 0x00, 0x00, 0x00, 0x00, 0x00, 0x00, 0x00, 0x00, 0x00, 0x00, 0x00, 0x00, 0x00, 0x00, 
0x00, 0x00, 0x00, 0x00, 0x00, 0x00, 0x00, 0x00, 0x00, 0x00, 0x00, 0x00, 0x00, 0x00, 0x00, 0x00, 
0x00, 0x00, 0x00, 0x00, 0x00, 0x00, 0x00, 0x00, 0x00, 0x00, 0x00, 0x00, 0x00, 0x00, 0x00, 0x00, 
0x00, 0x00, 0x00, 0x00, 0x00, 0x00, 0x00, 0x00, 0x00, 0x00, 0x00, 0x00, 0x00, 0x00, 0x00, 0x00, 
0x00, 0x00, 0x00, 0x00, 0x00, 0x00, 0x00, 0x00, 0x00, 0x00, 0x00, 0x00, 0x00, 0x00, 0x00, 0x00, 
0x00, 0x00, 0x00, 0x00, 0x00, 0x00, 0x00, 0x00, 0x00, 0x00, 0x00, 0x00, 0x00, 0x00, 0x00, 0x00, 
0x00, 0x00, 0x00, 0x00, 0x00, 0x00, 0x00, 0x00, 0x00, 0x00, 0x00, 0x00, 0x00, 0x00, 0x00, 0x00, 
0x00, 0x00, 0x00, 0x00, 0x00, 0x00, 0x00, 0x00, 0x00, 0x00, 0x00, 0x00, 0x00, 0x00, 0x00, 0x00, 
0x00, 0x00, 0x00, 0x00, 0x00, 0x00, 0x00, 0x00, 0x00, 0x00, 0x00, 0x00, 0x00, 0x00, 0x00, 0x00, 
0x00, 0x00, 0x00, 0x00, 0x00, 0x00, 0x00, 0x00, 0x00, 0x00, 0x00, 0x00, 0x00, 0x00, 0x00, 0x00, 
0x00, 0x00, 0x00, 0x00, 0x00, 0x00, 0x00, 0x00, 0x00, 0x00, 0x00, 0x00, 0x00, 0x00, 0x00, 0x00, 
0x00, 0x00, 0x00, 0x00, 0x00, 0x00, 0x00, 0x00, 0x00, 0x00, 0x00, 0x00, 0x00, 0x00, 0x00, 0x00, 
0x00, 0x00, 0x00, 0x00, 0x00, 0x00, 0x00, 0x00, 0x00, 0x00, 0x00, 0x00, 0x00, 0x00, 0x00, 0x00, 
0x00, 0x00, 0x00, 0x00, 0x00, 0x00, 0x00, 0x00, 0x00, 0x00, 0x00, 0x00, 0x00, 0x00, 0x00, 0x00, 
0x00, 0x00, 0x00, 0x00, 0x00, 0x00, 0x00, 0x00, 0x00, 0x00, 0x00, 0x00, 0x00, 0x00, 0x00, 0x00, 
0x00, 0x00, 0x00, 0x00, 0x00, 0x00, 0x00, 0x00, 0x00, 0x00, 0x00, 0x00, 0x00, 0x00, 0x00, 0x00, 
0x00, 0x00, 0x00, 0x00, 0x00, 0x00, 0x00, 0x00, 0x00, 0x00, 0x00, 0x00, 0x00, 0x00, 0x00, 0x00, 
0x00, 0x00, 0x00, 0x00, 0x00, 0x00, 0x00, 0x00, 0x00, 0x00, 0x00, 0x00, 0x00, 0x00, 0x00, 0x00, 
0x00, 0x00, 0x00, 0x00, 0x00, 0x00, 0x00, 0x00, 0x00, 0x00, 0x00, 0x00, 0x00, 0x00, 0x00, 0x00, 
0x00, 0x00, 0x00, 0x00, 0x00, 0x00, 0x00, 0x00, 0x00, 0x00, 0x00, 0x00, 0x00, 0x00, 0x00, 0x00, 
0x00, 0x00, 0x00, 0x00, 0x00, 0x00, 0x00, 0x00, 0x00, 0x00, 0x00, 0x00, 0x00, 0x00, 0x00, 0x00, 
0x00, 0x00, 0x00, 0x00, 0x00, 0x00, 0x00, 0x00, 0x00, 0x00, 0x00, 0x00, 0x00, 0x00, 0x00, 0x00, 
0x00, 0x00, 0x00, 0x00, 0x00, 0x00, 0x00, 0x00, 0x00, 0x00, 0x00, 0x00, 0x00, 0x00, 0x00, 0x00, 
0x00, 0x00, 0x00, 0x00, 0x00, 0x00, 0x00, 0x00, 0x00, 0x00, 0x00, 0x00, 0x00, 0x00, 0x00, 0x00, 
0x00, 0x00, 0x00, 0x00, 0x00, 0x00, 0x00, 0x00, 0x00, 0x00, 0x00, 0x00, 0x00, 0x00, 0x00, 0x00, 
0x00, 0x00, 0x00, 0x00, 0x00, 0x00, 0x00, 0x00, 0x00, 0x00, 0x00, 0x00, 0x00, 0x00, 0x00, 0x00, 
0x00, 0x00, 0x00, 0x00, 0x00, 0x00, 0x00, 0x00, 0x00, 0x00, 0x00, 0x00, 0x00, 0x00, 0x00, 0x00, 
0x00, 0x00, 0x00, 0x00, 0x00, 0x00, 0x00, 0x00, 0x00, 0x00, 0x00, 0x00, 0x00, 0x00, 0x00, 0x00, 
0x00, 0x00, 0x00, 0x00, 0x00, 0x00, 0x00, 0x00, 0x00, 0x00, 0x00, 0x00, 0x00, 0x00, 0x00, 0x00, 
0x00, 0x00, 0x00, 0x00, 0x00, 0x00, 0x00, 0x00, 0x00, 0x00, 0x00, 0x00, 0x00, 0x00, 0x00, 0x00, 
0x00, 0x00, 0x00, 0x00, 0x00, 0x00, 0x00, 0x00, 0x00, 0x00, 0x00, 0x00, 0x00, 0x00, 0x00, 0x00, 
0x00, 0x00, 0x00, 0x00, 0x00, 0x00, 0x00, 0x00, 0x00, 0x00, 0x00, 0x00, 0x00, 0x00, 0x00, 0x00, 
0x00, 0x00, 0x00, 0x00, 0x00, 0x00, 0x00, 0x00, 0x00, 0x00, 0x00, 0x00, 0x00, 0x00, 0x00, 0x00, 
0x00, 0x00, 0x00, 0x00, 0x00, 0x00, 0x00, 0x00, 0x00, 0x00, 0x00, 0x00, 0x00, 0x00, 0x00, 0x00, 
0x00, 0x00, 0x00, 0x00, 0x00, 0x00, 0x00, 0x00, 0x00, 0x00, 0x00, 0x00, 0x00, 0x00, 0x00, 0x00, 
0x00, 0x00, 0x00, 0x00, 0x00, 0x00, 0x00, 0x00, 0x00, 0x00, 0x00, 0x00, 0x00, 0x00, 0x00, 0x00, 
0x00, 0x00, 0x00, 0x00, 0x00, 0x00, 0x00, 0x00, 0x00, 0x00, 0x00, 0x00, 0x00, 0x00, 0x00, 0x00, 
0x00, 0x00, 0x00, 0x00, 0x00, 0x00, 0x00, 0x00, 0x00, 0x00, 0x00, 0x00, 0x00, 0x00, 0x00, 0x00, 
0x00, 0x00, 0x00, 0x00, 0x00, 0x00, 0x00, 0x00, 0x00, 0x00, 0x00, 0x00, 0x00, 0x00, 0x00, 0x00, 
0x00, 0x00, 0x00, 0x00, 0x00, 0x00, 0x00, 0x00, 0x00, 0x00, 0x00, 0x00, 0x00, 0x00, 0x00, 0x00, 
0x00, 0x00, 0x00, 0x00, 0x00, 0x00, 0x00, 0x00, 0x00, 0x00, 0x00, 0x00, 0x00, 0x00, 0x00, 0x00, 
0x00, 0x00, 0x00, 0x00, 0x00, 0x00, 0x00, 0x00, 0x00, 0x00, 0x00, 0x00, 0x00, 0x00, 0x00, 0x00, 
0x00, 0x00, 0x00, 0x00, 0x00, 0x00, 0x00, 0x00, 0x00, 0x00, 0x00, 0x00, 0x00, 0x00, 0x00, 0x00, 
0x00, 0x00, 0x00, 0x00, 0x00, 0x00, 0x00, 0x00, 0x00, 0x00, 0x00, 0x00, 0x00, 0x00, 0x00, 0x00, 
0x00, 0x00, 0x00, 0x00, 0x00, 0x00, 0x00, 0x00, 0x00, 0x00, 0x00, 0x00, 0x00, 0x00, 0x00, 0x00, 
0x00, 0x00, 0x00, 0x00, 0x00, 0x00, 0x00, 0x00, 0x00, 0x00, 0x00, 0x00, 0x00, 0x00, 0x00, 0x00, 
0x00, 0x00, 0x00, 0x00, 0x00, 0x00, 0x00, 0x00, 0x00, 0x00, 0x00, 0x00, 0x00, 0x00, 0x00, 0x00, 
0x00, 0x00, 0x00, 0x00, 0x00, 0x00, 0x00, 0x00, 0x00, 0x00, 0x00, 0x00, 0x00, 0x00, 0x00, 0x00, 
0x00, 0x00, 0x00, 0x00, 0x00, 0x00, 0x00, 0x00, 0x00, 0x00, 0x00, 0x00, 0x00, 0x00, 0x00, 0x00, 
0x00, 0x00, 0x00, 0x00, 0x00, 0x00, 0x00, 0x00, 0x00, 0x00, 0x00, 0x00, 0x00, 0x00, 0x00, 0x00, 
0x00, 0x00, 0x00, 0x00, 0x00, 0x00, 0x00, 0x00, 0x00, 0x00, 0x00, 0x00, 0x00, 0x00, 0x00, 0x00, 
0x00, 0x00, 0x00, 0x00, 0x00, 0x00, 0x00, 0x00, 0x00, 0x00, 0x00, 0x00, 0x00, 0x00, 0x00, 0x00, 
0x00, 0x00, 0x00, 0x00, 0x00, 0x00, 0x00, 0x00, 0x00, 0x00, 0x00, 0x00, 0x00, 0x00, 0x00, 0x00, 
0x00, 0x00, 0x00, 0x00, 0x00, 0x00, 0x00, 0x00, 0x00, 0x00, 0x00, 0x00, 0x00, 0x00, 0x00, 0x00, 
0x00, 0x00, 0x00, 0x00, 0x00, 0x00, 0x00, 0x00, 0x00, 0x00, 0x00, 0x00, 0x00, 0x00, 0x00, 0x00, 
0x00, 0x00, 0x00, 0x00, 0x00, 0x00, 0x00, 0x00, 0x00, 0x00, 0x00, 0x00, 0x00, 0x00, 0x00, 0x00, 
0x00, 0x00, 0x00, 0x00, 0x00, 0x00, 0x00, 0x00, 0x00, 0x00, 0x00, 0x00, 0x00, 0x00, 0x00, 0x00, 
0x00, 0x00, 0x00, 0x00, 0x00, 0x00, 0x00, 0x00, 0x00, 0x00, 0x00, 0x00, 0x00, 0x00, 0x00, 0x00, 
0x00, 0x00, 0x00, 0x00, 0x00, 0x00, 0x00, 0x00, 0x00, 0x00, 0x00, 0x00, 0x00, 0x00, 0x00, 0x00, 
0x00, 0x00, 0x00, 0x00, 0x00, 0x00, 0x00, 0x00, 0x00, 0x00, 0x00, 0x00, 0x00, 0x00, 0x00, 0x00, 
0x00, 0x00, 0x00, 0x00, 0x00, 0x00, 0x00, 0x00, 0x00, 0x00, 0x00, 0x00, 0x00, 0x00, 0x00, 0x00, 
0x00, 0x00, 0x00, 0x00, 0x00, 0x00, 0x00, 0x00, 0x00, 0x00, 0x00, 0x00, 0x00, 0x00, 0x00, 0x00, 
0x00, 0x00, 0x00, 0x00, 0x00, 0x00, 0x00, 0x00, 0x00, 0x00, 0x00, 0x00, 0x00, 0x00, 0x00, 0x00, 
0x00, 0x00, 0x00, 0x00, 0x00, 0x00, 0x00, 0x00, 0x00, 0x00, 0x00, 0x00, 0x00, 0x00, 0x00, 0x00, 
0x00, 0x00, 0x00, 0x00, 0x00, 0x00, 0x00, 0x00, 0x00, 0x00, 0x00, 0x00, 0x00, 0x00, 0x00, 0x00, 
0x00, 0x00, 0x00, 0x00, 0x00, 0x00, 0x00, 0x00, 0x00, 0x00, 0x00, 0x00, 0x00, 0x00, 0x00, 0x00, 
0x00, 0x00, 0x00, 0x00, 0x00, 0x00, 0x00, 0x00, 0x00, 0x00, 0x00, 0x00, 0x00, 0x00, 0x00, 0x00, 
0x00, 0x00, 0x00, 0x00, 0x00, 0x00, 0x00, 0x00, 0x00, 0x00, 0x00, 0x00, 0x00, 0x00, 0x00, 0x00, 
0x00, 0x00, 0x00, 0x00, 0x00, 0x00, 0x00, 0x00, 0x00, 0x00, 0x00, 0x00, 0x00, 0x00, 0x00, 0x00, 
0x00, 0x00, 0x00, 0x00, 0x00, 0x00, 0x00, 0x00, 0x00, 0x00, 0x00, 0x00, 0x00, 0x00, 0x00, 0x00, 
0x00, 0x00, 0x00, 0x00, 0x00, 0x00, 0x00, 0x00, 0x00, 0x00, 0x00, 0x00, 0x00, 0x00, 0x00, 0x00, 
0x00, 0x00, 0x00, 0x00, 0x00, 0x00, 0x00, 0x00, 0x00, 0x00, 0x00, 0x00, 0x00, 0x00, 0x00, 0x00, 
0x00, 0x00, 0x00, 0x00, 0x00, 0x00, 0x00, 0x00, 0x00, 0x00, 0x00, 0x00, 0x00, 0x00, 0x00, 0x00, 
0x00, 0x00, 0x00, 0x00, 0x00, 0x00, 0x00, 0x00, 0x00, 0x00, 0x00, 0x00, 0x00, 0x00, 0x00, 0x00, 
0x00, 0x00, 0x00, 0x00, 0x00, 0x00, 0x00, 0x00, 0x00, 0x00, 0x00, 0x00, 0x00, 0x00, 0x00, 0x00, 
0x00, 0x00, 0x00, 0x00, 0x00, 0x00, 0x00, 0x00, 0x00, 0x00, 0x00, 0x00, 0x00, 0x00, 0x00, 0x00, 
0x00, 0x00, 0x00, 0x00, 0x00, 0x00, 0x00, 0x00, 0x00, 0x00, 0x00, 0x00, 0x00, 0x00, 0x00, 0x00, 
0x00, 0x00, 0x00, 0x00, 0x00, 0x00, 0x00, 0x00, 0x00, 0x00, 0x00, 0x00, 0x00, 0x00, 0x00, 0x00, 
0x00, 0x00, 0x00, 0x00, 0x00, 0x00, 0x00, 0x00, 0x00, 0x00, 0x00, 0x00, 0x00, 0x00, 0x00, 0x00, 
0x00, 0x00, 0x00, 0x00, 0x00, 0x00, 0x00, 0x00, 0x00, 0x00, 0x00, 0x00, 0x00, 0x00, 0x00, 0x00, 
0x00, 0x00, 0x00, 0x00, 0x00, 0x00, 0x00, 0x00, 0x00, 0x00, 0x00, 0x00, 0x00, 0x00, 0x00, 0x00, 
0x00, 0x00, 0x00, 0x00, 0x00, 0x00, 0x00, 0x00, 0x00, 0x00, 0x00, 0x00, 0x00, 0x00, 0x00, 0x00, 
0x00, 0x00, 0x00, 0x00, 0x00, 0x00, 0x00, 0x00, 0x00, 0x00, 0x00, 0x00, 0x00, 0x00, 0x00, 0x00, 
0x00, 0x00, 0x00, 0x00, 0x00, 0x00, 0x00, 0x00, 0x00, 0x00, 0x00, 0x00, 0x00, 0x00, 0x00, 0x00, 
0x00, 0x00, 0x00, 0x00, 0x00, 0x00, 0x00, 0x00, 0x00, 0x00, 0x00, 0x00, 0x00, 0x00, 0x00, 0x00, 
0x00, 0x00, 0x00, 0x00, 0x00, 0x00, 0x00, 0x00, 0x00, 0x00, 0x00, 0x00, 0x00, 0x00, 0x00, 0x00, 
0x00, 0x00, 0x00, 0x00, 0x00, 0x00, 0x00, 0x00, 0x00, 0x00, 0x00, 0x00, 0x00, 0x00, 0x00, 0x00, 
0x00, 0x00, 0x00, 0x00, 0x00, 0x00, 0x00, 0x00, 0x00, 0x00, 0x00, 0x00, 0x00, 0x00, 0x00, 0x00, 
0x00, 0x00, 0x00, 0x00, 0x00, 0x00, 0x00, 0x00, 0x00, 0x00, 0x00, 0x00, 0x00, 0x00, 0x00, 0x00, 
0x00, 0x00, 0x00, 0x00, 0x00, 0x00, 0x00, 0x00, 0x00, 0x00, 0x00, 0x00, 0x00, 0x00, 0x00, 0x00, 
0x00, 0x00, 0x00, 0x00, 0x00, 0x00, 0x00, 0x00, 0x00, 0x00, 0x00, 0x00, 0x00, 0x00, 0x00, 0x00, 
0x00, 0x00, 0x00, 0x00, 0x00, 0x00, 0x00, 0x00, 0x00, 0x00, 0x00, 0x00, 0x00, 0x00, 0x00, 0x00, 
0x00, 0x00, 0x00, 0x00, 0x00, 0x00, 0x00, 0x00, 0x00, 0x00, 0x00, 0x00, 0x00, 0x00, 0x00, 0x00, 
0x00, 0x00, 0x00, 0x00, 0x00, 0x00, 0x00, 0x00, 0x00, 0x00, 0x00, 0x00, 0x00, 0x00, 0x00, 0x00, 
0x00, 0x00, 0x00, 0x00, 0x00, 0x00, 0x00, 0x00, 0x00, 0x00, 0x00, 0x00, 0x00, 0x00, 0x00, 0x00, 
0x00, 0x00, 0x00, 0x00, 0x00, 0x00, 0x00, 0x00, 0x00, 0x00, 0x00, 0x00, 0x00, 0x00, 0x00, 0x00, 
0x00, 0x00, 0x00, 0x00, 0x00, 0x00, 0x00, 0x00, 0x00, 0x00, 0x00, 0x00, 0x00, 0x00, 0x00, 0x00, 
0x00, 0x00, 0x00, 0x00, 0x00, 0x00, 0x00, 0x00, 0x00, 0x00, 0x00, 0x00, 0x00, 0x00, 0x00, 0x00, 
0x00, 0x00, 0x00, 0x00, 0x00, 0x00, 0x00, 0x00, 0x00, 0x00, 0x00, 0x00, 0x00, 0x00, 0x00, 0x00, 
0x00, 0x00, 0x00, 0x00, 0x00, 0x00, 0x00, 0x00, 0x00, 0x00, 0x00, 0x00, 0x00, 0x00, 0x00, 0x00, 
0x00, 0x00, 0x00, 0x00, 0x00, 0x00, 0x00, 0x00, 0x00, 0x00, 0x00, 0x00, 0x00, 0x00, 0x00, 0x00, 
0x00, 0x00, 0x00, 0x00, 0x00, 0x00, 0x00, 0x00, 0x00, 0x00, 0x00, 0x00, 0x00, 0x00, 0x00, 0x00, 
0x00, 0x00, 0x00, 0x00, 0x00, 0x00, 0x00, 0x00, 0x00, 0x00, 0x00, 0x00, 0x00, 0x00, 0x00, 0x00, 
0x00, 0x00, 0x00, 0x00, 0x00, 0x00, 0x00, 0x00, 0x00, 0x00, 0x00, 0x00, 0x00, 0x00, 0x00, 0x00, 
0x00, 0x00, 0x00, 0x00, 0x00, 0x00, 0x00, 0x00, 0x00, 0x00, 0x00, 0x00, 0x00, 0x00, 0x00, 0x00, 
0x00, 0x00, 0x00, 0x00, 0x00, 0x00, 0x00, 0x00, 0x00, 0x00, 0x00, 0x00, 0x00, 0x00, 0x00, 0x00, 
0x00, 0x00, 0x00, 0x00, 0x00, 0x00, 0x00, 0x00, 0x00, 0x00, 0x00, 0x00, 0x00, 0x00, 0x00, 0x00, 
0x00, 0x00, 0x00, 0x00, 0x00, 0x00, 0x00, 0x00, 0x00, 0x00, 0x00, 0x00, 0x00, 0x00, 0x00, 0x00, 
0x00, 0x00, 0x00, 0x00, 0x00, 0x00, 0x00, 0x00, 0x00, 0x00, 0x00, 0x00, 0x00, 0x00, 0x00, 0x00, 
0x00, 0x00, 0x00, 0x00, 0x00, 0x00, 0x00, 0x00, 0x00, 0x00, 0x00, 0x00, 0x00, 0x00, 0x00, 0x00, 
0x00, 0x00, 0x00, 0x00, 0x00, 0x00, 0x00, 0x00, 0x00, 0x00, 0x00, 0x00, 0x00, 0x00, 0x00, 0x00, 
0x00, 0x00, 0x00, 0x00, 0x00, 0x00, 0x00, 0x00, 0x00, 0x00, 0x00, 0x00, 0x00, 0x00, 0x00, 0x00, 
0x00, 0x00, 0x00, 0x00, 0x00, 0x00, 0x00, 0x00, 0x00, 0x00, 0x00, 0x00, 0x00, 0x00, 0x00, 0x00, 
0x00, 0x00, 0x00, 0x00, 0x00, 0x00, 0x00, 0x00, 0x00, 0x00, 0x00, 0x00, 0x00, 0x00, 0x00, 0x00, 
0x00, 0x00, 0x00, 0x00, 0x00, 0x00, 0x00, 0x00, 0x00, 0x00, 0x00, 0x00, 0x00, 0x00, 0x00, 0x00, 
0x00, 0x00, 0x00, 0x00, 0x00, 0x00, 0x00, 0x00, 0x00, 0x00, 0x00, 0x00, 0x00, 0x00, 0x00, 0x00, 
0x00, 0x00, 0x00, 0x00, 0x00, 0x00, 0x00, 0x00, 0x00, 0x00, 0x00, 0x00, 0x00, 0x00, 0x00, 0x00, 
0x00, 0x00, 0x00, 0x00, 0x00, 0x00, 0x00, 0x00, 0x00, 0x00, 0x00, 0x00, 0x00, 0x00, 0x00, 0x00, 
0x00, 0x00, 0x00, 0x00, 0x00, 0x00, 0x00, 0x00, 0x00, 0x00, 0x00, 0x00, 0x00, 0x00, 0x00, 0x00, 
0x00, 0x00, 0x00, 0x00, 0x00, 0x00, 0x00, 0x00, 0x00, 0x00, 0x00, 0x00, 0x00, 0x00, 0x00, 0x00, 
0x00, 0x00, 0x00, 0x00, 0x00, 0x00, 0x00, 0x00, 0x00, 0x00, 0x00, 0x00, 0x00, 0x00, 0x00, 0x00, 
0x00, 0x00, 0x00, 0x00, 0x00, 0x00, 0x00, 0x00, 0x00, 0x00, 0x00, 0x00, 0x00, 0x00, 0x00, 0x00, 
0x00, 0x00, 0x00, 0x00, 0x00, 0x00, 0x00, 0x00, 0x00, 0x00, 0x00, 0x00, 0x00, 0x00, 0x00, 0x00, 
0x00, 0x00, 0x00, 0x00, 0x00, 0x00, 0x00, 0x00, 0x00, 0x00, 0x00, 0x00, 0x00, 0x00, 0x00, 0x00, 
0x00, 0x00, 0x00, 0x00, 0x00, 0x00, 0x00, 0x00, 0x00, 0x00, 0x00, 0x00, 0x00, 0x00, 0x00, 0x00, 
0x00, 0x00, 0x00, 0x00, 0x00, 0x00, 0x00, 0x00, 0x00, 0x00, 0x00, 0x00, 0x00, 0x00, 0x00, 0x00, 
0x00, 0x00, 0x00, 0x00, 0x00, 0x00, 0x00, 0x00, 0x00, 0x00, 0x00, 0x00, 0x00, 0x00, 0x00, 0x00, 
0x00, 0x00, 0x00, 0x00, 0x00, 0x00, 0x00, 0x00, 0x00, 0x00, 0x00, 0x00, 0x00, 0x00, 0x00, 0x00, 
0x00, 0x00, 0x00, 0x00, 0x00, 0x00, 0x00, 0x00, 0x00, 0x00, 0x00, 0x00, 0x00, 0x00, 0x00, 0x00, 
0x00, 0x00, 0x00, 0x00, 0x00, 0x00, 0x00, 0x00, 0x00, 0x00, 0x00, 0x00, 0x00, 0x00, 0x00, 0x00, 
0x00, 0x00, 0x00, 0x00, 0x00, 0x00, 0x00, 0x00, 0x00, 0x00, 0x00, 0x00, 0x00, 0x00, 0x00, 0x00, 
0x00, 0x00, 0x00, 0x00, 0x00, 0x00, 0x00, 0x00, 0x00, 0x00, 0x00, 0x00, 0x00, 0x00, 0x00, 0x00, 
0x00, 0x00, 0x00, 0x00, 0x00, 0x00, 0x00, 0x00, 0x00, 0x00, 0x00, 0x00, 0x00, 0x00, 0x00, 0x00, 
0x00, 0x00, 0x00, 0x00, 0x00, 0x00, 0x00, 0x00, 0x00, 0x00, 0x00, 0x00, 0x00, 0x00, 0x00, 0x00, 
0x00, 0x00, 0x00, 0x00, 0x00, 0x00, 0x00, 0x00, 0x00, 0x00, 0x00, 0x00, 0x00, 0x00, 0x00, 0x00, 
0x00, 0x00, 0x00, 0x00, 0x00, 0x00, 0x00, 0x00, 0x00, 0x00, 0x00, 0x00, 0x00, 0x00, 0x00, 0x00, 
0x00, 0x00, 0x00, 0x00, 0x00, 0x00, 0x00, 0x00, 0x00, 0x00, 0x00, 0x00, 0x00, 0x00, 0x00, 0x00, 
0x00, 0x00, 0x00, 0x00, 0x00, 0x00, 0x00, 0x00, 0x00, 0x00, 0x00, 0x00, 0x00, 0x00, 0x00, 0x00, 
0x00, 0x00, 0x00, 0x00, 0x00, 0x00, 0x00, 0x00, 0x00, 0x00, 0x00, 0x00, 0x00, 0x00, 0x00, 0x00, 
0x00, 0x00, 0x00, 0x00, 0x00, 0x00, 0x00, 0x00, 0x00, 0x00, 0x00, 0x00, 0x00, 0x00, 0x00, 0x00, 
0x00, 0x00, 0x00, 0x00, 0x00, 0x00, 0x00, 0x00, 0x00, 0x00, 0x00, 0x00, 0x00, 0x00, 0x00, 0x00, 
0x00, 0x00, 0x00, 0x00, 0x00, 0x00, 0x00, 0x00, 0x00, 0x00, 0x00, 0x00, 0x00, 0x00, 0x00, 0x00, 
0x00, 0x00, 0x00, 0x00, 0x00, 0x00, 0x00, 0x00, 0x00, 0x00, 0x00, 0x00, 0x00, 0x00, 0x00, 0x00, 
0x00, 0x00, 0x00, 0x00, 0x00, 0x00, 0x00, 0x00, 0x00, 0x00, 0x00, 0x00, 0x00, 0x00, 0x00, 0x00, 
0x00, 0x00, 0x00, 0x00, 0x00, 0x00, 0x00, 0x00, 0x00, 0x00, 0x00, 0x00, 0x00, 0x00, 0x00, 0x00, 
0x00, 0x00, 0x00, 0x00, 0x00, 0x00, 0x00, 0x00, 0x00, 0x00, 0x00, 0x00, 0x00, 0x00, 0x00, 0x00, 
0x00, 0x00, 0x00, 0x00, 0x00, 0x00, 0x00, 0x00, 0x00, 0x00, 0x00, 0x00, 0x00, 0x00, 0x00, 0x00, 
0x00, 0x00, 0x00, 0x00, 0x00, 0x00, 0x00, 0x00, 0x00, 0x00, 0x00, 0x00, 0x00, 0x00, 0x00, 0x00, 
0x00, 0x00, 0x00, 0x00, 0x00, 0x00, 0x00, 0x00, 0x00, 0x00, 0x00, 0x00, 0x00, 0x00, 0x00, 0x00, 
0x00, 0x00, 0x00, 0x00, 0x00, 0x00, 0x00, 0x00, 0x00, 0x00, 0x00, 0x00, 0x00, 0x00, 0x00, 0x00, 
0x00, 0x00, 0x00, 0x00, 0x00, 0x00, 0x00, 0x00, 0x00, 0x00, 0x00, 0x00, 0x00, 0x00, 0x00, 0x00, 
0x00, 0x00, 0x00, 0x00, 0x00, 0x00, 0x00, 0x00, 0x00, 0x00, 0x00, 0x00, 0x00, 0x00, 0x00, 0x00, 
0x00, 0x00, 0x00, 0x00, 0x00, 0x00, 0x00, 0x00, 0x00, 0x00, 0x00, 0x00, 0x00, 0x00, 0x00, 0x00, 
0x00, 0x00, 0x00, 0x00, 0x00, 0x00, 0x00, 0x00, 0x00, 0x00, 0x00, 0x00, 0x00, 0x00, 0x00, 0x00, 
0x00, 0x00, 0x00, 0x00, 0x00, 0x00, 0x00, 0x00, 0x00, 0x00, 0x00, 0x00, 0x00, 0x00, 0x00, 0x00, 
0x00, 0x00, 0x00, 0x00, 0x00, 0x00, 0x00, 0x00, 0x00, 0x00, 0x00, 0x00, 0x00, 0x00, 0x00, 0x00, 
0x00, 0x00, 0x00, 0x00, 0x00, 0x00, 0x00, 0x00, 0x00, 0x00, 0x00, 0x00, 0x00, 0x00, 0x00, 0x00, 
0x00, 0x00, 0x00, 0x00, 0x00, 0x00, 0x00, 0x00, 0x00, 0x00, 0x00, 0x00, 0x00, 0x00, 0x00, 0x00, 
0x00, 0x00, 0x00, 0x00, 0x00, 0x00, 0x00, 0x00, 0x00, 0x00, 0x00, 0x00, 0x00, 0x00, 0x00, 0x00, 
0x00, 0x00, 0x00, 0x00, 0x00, 0x00, 0x00, 0x00, 0x00, 0x00, 0x00, 0x00, 0x00, 0x00, 0x00, 0x00, 
0x00, 0x00, 0x00, 0x00, 0x00, 0x00, 0x00, 0x00, 0x00, 0x00, 0x00, 0x00, 0x00, 0x00, 0x00, 0x00, 
0x00, 0x00, 0x00, 0x00, 0x00, 0x00, 0x00, 0x00, 0x00, 0x00, 0x00, 0x00, 0x00, 0x00, 0x00, 0x00, 
0x00, 0x00, 0x00, 0x00, 0x00, 0x00, 0x00, 0x00, 0x00, 0x00, 0x00, 0x00, 0x00, 0x00, 0x00, 0x00, 
0x00, 0x00, 0x00, 0x00, 0x00, 0x00, 0x00, 0x00, 0x00, 0x00, 0x00, 0x00, 0x00, 0x00, 0x00, 0x00, 
0x00, 0x00, 0x00, 0x00, 0x00, 0x00, 0x00, 0x00, 0x00, 0x00, 0x00, 0x00, 0x00, 0x00, 0x00, 0x00, 
0x00, 0x00, 0x00, 0x00, 0x00, 0x00, 0x00, 0x00, 0x00, 0x00, 0x00, 0x00, 0x00, 0x00, 0x00, 0x00, 
0x00, 0x00, 0x00, 0x00, 0x00, 0x00, 0x00, 0x00, 0x00, 0x00, 0x00, 0x00, 0x00, 0x00, 0x00, 0x00, 
0x00, 0x00, 0x00, 0x00, 0x00, 0x00, 0x00, 0x00, 0x00, 0x00, 0x00, 0x00, 0x00, 0x00, 0x00, 0x00, 
0x00, 0x00, 0x00, 0x00, 0x00, 0x00, 0x00, 0x00, 0x00, 0x00, 0x00, 0x00, 0x00, 0x00, 0x00, 0x00, 
0x00, 0x00, 0x00, 0x00, 0x00, 0x00, 0x00, 0x00, 0x00, 0x00, 0x00, 0x00, 0x00, 0x00, 0x00, 0x00, 
0x00, 0x00, 0x00, 0x00, 0x00, 0x00, 0x00, 0x00, 0x00, 0x00, 0x00, 0x00, 0x00, 0x00, 0x00, 0x00, 
0x00, 0x00, 0x00, 0x00, 0x00, 0x00, 0x00, 0x00, 0x00, 0x00, 0x00, 0x00, 0x00, 0x00, 0x00, 0x00, 
0x00, 0x00, 0x00, 0x00, 0x00, 0x00, 0x00, 0x00, 0x00, 0x00, 0x00, 0x00, 0x00, 0x00, 0x00, 0x00, 
0x00, 0x00, 0x00, 0x00, 0x00, 0x00, 0x00, 0x00, 0x00, 0x00, 0x00, 0x00, 0x00, 0x00, 0x00, 0x00, 
0x00, 0x00, 0x00, 0x00, 0x00, 0x00, 0x00, 0x00, 0x00, 0x00, 0x00, 0x00, 0x00, 0x00, 0x00, 0x00, 
0x00, 0x00, 0x00, 0x00, 0x00, 0x00, 0x00, 0x00, 0x00, 0x00, 0x00, 0x00, 0x00, 0x00, 0x00, 0x00, 
0x00, 0x00, 0x00, 0x00, 0x00, 0x00, 0x00, 0x00, 0x00, 0x00, 0x00, 0x00, 0x00, 0x00, 0x00, 0x00, 
0x00, 0x00, 0x00, 0x00, 0x00, 0x00, 0x00, 0x00, 0x00, 0x00, 0x00, 0x00, 0x00, 0x00, 0x00, 0x00, 
0x00, 0x00, 0x00, 0x00, 0x00, 0x00, 0x00, 0x00, 0x00, 0x00, 0x00, 0x00, 0x00, 0x00, 0x00, 0x00, 
0x00, 0x00, 0x00, 0x00, 0x00, 0x00, 0x00, 0x00, 0x00, 0x00, 0x00, 0x00, 0x00, 0x00, 0x00, 0x00, 
0x00, 0x00, 0x00, 0x00, 0x00, 0x00, 0x00, 0x00, 0x00, 0x00, 0x00, 0x00, 0x00, 0x00, 0x00, 0x00, 
0x00, 0x00, 0x00, 0x00, 0x00, 0x00, 0x00, 0x00, 0x00, 0x00, 0x00, 0x00, 0x00, 0x00, 0x00, 0x00, 
0x00, 0x00, 0x00, 0x00, 0x00, 0x00, 0x00, 0x00, 0x00, 0x00, 0x00, 0x00, 0x00, 0x00, 0x00, 0x00, 
0x00, 0x00, 0x00, 0x00, 0x00, 0x00, 0x00, 0x00, 0x00, 0x00, 0x00, 0x00, 0x00, 0x00, 0x00, 0x00, 
0x00, 0x00, 0x00, 0x00, 0x00, 0x00, 0x00, 0x00, 0x00, 0x00, 0x00, 0x00, 0x00, 0x00, 0x00, 0x00, 
0x00, 0x00, 0x00, 0x00, 0x00, 0x00, 0x00, 0x00, 0x00, 0x00, 0x00, 0x00, 0x00, 0x00, 0x00, 0x00, 
0x00, 0x00, 0x00, 0x00, 0x00, 0x00, 0x00, 0x00, 0x00, 0x00, 0x00, 0x00, 0x00, 0x00, 0x00, 0x00, 
0x00, 0x00, 0x00, 0x00, 0x00, 0x00, 0x00, 0x00, 0x00, 0x00, 0x00, 0x00, 0x00, 0x00, 0x00, 0x00, 
0x00, 0x00, 0x00, 0x00, 0x00, 0x00, 0x00, 0x00, 0x00, 0x00, 0x00, 0x00, 0x00, 0x00, 0x00, 0x00, 
0x00, 0x00, 0x00, 0x00, 0x00, 0x00, 0x00, 0x00, 0x00, 0x00, 0x00, 0x00, 0x00, 0x00, 0x00, 0x00, 
0x00, 0x00, 0x00, 0x00, 0x00, 0x00, 0x00, 0x00, 0x00, 0x00, 0x00, 0x00, 0x00, 0x00, 0x00, 0x00, 
0x00, 0x00, 0x00, 0x00, 0x00, 0x00, 0x00, 0x00, 0x00, 0x00, 0x00, 0x00, 0x00, 0x00, 0x00, 0x00, 
0x00, 0x00, 0x00, 0x00, 0x00, 0x00, 0x00, 0x00, 0x00, 0x00, 0x00, 0x00, 0x00, 0x00, 0x00, 0x00, 
0x00, 0x00, 0x00, 0x00, 0x00, 0x00, 0x00, 0x00, 0x00, 0x00, 0x00, 0x00, 0x00, 0x00, 0x00, 0x00, 
0x00, 0x00, 0x00, 0x00, 0x00, 0x00, 0x00, 0x00, 0x00, 0x00, 0x00, 0x00, 0x00, 0x00, 0x00, 0x00, 
0x00, 0x00, 0x00, 0x00, 0x00, 0x00, 0x00, 0x00, 0x00, 0x00, 0x00, 0x00, 0x00, 0x00, 0x00, 0x00, 
0x00, 0x00, 0x00, 0x00, 0x00, 0x00, 0x00, 0x00, 0x00, 0x00, 0x00, 0x00, 0x00, 0x00, 0x00, 0x00, 
0x00, 0x00, 0x00, 0x00, 0x00, 0x00, 0x00, 0x00, 0x00, 0x00, 0x00, 0x00, 0x00, 0x00, 0x00, 0x00, 
0x00, 0x00, 0x00, 0x00, 0x00, 0x00, 0x00, 0x00, 0x00, 0x00, 0x00, 0x00, 0x00, 0x00, 0x00, 0x00, 
0x00, 0x00, 0x00, 0x00, 0x00, 0x00, 0x00, 0x00, 0x00, 0x00, 0x00, 0x00, 0x00, 0x00, 0x00, 0x00, 
0x00, 0x00, 0x00, 0x00, 0x00, 0x00, 0x00, 0x00, 0x00, 0x00, 0x00, 0x00, 0x00, 0x00, 0x00, 0x00, 
0x00, 0x00, 0x00, 0x00, 0x00, 0x00, 0x00, 0x00, 0x00, 0x00, 0x00, 0x00, 0x00, 0x00, 0x00, 0x00, 
0x00, 0x00, 0x00, 0x00, 0x00, 0x00, 0x00, 0x00, 0x00, 0x00, 0x00, 0x00, 0x00, 0x00, 0x00, 0x00, 
0x00, 0x00, 0x00, 0x00, 0x00, 0x00, 0x00, 0x00, 0x00, 0x00, 0x00, 0x00, 0x00, 0x00, 0x00, 0x00, 
0x00, 0x00, 0x00, 0x00, 0x00, 0x00, 0x00, 0x00, 0x00, 0x00, 0x00, 0x00, 0x00, 0x00, 0x00, 0x00, 
0x00, 0x00, 0x00, 0x00, 0x00, 0x00, 0x00, 0x00, 0x00, 0x00, 0x00, 0x00, 0x00, 0x00, 0x00, 0x00, 
0x00, 0x00, 0x00, 0x00, 0x00, 0x00, 0x00, 0x00, 0x00, 0x00, 0x00, 0x00, 0x00, 0x00, 0x00, 0x00, 
0x00, 0x00, 0x00, 0x00, 0x00, 0x00, 0x00, 0x00, 0x00, 0x00, 0x00, 0x00, 0x00, 0x00, 0x00, 0x00, 
0x00, 0x00, 0x00, 0x00, 0x00, 0x00, 0x00, 0x00, 0x00, 0x00, 0x00, 0x00, 0x00, 0x00, 0x00, 0x00, 
0x00, 0x00, 0x00, 0x00, 0x00, 0x00, 0x00, 0x00, 0x00, 0x00, 0x00, 0x00, 0x00, 0x00, 0x00, 0x00, 
0x00, 0x00, 0x00, 0x00, 0x00, 0x00, 0x00, 0x00, 0x00, 0x00, 0x00, 0x00, 0x00, 0x00, 0x00, 0x00, 
0x00, 0x00, 0x00, 0x00, 0x00, 0x00, 0x00, 0x00, 0x00, 0x00, 0x00, 0x00, 0x00, 0x00, 0x00, 0x00, 
0x00, 0x00, 0x00, 0x00, 0x00, 0x00, 0x00, 0x00, 0x00, 0x00, 0x00, 0x00, 0x00, 0x00, 0x00, 0x00, 
0x00, 0x00, 0x00, 0x00, 0x00, 0x00, 0x00, 0x00, 0x00, 0x00, 0x00, 0x00, 0x00, 0x00, 0x00, 0x00, 
0x00, 0x00, 0x00, 0x00, 0x00, 0x00, 0x00, 0x00, 0x00, 0x00, 0x00, 0x00, 0x00, 0x00, 0x00, 0x00, 
0x00, 0x00, 0x00, 0x00, 0x00, 0x00, 0x00, 0x00, 0x00, 0x00, 0x00, 0x00, 0x00, 0x00, 0x00, 0x00, 
0x00, 0x00, 0x00, 0x00, 0x00, 0x00, 0x00, 0x00, 0x00, 0x00, 0x00, 0x00, 0x00, 0x00, 0x00, 0x00, 
0x00, 0x00, 0x00, 0x00, 0x00, 0x00, 0x00, 0x00, 0x00, 0x00, 0x00, 0x00, 0x00, 0x00, 0x00, 0x00, 
0x00, 0x00, 0x00, 0x00, 0x00, 0x00, 0x00, 0x00, 0x00, 0x00, 0x00, 0x00, 0x00, 0x00, 0x00, 0x00, 
0x00, 0x00, 0x00, 0x00, 0x00, 0x00, 0x00, 0x00, 0x00, 0x00, 0x00, 0x00, 0x00, 0x00, 0x00, 0x00, 
0x00, 0x00, 0x00, 0x00, 0x00, 0x00, 0x00, 0x00, 0x00, 0x00, 0x00, 0x00, 0x00, 0x00, 0x00, 0x00, 
0x00, 0x00, 0x00, 0x00, 0x00, 0x00, 0x00, 0x00, 0x00, 0x00, 0x00, 0x00, 0x00, 0x00, 0x00, 0x00, 
0x00, 0x00, 0x00, 0x00, 0x00, 0x00, 0x00, 0x00, 0x00, 0x00, 0x00, 0x00, 0x00, 0x00, 0x00, 0x00, 
0x00, 0x00, 0x00, 0x00, 0x00, 0x00, 0x00, 0x00, 0x00, 0x00, 0x00, 0x00, 0x00, 0x00, 0x00, 0x00, 
0x00, 0x00, 0x00, 0x00, 0x00, 0x00, 0x00, 0x00, 0x00, 0x00, 0x00, 0x00, 0x00, 0x00, 0x00, 0x00, 
0x00, 0x00, 0x00, 0x00, 0x00, 0x00, 0x00, 0x00, 0x00, 0x00, 0x00, 0x00, 0x00, 0x00, 0x00, 0x00, 
0x00, 0x00, 0x00, 0x00, 0x00, 0x00, 0x00, 0x00, 0x00, 0x00, 0x00, 0x00, 0x00, 0x00, 0x00, 0x00, 
0x00, 0x00, 0x00, 0x00, 0x00, 0x00, 0x00, 0x00, 0x00, 0x00, 0x00, 0x00, 0x00, 0x00, 0x00, 0x00, 
0x00, 0x00, 0x00, 0x00, 0x00, 0x00, 0x00, 0x00, 0x00, 0x00, 0x00, 0x00, 0x00, 0x00, 0x00, 0x00, 
0x00, 0x00, 0x00, 0x00, 0x00, 0x00, 0x00, 0x00, 0x00, 0x00, 0x00, 0x00, 0x00, 0x00, 0x00, 0x00, 
0x00, 0x00, 0x00, 0x00, 0x00, 0x00, 0x00, 0x00, 0x00, 0x00, 0x00, 0x00, 0x00, 0x00, 0x00, 0x00, 
0x00, 0x00, 0x00, 0x00, 0x00, 0x00, 0x00, 0x00, 0x00, 0x00, 0x00, 0x00, 0x00, 0x00, 0x00, 0x00, 
0x00, 0x00, 0x00, 0x00, 0x00, 0x00, 0x00, 0x00, 0x00, 0x00, 0x00, 0x00, 0x00, 0x00, 0x00, 0x00, 
0x00, 0x00, 0x00, 0x00, 0x00, 0x00, 0x00, 0x00, 0x00, 0x00, 0x00, 0x00, 0x00, 0x00, 0x00, 0x00, 
0x00, 0x00, 0x00, 0x00, 0x00, 0x00, 0x00, 0x00, 0x00, 0x00, 0x00, 0x00, 0x00, 0x00, 0x00, 0x00, 
0x00, 0x00, 0x00, 0x00, 0x00, 0x00, 0x00, 0x00, 0x00, 0x00, 0x00, 0x00, 0x00, 0x00, 0x00, 0x00, 
0x00, 0x00, 0x00, 0x00, 0x00, 0x00, 0x00, 0x00, 0x00, 0x00, 0x00, 0x00, 0x00, 0x00, 0x00, 0x00, 
0x00, 0x00, 0x00, 0x00, 0x00, 0x00, 0x00, 0x00, 0x00, 0x00, 0x00, 0x00, 0x00, 0x00, 0x00, 0x00, 
0x00, 0x00, 0x00, 0x00, 0x00, 0x00, 0x00, 0x00, 0x00, 0x00, 0x00, 0x00, 0x00, 0x00, 0x00, 0x00, 
0x00, 0x00, 0x00, 0x00, 0x00, 0x00, 0x00, 0x00, 0x00, 0x00, 0x00, 0x00, 0x00, 0x00, 0x00, 0x00, 
0x00, 0x00, 0x00, 0x00, 0x00, 0x00, 0x00, 0x00, 0x00, 0x00, 0x00, 0x00, 0x00, 0x00, 0x00, 0x00, 
0x00, 0x00, 0x00, 0x00, 0x00, 0x00, 0x00, 0x00, 0x00, 0x00, 0x00, 0x00, 0x00, 0x00, 0x00, 0x00, 
0x00, 0x00, 0x00, 0x00, 0x00, 0x00, 0x00, 0x00, 0x00, 0x00, 0x00, 0x00, 0x00, 0x00, 0x00, 0x00, 
0x00, 0x00, 0x00, 0x00, 0x00, 0x00, 0x00, 0x00, 0x00, 0x00, 0x00, 0x00, 0x00, 0x00, 0x00, 0x00, 
0x00, 0x00, 0x00, 0x00, 0x00, 0x00, 0x00, 0x00, 0x00, 0x00, 0x00, 0x00, 0x00, 0x00, 0x00, 0x00, 
0x00, 0x00, 0x00, 0x00, 0x00, 0x00, 0x00, 0x00, 0x00, 0x00, 0x00, 0x00, 0x00, 0x00, 0x00, 0x00, 
0x00, 0x00, 0x00, 0x00, 0x00, 0x00, 0x00, 0x00, 0x00, 0x00, 0x00, 0x00, 0x00, 0x00, 0x00, 0x00, 
0x00, 0x00, 0x00, 0x00, 0x00, 0x00, 0x00, 0x00, 0x00, 0x00, 0x00, 0x00, 0x00, 0x00, 0x00, 0x00, 
0x00, 0x00, 0x00, 0x00, 0x00, 0x00, 0x00, 0x00, 0x00, 0x00, 0x00, 0x00, 0x00, 0x00, 0x00, 0x00, 
0x00, 0x00, 0x00, 0x00, 0x00, 0x00, 0x00, 0x00, 0x00, 0x00, 0x00, 0x00, 0x00, 0x00, 0x00, 0x00, 
0x00, 0x00, 0x00, 0x00, 0x00, 0x00, 0x00, 0x00, 0x00, 0x00, 0x00, 0x00, 0x00, 0x00, 0x00, 0x00, 
0x00, 0x00, 0x00, 0x00, 0x00, 0x00, 0x00, 0x00, 0x00, 0x00, 0x00, 0x00, 0x00, 0x00, 0x00, 0x00, 
0x00, 0x00, 0x00, 0x00, 0x00, 0x00, 0x00, 0x00, 0x00, 0x00, 0x00, 0x00, 0x00, 0x00, 0x00, 0x00, 
0x00, 0x00, 0x00, 0x00, 0x00, 0x00, 0x00, 0x00, 0x00, 0x00, 0x00, 0x00, 0x00, 0x00, 0x00, 0x00, 
0x00, 0x00, 0x00, 0x00, 0x00, 0x00, 0x00, 0x00, 0x00, 0x00, 0x00, 0x00, 0x00, 0x00, 0x00, 0x00, 
0x00, 0x00, 0x00, 0x00, 0x00, 0x00, 0x00, 0x00, 0x00, 0x00, 0x00, 0x00, 0x00, 0x00, 0x00, 0x00, 
0x00, 0x00, 0x00, 0x00, 0x00, 0x00, 0x00, 0x00, 0x00, 0x00, 0x00, 0x00, 0x00, 0x00, 0x00, 0x00, 
0x00, 0x00, 0x00, 0x00, 0x00, 0x00, 0x00, 0x00, 0x00, 0x00, 0x00, 0x00, 0x00, 0x00, 0x00, 0x00, 
0x00, 0x00, 0x00, 0x00, 0x00, 0x00, 0x00, 0x00, 0x00, 0x00, 0x00, 0x00, 0x00, 0x00, 0x00, 0x00, 
0x00, 0x00, 0x00, 0x00, 0x00, 0x00, 0x00, 0x00, 0x00, 0x00, 0x00, 0x00, 0x00, 0x00, 0x00, 0x00, 
0x00, 0x00, 0x00, 0x00, 0x00, 0x00, 0x00, 0x00, 0x00, 0x00, 0x00, 0x00, 0x00, 0x00, 0x00, 0x00, 
0x00, 0x00, 0x00, 0x00, 0x00, 0x00, 0x00, 0x00, 0x00, 0x00, 0x00, 0x00, 0x00, 0x00, 0x00, 0x00, 
0x00, 0x00, 0x00, 0x00, 0x00, 0x00, 0x00, 0x00, 0x00, 0x00, 0x00, 0x00, 0x00, 0x00, 0x00, 0x00, 
0x00, 0x00, 0x00, 0x00, 0x00, 0x00, 0x00, 0x00, 0x00, 0x00, 0x00, 0x00, 0x00, 0x00, 0x00, 0x00, 
0x00, 0x00, 0x00, 0x00, 0x00, 0x00, 0x00, 0x00, 0x00, 0x00, 0x00, 0x00, 0x00, 0x00, 0x00, 0x00, 
0x00, 0x00, 0x00, 0x00, 0x00, 0x00, 0x00, 0x00, 0x00, 0x00, 0x00, 0x00, 0x00, 0x00, 0x00, 0x00, 
0x00, 0x00, 0x00, 0x00, 0x00, 0x00, 0x00, 0x00, 0x00, 0x00, 0x00, 0x00, 0x00, 0x00, 0x00, 0x00, 
0x00, 0x00, 0x00, 0x00, 0x00, 0x00, 0x00, 0x00, 0x00, 0x00, 0x00, 0x00, 0x00, 0x00, 0x00, 0x00, 
0x00, 0x00, 0x00, 0x00, 0x00, 0x00, 0x00, 0x00, 0x00, 0x00, 0x00, 0x00, 0x00, 0x00, 0x00, 0x00, 
0x00, 0x00, 0x00, 0x00, 0x00, 0x00, 0x00, 0x00, 0x00, 0x00, 0x00, 0x00, 0x00, 0x00, 0x00, 0x00, 
0x00, 0x00, 0x00, 0x00, 0x00, 0x00, 0x00, 0x00, 0x00, 0x00, 0x00, 0x00, 0x00, 0x00, 0x00, 0x00, 
0x00, 0x00, 0x00, 0x00, 0x00, 0x00, 0x00, 0x00, 0x00, 0x00, 0x00, 0x00, 0x00, 0x00, 0x00, 0x00, 
0x00, 0x00, 0x00, 0x00, 0x00, 0x00, 0x00, 0x00, 0x00, 0x00, 0x00, 0x00, 0x00, 0x00, 0x00, 0x00, 
0x00, 0x00, 0x00, 0x00, 0x00, 0x00, 0x00, 0x00, 0x00, 0x00, 0x00, 0x00, 0x00, 0x00, 0x00, 0x00, 
0x00, 0x00, 0x00, 0x00, 0x00, 0x00, 0x00, 0x00, 0x00, 0x00, 0x00, 0x00, 0x00, 0x00, 0x00, 0x00, 
0x00, 0x00, 0x00, 0x00, 0x00, 0x00, 0x00, 0x00, 0x00, 0x00, 0x00, 0x00, 0x00, 0x00, 0x00, 0x00, 
0x00, 0x00, 0x00, 0x00, 0x00, 0x00, 0x00, 0x00, 0x00, 0x00, 0x00, 0x00, 0x00, 0x00, 0x00, 0x00, 
0x00, 0x00, 0x00, 0x00, 0x00, 0x00, 0x00, 0x00, 0x00, 0x00, 0x00, 0x00, 0x00, 0x00, 0x00, 0x00, 
0x00, 0x00, 0x00, 0x00, 0x00, 0x00, 0x00, 0x00, 0x00, 0x00, 0x00, 0x00, 0x00, 0x00, 0x00, 0x00, 
0x00, 0x00, 0x00, 0x00, 0x00, 0x00, 0x00, 0x00, 0x00, 0x00, 0x00, 0x00, 0x00, 0x00, 0x00, 0x00, 
0x00, 0x00, 0x00, 0x00, 0x00, 0x00, 0x00, 0x00, 0x00, 0x00, 0x00, 0x00, 0x00, 0x00, 0x00, 0x00, 
0x00, 0x00, 0x00, 0x00, 0x00, 0x00, 0x00, 0x00, 0x00, 0x00, 0x00, 0x00, 0x00, 0x00, 0x00, 0x00, 
0x00, 0x00, 0x00, 0x00, 0x00, 0x00, 0x00, 0x00, 0x00, 0x00, 0x00, 0x00, 0x00, 0x00, 0x00, 0x00, 
0x00, 0x00, 0x00, 0x00, 0x00, 0x00, 0x00, 0x00, 0x00, 0x00, 0x00, 0x00, 0x00, 0x00, 0x00, 0x00, 
0x00, 0x00, 0x00, 0x00, 0x00, 0x00, 0x00, 0x00, 0x00, 0x00, 0x00, 0x00, 0x00, 0x00, 0x00, 0x00, 
0x00, 0x00, 0x00, 0x00, 0x00, 0x00, 0x00, 0x00, 0x00, 0x00, 0x00, 0x00, 0x00, 0x00, 0x00, 0x00, 
0x00, 0x00, 0x00, 0x00, 0x00, 0x00, 0x00, 0x00, 0x00, 0x00, 0x00, 0x00, 0x00, 0x00, 0x00, 0x00, 
0x00, 0x00, 0x00, 0x00, 0x00, 0x00, 0x00, 0x00, 0x00, 0x00, 0x00, 0x00, 0x00, 0x00, 0x00, 0x00, 
0x00, 0x00, 0x00, 0x00, 0x00, 0x00, 0x00, 0x00, 0x00, 0x00, 0x00, 0x00, 0x00, 0x00, 0x00, 0x00, 
0x00, 0x00, 0x00, 0x00, 0x00, 0x00, 0x00, 0x00, 0x00, 0x00, 0x00, 0x00, 0x00, 0x00, 0x00, 0x00, 
0x00, 0x00, 0x00, 0x00, 0x00, 0x00, 0x00, 0x00, 0x00, 0x00, 0x00, 0x00, 0x00, 0x00, 0x00, 0x00, 
0x00, 0x00, 0x00, 0x00, 0x00, 0x00, 0x00, 0x00, 0x00, 0x00, 0x00, 0x00, 0x00, 0x00, 0x00, 0x00, 
0x00, 0x00, 0x00, 0x00, 0x00, 0x00, 0x00, 0x00, 0x00, 0x00, 0x00, 0x00, 0x00, 0x00, 0x00, 0x00, 
0x00, 0x00, 0x00, 0x00, 0x00, 0x00, 0x00, 0x00, 0x00, 0x00, 0x00, 0x00, 0x00, 0x00, 0x00, 0x00, 
0x00, 0x00, 0x00, 0x00, 0x00, 0x00, 0x00, 0x00, 0x00, 0x00, 0x00, 0x00, 0x00, 0x00, 0x00, 0x00, 
0x00, 0x00, 0x00, 0x00, 0x00, 0x00, 0x00, 0x00, 0x00, 0x00, 0x00, 0x00, 0x00, 0x00, 0x00, 0x00, 
0x00, 0x00, 0x00, 0x00, 0x00, 0x00, 0x00, 0x00, 0x00, 0x00, 0x00, 0x00, 0x00, 0x00, 0x00, 0x00, 
0x00, 0x00, 0x00, 0x00, 0x00, 0x00, 0x00, 0x00, 0x00, 0x00, 0x00, 0x00, 0x00, 0x00, 0x00, 0x00, 
0x00, 0x00, 0x00, 0x00, 0x00, 0x00, 0x00, 0x00, 0x00, 0x00, 0x00, 0x00, 0x00, 0x00, 0x00, 0x00, 
0x00, 0x00, 0x00, 0x00, 0x00, 0x00, 0x00, 0x00, 0x00, 0x00, 0x00, 0x00, 0x00, 0x00, 0x00, 0x00, 
0x00, 0x00, 0x00, 0x00, 0x00, 0x00, 0x00, 0x00, 0x00, 0x00, 0x00, 0x00, 0x00, 0x00, 0x00, 0x00, 
0x00, 0x00, 0x00, 0x00, 0x00, 0x00, 0x00, 0x00, 0x00, 0x00, 0x00, 0x00, 0x00, 0x00, 0x00, 0x00, 
0x00, 0x00, 0x00, 0x00, 0x00, 0x00, 0x00, 0x00, 0x00, 0x00, 0x00, 0x00, 0x00, 0x00, 0x00, 0x00, 
0x00, 0x00, 0x00, 0x00, 0x00, 0x00, 0x00, 0x00, 0x00, 0x00, 0x00, 0x00, 0x00, 0x00, 0x00, 0x00, 
0x00, 0x00, 0x00, 0x00, 0x00, 0x00, 0x00, 0x00, 0x00, 0x00, 0x00, 0x00, 0x00, 0x00, 0x00, 0x00, 
0x00, 0x00, 0x00, 0x00, 0x00, 0x00, 0x00, 0x00, 0x00, 0x00, 0x00, 0x00, 0x00, 0x00, 0x00, 0x00, 
0x00, 0x00, 0x00, 0x00, 0x00, 0x00, 0x00, 0x00, 0x00, 0x00, 0x00, 0x00, 0x00, 0x00, 0x00, 0x00, 
0x00, 0x00, 0x00, 0x00, 0x00, 0x00, 0x00, 0x00, 0x00, 0x00, 0x00, 0x00, 0x00, 0x00, 0x00, 0x00, 
0x00, 0x00, 0x00, 0x00, 0x00, 0x00, 0x00, 0x00, 0x00, 0x00, 0x00, 0x00, 0x00, 0x00, 0x00, 0x00, 
0x00, 0x00, 0x00, 0x00, 0x00, 0x00, 0x00, 0x00, 0x00, 0x00, 0x00, 0x00, 0x00, 0x00, 0x00, 0x00, 
0x00, 0x00, 0x00, 0x00, 0x00, 0x00, 0x00, 0x00, 0x00, 0x00, 0x00, 0x00, 0x00, 0x00, 0x00, 0x00, 
0x00, 0x00, 0x00, 0x00, 0x00, 0x00, 0x00, 0x00, 0x00, 0x00, 0x00, 0x00, 0x00, 0x00, 0x00, 0x00, 
0x00, 0x00, 0x00, 0x00, 0x00, 0x00, 0x00, 0x00, 0x00, 0x00, 0x00, 0x00, 0x00, 0x00, 0x00, 0x00, 
0x00, 0x00, 0x00, 0x00, 0x00, 0x00, 0x00, 0x00, 0x00, 0x00, 0x00, 0x00, 0x00, 0x00, 0x00, 0x00, 
0x00, 0x00, 0x00, 0x00, 0x00, 0x00, 0x00, 0x00, 0x00, 0x00, 0x00, 0x00, 0x00, 0x00, 0x00, 0x00, 
0x00, 0x00, 0x00, 0x00, 0x00, 0x00, 0x00, 0x00, 0x00, 0x00, 0x00, 0x00, 0x00, 0x00, 0x00, 0x00, 
0x00, 0x00, 0x00, 0x00, 0x00, 0x00, 0x00, 0x00, 0x00, 0x00, 0x00, 0x00, 0x00, 0x00, 0x00, 0x00, 
0x00, 0x00, 0x00, 0x00, 0x00, 0x00, 0x00, 0x00, 0x00, 0x00, 0x00, 0x00, 0x00, 0x00, 0x00, 0x00, 
0x00, 0x00, 0x00, 0x00, 0x00, 0x00, 0x00, 0x00, 0x00, 0x00, 0x00, 0x00, 0x00, 0x00, 0x00, 0x00, 
0x00, 0x00, 0x00, 0x00, 0x00, 0x00, 0x00, 0x00, 0x00, 0x00, 0x00, 0x00, 0x00, 0x00, 0x00, 0x00, 
0x00, 0x00, 0x00, 0x00, 0x00, 0x00, 0x00, 0x00, 0x00, 0x00, 0x00, 0x00, 0x00, 0x00, 0x00, 0x00, 
0x00, 0x00, 0x00, 0x00, 0x00, 0x00, 0x00, 0x00, 0x00, 0x00, 0x00, 0x00, 0x00, 0x00, 0x00, 0x00, 
0x00, 0x00, 0x00, 0x00, 0x00, 0x00, 0x00, 0x00, 0x00, 0x00, 0x00, 0x00, 0x00, 0x00, 0x00, 0x00, 
0x00, 0x00, 0x00, 0x00, 0x00, 0x00, 0x00, 0x00, 0x00, 0x00, 0x00, 0x00, 0x00, 0x00, 0x00, 0x00, 
0x00, 0x00, 0x00, 0x00, 0x00, 0x00, 0x00, 0x00, 0x00, 0x00, 0x00, 0x00, 0x00, 0x00, 0x00, 0x00, 
0x00, 0x00, 0x00, 0x00, 0x00, 0x00, 0x00, 0x00, 0x00, 0x00, 0x00, 0x00, 0x00, 0x00, 0x00, 0x00, 
0x00, 0x00, 0x00, 0x00, 0x00, 0x00, 0x00, 0x00, 0x00, 0x00, 0x00, 0x00, 0x00, 0x00, 0x00, 0x00, 
0x00, 0x00, 0x00, 0x00, 0x00, 0x00, 0x00, 0x00, 0x00, 0x00, 0x00, 0x00, 0x00, 0x00, 0x00, 0x00, 
0x00, 0x00, 0x00, 0x00, 0x00, 0x00, 0x00, 0x00, 0x00, 0x00, 0x00, 0x00, 0x00, 0x00, 0x00, 0x00, 
0x00, 0x00, 0x00, 0x00, 0x00, 0x00, 0x00, 0x00, 0x00, 0x00, 0x00, 0x00, 0x00, 0x00, 0x00, 0x00, 
0x00, 0x00, 0x00, 0x00, 0x00, 0x00, 0x00, 0x00, 0x00, 0x00, 0x00, 0x00, 0x00, 0x00, 0x00, 0x00, 
0x00, 0x00, 0x00, 0x00, 0x00, 0x00, 0x00, 0x00, 0x00, 0x00, 0x00, 0x00, 0x00, 0x00, 0x00, 0x00, 
0x00, 0x00, 0x00, 0x00, 0x00, 0x00, 0x00, 0x00, 0x00, 0x00, 0x00, 0x00, 0x00, 0x00, 0x00, 0x00, 
0x00, 0x00, 0x00, 0x00, 0x00, 0x00, 0x00, 0x00, 0x00, 0x00, 0x00, 0x00, 0x00, 0x00, 0x00, 0x00, 
0x00, 0x00, 0x00, 0x00, 0x00, 0x00, 0x00, 0x00, 0x00, 0x00, 0x00, 0x00, 0x00, 0x00, 0x00, 0x00, 
0x00, 0x00, 0x00, 0x00, 0x00, 0x00, 0x00, 0x00, 0x00, 0x00, 0x00, 0x00, 0x00, 0x00, 0x00, 0x00, 
0x00, 0x00, 0x00, 0x00, 0x00, 0x00, 0x00, 0x00, 0x00, 0x00, 0x00, 0x00, 0x00, 0x00, 0x00, 0x00, 
0x00, 0x00, 0x00, 0x00, 0x00, 0x00, 0x00, 0x00, 0x00, 0x00, 0x00, 0x00, 0x00, 0x00, 0x00, 0x00, 
0x00, 0x00, 0x00, 0x00, 0x00, 0x00, 0x00, 0x00, 0x00, 0x00, 0x00, 0x00, 0x00, 0x00, 0x00, 0x00, 
0x00, 0x00, 0x00, 0x00, 0x00, 0x00, 0x00, 0x00, 0x00, 0x00, 0x00, 0x00, 0x00, 0x00, 0x00, 0x00, 
0x00, 0x00, 0x00, 0x00, 0x00, 0x00, 0x00, 0x00, 0x00, 0x00, 0x00, 0x00, 0x00, 0x00, 0x00, 0x00, 
0x00, 0x00, 0x00, 0x00, 0x00, 0x00, 0x00, 0x00, 0x00, 0x00, 0x00, 0x00, 0x00, 0x00, 0x00, 0x00, 
0x00, 0x00, 0x00, 0x00, 0x00, 0x00, 0x00, 0x00, 0x00, 0x00, 0x00, 0x00, 0x00, 0x00, 0x00, 0x00, 
0x00, 0x00, 0x00, 0x00, 0x00, 0x00, 0x00, 0x00, 0x00, 0x00, 0x00, 0x00, 0x00, 0x00, 0x00, 0x00, 
0x00, 0x00, 0x00, 0x00, 0x00, 0x00, 0x00, 0x00, 0x00, 0x00, 0x00, 0x00, 0x00, 0x00, 0x00, 0x00, 
0x00, 0x00, 0x00, 0x00, 0x00, 0x00, 0x00, 0x00, 0x00, 0x00, 0x00, 0x00, 0x00, 0x00, 0x00, 0x00, 
0x00, 0x00, 0x00, 0x00, 0x00, 0x00, 0x00, 0x00, 0x00, 0x00, 0x00, 0x00, 0x00, 0x00, 0x00, 0x00, 
0x00, 0x00, 0x00, 0x00, 0x00, 0x00, 0x00, 0x00, 0x00, 0x00, 0x00, 0x00, 0x00, 0x00, 0x00, 0x00, 
0x00, 0x00, 0x00, 0x00, 0x00, 0x00, 0x00, 0x00, 0x00, 0x00, 0x00, 0x00, 0x00, 0x00, 0x00, 0x00, 
0x00, 0x00, 0x00, 0x00, 0x00, 0x00, 0x00, 0x00, 0x00, 0x00, 0x00, 0x00, 0x00, 0x00, 0x00, 0x00, 
0x00, 0x00, 0x00, 0x00, 0x00, 0x00, 0x00, 0x00, 0x00, 0x00, 0x00, 0x00, 0x00, 0x00, 0x00, 0x00, 
0x00, 0x00, 0x00, 0x00, 0x00, 0x00, 0x00, 0x00, 0x00, 0x00, 0x00, 0x00, 0x00, 0x00, 0x00, 0x00, 
0x00, 0x00, 0x00, 0x00, 0x00, 0x00, 0x00, 0x00, 0x00, 0x00, 0x00, 0x00, 0x00, 0x00, 0x00, 0x00, 
0x00, 0x00, 0x00, 0x00, 0x00, 0x00, 0x00, 0x00, 0x00, 0x00, 0x00, 0x00, 0x00, 0x00, 0x00, 0x00, 
0x00, 0x00, 0x00, 0x00, 0x00, 0x00, 0x00, 0x00, 0x00, 0x00, 0x00, 0x00, 0x00, 0x00, 0x00, 0x00, 
0x00, 0x00, 0x00, 0x00, 0x00, 0x00, 0x00, 0x00, 0x00, 0x00, 0x00, 0x00, 0x00, 0x00, 0x00, 0x00, 
0x00, 0x00, 0x00, 0x00, 0x00, 0x00, 0x00, 0x00, 0x00, 0x00, 0x00, 0x00, 0x00, 0x00, 0x00, 0x00, 
0x00, 0x00, 0x00, 0x00, 0x00, 0x00, 0x00, 0x00, 0x00, 0x00, 0x00, 0x00, 0x00, 0x00, 0x00, 0x00, 
0x00, 0x00, 0x00, 0x00, 0x00, 0x00, 0x00, 0x00, 0x00, 0x00, 0x00, 0x00, 0x00, 0x00, 0x00, 0x00, 
0x00, 0x00, 0x00, 0x00, 0x00, 0x00, 0x00, 0x00, 0x00, 0x00, 0x00, 0x00, 0x00, 0x00, 0x00, 0x00, 
0x00, 0x00, 0x00, 0x00, 0x00, 0x00, 0x00, 0x00, 0x00, 0x00, 0x00, 0x00, 0x00, 0x00, 0x00, 0x00, 
0x00, 0x00, 0x00, 0x00, 0x00, 0x00, 0x00, 0x00, 0x00, 0x00, 0x00, 0x00, 0x00, 0x00, 0x00, 0x00, 
0x00, 0x00, 0x00, 0x00, 0x00, 0x00, 0x00, 0x00, 0x00, 0x00, 0x00, 0x00, 0x00, 0x00, 0x00, 0x00, 
0x00, 0x00, 0x00, 0x00, 0x00, 0x00, 0x00, 0x00, 0x00, 0x00, 0x00, 0x00, 0x00, 0x00, 0x00, 0x00, 
0x00, 0x00, 0x00, 0x00, 0x00, 0x00, 0x00, 0x00, 0x00, 0x00, 0x00, 0x00, 0x00, 0x00, 0x00, 0x00, 
0x00, 0x00, 0x00, 0x00, 0x00, 0x00, 0x00, 0x00, 0x00, 0x00, 0x00, 0x00, 0x00, 0x00, 0x00, 0x00, 
0x00, 0x00, 0x00, 0x00, 0x00, 0x00, 0x00, 0x00, 0x00, 0x00, 0x00, 0x00, 0x00, 0x00, 0x00, 0x00, 
0x00, 0x00, 0x00, 0x00, 0x00, 0x00, 0x00, 0x00, 0x00, 0x00, 0x00, 0x00, 0x00, 0x00, 0x00, 0x00, 
0x00, 0x00, 0x00, 0x00, 0x00, 0x00, 0x00, 0x00, 0x00, 0x00, 0x00, 0x00, 0x00, 0x00, 0x00, 0x00, 
0x00, 0x00, 0x00, 0x00, 0x00, 0x00, 0x00, 0x00, 0x00, 0x00, 0x00, 0x00, 0x00, 0x00, 0x00, 0x00, 
0x00, 0x00, 0x00, 0x00, 0x00, 0x00, 0x00, 0x00, 0x00, 0x00, 0x00, 0x00, 0x00, 0x00, 0x00, 0x00, 
0x00, 0x00, 0x00, 0x00, 0x00, 0x00, 0x00, 0x00, 0x00, 0x00, 0x00, 0x00, 0x00, 0x00, 0x00, 0x00, 
0x00, 0x00, 0x00, 0x00, 0x00, 0x00, 0x00, 0x00, 0x00, 0x00, 0x00, 0x00, 0x00, 0x00, 0x00, 0x00, 
0x00, 0x00, 0x00, 0x00, 0x00, 0x00, 0x00, 0x00, 0x00, 0x00, 0x00, 0x00, 0x00, 0x00, 0x00, 0x00, 
0x00, 0x00, 0x00, 0x00, 0x00, 0x00, 0x00, 0x00, 0x00, 0x00, 0x00, 0x00, 0x00, 0x00, 0x00, 0x00, 
0x00, 0x00, 0x00, 0x00, 0x00, 0x00, 0x00, 0x00, 0x00, 0x00, 0x00, 0x00, 0x00, 0x00, 0x00, 0x00, 
0x00, 0x00, 0x00, 0x00, 0x00, 0x00, 0x00, 0x00, 0x00, 0x00, 0x00, 0x00, 0x00, 0x00, 0x00, 0x00, 
0x00, 0x00, 0x00, 0x00, 0x00, 0x00, 0x00, 0x00, 0x00, 0x00, 0x00, 0x00, 0x00, 0x00, 0x00, 0x00, 
0x00, 0x00, 0x00, 0x00, 0x00, 0x00, 0x00, 0x00, 0x00, 0x00, 0x00, 0x00, 0x00, 0x00, 0x00, 0x00, 
0x00, 0x00, 0x00, 0x00, 0x00, 0x00, 0x00, 0x00, 0x00, 0x00, 0x00, 0x00, 0x00, 0x00, 0x00, 0x00, 
0x00, 0x00, 0x00, 0x00, 0x00, 0x00, 0x00, 0x00, 0x00, 0x00, 0x00, 0x00, 0x00, 0x00, 0x00, 0x00, 
0x00, 0x00, 0x00, 0x00, 0x00, 0x00, 0x00, 0x00, 0x00, 0x00, 0x00, 0x00, 0x00, 0x00, 0x00, 0x00, 
0x00, 0x00, 0x00, 0x00, 0x00, 0x00, 0x00, 0x00, 0x00, 0x00, 0x00, 0x00, 0x00, 0x00, 0x00, 0x00, 
0x00, 0x00, 0x00, 0x00, 0x00, 0x00, 0x00, 0x00, 0x00, 0x00, 0x00, 0x00, 0x00, 0x00, 0x00, 0x00, 
0x00, 0x00, 0x00, 0x00, 0x00, 0x00, 0x00, 0x00, 0x00, 0x00, 0x00, 0x00, 0x00, 0x00, 0x00, 0x00, 
0x00, 0x00, 0x00, 0x00, 0x00, 0x00, 0x00, 0x00, 0x00, 0x00, 0x00, 0x00, 0x00, 0x00, 0x00, 0x00, 
0x00, 0x00, 0x00, 0x00, 0x00, 0x00, 0x00, 0x00, 0x00, 0x00, 0x00, 0x00, 0x00, 0x00, 0x00, 0x00, 
0x00, 0x00, 0x00, 0x00, 0x00, 0x00, 0x00, 0x00, 0x00, 0x00, 0x00, 0x00, 0x00, 0x00, 0x00, 0x00, 
0x00, 0x00, 0x00, 0x00, 0x00, 0x00, 0x00, 0x00, 0x00, 0x00, 0x00, 0x00, 0x00, 0x00, 0x00, 0x00, 
0x00, 0x00, 0x00, 0x00, 0x00, 0x00, 0x00, 0x00, 0x00, 0x00, 0x00, 0x00, 0x00, 0x00, 0x00, 0x00, 
0x00, 0x00, 0x00, 0x00, 0x00, 0x00, 0x00, 0x00, 0x00, 0x00, 0x00, 0x00, 0x00, 0x00, 0x00, 0x00, 
0x00, 0x00, 0x00, 0x00, 0x00, 0x00, 0x00, 0x00, 0x00, 0x00, 0x00, 0x00, 0x00, 0x00, 0x00, 0x00, 
0x00, 0x00, 0x00, 0x00, 0x00, 0x00, 0x00, 0x00, 0x00, 0x00, 0x00, 0x00, 0x00, 0x00, 0x00, 0x00, 
0x00, 0x00, 0x00, 0x00, 0x00, 0x00, 0x00, 0x00, 0x00, 0x00, 0x00, 0x00, 0x00, 0x00, 0x00, 0x00, 
0x00, 0x00, 0x00, 0x00, 0x00, 0x00, 0x00, 0x00, 0x00, 0x00, 0x00, 0x00, 0x00, 0x00, 0x00, 0x00, 
0x00, 0x00, 0x00, 0x00, 0x00, 0x00, 0x00, 0x00, 0x00, 0x00, 0x00, 0x00, 0x00, 0x00, 0x00, 0x00, 
0x00, 0x00, 0x00, 0x00, 0x00, 0x00, 0x00, 0x00, 0x00, 0x00, 0x00, 0x00, 0x00, 0x00, 0x00, 0x00, 
0x00, 0x00, 0x00, 0x00, 0x00, 0x00, 0x00, 0x00, 0x00, 0x00, 0x00, 0x00, 0x00, 0x00, 0x00, 0x00, 
0x00, 0x00, 0x00, 0x00, 0x00, 0x00, 0x00, 0x00, 0x00, 0x00, 0x00, 0x00, 0x00, 0x00, 0x00, 0x00, 
0x00, 0x00, 0x00, 0x00, 0x00, 0x00, 0x00, 0x00, 0x00, 0x00, 0x00, 0x00, 0x00, 0x00, 0x00, 0x00, 
0x00, 0x00, 0x00, 0x00, 0x00, 0x00, 0x00, 0x00, 0x00, 0x00, 0x00, 0x00, 0x00, 0x00, 0x00, 0x00, 
0x00, 0x00, 0x00, 0x00, 0x00, 0x00, 0x00, 0x00, 0x00, 0x00, 0x00, 0x00, 0x00, 0x00, 0x00, 0x00, 
0x00, 0x00, 0x00, 0x00, 0x00, 0x00, 0x00, 0x00, 0x00, 0x00, 0x00, 0x00, 0x00, 0x00, 0x00, 0x00, 
0x00, 0x00, 0x00, 0x00, 0x00, 0x00, 0x00, 0x00, 0x00, 0x00, 0x00, 0x00, 0x00, 0x00, 0x00, 0x00, 
0x00, 0x00, 0x00, 0x00, 0x00, 0x00, 0x00, 0x00, 0x00, 0x00, 0x00, 0x00, 0x00, 0x00, 0x00, 0x00, 
0x00, 0x00, 0x00, 0x00, 0x00, 0x00, 0x00, 0x00, 0x00, 0x00, 0x00, 0x00, 0x00, 0x00, 0x00, 0x00, 
0x00, 0x00, 0x00, 0x00, 0x00, 0x00, 0x00, 0x00, 0x00, 0x00, 0x00, 0x00, 0x00, 0x00, 0x00, 0x00, 
0x00, 0x00, 0x00, 0x00, 0x00, 0x00, 0x00, 0x00, 0x00, 0x00, 0x00, 0x00, 0x00, 0x00, 0x00, 0x00, 
0x00, 0x00, 0x00, 0x00, 0x00, 0x00, 0x00, 0x00, 0x00, 0x00, 0x00, 0x00, 0x00, 0x00, 0x00, 0x00, 
0x00, 0x00, 0x00, 0x00, 0x00, 0x00, 0x00, 0x00, 0x00, 0x00, 0x00, 0x00, 0x00, 0x00, 0x00, 0x00, 
0x00, 0x00, 0x00, 0x00, 0x00, 0x00, 0x00, 0x00, 0x00, 0x00, 0x00, 0x00, 0x00, 0x00, 0x00, 0x00, 
0x00, 0x00, 0x00, 0x00, 0x00, 0x00, 0x00, 0x00, 0x00, 0x00, 0x00, 0x00, 0x00, 0x00, 0x00, 0x00, 
0x00, 0x00, 0x00, 0x00, 0x00, 0x00, 0x00, 0x00, 0x00, 0x00, 0x00, 0x00, 0x00, 0x00, 0x00, 0x00, 
0x00, 0x00, 0x00, 0x00, 0x00, 0x00, 0x00, 0x00, 0x00, 0x00, 0x00, 0x00, 0x00, 0x00, 0x00, 0x00, 
0x00, 0x00, 0x00, 0x00, 0x00, 0x00, 0x00, 0x00, 0x00, 0x00, 0x00, 0x00, 0x00, 0x00, 0x00, 0x00, 
0x00, 0x00, 0x00, 0x00, 0x00, 0x00, 0x00, 0x00, 0x00, 0x00, 0x00, 0x00, 0x00, 0x00, 0x00, 0x00, 
0x00, 0x00, 0x00, 0x00, 0x00, 0x00, 0x00, 0x00, 0x00, 0x00, 0x00, 0x00, 0x00, 0x00, 0x00, 0x00, 
0x00, 0x00, 0x00, 0x00, 0x00, 0x00, 0x00, 0x00, 0x00, 0x00, 0x00, 0x00, 0x00, 0x00, 0x00, 0x00, 
0x00, 0x00, 0x00, 0x00, 0x00, 0x00, 0x00, 0x00, 0x00, 0x00, 0x00, 0x00, 0x00, 0x00, 0x00, 0x00, 
0x00, 0x00, 0x00, 0x00, 0x00, 0x00, 0x00, 0x00, 0x00, 0x00, 0x00, 0x00, 0x00, 0x00, 0x00, 0x00, 
0x00, 0x00, 0x00, 0x00, 0x00, 0x00, 0x00, 0x00, 0x00, 0x00, 0x00, 0x00, 0x00, 0x00, 0x00, 0x00, 
0x00, 0x00, 0x00, 0x00, 0x00, 0x00, 0x00, 0x00, 0x00, 0x00, 0x00, 0x00, 0x00, 0x00, 0x00, 0x00, 
0x00, 0x00, 0x00, 0x00, 0x00, 0x00, 0x00, 0x00, 0x00, 0x00, 0x00, 0x00, 0x00, 0x00, 0x00, 0x00, 
0x00, 0x00, 0x00, 0x00, 0x00, 0x00, 0x00, 0x00, 0x00, 0x00, 0x00, 0x00, 0x00, 0x00, 0x00, 0x00, 
0x00, 0x00, 0x00, 0x00, 0x00, 0x00, 0x00, 0x00, 0x00, 0x00, 0x00, 0x00, 0x00, 0x00, 0x00, 0x00, 
0x00, 0x00, 0x00, 0x00, 0x00, 0x00, 0x00, 0x00, 0x00, 0x00, 0x00, 0x00, 0x00, 0x00, 0x00, 0x00, 
0x00, 0x00, 0x00, 0x00, 0x00, 0x00, 0x00, 0x00, 0x00, 0x00, 0x00, 0x00, 0x00, 0x00, 0x00, 0x00, 
0x00, 0x00, 0x00, 0x00, 0x00, 0x00, 0x00, 0x00, 0x00, 0x00, 0x00, 0x00, 0x00, 0x00, 0x00, 0x00, 
0x00, 0x00, 0x00, 0x00, 0x00, 0x00, 0x00, 0x00, 0x00, 0x00, 0x00, 0x00, 0x00, 0x00, 0x00, 0x00, 
0x00, 0x00, 0x00, 0x00, 0x00, 0x00, 0x00, 0x00, 0x00, 0x00, 0x00, 0x00, 0x00, 0x00, 0x00, 0x00, 
0x00, 0x00, 0x00, 0x00, 0x00, 0x00, 0x00, 0x00, 0x00, 0x00, 0x00, 0x00, 0x00, 0x00, 0x00, 0x00, 
0x00, 0x00, 0x00, 0x00, 0x00, 0x00, 0x00, 0x00, 0x00, 0x00, 0x00, 0x00, 0x00, 0x00, 0x00, 0x00, 
0x00, 0x00, 0x00, 0x00, 0x00, 0x00, 0x00, 0x00, 0x00, 0x00, 0x00, 0x00, 0x00, 0x00, 0x00, 0x00, 
0x00, 0x00, 0x00, 0x00, 0x00, 0x00, 0x00, 0x00, 0x00, 0x00, 0x00, 0x00, 0x00, 0x00, 0x00, 0x00, 
0x00, 0x00, 0x00, 0x00, 0x00, 0x00, 0x00, 0x00, 0x00, 0x00, 0x00, 0x00, 0x00, 0x00, 0x00, 0x00, 
0x00, 0x00, 0x00, 0x00, 0x00, 0x00, 0x00, 0x00, 0x00, 0x00, 0x00, 0x00, 0x00, 0x00, 0x00, 0x00, 
0x00, 0x00, 0x00, 0x00, 0x00, 0x00, 0x00, 0x00, 0x00, 0x00, 0x00, 0x00, 0x00, 0x00, 0x00, 0x00, 
0x00, 0x00, 0x00, 0x00, 0x00, 0x00, 0x00, 0x00, 0x00, 0x00, 0x00, 0x00, 0x00, 0x00, 0x00, 0x00, 
0x00, 0x00, 0x00, 0x00, 0x00, 0x00, 0x00, 0x00, 0x00, 0x00, 0x00, 0x00, 0x00, 0x00, 0x00, 0x00, 
0x00, 0x00, 0x00, 0x00, 0x00, 0x00, 0x00, 0x00, 0x00, 0x00, 0x00, 0x00, 0x00, 0x00, 0x00, 0x00, 
0x00, 0x00, 0x00, 0x00, 0x00, 0x00, 0x00, 0x00, 0x00, 0x00, 0x00, 0x00, 0x00, 0x00, 0x00, 0x00, 
0x00, 0x00, 0x00, 0x00, 0x00, 0x00, 0x00, 0x00, 0x00, 0x00, 0x00, 0x00, 0x00, 0x00, 0x00, 0x00, 
0x00, 0x00, 0x00, 0x00, 0x00, 0x00, 0x00, 0x00, 0x00, 0x00, 0x00, 0x00, 0x00, 0x00, 0x00, 0x00, 
0x00, 0x00, 0x00, 0x00, 0x00, 0x00, 0x00, 0x00, 0x00, 0x00, 0x00, 0x00, 0x00, 0x00, 0x00, 0x00, 
0x00, 0x00, 0x00, 0x00, 0x00, 0x00, 0x00, 0x00, 0x00, 0x00, 0x00, 0x00, 0x00, 0x00, 0x00, 0x00, 
0x00, 0x00, 0x00, 0x00, 0x00, 0x00, 0x00, 0x00, 0x00, 0x00, 0x00, 0x00, 0x00, 0x00, 0x00, 0x00, 
0x00, 0x00, 0x00, 0x00, 0x00, 0x00, 0x00, 0x00, 0x00, 0x00, 0x00, 0x00, 0x00, 0x00, 0x00, 0x00, 
0x00, 0x00, 0x00, 0x00, 0x00, 0x00, 0x00, 0x00, 0x00, 0x00, 0x00, 0x00, 0x00, 0x00, 0x00, 0x00, 
0x00, 0x00, 0x00, 0x00, 0x00, 0x00, 0x00, 0x00, 0x00, 0x00, 0x00, 0x00, 0x00, 0x00, 0x00, 0x00, 
0x00, 0x00, 0x00, 0x00, 0x00, 0x00, 0x00, 0x00, 0x00, 0x00, 0x00, 0x00, 0x00, 0x00, 0x00, 0x00, 
0x00, 0x00, 0x00, 0x00, 0x00, 0x00, 0x00, 0x00, 0x00, 0x00, 0x00, 0x00, 0x00, 0x00, 0x00, 0x00, 
0x00, 0x00, 0x00, 0x00, 0x00, 0x00, 0x00, 0x00, 0x00, 0x00, 0x00, 0x00, 0x00, 0x00, 0x00, 0x00, 
0x00, 0x00, 0x00, 0x00, 0x00, 0x00, 0x00, 0x00, 0x00, 0x00, 0x00, 0x00, 0x00, 0x00, 0x00, 0x00, 
0x00, 0x00, 0x00, 0x00, 0x00, 0x00, 0x00, 0x00, 0x00, 0x00, 0x00, 0x00, 0x00, 0x00, 0x00, 0x00, 
0x00, 0x00, 0x00, 0x00, 0x00, 0x00, 0x00, 0x00, 0x00, 0x00, 0x00, 0x00, 0x00, 0x00, 0x00, 0x00, 
0x00, 0x00, 0x00, 0x00, 0x00, 0x00, 0x00, 0x00, 0x00, 0x00, 0x00, 0x00, 0x00, 0x00, 0x00, 0x00, 
0x00, 0x00, 0x00, 0x00, 0x00, 0x00, 0x00, 0x00, 0x00, 0x00, 0x00, 0x00, 0x00, 0x00, 0x00, 0x00, 
0x00, 0x00, 0x00, 0x00, 0x00, 0x00, 0x00, 0x00, 0x00, 0x00, 0x00, 0x00, 0x00, 0x00, 0x00, 0x00, 
0x00, 0x00, 0x00, 0x00, 0x00, 0x00, 0x00, 0x00, 0x00, 0x00, 0x00, 0x00, 0x00, 0x00, 0x00, 0x00, 
0x00, 0x00, 0x00, 0x00, 0x00, 0x00, 0x00, 0x00, 0x00, 0x00, 0x00, 0x00, 0x00, 0x00, 0x00, 0x00, 
0x00, 0x00, 0x00, 0x00, 0x00, 0x00, 0x00, 0x00, 0x00, 0x00, 0x00, 0x00, 0x00, 0x00, 0x00, 0x00, 
0x00, 0x00, 0x00, 0x00, 0x00, 0x00, 0x00, 0x00, 0x00, 0x00, 0x00, 0x00, 0x00, 0x00, 0x00, 0x00, 
0x00, 0x00, 0x00, 0x00, 0x00, 0x00, 0x00, 0x00, 0x00, 0x00, 0x00, 0x00, 0x00, 0x00, 0x00, 0x00, 
0x00, 0x00, 0x00, 0x00, 0x00, 0x00, 0x00, 0x00, 0x00, 0x00, 0x00, 0x00, 0x00, 0x00, 0x00, 0x00, 
0x00, 0x00, 0x00, 0x00, 0x00, 0x00, 0x00, 0x00, 0x00, 0x00, 0x00, 0x00, 0x00, 0x00, 0x00, 0x00, 
0x00, 0x00, 0x00, 0x00, 0x00, 0x00, 0x00, 0x00, 0x00, 0x00, 0x00, 0x00, 0x00, 0x00, 0x00, 0x00, 
0x00, 0x00, 0x00, 0x00, 0x00, 0x00, 0x00, 0x00, 0x00, 0x00, 0x00, 0x00, 0x00, 0x00, 0x00, 0x00, 
0x00, 0x00, 0x00, 0x00, 0x00, 0x00, 0x00, 0x00, 0x00, 0x00, 0x00, 0x00, 0x00, 0x00, 0x00, 0x00, 
0x00, 0x00, 0x00, 0x00, 0x00, 0x00, 0x00, 0x00, 0x00, 0x00, 0x00, 0x00, 0x00, 0x00, 0x00, 0x00, 
0x00, 0x00, 0x00, 0x00, 0x00, 0x00, 0x00, 0x00, 0x00, 0x00, 0x00, 0x00, 0x00, 0x00, 0x00, 0x00, 
0x00, 0x00, 0x00, 0x00, 0x00, 0x00, 0x00, 0x00, 0x00, 0x00, 0x00, 0x00, 0x00, 0x00, 0x00, 0x00, 
0x00, 0x00, 0x00, 0x00, 0x00, 0x00, 0x00, 0x00, 0x00, 0x00, 0x00, 0x00, 0x00, 0x00, 0x00, 0x00, 
0x00, 0x00, 0x00, 0x00, 0x00, 0x00, 0x00, 0x00, 0x00, 0x00, 0x00, 0x00, 0x00, 0x00, 0x00, 0x00, 
0x00, 0x00, 0x00, 0x00, 0x00, 0x00, 0x00, 0x00, 0x00, 0x00, 0x00, 0x00, 0x00, 0x00, 0x00, 0x00, 
0x00, 0x00, 0x00, 0x00, 0x00, 0x00, 0x00, 0x00, 0x00, 0x00, 0x00, 0x00, 0x00, 0x00, 0x00, 0x00, 
0x00, 0x00, 0x00, 0x00, 0x00, 0x00, 0x00, 0x00, 0x00, 0x00, 0x00, 0x00, 0x00, 0x00, 0x00, 0x00, 
0x00, 0x00, 0x00, 0x00, 0x00, 0x00, 0x00, 0x00, 0x00, 0x00, 0x00, 0x00, 0x00, 0x00, 0x00, 0x00, 
0x00, 0x00, 0x00, 0x00, 0x00, 0x00, 0x00, 0x00, 0x00, 0x00, 0x00, 0x00, 0x00, 0x00, 0x00, 0x00, 
0x00, 0x00, 0x00, 0x00, 0x00, 0x00, 0x00, 0x00, 0x00, 0x00, 0x00, 0x00, 0x00, 0x00, 0x00, 0x00, 
0x00, 0x00, 0x00, 0x00, 0x00, 0x00, 0x00, 0x00, 0x00, 0x00, 0x00, 0x00, 0x00, 0x00, 0x00, 0x00, 
0x00, 0x00, 0x00, 0x00, 0x00, 0x00, 0x00, 0x00, 0x00, 0x00, 0x00, 0x00, 0x00, 0x00, 0x00, 0x00, 
0x00, 0x00, 0x00, 0x00, 0x00, 0x00, 0x00, 0x00, 0x00, 0x00, 0x00, 0x00, 0x00, 0x00, 0x00, 0x00, 
0x00, 0x00, 0x00, 0x00, 0x00, 0x00, 0x00, 0x00, 0x00, 0x00, 0x00, 0x00, 0x00, 0x00, 0x00, 0x00, 
0x00, 0x00, 0x00, 0x00, 0x00, 0x00, 0x00, 0x00, 0x00, 0x00, 0x00, 0x00, 0x00, 0x00, 0x00, 0x00, 
0x00, 0x00, 0x00, 0x00, 0x00, 0x00, 0x00, 0x00, 0x00, 0x00, 0x00, 0x00, 0x00, 0x00, 0x00, 0x00, 
0x00, 0x00, 0x00, 0x00, 0x00, 0x00, 0x00, 0x00, 0x00, 0x00, 0x00, 0x00, 0x00, 0x00, 0x00, 0x00, 
0x00, 0x00, 0x00, 0x00, 0x00, 0x00, 0x00, 0x00, 0x00, 0x00, 0x00, 0x00, 0x00, 0x00, 0x00, 0x00, 
0x00, 0x00, 0x00, 0x00, 0x00, 0x00, 0x00, 0x00, 0x00, 0x00, 0x00, 0x00, 0x00, 0x00, 0x00, 0x00, 
0x00, 0x00, 0x00, 0x00, 0x00, 0x00, 0x00, 0x00, 0x00, 0x00, 0x00, 0x00, 0x00, 0x00, 0x00, 0x00, 
0x00, 0x00, 0x00, 0x00, 0x00, 0x00, 0x00, 0x00, 0x00, 0x00, 0x00, 0x00, 0x00, 0x00, 0x00, 0x00, 
0x00, 0x00, 0x00, 0x00, 0x00, 0x00, 0x00, 0x00, 0x00, 0x00, 0x00, 0x00, 0x00, 0x00, 0x00, 0x00, 
0x00, 0x00, 0x00, 0x00, 0x00, 0x00, 0x00, 0x00, 0x00, 0x00, 0x00, 0x00, 0x00, 0x00, 0x00, 0x00, 
0x00, 0x00, 0x00, 0x00, 0x00, 0x00, 0x00, 0x00, 0x00, 0x00, 0x00, 0x00, 0x00, 0x00, 0x00, 0x00, 
0x00, 0x00, 0x00, 0x00, 0x00, 0x00, 0x00, 0x00, 0x00, 0x00, 0x00, 0x00, 0x00, 0x00, 0x00, 0x00, 
0x00, 0x00, 0x00, 0x00, 0x00, 0x00, 0x00, 0x00, 0x00, 0x00, 0x00, 0x00, 0x00, 0x00, 0x00, 0x00, 
0x00, 0x00, 0x00, 0x00, 0x00, 0x00, 0x00, 0x00, 0x00, 0x00, 0x00, 0x00, 0x00, 0x00, 0x00, 0x00, 
0x00, 0x00, 0x00, 0x00, 0x00, 0x00, 0x00, 0x00, 0x00, 0x00, 0x00, 0x00, 0x00, 0x00, 0x00, 0x00, 
0x00, 0x00, 0x00, 0x00, 0x00, 0x00, 0x00, 0x00, 0x00, 0x00, 0x00, 0x00, 0x00, 0x00, 0x00, 0x00, 
0x00, 0x00, 0x00, 0x00, 0x00, 0x00, 0x00, 0x00, 0x00, 0x00, 0x00, 0x00, 0x00, 0x00, 0x00, 0x00, 
0x00, 0x00, 0x00, 0x00, 0x00, 0x00, 0x00, 0x00, 0x00, 0x00, 0x00, 0x00, 0x00, 0x00, 0x00, 0x00, 
0x00, 0x00, 0x00, 0x00, 0x00, 0x00, 0x00, 0x00, 0x00, 0x00, 0x00, 0x00, 0x00, 0x00, 0x00, 0x00, 
0x00, 0x00, 0x00, 0x00, 0x00, 0x00, 0x00, 0x00, 0x00, 0x00, 0x00, 0x00, 0x00, 0x00, 0x00, 0x00, 
0x00, 0x00, 0x00, 0x00, 0x00, 0x00, 0x00, 0x00, 0x00, 0x00, 0x00, 0x00, 0x00, 0x00, 0x00, 0x00, 
0x00, 0x00, 0x00, 0x00, 0x00, 0x00, 0x00, 0x00, 0x00, 0x00, 0x00, 0x00, 0x00, 0x00, 0x00, 0x00, 
0x00, 0x00, 0x00, 0x00, 0x00, 0x00, 0x00, 0x00, 0x00, 0x00, 0x00, 0x00, 0x00, 0x00, 0x00, 0x00, 
0x00, 0x00, 0x00, 0x00, 0x00, 0x00, 0x00, 0x00, 0x00, 0x00, 0x00, 0x00, 0x00, 0x00, 0x00, 0x00, 
0x00, 0x00, 0x00, 0x00, 0x00, 0x00, 0x00, 0x00, 0x00, 0x00, 0x00, 0x00, 0x00, 0x00, 0x00, 0x00, 
0x00, 0x00, 0x00, 0x00, 0x00, 0x00, 0x00, 0x00, 0x00, 0x00, 0x00, 0x00, 0x00, 0x00, 0x00, 0x00, 
0x00, 0x00, 0x00, 0x00, 0x00, 0x00, 0x00, 0x00, 0x00, 0x00, 0x00, 0x00, 0x00, 0x00, 0x00, 0x00, 
0x00, 0x00, 0x00, 0x00, 0x00, 0x00, 0x00, 0x00, 0x00, 0x00, 0x00, 0x00, 0x00, 0x00, 0x00, 0x00, 
0x00, 0x00, 0x00, 0x00, 0x00, 0x00, 0x00, 0x00, 0x00, 0x00, 0x00, 0x00, 0x00, 0x00, 0x00, 0x00, 
0x00, 0x00, 0x00, 0x00, 0x00, 0x00, 0x00, 0x00, 0x00, 0x00, 0x00, 0x00, 0x00, 0x00, 0x00, 0x00, 
0x00, 0x00, 0x00, 0x00, 0x00, 0x00, 0x00, 0x00, 0x00, 0x00, 0x00, 0x00, 0x00, 0x00, 0x00, 0x00, 
0x00, 0x00, 0x00, 0x00, 0x00, 0x00, 0x00, 0x00, 0x00, 0x00, 0x00, 0x00, 0x00, 0x00, 0x00, 0x00, 
0x00, 0x00, 0x00, 0x00, 0x00, 0x00, 0x00, 0x00, 0x00, 0x00, 0x00, 0x00, 0x00, 0x00, 0x00, 0x00, 
0x00, 0x00, 0x00, 0x00, 0x00, 0x00, 0x00, 0x00, 0x00, 0x00, 0x00, 0x00, 0x00, 0x00, 0x00, 0x00, 
0x00, 0x00, 0x00, 0x00, 0x00, 0x00, 0x00, 0x00, 0x00, 0x00, 0x00, 0x00, 0x00, 0x00, 0x00, 0x00, 
0x00, 0x00, 0x00, 0x00, 0x00, 0x00, 0x00, 0x00, 0x00, 0x00, 0x00, 0x00, 0x00, 0x00, 0x00, 0x00, 
0x00, 0x00, 0x00, 0x00, 0x00, 0x00, 0x00, 0x00, 0x00, 0x00, 0x00, 0x00, 0x00, 0x00, 0x00, 0x00, 
0x00, 0x00, 0x00, 0x00, 0x00, 0x00, 0x00, 0x00, 0x00, 0x00, 0x00, 0x00, 0x00, 0x00, 0x00, 0x00, 
0x00, 0x00, 0x00, 0x00, 0x00, 0x00, 0x00, 0x00, 0x00, 0x00, 0x00, 0x00, 0x00, 0x00, 0x00, 0x00, 
0x00, 0x00, 0x00, 0x00, 0x00, 0x00, 0x00, 0x00, 0x00, 0x00, 0x00, 0x00, 0x00, 0x00, 0x00, 0x00, 
0x00, 0x00, 0x00, 0x00, 0x00, 0x00, 0x00, 0x00, 0x00, 0x00, 0x00, 0x00, 0x00, 0x00, 0x00, 0x00, 
0x00, 0x00, 0x00, 0x00, 0x00, 0x00, 0x00, 0x00, 0x00, 0x00, 0x00, 0x00, 0x00, 0x00, 0x00, 0x00, 
0x00, 0x00, 0x00, 0x00, 0x00, 0x00, 0x00, 0x00, 0x00, 0x00, 0x00, 0x00, 0x00, 0x00, 0x00, 0x00, 
0x00, 0x00, 0x00, 0x00, 0x00, 0x00, 0x00, 0x00, 0x00, 0x00, 0x00, 0x00, 0x00, 0x00, 0x00, 0x00, 
0x00, 0x00, 0x00, 0x00, 0x00, 0x00, 0x00, 0x00, 0x00, 0x00, 0x00, 0x00, 0x00, 0x00, 0x00, 0x00, 
0x00, 0x00, 0x00, 0x00, 0x00, 0x00, 0x00, 0x00, 0x00, 0x00, 0x00, 0x00, 0x00, 0x00, 0x00, 0x00, 
0x00, 0x00, 0x00, 0x00, 0x00, 0x00, 0x00, 0x00, 0x00, 0x00, 0x00, 0x00, 0x00, 0x00, 0x00, 0x00, 
0x00, 0x00, 0x00, 0x00, 0x00, 0x00, 0x00, 0x00, 0x00, 0x00, 0x00, 0x00, 0x00, 0x00, 0x00, 0x00, 
0x00, 0x00, 0x00, 0x00, 0x00, 0x00, 0x00, 0x00, 0x00, 0x00, 0x00, 0x00, 0x00, 0x00, 0x00, 0x00, 
0x00, 0x00, 0x00, 0x00, 0x00, 0x00, 0x00, 0x00, 0x00, 0x00, 0x00, 0x00, 0x00, 0x00, 0x00, 0x00, 
0x00, 0x00, 0x00, 0x00, 0x00, 0x00, 0x00, 0x00, 0x00, 0x00, 0x00, 0x00, 0x00, 0x00, 0x00, 0x00, 
0x00, 0x00, 0x00, 0x00, 0x00, 0x00, 0x00, 0x00, 0x00, 0x00, 0x00, 0x00, 0x00, 0x00, 0x00, 0x00, 
0x00, 0x00, 0x00, 0x00, 0x00, 0x00, 0x00, 0x00, 0x00, 0x00, 0x00, 0x00, 0x00, 0x00, 0x00, 0x00, 
0x00, 0x00, 0x00, 0x00, 0x00, 0x00, 0x00, 0x00, 0x00, 0x00, 0x00, 0x00, 0x00, 0x00, 0x00, 0x00, 
0x00, 0x00, 0x00, 0x00, 0x00, 0x00, 0x00, 0x00, 0x00, 0x00, 0x00, 0x00, 0x00, 0x00, 0x00, 0x00, 
0x00, 0x00, 0x00, 0x00, 0x00, 0x00, 0x00, 0x00, 0x00, 0x00, 0x00, 0x00, 0x00, 0x00, 0x00, 0x00, 
0x00, 0x00, 0x00, 0x00, 0x00, 0x00, 0x00, 0x00, 0x00, 0x00, 0x00, 0x00, 0x00, 0x00, 0x00, 0x00, 
0x00, 0x00, 0x00, 0x00, 0x00, 0x00, 0x00, 0x00, 0x00, 0x00, 0x00, 0x00, 0x00, 0x00, 0x00, 0x00, 
0x00, 0x00, 0x00, 0x00, 0x00, 0x00, 0x00, 0x00, 0x00, 0x00, 0x00, 0x00, 0x00, 0x00, 0x00, 0x00, 
0x00, 0x00, 0x00, 0x00, 0x00, 0x00, 0x00, 0x00, 0x00, 0x00, 0x00, 0x00, 0x00, 0x00, 0x00, 0x00, 
0x00, 0x00, 0x00, 0x00, 0x00, 0x00, 0x00, 0x00, 0x00, 0x00, 0x00, 0x00, 0x00, 0x00, 0x00, 0x00, 
0x00, 0x00, 0x00, 0x00, 0x00, 0x00, 0x00, 0x00, 0x00, 0x00, 0x00, 0x00, 0x00, 0x00, 0x00, 0x00, 
0x00, 0x00, 0x00, 0x00, 0x00, 0x00, 0x00, 0x00, 0x00, 0x00, 0x00, 0x00, 0x00, 0x00, 0x00, 0x00, 
0x00, 0x00, 0x00, 0x00, 0x00, 0x00, 0x00, 0x00, 0x00, 0x00, 0x00, 0x00, 0x00, 0x00, 0x00, 0x00, 
0x00, 0x00, 0x00, 0x00, 0x00, 0x00, 0x00, 0x00, 0x00, 0x00, 0x00, 0x00, 0x00, 0x00, 0x00, 0x00, 
0x00, 0x00, 0x00, 0x00, 0x00, 0x00, 0x00, 0x00, 0x00, 0x00, 0x00, 0x00, 0x00, 0x00, 0x00, 0x00, 
0x00, 0x00, 0x00, 0x00, 0x00, 0x00, 0x00, 0x00, 0x00, 0x00, 0x00, 0x00, 0x00, 0x00, 0x00, 0x00, 
0x00, 0x00, 0x00, 0x00, 0x00, 0x00, 0x00, 0x00, 0x00, 0x00, 0x00, 0x00, 0x00, 0x00, 0x00, 0x00, 
0x00, 0x00, 0x00, 0x00, 0x00, 0x00, 0x00, 0x00, 0x00, 0x00, 0x00, 0x00, 0x00, 0x00, 0x00, 0x00, 
0x00, 0x00, 0x00, 0x00, 0x00, 0x00, 0x00, 0x00, 0x00, 0x00, 0x00, 0x00, 0x00, 0x00, 0x00, 0x00, 
0x00, 0x00, 0x00, 0x00, 0x00, 0x00, 0x00, 0x00, 0x00, 0x00, 0x00, 0x00, 0x00, 0x00, 0x00, 0x00, 
0x00, 0x00, 0x00, 0x00, 0x00, 0x00, 0x00, 0x00, 0x00, 0x00, 0x00, 0x00, 0x00, 0x00, 0x00, 0x00, 
0x00, 0x00, 0x00, 0x00, 0x00, 0x00, 0x00, 0x00, 0x00, 0x00, 0x00, 0x00, 0x00, 0x00, 0x00, 0x00, 
0x00, 0x00, 0x00, 0x00, 0x00, 0x00, 0x00, 0x00, 0x00, 0x00, 0x00, 0x00, 0x00, 0x00, 0x00, 0x00, 
0x00, 0x00, 0x00, 0x00, 0x00, 0x00, 0x00, 0x00, 0x00, 0x00, 0x00, 0x00, 0x00, 0x00, 0x00, 0x00, 
0x00, 0x00, 0x00, 0x00, 0x00, 0x00, 0x00, 0x00, 0x00, 0x00, 0x00, 0x00, 0x00, 0x00, 0x00, 0x00, 
0x00, 0x00, 0x00, 0x00, 0x00, 0x00, 0x00, 0x00, 0x00, 0x00, 0x00, 0x00, 0x00, 0x00, 0x00, 0x00, 
0x00, 0x00, 0x00, 0x00, 0x00, 0x00, 0x00, 0x00, 0x00, 0x00, 0x00, 0x00, 0x00, 0x00, 0x00, 0x00, 
0x00, 0x00, 0x00, 0x00, 0x00, 0x00, 0x00, 0x00, 0x00, 0x00, 0x00, 0x00, 0x00, 0x00, 0x00, 0x00, 
0x00, 0x00, 0x00, 0x00, 0x00, 0x00, 0x00, 0x00, 0x00, 0x00, 0x00, 0x00, 0x00, 0x00, 0x00, 0x00, 
0x00, 0x00, 0x00, 0x00, 0x00, 0x00, 0x00, 0x00, 0x00, 0x00, 0x00, 0x00, 0x00, 0x00, 0x00, 0x00, 
0x00, 0x00, 0x00, 0x00, 0x00, 0x00, 0x00, 0x00, 0x00, 0x00, 0x00, 0x00, 0x00, 0x00, 0x00, 0x00, 
0x00, 0x00, 0x00, 0x00, 0x00, 0x00, 0x00, 0x00, 0x00, 0x00, 0x00, 0x00, 0x00, 0x00, 0x00, 0x00, 
0x00, 0x00, 0x00, 0x00, 0x00, 0x00, 0x00, 0x00, 0x00, 0x00, 0x00, 0x00, 0x00, 0x00, 0x00, 0x00, 
0x00, 0x00, 0x00, 0x00, 0x00, 0x00, 0x00, 0x00, 0x00, 0x00, 0x00, 0x00, 0x00, 0x00, 0x00, 0x00, 
0x00, 0x00, 0x00, 0x00, 0x00, 0x00, 0x00, 0x00, 0x00, 0x00, 0x00, 0x00, 0x00, 0x00, 0x00, 0x00, 
0x00, 0x00, 0x00, 0x00, 0x00, 0x00, 0x00, 0x00, 0x00, 0x00, 0x00, 0x00, 0x00, 0x00, 0x00, 0x00, 
0x00, 0x00, 0x00, 0x00, 0x00, 0x00, 0x00, 0x00, 0x00, 0x00, 0x00, 0x00, 0x00, 0x00, 0x00, 0x00, 
0x00, 0x00, 0x00, 0x00, 0x00, 0x00, 0x00, 0x00, 0x00, 0x00, 0x00, 0x00, 0x00, 0x00, 0x00, 0x00, 
0x00, 0x00, 0x00, 0x00, 0x00, 0x00, 0x00, 0x00, 0x00, 0x00, 0x00, 0x00, 0x00, 0x00, 0x00, 0x00, 
0x00, 0x00, 0x00, 0x00, 0x00, 0x00, 0x00, 0x00, 0x00, 0x00, 0x00, 0x00, 0x00, 0x00, 0x00, 0x00, 
0x00, 0x00, 0x00, 0x00, 0x00, 0x00, 0x00, 0x00, 0x00, 0x00, 0x00, 0x00, 0x00, 0x00, 0x00, 0x00, 
0x00, 0x00, 0x00, 0x00, 0x00, 0x00, 0x00, 0x00, 0x00, 0x00, 0x00, 0x00, 0x00, 0x00, 0x00, 0x00, 
0x00, 0x00, 0x00, 0x00, 0x00, 0x00, 0x00, 0x00, 0x00, 0x00, 0x00, 0x00, 0x00, 0x00, 0x00, 0x00, 
0x00, 0x00, 0x00, 0x00, 0x00, 0x00, 0x00, 0x00, 0x00, 0x00, 0x00, 0x00, 0x00, 0x00, 0x00, 0x00, 
0x00, 0x00, 0x00, 0x00, 0x00, 0x00, 0x00, 0x00, 0x00, 0x00, 0x00, 0x00, 0x00, 0x00, 0x00, 0x00, 
0x00, 0x00, 0x00, 0x00, 0x00, 0x00, 0x00, 0x00, 0x00, 0x00, 0x00, 0x00, 0x00, 0x00, 0x00, 0x00, 
0x00, 0x00, 0x00, 0x00, 0x00, 0x00, 0x00, 0x00, 0x00, 0x00, 0x00, 0x00, 0x00, 0x00, 0x00, 0x00, 
0x00, 0x00, 0x00, 0x00, 0x00, 0x00, 0x00, 0x00, 0x00, 0x00, 0x00, 0x00, 0x00, 0x00, 0x00, 0x00, 
0x00, 0x00, 0x00, 0x00, 0x00, 0x00, 0x00, 0x00, 0x00, 0x00, 0x00, 0x00, 0x00, 0x00, 0x00, 0x00, 
0x00, 0x00, 0x00, 0x00, 0x00, 0x00, 0x00, 0x00, 0x00, 0x00, 0x00, 0x00, 0x00, 0x00, 0x00, 0x00, 
0x00, 0x00, 0x00, 0x00, 0x00, 0x00, 0x00, 0x00, 0x00, 0x00, 0x00, 0x00, 0x00, 0x00, 0x00, 0x00, 
0x00, 0x00, 0x00, 0x00, 0x00, 0x00, 0x00, 0x00, 0x00, 0x00, 0x00, 0x00, 0x00, 0x00, 0x00, 0x00, 
0x00, 0x00, 0x00, 0x00, 0x00, 0x00, 0x00, 0x00, 0x00, 0x00, 0x00, 0x00, 0x00, 0x00, 0x00, 0x00, 
0x00, 0x00, 0x00, 0x00, 0x00, 0x00, 0x00, 0x00, 0x00, 0x00, 0x00, 0x00, 0x00, 0x00, 0x00, 0x00, 
0x00, 0x00, 0x00, 0x00, 0x00, 0x00, 0x00, 0x00, 0x00, 0x00, 0x00, 0x00, 0x00, 0x00, 0x00, 0x00, 
0x00, 0x00, 0x00, 0x00, 0x00, 0x00, 0x00, 0x00, 0x00, 0x00, 0x00, 0x00, 0x00, 0x00, 0x00, 0x00, 
0x00, 0x00, 0x00, 0x00, 0x00, 0x00, 0x00, 0x00, 0x00, 0x00, 0x00, 0x00, 0x00, 0x00, 0x00, 0x00, 
0x00, 0x00, 0x00, 0x00, 0x00, 0x00, 0x00, 0x00, 0x00, 0x00, 0x00, 0x00, 0x00, 0x00, 0x00, 0x00, 
0x00, 0x00, 0x00, 0x00, 0x00, 0x00, 0x00, 0x00, 0x00, 0x00, 0x00, 0x00, 0x00, 0x00, 0x00, 0x00, 
0x00, 0x00, 0x00, 0x00, 0x00, 0x00, 0x00, 0x00, 0x00, 0x00, 0x00, 0x00, 0x00, 0x00, 0x00, 0x00, 
0x00, 0x00, 0x00, 0x00, 0x00, 0x00, 0x00, 0x00, 0x00, 0x00, 0x00, 0x00, 0x00, 0x00, 0x00, 0x00, 
0x00, 0x00, 0x00, 0x00, 0x00, 0x00, 0x00, 0x00, 0x00, 0x00, 0x00, 0x00, 0x00, 0x00, 0x00, 0x00, 
0x00, 0x00, 0x00, 0x00, 0x00, 0x00, 0x00, 0x00, 0x00, 0x00, 0x00, 0x00, 0x00, 0x00, 0x00, 0x00, 
0x00, 0x00, 0x00, 0x00, 0x00, 0x00, 0x00, 0x00, 0x00, 0x00, 0x00, 0x00, 0x00, 0x00, 0x00, 0x00, 
0x00, 0x00, 0x00, 0x00, 0x00, 0x00, 0x00, 0x00, 0x00, 0x00, 0x00, 0x00, 0x00, 0x00, 0x00, 0x00, 
0x00, 0x00, 0x00, 0x00, 0x00, 0x00, 0x00, 0x00, 0x00, 0x00, 0x00, 0x00, 0x00, 0x00, 0x00, 0x00, 
0x00, 0x00, 0x00, 0x00, 0x00, 0x00, 0x00, 0x00, 0x00, 0x00, 0x00, 0x00, 0x00, 0x00, 0x00, 0x00, 
0x00, 0x00, 0x00, 0x00, 0x00, 0x00, 0x00, 0x00, 0x00, 0x00, 0x00, 0x00, 0x00, 0x00, 0x00, 0x00, 
0x00, 0x00, 0x00, 0x00, 0x00, 0x00, 0x00, 0x00, 0x00, 0x00, 0x00, 0x00, 0x00, 0x00, 0x00, 0x00, 
0x00, 0x00, 0x00, 0x00, 0x00, 0x00, 0x00, 0x00, 0x00, 0x00, 0x00, 0x00, 0x00, 0x00, 0x00, 0x00, 
0x00, 0x00, 0x00, 0x00, 0x00, 0x00, 0x00, 0x00, 0x00, 0x00, 0x00, 0x00, 0x00, 0x00, 0x00, 0x00, 
0x00, 0x00, 0x00, 0x00, 0x00, 0x00, 0x00, 0x00, 0x00, 0x00, 0x00, 0x00, 0x00, 0x00, 0x00, 0x00, 
0x00, 0x00, 0x00, 0x00, 0x00, 0x00, 0x00, 0x00, 0x00, 0x00, 0x00, 0x00, 0x00, 0x00, 0x00, 0x00, 
0x00, 0x00, 0x00, 0x00, 0x00, 0x00, 0x00, 0x00, 0x00, 0x00, 0x00, 0x00, 0x00, 0x00, 0x00, 0x00, 
0x00, 0x00, 0x00, 0x00, 0x00, 0x00, 0x00, 0x00, 0x00, 0x00, 0x00, 0x00, 0x00, 0x00, 0x00, 0x00, 
0x00, 0x00, 0x00, 0x00, 0x00, 0x00, 0x00, 0x00, 0x00, 0x00, 0x00, 0x00, 0x00, 0x00, 0x00, 0x00, 
0x00, 0x00, 0x00, 0x00, 0x00, 0x00, 0x00, 0x00, 0x00, 0x00, 0x00, 0x00, 0x00, 0x00, 0x00, 0x00, 
0x00, 0x00, 0x00, 0x00, 0x00, 0x00, 0x00, 0x00, 0x00, 0x00, 0x00, 0x00, 0x00, 0x00, 0x00, 0x00, 
0x00, 0x00, 0x00, 0x00, 0x00, 0x00, 0x00, 0x00, 0x00, 0x00, 0x00, 0x00, 0x00, 0x00, 0x00, 0x00, 
0x00, 0x00, 0x00, 0x00, 0x00, 0x00, 0x00, 0x00, 0x00, 0x00, 0x00, 0x00, 0x00, 0x00, 0x00, 0x00, 
0x00, 0x00, 0x00, 0x00, 0x00, 0x00, 0x00, 0x00, 0x00, 0x00, 0x00, 0x00, 0x00, 0x00, 0x00, 0x00, 
0x00, 0x00, 0x00, 0x00, 0x00, 0x00, 0x00, 0x00, 0x00, 0x00, 0x00, 0x00, 0x00, 0x00, 0x00, 0x00, 
0x00, 0x00, 0x00, 0x00, 0x00, 0x00, 0x00, 0x00, 0x00, 0x00, 0x00, 0x00, 0x00, 0x00, 0x00, 0x00, 
0x00, 0x00, 0x00, 0x00, 0x00, 0x00, 0x00, 0x00, 0x00, 0x00, 0x00, 0x00, 0x00, 0x00, 0x00, 0x00, 
0x00, 0x00, 0x00, 0x00, 0x00, 0x00, 0x00, 0x00, 0x00, 0x00, 0x00, 0x00, 0x00, 0x00, 0x00, 0x00, 
0x00, 0x00, 0x00, 0x00, 0x00, 0x00, 0x00, 0x00, 0x00, 0x00, 0x00, 0x00, 0x00, 0x00, 0x00, 0x00, 
0x00, 0x00, 0x00, 0x00, 0x00, 0x00, 0x00, 0x00, 0x00, 0x00, 0x00, 0x00, 0x00, 0x00, 0x00, 0x00, 
0x00, 0x00, 0x00, 0x00, 0x00, 0x00, 0x00, 0x00, 0x00, 0x00, 0x00, 0x00, 0x00, 0x00, 0x00, 0x00, 
0x00, 0x00, 0x00, 0x00, 0x00, 0x00, 0x00, 0x00, 0x00, 0x00, 0x00, 0x00, 0x00, 0x00, 0x00, 0x00, 
0x00, 0x00, 0x00, 0x00, 0x00, 0x00, 0x00, 0x00, 0x00, 0x00, 0x00, 0x00, 0x00, 0x00, 0x00, 0x00, 
0x00, 0x00, 0x00, 0x00, 0x00, 0x00, 0x00, 0x00, 0x00, 0x00, 0x00, 0x00, 0x00, 0x00, 0x00, 0x00, 
0x00, 0x00, 0x00, 0x00, 0x00, 0x00, 0x00, 0x00, 0x00, 0x00, 0x00, 0x00, 0x00, 0x00, 0x00, 0x00, 
0x00, 0x00, 0x00, 0x00, 0x00, 0x00, 0x00, 0x00, 0x00, 0x00, 0x00, 0x00, 0x00, 0x00, 0x00, 0x00, 
0x00, 0x00, 0x00, 0x00, 0x00, 0x00, 0x00, 0x00, 0x00, 0x00, 0x00, 0x00, 0x00, 0x00, 0x00, 0x00, 
0x00, 0x00, 0x00, 0x00, 0x00, 0x00, 0x00, 0x00, 0x00, 0x00, 0x00, 0x00, 0x00, 0x00, 0x00, 0x00, 
0x00, 0x00, 0x00, 0x00, 0x00, 0x00, 0x00, 0x00, 0x00, 0x00, 0x00, 0x00, 0x00, 0x00, 0x00, 0x00, 
0x00, 0x00, 0x00, 0x00, 0x00, 0x00, 0x00, 0x00, 0x00, 0x00, 0x00, 0x00, 0x00, 0x00, 0x00, 0x00, 
0x00, 0x00, 0x00, 0x00, 0x00, 0x00, 0x00, 0x00, 0x00, 0x00, 0x00, 0x00, 0x00, 0x00, 0x00, 0x00, 
0x00, 0x00, 0x00, 0x00, 0x00, 0x00, 0x00, 0x00, 0x00, 0x00, 0x00, 0x00, 0x00, 0x00, 0x00, 0x00, 
0x00, 0x00, 0x00, 0x00, 0x00, 0x00, 0x00, 0x00, 0x00, 0x00, 0x00, 0x00, 0x00, 0x00, 0x00, 0x00, 
0x00, 0x00, 0x00, 0x00, 0x00, 0x00, 0x00, 0x00, 0x00, 0x00, 0x00, 0x00, 0x00, 0x00, 0x00, 0x00, 
0x00, 0x00, 0x00, 0x00, 0x00, 0x00, 0x00, 0x00, 0x00, 0x00, 0x00, 0x00, 0x00, 0x00, 0x00, 0x00, 
0x00, 0x00, 0x00, 0x00, 0x00, 0x00, 0x00, 0x00, 0x00, 0x00, 0x00, 0x00, 0x00, 0x00, 0x00, 0x00, 
0x00, 0x00, 0x00, 0x00, 0x00, 0x00, 0x00, 0x00, 0x00, 0x00, 0x00, 0x00, 0x00, 0x00, 0x00, 0x00, 
0x00, 0x00, 0x00, 0x00, 0x00, 0x00, 0x00, 0x00, 0x00, 0x00, 0x00, 0x00, 0x00, 0x00, 0x00, 0x00, 
0x00, 0x00, 0x00, 0x00, 0x00, 0x00, 0x00, 0x00, 0x00, 0x00, 0x00, 0x00, 0x00, 0x00, 0x00, 0x00, 
0x00, 0x00, 0x00, 0x00, 0x00, 0x00, 0x00, 0x00, 0x00, 0x00, 0x00, 0x00, 0x00, 0x00, 0x00, 0x00, 
0x00, 0x00, 0x00, 0x00, 0x00, 0x00, 0x00, 0x00, 0x00, 0x00, 0x00, 0x00, 0x00, 0x00, 0x00, 0x00, 
0x00, 0x00, 0x00, 0x00, 0x00, 0x00, 0x00, 0x00, 0x00, 0x00, 0x00, 0x00, 0x00, 0x00, 0x00, 0x00, 
0x00, 0x00, 0x00, 0x00, 0x00, 0x00, 0x00, 0x00, 0x00, 0x00, 0x00, 0x00, 0x00, 0x00, 0x00, 0x00, 
0x00, 0x00, 0x00, 0x00, 0x00, 0x00, 0x00, 0x00, 0x00, 0x00, 0x00, 0x00, 0x00, 0x00, 0x00, 0x00, 
0x00, 0x00, 0x00, 0x00, 0x00, 0x00, 0x00, 0x00, 0x00, 0x00, 0x00, 0x00, 0x00, 0x00, 0x00, 0x00, 
0x00, 0x00, 0x00, 0x00, 0x00, 0x00, 0x00, 0x00, 0x00, 0x00, 0x00, 0x00, 0x00, 0x00, 0x00, 0x00, 
0x00, 0x00, 0x00, 0x00, 0x00, 0x00, 0x00, 0x00, 0x00, 0x00, 0x00, 0x00, 0x00, 0x00, 0x00, 0x00, 
0x00, 0x00, 0x00, 0x00, 0x00, 0x00, 0x00, 0x00, 0x00, 0x00, 0x00, 0x00, 0x00, 0x00, 0x00, 0x00, 
0x00, 0x00, 0x00, 0x00, 0x00, 0x00, 0x00, 0x00, 0x00, 0x00, 0x00, 0x00, 0x00, 0x00, 0x00, 0x00, 
0x00, 0x00, 0x00, 0x00, 0x00, 0x00, 0x00, 0x00, 0x00, 0x00, 0x00, 0x00, 0x00, 0x00, 0x00, 0x00, 
0x00, 0x00, 0x00, 0x00, 0x00, 0x00, 0x00, 0x00, 0x00, 0x00, 0x00, 0x00, 0x00, 0x00, 0x00, 0x00, 
0x00, 0x00, 0x00, 0x00, 0x00, 0x00, 0x00, 0x00, 0x00, 0x00, 0x00, 0x00, 0x00, 0x00, 0x00, 0x00, 
0x00, 0x00, 0x00, 0x00, 0x00, 0x00, 0x00, 0x00, 0x00, 0x00, 0x00, 0x00, 0x00, 0x00, 0x00, 0x00, 
0x00, 0x00, 0x00, 0x00, 0x00, 0x00, 0x00, 0x00, 0x00, 0x00, 0x00, 0x00, 0x00, 0x00, 0x00, 0x00, 
0x00, 0x00, 0x00, 0x00, 0x00, 0x00, 0x00, 0x00, 0x00, 0x00, 0x00, 0x00, 0x00, 0x00, 0x00, 0x00, 
0x00, 0x00, 0x00, 0x00, 0x00, 0x00, 0x00, 0x00, 0x00, 0x00, 0x00, 0x00, 0x00, 0x00, 0x00, 0x00, 
0x00, 0x00, 0x00, 0x00, 0x00, 0x00, 0x00, 0x00, 0x00, 0x00, 0x00, 0x00, 0x00, 0x00, 0x00, 0x00, 
0x00, 0x00, 0x00, 0x00, 0x00, 0x00, 0x00, 0x00, 0x00, 0x00, 0x00, 0x00, 0x00, 0x00, 0x00, 0x00, 
0x00, 0x00, 0x00, 0x00, 0x00, 0x00, 0x00, 0x00, 0x00, 0x00, 0x00, 0x00, 0x00, 0x00, 0x00, 0x00, 
0x00, 0x00, 0x00, 0x00, 0x00, 0x00, 0x00, 0x00, 0x00, 0x00, 0x00, 0x00, 0x00, 0x00, 0x00, 0x00, 
0x00, 0x00, 0x00, 0x00, 0x00, 0x00, 0x00, 0x00, 0x00, 0x00, 0x00, 0x00, 0x00, 0x00, 0x00, 0x00, 
0x00, 0x00, 0x00, 0x00, 0x00, 0x00, 0x00, 0x00, 0x00, 0x00, 0x00, 0x00, 0x00, 0x00, 0x00, 0x00, 
0x00, 0x00, 0x00, 0x00, 0x00, 0x00, 0x00, 0x00, 0x00, 0x00, 0x00, 0x00, 0x00, 0x00, 0x00, 0x00, 
0x00, 0x00, 0x00, 0x00, 0x00, 0x00, 0x00, 0x00, 0x00, 0x00, 0x00, 0x00, 0x00, 0x00, 0x00, 0x00, 
0x00, 0x00, 0x00, 0x00, 0x00, 0x00, 0x00, 0x00, 0x00, 0x00, 0x00, 0x00, 0x00, 0x00, 0x00, 0x00, 
0x00, 0x00, 0x00, 0x00, 0x00, 0x00, 0x00, 0x00, 0x00, 0x00, 0x00, 0x00, 0x00, 0x00, 0x00, 0x00, 
0x00, 0x00, 0x00, 0x00, 0x00, 0x00, 0x00, 0x00, 0x00, 0x00, 0x00, 0x00, 0x00, 0x00, 0x00, 0x00, 
0x00, 0x00, 0x00, 0x00, 0x00, 0x00, 0x00, 0x00, 0x00, 0x00, 0x00, 0x00, 0x00, 0x00, 0x00, 0x00, 
0x00, 0x00, 0x00, 0x00, 0x00, 0x00, 0x00, 0x00, 0x00, 0x00, 0x00, 0x00, 0x00, 0x00, 0x00, 0x00, 
0x00, 0x00, 0x00, 0x00, 0x00, 0x00, 0x00, 0x00, 0x00, 0x00, 0x00, 0x00, 0x00, 0x00, 0x00, 0x00, 
0x00, 0x00, 0x00, 0x00, 0x00, 0x00, 0x00, 0x00, 0x00, 0x00, 0x00, 0x00, 0x00, 0x00, 0x00, 0x00, 
0x00, 0x00, 0x00, 0x00, 0x00, 0x00, 0x00, 0x00, 0x00, 0x00, 0x00, 0x00, 0x00, 0x00, 0x00, 0x00, 
0x00, 0x00, 0x00, 0x00, 0x00, 0x00, 0x00, 0x00, 0x00, 0x00, 0x00, 0x00, 0x00, 0x00, 0x00, 0x00, 
0x00, 0x00, 0x00, 0x00, 0x00, 0x00, 0x00, 0x00, 0x00, 0x00, 0x00, 0x00, 0x00, 0x00, 0x00, 0x00, 
0x00, 0x00, 0x00, 0x00, 0x00, 0x00, 0x00, 0x00, 0x00, 0x00, 0x00, 0x00, 0x00, 0x00, 0x00, 0x00, 
0x00, 0x00, 0x00, 0x00, 0x00, 0x00, 0x00, 0x00, 0x00, 0x00, 0x00, 0x00, 0x00, 0x00, 0x00, 0x00, 
0x00, 0x00, 0x00, 0x00, 0x00, 0x00, 0x00, 0x00, 0x00, 0x00, 0x00, 0x00, 0x00, 0x00, 0x00, 0x00, 
0x00, 0x00, 0x00, 0x00, 0x00, 0x00, 0x00, 0x00, 0x00, 0x00, 0x00, 0x00, 0x00, 0x00, 0x00, 0x00, 
0x00, 0x00, 0x00, 0x00, 0x00, 0x00, 0x00, 0x00, 0x00, 0x00, 0x00, 0x00, 0x00, 0x00, 0x00, 0x00, 
0x00, 0x00, 0x00, 0x00, 0x00, 0x00, 0x00, 0x00, 0x00, 0x00, 0x00, 0x00, 0x00, 0x00, 0x00, 0x00, 
0x00, 0x00, 0x00, 0x00, 0x00, 0x00, 0x00, 0x00, 0x00, 0x00, 0x00, 0x00, 0x00, 0x00, 0x00, 0x00, 
0x00, 0x00, 0x00, 0x00, 0x00, 0x00, 0x00, 0x00, 0x00, 0x00, 0x00, 0x00, 0x00, 0x00, 0x00, 0x00, 
0x00, 0x00, 0x00, 0x00, 0x00, 0x00, 0x00, 0x00, 0x00, 0x00, 0x00, 0x00, 0x00, 0x00, 0x00, 0x00, 
0x00, 0x00, 0x00, 0x00, 0x00, 0x00, 0x00, 0x00, 0x00, 0x00, 0x00, 0x00, 0x00, 0x00, 0x00, 0x00, 
0x00, 0x00, 0x00, 0x00, 0x00, 0x00, 0x00, 0x00, 0x00, 0x00, 0x00, 0x00, 0x00, 0x00, 0x00, 0x00, 
0x00, 0x00, 0x00, 0x00, 0x00, 0x00, 0x00, 0x00, 0x00, 0x00, 0x00, 0x00, 0x00, 0x00, 0x00, 0x00, 
0x00, 0x00, 0x00, 0x00, 0x00, 0x00, 0x00, 0x00, 0x00, 0x00, 0x00, 0x00, 0x00, 0x00, 0x00, 0x00, 
0x00, 0x00, 0x00, 0x00, 0x00, 0x00, 0x00, 0x00, 0x00, 0x00, 0x00, 0x00, 0x00, 0x00, 0x00, 0x00, 
0x00, 0x00, 0x00, 0x00, 0x00, 0x00, 0x00, 0x00, 0x00, 0x00, 0x00, 0x00, 0x00, 0x00, 0x00, 0x00, 
0x00, 0x00, 0x00, 0x00, 0x00, 0x00, 0x00, 0x00, 0x00, 0x00, 0x00, 0x00, 0x00, 0x00, 0x00, 0x00, 
0x00, 0x00, 0x00, 0x00, 0x00, 0x00, 0x00, 0x00, 0x00, 0x00, 0x00, 0x00, 0x00, 0x00, 0x00, 0x00, 
0x00, 0x00, 0x00, 0x00, 0x00, 0x00, 0x00, 0x00, 0x00, 0x00, 0x00, 0x00, 0x00, 0x00, 0x00, 0x00, 
0x00, 0x00, 0x00, 0x00, 0x00, 0x00, 0x00, 0x00, 0x00, 0x00, 0x00, 0x00, 0x00, 0x00, 0x00, 0x00, 
0x00, 0x00, 0x00, 0x00, 0x00, 0x00, 0x00, 0x00, 0x00, 0x00, 0x00, 0x00, 0x00, 0x00, 0x00, 0x00, 
0x00, 0x00, 0x00, 0x00, 0x00, 0x00, 0x00, 0x00, 0x00, 0x00, 0x00, 0x00, 0x00, 0x00, 0x00, 0x00, 
0x00, 0x00, 0x00, 0x00, 0x00, 0x00, 0x00, 0x00, 0x00, 0x00, 0x00, 0x00, 0x00, 0x00, 0x00, 0x00, 
0x00, 0x00, 0x00, 0x00, 0x00, 0x00, 0x00, 0x00, 0x00, 0x00, 0x00, 0x00, 0x00, 0x00, 0x00, 0x00, 
0x00, 0x00, 0x00, 0x00, 0x00, 0x00, 0x00, 0x00, 0x00, 0x00, 0x00, 0x00, 0x00, 0x00, 0x00, 0x00, 
0x00, 0x00, 0x00, 0x00, 0x00, 0x00, 0x00, 0x00, 0x00, 0x00, 0x00, 0x00, 0x00, 0x00, 0x00, 0x00, 
0x00, 0x00, 0x00, 0x00, 0x00, 0x00, 0x00, 0x00, 0x00, 0x00, 0x00, 0x00, 0x00, 0x00, 0x00, 0x00, 
0x00, 0x00, 0x00, 0x00, 0x00, 0x00, 0x00, 0x00, 0x00, 0x00, 0x00, 0x00, 0x00, 0x00, 0x00, 0x00, 
0x00, 0x00, 0x00, 0x00, 0x00, 0x00, 0x00, 0x00, 0x00, 0x00, 0x00, 0x00, 0x00, 0x00, 0x00, 0x00, 
0x00, 0x00, 0x00, 0x00, 0x00, 0x00, 0x00, 0x00, 0x00, 0x00, 0x00, 0x00, 0x00, 0x00, 0x00, 0x00, 
0x00, 0x00, 0x00, 0x00, 0x00, 0x00, 0x00, 0x00, 0x00, 0x00, 0x00, 0x00, 0x00, 0x00, 0x00, 0x00, 
0x00, 0x00, 0x00, 0x00, 0x00, 0x00, 0x00, 0x00, 0x00, 0x00, 0x00, 0x00, 0x00, 0x00, 0x00, 0x00, 
0x00, 0x00, 0x00, 0x00, 0x00, 0x00, 0x00, 0x00, 0x00, 0x00, 0x00, 0x00, 0x00, 0x00, 0x00, 0x00, 
0x00, 0x00, 0x00, 0x00, 0x00, 0x00, 0x00, 0x00, 0x00, 0x00, 0x00, 0x00, 0x00, 0x00, 0x00, 0x00, 
0x00, 0x00, 0x00, 0x00, 0x00, 0x00, 0x00, 0x00, 0x00, 0x00, 0x00, 0x00, 0x00, 0x00, 0x00, 0x00, 
0x00, 0x00, 0x00, 0x00, 0x00, 0x00, 0x00, 0x00, 0x00, 0x00, 0x00, 0x00, 0x00, 0x00, 0x00, 0x00, 
0x00, 0x00, 0x00, 0x00, 0x00, 0x00, 0x00, 0x00, 0x00, 0x00, 0x00, 0x00, 0x00, 0x00, 0x00, 0x00, 
0x00, 0x00, 0x00, 0x00, 0x00, 0x00, 0x00, 0x00, 0x00, 0x00, 0x00, 0x00, 0x00, 0x00, 0x00, 0x00, 
0x00, 0x00, 0x00, 0x00, 0x00, 0x00, 0x00, 0x00, 0x00, 0x00, 0x00, 0x00, 0x00, 0x00, 0x00, 0x00, 
0x00, 0x00, 0x00, 0x00, 0x00, 0x00, 0x00, 0x00, 0x00, 0x00, 0x00, 0x00, 0x00, 0x00, 0x00, 0x00, 
0x00, 0x00, 0x00, 0x00, 0x00, 0x00, 0x00, 0x00, 0x00, 0x00, 0x00, 0x00, 0x00, 0x00, 0x00, 0x00, 
0x00, 0x00, 0x00, 0x00, 0x00, 0x00, 0x00, 0x00, 0x00, 0x00, 0x00, 0x00, 0x00, 0x00, 0x00, 0x00, 
0x00, 0x00, 0x00, 0x00, 0x00, 0x00, 0x00, 0x00, 0x00, 0x00, 0x00, 0x00, 0x00, 0x00, 0x00, 0x00, 
0x00, 0x00, 0x00, 0x00, 0x00, 0x00, 0x00, 0x00, 0x00, 0x00, 0x00, 0x00, 0x00, 0x00, 0x00, 0x00, 
0x00, 0x00, 0x00, 0x00, 0x00, 0x00, 0x00, 0x00, 0x00, 0x00, 0x00, 0x00, 0x00, 0x00, 0x00, 0x00, 
0x00, 0x00, 0x00, 0x00, 0x00, 0x00, 0x00, 0x00, 0x00, 0x00, 0x00, 0x00, 0x00, 0x00, 0x00, 0x00, 
0x00, 0x00, 0x00, 0x00, 0x00, 0x00, 0x00, 0x00, 0x00, 0x00, 0x00, 0x00, 0x00, 0x00, 0x00, 0x00, 
0x00, 0x00, 0x00, 0x00, 0x00, 0x00, 0x00, 0x00, 0x00, 0x00, 0x00, 0x00, 0x00, 0x00, 0x00, 0x00, 
0x00, 0x00, 0x00, 0x00, 0x00, 0x00, 0x00, 0x00, 0x00, 0x00, 0x00, 0x00, 0x00, 0x00, 0x00, 0x00, 
0x00, 0x00, 0x00, 0x00, 0x00, 0x00, 0x00, 0x00, 0x00, 0x00, 0x00, 0x00, 0x00, 0x00, 0x00, 0x00, 
0x00, 0x00, 0x00, 0x00, 0x00, 0x00, 0x00, 0x00, 0x00, 0x00, 0x00, 0x00, 0x00, 0x00, 0x00, 0x00, 
0x00, 0x00, 0x00, 0x00, 0x00, 0x00, 0x00, 0x00, 0x00, 0x00, 0x00, 0x00, 0x00, 0x00, 0x00, 0x00, 
0x00, 0x00, 0x00, 0x00, 0x00, 0x00, 0x00, 0x00, 0x00, 0x00, 0x00, 0x00, 0x00, 0x00, 0x00, 0x00, 
0x00, 0x00, 0x00, 0x00, 0x00, 0x00, 0x00, 0x00, 0x00, 0x00, 0x00, 0x00, 0x00, 0x00, 0x00, 0x00, 
0x00, 0x00, 0x00, 0x00, 0x00, 0x00, 0x00, 0x00, 0x00, 0x00, 0x00, 0x00, 0x00, 0x00, 0x00, 0x00, 
0x00, 0x00, 0x00, 0x00, 0x00, 0x00, 0x00, 0x00, 0x00, 0x00, 0x00, 0x00, 0x00, 0x00, 0x00, 0x00, 
0x00, 0x00, 0x00, 0x00, 0x00, 0x00, 0x00, 0x00, 0x00, 0x00, 0x00, 0x00, 0x00, 0x00, 0x00, 0x00, 
0x00, 0x00, 0x00, 0x00, 0x00, 0x00, 0x00, 0x00, 0x00, 0x00, 0x00, 0x00, 0x00, 0x00, 0x00, 0x00, 
0x00, 0x00, 0x00, 0x00, 0x00, 0x00, 0x00, 0x00, 0x00, 0x00, 0x00, 0x00, 0x00, 0x00, 0x00, 0x00, 
0x00, 0x00, 0x00, 0x00, 0x00, 0x00, 0x00, 0x00, 0x00, 0x00, 0x00, 0x00, 0x00, 0x00, 0x00, 0x00, 
0x00, 0x00, 0x00, 0x00, 0x00, 0x00, 0x00, 0x00, 0x00, 0x00, 0x00, 0x00, 0x00, 0x00, 0x00, 0x00, 
0x00, 0x00, 0x00, 0x00, 0x00, 0x00, 0x00, 0x00, 0x00, 0x00, 0x00, 0x00, 0x00, 0x00, 0x00, 0x00, 
0x00, 0x00, 0x00, 0x00, 0x00, 0x00, 0x00, 0x00, 0x00, 0x00, 0x00, 0x00, 0x00, 0x00, 0x00, 0x00, 
0x00, 0x00, 0x00, 0x00, 0x00, 0x00, 0x00, 0x00, 0x00, 0x00, 0x00, 0x00, 0x00, 0x00, 0x00, 0x00, 
0x00, 0x00, 0x00, 0x00, 0x00, 0x00, 0x00, 0x00, 0x00, 0x00, 0x00, 0x00, 0x00, 0x00, 0x00, 0x00, 
0x00, 0x00, 0x00, 0x00, 0x00, 0x00, 0x00, 0x00, 0x00, 0x00, 0x00, 0x00, 0x00, 0x00, 0x00, 0x00, 
0x00, 0x00, 0x00, 0x00, 0x00, 0x00, 0x00, 0x00, 0x00, 0x00, 0x00, 0x00, 0x00, 0x00, 0x00, 0x00, 
0x00, 0x00, 0x00, 0x00, 0x00, 0x00, 0x00, 0x00, 0x00, 0x00, 0x00, 0x00, 0x00, 0x00, 0x00, 0x00, 
0x00, 0x00, 0x00, 0x00, 0x00, 0x00, 0x00, 0x00, 0x00, 0x00, 0x00, 0x00, 0x00, 0x00, 0x00, 0x00, 
0x00, 0x00, 0x00, 0x00, 0x00, 0x00, 0x00, 0x00, 0x00, 0x00, 0x00, 0x00, 0x00, 0x00, 0x00, 0x00, 
0x00, 0x00, 0x00, 0x00, 0x00, 0x00, 0x00, 0x00, 0x00, 0x00, 0x00, 0x00, 0x00, 0x00, 0x00, 0x00, 
0x00, 0x00, 0x00, 0x00, 0x00, 0x00, 0x00, 0x00, 0x00, 0x00, 0x00, 0x00, 0x00, 0x00, 0x00, 0x00, 
0x00, 0x00, 0x00, 0x00, 0x00, 0x00, 0x00, 0x00, 0x00, 0x00, 0x00, 0x00, 0x00, 0x00, 0x00, 0x00, 
0x00, 0x00, 0x00, 0x00, 0x00, 0x00, 0x00, 0x00, 0x00, 0x00, 0x00, 0x00, 0x00, 0x00, 0x00, 0x00, 
0x00, 0x00, 0x00, 0x00, 0x00, 0x00, 0x00, 0x00, 0x00, 0x00, 0x00, 0x00, 0x00, 0x00, 0x00, 0x00, 
0x00, 0x00, 0x00, 0x00, 0x00, 0x00, 0x00, 0x00, 0x00, 0x00, 0x00, 0x00, 0x00, 0x00, 0x00, 0x00, 
0x00, 0x00, 0x00, 0x00, 0x00, 0x00, 0x00, 0x00, 0x00, 0x00, 0x00, 0x00, 0x00, 0x00, 0x00, 0x00, 
0x00, 0x00, 0x00, 0x00, 0x00, 0x00, 0x00, 0x00, 0x00, 0x00, 0x00, 0x00, 0x00, 0x00, 0x00, 0x00, 
0x00, 0x00, 0x00, 0x00, 0x00, 0x00, 0x00, 0x00, 0x00, 0x00, 0x00, 0x00, 0x00, 0x00, 0x00, 0x00, 
0x00, 0x00, 0x00, 0x00, 0x00, 0x00, 0x00, 0x00, 0x00, 0x00, 0x00, 0x00, 0x00, 0x00, 0x00, 0x00, 
0x00, 0x00, 0x00, 0x00, 0x00, 0x00, 0x00, 0x00, 0x00, 0x00, 0x00, 0x00, 0x00, 0x00, 0x00, 0x00, 
0x00, 0x00, 0x00, 0x00, 0x00, 0x00, 0x00, 0x00, 0x00, 0x00, 0x00, 0x00, 0x00, 0x00, 0x00, 0x00, 
0x00, 0x00, 0x00, 0x00, 0x00, 0x00, 0x00, 0x00, 0x00, 0x00, 0x00, 0x00, 0x00, 0x00, 0x00, 0x00, 
0x00, 0x00, 0x00, 0x00, 0x00, 0x00, 0x00, 0x00, 0x00, 0x00, 0x00, 0x00, 0x00, 0x00, 0x00, 0x00, 
0x00, 0x00, 0x00, 0x00, 0x00, 0x00, 0x00, 0x00, 0x00, 0x00, 0x00, 0x00, 0x00, 0x00, 0x00, 0x00, 
0x00, 0x00, 0x00, 0x00, 0x00, 0x00, 0x00, 0x00, 0x00, 0x00, 0x00, 0x00, 0x00, 0x00, 0x00, 0x00, 
0x00, 0x00, 0x00, 0x00, 0x00, 0x00, 0x00, 0x00, 0x00, 0x00, 0x00, 0x00, 0x00, 0x00, 0x00, 0x00, 
0x00, 0x00, 0x00, 0x00, 0x00, 0x00, 0x00, 0x00, 0x00, 0x00, 0x00, 0x00, 0x00, 0x00, 0x00, 0x00, 
0x00, 0x00, 0x00, 0x00, 0x00, 0x00, 0x00, 0x00, 0x00, 0x00, 0x00, 0x00, 0x00, 0x00, 0x00, 0x00, 
0x00, 0x00, 0x00, 0x00, 0x00, 0x00, 0x00, 0x00, 0x00, 0x00, 0x00, 0x00, 0x00, 0x00, 0x00, 0x00, 
0x00, 0x00, 0x00, 0x00, 0x00, 0x00, 0x00, 0x00, 0x00, 0x00, 0x00, 0x00, 0x00, 0x00, 0x00, 0x00, 
0x00, 0x00, 0x00, 0x00, 0x00, 0x00, 0x00, 0x00, 0x00, 0x00, 0x00, 0x00, 0x00, 0x00, 0x00, 0x00, 
0x00, 0x00, 0x00, 0x00, 0x00, 0x00, 0x00, 0x00, 0x00, 0x00, 0x00, 0x00, 0x00, 0x00, 0x00, 0x00, 
0x00, 0x00, 0x00, 0x00, 0x00, 0x00, 0x00, 0x00, 0x00, 0x00, 0x00, 0x00, 0x00, 0x00, 0x00, 0x00, 
0x00, 0x00, 0x00, 0x00, 0x00, 0x00, 0x00, 0x00, 0x00, 0x00, 0x00, 0x00, 0x00, 0x00, 0x00, 0x00, 
0x00, 0x00, 0x00, 0x00, 0x00, 0x00, 0x00, 0x00, 0x00, 0x00, 0x00, 0x00, 0x00, 0x00, 0x00, 0x00, 
0x00, 0x00, 0x00, 0x00, 0x00, 0x00, 0x00, 0x00, 0x00, 0x00, 0x00, 0x00, 0x00, 0x00, 0x00, 0x00, 
0x00, 0x00, 0x00, 0x00, 0x00, 0x00, 0x00, 0x00, 0x00, 0x00, 0x00, 0x00, 0x00, 0x00, 0x00, 0x00, 
0x00, 0x00, 0x00, 0x00, 0x00, 0x00, 0x00, 0x00, 0x00, 0x00, 0x00, 0x00, 0x00, 0x00, 0x00, 0x00, 
0x00, 0x00, 0x00, 0x00, 0x00, 0x00, 0x00, 0x00, 0x00, 0x00, 0x00, 0x00, 0x00, 0x00, 0x00, 0x00, 
0x00, 0x00, 0x00, 0x00, 0x00, 0x00, 0x00, 0x00, 0x00, 0x00, 0x00, 0x00, 0x00, 0x00, 0x00, 0x00, 
0x00, 0x00, 0x00, 0x00, 0x00, 0x00, 0x00, 0x00, 0x00, 0x00, 0x00, 0x00, 0x00, 0x00, 0x00, 0x00, 
0x00, 0x00, 0x00, 0x00, 0x00, 0x00, 0x00, 0x00, 0x00, 0x00, 0x00, 0x00, 0x00, 0x00, 0x00, 0x00, 
0x00, 0x00, 0x00, 0x00, 0x00, 0x00, 0x00, 0x00, 0x00, 0x00, 0x00, 0x00, 0x00, 0x00, 0x00, 0x00, 
0x00, 0x00, 0x00, 0x00, 0x00, 0x00, 0x00, 0x00, 0x00, 0x00, 0x00, 0x00, 0x00, 0x00, 0x00, 0x00, 
0x00, 0x00, 0x00, 0x00, 0x00, 0x00, 0x00, 0x00, 0x00, 0x00, 0x00, 0x00, 0x00, 0x00, 0x00, 0x00, 
0x00, 0x00, 0x00, 0x00, 0x00, 0x00, 0x00, 0x00, 0x00, 0x00, 0x00, 0x00, 0x00, 0x00, 0x00, 0x00, 
0x00, 0x00, 0x00, 0x00, 0x00, 0x00, 0x00, 0x00, 0x00, 0x00, 0x00, 0x00, 0x00, 0x00, 0x00, 0x00, 
0x00, 0x00, 0x00, 0x00, 0x00, 0x00, 0x00, 0x00, 0x00, 0x00, 0x00, 0x00, 0x00, 0x00, 0x00, 0x00, 
0x00, 0x00, 0x00, 0x00, 0x00, 0x00, 0x00, 0x00, 0x00, 0x00, 0x00, 0x00, 0x00, 0x00, 0x00, 0x00, 
0x00, 0x00, 0x00, 0x00, 0x00, 0x00, 0x00, 0x00, 0x00, 0x00, 0x00, 0x00, 0x00, 0x00, 0x00, 0x00, 
0x00, 0x00, 0x00, 0x00, 0x00, 0x00, 0x00, 0x00, 0x00, 0x00, 0x00, 0x00, 0x00, 0x00, 0x00, 0x00, 
0x00, 0x00, 0x00, 0x00, 0x00, 0x00, 0x00, 0x00, 0x00, 0x00, 0x00, 0x00, 0x00, 0x00, 0x00, 0x00, 
0x00, 0x00, 0x00, 0x00, 0x00, 0x00, 0x00, 0x00, 0x00, 0x00, 0x00, 0x00, 0x00, 0x00, 0x00, 0x00, 
0x00, 0x00, 0x00, 0x00, 0x00, 0x00, 0x00, 0x00, 0x00, 0x00, 0x00, 0x00, 0x00, 0x00, 0x00, 0x00, 
0x00, 0x00, 0x00, 0x00, 0x00, 0x00, 0x00, 0x00, 0x00, 0x00, 0x00, 0x00, 0x00, 0x00, 0x00, 0x00, 
0x00, 0x00, 0x00, 0x00, 0x00, 0x00, 0x00, 0x00, 0x00, 0x00, 0x00, 0x00, 0x00, 0x00, 0x00, 0x00, 
0x00, 0x00, 0x00, 0x00, 0x00, 0x00, 0x00, 0x00, 0x00, 0x00, 0x00, 0x00, 0x00, 0x00, 0x00, 0x00, 
0x00, 0x00, 0x00, 0x00, 0x00, 0x00, 0x00, 0x00, 0x00, 0x00, 0x00, 0x00, 0x00, 0x00, 0x00, 0x00, 
0x00, 0x00, 0x00, 0x00, 0x00, 0x00, 0x00, 0x00, 0x00, 0x00, 0x00, 0x00, 0x00, 0x00, 0x00, 0x00, 
0x00, 0x00, 0x00, 0x00, 0x00, 0x00, 0x00, 0x00, 0x00, 0x00, 0x00, 0x00, 0x00, 0x00, 0x00, 0x00, 
0x00, 0x00, 0x00, 0x00, 0x00, 0x00, 0x00, 0x00, 0x00, 0x00, 0x00, 0x00, 0x00, 0x00, 0x00, 0x00, 
0x00, 0x00, 0x00, 0x00, 0x00, 0x00, 0x00, 0x00, 0x00, 0x00, 0x00, 0x00, 0x00, 0x00, 0x00, 0x00, 
0x00, 0x00, 0x00, 0x00, 0x00, 0x00, 0x00, 0x00, 0x00, 0x00, 0x00, 0x00, 0x00, 0x00, 0x00, 0x00, 
0x00, 0x00, 0x00, 0x00, 0x00, 0x00, 0x00, 0x00, 0x00, 0x00, 0x00, 0x00, 0x00, 0x00, 0x00, 0x00, 
0x00, 0x00, 0x00, 0x00, 0x00, 0x00, 0x00, 0x00, 0x00, 0x00, 0x00, 0x00, 0x00, 0x00, 0x00, 0x00, 
0x00, 0x00, 0x00, 0x00, 0x00, 0x00, 0x00, 0x00, 0x00, 0x00, 0x00, 0x00, 0x00, 0x00, 0x00, 0x00, 
0x00, 0x00, 0x00, 0x00, 0x00, 0x00, 0x00, 0x00, 0x00, 0x00, 0x00, 0x00, 0x00, 0x00, 0x00, 0x00, 
0x00, 0x00, 0x00, 0x00, 0x00, 0x00, 0x00, 0x00, 0x00, 0x00, 0x00, 0x00, 0x00, 0x00, 0x00, 0x00, 
0x00, 0x00, 0x00, 0x00, 0x00, 0x00, 0x00, 0x00, 0x00, 0x00, 0x00, 0x00, 0x00, 0x00, 0x00, 0x00, 
0x00, 0x00, 0x00, 0x00, 0x00, 0x00, 0x00, 0x00, 0x00, 0x00, 0x00, 0x00, 0x00, 0x00, 0x00, 0x00, 
0x00, 0x00, 0x00, 0x00, 0x00, 0x00, 0x00, 0x00, 0x00, 0x00, 0x00, 0x00, 0x00, 0x00, 0x00, 0x00, 
0x00, 0x00, 0x00, 0x00, 0x00, 0x00, 0x00, 0x00, 0x00, 0x00, 0x00, 0x00, 0x00, 0x00, 0x00, 0x00, 
0x00, 0x00, 0x00, 0x00, 0x00, 0x00, 0x00, 0x00, 0x00, 0x00, 0x00, 0x00, 0x00, 0x00, 0x00, 0x00, 
0x00, 0x00, 0x00, 0x00, 0x00, 0x00, 0x00, 0x00, 0x00, 0x00, 0x00, 0x00, 0x00, 0x00, 0x00, 0x00, 
0x00, 0x00, 0x00, 0x00, 0x00, 0x00, 0x00, 0x00, 0x00, 0x00, 0x00, 0x00, 0x00, 0x00, 0x00, 0x00, 
0x00, 0x00, 0x00, 0x00, 0x00, 0x00, 0x00, 0x00, 0x00, 0x00, 0x00, 0x00, 0x00, 0x00, 0x00, 0x00, 
0x00, 0x00, 0x00, 0x00, 0x00, 0x00, 0x00, 0x00, 0x00, 0x00, 0x00, 0x00, 0x00, 0x00, 0x00, 0x00, 
0x00, 0x00, 0x00, 0x00, 0x00, 0x00, 0x00, 0x00, 0x00, 0x00, 0x00, 0x00, 0x00, 0x00, 0x00, 0x00, 
0x00, 0x00, 0x00, 0x00, 0x00, 0x00, 0x00, 0x00, 0x00, 0x00, 0x00, 0x00, 0x00, 0x00, 0x00, 0x00, 
0x00, 0x00, 0x00, 0x00, 0x00, 0x00, 0x00, 0x00, 0x00, 0x00, 0x00, 0x00, 0x00, 0x00, 0x00, 0x00, 
0x00, 0x00, 0x00, 0x00, 0x00, 0x00, 0x00, 0x00, 0x00, 0x00, 0x00, 0x00, 0x00, 0x00, 0x00, 0x00, 
0x00, 0x00, 0x00, 0x00, 0x00, 0x00, 0x00, 0x00, 0x00, 0x00, 0x00, 0x00, 0x00, 0x00, 0x00, 0x00, 
0x00, 0x00, 0x00, 0x00, 0x00, 0x00, 0x00, 0x00, 0x00, 0x00, 0x00, 0x00, 0x00, 0x00, 0x00, 0x00, 
0x00, 0x00, 0x00, 0x00, 0x00, 0x00, 0x00, 0x00, 0x00, 0x00, 0x00, 0x00, 0x00, 0x00, 0x00, 0x00, 
0x00, 0x00, 0x00, 0x00, 0x00, 0x00, 0x00, 0x00, 0x00, 0x00, 0x00, 0x00, 0x00, 0x00, 0x00, 0x00, 
0x00, 0x00, 0x00, 0x00, 0x00, 0x00, 0x00, 0x00, 0x00, 0x00, 0x00, 0x00, 0x00, 0x00, 0x00, 0x00, 
0x00, 0x00, 0x00, 0x00, 0x00, 0x00, 0x00, 0x00, 0x00, 0x00, 0x00, 0x00, 0x00, 0x00, 0x00, 0x00, 
0x00, 0x00, 0x00, 0x00, 0x00, 0x00, 0x00, 0x00, 0x00, 0x00, 0x00, 0x00, 0x00, 0x00, 0x00, 0x00, 
0x00, 0x00, 0x00, 0x00, 0x00, 0x00, 0x00, 0x00, 0x00, 0x00, 0x00, 0x00, 0x00, 0x00, 0x00, 0x00, 
0x00, 0x00, 0x00, 0x00, 0x00, 0x00, 0x00, 0x00, 0x00, 0x00, 0x00, 0x00, 0x00, 0x00, 0x00, 0x00, 
0x00, 0x00, 0x00, 0x00, 0x00, 0x00, 0x00, 0x00, 0x00, 0x00, 0x00, 0x00, 0x00, 0x00, 0x00, 0x00, 
0x00, 0x00, 0x00, 0x00, 0x00, 0x00, 0x00, 0x00, 0x00, 0x00, 0x00, 0x00, 0x00, 0x00, 0x00, 0x00, 
0x00, 0x00, 0x00, 0x00, 0x00, 0x00, 0x00, 0x00, 0x00, 0x00, 0x00, 0x00, 0x00, 0x00, 0x00, 0x00, 
0x00, 0x00, 0x00, 0x00, 0x00, 0x00, 0x00, 0x00, 0x00, 0x00, 0x00, 0x00, 0x00, 0x00, 0x00, 0x00, 
0x00, 0x00, 0x00, 0x00, 0x00, 0x00, 0x00, 0x00, 0x00, 0x00, 0x00, 0x00, 0x00, 0x00, 0x00, 0x00, 
0x00, 0x00, 0x00, 0x00, 0x00, 0x00, 0x00, 0x00, 0x00, 0x00, 0x00, 0x00, 0x00, 0x00, 0x00, 0x00, 
0x00, 0x00, 0x00, 0x00, 0x00, 0x00, 0x00, 0x00, 0x00, 0x00, 0x00, 0x00, 0x00, 0x00, 0x00, 0x00, 
0x00, 0x00, 0x00, 0x00, 0x00, 0x00, 0x00, 0x00, 0x00, 0x00, 0x00, 0x00, 0x00, 0x00, 0x00, 0x00, 
0x00, 0x00, 0x00, 0x00, 0x00, 0x00, 0x00, 0x00, 0x00, 0x00, 0x00, 0x00, 0x00, 0x00, 0x00, 0x00, 
0x00, 0x00, 0x00, 0x00, 0x00, 0x00, 0x00, 0x00, 0x00, 0x00, 0x00, 0x00, 0x00, 0x00, 0x00, 0x00, 
0x00, 0x00, 0x00, 0x00, 0x00, 0x00, 0x00, 0x00, 0x00, 0x00, 0x00, 0x00, 0x00, 0x00, 0x00, 0x00, 
0x00, 0x00, 0x00, 0x00, 0x00, 0x00, 0x00, 0x00, 0x00, 0x00, 0x00, 0x00, 0x00, 0x00, 0x00, 0x00, 
0x00, 0x00, 0x00, 0x00, 0x00, 0x00, 0x00, 0x00, 0x00, 0x00, 0x00, 0x00, 0x00, 0x00, 0x00, 0x00, 
0x00, 0x00, 0x00, 0x00, 0x00, 0x00, 0x00, 0x00, 0x00, 0x00, 0x00, 0x00, 0x00, 0x00, 0x00, 0x00, 
0x00, 0x00, 0x00, 0x00, 0x00, 0x00, 0x00, 0x00, 0x00, 0x00, 0x00, 0x00, 0x00, 0x00, 0x00, 0x00, 
0x00, 0x00, 0x00, 0x00, 0x00, 0x00, 0x00, 0x00, 0x00, 0x00, 0x00, 0x00, 0x00, 0x00, 0x00, 0x00, 
0x00, 0x00, 0x00, 0x00, 0x00, 0x00, 0x00, 0x00, 0x00, 0x00, 0x00, 0x00, 0x00, 0x00, 0x00, 0x00, 
0x00, 0x00, 0x00, 0x00, 0x00, 0x00, 0x00, 0x00, 0x00, 0x00, 0x00, 0x00, 0x00, 0x00, 0x00, 0x00, 
0x00, 0x00, 0x00, 0x00, 0x00, 0x00, 0x00, 0x00, 0x00, 0x00, 0x00, 0x00, 0x00, 0x00, 0x00, 0x00, 
0x00, 0x00, 0x00, 0x00, 0x00, 0x00, 0x00, 0x00, 0x00, 0x00, 0x00, 0x00, 0x00, 0x00, 0x00, 0x00, 
0x00, 0x00, 0x00, 0x00, 0x00, 0x00, 0x00, 0x00, 0x00, 0x00, 0x00, 0x00, 0x00, 0x00, 0x00, 0x00, 
0x00, 0x00, 0x00, 0x00, 0x00, 0x00, 0x00, 0x00, 0x00, 0x00, 0x00, 0x00, 0x00, 0x00, 0x00, 0x00, 
0x00, 0x00, 0x00, 0x00, 0x00, 0x00, 0x00, 0x00, 0x00, 0x00, 0x00, 0x00, 0x00, 0x00, 0x00, 0x00, 
0x00, 0x00, 0x00, 0x00, 0x00, 0x00, 0x00, 0x00, 0x00, 0x00, 0x00, 0x00, 0x00, 0x00, 0x00, 0x00, 
0x00, 0x00, 0x00, 0x00, 0x00, 0x00, 0x00, 0x00, 0x00, 0x00, 0x00, 0x00, 0x00, 0x00, 0x00, 0x00, 
0x00, 0x00, 0x00, 0x00, 0x00, 0x00, 0x00, 0x00, 0x00, 0x00, 0x00, 0x00, 0x00, 0x00, 0x00, 0x00, 
0x00, 0x00, 0x00, 0x00, 0x00, 0x00, 0x00, 0x00, 0x00, 0x00, 0x00, 0x00, 0x00, 0x00, 0x00, 0x00, 
0x00, 0x00, 0x00, 0x00, 0x00, 0x00, 0x00, 0x00, 0x00, 0x00, 0x00, 0x00, 0x00, 0x00, 0x00, 0x00, 
0x00, 0x00, 0x00, 0x00, 0x00, 0x00, 0x00, 0x00, 0x00, 0x00, 0x00, 0x00, 0x00, 0x00, 0x00, 0x00, 
0x00, 0x00, 0x00, 0x00, 0x00, 0x00, 0x00, 0x00, 0x00, 0x00, 0x00, 0x00, 0x00, 0x00, 0x00, 0x00, 
0x00, 0x00, 0x00, 0x00, 0x00, 0x00, 0x00, 0x00, 0x00, 0x00, 0x00, 0x00, 0x00, 0x00, 0x00, 0x00, 
0x00, 0x00, 0x00, 0x00, 0x00, 0x00, 0x00, 0x00, 0x00, 0x00, 0x00, 0x00, 0x00, 0x00, 0x00, 0x00, 
0x00, 0x00, 0x00, 0x00, 0x00, 0x00, 0x00, 0x00, 0x00, 0x00, 0x00, 0x00, 0x00, 0x00, 0x00, 0x00, 
0x00, 0x00, 0x00, 0x00, 0x00, 0x00, 0x00, 0x00, 0x00, 0x00, 0x00, 0x00, 0x00, 0x00, 0x00, 0x00, 
0x00, 0x00, 0x00, 0x00, 0x00, 0x00, 0x00, 0x00, 0x00, 0x00, 0x00, 0x00, 0x00, 0x00, 0x00, 0x00, 
0x00, 0x00, 0x00, 0x00, 0x00, 0x00, 0x00, 0x00, 0x00, 0x00, 0x00, 0x00, 0x00, 0x00, 0x00, 0x00, 
0x00, 0x00, 0x00, 0x00, 0x00, 0x00, 0x00, 0x00, 0x00, 0x00, 0x00, 0x00, 0x00, 0x00, 0x00, 0x00, 
0x00, 0x00, 0x00, 0x00, 0x00, 0x00, 0x00, 0x00, 0x00, 0x00, 0x00, 0x00, 0x00, 0x00, 0x00, 0x00, 
0x00, 0x00, 0x00, 0x00, 0x00, 0x00, 0x00, 0x00, 0x00, 0x00, 0x00, 0x00, 0x00, 0x00, 0x00, 0x00, 
0x00, 0x00, 0x00, 0x00, 0x00, 0x00, 0x00, 0x00, 0x00, 0x00, 0x00, 0x00, 0x00, 0x00, 0x00, 0x00, 
0x00, 0x00, 0x00, 0x00, 0x00, 0x00, 0x00, 0x00, 0x00, 0x00, 0x00, 0x00, 0x00, 0x00, 0x00, 0x00, 
0x00, 0x00, 0x00, 0x00, 0x00, 0x00, 0x00, 0x00, 0x00, 0x00, 0x00, 0x00, 0x00, 0x00, 0x00, 0x00, 
0x00, 0x00, 0x00, 0x00, 0x00, 0x00, 0x00, 0x00, 0x00, 0x00, 0x00, 0x00, 0x00, 0x00, 0x00, 0x00, 
0x00, 0x00, 0x00, 0x00, 0x00, 0x00, 0x00, 0x00, 0x00, 0x00, 0x00, 0x00, 0x00, 0x00, 0x00, 0x00, 
0x00, 0x00, 0x00, 0x00, 0x00, 0x00, 0x00, 0x00, 0x00, 0x00, 0x00, 0x00, 0x00, 0x00, 0x00, 0x00, 
0x00, 0x00, 0x00, 0x00, 0x00, 0x00, 0x00, 0x00, 0x00, 0x00, 0x00, 0x00, 0x00, 0x00, 0x00, 0x00, 
0x00, 0x00, 0x00, 0x00, 0x00, 0x00, 0x00, 0x00, 0x00, 0x00, 0x00, 0x00, 0x00, 0x00, 0x00, 0x00, 
0x00, 0x00, 0x00, 0x00, 0x00, 0x00, 0x00, 0x00, 0x00, 0x00, 0x00, 0x00, 0x00, 0x00, 0x00, 0x00, 
0x00, 0x00, 0x00, 0x00, 0x00, 0x00, 0x00, 0x00, 0x00, 0x00, 0x00, 0x00, 0x00, 0x00, 0x00, 0x00, 
0x00, 0x00, 0x00, 0x00, 0x00, 0x00, 0x00, 0x00, 0x00, 0x00, 0x00, 0x00, 0x00, 0x00, 0x00, 0x00, 
0x00, 0x00, 0x00, 0x00, 0x00, 0x00, 0x00, 0x00, 0x00, 0x00, 0x00, 0x00, 0x00, 0x00, 0x00, 0x00, 
0x00, 0x00, 0x00, 0x00, 0x00, 0x00, 0x00, 0x00, 0x00, 0x00, 0x00, 0x00, 0x00, 0x00, 0x00, 0x00, 
0x00, 0x00, 0x00, 0x00, 0x00, 0x00, 0x00, 0x00, 0x00, 0x00, 0x00, 0x00, 0x00, 0x00, 0x00, 0x00, 
0x00, 0x00, 0x00, 0x00, 0x00, 0x00, 0x00, 0x00, 0x00, 0x00, 0x00, 0x00, 0x00, 0x00, 0x00, 0x00, 
0x00, 0x00, 0x00, 0x00, 0x00, 0x00, 0x00, 0x00, 0x00, 0x00, 0x00, 0x00, 0x00, 0x00, 0x00, 0x00, 
0x00, 0x00, 0x00, 0x00, 0x00, 0x00, 0x00, 0x00, 0x00, 0x00, 0x00, 0x00, 0x00, 0x00, 0x00, 0x00, 
0x00, 0x00, 0x00, 0x00, 0x00, 0x00, 0x00, 0x00, 0x00, 0x00, 0x00, 0x00, 0x00, 0x00, 0x00, 0x00, 
0x00, 0x00, 0x00, 0x00, 0x00, 0x00, 0x00, 0x00, 0x00, 0x00, 0x00, 0x00, 0x00, 0x00, 0x00, 0x00, 
0x00, 0x00, 0x00, 0x00, 0x00, 0x00, 0x00, 0x00, 0x00, 0x00, 0x00, 0x00, 0x00, 0x00, 0x00, 0x00, 
0x00, 0x00, 0x00, 0x00, 0x00, 0x00, 0x00, 0x00, 0x00, 0x00, 0x00, 0x00, 0x00, 0x00, 0x00, 0x00, 
0x00, 0x00, 0x00, 0x00, 0x00, 0x00, 0x00, 0x00, 0x00, 0x00, 0x00, 0x00, 0x00, 0x00, 0x00, 0x00, 
0x00, 0x00, 0x00, 0x00, 0x00, 0x00, 0x00, 0x00, 0x00, 0x00, 0x00, 0x00, 0x00, 0x00, 0x00, 0x00, 
0x00, 0x00, 0x00, 0x00, 0x00, 0x00, 0x00, 0x00, 0x00, 0x00, 0x00, 0x00, 0x00, 0x00, 0x00, 0x00, 
0x00, 0x00, 0x00, 0x00, 0x00, 0x00, 0x00, 0x00, 0x00, 0x00, 0x00, 0x00, 0x00, 0x00, 0x00, 0x00, 
0x00, 0x00, 0x00, 0x00, 0x00, 0x00, 0x00, 0x00, 0x00, 0x00, 0x00, 0x00, 0x00, 0x00, 0x00, 0x00, 
0x00, 0x00, 0x00, 0x00, 0x00, 0x00, 0x00, 0x00, 0x00, 0x00, 0x00, 0x00, 0x00, 0x00, 0x00, 0x00, 
0x00, 0x00, 0x00, 0x00, 0x00, 0x00, 0x00, 0x00, 0x00, 0x00, 0x00, 0x00, 0x00, 0x00, 0x00, 0x00, 
0x00, 0x00, 0x00, 0x00, 0x00, 0x00, 0x00, 0x00, 0x00, 0x00, 0x00, 0x00, 0x00, 0x00, 0x00, 0x00, 
0x00, 0x00, 0x00, 0x00, 0x00, 0x00, 0x00, 0x00, 0x00, 0x00, 0x00, 0x00, 0x00, 0x00, 0x00, 0x00, 
0x00, 0x00, 0x00, 0x00, 0x00, 0x00, 0x00, 0x00, 0x00, 0x00, 0x00, 0x00, 0x00, 0x00, 0x00, 0x00, 
0x00, 0x00, 0x00, 0x00, 0x00, 0x00, 0x00, 0x00, 0x00, 0x00, 0x00, 0x00, 0x00, 0x00, 0x00, 0x00, 
0x00, 0x00, 0x00, 0x00, 0x00, 0x00, 0x00, 0x00, 0x00, 0x00, 0x00, 0x00, 0x00, 0x00, 0x00, 0x00, 
0x00, 0x00, 0x00, 0x00, 0x00, 0x00, 0x00, 0x00, 0x00, 0x00, 0x00, 0x00, 0x00, 0x00, 0x00, 0x00, 
0x00, 0x00, 0x00, 0x00, 0x00, 0x00, 0x00, 0x00, 0x00, 0x00, 0x00, 0x00, 0x00, 0x00, 0x00, 0x00, 
0x00, 0x00, 0x00, 0x00, 0x00, 0x00, 0x00, 0x00, 0x00, 0x00, 0x00, 0x00, 0x00, 0x00, 0x00, 0x00, 
0x00, 0x00, 0x00, 0x00, 0x00, 0x00, 0x00, 0x00, 0x00, 0x00, 0x00, 0x00, 0x00, 0x00, 0x00, 0x00, 
0x00, 0x00, 0x00, 0x00, 0x00, 0x00, 0x00, 0x00, 0x00, 0x00, 0x00, 0x00, 0x00, 0x00, 0x00, 0x00, 
0x00, 0x00, 0x00, 0x00, 0x00, 0x00, 0x00, 0x00, 0x00, 0x00, 0x00, 0x00, 0x00, 0x00, 0x00, 0x00, 
0x00, 0x00, 0x00, 0x00, 0x00, 0x00, 0x00, 0x00, 0x00, 0x00, 0x00, 0x00, 0x00, 0x00, 0x00, 0x00, 
0x00, 0x00, 0x00, 0x00, 0x00, 0x00, 0x00, 0x00, 0x00, 0x00, 0x00, 0x00, 0x00, 0x00, 0x00, 0x00, 
0x00, 0x00, 0x00, 0x00, 0x00, 0x00, 0x00, 0x00, 0x00, 0x00, 0x00, 0x00, 0x00, 0x00, 0x00, 0x00, 
0x00, 0x00, 0x00, 0x00, 0x00, 0x00, 0x00, 0x00, 0x00, 0x00, 0x00, 0x00, 0x00, 0x00, 0x00, 0x00, 
0x00, 0x00, 0x00, 0x00, 0x00, 0x00, 0x00, 0x00, 0x00, 0x00, 0x00, 0x00, 0x00, 0x00, 0x00, 0x00, 
0x00, 0x00, 0x00, 0x00, 0x00, 0x00, 0x00, 0x00, 0x00, 0x00, 0x00, 0x00, 0x00, 0x00, 0x00, 0x00, 
0x00, 0x00, 0x00, 0x00, 0x00, 0x00, 0x00, 0x00, 0x00, 0x00, 0x00, 0x00, 0x00, 0x00, 0x00, 0x00, 
0x00, 0x00, 0x00, 0x00, 0x00, 0x00, 0x00, 0x00, 0x00, 0x00, 0x00, 0x00, 0x00, 0x00, 0x00, 0x00, 
0x00, 0x00, 0x00, 0x00, 0x00, 0x00, 0x00, 0x00, 0x00, 0x00, 0x00, 0x00, 0x00, 0x00, 0x00, 0x00, 
0x00, 0x00, 0x00, 0x00, 0x00, 0x00, 0x00, 0x00, 0x00, 0x00, 0x00, 0x00, 0x00, 0x00, 0x00, 0x00, 
0x00, 0x00, 0x00, 0x00, 0x00, 0x00, 0x00, 0x00, 0x00, 0x00, 0x00, 0x00, 0x00, 0x00, 0x00, 0x00, 
0x00, 0x00, 0x00, 0x00, 0x00, 0x00, 0x00, 0x00, 0x00, 0x00, 0x00, 0x00, 0x00, 0x00, 0x00, 0x00, 
0x00, 0x00, 0x00, 0x00, 0x00, 0x00, 0x00, 0x00, 0x00, 0x00, 0x00, 0x00, 0x00, 0x00, 0x00, 0x00, 
0x00, 0x00, 0x00, 0x00, 0x00, 0x00, 0x00, 0x00, 0x00, 0x00, 0x00, 0x00, 0x00, 0x00, 0x00, 0x00, 
0x00, 0x00, 0x00, 0x00, 0x00, 0x00, 0x00, 0x00, 0x00, 0x00, 0x00, 0x00, 0x00, 0x00, 0x00, 0x00, 
0x00, 0x00, 0x00, 0x00, 0x00, 0x00, 0x00, 0x00, 0x00, 0x00, 0x00, 0x00, 0x00, 0x00, 0x00, 0x00, 
0x00, 0x00, 0x00, 0x00, 0x00, 0x00, 0x00, 0x00, 0x00, 0x00, 0x00, 0x00, 0x00, 0x00, 0x00, 0x00, 
0x00, 0x00, 0x00, 0x00, 0x00, 0x00, 0x00, 0x00, 0x00, 0x00, 0x00, 0x00, 0x00, 0x00, 0x00, 0x00, 
0x00, 0x00, 0x00, 0x00, 0x00, 0x00, 0x00, 0x00, 0x00, 0x00, 0x00, 0x00, 0x00, 0x00, 0x00, 0x00, 
0x00, 0x00, 0x00, 0x00, 0x00, 0x00, 0x00, 0x00, 0x00, 0x00, 0x00, 0x00, 0x00, 0x00, 0x00, 0x00, 
0x00, 0x00, 0x00, 0x00, 0x00, 0x00, 0x00, 0x00, 0x00, 0x00, 0x00, 0x00, 0x00, 0x00, 0x00, 0x00, 
0x00, 0x00, 0x00, 0x00, 0x00, 0x00, 0x00, 0x00, 0x00, 0x00, 0x00, 0x00, 0x00, 0x00, 0x00, 0x00, 
0x00, 0x00, 0x00, 0x00, 0x00, 0x00, 0x00, 0x00, 0x00, 0x00, 0x00, 0x00, 0x00, 0x00, 0x00, 0x00, 
0x00, 0x00, 0x00, 0x00, 0x00, 0x00, 0x00, 0x00, 0x00, 0x00, 0x00, 0x00, 0x00, 0x00, 0x00, 0x00, 
0x00, 0x00, 0x00, 0x00, 0x00, 0x00, 0x00, 0x00, 0x00, 0x00, 0x00, 0x00, 0x00, 0x00, 0x00, 0x00, 
0x00, 0x00, 0x00, 0x00, 0x00, 0x00, 0x00, 0x00, 0x00, 0x00, 0x00, 0x00, 0x00, 0x00, 0x00, 0x00, 
0x00, 0x00, 0x00, 0x00, 0x00, 0x00, 0x00, 0x00, 0x00, 0x00, 0x00, 0x00, 0x00, 0x00, 0x00, 0x00, 
0x00, 0x00, 0x00, 0x00, 0x00, 0x00, 0x00, 0x00, 0x00, 0x00, 0x00, 0x00, 0x00, 0x00, 0x00, 0x00, 
0x00, 0x00, 0x00, 0x00, 0x00, 0x00, 0x00, 0x00, 0x00, 0x00, 0x00, 0x00, 0x00, 0x00, 0x00, 0x00, 
0x00, 0x00, 0x00, 0x00, 0x00, 0x00, 0x00, 0x00, 0x00, 0x00, 0x00, 0x00, 0x00, 0x00, 0x00, 0x00, 
0x00, 0x00, 0x00, 0x00, 0x00, 0x00, 0x00, 0x00, 0x00, 0x00, 0x00, 0x00, 0x00, 0x00, 0x00, 0x00, 
0x00, 0x00, 0x00, 0x00, 0x00, 0x00, 0x00, 0x00, 0x00, 0x00, 0x00, 0x00, 0x00, 0x00, 0x00, 0x00, 
0x00, 0x00, 0x00, 0x00, 0x00, 0x00, 0x00, 0x00, 0x00, 0x00, 0x00, 0x00, 0x00, 0x00, 0x00, 0x00, 
0x00, 0x00, 0x00, 0x00, 0x00, 0x00, 0x00, 0x00, 0x00, 0x00, 0x00, 0x00, 0x00, 0x00, 0x00, 0x00, 
0x00, 0x00, 0x00, 0x00, 0x00, 0x00, 0x00, 0x00, 0x00, 0x00, 0x00, 0x00, 0x00, 0x00, 0x00, 0x00, 
0x00, 0x00, 0x00, 0x00, 0x00, 0x00, 0x00, 0x00, 0x00, 0x00, 0x00, 0x00, 0x00, 0x00, 0x00, 0x00, 
0x00, 0x00, 0x00, 0x00, 0x00, 0x00, 0x00, 0x00, 0x00, 0x00, 0x00, 0x00, 0x00, 0x00, 0x00, 0x00, 
0x00, 0x00, 0x00, 0x00, 0x00, 0x00, 0x00, 0x00, 0x00, 0x00, 0x00, 0x00, 0x00, 0x00, 0x00, 0x00, 
0x00, 0x00, 0x00, 0x00, 0x00, 0x00, 0x00, 0x00, 0x00, 0x00, 0x00, 0x00, 0x00, 0x00, 0x00, 0x00, 
0x00, 0x00, 0x00, 0x00, 0x00, 0x00, 0x00, 0x00, 0x00, 0x00, 0x00, 0x00, 0x00, 0x00, 0x00, 0x00, 
0x00, 0x00, 0x00, 0x00, 0x00, 0x00, 0x00, 0x00, 0x00, 0x00, 0x00, 0x00, 0x00, 0x00, 0x00, 0x00, 
0x00, 0x00, 0x00, 0x00, 0x00, 0x00, 0x00, 0x00, 0x00, 0x00, 0x00, 0x00, 0x00, 0x00, 0x00, 0x00, 
0x00, 0x00, 0x00, 0x00, 0x00, 0x00, 0x00, 0x00, 0x00, 0x00, 0x00, 0x00, 0x00, 0x00, 0x00, 0x00, 
0x00, 0x00, 0x00, 0x00, 0x00, 0x00, 0x00, 0x00, 0x00, 0x00, 0x00, 0x00, 0x00, 0x00, 0x00, 0x00, 
0x00, 0x00, 0x00, 0x00, 0x00, 0x00, 0x00, 0x00, 0x00, 0x00, 0x00, 0x00, 0x00, 0x00, 0x00, 0x00, 
0x00, 0x00, 0x00, 0x00, 0x00, 0x00, 0x00, 0x00, 0x00, 0x00, 0x00, 0x00, 0x00, 0x00, 0x00, 0x00, 
0x00, 0x00, 0x00, 0x00, 0x00, 0x00, 0x00, 0x00, 0x00, 0x00, 0x00, 0x00, 0x00, 0x00, 0x00, 0x00, 
0x00, 0x00, 0x00, 0x00, 0x00, 0x00, 0x00, 0x00, 0x00, 0x00, 0x00, 0x00, 0x00, 0x00, 0x00, 0x00, 
0x00, 0x00, 0x00, 0x00, 0x00, 0x00, 0x00, 0x00, 0x00, 0x00, 0x00, 0x00, 0x00, 0x00, 0x00, 0x00, 
0x00, 0x00, 0x00, 0x00, 0x00, 0x00, 0x00, 0x00, 0x00, 0x00, 0x00, 0x00, 0x00, 0x00, 0x00, 0x00, 
0x00, 0x00, 0x00, 0x00, 0x00, 0x00, 0x00, 0x00, 0x00, 0x00, 0x00, 0x00, 0x00, 0x00, 0x00, 0x00, 
0x00, 0x00, 0x00, 0x00, 0x00, 0x00, 0x00, 0x00, 0x00, 0x00, 0x00, 0x00, 0x00, 0x00, 0x00, 0x00, 
0x00, 0x00, 0x00, 0x00, 0x00, 0x00, 0x00, 0x00, 0x00, 0x00, 0x00, 0x00, 0x00, 0x00, 0x00, 0x00, 
0x00, 0x00, 0x00, 0x00, 0x00, 0x00, 0x00, 0x00, 0x00, 0x00, 0x00, 0x00, 0x00, 0x00, 0x00, 0x00, 
0x00, 0x00, 0x00, 0x00, 0x00, 0x00, 0x00, 0x00, 0x00, 0x00, 0x00, 0x00, 0x00, 0x00, 0x00, 0x00, 
0x00, 0x00, 0x00, 0x00, 0x00, 0x00, 0x00, 0x00, 0x00, 0x00, 0x00, 0x00, 0x00, 0x00, 0x00, 0x00, 
0x00, 0x00, 0x00, 0x00, 0x00, 0x00, 0x00, 0x00, 0x00, 0x00, 0x00, 0x00, 0x00, 0x00, 0x00, 0x00, 
0x00, 0x00, 0x00, 0x00, 0x00, 0x00, 0x00, 0x00, 0x00, 0x00, 0x00, 0x00, 0x00, 0x00, 0x00, 0x00, 
0x00, 0x00, 0x00, 0x00, 0x00, 0x00, 0x00, 0x00, 0x00, 0x00, 0x00, 0x00, 0x00, 0x00, 0x00, 0x00, 
0x00, 0x00, 0x00, 0x00, 0x00, 0x00, 0x00, 0x00, 0x00, 0x00, 0x00, 0x00, 0x00, 0x00, 0x00, 0x00, 
0x00, 0x00, 0x00, 0x00, 0x00, 0x00, 0x00, 0x00, 0x00, 0x00, 0x00, 0x00, 0x00, 0x00, 0x00, 0x00, 
0x00, 0x00, 0x00, 0x00, 0x00, 0x00, 0x00, 0x00, 0x00, 0x00, 0x00, 0x00, 0x00, 0x00, 0x00, 0x00, 
0x00, 0x00, 0x00, 0x00, 0x00, 0x00, 0x00, 0x00, 0x00, 0x00, 0x00, 0x00, 0x00, 0x00, 0x00, 0x00, 
0x00, 0x00, 0x00, 0x00, 0x00, 0x00, 0x00, 0x00, 0x00, 0x00, 0x00, 0x00, 0x00, 0x00, 0x00, 0x00, 
0x00, 0x00, 0x00, 0x00, 0x00, 0x00, 0x00, 0x00, 0x00, 0x00, 0x00, 0x00, 0x00, 0x00, 0x00, 0x00, 
0x00, 0x00, 0x00, 0x00, 0x00, 0x00, 0x00, 0x00, 0x00, 0x00, 0x00, 0x00, 0x00, 0x00, 0x00, 0x00, 
0x00, 0x00, 0x00, 0x00, 0x00, 0x00, 0x00, 0x00, 0x00, 0x00, 0x00, 0x00, 0x00, 0x00, 0x00, 0x00, 
0x00, 0x00, 0x00, 0x00, 0x00, 0x00, 0x00, 0x00, 0x00, 0x00, 0x00, 0x00, 0x00, 0x00, 0x00, 0x00, 
0x00, 0x00, 0x00, 0x00, 0x00, 0x00, 0x00, 0x00, 0x00, 0x00, 0x00, 0x00, 0x00, 0x00, 0x00, 0x00, 
0x00, 0x00, 0x00, 0x00, 0x00, 0x00, 0x00, 0x00, 0x00, 0x00, 0x00, 0x00, 0x00, 0x00, 0x00, 0x00, 
0x00, 0x00, 0x00, 0x00, 0x00, 0x00, 0x00, 0x00, 0x00, 0x00, 0x00, 0x00, 0x00, 0x00, 0x00, 0x00, 
0x00, 0x00, 0x00, 0x00, 0x00, 0x00, 0x00, 0x00, 0x00, 0x00, 0x00, 0x00, 0x00, 0x00, 0x00, 0x00, 
0x00, 0x00, 0x00, 0x00, 0x00, 0x00, 0x00, 0x00, 0x00, 0x00, 0x00, 0x00, 0x00, 0x00, 0x00, 0x00, 
0x00, 0x00, 0x00, 0x00, 0x00, 0x00, 0x00, 0x00, 0x00, 0x00, 0x00, 0x00, 0x00, 0x00, 0x00, 0x00, 
0x00, 0x00, 0x00, 0x00, 0x00, 0x00, 0x00, 0x00, 0x00, 0x00, 0x00, 0x00, 0x00, 0x00, 0x00, 0x00, 
0x00, 0x00, 0x00, 0x00, 0x00, 0x00, 0x00, 0x00, 0x00, 0x00, 0x00, 0x00, 0x00, 0x00, 0x00, 0x00, 
0x00, 0x00, 0x00, 0x00, 0x00, 0x00, 0x00, 0x00, 0x00, 0x00, 0x00, 0x00, 0x00, 0x00, 0x00, 0x00, 
0x00, 0x00, 0x00, 0x00, 0x00, 0x00, 0x00, 0x00, 0x00, 0x00, 0x00, 0x00, 0x00, 0x00, 0x00, 0x00, 
0x00, 0x00, 0x00, 0x00, 0x00, 0x00, 0x00, 0x00, 0x00, 0x00, 0x00, 0x00, 0x00, 0x00, 0x00, 0x00, 
0x00, 0x00, 0x00, 0x00, 0x00, 0x00, 0x00, 0x00, 0x00, 0x00, 0x00, 0x00, 0x00, 0x00, 0x00, 0x00, 
0x00, 0x00, 0x00, 0x00, 0x00, 0x00, 0x00, 0x00, 0x00, 0x00, 0x00, 0x00, 0x00, 0x00, 0x00, 0x00, 
0x00, 0x00, 0x00, 0x00, 0x00, 0x00, 0x00, 0x00, 0x00, 0x00, 0x00, 0x00, 0x00, 0x00, 0x00, 0x00, 
0x00, 0x00, 0x00, 0x00, 0x00, 0x00, 0x00, 0x00, 0x00, 0x00, 0x00, 0x00, 0x00, 0x00, 0x00, 0x00, 
0x00, 0x00, 0x00, 0x00, 0x00, 0x00, 0x00, 0x00, 0x00, 0x00, 0x00, 0x00, 0x00, 0x00, 0x00, 0x00, 
0x00, 0x00, 0x00, 0x00, 0x00, 0x00, 0x00, 0x00, 0x00, 0x00, 0x00, 0x00, 0x00, 0x00, 0x00, 0x00, 
0x00, 0x00, 0x00, 0x00, 0x00, 0x00, 0x00, 0x00, 0x00, 0x00, 0x00, 0x00, 0x00, 0x00, 0x00, 0x00, 
0x00, 0x00, 0x00, 0x00, 0x00, 0x00, 0x00, 0x00, 0x00, 0x00, 0x00, 0x00, 0x00, 0x00, 0x00, 0x00, 
0x00, 0x00, 0x00, 0x00, 0x00, 0x00, 0x00, 0x00, 0x00, 0x00, 0x00, 0x00, 0x00, 0x00, 0x00, 0x00, 
0x00, 0x00, 0x00, 0x00, 0x00, 0x00, 0x00, 0x00, 0x00, 0x00, 0x00, 0x00, 0x00, 0x00, 0x00, 0x00, 
0x00, 0x00, 0x00, 0x00, 0x00, 0x00, 0x00, 0x00, 0x00, 0x00, 0x00, 0x00, 0x00, 0x00, 0x00, 0x00, 
0x00, 0x00, 0x00, 0x00, 0x00, 0x00, 0x00, 0x00, 0x00, 0x00, 0x00, 0x00, 0x00, 0x00, 0x00, 0x00, 
0x00, 0x00, 0x00, 0x00, 0x00, 0x00, 0x00, 0x00, 0x00, 0x00, 0x00, 0x00, 0x00, 0x00, 0x00, 0x00, 
0x00, 0x00, 0x00, 0x00, 0x00, 0x00, 0x00, 0x00, 0x00, 0x00, 0x00, 0x00, 0x00, 0x00, 0x00, 0x00, 
0x00, 0x00, 0x00, 0x00, 0x00, 0x00, 0x00, 0x00, 0x00, 0x00, 0x00, 0x00, 0x00, 0x00, 0x00, 0x00, 
0x00, 0x00, 0x00, 0x00, 0x00, 0x00, 0x00, 0x00, 0x00, 0x00, 0x00, 0x00, 0x00, 0x00, 0x00, 0x00, 
0x00, 0x00, 0x00, 0x00, 0x00, 0x00, 0x00, 0x00, 0x00, 0x00, 0x00, 0x00, 0x00, 0x00, 0x00, 0x00, 
0x00, 0x00, 0x00, 0x00, 0x00, 0x00, 0x00, 0x00, 0x00, 0x00, 0x00, 0x00, 0x00, 0x00, 0x00, 0x00, 
0x00, 0x00, 0x00, 0x00, 0x00, 0x00, 0x00, 0x00, 0x00, 0x00, 0x00, 0x00, 0x00, 0x00, 0x00, 0x00, 
0x00, 0x00, 0x00, 0x00, 0x00, 0x00, 0x00, 0x00, 0x00, 0x00, 0x00, 0x00, 0x00, 0x00, 0x00, 0x00, 
0x00, 0x00, 0x00, 0x00, 0x00, 0x00, 0x00, 0x00, 0x00, 0x00, 0x00, 0x00, 0x00, 0x00, 0x00, 0x00, 
0x00, 0x00, 0x00, 0x00, 0x00, 0x00, 0x00, 0x00, 0x00, 0x00, 0x00, 0x00, 0x00, 0x00, 0x00, 0x00, 
0x00, 0x00, 0x00, 0x00, 0x00, 0x00, 0x00, 0x00, 0x00, 0x00, 0x00, 0x00, 0x00, 0x00, 0x00, 0x00, 
0x00, 0x00, 0x00, 0x00, 0x00, 0x00, 0x00, 0x00, 0x00, 0x00, 0x00, 0x00, 0x00, 0x00, 0x00, 0x00, 
0x00, 0x00, 0x00, 0x00, 0x00, 0x00, 0x00, 0x00, 0x00, 0x00, 0x00, 0x00, 0x00, 0x00, 0x00, 0x00, 
0x00, 0x00, 0x00, 0x00, 0x00, 0x00, 0x00, 0x00, 0x00, 0x00, 0x00, 0x00, 0x00, 0x00, 0x00, 0x00, 
0x00, 0x00, 0x00, 0x00, 0x00, 0x00, 0x00, 0x00, 0x00, 0x00, 0x00, 0x00, 0x00, 0x00, 0x00, 0x00, 
0x00, 0x00, 0x00, 0x00, 0x00, 0x00, 0x00, 0x00, 0x00, 0x00, 0x00, 0x00, 0x00, 0x00, 0x00, 0x00, 
0x00, 0x00, 0x00, 0x00, 0x00, 0x00, 0x00, 0x00, 0x00, 0x00, 0x00, 0x00, 0x00, 0x00, 0x00, 0x00, 
0x00, 0x00, 0x00, 0x00, 0x00, 0x00, 0x00, 0x00, 0x00, 0x00, 0x00, 0x00, 0x00, 0x00, 0x00, 0x00, 
0x00, 0x00, 0x00, 0x00, 0x00, 0x00, 0x00, 0x00, 0x00, 0x00, 0x00, 0x00, 0x00, 0x00, 0x00, 0x00, 
0x00, 0x00, 0x00, 0x00, 0x00, 0x00, 0x00, 0x00, 0x00, 0x00, 0x00, 0x00, 0x00, 0x00, 0x00, 0x00, 
0x00, 0x00, 0x00, 0x00, 0x00, 0x00, 0x00, 0x00, 0x00, 0x00, 0x00, 0x00, 0x00, 0x00, 0x00, 0x00, 
0x00, 0x00, 0x00, 0x00, 0x00, 0x00, 0x00, 0x00, 0x00, 0x00, 0x00, 0x00, 0x00, 0x00, 0x00, 0x00, 
0x00, 0x00, 0x00, 0x00, 0x00, 0x00, 0x00, 0x00, 0x00, 0x00, 0x00, 0x00, 0x00, 0x00, 0x00, 0x00, 
0x00, 0x00, 0x00, 0x00, 0x00, 0x00, 0x00, 0x00, 0x00, 0x00, 0x00, 0x00, 0x00, 0x00, 0x00, 0x00, 
0x00, 0x00, 0x00, 0x00, 0x00, 0x00, 0x00, 0x00, 0x00, 0x00, 0x00, 0x00, 0x00, 0x00, 0x00, 0x00, 
0x00, 0x00, 0x00, 0x00, 0x00, 0x00, 0x00, 0x00, 0x00, 0x00, 0x00, 0x00, 0x00, 0x00, 0x00, 0x00, 
0x00, 0x00, 0x00, 0x00, 0x00, 0x00, 0x00, 0x00, 0x00, 0x00, 0x00, 0x00, 0x00, 0x00, 0x00, 0x00, 
0x00, 0x00, 0x00, 0x00, 0x00, 0x00, 0x00, 0x00, 0x00, 0x00, 0x00, 0x00, 0x00, 0x00, 0x00, 0x00, 
0x00, 0x00, 0x00, 0x00, 0x00, 0x00, 0x00, 0x00, 0x00, 0x00, 0x00, 0x00, 0x00, 0x00, 0x00, 0x00, 
0x00, 0x00, 0x00, 0x00, 0x00, 0x00, 0x00, 0x00, 0x00, 0x00, 0x00, 0x00, 0x00, 0x00, 0x00, 0x00, 
0x00, 0x00, 0x00, 0x00, 0x00, 0x00, 0x00, 0x00, 0x00, 0x00, 0x00, 0x00, 0x00, 0x00, 0x00, 0x00, 
0x00, 0x00, 0x00, 0x00, 0x00, 0x00, 0x00, 0x00, 0x00, 0x00, 0x00, 0x00, 0x00, 0x00, 0x00, 0x00, 
0x00, 0x00, 0x00, 0x00, 0x00, 0x00, 0x00, 0x00, 0x00, 0x00, 0x00, 0x00, 0x00, 0x00, 0x00, 0x00, 
0x00, 0x00, 0x00, 0x00, 0x00, 0x00, 0x00, 0x00, 0x00, 0x00, 0x00, 0x00, 0x00, 0x00, 0x00, 0x00, 
0x00, 0x00, 0x00, 0x00, 0x00, 0x00, 0x00, 0x00, 0x00, 0x00, 0x00, 0x00, 0x00, 0x00, 0x00, 0x00, 
0x00, 0x00, 0x00, 0x00, 0x00, 0x00, 0x00, 0x00, 0x00, 0x00, 0x00, 0x00, 0x00, 0x00, 0x00, 0x00, 
0x00, 0x00, 0x00, 0x00, 0x00, 0x00, 0x00, 0x00, 0x00, 0x00, 0x00, 0x00, 0x00, 0x00, 0x00, 0x00, 
0x00, 0x00, 0x00, 0x00, 0x00, 0x00, 0x00, 0x00, 0x00, 0x00, 0x00, 0x00, 0x00, 0x00, 0x00, 0x00, 
0x00, 0x00, 0x00, 0x00, 0x00, 0x00, 0x00, 0x00, 0x00, 0x00, 0x00, 0x00, 0x00, 0x00, 0x00, 0x00, 
0x00, 0x00, 0x00, 0x00, 0x00, 0x00, 0x00, 0x00, 0x00, 0x00, 0x00, 0x00, 0x00, 0x00, 0x00, 0x00, 
0x00, 0x00, 0x00, 0x00, 0x00, 0x00, 0x00, 0x00, 0x00, 0x00, 0x00, 0x00, 0x00, 0x00, 0x00, 0x00, 
0x00, 0x00, 0x00, 0x00, 0x00, 0x00, 0x00, 0x00, 0x00, 0x00, 0x00, 0x00, 0x00, 0x00, 0x00, 0x00, 
0x00, 0x00, 0x00, 0x00, 0x00, 0x00, 0x00, 0x00, 0x00, 0x00, 0x00, 0x00, 0x00, 0x00, 0x00, 0x00, 
0x00, 0x00, 0x00, 0x00, 0x00, 0x00, 0x00, 0x00, 0x00, 0x00, 0x00, 0x00, 0x00, 0x00, 0x00, 0x00, 
0x00, 0x00, 0x00, 0x00, 0x00, 0x00, 0x00, 0x00, 0x00, 0x00, 0x00, 0x00, 0x00, 0x00, 0x00, 0x00, 
0x00, 0x00, 0x00, 0x00, 0x00, 0x00, 0x00, 0x00, 0x00, 0x00, 0x00, 0x00, 0x00, 0x00, 0x00, 0x00, 
0x00, 0x00, 0x00, 0x00, 0x00, 0x00, 0x00, 0x00, 0x00, 0x00, 0x00, 0x00, 0x00, 0x00, 0x00, 0x00, 
0x00, 0x00, 0x00, 0x00, 0x00, 0x00, 0x00, 0x00, 0x00, 0x00, 0x00, 0x00, 0x00, 0x00, 0x00, 0x00, 
0x00, 0x00, 0x00, 0x00, 0x00, 0x00, 0x00, 0x00, 0x00, 0x00, 0x00, 0x00, 0x00, 0x00, 0x00, 0x00, 
0x00, 0x00, 0x00, 0x00, 0x00, 0x00, 0x00, 0x00, 0x00, 0x00, 0x00, 0x00, 0x00, 0x00, 0x00, 0x00, 
0x00, 0x00, 0x00, 0x00, 0x00, 0x00, 0x00, 0x00, 0x00, 0x00, 0x00, 0x00, 0x00, 0x00, 0x00, 0x00, 
0x00, 0x00, 0x00, 0x00, 0x00, 0x00, 0x00, 0x00, 0x00, 0x00, 0x00, 0x00, 0x00, 0x00, 0x00, 0x00, 
0x00, 0x00, 0x00, 0x00, 0x00, 0x00, 0x00, 0x00, 0x00, 0x00, 0x00, 0x00, 0x00, 0x00, 0x00, 0x00, 
0x00, 0x00, 0x00, 0x00, 0x00, 0x00, 0x00, 0x00, 0x00, 0x00, 0x00, 0x00, 0x00, 0x00, 0x00, 0x00, 
0x00, 0x00, 0x00, 0x00, 0x00, 0x00, 0x00, 0x00, 0x00, 0x00, 0x00, 0x00, 0x00, 0x00, 0x00, 0x00, 
0x00, 0x00, 0x00, 0x00, 0x00, 0x00, 0x00, 0x00, 0x00, 0x00, 0x00, 0x00, 0x00, 0x00, 0x00, 0x00, 
0x00, 0x00, 0x00, 0x00, 0x00, 0x00, 0x00, 0x00, 0x00, 0x00, 0x00, 0x00, 0x00, 0x00, 0x00, 0x00, 
0x00, 0x00, 0x00, 0x00, 0x00, 0x00, 0x00, 0x00, 0x00, 0x00, 0x00, 0x00, 0x00, 0x00, 0x00, 0x00, 
0x00, 0x00, 0x00, 0x00, 0x00, 0x00, 0x00, 0x00, 0x00, 0x00, 0x00, 0x00, 0x00, 0x00, 0x00, 0x00, 
0x00, 0x00, 0x00, 0x00, 0x00, 0x00, 0x00, 0x00, 0x00, 0x00, 0x00, 0x00, 0x00, 0x00, 0x00, 0x00, 
0x00, 0x00, 0x00, 0x00, 0x00, 0x00, 0x00, 0x00, 0x00, 0x00, 0x00, 0x00, 0x00, 0x00, 0x00, 0x00, 
0x00, 0x00, 0x00, 0x00, 0x00, 0x00, 0x00, 0x00, 0x00, 0x00, 0x00, 0x00, 0x00, 0x00, 0x00, 0x00, 
0x00, 0x00, 0x00, 0x00, 0x00, 0x00, 0x00, 0x00, 0x00, 0x00, 0x00, 0x00, 0x00, 0x00, 0x00, 0x00, 
0x00, 0x00, 0x00, 0x00, 0x00, 0x00, 0x00, 0x00, 0x00, 0x00, 0x00, 0x00, 0x00, 0x00, 0x00, 0x00, 
0x00, 0x00, 0x00, 0x00, 0x00, 0x00, 0x00, 0x00, 0x00, 0x00, 0x00, 0x00, 0x00, 0x00, 0x00, 0x00, 
0x00, 0x00, 0x00, 0x00, 0x00, 0x00, 0x00, 0x00, 0x00, 0x00, 0x00, 0x00, 0x00, 0x00, 0x00, 0x00, 
0x00, 0x00, 0x00, 0x00, 0x00, 0x00, 0x00, 0x00, 0x00, 0x00, 0x00, 0x00, 0x00, 0x00, 0x00, 0x00, 
0x00, 0x00, 0x00, 0x00, 0x00, 0x00, 0x00, 0x00, 0x00, 0x00, 0x00, 0x00, 0x00, 0x00, 0x00, 0x00, 
0x00, 0x00, 0x00, 0x00, 0x00, 0x00, 0x00, 0x00, 0x00, 0x00, 0x00, 0x00, 0x00, 0x00, 0x00, 0x00, 
0x00, 0x00, 0x00, 0x00, 0x00, 0x00, 0x00, 0x00, 0x00, 0x00, 0x00, 0x00, 0x00, 0x00, 0x00, 0x00, 
0x00, 0x00, 0x00, 0x00, 0x00, 0x00, 0x00, 0x00, 0x00, 0x00, 0x00, 0x00, 0x00, 0x00, 0x00, 0x00, 
0x00, 0x00, 0x00, 0x00, 0x00, 0x00, 0x00, 0x00, 0x00, 0x00, 0x00, 0x00, 0x00, 0x00, 0x00, 0x00, 
0x00, 0x00, 0x00, 0x00, 0x00, 0x00, 0x00, 0x00, 0x00, 0x00, 0x00, 0x00, 0x00, 0x00, 0x00, 0x00, 
0x00, 0x00, 0x00, 0x00, 0x00, 0x00, 0x00, 0x00, 0x00, 0x00, 0x00, 0x00, 0x00, 0x00, 0x00, 0x00, 
0x00, 0x00, 0x00, 0x00, 0x00, 0x00, 0x00, 0x00, 0x00, 0x00, 0x00, 0x00, 0x00, 0x00, 0x00, 0x00, 
0x00, 0x00, 0x00, 0x00, 0x00, 0x00, 0x00, 0x00, 0x00, 0x00, 0x00, 0x00, 0x00, 0x00, 0x00, 0x00, 
0x00, 0x00, 0x00, 0x00, 0x00, 0x00, 0x00, 0x00, 0x00, 0x00, 0x00, 0x00, 0x00, 0x00, 0x00, 0x00, 
0x00, 0x00, 0x00, 0x00, 0x00, 0x00, 0x00, 0x00, 0x00, 0x00, 0x00, 0x00, 0x00, 0x00, 0x00, 0x00, 
0x00, 0x00, 0x00, 0x00, 0x00, 0x00, 0x00, 0x00, 0x00, 0x00, 0x00, 0x00, 0x00, 0x00, 0x00, 0x00, 
0x00, 0x00, 0x00, 0x00, 0x00, 0x00, 0x00, 0x00, 0x00, 0x00, 0x00, 0x00, 0x00, 0x00, 0x00, 0x00, 
0x00, 0x00, 0x00, 0x00, 0x00, 0x00, 0x00, 0x00, 0x00, 0x00, 0x00, 0x00, 0x00, 0x00, 0x00, 0x00, 
0x00, 0x00, 0x00, 0x00, 0x00, 0x00, 0x00, 0x00, 0x00, 0x00, 0x00, 0x00, 0x00, 0x00, 0x00, 0x00, 
0x00, 0x00, 0x00, 0x00, 0x00, 0x00, 0x00, 0x00, 0x00, 0x00, 0x00, 0x00, 0x00, 0x00, 0x00, 0x00, 
0x00, 0x00, 0x00, 0x00, 0x00, 0x00, 0x00, 0x00, 0x00, 0x00, 0x00, 0x00, 0x00, 0x00, 0x00, 0x00, 
0x00, 0x00, 0x00, 0x00, 0x00, 0x00, 0x00, 0x00, 0x00, 0x00, 0x00, 0x00, 0x00, 0x00, 0x00, 0x00, 
0x00, 0x00, 0x00, 0x00, 0x00, 0x00, 0x00, 0x00, 0x00, 0x00, 0x00, 0x00, 0x00, 0x00, 0x00, 0x00, 
0x00, 0x00, 0x00, 0x00, 0x00, 0x00, 0x00, 0x00, 0x00, 0x00, 0x00, 0x00, 0x00, 0x00, 0x00, 0x00, 
0x00, 0x00, 0x00, 0x00, 0x00, 0x00, 0x00, 0x00, 0x00, 0x00, 0x00, 0x00, 0x00, 0x00, 0x00, 0x00, 
0x00, 0x00, 0x00, 0x00, 0x00, 0x00, 0x00, 0x00, 0x00, 0x00, 0x00, 0x00, 0x00, 0x00, 0x00, 0x00, 
0x00, 0x00, 0x00, 0x00, 0x00, 0x00, 0x00, 0x00, 0x00, 0x00, 0x00, 0x00, 0x00, 0x00, 0x00, 0x00, 
0x00, 0x00, 0x00, 0x00, 0x00, 0x00, 0x00, 0x00, 0x00, 0x00, 0x00, 0x00, 0x00, 0x00, 0x00, 0x00, 
0x00, 0x00, 0x00, 0x00, 0x00, 0x00, 0x00, 0x00, 0x00, 0x00, 0x00, 0x00, 0x00, 0x00, 0x00, 0x00, 
0x00, 0x00, 0x00, 0x00, 0x00, 0x00, 0x00, 0x00, 0x00, 0x00, 0x00, 0x00, 0x00, 0x00, 0x00, 0x00, 
0x00, 0x00, 0x00, 0x00, 0x00, 0x00, 0x00, 0x00, 0x00, 0x00, 0x00, 0x00, 0x00, 0x00, 0x00, 0x00, 
0x00, 0x00, 0x00, 0x00, 0x00, 0x00, 0x00, 0x00, 0x00, 0x00, 0x00, 0x00, 0x00, 0x00, 0x00, 0x00, 
0x00, 0x00, 0x00, 0x00, 0x00, 0x00, 0x00, 0x00, 0x00, 0x00, 0x00, 0x00, 0x00, 0x00, 0x00, 0x00, 
0x00, 0x00, 0x00, 0x00, 0x00, 0x00, 0x00, 0x00, 0x00, 0x00, 0x00, 0x00, 0x00, 0x00, 0x00, 0x00, 
0x00, 0x00, 0x00, 0x00, 0x00, 0x00, 0x00, 0x00, 0x00, 0x00, 0x00, 0x00, 0x00, 0x00, 0x00, 0x00, 
0x00, 0x00, 0x00, 0x00, 0x00, 0x00, 0x00, 0x00, 0x00, 0x00, 0x00, 0x00, 0x00, 0x00, 0x00, 0x00, 
0x00, 0x00, 0x00, 0x00, 0x00, 0x00, 0x00, 0x00, 0x00, 0x00, 0x00, 0x00, 0x00, 0x00, 0x00, 0x00, 
0x00, 0x00, 0x00, 0x00, 0x00, 0x00, 0x00, 0x00, 0x00, 0x00, 0x00, 0x00, 0x00, 0x00, 0x00, 0x00, 
0x00, 0x00, 0x00, 0x00, 0x00, 0x00, 0x00, 0x00, 0x00, 0x00, 0x00, 0x00, 0x00, 0x00, 0x00, 0x00, 
0x00, 0x00, 0x00, 0x00, 0x00, 0x00, 0x00, 0x00, 0x00, 0x00, 0x00, 0x00, 0x00, 0x00, 0x00, 0x00, 
0x00, 0x00, 0x00, 0x00, 0x00, 0x00, 0x00, 0x00, 0x00, 0x00, 0x00, 0x00, 0x00, 0x00, 0x00, 0x00, 
0x00, 0x00, 0x00, 0x00, 0x00, 0x00, 0x00, 0x00, 0x00, 0x00, 0x00, 0x00, 0x00, 0x00, 0x00, 0x00, 
0x00, 0x00, 0x00, 0x00, 0x00, 0x00, 0x00, 0x00, 0x00, 0x00, 0x00, 0x00, 0x00, 0x00, 0x00, 0x00, 
0x00, 0x00, 0x00, 0x00, 0x00, 0x00, 0x00, 0x00, 0x00, 0x00, 0x00, 0x00, 0x00, 0x00, 0x00, 0x00, 
0x00, 0x00, 0x00, 0x00, 0x00, 0x00, 0x00, 0x00, 0x00, 0x00, 0x00, 0x00, 0x00, 0x00, 0x00, 0x00, 
0x00, 0x00, 0x00, 0x00, 0x00, 0x00, 0x00, 0x00, 0x00, 0x00, 0x00, 0x00, 0x00, 0x00, 0x00, 0x00, 
0x00, 0x00, 0x00, 0x00, 0x00, 0x00, 0x00, 0x00, 0x00, 0x00, 0x00, 0x00, 0x00, 0x00, 0x00, 0x00, 
0x00, 0x00, 0x00, 0x00, 0x00, 0x00, 0x00, 0x00, 0x00, 0x00, 0x00, 0x00, 0x00, 0x00, 0x00, 0x00, 
0x00, 0x00, 0x00, 0x00, 0x00, 0x00, 0x00, 0x00, 0x00, 0x00, 0x00, 0x00, 0x00, 0x00, 0x00, 0x00, 
0x00, 0x00, 0x00, 0x00, 0x00, 0x00, 0x00, 0x00, 0x00, 0x00, 0x00, 0x00, 0x00, 0x00, 0x00, 0x00, 
0x00, 0x00, 0x00, 0x00, 0x00, 0x00, 0x00, 0x00, 0x00, 0x00, 0x00, 0x00, 0x00, 0x00, 0x00, 0x00, 
0x00, 0x00, 0x00, 0x00, 0x00, 0x00, 0x00, 0x00, 0x00, 0x00, 0x00, 0x00, 0x00, 0x00, 0x00, 0x00, 
0x00, 0x00, 0x00, 0x00, 0x00, 0x00, 0x00, 0x00, 0x00, 0x00, 0x00, 0x00, 0x00, 0x00, 0x00, 0x00, 
0x00, 0x00, 0x00, 0x00, 0x00, 0x00, 0x00, 0x00, 0x00, 0x00, 0x00, 0x00, 0x00, 0x00, 0x00, 0x00, 
0x00, 0x00, 0x00, 0x00, 0x00, 0x00, 0x00, 0x00, 0x00, 0x00, 0x00, 0x00, 0x00, 0x00, 0x00, 0x00, 
0x00, 0x00, 0x00, 0x00, 0x00, 0x00, 0x00, 0x00, 0x00, 0x00, 0x00, 0x00, 0x00, 0x00, 0x00, 0x00, 
0x00, 0x00, 0x00, 0x00, 0x00, 0x00, 0x00, 0x00, 0x00, 0x00, 0x00, 0x00, 0x00, 0x00, 0x00, 0x00, 
0x00, 0x00, 0x00, 0x00, 0x00, 0x00, 0x00, 0x00, 0x00, 0x00, 0x00, 0x00, 0x00, 0x00, 0x00, 0x00, 
0x00, 0x00, 0x00, 0x00, 0x00, 0x00, 0x00, 0x00, 0x00, 0x00, 0x00, 0x00, 0x00, 0x00, 0x00, 0x00, 
0x00, 0x00, 0x00, 0x00, 0x00, 0x00, 0x00, 0x00, 0x00, 0x00, 0x00, 0x00, 0x00, 0x00, 0x00, 0x00, 
0x00, 0x00, 0x00, 0x00, 0x00, 0x00, 0x00, 0x00, 0x00, 0x00, 0x00, 0x00, 0x00, 0x00, 0x00, 0x00, 
0x00, 0x00, 0x00, 0x00, 0x00, 0x00, 0x00, 0x00, 0x00, 0x00, 0x00, 0x00, 0x00, 0x00, 0x00, 0x00, 
0x00, 0x00, 0x00, 0x00, 0x00, 0x00, 0x00, 0x00, 0x00, 0x00, 0x00, 0x00, 0x00, 0x00, 0x00, 0x00, 
0x00, 0x00, 0x00, 0x00, 0x00, 0x00, 0x00, 0x00, 0x00, 0x00, 0x00, 0x00, 0x00, 0x00, 0x00, 0x00, 
0x00, 0x00, 0x00, 0x00, 0x00, 0x00, 0x00, 0x00, 0x00, 0x00, 0x00, 0x00, 0x00, 0x00, 0x00, 0x00, 
0x00, 0x00, 0x00, 0x00, 0x00, 0x00, 0x00, 0x00, 0x00, 0x00, 0x00, 0x00, 0x00, 0x00, 0x00, 0x00, 
0x00, 0x00, 0x00, 0x00, 0x00, 0x00, 0x00, 0x00, 0x00, 0x00, 0x00, 0x00, 0x00, 0x00, 0x00, 0x00, 
0x00, 0x00, 0x00, 0x00, 0x00, 0x00, 0x00, 0x00, 0x00, 0x00, 0x00, 0x00, 0x00, 0x00, 0x00, 0x00, 
0x00, 0x00, 0x00, 0x00, 0x00, 0x00, 0x00, 0x00, 0x00, 0x00, 0x00, 0x00, 0x00, 0x00, 0x00, 0x00, 
0x00, 0x00, 0x00, 0x00, 0x00, 0x00, 0x00, 0x00, 0x00, 0x00, 0x00, 0x00, 0x00, 0x00, 0x00, 0x00, 
0x00, 0x00, 0x00, 0x00, 0x00, 0x00, 0x00, 0x00, 0x00, 0x00, 0x00, 0x00, 0x00, 0x00, 0x00, 0x00, 
0x00, 0x00, 0x00, 0x00, 0x00, 0x00, 0x00, 0x00, 0x00, 0x00, 0x00, 0x00, 0x00, 0x00, 0x00, 0x00, 
0x00, 0x00, 0x00, 0x00, 0x00, 0x00, 0x00, 0x00, 0x00, 0x00, 0x00, 0x00, 0x00, 0x00, 0x00, 0x00, 
0x00, 0x00, 0x00, 0x00, 0x00, 0x00, 0x00, 0x00, 0x00, 0x00, 0x00, 0x00, 0x00, 0x00, 0x00, 0x00, 
0x00, 0x00, 0x00, 0x00, 0x00, 0x00, 0x00, 0x00, 0x00, 0x00, 0x00, 0x00, 0x00, 0x00, 0x00, 0x00, 
0x00, 0x00, 0x00, 0x00, 0x00, 0x00, 0x00, 0x00, 0x00, 0x00, 0x00, 0x00, 0x00, 0x00, 0x00, 0x00, 
0x00, 0x00, 0x00, 0x00, 0x00, 0x00, 0x00, 0x00, 0x00, 0x00, 0x00, 0x00, 0x00, 0x00, 0x00, 0x00, 
0x00, 0x00, 0x00, 0x00, 0x00, 0x00, 0x00, 0x00, 0x00, 0x00, 0x00, 0x00, 0x00, 0x00, 0x00, 0x00, 
0x00, 0x00, 0x00, 0x00, 0x00, 0x00, 0x00, 0x00, 0x00, 0x00, 0x00, 0x00, 0x00, 0x00, 0x00, 0x00, 
0x00, 0x00, 0x00, 0x00, 0x00, 0x00, 0x00, 0x00, 0x00, 0x00, 0x00, 0x00, 0x00, 0x00, 0x00, 0x00, 
0x00, 0x00, 0x00, 0x00, 0x00, 0x00, 0x00, 0x00, 0x00, 0x00, 0x00, 0x00, 0x00, 0x00, 0x00, 0x00, 
0x00, 0x00, 0x00, 0x00, 0x00, 0x00, 0x00, 0x00, 0x00, 0x00, 0x00, 0x00, 0x00, 0x00, 0x00, 0x00, 
0x00, 0x00, 0x00, 0x00, 0x00, 0x00, 0x00, 0x00, 0x00, 0x00, 0x00, 0x00, 0x00, 0x00, 0x00, 0x00, 
0x00, 0x00, 0x00, 0x00, 0x00, 0x00, 0x00, 0x00, 0x00, 0x00, 0x00, 0x00, 0x00, 0x00, 0x00, 0x00, 
0x00, 0x00, 0x00, 0x00, 0x00, 0x00, 0x00, 0x00, 0x00, 0x00, 0x00, 0x00, 0x00, 0x00, 0x00, 0x00, 
0x00, 0x00, 0x00, 0x00, 0x00, 0x00, 0x00, 0x00, 0x00, 0x00, 0x00, 0x00, 0x00, 0x00, 0x00, 0x00, 
0x00, 0x00, 0x00, 0x00, 0x00, 0x00, 0x00, 0x00, 0x00, 0x00, 0x00, 0x00, 0x00, 0x00, 0x00, 0x00, 
0x00, 0x00, 0x00, 0x00, 0x00, 0x00, 0x00, 0x00, 0x00, 0x00, 0x00, 0x00, 0x00, 0x00, 0x00, 0x00, 
0x00, 0x00, 0x00, 0x00, 0x00, 0x00, 0x00, 0x00, 0x00, 0x00, 0x00, 0x00, 0x00, 0x00, 0x00, 0x00, 
0x00, 0x00, 0x00, 0x00, 0x00, 0x00, 0x00, 0x00, 0x00, 0x00, 0x00, 0x00, 0x00, 0x00, 0x00, 0x00, 
0x00, 0x00, 0x00, 0x00, 0x00, 0x00, 0x00, 0x00, 0x00, 0x00, 0x00, 0x00, 0x00, 0x00, 0x00, 0x00, 
0x00, 0x00, 0x00, 0x00, 0x00, 0x00, 0x00, 0x00, 0x00, 0x00, 0x00, 0x00, 0x00, 0x00, 0x00, 0x00, 
0x00, 0x00, 0x00, 0x00, 0x00, 0x00, 0x00, 0x00, 0x00, 0x00, 0x00, 0x00, 0x00, 0x00, 0x00, 0x00, 
0x00, 0x00, 0x00, 0x00, 0x00, 0x00, 0x00, 0x00, 0x00, 0x00, 0x00, 0x00, 0x00, 0x00, 0x00, 0x00, 
0x00, 0x00, 0x00, 0x00, 0x00, 0x00, 0x00, 0x00, 0x00, 0x00, 0x00, 0x00, 0x00, 0x00, 0x00, 0x00, 
0x00, 0x00, 0x00, 0x00, 0x00, 0x00, 0x00, 0x00, 0x00, 0x00, 0x00, 0x00, 0x00, 0x00, 0x00, 0x00, 
0x00, 0x00, 0x00, 0x00, 0x00, 0x00, 0x00, 0x00, 0x00, 0x00, 0x00, 0x00, 0x00, 0x00, 0x00, 0x00, 
0x00, 0x00, 0x00, 0x00, 0x00, 0x00, 0x00, 0x00, 0x00, 0x00, 0x00, 0x00, 0x00, 0x00, 0x00, 0x00, 
0x00, 0x00, 0x00, 0x00, 0x00, 0x00, 0x00, 0x00, 0x00, 0x00, 0x00, 0x00, 0x00, 0x00, 0x00, 0x00, 
0x00, 0x00, 0x00, 0x00, 0x00, 0x00, 0x00, 0x00, 0x00, 0x00, 0x00, 0x00, 0x00, 0x00, 0x00, 0x00, 
0x00, 0x00, 0x00, 0x00, 0x00, 0x00, 0x00, 0x00, 0x00, 0x00, 0x00, 0x00, 0x00, 0x00, 0x00, 0x00, 
0x00, 0x00, 0x00, 0x00, 0x00, 0x00, 0x00, 0x00, 0x00, 0x00, 0x00, 0x00, 0x00, 0x00, 0x00, 0x00, 
0x00, 0x00, 0x00, 0x00, 0x00, 0x00, 0x00, 0x00, 0x00, 0x00, 0x00, 0x00, 0x00, 0x00, 0x00, 0x00, 
0x00, 0x00, 0x00, 0x00, 0x00, 0x00, 0x00, 0x00, 0x00, 0x00, 0x00, 0x00, 0x00, 0x00, 0x00, 0x00, 
0x00, 0x00, 0x00, 0x00, 0x00, 0x00, 0x00, 0x00, 0x00, 0x00, 0x00, 0x00, 0x00, 0x00, 0x00, 0x00, 
0x00, 0x00, 0x00, 0x00, 0x00, 0x00, 0x00, 0x00, 0x00, 0x00, 0x00, 0x00, 0x00, 0x00, 0x00, 0x00, 
0x00, 0x00, 0x00, 0x00, 0x00, 0x00, 0x00, 0x00, 0x00, 0x00, 0x00, 0x00, 0x00, 0x00, 0x00, 0x00, 
0x00, 0x00, 0x00, 0x00, 0x00, 0x00, 0x00, 0x00, 0x00, 0x00, 0x00, 0x00, 0x00, 0x00, 0x00, 0x00, 
0x00, 0x00, 0x00, 0x00, 0x00, 0x00, 0x00, 0x00, 0x00, 0x00, 0x00, 0x00, 0x00, 0x00, 0x00, 0x00, 
0x00, 0x00, 0x00, 0x00, 0x00, 0x00, 0x00, 0x00, 0x00, 0x00, 0x00, 0x00, 0x00, 0x00, 0x00, 0x00, 
0x00, 0x00, 0x00, 0x00, 0x00, 0x00, 0x00, 0x00, 0x00, 0x00, 0x00, 0x00, 0x00, 0x00, 0x00, 0x00, 
0x00, 0x00, 0x00, 0x00, 0x00, 0x00, 0x00, 0x00, 0x00, 0x00, 0x00, 0x00, 0x00, 0x00, 0x00, 0x00, 
0x00, 0x00, 0x00, 0x00, 0x00, 0x00, 0x00, 0x00, 0x00, 0x00, 0x00, 0x00, 0x00, 0x00, 0x00, 0x00, 
0x00, 0x00, 0x00, 0x00, 0x00, 0x00, 0x00, 0x00, 0x00, 0x00, 0x00, 0x00, 0x00, 0x00, 0x00, 0x00, 
0x00, 0x00, 0x00, 0x00, 0x00, 0x00, 0x00, 0x00, 0x00, 0x00, 0x00, 0x00, 0x00, 0x00, 0x00, 0x00, 
0x00, 0x00, 0x00, 0x00, 0x00, 0x00, 0x00, 0x00, 0x00, 0x00, 0x00, 0x00, 0x00, 0x00, 0x00, 0x00, 
0x00, 0x00, 0x00, 0x00, 0x00, 0x00, 0x00, 0x00, 0x00, 0x00, 0x00, 0x00, 0x00, 0x00, 0x00, 0x00, 
0x00, 0x00, 0x00, 0x00, 0x00, 0x00, 0x00, 0x00, 0x00, 0x00, 0x00, 0x00, 0x00, 0x00, 0x00, 0x00, 
0x00, 0x00, 0x00, 0x00, 0x00, 0x00, 0x00, 0x00, 0x00, 0x00, 0x00, 0x00, 0x00, 0x00, 0x00, 0x00, 
0x00, 0x00, 0x00, 0x00, 0x00, 0x00, 0x00, 0x00, 0x00, 0x00, 0x00, 0x00, 0x00, 0x00, 0x00, 0x00, 
0x00, 0x00, 0x00, 0x00, 0x00, 0x00, 0x00, 0x00, 0x00, 0x00, 0x00, 0x00, 0x00, 0x00, 0x00, 0x00, 
0x00, 0x00, 0x00, 0x00, 0x00, 0x00, 0x00, 0x00, 0x00, 0x00, 0x00, 0x00, 0x00, 0x00, 0x00, 0x00, 
0x00, 0x00, 0x00, 0x00, 0x00, 0x00, 0x00, 0x00, 0x00, 0x00, 0x00, 0x00, 0x00, 0x00, 0x00, 0x00, 
0x00, 0x00, 0x00, 0x00, 0x00, 0x00, 0x00, 0x00, 0x00, 0x00, 0x00, 0x00, 0x00, 0x00, 0x00, 0x00, 
0x00, 0x00, 0x00, 0x00, 0x00, 0x00, 0x00, 0x00, 0x00, 0x00, 0x00, 0x00, 0x00, 0x00, 0x00, 0x00, 
0x00, 0x00, 0x00, 0x00, 0x00, 0x00, 0x00, 0x00, 0x00, 0x00, 0x00, 0x00, 0x00, 0x00, 0x00, 0x00, 
0x00, 0x00, 0x00, 0x00, 0x00, 0x00, 0x00, 0x00, 0x00, 0x00, 0x00, 0x00, 0x00, 0x00, 0x00, 0x00, 
0x00, 0x00, 0x00, 0x00, 0x00, 0x00, 0x00, 0x00, 0x00, 0x00, 0x00, 0x00, 0x00, 0x00, 0x00, 0x00, 
0x00, 0x00, 0x00, 0x00, 0x00, 0x00, 0x00, 0x00, 0x00, 0x00, 0x00, 0x00, 0x00, 0x00, 0x00, 0x00, 
0x00, 0x00, 0x00, 0x00, 0x00, 0x00, 0x00, 0x00, 0x00, 0x00, 0x00, 0x00, 0x00, 0x00, 0x00, 0x00, 
0x00, 0x00, 0x00, 0x00, 0x00, 0x00, 0x00, 0x00, 0x00, 0x00, 0x00, 0x00, 0x00, 0x00, 0x00, 0x00, 
0x00, 0x00, 0x00, 0x00, 0x00, 0x00, 0x00, 0x00, 0x00, 0x00, 0x00, 0x00, 0x00, 0x00, 0x00, 0x00, 
0x00, 0x00, 0x00, 0x00, 0x00, 0x00, 0x00, 0x00, 0x00, 0x00, 0x00, 0x00, 0x00, 0x00, 0x00, 0x00, 
0x00, 0x00, 0x00, 0x00, 0x00, 0x00, 0x00, 0x00, 0x00, 0x00, 0x00, 0x00, 0x00, 0x00, 0x00, 0x00, 
0x00, 0x00, 0x00, 0x00, 0x00, 0x00, 0x00, 0x00, 0x00, 0x00, 0x00, 0x00, 0x00, 0x00, 0x00, 0x00, 
0x00, 0x00, 0x00, 0x00, 0x00, 0x00, 0x00, 0x00, 0x00, 0x00, 0x00, 0x00, 0x00, 0x00, 0x00, 0x00, 
0x00, 0x00, 0x00, 0x00, 0x00, 0x00, 0x00, 0x00, 0x00, 0x00, 0x00, 0x00, 0x00, 0x00, 0x00, 0x00, 
0x00, 0x00, 0x00, 0x00, 0x00, 0x00, 0x00, 0x00, 0x00, 0x00, 0x00, 0x00, 0x00, 0x00, 0x00, 0x00, 
0x00, 0x00, 0x00, 0x00, 0x00, 0x00, 0x00, 0x00, 0x00, 0x00, 0x00, 0x00, 0x00, 0x00, 0x00, 0x00, 
0x00, 0x00, 0x00, 0x00, 0x00, 0x00, 0x00, 0x00, 0x00, 0x00, 0x00, 0x00, 0x00, 0x00, 0x00, 0x00, 
0x00, 0x00, 0x00, 0x00, 0x00, 0x00, 0x00, 0x00, 0x00, 0x00, 0x00, 0x00, 0x00, 0x00, 0x00, 0x00, 
0x00, 0x00, 0x00, 0x00, 0x00, 0x00, 0x00, 0x00, 0x00, 0x00, 0x00, 0x00, 0x00, 0x00, 0x00, 0x00, 
0x00, 0x00, 0x00, 0x00, 0x00, 0x00, 0x00, 0x00, 0x00, 0x00, 0x00, 0x00, 0x00, 0x00, 0x00, 0x00, 
0x00, 0x00, 0x00, 0x00, 0x00, 0x00, 0x00, 0x00, 0x00, 0x00, 0x00, 0x00, 0x00, 0x00, 0x00, 0x00, 
0x00, 0x00, 0x00, 0x00, 0x00, 0x00, 0x00, 0x00, 0x00, 0x00, 0x00, 0x00, 0x00, 0x00, 0x00, 0x00, 
0x00, 0x00, 0x00, 0x00, 0x00, 0x00, 0x00, 0x00, 0x00, 0x00, 0x00, 0x00, 0x00, 0x00, 0x00, 0x00, 
0x00, 0x00, 0x00, 0x00, 0x00, 0x00, 0x00, 0x00, 0x00, 0x00, 0x00, 0x00, 0x00, 0x00, 0x00, 0x00, 
0x00, 0x00, 0x00, 0x00, 0x00, 0x00, 0x00, 0x00, 0x00, 0x00, 0x00, 0x00, 0x00, 0x00, 0x00, 0x00, 
0x00, 0x00, 0x00, 0x00, 0x00, 0x00, 0x00, 0x00, 0x00, 0x00, 0x00, 0x00, 0x00, 0x00, 0x00, 0x00, 
0x00, 0x00, 0x00, 0x00, 0x00, 0x00, 0x00, 0x00, 0x00, 0x00, 0x00, 0x00, 0x00, 0x00, 0x00, 0x00, 
0x00, 0x00, 0x00, 0x00, 0x00, 0x00, 0x00, 0x00, 0x00, 0x00, 0x00, 0x00, 0x00, 0x00, 0x00, 0x00, 
0x00, 0x00, 0x00, 0x00, 0x00, 0x00, 0x00, 0x00, 0x00, 0x00, 0x00, 0x00, 0x00, 0x00, 0x00, 0x00, 
0x00, 0x00, 0x00, 0x00, 0x00, 0x00, 0x00, 0x00, 0x00, 0x00, 0x00, 0x00, 0x00, 0x00, 0x00, 0x00, 
0x00, 0x00, 0x00, 0x00, 0x00, 0x00, 0x00, 0x00, 0x00, 0x00, 0x00, 0x00, 0x00, 0x00, 0x00, 0x00, 
0x00, 0x00, 0x00, 0x00, 0x00, 0x00, 0x00, 0x00, 0x00, 0x00, 0x00, 0x00, 0x00, 0x00, 0x00, 0x00, 
0x00, 0x00, 0x00, 0x00, 0x00, 0x00, 0x00, 0x00, 0x00, 0x00, 0x00, 0x00, 0x00, 0x00, 0x00, 0x00, 
0x00, 0x00, 0x00, 0x00, 0x00, 0x00, 0x00, 0x00, 0x00, 0x00, 0x00, 0x00, 0x00, 0x00, 0x00, 0x00, 
0x00, 0x00, 0x00, 0x00, 0x00, 0x00, 0x00, 0x00, 0x00, 0x00, 0x00, 0x00, 0x00, 0x00, 0x00, 0x00, 
0x00, 0x00, 0x00, 0x00, 0x00, 0x00, 0x00, 0x00, 0x00, 0x00, 0x00, 0x00, 0x00, 0x00, 0x00, 0x00, 
0x00, 0x00, 0x00, 0x00, 0x00, 0x00, 0x00, 0x00, 0x00, 0x00, 0x00, 0x00, 0x00, 0x00, 0x00, 0x00, 
0x00, 0x00, 0x00, 0x00, 0x00, 0x00, 0x00, 0x00, 0x00, 0x00, 0x00, 0x00, 0x00, 0x00, 0x00, 0x00, 
0x00, 0x00, 0x00, 0x00, 0x00, 0x00, 0x00, 0x00, 0x00, 0x00, 0x00, 0x00, 0x00, 0x00, 0x00, 0x00, 
0x00, 0x00, 0x00, 0x00, 0x00, 0x00, 0x00, 0x00, 0x00, 0x00, 0x00, 0x00, 0x00, 0x00, 0x00, 0x00, 
0x00, 0x00, 0x00, 0x00, 0x00, 0x00, 0x00, 0x00, 0x00, 0x00, 0x00, 0x00, 0x00, 0x00, 0x00, 0x00, 
0x00, 0x00, 0x00, 0x00, 0x00, 0x00, 0x00, 0x00, 0x00, 0x00, 0x00, 0x00, 0x00, 0x00, 0x00, 0x00, 
0x00, 0x00, 0x00, 0x00, 0x00, 0x00, 0x00, 0x00, 0x00, 0x00, 0x00, 0x00, 0x00, 0x00, 0x00, 0x00, 
0x00, 0x00, 0x00, 0x00, 0x00, 0x00, 0x00, 0x00, 0x00, 0x00, 0x00, 0x00, 0x00, 0x00, 0x00, 0x00, 
0x00, 0x00, 0x00, 0x00, 0x00, 0x00, 0x00, 0x00, 0x00, 0x00, 0x00, 0x00, 0x00, 0x00, 0x00, 0x00, 
0x00, 0x00, 0x00, 0x00, 0x00, 0x00, 0x00, 0x00, 0x00, 0x00, 0x00, 0x00, 0x00, 0x00, 0x00, 0x00, 
0x00, 0x00, 0x00, 0x00, 0x00, 0x00, 0x00, 0x00, 0x00, 0x00, 0x00, 0x00, 0x00, 0x00, 0x00, 0x00, 
0x00, 0x00, 0x00, 0x00, 0x00, 0x00, 0x00, 0x00, 0x00, 0x00, 0x00, 0x00, 0x00, 0x00, 0x00, 0x00, 
0x00, 0x00, 0x00, 0x00, 0x00, 0x00, 0x00, 0x00, 0x00, 0x00, 0x00, 0x00, 0x00, 0x00, 0x00, 0x00, 
0x00, 0x00, 0x00, 0x00, 0x00, 0x00, 0x00, 0x00, 0x00, 0x00, 0x00, 0x00, 0x00, 0x00, 0x00, 0x00, 
0x00, 0x00, 0x00, 0x00, 0x00, 0x00, 0x00, 0x00, 0x00, 0x00, 0x00, 0x00, 0x00, 0x00, 0x00, 0x00, 
0x00, 0x00, 0x00, 0x00, 0x00, 0x00, 0x00, 0x00, 0x00, 0x00, 0x00, 0x00, 0x00, 0x00, 0x00, 0x00, 
0x00, 0x00, 0x00, 0x00, 0x00, 0x00, 0x00, 0x00, 0x00, 0x00, 0x00, 0x00, 0x00, 0x00, 0x00, 0x00, 
0x00, 0x00, 0x00, 0x00, 0x00, 0x00, 0x00, 0x00, 0x00, 0x00, 0x00, 0x00, 0x00, 0x00, 0x00, 0x00, 
0x00, 0x00, 0x00, 0x00, 0x00, 0x00, 0x00, 0x00, 0x00, 0x00, 0x00, 0x00, 0x00, 0x00, 0x00, 0x00, 
0x00, 0x00, 0x00, 0x00, 0x00, 0x00, 0x00, 0x00, 0x00, 0x00, 0x00, 0x00, 0x00, 0x00, 0x00, 0x00, 
0x00, 0x00, 0x00, 0x00, 0x00, 0x00, 0x00, 0x00, 0x00, 0x00, 0x00, 0x00, 0x00, 0x00, 0x00, 0x00, 
0x00, 0x00, 0x00, 0x00, 0x00, 0x00, 0x00, 0x00, 0x00, 0x00, 0x00, 0x00, 0x00, 0x00, 0x00, 0x00, 
0x00, 0x00, 0x00, 0x00, 0x00, 0x00, 0x00, 0x00, 0x00, 0x00, 0x00, 0x00, 0x00, 0x00, 0x00, 0x00, 
0x00, 0x00, 0x00, 0x00, 0x00, 0x00, 0x00, 0x00, 0x00, 0x00, 0x00, 0x00, 0x00, 0x00, 0x00, 0x00, 
0x00, 0x00, 0x00, 0x00, 0x00, 0x00, 0x00, 0x00, 0x00, 0x00, 0x00, 0x00, 0x00, 0x00, 0x00, 0x00, 
0x00, 0x00, 0x00, 0x00, 0x00, 0x00, 0x00, 0x00, 0x00, 0x00, 0x00, 0x00, 0x00, 0x00, 0x00, 0x00, 
0x00, 0x00, 0x00, 0x00, 0x00, 0x00, 0x00, 0x00, 0x00, 0x00, 0x00, 0x00, 0x00, 0x00, 0x00, 0x00, 
0x00, 0x00, 0x00, 0x00, 0x00, 0x00, 0x00, 0x00, 0x00, 0x00, 0x00, 0x00, 0x00, 0x00, 0x00, 0x00, 
0x00, 0x00, 0x00, 0x00, 0x00, 0x00, 0x00, 0x00, 0x00, 0x00, 0x00, 0x00, 0x00, 0x00, 0x00, 0x00, 
0x00, 0x00, 0x00, 0x00, 0x00, 0x00, 0x00, 0x00, 0x00, 0x00, 0x00, 0x00, 0x00, 0x00, 0x00, 0x00, 
0x00, 0x00, 0x00, 0x00, 0x00, 0x00, 0x00, 0x00, 0x00, 0x00, 0x00, 0x00, 0x00, 0x00, 0x00, 0x00, 
0x00, 0x00, 0x00, 0x00, 0x00, 0x00, 0x00, 0x00, 0x00, 0x00, 0x00, 0x00, 0x00, 0x00, 0x00, 0x00, 
0x00, 0x00, 0x00, 0x00, 0x00, 0x00, 0x00, 0x00, 0x00, 0x00, 0x00, 0x00, 0x00, 0x00, 0x00, 0x00, 
0x00, 0x00, 0x00, 0x00, 0x00, 0x00, 0x00, 0x00, 0x00, 0x00, 0x00, 0x00, 0x00, 0x00, 0x00, 0x00, 
0x00, 0x00, 0x00, 0x00, 0x00, 0x00, 0x00, 0x00, 0x00, 0x00, 0x00, 0x00, 0x00, 0x00, 0x00, 0x00, 
0x00, 0x00, 0x00, 0x00, 0x00, 0x00, 0x00, 0x00, 0x00, 0x00, 0x00, 0x00, 0x00, 0x00, 0x00, 0x00, 
0x00, 0x00, 0x00, 0x00, 0x00, 0x00, 0x00, 0x00, 0x00, 0x00, 0x00, 0x00, 0x00, 0x00, 0x00, 0x00, 
0x00, 0x00, 0x00, 0x00, 0x00, 0x00, 0x00, 0x00, 0x00, 0x00, 0x00, 0x00, 0x00, 0x00, 0x00, 0x00, 
0x00, 0x00, 0x00, 0x00, 0x00, 0x00, 0x00, 0x00, 0x00, 0x00, 0x00, 0x00, 0x00, 0x00, 0x00, 0x00, 
0x00, 0x00, 0x00, 0x00, 0x00, 0x00, 0x00, 0x00, 0x00, 0x00, 0x00, 0x00, 0x00, 0x00, 0x00, 0x00, 
0x00, 0x00, 0x00, 0x00, 0x00, 0x00, 0x00, 0x00, 0x00, 0x00, 0x00, 0x00, 0x00, 0x00, 0x00, 0x00, 
0x00, 0x00, 0x00, 0x00, 0x00, 0x00, 0x00, 0x00, 0x00, 0x00, 0x00, 0x00, 0x00, 0x00, 0x00, 0x00, 
0x00, 0x00, 0x00, 0x00, 0x00, 0x00, 0x00, 0x00, 0x00, 0x00, 0x00, 0x00, 0x00, 0x00, 0x00, 0x00, 
0x00, 0x00, 0x00, 0x00, 0x00, 0x00, 0x00, 0x00, 0x00, 0x00, 0x00, 0x00, 0x00, 0x00, 0x00, 0x00, 
0x00, 0x00, 0x00, 0x00, 0x00, 0x00, 0x00, 0x00, 0x00, 0x00, 0x00, 0x00, 0x00, 0x00, 0x00, 0x00, 
0x00, 0x00, 0x00, 0x00, 0x00, 0x00, 0x00, 0x00, 0x00, 0x00, 0x00, 0x00, 0x00, 0x00, 0x00, 0x00, 
0x00, 0x00, 0x00, 0x00, 0x00, 0x00, 0x00, 0x00, 0x00, 0x00, 0x00, 0x00, 0x00, 0x00, 0x00, 0x00, 
0x00, 0x00, 0x00, 0x00, 0x00, 0x00, 0x00, 0x00, 0x00, 0x00, 0x00, 0x00, 0x00, 0x00, 0x00, 0x00, 
0x00, 0x00, 0x00, 0x00, 0x00, 0x00, 0x00, 0x00, 0x00, 0x00, 0x00, 0x00, 0x00, 0x00, 0x00, 0x00, 
0x00, 0x00, 0x00, 0x00, 0x00, 0x00, 0x00, 0x00, 0x00, 0x00, 0x00, 0x00, 0x00, 0x00, 0x00, 0x00, 
0x00, 0x00, 0x00, 0x00, 0x00, 0x00, 0x00, 0x00, 0x00, 0x00, 0x00, 0x00, 0x00, 0x00, 0x00, 0x00, 
0x00, 0x00, 0x00, 0x00, 0x00, 0x00, 0x00, 0x00, 0x00, 0x00, 0x00, 0x00, 0x00, 0x00, 0x00, 0x00, 
0x00, 0x00, 0x00, 0x00, 0x00, 0x00, 0x00, 0x00, 0x00, 0x00, 0x00, 0x00, 0x00, 0x00, 0x00, 0x00, 
0x00, 0x00, 0x00, 0x00, 0x00, 0x00, 0x00, 0x00, 0x00, 0x00, 0x00, 0x00, 0x00, 0x00, 0x00, 0x00, 
0x00, 0x00, 0x00, 0x00, 0x00, 0x00, 0x00, 0x00, 0x00, 0x00, 0x00, 0x00, 0x00, 0x00, 0x00, 0x00, 
0x00, 0x00, 0x00, 0x00, 0x00, 0x00, 0x00, 0x00, 0x00, 0x00, 0x00, 0x00, 0x00, 0x00, 0x00, 0x00, 
0x00, 0x00, 0x00, 0x00, 0x00, 0x00, 0x00, 0x00, 0x00, 0x00, 0x00, 0x00, 0x00, 0x00, 0x00, 0x00, 
0x00, 0x00, 0x00, 0x00, 0x00, 0x00, 0x00, 0x00, 0x00, 0x00, 0x00, 0x00, 0x00, 0x00, 0x00, 0x00, 
0x00, 0x00, 0x00, 0x00, 0x00, 0x00, 0x00, 0x00, 0x00, 0x00, 0x00, 0x00, 0x00, 0x00, 0x00, 0x00, 
0x00, 0x00, 0x00, 0x00, 0x00, 0x00, 0x00, 0x00, 0x00, 0x00, 0x00, 0x00, 0x00, 0x00, 0x00, 0x00, 
0x00, 0x00, 0x00, 0x00, 0x00, 0x00, 0x00, 0x00, 0x00, 0x00, 0x00, 0x00, 0x00, 0x00, 0x00, 0x00, 
0x00, 0x00, 0x00, 0x00, 0x00, 0x00, 0x00, 0x00, 0x00, 0x00, 0x00, 0x00, 0x00, 0x00, 0x00, 0x00, 
0x00, 0x00, 0x00, 0x00, 0x00, 0x00, 0x00, 0x00, 0x00, 0x00, 0x00, 0x00, 0x00, 0x00, 0x00, 0x00, 
0x00, 0x00, 0x00, 0x00, 0x00, 0x00, 0x00, 0x00, 0x00, 0x00, 0x00, 0x00, 0x00, 0x00, 0x00, 0x00, 
0x00, 0x00, 0x00, 0x00, 0x00, 0x00, 0x00, 0x00, 0x00, 0x00, 0x00, 0x00, 0x00, 0x00, 0x00, 0x00, 
0x00, 0x00, 0x00, 0x00, 0x00, 0x00, 0x00, 0x00, 0x00, 0x00, 0x00, 0x00, 0x00, 0x00, 0x00, 0x00, 
0x00, 0x00, 0x00, 0x00, 0x00, 0x00, 0x00, 0x00, 0x00, 0x00, 0x00, 0x00, 0x00, 0x00, 0x00, 0x00, 
0x00, 0x00, 0x00, 0x00, 0x00, 0x00, 0x00, 0x00, 0x00, 0x00, 0x00, 0x00, 0x00, 0x00, 0x00, 0x00, 
0x00, 0x00, 0x00, 0x00, 0x00, 0x00, 0x00, 0x00, 0x00, 0x00, 0x00, 0x00, 0x00, 0x00, 0x00, 0x00, 
0x00, 0x00, 0x00, 0x00, 0x00, 0x00, 0x00, 0x00, 0x00, 0x00, 0x00, 0x00, 0x00, 0x00, 0x00, 0x00, 
0x00, 0x00, 0x00, 0x00, 0x00, 0x00, 0x00, 0x00, 0x00, 0x00, 0x00, 0x00, 0x00, 0x00, 0x00, 0x00, 
0x00, 0x00, 0x00, 0x00, 0x00, 0x00, 0x00, 0x00, 0x00, 0x00, 0x00, 0x00, 0x00, 0x00, 0x00, 0x00, 
0x00, 0x00, 0x00, 0x00, 0x00, 0x00, 0x00, 0x00, 0x00, 0x00, 0x00, 0x00, 0x00, 0x00, 0x00, 0x00, 
0x00, 0x00, 0x00, 0x00, 0x00, 0x00, 0x00, 0x00, 0x00, 0x00, 0x00, 0x00, 0x00, 0x00, 0x00, 0x00, 
0x00, 0x00, 0x00, 0x00, 0x00, 0x00, 0x00, 0x00, 0x00, 0x00, 0x00, 0x00, 0x00, 0x00, 0x00, 0x00, 
0x00, 0x00, 0x00, 0x00, 0x00, 0x00, 0x00, 0x00, 0x00, 0x00, 0x00, 0x00, 0x00, 0x00, 0x00, 0x00, 
0x00, 0x00, 0x00, 0x00, 0x00, 0x00, 0x00, 0x00, 0x00, 0x00, 0x00, 0x00, 0x00, 0x00, 0x00, 0x00, 
0x00, 0x00, 0x00, 0x00, 0x00, 0x00, 0x00, 0x00, 0x00, 0x00, 0x00, 0x00, 0x00, 0x00, 0x00, 0x00, 
0x00, 0x00, 0x00, 0x00, 0x00, 0x00, 0x00, 0x00, 0x00, 0x00, 0x00, 0x00, 0x00, 0x00, 0x00, 0x00, 
0x00, 0x00, 0x00, 0x00, 0x00, 0x00, 0x00, 0x00, 0x00, 0x00, 0x00, 0x00, 0x00, 0x00, 0x00, 0x00, 
0x00, 0x00, 0x00, 0x00, 0x00, 0x00, 0x00, 0x00, 0x00, 0x00, 0x00, 0x00, 0x00, 0x00, 0x00, 0x00, 
0x00, 0x00, 0x00, 0x00, 0x00, 0x00, 0x00, 0x00, 0x00, 0x00, 0x00, 0x00, 0x00, 0x00, 0x00, 0x00, 
0x00, 0x00, 0x00, 0x00, 0x00, 0x00, 0x00, 0x00, 0x00, 0x00, 0x00, 0x00, 0x00, 0x00, 0x00, 0x00, 
0x00, 0x00, 0x00, 0x00, 0x00, 0x00, 0x00, 0x00, 0x00, 0x00, 0x00, 0x00, 0x00, 0x00, 0x00, 0x00, 
0x00, 0x00, 0x00, 0x00, 0x00, 0x00, 0x00, 0x00, 0x00, 0x00, 0x00, 0x00, 0x00, 0x00, 0x00, 0x00, 
0x00, 0x00, 0x00, 0x00, 0x00, 0x00, 0x00, 0x00, 0x00, 0x00, 0x00, 0x00, 0x00, 0x00, 0x00, 0x00, 
0x00, 0x00, 0x00, 0x00, 0x00, 0x00, 0x00, 0x00, 0x00, 0x00, 0x00, 0x00, 0x00, 0x00, 0x00, 0x00, 
0x00, 0x00, 0x00, 0x00, 0x00, 0x00, 0x00, 0x00, 0x00, 0x00, 0x00, 0x00, 0x00, 0x00, 0x00, 0x00, 
0x00, 0x00, 0x00, 0x00, 0x00, 0x00, 0x00, 0x00, 0x00, 0x00, 0x00, 0x00, 0x00, 0x00, 0x00, 0x00, 
0x00, 0x00, 0x00, 0x00, 0x00, 0x00, 0x00, 0x00, 0x00, 0x00, 0x00, 0x00, 0x00, 0x00, 0x00, 0x00, 
0x00, 0x00, 0x00, 0x00, 0x00, 0x00, 0x00, 0x00, 0x00, 0x00, 0x00, 0x00, 0x00, 0x00, 0x00, 0x00, 
0x00, 0x00, 0x00, 0x00, 0x00, 0x00, 0x00, 0x00, 0x00, 0x00, 0x00, 0x00, 0x00, 0x00, 0x00, 0x00, 
0x00, 0x00, 0x00, 0x00, 0x00, 0x00, 0x00, 0x00, 0x00, 0x00, 0x00, 0x00, 0x00, 0x00, 0x00, 0x00, 
0x00, 0x00, 0x00, 0x00, 0x00, 0x00, 0x00, 0x00, 0x00, 0x00, 0x00, 0x00, 0x00, 0x00, 0x00, 0x00, 
0x00, 0x00, 0x00, 0x00, 0x00, 0x00, 0x00, 0x00, 0x00, 0x00, 0x00, 0x00, 0x00, 0x00, 0x00, 0x00, 
0x00, 0x00, 0x00, 0x00, 0x00, 0x00, 0x00, 0x00, 0x00, 0x00, 0x00, 0x00, 0x00, 0x00, 0x00, 0x00, 
0x00, 0x00, 0x00, 0x00, 0x00, 0x00, 0x00, 0x00, 0x00, 0x00, 0x00, 0x00, 0x00, 0x00, 0x00, 0x00, 
0x00, 0x00, 0x00, 0x00, 0x00, 0x00, 0x00, 0x00, 0x00, 0x00, 0x00, 0x00, 0x00, 0x00, 0x00, 0x00, 
0x00, 0x00, 0x00, 0x00, 0x00, 0x00, 0x00, 0x00, 0x00, 0x00, 0x00, 0x00, 0x00, 0x00, 0x00, 0x00, 
0x00, 0x00, 0x00, 0x00, 0x00, 0x00, 0x00, 0x00, 0x00, 0x00, 0x00, 0x00, 0x00, 0x00, 0x00, 0x00, 
0x00, 0x00, 0x00, 0x00, 0x00, 0x00, 0x00, 0x00, 0x00, 0x00, 0x00, 0x00, 0x00, 0x00, 0x00, 0x00, 
0x00, 0x00, 0x00, 0x00, 0x00, 0x00, 0x00, 0x00, 0x00, 0x00, 0x00, 0x00, 0x00, 0x00, 0x00, 0x00, 
0x00, 0x00, 0x00, 0x00, 0x00, 0x00, 0x00, 0x00, 0x00, 0x00, 0x00, 0x00, 0x00, 0x00, 0x00, 0x00, 
0x00, 0x00, 0x00, 0x00, 0x00, 0x00, 0x00, 0x00, 0x00, 0x00, 0x00, 0x00, 0x00, 0x00, 0x00, 0x00, 
0x00, 0x00, 0x00, 0x00, 0x00, 0x00, 0x00, 0x00, 0x00, 0x00, 0x00, 0x00, 0x00, 0x00, 0x00, 0x00, 
0x00, 0x00, 0x00, 0x00, 0x00, 0x00, 0x00, 0x00, 0x00, 0x00, 0x00, 0x00, 0x00, 0x00, 0x00, 0x00, 
0x00, 0x00, 0x00, 0x00, 0x00, 0x00, 0x00, 0x00, 0x00, 0x00, 0x00, 0x00, 0x00, 0x00, 0x00, 0x00, 
0x00, 0x00, 0x00, 0x00, 0x00, 0x00, 0x00, 0x00, 0x00, 0x00, 0x00, 0x00, 0x00, 0x00, 0x00, 0x00, 
0x00, 0x00, 0x00, 0x00, 0x00, 0x00, 0x00, 0x00, 0x00, 0x00, 0x00, 0x00, 0x00, 0x00, 0x00, 0x00, 
0x00, 0x00, 0x00, 0x00, 0x00, 0x00, 0x00, 0x00, 0x00, 0x00, 0x00, 0x00, 0x00, 0x00, 0x00, 0x00, 
0x00, 0x00, 0x00, 0x00, 0x00, 0x00, 0x00, 0x00, 0x00, 0x00, 0x00, 0x00, 0x00, 0x00, 0x00, 0x00, 
0x00, 0x00, 0x00, 0x00, 0x00, 0x00, 0x00, 0x00, 0x00, 0x00, 0x00, 0x00, 0x00, 0x00, 0x00, 0x00, 
0x00, 0x00, 0x00, 0x00, 0x00, 0x00, 0x00, 0x00, 0x00, 0x00, 0x00, 0x00, 0x00, 0x00, 0x00, 0x00, 
0x00, 0x00, 0x00, 0x00, 0x00, 0x00, 0x00, 0x00, 0x00, 0x00, 0x00, 0x00, 0x00, 0x00, 0x00, 0x00, 
0x00, 0x00, 0x00, 0x00, 0x00, 0x00, 0x00, 0x00, 0x00, 0x00, 0x00, 0x00, 0x00, 0x00, 0x00, 0x00, 
0x00, 0x00, 0x00, 0x00, 0x00, 0x00, 0x00, 0x00, 0x00, 0x00, 0x00, 0x00, 0x00, 0x00, 0x00, 0x00, 
0x00, 0x00, 0x00, 0x00, 0x00, 0x00, 0x00, 0x00, 0x00, 0x00, 0x00, 0x00, 0x00, 0x00, 0x00, 0x00, 
0x00, 0x00, 0x00, 0x00, 0x00, 0x00, 0x00, 0x00, 0x00, 0x00, 0x00, 0x00, 0x00, 0x00, 0x00, 0x00, 
0x00, 0x00, 0x00, 0x00, 0x00, 0x00, 0x00, 0x00, 0x00, 0x00, 0x00, 0x00, 0x00, 0x00, 0x00, 0x00, 
0x00, 0x00, 0x00, 0x00, 0x00, 0x00, 0x00, 0x00, 0x00, 0x00, 0x00, 0x00, 0x00, 0x00, 0x00, 0x00, 
0x00, 0x00, 0x00, 0x00, 0x00, 0x00, 0x00, 0x00, 0x00, 0x00, 0x00, 0x00, 0x00, 0x00, 0x00, 0x00, 
0x00, 0x00, 0x00, 0x00, 0x00, 0x00, 0x00, 0x00, 0x00, 0x00, 0x00, 0x00, 0x00, 0x00, 0x00, 0x00, 
0x00, 0x00, 0x00, 0x00, 0x00, 0x00, 0x00, 0x00, 0x00, 0x00, 0x00, 0x00, 0x00, 0x00, 0x00, 0x00, 
0x00, 0x00, 0x00, 0x00, 0x00, 0x00, 0x00, 0x00, 0x00, 0x00, 0x00, 0x00, 0x00, 0x00, 0x00, 0x00, 
0x00, 0x00, 0x00, 0x00, 0x00, 0x00, 0x00, 0x00, 0x00, 0x00, 0x00, 0x00, 0x00, 0x00, 0x00, 0x00, 
0x00, 0x00, 0x00, 0x00, 0x00, 0x00, 0x00, 0x00, 0x00, 0x00, 0x00, 0x00, 0x00, 0x00, 0x00, 0x00, 
0x00, 0x00, 0x00, 0x00, 0x00, 0x00, 0x00, 0x00, 0x00, 0x00, 0x00, 0x00, 0x00, 0x00, 0x00, 0x00, 
0x00, 0x00, 0x00, 0x00, 0x00, 0x00, 0x00, 0x00, 0x00, 0x00, 0x00, 0x00, 0x00, 0x00, 0x00, 0x00, 
0x00, 0x00, 0x00, 0x00, 0x00, 0x00, 0x00, 0x00, 0x00, 0x00, 0x00, 0x00, 0x00, 0x00, 0x00, 0x00, 
0x00, 0x00, 0x00, 0x00, 0x00, 0x00, 0x00, 0x00, 0x00, 0x00, 0x00, 0x00, 0x00, 0x00, 0x00, 0x00, 
0x00, 0x00, 0x00, 0x00, 0x00, 0x00, 0x00, 0x00, 0x00, 0x00, 0x00, 0x00, 0x00, 0x00, 0x00, 0x00, 
0x00, 0x00, 0x00, 0x00, 0x00, 0x00, 0x00, 0x00, 0x00, 0x00, 0x00, 0x00, 0x00, 0x00, 0x00, 0x00, 
0x00, 0x00, 0x00, 0x00, 0x00, 0x00, 0x00, 0x00, 0x00, 0x00, 0x00, 0x00, 0x00, 0x00, 0x00, 0x00, 
0x00, 0x00, 0x00, 0x00, 0x00, 0x00, 0x00, 0x00, 0x00, 0x00, 0x00, 0x00, 0x00, 0x00, 0x00, 0x00, 
0x00, 0x00, 0x00, 0x00, 0x00, 0x00, 0x00, 0x00, 0x00, 0x00, 0x00, 0x00, 0x00, 0x00, 0x00, 0x00, 
0x00, 0x00, 0x00, 0x00, 0x00, 0x00, 0x00, 0x00, 0x00, 0x00, 0x00, 0x00, 0x00, 0x00, 0x00, 0x00, 
0x00, 0x00, 0x00, 0x00, 0x00, 0x00, 0x00, 0x00, 0x00, 0x00, 0x00, 0x00, 0x00, 0x00, 0x00, 0x00, 
0x00, 0x00, 0x00, 0x00, 0x00, 0x00, 0x00, 0x00, 0x00, 0x00, 0x00, 0x00, 0x00, 0x00, 0x00, 0x00, 
0x00, 0x00, 0x00, 0x00, 0x00, 0x00, 0x00, 0x00, 0x00, 0x00, 0x00, 0x00, 0x00, 0x00, 0x00, 0x00, 
0x00, 0x00, 0x00, 0x00, 0x00, 0x00, 0x00, 0x00, 0x00, 0x00, 0x00, 0x00, 0x00, 0x00, 0x00, 0x00, 
0x00, 0x00, 0x00, 0x00, 0x00, 0x00, 0x00, 0x00, 0x00, 0x00, 0x00, 0x00, 0x00, 0x00, 0x00, 0x00, 
0x00, 0x00, 0x00, 0x00, 0x00, 0x00, 0x00, 0x00, 0x00, 0x00, 0x00, 0x00, 0x00, 0x00, 0x00, 0x00, 
0x00, 0x00, 0x00, 0x00, 0x00, 0x00, 0x00, 0x00, 0x00, 0x00, 0x00, 0x00, 0x00, 0x00, 0x00, 0x00, 
0x00, 0x00, 0x00, 0x00, 0x00, 0x00, 0x00, 0x00, 0x00, 0x00, 0x00, 0x00, 0x00, 0x00, 0x00, 0x00, 
0x00, 0x00, 0x00, 0x00, 0x00, 0x00, 0x00, 0x00, 0x00, 0x00, 0x00, 0x00, 0x00, 0x00, 0x00, 0x00, 
0x00, 0x00, 0x00, 0x00, 0x00, 0x00, 0x00, 0x00, 0x00, 0x00, 0x00, 0x00, 0x00, 0x00, 0x00, 0x00, 
0x00, 0x00, 0x00, 0x00, 0x00, 0x00, 0x00, 0x00, 0x00, 0x00, 0x00, 0x00, 0x00, 0x00, 0x00, 0x00, 
0x00, 0x00, 0x00, 0x00, 0x00, 0x00, 0x00, 0x00, 0x00, 0x00, 0x00, 0x00, 0x00, 0x00, 0x00, 0x00, 
0x00, 0x00, 0x00, 0x00, 0x00, 0x00, 0x00, 0x00, 0x00, 0x00, 0x00, 0x00, 0x00, 0x00, 0x00, 0x00, 
0x00, 0x00, 0x00, 0x00, 0x00, 0x00, 0x00, 0x00, 0x00, 0x00, 0x00, 0x00, 0x00, 0x00, 0x00, 0x00, 
0x00, 0x00, 0x00, 0x00, 0x00, 0x00, 0x00, 0x00, 0x00, 0x00, 0x00, 0x00, 0x00, 0x00, 0x00, 0x00, 
0x00, 0x00, 0x00, 0x00, 0x00, 0x00, 0x00, 0x00, 0x00, 0x00, 0x00, 0x00, 0x00, 0x00, 0x00, 0x00, 
0x00, 0x00, 0x00, 0x00, 0x00, 0x00, 0x00, 0x00, 0x00, 0x00, 0x00, 0x00, 0x00, 0x00, 0x00, 0x00, 
0x00, 0x00, 0x00, 0x00, 0x00, 0x00, 0x00, 0x00, 0x00, 0x00, 0x00, 0x00, 0x00, 0x00, 0x00, 0x00, 
0x00, 0x00, 0x00, 0x00, 0x00, 0x00, 0x00, 0x00, 0x00, 0x00, 0x00, 0x00, 0x00, 0x00, 0x00, 0x00, 
0x00, 0x00, 0x00, 0x00, 0x00, 0x00, 0x00, 0x00, 0x00, 0x00, 0x00, 0x00, 0x00, 0x00, 0x00, 0x00, 
0x00, 0x00, 0x00, 0x00, 0x00, 0x00, 0x00, 0x00, 0x00, 0x00, 0x00, 0x00, 0x00, 0x00, 0x00, 0x00, 
0x00, 0x00, 0x00, 0x00, 0x00, 0x00, 0x00, 0x00, 0x00, 0x00, 0x00, 0x00, 0x00, 0x00, 0x00, 0x00, 
0x00, 0x00, 0x00, 0x00, 0x00, 0x00, 0x00, 0x00, 0x00, 0x00, 0x00, 0x00, 0x00, 0x00, 0x00, 0x00, 
0x00, 0x00, 0x00, 0x00, 0x00, 0x00, 0x00, 0x00, 0x00, 0x00, 0x00, 0x00, 0x00, 0x00, 0x00, 0x00, 
0x00, 0x00, 0x00, 0x00, 0x00, 0x00, 0x00, 0x00, 0x00, 0x00, 0x00, 0x00, 0x00, 0x00, 0x00, 0x00, 
0x00, 0x00, 0x00, 0x00, 0x00, 0x00, 0x00, 0x00, 0x00, 0x00, 0x00, 0x00, 0x00, 0x00, 0x00, 0x00, 
0x00, 0x00, 0x00, 0x00, 0x00, 0x00, 0x00, 0x00, 0x00, 0x00, 0x00, 0x00, 0x00, 0x00, 0x00, 0x00, 
0x00, 0x00, 0x00, 0x00, 0x00, 0x00, 0x00, 0x00, 0x00, 0x00, 0x00, 0x00, 0x00, 0x00, 0x00, 0x00, 
0x00, 0x00, 0x00, 0x00, 0x00, 0x00, 0x00, 0x00, 0x00, 0x00, 0x00, 0x00, 0x00, 0x00, 0x00, 0x00, 
0x00, 0x00, 0x00, 0x00, 0x00, 0x00, 0x00, 0x00, 0x00, 0x00, 0x00, 0x00, 0x00, 0x00, 0x00, 0x00, 
0x00, 0x00, 0x00, 0x00, 0x00, 0x00, 0x00, 0x00, 0x00, 0x00, 0x00, 0x00, 0x00, 0x00, 0x00, 0x00, 
0x00, 0x00, 0x00, 0x00, 0x00, 0x00, 0x00, 0x00, 0x00, 0x00, 0x00, 0x00, 0x00, 0x00, 0x00, 0x00, 
0x00, 0x00, 0x00, 0x00, 0x00, 0x00, 0x00, 0x00, 0x00, 0x00, 0x00, 0x00, 0x00, 0x00, 0x00, 0x00, 
0x00, 0x00, 0x00, 0x00, 0x00, 0x00, 0x00, 0x00, 0x00, 0x00, 0x00, 0x00, 0x00, 0x00, 0x00, 0x00, 
0x00, 0x00, 0x00, 0x00, 0x00, 0x00, 0x00, 0x00, 0x00, 0x00, 0x00, 0x00, 0x00, 0x00, 0x00, 0x00, 
0x00, 0x00, 0x00, 0x00, 0x00, 0x00, 0x00, 0x00, 0x00, 0x00, 0x00, 0x00, 0x00, 0x00, 0x00, 0x00, 
0x00, 0x00, 0x00, 0x00, 0x00, 0x00, 0x00, 0x00, 0x00, 0x00, 0x00, 0x00, 0x00, 0x00, 0x00, 0x00, 
0x00, 0x00, 0x00, 0x00, 0x00, 0x00, 0x00, 0x00, 0x00, 0x00, 0x00, 0x00, 0x00, 0x00, 0x00, 0x00, 
0x00, 0x00, 0x00, 0x00, 0x00, 0x00, 0x00, 0x00, 0x00, 0x00, 0x00, 0x00, 0x00, 0x00, 0x00, 0x00, 
0x00, 0x00, 0x00, 0x00, 0x00, 0x00, 0x00, 0x00, 0x00, 0x00, 0x00, 0x00, 0x00, 0x00, 0x00, 0x00, 
0x00, 0x00, 0x00, 0x00, 0x00, 0x00, 0x00, 0x00, 0x00, 0x00, 0x00, 0x00, 0x00, 0x00, 0x00, 0x00, 
0x00, 0x00, 0x00, 0x00, 0x00, 0x00, 0x00, 0x00, 0x00, 0x00, 0x00, 0x00, 0x00, 0x00, 0x00, 0x00, 
0x00, 0x00, 0x00, 0x00, 0x00, 0x00, 0x00, 0x00, 0x00, 0x00, 0x00, 0x00, 0x00, 0x00, 0x00, 0x00, 
0x00, 0x00, 0x00, 0x00, 0x00, 0x00, 0x00, 0x00, 0x00, 0x00, 0x00, 0x00, 0x00, 0x00, 0x00, 0x00, 
0x00, 0x00, 0x00, 0x00, 0x00, 0x00, 0x00, 0x00, 0x00, 0x00, 0x00, 0x00, 0x00, 0x00, 0x00, 0x00, 
0x00, 0x00, 0x00, 0x00, 0x00, 0x00, 0x00, 0x00, 0x00, 0x00, 0x00, 0x00, 0x00, 0x00, 0x00, 0x00, 
0x00, 0x00, 0x00, 0x00, 0x00, 0x00, 0x00, 0x00, 0x00, 0x00, 0x00, 0x00, 0x00, 0x00, 0x00, 0x00, 
0x00, 0x00, 0x00, 0x00, 0x00, 0x00, 0x00, 0x00, 0x00, 0x00, 0x00, 0x00, 0x00, 0x00, 0x00, 0x00, 
0x00, 0x00, 0x00, 0x00, 0x00, 0x00, 0x00, 0x00, 0x00, 0x00, 0x00, 0x00, 0x00, 0x00, 0x00, 0x00, 
0x00, 0x00, 0x00, 0x00, 0x00, 0x00, 0x00, 0x00, 0x00, 0x00, 0x00, 0x00, 0x00, 0x00, 0x00, 0x00, 
0x00, 0x00, 0x00, 0x00, 0x00, 0x00, 0x00, 0x00, 0x00, 0x00, 0x00, 0x00, 0x00, 0x00, 0x00, 0x00, 
0x00, 0x00, 0x00, 0x00, 0x00, 0x00, 0x00, 0x00, 0x00, 0x00, 0x00, 0x00, 0x00, 0x00, 0x00, 0x00, 
0x00, 0x00, 0x00, 0x00, 0x00, 0x00, 0x00, 0x00, 0x00, 0x00, 0x00, 0x00, 0x00, 0x00, 0x00, 0x00, 
0x00, 0x00, 0x00, 0x00, 0x00, 0x00, 0x00, 0x00, 0x00, 0x00, 0x00, 0x00, 0x00, 0x00, 0x00, 0x00, 
0x00, 0x00, 0x00, 0x00, 0x00, 0x00, 0x00, 0x00, 0x00, 0x00, 0x00, 0x00, 0x00, 0x00, 0x00, 0x00, 
0x00, 0x00, 0x00, 0x00, 0x00, 0x00, 0x00, 0x00, 0x00, 0x00, 0x00, 0x00, 0x00, 0x00, 0x00, 0x00, 
0x00, 0x00, 0x00, 0x00, 0x00, 0x00, 0x00, 0x00, 0x00, 0x00, 0x00, 0x00, 0x00, 0x00, 0x00, 0x00, 
0x00, 0x00, 0x00, 0x00, 0x00, 0x00, 0x00, 0x00, 0x00, 0x00, 0x00, 0x00, 0x00, 0x00, 0x00, 0x00, 
0x00, 0x00, 0x00, 0x00, 0x00, 0x00, 0x00, 0x00, 0x00, 0x00, 0x00, 0x00, 0x00, 0x00, 0x00, 0x00, 
0x00, 0x00, 0x00, 0x00, 0x00, 0x00, 0x00, 0x00, 0x00, 0x00, 0x00, 0x00, 0x00, 0x00, 0x00, 0x00, 
0x00, 0x00, 0x00, 0x00, 0x00, 0x00, 0x00, 0x00, 0x00, 0x00, 0x00, 0x00, 0x00, 0x00, 0x00, 0x00, 
0x00, 0x00, 0x00, 0x00, 0x00, 0x00, 0x00, 0x00, 0x00, 0x00, 0x00, 0x00, 0x00, 0x00, 0x00, 0x00, 
0x00, 0x00, 0x00, 0x00, 0x00, 0x00, 0x00, 0x00, 0x00, 0x00, 0x00, 0x00, 0x00, 0x00, 0x00, 0x00, 
0x00, 0x00, 0x00, 0x00, 0x00, 0x00, 0x00, 0x00, 0x00, 0x00, 0x00, 0x00, 0x00, 0x00, 0x00, 0x00, 
0x00, 0x00, 0x00, 0x00, 0x00, 0x00, 0x00, 0x00, 0x00, 0x00, 0x00, 0x00, 0x00, 0x00, 0x00, 0x00, 
0x00, 0x00, 0x00, 0x00, 0x00, 0x00, 0x00, 0x00, 0x00, 0x00, 0x00, 0x00, 0x00, 0x00, 0x00, 0x00, 
0x00, 0x00, 0x00, 0x00, 0x00, 0x00, 0x00, 0x00, 0x00, 0x00, 0x00, 0x00, 0x00, 0x00, 0x00, 0x00, 
0x00, 0x00, 0x00, 0x00, 0x00, 0x00, 0x00, 0x00, 0x00, 0x00, 0x00, 0x00, 0x00, 0x00, 0x00, 0x00, 
0x00, 0x00, 0x00, 0x00, 0x00, 0x00, 0x00, 0x00, 0x00, 0x00, 0x00, 0x00, 0x00, 0x00, 0x00, 0x00, 
0x00, 0x00, 0x00, 0x00, 0x00, 0x00, 0x00, 0x00, 0x00, 0x00, 0x00, 0x00, 0x00, 0x00, 0x00, 0x00, 
0x00, 0x00, 0x00, 0x00, 0x00, 0x00, 0x00, 0x00, 0x00, 0x00, 0x00, 0x00, 0x00, 0x00, 0x00, 0x00, 
0x00, 0x00, 0x00, 0x00, 0x00, 0x00, 0x00, 0x00, 0x00, 0x00, 0x00, 0x00, 0x00, 0x00, 0x00, 0x00, 
0x00, 0x00, 0x00, 0x00, 0x00, 0x00, 0x00, 0x00, 0x00, 0x00, 0x00, 0x00, 0x00, 0x00, 0x00, 0x00, 
0x00, 0x00, 0x00, 0x00, 0x00, 0x00, 0x00, 0x00, 0x00, 0x00, 0x00, 0x00, 0x00, 0x00, 0x00, 0x00, 
0x00, 0x00, 0x00, 0x00, 0x00, 0x00, 0x00, 0x00, 0x00, 0x00, 0x00, 0x00, 0x00, 0x00, 0x00, 0x00, 
0x00, 0x00, 0x00, 0x00, 0x00, 0x00, 0x00, 0x00, 0x00, 0x00, 0x00, 0x00, 0x00, 0x00, 0x00, 0x00, 
0x00, 0x00, 0x00, 0x00, 0x00, 0x00, 0x00, 0x00, 0x00, 0x00, 0x00, 0x00, 0x00, 0x00, 0x00, 0x00, 
0x00, 0x00, 0x00, 0x00, 0x00, 0x00, 0x00, 0x00, 0x00, 0x00, 0x00, 0x00, 0x00, 0x00, 0x00, 0x00, 
0x00, 0x00, 0x00, 0x00, 0x00, 0x00, 0x00, 0x00, 0x00, 0x00, 0x00, 0x00, 0x00, 0x00, 0x00, 0x00, 
0x00, 0x00, 0x00, 0x00, 0x00, 0x00, 0x00, 0x00, 0x00, 0x00, 0x00, 0x00, 0x00, 0x00, 0x00, 0x00, 
0x00, 0x00, 0x00, 0x00, 0x00, 0x00, 0x00, 0x00, 0x00, 0x00, 0x00, 0x00, 0x00, 0x00, 0x00, 0x00, 
0x00, 0x00, 0x00, 0x00, 0x00, 0x00, 0x00, 0x00, 0x00, 0x00, 0x00, 0x00, 0x00, 0x00, 0x00, 0x00, 
0x00, 0x00, 0x00, 0x00, 0x00, 0x00, 0x00, 0x00, 0x00, 0x00, 0x00, 0x00, 0x00, 0x00, 0x00, 0x00, 
0x00, 0x00, 0x00, 0x00, 0x00, 0x00, 0x00, 0x00, 0x00, 0x00, 0x00, 0x00, 0x00, 0x00, 0x00, 0x00, 
0x00, 0x00, 0x00, 0x00, 0x00, 0x00, 0x00, 0x00, 0x00, 0x00, 0x00, 0x00, 0x00, 0x00, 0x00, 0x00, 
0x00, 0x00, 0x00, 0x00, 0x00, 0x00, 0x00, 0x00, 0x00, 0x00, 0x00, 0x00, 0x00, 0x00, 0x00, 0x00, 
0x00, 0x00, 0x00, 0x00, 0x00, 0x00, 0x00, 0x00, 0x00, 0x00, 0x00, 0x00, 0x00, 0x00, 0x00, 0x00, 
0x00, 0x00, 0x00, 0x00, 0x00, 0x00, 0x00, 0x00, 0x00, 0x00, 0x00, 0x00, 0x00, 0x00, 0x00, 0x00, 
0x00, 0x00, 0x00, 0x00, 0x00, 0x00, 0x00, 0x00, 0x00, 0x00, 0x00, 0x00, 0x00, 0x00, 0x00, 0x00, 
0x00, 0x00, 0x00, 0x00, 0x00, 0x00, 0x00, 0x00, 0x00, 0x00, 0x00, 0x00, 0x00, 0x00, 0x00, 0x00, 
0x00, 0x00, 0x00, 0x00, 0x00, 0x00, 0x00, 0x00, 0x00, 0x00, 0x00, 0x00, 0x00, 0x00, 0x00, 0x00, 
0x00, 0x00, 0x00, 0x00, 0x00, 0x00, 0x00, 0x00, 0x00, 0x00, 0x00, 0x00, 0x00, 0x00, 0x00, 0x00, 
0x00, 0x00, 0x00, 0x00, 0x00, 0x00, 0x00, 0x00, 0x00, 0x00, 0x00, 0x00, 0x00, 0x00, 0x00, 0x00, 
0x00, 0x00, 0x00, 0x00, 0x00, 0x00, 0x00, 0x00, 0x00, 0x00, 0x00, 0x00, 0x00, 0x00, 0x00, 0x00, 
0x00, 0x00, 0x00, 0x00, 0x00, 0x00, 0x00, 0x00, 0x00, 0x00, 0x00, 0x00, 0x00, 0x00, 0x00, 0x00, 
0x00, 0x00, 0x00, 0x00, 0x00, 0x00, 0x00, 0x00, 0x00, 0x00, 0x00, 0x00, 0x00, 0x00, 0x00, 0x00, 
0x00, 0x00, 0x00, 0x00, 0x00, 0x00, 0x00, 0x00, 0x00, 0x00, 0x00, 0x00, 0x00, 0x00, 0x00, 0x00, 
0x00, 0x00, 0x00, 0x00, 0x00, 0x00, 0x00, 0x00, 0x00, 0x00, 0x00, 0x00, 0x00, 0x00, 0x00, 0x00, 
0x00, 0x00, 0x00, 0x00, 0x00, 0x00, 0x00, 0x00, 0x00, 0x00, 0x00, 0x00, 0x00, 0x00, 0x00, 0x00, 
0x00, 0x00, 0x00, 0x00, 0x00, 0x00, 0x00, 0x00, 0x00, 0x00, 0x00, 0x00, 0x00, 0x00, 0x00, 0x00, 
0x00, 0x00, 0x00, 0x00, 0x00, 0x00, 0x00, 0x00, 0x00, 0x00, 0x00, 0x00, 0x00, 0x00, 0x00, 0x00, 
0x00, 0x00, 0x00, 0x00, 0x00, 0x00, 0x00, 0x00, 0x00, 0x00, 0x00, 0x00, 0x00, 0x00, 0x00, 0x00, 
0x00, 0x00, 0x00, 0x00, 0x00, 0x00, 0x00, 0x00, 0x00, 0x00, 0x00, 0x00, 0x00, 0x00, 0x00, 0x00, 
0x00, 0x00, 0x00, 0x00, 0x00, 0x00, 0x00, 0x00, 0x00, 0x00, 0x00, 0x00, 0x00, 0x00, 0x00, 0x00, 
0x00, 0x00, 0x00, 0x00, 0x00, 0x00, 0x00, 0x00, 0x00, 0x00, 0x00, 0x00, 0x00, 0x00, 0x00, 0x00, 
0x00, 0x00, 0x00, 0x00, 0x00, 0x00, 0x00, 0x00, 0x00, 0x00, 0x00, 0x00, 0x00, 0x00, 0x00, 0x00, 
0x00, 0x00, 0x00, 0x00, 0x00, 0x00, 0x00, 0x00, 0x00, 0x00, 0x00, 0x00, 0x00, 0x00, 0x00, 0x00, 
0x00, 0x00, 0x00, 0x00, 0x00, 0x00, 0x00, 0x00, 0x00, 0x00, 0x00, 0x00, 0x00, 0x00, 0x00, 0x00, 
0x00, 0x00, 0x00, 0x00, 0x00, 0x00, 0x00, 0x00, 0x00, 0x00, 0x00, 0x00, 0x00, 0x00, 0x00, 0x00, 
0x00, 0x00, 0x00, 0x00, 0x00, 0x00, 0x00, 0x00, 0x00, 0x00, 0x00, 0x00, 0x00, 0x00, 0x00, 0x00, 
0x00, 0x00, 0x00, 0x00, 0x00, 0x00, 0x00, 0x00, 0x00, 0x00, 0x00, 0x00, 0x00, 0x00, 0x00, 0x00, 
0x00, 0x00, 0x00, 0x00, 0x00, 0x00, 0x00, 0x00, 0x00, 0x00, 0x00, 0x00, 0x00, 0x00, 0x00, 0x00, 
0x00, 0x00, 0x00, 0x00, 0x00, 0x00, 0x00, 0x00, 0x00, 0x00, 0x00, 0x00, 0x00, 0x00, 0x00, 0x00, 
0x00, 0x00, 0x00, 0x00, 0x00, 0x00, 0x00, 0x00, 0x00, 0x00, 0x00, 0x00, 0x00, 0x00, 0x00, 0x00, 
0x00, 0x00, 0x00, 0x00, 0x00, 0x00, 0x00, 0x00, 0x00, 0x00, 0x00, 0x00, 0x00, 0x00, 0x00, 0x00, 
0x00, 0x00, 0x00, 0x00, 0x00, 0x00, 0x00, 0x00, 0x00, 0x00, 0x00, 0x00, 0x00, 0x00, 0x00, 0x00, 
0x00, 0x00, 0x00, 0x00, 0x00, 0x00, 0x00, 0x00, 0x00, 0x00, 0x00, 0x00, 0x00, 0x00, 0x00, 0x00, 
0x00, 0x00, 0x00, 0x00, 0x00, 0x00, 0x00, 0x00, 0x00, 0x00, 0x00, 0x00, 0x00, 0x00, 0x00, 0x00, 
0x00, 0x00, 0x00, 0x00, 0x00, 0x00, 0x00, 0x00, 0x00, 0x00, 0x00, 0x00, 0x00, 0x00, 0x00, 0x00, 
0x00, 0x00, 0x00, 0x00, 0x00, 0x00, 0x00, 0x00, 0x00, 0x00, 0x00, 0x00, 0x00, 0x00, 0x00, 0x00, 
0x00, 0x00, 0x00, 0x00, 0x00, 0x00, 0x00, 0x00, 0x00, 0x00, 0x00, 0x00, 0x00, 0x00, 0x00, 0x00, 
0x00, 0x00, 0x00, 0x00, 0x00, 0x00, 0x00, 0x00, 0x00, 0x00, 0x00, 0x00, 0x00, 0x00, 0x00, 0x00, 
0x00, 0x00, 0x00, 0x00, 0x00, 0x00, 0x00, 0x00, 0x00, 0x00, 0x00, 0x00, 0x00, 0x00, 0x00, 0x00, 
0x00, 0x00, 0x00, 0x00, 0x00, 0x00, 0x00, 0x00, 0x00, 0x00, 0x00, 0x00, 0x00, 0x00, 0x00, 0x00, 
0x00, 0x00, 0x00, 0x00, 0x00, 0x00, 0x00, 0x00, 0x00, 0x00, 0x00, 0x00, 0x00, 0x00, 0x00, 0x00, 
0x00, 0x00, 0x00, 0x00, 0x00, 0x00, 0x00, 0x00, 0x00, 0x00, 0x00, 0x00, 0x00, 0x00, 0x00, 0x00, 
0x00, 0x00, 0x00, 0x00, 0x00, 0x00, 0x00, 0x00, 0x00, 0x00, 0x00, 0x00, 0x00, 0x00, 0x00, 0x00, 
0x00, 0x00, 0x00, 0x00, 0x00, 0x00, 0x00, 0x00, 0x00, 0x00, 0x00, 0x00, 0x00, 0x00, 0x00, 0x00, 
0x00, 0x00, 0x00, 0x00, 0x00, 0x00, 0x00, 0x00, 0x00, 0x00, 0x00, 0x00, 0x00, 0x00, 0x00, 0x00, 
0x00, 0x00, 0x00, 0x00, 0x00, 0x00, 0x00, 0x00, 0x00, 0x00, 0x00, 0x00, 0x00, 0x00, 0x00, 0x00, 
0x00, 0x00, 0x00, 0x00, 0x00, 0x00, 0x00, 0x00, 0x00, 0x00, 0x00, 0x00, 0x00, 0x00, 0x00, 0x00, 
0x00, 0x00, 0x00, 0x00, 0x00, 0x00, 0x00, 0x00, 0x00, 0x00, 0x00, 0x00, 0x00, 0x00, 0x00, 0x00, 
0x00, 0x00, 0x00, 0x00, 0x00, 0x00, 0x00, 0x00, 0x00, 0x00, 0x00, 0x00, 0x00, 0x00, 0x00, 0x00, 
0x00, 0x00, 0x00, 0x00, 0x00, 0x00, 0x00, 0x00, 0x00, 0x00, 0x00, 0x00, 0x00, 0x00, 0x00, 0x00, 
0x00, 0x00, 0x00, 0x00, 0x00, 0x00, 0x00, 0x00, 0x00, 0x00, 0x00, 0x00, 0x00, 0x00, 0x00, 0x00, 
0x00, 0x00, 0x00, 0x00, 0x00, 0x00, 0x00, 0x00, 0x00, 0x00, 0x00, 0x00, 0x00, 0x00, 0x00, 0x00, 
0x00, 0x00, 0x00, 0x00, 0x00, 0x00, 0x00, 0x00, 0x00, 0x00, 0x00, 0x00, 0x00, 0x00, 0x00, 0x00, 
0x00, 0x00, 0x00, 0x00, 0x00, 0x00, 0x00, 0x00, 0x00, 0x00, 0x00, 0x00, 0x00, 0x00, 0x00, 0x00, 
0x00, 0x00, 0x00, 0x00, 0x00, 0x00, 0x00, 0x00, 0x00, 0x00, 0x00, 0x00, 0x00, 0x00, 0x00, 0x00, 
0x00, 0x00, 0x00, 0x00, 0x00, 0x00, 0x00, 0x00, 0x00, 0x00, 0x00, 0x00, 0x00, 0x00, 0x00, 0x00, 
0x00, 0x00, 0x00, 0x00, 0x00, 0x00, 0x00, 0x00, 0x00, 0x00, 0x00, 0x00, 0x00, 0x00, 0x00, 0x00, 
0x00, 0x00, 0x00, 0x00, 0x00, 0x00, 0x00, 0x00, 0x00, 0x00, 0x00, 0x00, 0x00, 0x00, 0x00, 0x00, 
0x00, 0x00, 0x00, 0x00, 0x00, 0x00, 0x00, 0x00, 0x00, 0x00, 0x00, 0x00, 0x00, 0x00, 0x00, 0x00, 
0x00, 0x00, 0x00, 0x00, 0x00, 0x00, 0x00, 0x00, 0x00, 0x00, 0x00, 0x00, 0x00, 0x00, 0x00, 0x00, 
0x00, 0x00, 0x00, 0x00, 0x00, 0x00, 0x00, 0x00, 0x00, 0x00, 0x00, 0x00, 0x00, 0x00, 0x00, 0x00, 
0x00, 0x00, 0x00, 0x00, 0x00, 0x00, 0x00, 0x00, 0x00, 0x00, 0x00, 0x00, 0x00, 0x00, 0x00, 0x00, 
0x00, 0x00, 0x00, 0x00, 0x00, 0x00, 0x00, 0x00, 0x00, 0x00, 0x00, 0x00, 0x00, 0x00, 0x00, 0x00, 
0x00, 0x00, 0x00, 0x00, 0x00, 0x00, 0x00, 0x00, 0x00, 0x00, 0x00, 0x00, 0x00, 0x00, 0x00, 0x00, 
0x00, 0x00, 0x00, 0x00, 0x00, 0x00, 0x00, 0x00, 0x00, 0x00, 0x00, 0x00, 0x00, 0x00, 0x00, 0x00, 
0x00, 0x00, 0x00, 0x00, 0x00, 0x00, 0x00, 0x00, 0x00, 0x00, 0x00, 0x00, 0x00, 0x00, 0x00, 0x00, 
0x00, 0x00, 0x00, 0x00, 0x00, 0x00, 0x00, 0x00, 0x00, 0x00, 0x00, 0x00, 0x00, 0x00, 0x00, 0x00, 
0x00, 0x00, 0x00, 0x00, 0x00, 0x00, 0x00, 0x00, 0x00, 0x00, 0x00, 0x00, 0x00, 0x00, 0x00, 0x00, 
0x00, 0x00, 0x00, 0x00, 0x00, 0x00, 0x00, 0x00, 0x00, 0x00, 0x00, 0x00, 0x00, 0x00, 0x00, 0x00, 
0x00, 0x00, 0x00, 0x00, 0x00, 0x00, 0x00, 0x00, 0x00, 0x00, 0x00, 0x00, 0x00, 0x00, 0x00, 0x00, 
0x00, 0x00, 0x00, 0x00, 0x00, 0x00, 0x00, 0x00, 0x00, 0x00, 0x00, 0x00, 0x00, 0x00, 0x00, 0x00, 
0x00, 0x00, 0x00, 0x00, 0x00, 0x00, 0x00, 0x00, 0x00, 0x00, 0x00, 0x00, 0x00, 0x00, 0x00, 0x00, 
0x00, 0x00, 0x00, 0x00, 0x00, 0x00, 0x00, 0x00, 0x00, 0x00, 0x00, 0x00, 0x00, 0x00, 0x00, 0x00, 
0x00, 0x00, 0x00, 0x00, 0x00, 0x00, 0x00, 0x00, 0x00, 0x00, 0x00, 0x00, 0x00, 0x00, 0x00, 0x00, 
0x00, 0x00, 0x00, 0x00, 0x00, 0x00, 0x00, 0x00, 0x00, 0x00, 0x00, 0x00, 0x00, 0x00, 0x00, 0x00, 
0x00, 0x00, 0x00, 0x00, 0x00, 0x00, 0x00, 0x00, 0x00, 0x00, 0x00, 0x00, 0x00, 0x00, 0x00, 0x00, 
0x00, 0x00, 0x00, 0x00, 0x00, 0x00, 0x00, 0x00, 0x00, 0x00, 0x00, 0x00, 0x00, 0x00, 0x00, 0x00, 
0x00, 0x00, 0x00, 0x00, 0x00, 0x00, 0x00, 0x00, 0x00, 0x00, 0x00, 0x00, 0x00, 0x00, 0x00, 0x00, 
0x00, 0x00, 0x00, 0x00, 0x00, 0x00, 0x00, 0x00, 0x00, 0x00, 0x00, 0x00, 0x00, 0x00, 0x00, 0x00, 
0x00, 0x00, 0x00, 0x00, 0x00, 0x00, 0x00, 0x00, 0x00, 0x00, 0x00, 0x00, 0x00, 0x00, 0x00, 0x00, 
0x00, 0x00, 0x00, 0x00, 0x00, 0x00, 0x00, 0x00, 0x00, 0x00, 0x00, 0x00, 0x00, 0x00, 0x00, 0x00, 
0x00, 0x00, 0x00, 0x00, 0x00, 0x00, 0x00, 0x00, 0x00, 0x00, 0x00, 0x00, 0x00, 0x00, 0x00, 0x00, 
0x00, 0x00, 0x00, 0x00, 0x00, 0x00, 0x00, 0x00, 0x00, 0x00, 0x00, 0x00, 0x00, 0x00, 0x00, 0x00, 
0x00, 0x00, 0x00, 0x00, 0x00, 0x00, 0x00, 0x00, 0x00, 0x00, 0x00, 0x00, 0x00, 0x00, 0x00, 0x00, 
0x00, 0x00, 0x00, 0x00, 0x00, 0x00, 0x00, 0x00, 0x00, 0x00, 0x00, 0x00, 0x00, 0x00, 0x00, 0x00, 
0x00, 0x00, 0x00, 0x00, 0x00, 0x00, 0x00, 0x00, 0x00, 0x00, 0x00, 0x00, 0x00, 0x00, 0x00, 0x00, 
0x00, 0x00, 0x00, 0x00, 0x00, 0x00, 0x00, 0x00, 0x00, 0x00, 0x00, 0x00, 0x00, 0x00, 0x00, 0x00, 
0x00, 0x00, 0x00, 0x00, 0x00, 0x00, 0x00, 0x00, 0x00, 0x00, 0x00, 0x00, 0x00, 0x00, 0x00, 0x00, 
0x00, 0x00, 0x00, 0x00, 0x00, 0x00, 0x00, 0x00, 0x00, 0x00, 0x00, 0x00, 0x00, 0x00, 0x00, 0x00, 
0x00, 0x00, 0x00, 0x00, 0x00, 0x00, 0x00, 0x00, 0x00, 0x00, 0x00, 0x00, 0x00, 0x00, 0x00, 0x00, 
0x00, 0x00, 0x00, 0x00, 0x00, 0x00, 0x00, 0x00, 0x00, 0x00, 0x00, 0x00, 0x00, 0x00, 0x00, 0x00, 
0x00, 0x00, 0x00, 0x00, 0x00, 0x00, 0x00, 0x00, 0x00, 0x00, 0x00, 0x00, 0x00, 0x00, 0x00, 0x00, 
0x00, 0x00, 0x00, 0x00, 0x00, 0x00, 0x00, 0x00, 0x00, 0x00, 0x00, 0x00, 0x00, 0x00, 0x00, 0x00, 
0x00, 0x00, 0x00, 0x00, 0x00, 0x00, 0x00, 0x00, 0x00, 0x00, 0x00, 0x00, 0x00, 0x00, 0x00, 0x00, 
0x00, 0x00, 0x00, 0x00, 0x00, 0x00, 0x00, 0x00, 0x00, 0x00, 0x00, 0x00, 0x00, 0x00, 0x00, 0x00, 
0x00, 0x00, 0x00, 0x00, 0x00, 0x00, 0x00, 0x00, 0x00, 0x00, 0x00, 0x00, 0x00, 0x00, 0x00, 0x00, 
0x00, 0x00, 0x00, 0x00, 0x00, 0x00, 0x00, 0x00, 0x00, 0x00, 0x00, 0x00, 0x00, 0x00, 0x00, 0x00, 
0x00, 0x00, 0x00, 0x00, 0x00, 0x00, 0x00, 0x00, 0x00, 0x00, 0x00, 0x00, 0x00, 0x00, 0x00, 0x00, 
0x00, 0x00, 0x00, 0x00, 0x00, 0x00, 0x00, 0x00, 0x00, 0x00, 0x00, 0x00, 0x00, 0x00, 0x00, 0x00, 
0x00, 0x00, 0x00, 0x00, 0x00, 0x00, 0x00, 0x00, 0x00, 0x00, 0x00, 0x00, 0x00, 0x00, 0x00, 0x00, 
0x00, 0x00, 0x00, 0x00, 0x00, 0x00, 0x00, 0x00, 0x00, 0x00, 0x00, 0x00, 0x00, 0x00, 0x00, 0x00, 
0x00, 0x00, 0x00, 0x00, 0x00, 0x00, 0x00, 0x00, 0x00, 0x00, 0x00, 0x00, 0x00, 0x00, 0x00, 0x00, 
0x00, 0x00, 0x00, 0x00, 0x00, 0x00, 0x00, 0x00, 0x00, 0x00, 0x00, 0x00, 0x00, 0x00, 0x00, 0x00, 
0x00, 0x00, 0x00, 0x00, 0x00, 0x00, 0x00, 0x00, 0x00, 0x00, 0x00, 0x00, 0x00, 0x00, 0x00, 0x00, 
0x00, 0x00, 0x00, 0x00, 0x00, 0x00, 0x00, 0x00, 0x00, 0x00, 0x00, 0x00, 0x00, 0x00, 0x00, 0x00, 
0x00, 0x00, 0x00, 0x00, 0x00, 0x00, 0x00, 0x00, 0x00, 0x00, 0x00, 0x00, 0x00, 0x00, 0x00, 0x00, 
0x00, 0x00, 0x00, 0x00, 0x00, 0x00, 0x00, 0x00, 0x00, 0x00, 0x00, 0x00, 0x00, 0x00, 0x00, 0x00, 
0x00, 0x00, 0x00, 0x00, 0x00, 0x00, 0x00, 0x00, 0x00, 0x00, 0x00, 0x00, 0x00, 0x00, 0x00, 0x00, 
0x00, 0x00, 0x00, 0x00, 0x00, 0x00, 0x00, 0x00, 0x00, 0x00, 0x00, 0x00, 0x00, 0x00, 0x00, 0x00, 
0x00, 0x00, 0x00, 0x00, 0x00, 0x00, 0x00, 0x00, 0x00, 0x00, 0x00, 0x00, 0x00, 0x00, 0x00, 0x00, 
0x00, 0x00, 0x00, 0x00, 0x00, 0x00, 0x00, 0x00, 0x00, 0x00, 0x00, 0x00, 0x00, 0x00, 0x00, 0x00, 
0x00, 0x00, 0x00, 0x00, 0x00, 0x00, 0x00, 0x00, 0x00, 0x00, 0x00, 0x00, 0x00, 0x00, 0x00, 0x00, 
0x00, 0x00, 0x00, 0x00, 0x00, 0x00, 0x00, 0x00, 0x00, 0x00, 0x00, 0x00, 0x00, 0x00, 0x00, 0x00, 
0x00, 0x00, 0x00, 0x00, 0x00, 0x00, 0x00, 0x00, 0x00, 0x00, 0x00, 0x00, 0x00, 0x00, 0x00, 0x00, 
0x00, 0x00, 0x00, 0x00, 0x00, 0x00, 0x00, 0x00, 0x00, 0x00, 0x00, 0x00, 0x00, 0x00, 0x00, 0x00, 
0x00, 0x00, 0x00, 0x00, 0x00, 0x00, 0x00, 0x00, 0x00, 0x00, 0x00, 0x00, 0x00, 0x00, 0x00, 0x00, 
0x00, 0x00, 0x00, 0x00, 0x00, 0x00, 0x00, 0x00, 0x00, 0x00, 0x00, 0x00, 0x00, 0x00, 0x00, 0x00, 
0x00, 0x00, 0x00, 0x00, 0x00, 0x00, 0x00, 0x00, 0x00, 0x00, 0x00, 0x00, 0x00, 0x00, 0x00, 0x00, 
0x00, 0x00, 0x00, 0x00, 0x00, 0x00, 0x00, 0x00, 0x00, 0x00, 0x00, 0x00, 0x00, 0x00, 0x00, 0x00, 
0x00, 0x00, 0x00, 0x00, 0x00, 0x00, 0x00, 0x00, 0x00, 0x00, 0x00, 0x00, 0x00, 0x00, 0x00, 0x00, 
0x00, 0x00, 0x00, 0x00, 0x00, 0x00, 0x00, 0x00, 0x00, 0x00, 0x00, 0x00, 0x00, 0x00, 0x00, 0x00, 
0x00, 0x00, 0x00, 0x00, 0x00, 0x00, 0x00, 0x00, 0x00, 0x00, 0x00, 0x00, 0x00, 0x00, 0x00, 0x00, 
0x00, 0x00, 0x00, 0x00, 0x00, 0x00, 0x00, 0x00, 0x00, 0x00, 0x00, 0x00, 0x00, 0x00, 0x00, 0x00, 
0x00, 0x00, 0x00, 0x00, 0x00, 0x00, 0x00, 0x00, 0x00, 0x00, 0x00, 0x00, 0x00, 0x00, 0x00, 0x00, 
0x00, 0x00, 0x00, 0x00, 0x00, 0x00, 0x00, 0x00, 0x00, 0x00, 0x00, 0x00, 0x00, 0x00, 0x00, 0x00, 
0x00, 0x00, 0x00, 0x00, 0x00, 0x00, 0x00, 0x00, 0x00, 0x00, 0x00, 0x00, 0x00, 0x00, 0x00, 0x00, 
0x00, 0x00, 0x00, 0x00, 0x00, 0x00, 0x00, 0x00, 0x00, 0x00, 0x00, 0x00, 0x00, 0x00, 0x00, 0x00, 
0x00, 0x00, 0x00, 0x00, 0x00, 0x00, 0x00, 0x00, 0x00, 0x00, 0x00, 0x00, 0x00, 0x00, 0x00, 0x00, 
0x00, 0x00, 0x00, 0x00, 0x00, 0x00, 0x00, 0x00, 0x00, 0x00, 0x00, 0x00, 0x00, 0x00, 0x00, 0x00, 
0x00, 0x00, 0x00, 0x00, 0x00, 0x00, 0x00, 0x00, 0x00, 0x00, 0x00, 0x00, 0x00, 0x00, 0x00, 0x00, 
0x00, 0x00, 0x00, 0x00, 0x00, 0x00, 0x00, 0x00, 0x00, 0x00, 0x00, 0x00, 0x00, 0x00, 0x00, 0x00, 
0x00, 0x00, 0x00, 0x00, 0x00, 0x00, 0x00, 0x00, 0x00, 0x00, 0x00, 0x00, 0x00, 0x00, 0x00, 0x00, 
0x00, 0x00, 0x00, 0x00, 0x00, 0x00, 0x00, 0x00, 0x00, 0x00, 0x00, 0x00, 0x00, 0x00, 0x00, 0x00, 
0x00, 0x00, 0x00, 0x00, 0x00, 0x00, 0x00, 0x00, 0x00, 0x00, 0x00, 0x00, 0x00, 0x00, 0x00, 0x00, 
0x00, 0x00, 0x00, 0x00, 0x00, 0x00, 0x00, 0x00, 0x00, 0x00, 0x00, 0x00, 0x00, 0x00, 0x00, 0x00, 
0x00, 0x00, 0x00, 0x00, 0x00, 0x00, 0x00, 0x00, 0x00, 0x00, 0x00, 0x00, 0x00, 0x00, 0x00, 0x00, 
0x00, 0x00, 0x00, 0x00, 0x00, 0x00, 0x00, 0x00, 0x00, 0x00, 0x00, 0x00, 0x00, 0x00, 0x00, 0x00, 
0x00, 0x00, 0x00, 0x00, 0x00, 0x00, 0x00, 0x00, 0x00, 0x00, 0x00, 0x00, 0x00, 0x00, 0x00, 0x00, 
0x00, 0x00, 0x00, 0x00, 0x00, 0x00, 0x00, 0x00, 0x00, 0x00, 0x00, 0x00, 0x00, 0x00, 0x00, 0x00, 
0x00, 0x00, 0x00, 0x00, 0x00, 0x00, 0x00, 0x00, 0x00, 0x00, 0x00, 0x00, 0x00, 0x00, 0x00, 0x00, 
0x00, 0x00, 0x00, 0x00, 0x00, 0x00, 0x00, 0x00, 0x00, 0x00, 0x00, 0x00, 0x00, 0x00, 0x00, 0x00, 
0x00, 0x00, 0x00, 0x00, 0x00, 0x00, 0x00, 0x00, 0x00, 0x00, 0x00, 0x00, 0x00, 0x00, 0x00, 0x00, 
0x00, 0x00, 0x00, 0x00, 0x00, 0x00, 0x00, 0x00, 0x00, 0x00, 0x00, 0x00, 0x00, 0x00, 0x00, 0x00, 
0x00, 0x00, 0x00, 0x00, 0x00, 0x00, 0x00, 0x00, 0x00, 0x00, 0x00, 0x00, 0x00, 0x00, 0x00, 0x00, 
0x00, 0x00, 0x00, 0x00, 0x00, 0x00, 0x00, 0x00, 0x00, 0x00, 0x00, 0x00, 0x00, 0x00, 0x00, 0x00, 
0x00, 0x00, 0x00, 0x00, 0x00, 0x00, 0x00, 0x00, 0x00, 0x00, 0x00, 0x00, 0x00, 0x00, 0x00, 0x00, 
0x00, 0x00, 0x00, 0x00, 0x00, 0x00, 0x00, 0x00, 0x00, 0x00, 0x00, 0x00, 0x00, 0x00, 0x00, 0x00, 
0x00, 0x00, 0x00, 0x00, 0x00, 0x00, 0x00, 0x00, 0x00, 0x00, 0x00, 0x00, 0x00, 0x00, 0x00, 0x00, 
0x00, 0x00, 0x00, 0x00, 0x00, 0x00, 0x00, 0x00, 0x00, 0x00, 0x00, 0x00, 0x00, 0x00, 0x00, 0x00, 
0x00, 0x00, 0x00, 0x00, 0x00, 0x00, 0x00, 0x00, 0x00, 0x00, 0x00, 0x00, 0x00, 0x00, 0x00, 0x00, 
0x00, 0x00, 0x00, 0x00, 0x00, 0x00, 0x00, 0x00, 0x00, 0x00, 0x00, 0x00, 0x00, 0x00, 0x00, 0x00, 
0x00, 0x00, 0x00, 0x00, 0x00, 0x00, 0x00, 0x00, 0x00, 0x00, 0x00, 0x00, 0x00, 0x00, 0x00, 0x00, 
0x00, 0x00, 0x00, 0x00, 0x00, 0x00, 0x00, 0x00, 0x00, 0x00, 0x00, 0x00, 0x00, 0x00, 0x00, 0x00, 
0x00, 0x00, 0x00, 0x00, 0x00, 0x00, 0x00, 0x00, 0x00, 0x00, 0x00, 0x00, 0x00, 0x00, 0x00, 0x00, 
0x00, 0x00, 0x00, 0x00, 0x00, 0x00, 0x00, 0x00, 0x00, 0x00, 0x00, 0x00, 0x00, 0x00, 0x00, 0x00, 
0x00, 0x00, 0x00, 0x00, 0x00, 0x00, 0x00, 0x00, 0x00, 0x00, 0x00, 0x00, 0x00, 0x00, 0x00, 0x00, 
0x00, 0x00, 0x00, 0x00, 0x00, 0x00, 0x00, 0x00, 0x00, 0x00, 0x00, 0x00, 0x00, 0x00, 0x00, 0x00, 
0x00, 0x00, 0x00, 0x00, 0x00, 0x00, 0x00, 0x00, 0x00, 0x00, 0x00, 0x00, 0x00, 0x00, 0x00, 0x00, 
0x00, 0x00, 0x00, 0x00, 0x00, 0x00, 0x00, 0x00, 0x00, 0x00, 0x00, 0x00, 0x00, 0x00, 0x00, 0x00, 
0x00, 0x00, 0x00, 0x00, 0x00, 0x00, 0x00, 0x00, 0x00, 0x00, 0x00, 0x00, 0x00, 0x00, 0x00, 0x00, 
0x00, 0x00, 0x00, 0x00, 0x00, 0x00, 0x00, 0x00, 0x00, 0x00, 0x00, 0x00, 0x00, 0x00, 0x00, 0x00, 
0x00, 0x00, 0x00, 0x00, 0x00, 0x00, 0x00, 0x00, 0x00, 0x00, 0x00, 0x00, 0x00, 0x00, 0x00, 0x00, 
0x00, 0x00, 0x00, 0x00, 0x00, 0x00, 0x00, 0x00, 0x00, 0x00, 0x00, 0x00, 0x00, 0x00, 0x00, 0x00, 
0x00, 0x00, 0x00, 0x00, 0x00, 0x00, 0x00, 0x00, 0x00, 0x00, 0x00, 0x00, 0x00, 0x00, 0x00, 0x00, 
0x00, 0x00, 0x00, 0x00, 0x00, 0x00, 0x00, 0x00, 0x00, 0x00, 0x00, 0x00, 0x00, 0x00, 0x00, 0x00, 
0x00, 0x00, 0x00, 0x00, 0x00, 0x00, 0x00, 0x00, 0x00, 0x00, 0x00, 0x00, 0x00, 0x00, 0x00, 0x00, 
0x00, 0x00, 0x00, 0x00, 0x00, 0x00, 0x00, 0x00, 0x00, 0x00, 0x00, 0x00, 0x00, 0x00, 0x00, 0x00, 
0x00, 0x00, 0x00, 0x00, 0x00, 0x00, 0x00, 0x00, 0x00, 0x00, 0x00, 0x00, 0x00, 0x00, 0x00, 0x00, 
0x00, 0x00, 0x00, 0x00, 0x00, 0x00, 0x00, 0x00, 0x00, 0x00, 0x00, 0x00, 0x00, 0x00, 0x00, 0x00, 
0x00, 0x00, 0x00, 0x00, 0x00, 0x00, 0x00, 0x00, 0x00, 0x00, 0x00, 0x00, 0x00, 0x00, 0x00, 0x00, 
0x00, 0x00, 0x00, 0x00, 0x00, 0x00, 0x00, 0x00, 0x00, 0x00, 0x00, 0x00, 0x00, 0x00, 0x00, 0x00, 
0x00, 0x00, 0x00, 0x00, 0x00, 0x00, 0x00, 0x00, 0x00, 0x00, 0x00, 0x00, 0x00, 0x00, 0x00, 0x00, 
0x00, 0x00, 0x00, 0x00, 0x00, 0x00, 0x00, 0x00, 0x00, 0x00, 0x00, 0x00, 0x00, 0x00, 0x00, 0x00, 
0x00, 0x00, 0x00, 0x00, 0x00, 0x00, 0x00, 0x00, 0x00, 0x00, 0x00, 0x00, 0x00, 0x00, 0x00, 0x00, 
0x00, 0x00, 0x00, 0x00, 0x00, 0x00, 0x00, 0x00, 0x00, 0x00, 0x00, 0x00, 0x00, 0x00, 0x00, 0x00, 
0x00, 0x00, 0x00, 0x00, 0x00, 0x00, 0x00, 0x00, 0x00, 0x00, 0x00, 0x00, 0x00, 0x00, 0x00, 0x00, 
0x00, 0x00, 0x00, 0x00, 0x00, 0x00, 0x00, 0x00, 0x00, 0x00, 0x00, 0x00, 0x00, 0x00, 0x00, 0x00, 
0x00, 0x00, 0x00, 0x00, 0x00, 0x00, 0x00, 0x00, 0x00, 0x00, 0x00, 0x00, 0x00, 0x00, 0x00, 0x00, 
0x00, 0x00, 0x00, 0x00, 0x00, 0x00, 0x00, 0x00, 0x00, 0x00, 0x00, 0x00, 0x00, 0x00, 0x00, 0x00, 
0x00, 0x00, 0x00, 0x00, 0x00, 0x00, 0x00, 0x00, 0x00, 0x00, 0x00, 0x00, 0x00, 0x00, 0x00, 0x00, 
0x00, 0x00, 0x00, 0x00, 0x00, 0x00, 0x00, 0x00, 0x00, 0x00, 0x00, 0x00, 0x00, 0x00, 0x00, 0x00, 
0x00, 0x00, 0x00, 0x00, 0x00, 0x00, 0x00, 0x00, 0x00, 0x00, 0x00, 0x00, 0x00, 0x00, 0x00, 0x00, 
0x00, 0x00, 0x00, 0x00, 0x00, 0x00, 0x00, 0x00, 0x00, 0x00, 0x00, 0x00, 0x00, 0x00, 0x00, 0x00, 
0x00, 0x00, 0x00, 0x00, 0x00, 0x00, 0x00, 0x00, 0x00, 0x00, 0x00, 0x00, 0x00, 0x00, 0x00, 0x00, 
0x00, 0x00, 0x00, 0x00, 0x00, 0x00, 0x00, 0x00, 0x00, 0x00, 0x00, 0x00, 0x00, 0x00, 0x00, 0x00, 
0x00, 0x00, 0x00, 0x00, 0x00, 0x00, 0x00, 0x00, 0x00, 0x00, 0x00, 0x00, 0x00, 0x00, 0x00, 0x00, 
0x00, 0x00, 0x00, 0x00, 0x00, 0x00, 0x00, 0x00, 0x00, 0x00, 0x00, 0x00, 0x00, 0x00, 0x00, 0x00, 
0x00, 0x00, 0x00, 0x00, 0x00, 0x00, 0x00, 0x00, 0x00, 0x00, 0x00, 0x00, 0x00, 0x00, 0x00, 0x00, 
0x00, 0x00, 0x00, 0x00, 0x00, 0x00, 0x00, 0x00, 0x00, 0x00, 0x00, 0x00, 0x00, 0x00, 0x00, 0x00, 
0x00, 0x00, 0x00, 0x00, 0x00, 0x00, 0x00, 0x00, 0x00, 0x00, 0x00, 0x00, 0x00, 0x00, 0x00, 0x00, 
0x00, 0x00, 0x00, 0x00, 0x00, 0x00, 0x00, 0x00, 0x00, 0x00, 0x00, 0x00, 0x00, 0x00, 0x00, 0x00, 
0x00, 0x00, 0x00, 0x00, 0x00, 0x00, 0x00, 0x00, 0x00, 0x00, 0x00, 0x00, 0x00, 0x00, 0x00, 0x00, 
0x00, 0x00, 0x00, 0x00, 0x00, 0x00, 0x00, 0x00, 0x00, 0x00, 0x00, 0x00, 0x00, 0x00, 0x00, 0x00, 
0x00, 0x00, 0x00, 0x00, 0x00, 0x00, 0x00, 0x00, 0x00, 0x00, 0x00, 0x00, 0x00, 0x00, 0x00, 0x00, 
0x00, 0x00, 0x00, 0x00, 0x00, 0x00, 0x00, 0x00, 0x00, 0x00, 0x00, 0x00, 0x00, 0x00, 0x00, 0x00, 
0x00, 0x00, 0x00, 0x00, 0x00, 0x00, 0x00, 0x00, 0x00, 0x00, 0x00, 0x00, 0x00, 0x00, 0x00, 0x00, 
0x00, 0x00, 0x00, 0x00, 0x00, 0x00, 0x00, 0x00, 0x00, 0x00, 0x00, 0x00, 0x00, 0x00, 0x00, 0x00, 
0x00, 0x00, 0x00, 0x00, 0x00, 0x00, 0x00, 0x00, 0x00, 0x00, 0x00, 0x00, 0x00, 0x00, 0x00, 0x00, 
0x00, 0x00, 0x00, 0x00, 0x00, 0x00, 0x00, 0x00, 0x00, 0x00, 0x00, 0x00, 0x00, 0x00, 0x00, 0x00, 
0x00, 0x00, 0x00, 0x00, 0x00, 0x00, 0x00, 0x00, 0x00, 0x00, 0x00, 0x00, 0x00, 0x00, 0x00, 0x00, 
0x00, 0x00, 0x00, 0x00, 0x00, 0x00, 0x00, 0x00, 0x00, 0x00, 0x00, 0x00, 0x00, 0x00, 0x00, 0x00, 
0x00, 0x00, 0x00, 0x00, 0x00, 0x00, 0x00, 0x00, 0x00, 0x00, 0x00, 0x00, 0x00, 0x00, 0x00, 0x00, 
0x00, 0x00, 0x00, 0x00, 0x00, 0x00, 0x00, 0x00, 0x00, 0x00, 0x00, 0x00, 0x00, 0x00, 0x00, 0x00, 
0x00, 0x00, 0x00, 0x00, 0x00, 0x00, 0x00, 0x00, 0x00, 0x00, 0x00, 0x00, 0x00, 0x00, 0x00, 0x00, 
0x00, 0x00, 0x00, 0x00, 0x00, 0x00, 0x00, 0x00, 0x00, 0x00, 0x00, 0x00, 0x00, 0x00, 0x00, 0x00, 
0x00, 0x00, 0x00, 0x00, 0x00, 0x00, 0x00, 0x00, 0x00, 0x00, 0x00, 0x00, 0x00, 0x00, 0x00, 0x00, 
0x00, 0x00, 0x00, 0x00, 0x00, 0x00, 0x00, 0x00, 0x00, 0x00, 0x00, 0x00, 0x00, 0x00, 0x00, 0x00, 
0x00, 0x00, 0x00, 0x00, 0x00, 0x00, 0x00, 0x00, 0x00, 0x00, 0x00, 0x00, 0x00, 0x00, 0x00, 0x00, 
0x00, 0x00, 0x00, 0x00, 0x00, 0x00, 0x00, 0x00, 0x00, 0x00, 0x00, 0x00, 0x00, 0x00, 0x00, 0x00, 
0x00, 0x00, 0x00, 0x00, 0x00, 0x00, 0x00, 0x00, 0x00, 0x00, 0x00, 0x00, 0x00, 0x00, 0x00, 0x00, 
0x00, 0x00, 0x00, 0x00, 0x00, 0x00, 0x00, 0x00, 0x00, 0x00, 0x00, 0x00, 0x00, 0x00, 0x00, 0x00, 
0x00, 0x00, 0x00, 0x00, 0x00, 0x00, 0x00, 0x00, 0x00, 0x00, 0x00, 0x00, 0x00, 0x00, 0x00, 0x00, 
0x00, 0x00, 0x00, 0x00, 0x00, 0x00, 0x00, 0x00, 0x00, 0x00, 0x00, 0x00, 0x00, 0x00, 0x00, 0x00, 
0x00, 0x00, 0x00, 0x00, 0x00, 0x00, 0x00, 0x00, 0x00, 0x00, 0x00, 0x00, 0x00, 0x00, 0x00, 0x00, 
0x00, 0x00, 0x00, 0x00, 0x00, 0x00, 0x00, 0x00, 0x00, 0x00, 0x00, 0x00, 0x00, 0x00, 0x00, 0x00, 
0x00, 0x00, 0x00, 0x00, 0x00, 0x00, 0x00, 0x00, 0x00, 0x00, 0x00, 0x00, 0x00, 0x00, 0x00, 0x00, 
0x00, 0x00, 0x00, 0x00, 0x00, 0x00, 0x00, 0x00, 0x00, 0x00, 0x00, 0x00, 0x00, 0x00, 0x00, 0x00, 
0x00, 0x00, 0x00, 0x00, 0x00, 0x00, 0x00, 0x00, 0x00, 0x00, 0x00, 0x00, 0x00, 0x00, 0x00, 0x00, 
0x00, 0x00, 0x00, 0x00, 0x00, 0x00, 0x00, 0x00, 0x00, 0x00, 0x00, 0x00, 0x00, 0x00, 0x00, 0x00, 
0x00, 0x00, 0x00, 0x00, 0x00, 0x00, 0x00, 0x00, 0x00, 0x00, 0x00, 0x00, 0x00, 0x00, 0x00, 0x00, 
0x00, 0x00, 0x00, 0x00, 0x00, 0x00, 0x00, 0x00, 0x00, 0x00, 0x00, 0x00, 0x00, 0x00, 0x00, 0x00, 
0x00, 0x00, 0x00, 0x00, 0x00, 0x00, 0x00, 0x00, 0x00, 0x00, 0x00, 0x00, 0x00, 0x00, 0x00, 0x00, 
0x00, 0x00, 0x00, 0x00, 0x00, 0x00, 0x00, 0x00, 0x00, 0x00, 0x00, 0x00, 0x00, 0x00, 0x00, 0x00, 
0x00, 0x00, 0x00, 0x00, 0x00, 0x00, 0x00, 0x00, 0x00, 0x00, 0x00, 0x00, 0x00, 0x00, 0x00, 0x00, 
0x00, 0x00, 0x00, 0x00, 0x00, 0x00, 0x00, 0x00, 0x00, 0x00, 0x00, 0x00, 0x00, 0x00, 0x00, 0x00, 
0x00, 0x00, 0x00, 0x00, 0x00, 0x00, 0x00, 0x00, 0x00, 0x00, 0x00, 0x00, 0x00, 0x00, 0x00, 0x00, 
0x00, 0x00, 0x00, 0x00, 0x00, 0x00, 0x00, 0x00, 0x00, 0x00, 0x00, 0x00, 0x00, 0x00, 0x00, 0x00, 
0x00, 0x00, 0x00, 0x00, 0x00, 0x00, 0x00, 0x00, 0x00, 0x00, 0x00, 0x00, 0x00, 0x00, 0x00, 0x00, 
0x00, 0x00, 0x00, 0x00, 0x00, 0x00, 0x00, 0x00, 0x00, 0x00, 0x00, 0x00, 0x00, 0x00, 0x00, 0x00, 
0x00, 0x00, 0x00, 0x00, 0x00, 0x00, 0x00, 0x00, 0x00, 0x00, 0x00, 0x00, 0x00, 0x00, 0x00, 0x00, 
0x00, 0x00, 0x00, 0x00, 0x00, 0x00, 0x00, 0x00, 0x00, 0x00, 0x00, 0x00, 0x00, 0x00, 0x00, 0x00, 
0x00, 0x00, 0x00, 0x00, 0x00, 0x00, 0x00, 0x00, 0x00, 0x00, 0x00, 0x00, 0x00, 0x00, 0x00, 0x00, 
0x00, 0x00, 0x00, 0x00, 0x00, 0x00, 0x00, 0x00, 0x00, 0x00, 0x00, 0x00, 0x00, 0x00, 0x00, 0x00, 
0x00, 0x00, 0x00, 0x00, 0x00, 0x00, 0x00, 0x00, 0x00, 0x00, 0x00, 0x00, 0x00, 0x00, 0x00, 0x00, 
0x00, 0x00, 0x00, 0x00, 0x00, 0x00, 0x00, 0x00, 0x00, 0x00, 0x00, 0x00, 0x00, 0x00, 0x00, 0x00, 
0x00, 0x00, 0x00, 0x00, 0x00, 0x00, 0x00, 0x00, 0x00, 0x00, 0x00, 0x00, 0x00, 0x00, 0x00, 0x00, 
0x00, 0x00, 0x00, 0x00, 0x00, 0x00, 0x00, 0x00, 0x00, 0x00, 0x00, 0x00, 0x00, 0x00, 0x00, 0x00, 
0x00, 0x00, 0x00, 0x00, 0x00, 0x00, 0x00, 0x00, 0x00, 0x00, 0x00, 0x00, 0x00, 0x00, 0x00, 0x00, 
0x00, 0x00, 0x00, 0x00, 0x00, 0x00, 0x00, 0x00, 0x00, 0x00, 0x00, 0x00, 0x00, 0x00, 0x00, 0x00, 
0x00, 0x00, 0x00, 0x00, 0x00, 0x00, 0x00, 0x00, 0x00, 0x00, 0x00, 0x00, 0x00, 0x00, 0x00, 0x00, 
0x00, 0x00, 0x00, 0x00, 0x00, 0x00, 0x00, 0x00, 0x00, 0x00, 0x00, 0x00, 0x00, 0x00, 0x00, 0x00, 
0x00, 0x00, 0x00, 0x00, 0x00, 0x00, 0x00, 0x00, 0x00, 0x00, 0x00, 0x00, 0x00, 0x00, 0x00, 0x00, 
0x00, 0x00, 0x00, 0x00, 0x00, 0x00, 0x00, 0x00, 0x00, 0x00, 0x00, 0x00, 0x00, 0x00, 0x00, 0x00, 
0x00, 0x00, 0x00, 0x00, 0x00, 0x00, 0x00, 0x00, 0x00, 0x00, 0x00, 0x00, 0x00, 0x00, 0x00, 0x00, 
0x00, 0x00, 0x00, 0x00, 0x00, 0x00, 0x00, 0x00, 0x00, 0x00, 0x00, 0x00, 0x00, 0x00, 0x00, 0x00, 
0x00, 0x00, 0x00, 0x00, 0x00, 0x00, 0x00, 0x00, 0x00, 0x00, 0x00, 0x00, 0x00, 0x00, 0x00, 0x00, 
0x00, 0x00, 0x00, 0x00, 0x00, 0x00, 0x00, 0x00, 0x00, 0x00, 0x00, 0x00, 0x00, 0x00, 0x00, 0x00, 
0x00, 0x00, 0x00, 0x00, 0x00, 0x00, 0x00, 0x00, 0x00, 0x00, 0x00, 0x00, 0x00, 0x00, 0x00, 0x00, 
0x00, 0x00, 0x00, 0x00, 0x00, 0x00, 0x00, 0x00, 0x00, 0x00, 0x00, 0x00, 0x00, 0x00, 0x00, 0x00, 
0x00, 0x00, 0x00, 0x00, 0x00, 0x00, 0x00, 0x00, 0x00, 0x00, 0x00, 0x00, 0x00, 0x00, 0x00, 0x00, 
0x00, 0x00, 0x00, 0x00, 0x00, 0x00, 0x00, 0x00, 0x00, 0x00, 0x00, 0x00, 0x00, 0x00, 0x00, 0x00, 
0x00, 0x00, 0x00, 0x00, 0x00, 0x00, 0x00, 0x00, 0x00, 0x00, 0x00, 0x00, 0x00, 0x00, 0x00, 0x00, 
0x00, 0x00, 0x00, 0x00, 0x00, 0x00, 0x00, 0x00, 0x00, 0x00, 0x00, 0x00, 0x00, 0x00, 0x00, 0x00, 
0x00, 0x00, 0x00, 0x00, 0x00, 0x00, 0x00, 0x00, 0x00, 0x00, 0x00, 0x00, 0x00, 0x00, 0x00, 0x00, 
0x00, 0x00, 0x00, 0x00, 0x00, 0x00, 0x00, 0x00, 0x00, 0x00, 0x00, 0x00, 0x00, 0x00, 0x00, 0x00, 
0x00, 0x00, 0x00, 0x00, 0x00, 0x00, 0x00, 0x00, 0x00, 0x00, 0x00, 0x00, 0x00, 0x00, 0x00, 0x00, 
0x00, 0x00, 0x00, 0x00, 0x00, 0x00, 0x00, 0x00, 0x00, 0x00, 0x00, 0x00, 0x00, 0x00, 0x00, 0x00, 
0x00, 0x00, 0x00, 0x00, 0x00, 0x00, 0x00, 0x00, 0x00, 0x00, 0x00, 0x00, 0x00, 0x00, 0x00, 0x00, 
0x00, 0x00, 0x00, 0x00, 0x00, 0x00, 0x00, 0x00, 0x00, 0x00, 0x00, 0x00, 0x00, 0x00, 0x00, 0x00, 
0x00, 0x00, 0x00, 0x00, 0x00, 0x00, 0x00, 0x00, 0x00, 0x00, 0x00, 0x00, 0x00, 0x00, 0x00, 0x00, 
0x00, 0x00, 0x00, 0x00, 0x00, 0x00, 0x00, 0x00, 0x00, 0x00, 0x00, 0x00, 0x00, 0x00, 0x00, 0x00, 
0x00, 0x00, 0x00, 0x00, 0x00, 0x00, 0x00, 0x00, 0x00, 0x00, 0x00, 0x00, 0x00, 0x00, 0x00, 0x00, 
0x00, 0x00, 0x00, 0x00, 0x00, 0x00, 0x00, 0x00, 0x00, 0x00, 0x00, 0x00, 0x00, 0x00, 0x00, 0x00, 
0x00, 0x00, 0x00, 0x00, 0x00, 0x00, 0x00, 0x00, 0x00, 0x00, 0x00, 0x00, 0x00, 0x00, 0x00, 0x00, 
0x00, 0x00, 0x00, 0x00, 0x00, 0x00, 0x00, 0x00, 0x00, 0x00, 0x00, 0x00, 0x00, 0x00, 0x00, 0x00, 
0x00, 0x00, 0x00, 0x00, 0x00, 0x00, 0x00, 0x00, 0x00, 0x00, 0x00, 0x00, 0x00, 0x00, 0x00, 0x00, 
0x00, 0x00, 0x00, 0x00, 0x00, 0x00, 0x00, 0x00, 0x00, 0x00, 0x00, 0x00, 0x00, 0x00, 0x00, 0x00, 
0x00, 0x00, 0x00, 0x00, 0x00, 0x00, 0x00, 0x00, 0x00, 0x00, 0x00, 0x00, 0x00, 0x00, 0x00, 0x00, 
0x00, 0x00, 0x00, 0x00, 0x00, 0x00, 0x00, 0x00, 0x00, 0x00, 0x00, 0x00, 0x00, 0x00, 0x00, 0x00, 
0x00, 0x00, 0x00, 0x00, 0x00, 0x00, 0x00, 0x00, 0x00, 0x00, 0x00, 0x00, 0x00, 0x00, 0x00, 0x00, 
0x00, 0x00, 0x00, 0x00, 0x00, 0x00, 0x00, 0x00, 0x00, 0x00, 0x00, 0x00, 0x00, 0x00, 0x00, 0x00, 
0x00, 0x00, 0x00, 0x00, 0x00, 0x00, 0x00, 0x00, 0x00, 0x00, 0x00, 0x00, 0x00, 0x00, 0x00, 0x00, 
0x00, 0x00, 0x00, 0x00, 0x00, 0x00, 0x00, 0x00, 0x00, 0x00, 0x00, 0x00, 0x00, 0x00, 0x00, 0x00, 
0x00, 0x00, 0x00, 0x00, 0x00, 0x00, 0x00, 0x00, 0x00, 0x00, 0x00, 0x00, 0x00, 0x00, 0x00, 0x00, 
0x00, 0x00, 0x00, 0x00, 0x00, 0x00, 0x00, 0x00, 0x00, 0x00, 0x00, 0x00, 0x00, 0x00, 0x00, 0x00, 
0x00, 0x00, 0x00, 0x00, 0x00, 0x00, 0x00, 0x00, 0x00, 0x00, 0x00, 0x00, 0x00, 0x00, 0x00, 0x00, 
0x00, 0x00, 0x00, 0x00, 0x00, 0x00, 0x00, 0x00, 0x00, 0x00, 0x00, 0x00, 0x00, 0x00, 0x00, 0x00, 
0x00, 0x00, 0x00, 0x00, 0x00, 0x00, 0x00, 0x00, 0x00, 0x00, 0x00, 0x00, 0x00, 0x00, 0x00, 0x00, 
0x00, 0x00, 0x00, 0x00, 0x00, 0x00, 0x00, 0x00, 0x00, 0x00, 0x00, 0x00, 0x00, 0x00, 0x00, 0x00, 
0x00, 0x00, 0x00, 0x00, 0x00, 0x00, 0x00, 0x00, 0x00, 0x00, 0x00, 0x00, 0x00, 0x00, 0x00, 0x00, 
0x00, 0x00, 0x00, 0x00, 0x00, 0x00, 0x00, 0x00, 0x00, 0x00, 0x00, 0x00, 0x00, 0x00, 0x00, 0x00, 
0x00, 0x00, 0x00, 0x00, 0x00, 0x00, 0x00, 0x00, 0x00, 0x00, 0x00, 0x00, 0x00, 0x00, 0x00, 0x00, 
0x00, 0x00, 0x00, 0x00, 0x00, 0x00, 0x00, 0x00, 0x00, 0x00, 0x00, 0x00, 0x00, 0x00, 0x00, 0x00, 
0x00, 0x00, 0x00, 0x00, 0x00, 0x00, 0x00, 0x00, 0x00, 0x00, 0x00, 0x00, 0x00, 0x00, 0x00, 0x00, 
0x00, 0x00, 0x00, 0x00, 0x00, 0x00, 0x00, 0x00, 0x00, 0x00, 0x00, 0x00, 0x00, 0x00, 0x00, 0x00, 
0x00, 0x00, 0x00, 0x00, 0x00, 0x00, 0x00, 0x00, 0x00, 0x00, 0x00, 0x00, 0x00, 0x00, 0x00, 0x00, 
0x00, 0x00, 0x00, 0x00, 0x00, 0x00, 0x00, 0x00, 0x00, 0x00, 0x00, 0x00, 0x00, 0x00, 0x00, 0x00, 
0x00, 0x00, 0x00, 0x00, 0x00, 0x00, 0x00, 0x00, 0x00, 0x00, 0x00, 0x00, 0x00, 0x00, 0x00, 0x00, 
0x00, 0x00, 0x00, 0x00, 0x00, 0x00, 0x00, 0x00, 0x00, 0x00, 0x00, 0x00, 0x00, 0x00, 0x00, 0x00, 
0x00, 0x00, 0x00, 0x00, 0x00, 0x00, 0x00, 0x00, 0x00, 0x00, 0x00, 0x00, 0x00, 0x00, 0x00, 0x00, 
0x00, 0x00, 0x00, 0x00, 0x00, 0x00, 0x00, 0x00, 0x00, 0x00, 0x00, 0x00, 0x00, 0x00, 0x00, 0x00, 
0x00, 0x00, 0x00, 0x00, 0x00, 0x00, 0x00, 0x00, 0x00, 0x00, 0x00, 0x00, 0x00, 0x00, 0x00, 0x00, 
0x00, 0x00, 0x00, 0x00, 0x00, 0x00, 0x00, 0x00, 0x00, 0x00, 0x00, 0x00, 0x00, 0x00, 0x00, 0x00, 
0x00, 0x00, 0x00, 0x00, 0x00, 0x00, 0x00, 0x00, 0x00, 0x00, 0x00, 0x00, 0x00, 0x00, 0x00, 0x00, 
0x00, 0x00, 0x00, 0x00, 0x00, 0x00, 0x00, 0x00, 0x00, 0x00, 0x00, 0x00, 0x00, 0x00, 0x00, 0x00, 
0x00, 0x00, 0x00, 0x00, 0x00, 0x00, 0x00, 0x00, 0x00, 0x00, 0x00, 0x00, 0x00, 0x00, 0x00, 0x00, 
0x00, 0x00, 0x00, 0x00, 0x00, 0x00, 0x00, 0x00, 0x00, 0x00, 0x00, 0x00, 0x00, 0x00, 0x00, 0x00, 
0x00, 0x00, 0x00, 0x00, 0x00, 0x00, 0x00, 0x00, 0x00, 0x00, 0x00, 0x00, 0x00, 0x00, 0x00, 0x00, 
0x00, 0x00, 0x00, 0x00, 0x00, 0x00, 0x00, 0x00, 0x00, 0x00, 0x00, 0x00, 0x00, 0x00, 0x00, 0x00, 
0x00, 0x00, 0x00, 0x00, 0x00, 0x00, 0x00, 0x00, 0x00, 0x00, 0x00, 0x00, 0x00, 0x00, 0x00, 0x00, 
0x00, 0x00, 0x00, 0x00, 0x00, 0x00, 0x00, 0x00, 0x00, 0x00, 0x00, 0x00, 0x00, 0x00, 0x00, 0x00, 
0x00, 0x00, 0x00, 0x00, 0x00, 0x00, 0x00, 0x00, 0x00, 0x00, 0x00, 0x00, 0x00, 0x00, 0x00, 0x00, 
0x00, 0x00, 0x00, 0x00, 0x00, 0x00, 0x00, 0x00, 0x00, 0x00, 0x00, 0x00, 0x00, 0x00, 0x00, 0x00, 
0x00, 0x00, 0x00, 0x00, 0x00, 0x00, 0x00, 0x00, 0x00, 0x00, 0x00, 0x00, 0x00, 0x00, 0x00, 0x00, 
0x00, 0x00, 0x00, 0x00, 0x00, 0x00, 0x00, 0x00, 0x00, 0x00, 0x00, 0x00, 0x00, 0x00, 0x00, 0x00, 
0x00, 0x00, 0x00, 0x00, 0x00, 0x00, 0x00, 0x00, 0x00, 0x00, 0x00, 0x00, 0x00, 0x00, 0x00, 0x00, 
0x00, 0x00, 0x00, 0x00, 0x00, 0x00, 0x00, 0x00, 0x00, 0x00, 0x00, 0x00, 0x00, 0x00, 0x00, 0x00, 
0x00, 0x00, 0x00, 0x00, 0x00, 0x00, 0x00, 0x00, 0x00, 0x00, 0x00, 0x00, 0x00, 0x00, 0x00, 0x00, 
0x00, 0x00, 0x00, 0x00, 0x00, 0x00, 0x00, 0x00, 0x00, 0x00, 0x00, 0x00, 0x00, 0x00, 0x00, 0x00, 
0x00, 0x00, 0x00, 0x00, 0x00, 0x00, 0x00, 0x00, 0x00, 0x00, 0x00, 0x00, 0x00, 0x00, 0x00, 0x00, 
0x00, 0x00, 0x00, 0x00, 0x00, 0x00, 0x00, 0x00, 0x00, 0x00, 0x00, 0x00, 0x00, 0x00, 0x00, 0x00, 
0x00, 0x00, 0x00, 0x00, 0x00, 0x00, 0x00, 0x00, 0x00, 0x00, 0x00, 0x00, 0x00, 0x00, 0x00, 0x00, 
0x00, 0x00, 0x00, 0x00, 0x00, 0x00, 0x00, 0x00, 0x00, 0x00, 0x00, 0x00, 0x00, 0x00, 0x00, 0x00, 
0x00, 0x00, 0x00, 0x00, 0x00, 0x00, 0x00, 0x00, 0x00, 0x00, 0x00, 0x00, 0x00, 0x00, 0x00, 0x00, 
0x00, 0x00, 0x00, 0x00, 0x00, 0x00, 0x00, 0x00, 0x00, 0x00, 0x00, 0x00, 0x00, 0x00, 0x00, 0x00, 
0x00, 0x00, 0x00, 0x00, 0x00, 0x00, 0x00, 0x00, 0x00, 0x00, 0x00, 0x00, 0x00, 0x00, 0x00, 0x00, 
0x00, 0x00, 0x00, 0x00, 0x00, 0x00, 0x00, 0x00, 0x00, 0x00, 0x00, 0x00, 0x00, 0x00, 0x00, 0x00, 
0x00, 0x00, 0x00, 0x00, 0x00, 0x00, 0x00, 0x00, 0x00, 0x00, 0x00, 0x00, 0x00, 0x00, 0x00, 0x00, 
0x00, 0x00, 0x00, 0x00, 0x00, 0x00, 0x00, 0x00, 0x00, 0x00, 0x00, 0x00, 0x00, 0x00, 0x00, 0x00, 
0x00, 0x00, 0x00, 0x00, 0x00, 0x00, 0x00, 0x00, 0x00, 0x00, 0x00, 0x00, 0x00, 0x00, 0x00, 0x00, 
0x00, 0x00, 0x00, 0x00, 0x00, 0x00, 0x00, 0x00, 0x00, 0x00, 0x00, 0x00, 0x00, 0x00, 0x00, 0x00, 
0x00, 0x00, 0x00, 0x00, 0x00, 0x00, 0x00, 0x00, 0x00, 0x00, 0x00, 0x00, 0x00, 0x00, 0x00, 0x00, 
0x00, 0x00, 0x00, 0x00, 0x00, 0x00, 0x00, 0x00, 0x00, 0x00, 0x00, 0x00, 0x00, 0x00, 0x00, 0x00, 
0x00, 0x00, 0x00, 0x00, 0x00, 0x00, 0x00, 0x00, 0x00, 0x00, 0x00, 0x00, 0x00, 0x00, 0x00, 0x00, 
0x00, 0x00, 0x00, 0x00, 0x00, 0x00, 0x00, 0x00, 0x00, 0x00, 0x00, 0x00, 0x00, 0x00, 0x00, 0x00, 
0x00, 0x00, 0x00, 0x00, 0x00, 0x00, 0x00, 0x00, 0x00, 0x00, 0x00, 0x00, 0x00, 0x00, 0x00, 0x00, 
0x00, 0x00, 0x00, 0x00, 0x00, 0x00, 0x00, 0x00, 0x00, 0x00, 0x00, 0x00, 0x00, 0x00, 0x00, 0x00, 
0x00, 0x00, 0x00, 0x00, 0x00, 0x00, 0x00, 0x00, 0x00, 0x00, 0x00, 0x00, 0x00, 0x00, 0x00, 0x00, 
0x00, 0x00, 0x00, 0x00, 0x00, 0x00, 0x00, 0x00, 0x00, 0x00, 0x00, 0x00, 0x00, 0x00, 0x00, 0x00, 
0x00, 0x00, 0x00, 0x00, 0x00, 0x00, 0x00, 0x00, 0x00, 0x00, 0x00, 0x00, 0x00, 0x00, 0x00, 0x00, 
0x00, 0x00, 0x00, 0x00, 0x00, 0x00, 0x00, 0x00, 0x00, 0x00, 0x00, 0x00, 0x00, 0x00, 0x00, 0x00, 
0x00, 0x00, 0x00, 0x00, 0x00, 0x00, 0x00, 0x00, 0x00, 0x00, 0x00, 0x00, 0x00, 0x00, 0x00, 0x00, 
0x00, 0x00, 0x00, 0x00, 0x00, 0x00, 0x00, 0x00, 0x00, 0x00, 0x00, 0x00, 0x00, 0x00, 0x00, 0x00, 
0x00, 0x00, 0x00, 0x00, 0x00, 0x00, 0x00, 0x00, 0x00, 0x00, 0x00, 0x00, 0x00, 0x00, 0x00, 0x00, 
0x00, 0x00, 0x00, 0x00, 0x00, 0x00, 0x00, 0x00, 0x00, 0x00, 0x00, 0x00, 0x00, 0x00, 0x00, 0x00, 
0x00, 0x00, 0x00, 0x00, 0x00, 0x00, 0x00, 0x00, 0x00, 0x00, 0x00, 0x00, 0x00, 0x00, 0x00, 0x00, 
0x00, 0x00, 0x00, 0x00, 0x00, 0x00, 0x00, 0x00, 0x00, 0x00, 0x00, 0x00, 0x00, 0x00, 0x00, 0x00, 
0x00, 0x00, 0x00, 0x00, 0x00, 0x00, 0x00, 0x00, 0x00, 0x00, 0x00, 0x00, 0x00, 0x00, 0x00, 0x00, 
0x00, 0x00, 0x00, 0x00, 0x00, 0x00, 0x00, 0x00, 0x00, 0x00, 0x00, 0x00, 0x00, 0x00, 0x00, 0x00, 
0x00, 0x00, 0x00, 0x00, 0x00, 0x00, 0x00, 0x00, 0x00, 0x00, 0x00, 0x00, 0x00, 0x00, 0x00, 0x00, 
0x00, 0x00, 0x00, 0x00, 0x00, 0x00, 0x00, 0x00, 0x00, 0x00, 0x00, 0x00, 0x00, 0x00, 0x00, 0x00, 
0x00, 0x00, 0x00, 0x00, 0x00, 0x00, 0x00, 0x00, 0x00, 0x00, 0x00, 0x00, 0x00, 0x00, 0x00, 0x00, 
0x00, 0x00, 0x00, 0x00, 0x00, 0x00, 0x00, 0x00, 0x00, 0x00, 0x00, 0x00, 0x00, 0x00, 0x00, 0x00, 
0x00, 0x00, 0x00, 0x00, 0x00, 0x00, 0x00, 0x00, 0x00, 0x00, 0x00, 0x00, 0x00, 0x00, 0x00, 0x00, 
0x00, 0x00, 0x00, 0x00, 0x00, 0x00, 0x00, 0x00, 0x00, 0x00, 0x00, 0x00, 0x00, 0x00, 0x00, 0x00, 
0x00, 0x00, 0x00, 0x00, 0x00, 0x00, 0x00, 0x00, 0x00, 0x00, 0x00, 0x00, 0x00, 0x00, 0x00, 0x00, 
0x00, 0x00, 0x00, 0x00, 0x00, 0x00, 0x00, 0x00, 0x00, 0x00, 0x00, 0x00, 0x00, 0x00, 0x00, 0x00, 
0x00, 0x00, 0x00, 0x00, 0x00, 0x00, 0x00, 0x00, 0x00, 0x00, 0x00, 0x00, 0x00, 0x00, 0x00, 0x00, 
0x00, 0x00, 0x00, 0x00, 0x00, 0x00, 0x00, 0x00, 0x00, 0x00, 0x00, 0x00, 0x00, 0x00, 0x00, 0x00, 
0x00, 0x00, 0x00, 0x00, 0x00, 0x00, 0x00, 0x00, 0x00, 0x00, 0x00, 0x00, 0x00, 0x00, 0x00, 0x00, 
0x00, 0x00, 0x00, 0x00, 0x00, 0x00, 0x00, 0x00, 0x00, 0x00, 0x00, 0x00, 0x00, 0x00, 0x00, 0x00, 
0x00, 0x00, 0x00, 0x00, 0x00, 0x00, 0x00, 0x00, 0x00, 0x00, 0x00, 0x00, 0x00, 0x00, 0x00, 0x00, 
0x00, 0x00, 0x00, 0x00, 0x00, 0x00, 0x00, 0x00, 0x00, 0x00, 0x00, 0x00, 0x00, 0x00, 0x00, 0x00, 
0x00, 0x00, 0x00, 0x00, 0x00, 0x00, 0x00, 0x00, 0x00, 0x00, 0x00, 0x00, 0x00, 0x00, 0x00, 0x00, 
0x00, 0x00, 0x00, 0x00, 0x00, 0x00, 0x00, 0x00, 0x00, 0x00, 0x00, 0x00, 0x00, 0x00, 0x00, 0x00, 
0x00, 0x00, 0x00, 0x00, 0x00, 0x00, 0x00, 0x00, 0x00, 0x00, 0x00, 0x00, 0x00, 0x00, 0x00, 0x00, 
0x00, 0x00, 0x00, 0x00, 0x00, 0x00, 0x00, 0x00, 0x00, 0x00, 0x00, 0x00, 0x00, 0x00, 0x00, 0x00, 
0x00, 0x00, 0x00, 0x00, 0x00, 0x00, 0x00, 0x00, 0x00, 0x00, 0x00, 0x00, 0x00, 0x00, 0x00, 0x00, 
0x00, 0x00, 0x00, 0x00, 0x00, 0x00, 0x00, 0x00, 0x00, 0x00, 0x00, 0x00, 0x00, 0x00, 0x00, 0x00, 
0x00, 0x00, 0x00, 0x00, 0x00, 0x00, 0x00, 0x00, 0x00, 0x00, 0x00, 0x00, 0x00, 0x00, 0x00, 0x00, 
0x00, 0x00, 0x00, 0x00, 0x00, 0x00, 0x00, 0x00, 0x00, 0x00, 0x00, 0x00, 0x00, 0x00, 0x00, 0x00, 
0x00, 0x00, 0x00, 0x00, 0x00, 0x00, 0x00, 0x00, 0x00, 0x00, 0x00, 0x00, 0x00, 0x00, 0x00, 0x00, 
0x00, 0x00, 0x00, 0x00, 0x00, 0x00, 0x00, 0x00, 0x00, 0x00, 0x00, 0x00, 0x00, 0x00, 0x00, 0x00, 
0x00, 0x00, 0x00, 0x00, 0x00, 0x00, 0x00, 0x00, 0x00, 0x00, 0x00, 0x00, 0x00, 0x00, 0x00, 0x00, 
0x00, 0x00, 0x00, 0x00, 0x00, 0x00, 0x00, 0x00, 0x00, 0x00, 0x00, 0x00, 0x00, 0x00, 0x00, 0x00, 
0x00, 0x00, 0x00, 0x00, 0x00, 0x00, 0x00, 0x00, 0x00, 0x00, 0x00, 0x00, 0x00, 0x00, 0x00, 0x00, 
0x00, 0x00, 0x00, 0x00, 0x00, 0x00, 0x00, 0x00, 0x00, 0x00, 0x00, 0x00, 0x00, 0x00, 0x00, 0x00, 
0x00, 0x00, 0x00, 0x00, 0x00, 0x00, 0x00, 0x00, 0x00, 0x00, 0x00, 0x00, 0x00, 0x00, 0x00, 0x00, 
0x00, 0x00, 0x00, 0x00, 0x00, 0x00, 0x00, 0x00, 0x00, 0x00, 0x00, 0x00, 0x00, 0x00, 0x00, 0x00, 
0x00, 0x00, 0x00, 0x00, 0x00, 0x00, 0x00, 0x00, 0x00, 0x00, 0x00, 0x00, 0x00, 0x00, 0x00, 0x00, 
0x00, 0x00, 0x00, 0x00, 0x00, 0x00, 0x00, 0x00, 0x00, 0x00, 0x00, 0x00, 0x00, 0x00, 0x00, 0x00, 
0x00, 0x00, 0x00, 0x00, 0x00, 0x00, 0x00, 0x00, 0x00, 0x00, 0x00, 0x00, 0x00, 0x00, 0x00, 0x00, 
0x00, 0x00, 0x00, 0x00, 0x00, 0x00, 0x00, 0x00, 0x00, 0x00, 0x00, 0x00, 0x00, 0x00, 0x00, 0x00, 
0x00, 0x00, 0x00, 0x00, 0x00, 0x00, 0x00, 0x00, 0x00, 0x00, 0x00, 0x00, 0x00, 0x00, 0x00, 0x00, 
0x00, 0x00, 0x00, 0x00, 0x00, 0x00, 0x00, 0x00, 0x00, 0x00, 0x00, 0x00, 0x00, 0x00, 0x00, 0x00, 
0x00, 0x00, 0x00, 0x00, 0x00, 0x00, 0x00, 0x00, 0x00, 0x00, 0x00, 0x00, 0x00, 0x00, 0x00, 0x00, 
0x00, 0x00, 0x00, 0x00, 0x00, 0x00, 0x00, 0x00, 0x00, 0x00, 0x00, 0x00, 0x00, 0x00, 0x00, 0x00, 
0x00, 0x00, 0x00, 0x00, 0x00, 0x00, 0x00, 0x00, 0x00, 0x00, 0x00, 0x00, 0x00, 0x00, 0x00, 0x00, 
0x00, 0x00, 0x00, 0x00, 0x00, 0x00, 0x00, 0x00, 0x00, 0x00, 0x00, 0x00, 0x00, 0x00, 0x00, 0x00, 
0x00, 0x00, 0x00, 0x00, 0x00, 0x00, 0x00, 0x00, 0x00, 0x00, 0x00, 0x00, 0x00, 0x00, 0x00, 0x00, 
0x00, 0x00, 0x00, 0x00, 0x00, 0x00, 0x00, 0x00, 0x00, 0x00, 0x00, 0x00, 0x00, 0x00, 0x00, 0x00, 
0x00, 0x00, 0x00, 0x00, 0x00, 0x00, 0x00, 0x00, 0x00, 0x00, 0x00, 0x00, 0x00, 0x00, 0x00, 0x00, 
0x00, 0x00, 0x00, 0x00, 0x00, 0x00, 0x00, 0x00, 0x00, 0x00, 0x00, 0x00, 0x00, 0x00, 0x00, 0x00, 
0x00, 0x00, 0x00, 0x00, 0x00, 0x00, 0x00, 0x00, 0x00, 0x00, 0x00, 0x00, 0x00, 0x00, 0x00, 0x00, 
0x00, 0x00, 0x00, 0x00, 0x00, 0x00, 0x00, 0x00, 0x00, 0x00, 0x00, 0x00, 0x00, 0x00, 0x00, 0x00, 
0x00, 0x00, 0x00, 0x00, 0x00, 0x00, 0x00, 0x00, 0x00, 0x00, 0x00, 0x00, 0x00, 0x00, 0x00, 0x00, 
0x00, 0x00, 0x00, 0x00, 0x00, 0x00, 0x00, 0x00, 0x00, 0x00, 0x00, 0x00, 0x00, 0x00, 0x00, 0x00, 
0x00, 0x00, 0x00, 0x00, 0x00, 0x00, 0x00, 0x00, 0x00, 0x00, 0x00, 0x00, 0x00, 0x00, 0x00, 0x00, 
0x00, 0x00, 0x00, 0x00, 0x00, 0x00, 0x00, 0x00, 0x00, 0x00, 0x00, 0x00, 0x00, 0x00, 0x00, 0x00, 
0x00, 0x00, 0x00, 0x00, 0x00, 0x00, 0x00, 0x00, 0x00, 0x00, 0x00, 0x00, 0x00, 0x00, 0x00, 0x00, 
0x00, 0x00, 0x00, 0x00, 0x00, 0x00, 0x00, 0x00, 0x00, 0x00, 0x00, 0x00, 0x00, 0x00, 0x00, 0x00, 
0x00, 0x00, 0x00, 0x00, 0x00, 0x00, 0x00, 0x00, 0x00, 0x00, 0x00, 0x00, 0x00, 0x00, 0x00, 0x00, 
0x00, 0x00, 0x00, 0x00, 0x00, 0x00, 0x00, 0x00, 0x00, 0x00, 0x00, 0x00, 0x00, 0x00, 0x00, 0x00, 
0x00, 0x00, 0x00, 0x00, 0x00, 0x00, 0x00, 0x00, 0x00, 0x00, 0x00, 0x00, 0x00, 0x00, 0x00, 0x00, 
0x00, 0x00, 0x00, 0x00, 0x00, 0x00, 0x00, 0x00, 0x00, 0x00, 0x00, 0x00, 0x00, 0x00, 0x00, 0x00, 
0x00, 0x00, 0x00, 0x00, 0x00, 0x00, 0x00, 0x00, 0x00, 0x00, 0x00, 0x00, 0x00, 0x00, 0x00, 0x00, 
0x00, 0x00, 0x00, 0x00, 0x00, 0x00, 0x00, 0x00, 0x00, 0x00, 0x00, 0x00, 0x00, 0x00, 0x00, 0x00, 
0x00, 0x00, 0x00, 0x00, 0x00, 0x00, 0x00, 0x00, 0x00, 0x00, 0x00, 0x00, 0x00, 0x00, 0x00, 0x00, 
0x00, 0x00, 0x00, 0x00, 0x00, 0x00, 0x00, 0x00, 0x00, 0x00, 0x00, 0x00, 0x00, 0x00, 0x00, 0x00, 
0x00, 0x00, 0x00, 0x00, 0x00, 0x00, 0x00, 0x00, 0x00, 0x00, 0x00, 0x00, 0x00, 0x00, 0x00, 0x00, 
0x00, 0x00, 0x00, 0x00, 0x00, 0x00, 0x00, 0x00, 0x00, 0x00, 0x00, 0x00, 0x00, 0x00, 0x00, 0x00, 
0x00, 0x00, 0x00, 0x00, 0x00, 0x00, 0x00, 0x00, 0x00, 0x00, 0x00, 0x00, 0x00, 0x00, 0x00, 0x00, 
0x00, 0x00, 0x00, 0x00, 0x00, 0x00, 0x00, 0x00, 0x00, 0x00, 0x00, 0x00, 0x00, 0x00, 0x00, 0x00, 
0x00, 0x00, 0x00, 0x00, 0x00, 0x00, 0x00, 0x00, 0x00, 0x00, 0x00, 0x00, 0x00, 0x00, 0x00, 0x00, 
0x00, 0x00, 0x00, 0x00, 0x00, 0x00, 0x00, 0x00, 0x00, 0x00, 0x00, 0x00, 0x00, 0x00, 0x00, 0x00, 
0x00, 0x00, 0x00, 0x00, 0x00, 0x00, 0x00, 0x00, 0x00, 0x00, 0x00, 0x00, 0x00, 0x00, 0x00, 0x00, 
0x00, 0x00, 0x00, 0x00, 0x00, 0x00, 0x00, 0x00, 0x00, 0x00, 0x00, 0x00, 0x00, 0x00, 0x00, 0x00, 
0x00, 0x00, 0x00, 0x00, 0x00, 0x00, 0x00, 0x00, 0x00, 0x00, 0x00, 0x00, 0x00, 0x00, 0x00, 0x00, 
0x00, 0x00, 0x00, 0x00, 0x00, 0x00, 0x00, 0x00, 0x00, 0x00, 0x00, 0x00, 0x00, 0x00, 0x00, 0x00, 
0x00, 0x00, 0x00, 0x00, 0x00, 0x00, 0x00, 0x00, 0x00, 0x00, 0x00, 0x00, 0x00, 0x00, 0x00, 0x00, 
0x00, 0x00, 0x00, 0x00, 0x00, 0x00, 0x00, 0x00, 0x00, 0x00, 0x00, 0x00, 0x00, 0x00, 0x00, 0x00, 
0x00, 0x00, 0x00, 0x00, 0x00, 0x00, 0x00, 0x00, 0x00, 0x00, 0x00, 0x00, 0x00, 0x00, 0x00, 0x00, 
0x00, 0x00, 0x00, 0x00, 0x00, 0x00, 0x00, 0x00, 0x00, 0x00, 0x00, 0x00, 0x00, 0x00, 0x00, 0x00, 
0x00, 0x00, 0x00, 0x00, 0x00, 0x00, 0x00, 0x00, 0x00, 0x00, 0x00, 0x00, 0x00, 0x00, 0x00, 0x00, 
0x00, 0x00, 0x00, 0x00, 0x00, 0x00, 0x00, 0x00, 0x00, 0x00, 0x00, 0x00, 0x00, 0x00, 0x00, 0x00, 
0x00, 0x00, 0x00, 0x00, 0x00, 0x00, 0x00, 0x00, 0x00, 0x00, 0x00, 0x00, 0x00, 0x00, 0x00, 0x00, 
0x00, 0x00, 0x00, 0x00, 0x00, 0x00, 0x00, 0x00, 0x00, 0x00, 0x00, 0x00, 0x00, 0x00, 0x00, 0x00, 
0x00, 0x00, 0x00, 0x00, 0x00, 0x00, 0x00, 0x00, 0x00, 0x00, 0x00, 0x00, 0x00, 0x00, 0x00, 0x00, 
0x00, 0x00, 0x00, 0x00, 0x00, 0x00, 0x00, 0x00, 0x00, 0x00, 0x00, 0x00, 0x00, 0x00, 0x00, 0x00, 
0x00, 0x00, 0x00, 0x00, 0x00, 0x00, 0x00, 0x00, 0x00, 0x00, 0x00, 0x00, 0x00, 0x00, 0x00, 0x00, 
0x00, 0x00, 0x00, 0x00, 0x00, 0x00, 0x00, 0x00, 0x00, 0x00, 0x00, 0x00, 0x00, 0x00, 0x00, 0x00, 
0x00, 0x00, 0x00, 0x00, 0x00, 0x00, 0x00, 0x00, 0x00, 0x00, 0x00, 0x00, 0x00, 0x00, 0x00, 0x00, 
0x00, 0x00, 0x00, 0x00, 0x00, 0x00, 0x00, 0x00, 0x00, 0x00, 0x00, 0x00, 0x00, 0x00, 0x00, 0x00, 
0x00, 0x00, 0x00, 0x00, 0x00, 0x00, 0x00, 0x00, 0x00, 0x00, 0x00, 0x00, 0x00, 0x00, 0x00, 0x00, 
0x00, 0x00, 0x00, 0x00, 0x00, 0x00, 0x00, 0x00, 0x00, 0x00, 0x00, 0x00, 0x00, 0x00, 0x00, 0x00, 
0x00, 0x00, 0x00, 0x00, 0x00, 0x00, 0x00, 0x00, 0x00, 0x00, 0x00, 0x00, 0x00, 0x00, 0x00, 0x00, 
0x00, 0x00, 0x00, 0x00, 0x00, 0x00, 0x00, 0x00, 0x00, 0x00, 0x00, 0x00, 0x00, 0x00, 0x00, 0x00, 
0x00, 0x00, 0x00, 0x00, 0x00, 0x00, 0x00, 0x00, 0x00, 0x00, 0x00, 0x00, 0x00, 0x00, 0x00, 0x00, 
0x00, 0x00, 0x00, 0x00, 0x00, 0x00, 0x00, 0x00, 0x00, 0x00, 0x00, 0x00, 0x00, 0x00, 0x00, 0x00, 
0x00, 0x00, 0x00, 0x00, 0x00, 0x00, 0x00, 0x00, 0x00, 0x00, 0x00, 0x00, 0x00, 0x00, 0x00, 0x00, 
0x00, 0x00, 0x00, 0x00, 0x00, 0x00, 0x00, 0x00, 0x00, 0x00, 0x00, 0x00, 0x00, 0x00, 0x00, 0x00, 
0x00, 0x00, 0x00, 0x00, 0x00, 0x00, 0x00, 0x00, 0x00, 0x00, 0x00, 0x00, 0x00, 0x00, 0x00, 0x00, 
0x00, 0x00, 0x00, 0x00, 0x00, 0x00, 0x00, 0x00, 0x00, 0x00, 0x00, 0x00, 0x00, 0x00, 0x00, 0x00, 
0x00, 0x00, 0x00, 0x00, 0x00, 0x00, 0x00, 0x00, 0x00, 0x00, 0x00, 0x00, 0x00, 0x00, 0x00, 0x00, 
0x00, 0x00, 0x00, 0x00, 0x00, 0x00, 0x00, 0x00, 0x00, 0x00, 0x00, 0x00, 0x00, 0x00, 0x00, 0x00, 
0x00, 0x00, 0x00, 0x00, 0x00, 0x00, 0x00, 0x00, 0x00, 0x00, 0x00, 0x00, 0x00, 0x00, 0x00, 0x00, 
0x00, 0x00, 0x00, 0x00, 0x00, 0x00, 0x00, 0x00, 0x00, 0x00, 0x00, 0x00, 0x00, 0x00, 0x00, 0x00, 
0x00, 0x00, 0x00, 0x00, 0x00, 0x00, 0x00, 0x00, 0x00, 0x00, 0x00, 0x00, 0x00, 0x00, 0x00, 0x00, 
0x00, 0x00, 0x00, 0x00, 0x00, 0x00, 0x00, 0x00, 0x00, 0x00, 0x00, 0x00, 0x00, 0x00, 0x00, 0x00, 
0x00, 0x00, 0x00, 0x00, 0x00, 0x00, 0x00, 0x00, 0x00, 0x00, 0x00, 0x00, 0x00, 0x00, 0x00, 0x00, 
0x00, 0x00, 0x00, 0x00, 0x00, 0x00, 0x00, 0x00, 0x00, 0x00, 0x00, 0x00, 0x00, 0x00, 0x00, 0x00, 
0x00, 0x00, 0x00, 0x00, 0x00, 0x00, 0x00, 0x00, 0x00, 0x00, 0x00, 0x00, 0x00, 0x00, 0x00, 0x00, 
0x00, 0x00, 0x00, 0x00, 0x00, 0x00, 0x00, 0x00, 0x00, 0x00, 0x00, 0x00, 0x00, 0x00, 0x00, 0x00, 
0x00, 0x00, 0x00, 0x00, 0x00, 0x00, 0x00, 0x00, 0x00, 0x00, 0x00, 0x00, 0x00, 0x00, 0x00, 0x00, 
0x00, 0x00, 0x00, 0x00, 0x00, 0x00, 0x00, 0x00, 0x00, 0x00, 0x00, 0x00, 0x00, 0x00, 0x00, 0x00, 
0x00, 0x00, 0x00, 0x00, 0x00, 0x00, 0x00, 0x00, 0x00, 0x00, 0x00, 0x00, 0x00, 0x00, 0x00, 0x00, 
0x00, 0x00, 0x00, 0x00, 0x00, 0x00, 0x00, 0x00, 0x00, 0x00, 0x00, 0x00, 0x00, 0x00, 0x00, 0x00, 
0x00, 0x00, 0x00, 0x00, 0x00, 0x00, 0x00, 0x00, 0x00, 0x00, 0x00, 0x00, 0x00, 0x00, 0x00, 0x00, 
0x00, 0x00, 0x00, 0x00, 0x00, 0x00, 0x00, 0x00, 0x00, 0x00, 0x00, 0x00, 0x00, 0x00, 0x00, 0x00, 
0x00, 0x00, 0x00, 0x00, 0x00, 0x00, 0x00, 0x00, 0x00, 0x00, 0x00, 0x00, 0x00, 0x00, 0x00, 0x00, 
0x00, 0x00, 0x00, 0x00, 0x00, 0x00, 0x00, 0x00, 0x00, 0x00, 0x00, 0x00, 0x00, 0x00, 0x00, 0x00, 
0x00, 0x00, 0x00, 0x00, 0x00, 0x00, 0x00, 0x00, 0x00, 0x00, 0x00, 0x00, 0x00, 0x00, 0x00, 0x00, 
0x00, 0x00, 0x00, 0x00, 0x00, 0x00, 0x00, 0x00, 0x00, 0x00, 0x00, 0x00, 0x00, 0x00, 0x00, 0x00, 
0x00, 0x00, 0x00, 0x00, 0x00, 0x00, 0x00, 0x00, 0x00, 0x00, 0x00, 0x00, 0x00, 0x00, 0x00, 0x00, 
0x00, 0x00, 0x00, 0x00, 0x00, 0x00, 0x00, 0x00, 0x00, 0x00, 0x00, 0x00, 0x00, 0x00, 0x00, 0x00, 
0x00, 0x00, 0x00, 0x00, 0x00, 0x00, 0x00, 0x00, 0x00, 0x00, 0x00, 0x00, 0x00, 0x00, 0x00, 0x00, 
0x00, 0x00, 0x00, 0x00, 0x00, 0x00, 0x00, 0x00, 0x00, 0x00, 0x00, 0x00, 0x00, 0x00, 0x00, 0x00, 
0x00, 0x00, 0x00, 0x00, 0x00, 0x00, 0x00, 0x00, 0x00, 0x00, 0x00, 0x00, 0x00, 0x00, 0x00, 0x00, 
0x00, 0x00, 0x00, 0x00, 0x00, 0x00, 0x00, 0x00, 0x00, 0x00, 0x00, 0x00, 0x00, 0x00, 0x00, 0x00, 
0x00, 0x00, 0x00, 0x00, 0x00, 0x00, 0x00, 0x00, 0x00, 0x00, 0x00, 0x00, 0x00, 0x00, 0x00, 0x00, 
0x00, 0x00, 0x00, 0x00, 0x00, 0x00, 0x00, 0x00, 0x00, 0x00, 0x00, 0x00, 0x00, 0x00, 0x00, 0x00, 
0x00, 0x00, 0x00, 0x00, 0x00, 0x00, 0x00, 0x00, 0x00, 0x00, 0x00, 0x00, 0x00, 0x00, 0x00, 0x00, 
0x00, 0x00, 0x00, 0x00, 0x00, 0x00, 0x00, 0x00, 0x00, 0x00, 0x00, 0x00, 0x00, 0x00, 0x00, 0x00, 
0x00, 0x00, 0x00, 0x00, 0x00, 0x00, 0x00, 0x00, 0x00, 0x00, 0x00, 0x00, 0x00, 0x00, 0x00, 0x00, 
0x00, 0x00, 0x00, 0x00, 0x00, 0x00, 0x00, 0x00, 0x00, 0x00, 0x00, 0x00, 0x00, 0x00, 0x00, 0x00, 
0x00, 0x00, 0x00, 0x00, 0x00, 0x00, 0x00, 0x00, 0x00, 0x00, 0x00, 0x00, 0x00, 0x00, 0x00, 0x00, 
0x00, 0x00, 0x00, 0x00, 0x00, 0x00, 0x00, 0x00, 0x00, 0x00, 0x00, 0x00, 0x00, 0x00, 0x00, 0x00, 
0x00, 0x00, 0x00, 0x00, 0x00, 0x00, 0x00, 0x00, 0x00, 0x00, 0x00, 0x00, 0x00, 0x00, 0x00, 0x00, 
0x00, 0x00, 0x00, 0x00, 0x00, 0x00, 0x00, 0x00, 0x00, 0x00, 0x00, 0x00, 0x00, 0x00, 0x00, 0x00, 
0x00, 0x00, 0x00, 0x00, 0x00, 0x00, 0x00, 0x00, 0x00, 0x00, 0x00, 0x00, 0x00, 0x00, 0x00, 0x00, 
0x00, 0x00, 0x00, 0x00, 0x00, 0x00, 0x00, 0x00, 0x00, 0x00, 0x00, 0x00, 0x00, 0x00, 0x00, 0x00, 
0x00, 0x00, 0x00, 0x00, 0x00, 0x00, 0x00, 0x00, 0x00, 0x00, 0x00, 0x00, 0x00, 0x00, 0x00, 0x00, 
0x00, 0x00, 0x00, 0x00, 0x00, 0x00, 0x00, 0x00, 0x00, 0x00, 0x00, 0x00, 0x00, 0x00, 0x00, 0x00, 
0x00, 0x00, 0x00, 0x00, 0x00, 0x00, 0x00, 0x00, 0x00, 0x00, 0x00, 0x00, 0x00, 0x00, 0x00, 0x00, 
0x00, 0x00, 0x00, 0x00, 0x00, 0x00, 0x00, 0x00, 0x00, 0x00, 0x00, 0x00, 0x00, 0x00, 0x00, 0x00, 
0x00, 0x00, 0x00, 0x00, 0x00, 0x00, 0x00, 0x00, 0x00, 0x00, 0x00, 0x00, 0x00, 0x00, 0x00, 0x00, 
0x00, 0x00, 0x00, 0x00, 0x00, 0x00, 0x00, 0x00, 0x00, 0x00, 0x00, 0x00, 0x00, 0x00, 0x00, 0x00, 
0x00, 0x00, 0x00, 0x00, 0x00, 0x00, 0x00, 0x00, 0x00, 0x00, 0x00, 0x00, 0x00, 0x00, 0x00, 0x00, 
0x00, 0x00, 0x00, 0x00, 0x00, 0x00, 0x00, 0x00, 0x00, 0x00, 0x00, 0x00, 0x00, 0x00, 0x00, 0x00, 
0x00, 0x00, 0x00, 0x00, 0x00, 0x00, 0x00, 0x00, 0x00, 0x00, 0x00, 0x00, 0x00, 0x00, 0x00, 0x00, 
0x00, 0x00, 0x00, 0x00, 0x00, 0x00, 0x00, 0x00, 0x00, 0x00, 0x00, 0x00, 0x00, 0x00, 0x00, 0x00, 
0x00, 0x00, 0x00, 0x00, 0x00, 0x00, 0x00, 0x00, 0x00, 0x00, 0x00, 0x00, 0x00, 0x00, 0x00, 0x00, 
0x00, 0x00, 0x00, 0x00, 0x00, 0x00, 0x00, 0x00, 0x00, 0x00, 0x00, 0x00, 0x00, 0x00, 0x00, 0x00, 
0x00, 0x00, 0x00, 0x00, 0x00, 0x00, 0x00, 0x00, 0x00, 0x00, 0x00, 0x00, 0x00, 0x00, 0x00, 0x00, 
0x00, 0x00, 0x00, 0x00, 0x00, 0x00, 0x00, 0x00, 0x00, 0x00, 0x00, 0x00, 0x00, 0x00, 0x00, 0x00, 
0x00, 0x00, 0x00, 0x00, 0x00, 0x00, 0x00, 0x00, 0x00, 0x00, 0x00, 0x00, 0x00, 0x00, 0x00, 0x00, 
0x00, 0x00, 0x00, 0x00, 0x00, 0x00, 0x00, 0x00, 0x00, 0x00, 0x00, 0x00, 0x00, 0x00, 0x00, 0x00, 
0x00, 0x00, 0x00, 0x00, 0x00, 0x00, 0x00, 0x00, 0x00, 0x00, 0x00, 0x00, 0x00, 0x00, 0x00, 0x00, 
0x00, 0x00, 0x00, 0x00, 0x00, 0x00, 0x00, 0x00, 0x00, 0x00, 0x00, 0x00, 0x00, 0x00, 0x00, 0x00, 
0x00, 0x00, 0x00, 0x00, 0x00, 0x00, 0x00, 0x00, 0x00, 0x00, 0x00, 0x00, 0x00, 0x00, 0x00, 0x00, 
0x00, 0x00, 0x00, 0x00, 0x00, 0x00, 0x00, 0x00, 0x00, 0x00, 0x00, 0x00, 0x00, 0x00, 0x00, 0x00, 
0x00, 0x00, 0x00, 0x00, 0x00, 0x00, 0x00, 0x00, 0x00, 0x00, 0x00, 0x00, 0x00, 0x00, 0x00, 0x00, 
0x00, 0x00, 0x00, 0x00, 0x00, 0x00, 0x00, 0x00, 0x00, 0x00, 0x00, 0x00, 0x00, 0x00, 0x00, 0x00, 
0x00, 0x00, 0x00, 0x00, 0x00, 0x00, 0x00, 0x00, 0x00, 0x00, 0x00, 0x00, 0x00, 0x00, 0x00, 0x00, 
0x00, 0x00, 0x00, 0x00, 0x00, 0x00, 0x00, 0x00, 0x00, 0x00, 0x00, 0x00, 0x00, 0x00, 0x00, 0x00, 
0x00, 0x00, 0x00, 0x00, 0x00, 0x00, 0x00, 0x00, 0x00, 0x00, 0x00, 0x00, 0x00, 0x00, 0x00, 0x00, 
0x00, 0x00, 0x00, 0x00, 0x00, 0x00, 0x00, 0x00, 0x00, 0x00, 0x00, 0x00, 0x00, 0x00, 0x00, 0x00, 
0x00, 0x00, 0x00, 0x00, 0x00, 0x00, 0x00, 0x00, 0x00, 0x00, 0x00, 0x00, 0x00, 0x00, 0x00, 0x00, 
0x00, 0x00, 0x00, 0x00, 0x00, 0x00, 0x00, 0x00, 0x00, 0x00, 0x00, 0x00, 0x00, 0x00, 0x00, 0x00, 
0x00, 0x00, 0x00, 0x00, 0x00, 0x00, 0x00, 0x00, 0x00, 0x00, 0x00, 0x00, 0x00, 0x00, 0x00, 0x00, 
0x00, 0x00, 0x00, 0x00, 0x00, 0x00, 0x00, 0x00, 0x00, 0x00, 0x00, 0x00, 0x00, 0x00, 0x00, 0x00, 
0x00, 0x00, 0x00, 0x00, 0x00, 0x00, 0x00, 0x00, 0x00, 0x00, 0x00, 0x00, 0x00, 0x00, 0x00, 0x00, 
0x00, 0x00, 0x00, 0x00, 0x00, 0x00, 0x00, 0x00, 0x00, 0x00, 0x00, 0x00, 0x00, 0x00, 0x00, 0x00, 
0x00, 0x00, 0x00, 0x00, 0x00, 0x00, 0x00, 0x00, 0x00, 0x00, 0x00, 0x00, 0x00, 0x00, 0x00, 0x00, 
0x00, 0x00, 0x00, 0x00, 0x00, 0x00, 0x00, 0x00, 0x00, 0x00, 0x00, 0x00, 0x00, 0x00, 0x00, 0x00, 
0x00, 0x00, 0x00, 0x00, 0x00, 0x00, 0x00, 0x00, 0x00, 0x00, 0x00, 0x00, 0x00, 0x00, 0x00, 0x00, 
0x00, 0x00, 0x00, 0x00, 0x00, 0x00, 0x00, 0x00, 0x00, 0x00, 0x00, 0x00, 0x00, 0x00, 0x00, 0x00, 
0x00, 0x00, 0x00, 0x00, 0x00, 0x00, 0x00, 0x00, 0x00, 0x00, 0x00, 0x00, 0x00, 0x00, 0x00, 0x00, 
0x00, 0x00, 0x00, 0x00, 0x00, 0x00, 0x00, 0x00, 0x00, 0x00, 0x00, 0x00, 0x00, 0x00, 0x00, 0x00, 
0x00, 0x00, 0x00, 0x00, 0x00, 0x00, 0x00, 0x00, 0x00, 0x00, 0x00, 0x00, 0x00, 0x00, 0x00, 0x00, 
0x00, 0x00, 0x00, 0x00, 0x00, 0x00, 0x00, 0x00, 0x00, 0x00, 0x00, 0x00, 0x00, 0x00, 0x00, 0x00, 
0x00, 0x00, 0x00, 0x00, 0x00, 0x00, 0x00, 0x00, 0x00, 0x00, 0x00, 0x00, 0x00, 0x00, 0x00, 0x00, 
0x00, 0x00, 0x00, 0x00, 0x00, 0x00, 0x00, 0x00, 0x00, 0x00, 0x00, 0x00, 0x00, 0x00, 0x00, 0x00, 
0x00, 0x00, 0x00, 0x00, 0x00, 0x00, 0x00, 0x00, 0x00, 0x00, 0x00, 0x00, 0x00, 0x00, 0x00, 0x00, 
0x00, 0x00, 0x00, 0x00, 0x00, 0x00, 0x00, 0x00, 0x00, 0x00, 0x00, 0x00, 0x00, 0x00, 0x00, 0x00, 
0x00, 0x00, 0x00, 0x00, 0x00, 0x00, 0x00, 0x00, 0x00, 0x00, 0x00, 0x00, 0x00, 0x00, 0x00, 0x00, 
0x00, 0x00, 0x00, 0x00, 0x00, 0x00, 0x00, 0x00, 0x00, 0x00, 0x00, 0x00, 0x00, 0x00, 0x00, 0x00, 
0x00, 0x00, 0x00, 0x00, 0x00, 0x00, 0x00, 0x00, 0x00, 0x00, 0x00, 0x00, 0x00, 0x00, 0x00, 0x00, 
0x00, 0x00, 0x00, 0x00, 0x00, 0x00, 0x00, 0x00, 0x00, 0x00, 0x00, 0x00, 0x00, 0x00, 0x00, 0x00, 
0x00, 0x00, 0x00, 0x00, 0x00, 0x00, 0x00, 0x00, 0x00, 0x00, 0x00, 0x00, 0x00, 0x00, 0x00, 0x00, 
0x00, 0x00, 0x00, 0x00, 0x00, 0x00, 0x00, 0x00, 0x00, 0x00, 0x00, 0x00, 0x00, 0x00, 0x00, 0x00, 
0x00, 0x00, 0x00, 0x00, 0x00, 0x00, 0x00, 0x00, 0x00, 0x00, 0x00, 0x00, 0x00, 0x00, 0x00, 0x00, 
0x00, 0x00, 0x00, 0x00, 0x00, 0x00, 0x00, 0x00, 0x00, 0x00, 0x00, 0x00, 0x00, 0x00, 0x00, 0x00, 
0x00, 0x00, 0x00, 0x00, 0x00, 0x00, 0x00, 0x00, 0x00, 0x00, 0x00, 0x00, 0x00, 0x00, 0x00, 0x00, 
0x00, 0x00, 0x00, 0x00, 0x00, 0x00, 0x00, 0x00, 0x00, 0x00, 0x00, 0x00, 0x00, 0x00, 0x00, 0x00, 
0x00, 0x00, 0x00, 0x00, 0x00, 0x00, 0x00, 0x00, 0x00, 0x00, 0x00, 0x00, 0x00, 0x00, 0x00, 0x00, 
0x00, 0x00, 0x00, 0x00, 0x00, 0x00, 0x00, 0x00, 0x00, 0x00, 0x00, 0x00, 0x00, 0x00, 0x00, 0x00, 
0x00, 0x00, 0x00, 0x00, 0x00, 0x00, 0x00, 0x00, 0x00, 0x00, 0x00, 0x00, 0x00, 0x00, 0x00, 0x00, 
0x00, 0x00, 0x00, 0x00, 0x00, 0x00, 0x00, 0x00, 0x00, 0x00, 0x00, 0x00, 0x00, 0x00, 0x00, 0x00, 
0x00, 0x00, 0x00, 0x00, 0x00, 0x00, 0x00, 0x00, 0x00, 0x00, 0x00, 0x00, 0x00, 0x00, 0x00, 0x00, 
0x00, 0x00, 0x00, 0x00, 0x00, 0x00, 0x00, 0x00, 0x00, 0x00, 0x00, 0x00, 0x00, 0x00, 0x00, 0x00, 
0x00, 0x00, 0x00, 0x00, 0x00, 0x00, 0x00, 0x00, 0x00, 0x00, 0x00, 0x00, 0x00, 0x00, 0x00, 0x00, 
0x00, 0x00, 0x00, 0x00, 0x00, 0x00, 0x00, 0x00, 0x00, 0x00, 0x00, 0x00, 0x00, 0x00, 0x00, 0x00, 
0x00, 0x00, 0x00, 0x00, 0x00, 0x00, 0x00, 0x00, 0x00, 0x00, 0x00, 0x00, 0x00, 0x00, 0x00, 0x00, 
0x00, 0x00, 0x00, 0x00, 0x00, 0x00, 0x00, 0x00, 0x00, 0x00, 0x00, 0x00, 0x00, 0x00, 0x00, 0x00, 
0x00, 0x00, 0x00, 0x00, 0x00, 0x00, 0x00, 0x00, 0x00, 0x00, 0x00, 0x00, 0x00, 0x00, 0x00, 0x00, 
0x00, 0x00, 0x00, 0x00, 0x00, 0x00, 0x00, 0x00, 0x00, 0x00, 0x00, 0x00, 0x00, 0x00, 0x00, 0x00, 
0x00, 0x00, 0x00, 0x00, 0x00, 0x00, 0x00, 0x00, 0x00, 0x00, 0x00, 0x00, 0x00, 0x00, 0x00, 0x00, 
0x00, 0x00, 0x00, 0x00, 0x00, 0x00, 0x00, 0x00, 0x00, 0x00, 0x00, 0x00, 0x00, 0x00, 0x00, 0x00, 
0x00, 0x00, 0x00, 0x00, 0x00, 0x00, 0x00, 0x00, 0x00, 0x00, 0x00, 0x00, 0x00, 0x00, 0x00, 0x00, 
0x00, 0x00, 0x00, 0x00, 0x00, 0x00, 0x00, 0x00, 0x00, 0x00, 0x00, 0x00, 0x00, 0x00, 0x00, 0x00, 
0x00, 0x00, 0x00, 0x00, 0x00, 0x00, 0x00, 0x00, 0x00, 0x00, 0x00, 0x00, 0x00, 0x00, 0x00, 0x00, 
0x00, 0x00, 0x00, 0x00, 0x00, 0x00, 0x00, 0x00, 0x00, 0x00, 0x00, 0x00, 0x00, 0x00, 0x00, 0x00, 
0x00, 0x00, 0x00, 0x00, 0x00, 0x00, 0x00, 0x00, 0x00, 0x00, 0x00, 0x00, 0x00, 0x00, 0x00, 0x00, 
0x00, 0x00, 0x00, 0x00, 0x00, 0x00, 0x00, 0x00, 0x00, 0x00, 0x00, 0x00, 0x00, 0x00, 0x00, 0x00, 
0x00, 0x00, 0x00, 0x00, 0x00, 0x00, 0x00, 0x00, 0x00, 0x00, 0x00, 0x00, 0x00, 0x00, 0x00, 0x00, 
0x00, 0x00, 0x00, 0x00, 0x00, 0x00, 0x00, 0x00, 0x00, 0x00, 0x00, 0x00, 0x00, 0x00, 0x00, 0x00, 
0x00, 0x00, 0x00, 0x00, 0x00, 0x00, 0x00, 0x00, 0x00, 0x00, 0x00, 0x00, 0x00, 0x00, 0x00, 0x00, 
0x00, 0x00, 0x00, 0x00, 0x00, 0x00, 0x00, 0x00, 0x00, 0x00, 0x00, 0x00, 0x00, 0x00, 0x00, 0x00, 
0x00, 0x00, 0x00, 0x00, 0x00, 0x00, 0x00, 0x00, 0x00, 0x00, 0x00, 0x00, 0x00, 0x00, 0x00, 0x00, 
0x00, 0x00, 0x00, 0x00, 0x00, 0x00, 0x00, 0x00, 0x00, 0x00, 0x00, 0x00, 0x00, 0x00, 0x00, 0x00, 
0x00, 0x00, 0x00, 0x00, 0x00, 0x00, 0x00, 0x00, 0x00, 0x00, 0x00, 0x00, 0x00, 0x00, 0x00, 0x00, 
0x00, 0x00, 0x00, 0x00, 0x00, 0x00, 0x00, 0x00, 0x00, 0x00, 0x00, 0x00, 0x00, 0x00, 0x00, 0x00, 
0x00, 0x00, 0x00, 0x00, 0x00, 0x00, 0x00, 0x00, 0x00, 0x00, 0x00, 0x00, 0x00, 0x00, 0x00, 0x00, 
0x00, 0x00, 0x00, 0x00, 0x00, 0x00, 0x00, 0x00, 0x00, 0x00, 0x00, 0x00, 0x00, 0x00, 0x00, 0x00, 
0x00, 0x00, 0x00, 0x00, 0x00, 0x00, 0x00, 0x00, 0x00, 0x00, 0x00, 0x00, 0x00, 0x00, 0x00, 0x00, 
0x00, 0x00, 0x00, 0x00, 0x00, 0x00, 0x00, 0x00, 0x00, 0x00, 0x00, 0x00, 0x00, 0x00, 0x00, 0x00, 
0x00, 0x00, 0x00, 0x00, 0x00, 0x00, 0x00, 0x00, 0x00, 0x00, 0x00, 0x00, 0x00, 0x00, 0x00, 0x00, 
0x00, 0x00, 0x00, 0x00, 0x00, 0x00, 0x00, 0x00, 0x00, 0x00, 0x00, 0x00, 0x00, 0x00, 0x00, 0x00, 
0x00, 0x00, 0x00, 0x00, 0x00, 0x00, 0x00, 0x00, 0x00, 0x00, 0x00, 0x00, 0x00, 0x00, 0x00, 0x00, 
0x00, 0x00, 0x00, 0x00, 0x00, 0x00, 0x00, 0x00, 0x00, 0x00, 0x00, 0x00, 0x00, 0x00, 0x00, 0x00, 
0x00, 0x00, 0x00, 0x00, 0x00, 0x00, 0x00, 0x00, 0x00, 0x00, 0x00, 0x00, 0x00, 0x00, 0x00, 0x00, 
0x00, 0x00, 0x00, 0x00, 0x00, 0x00, 0x00, 0x00, 0x00, 0x00, 0x00, 0x00, 0x00, 0x00, 0x00, 0x00, 
0x00, 0x00, 0x00, 0x00, 0x00, 0x00, 0x00, 0x00, 0x00, 0x00, 0x00, 0x00, 0x00, 0x00, 0x00, 0x00, 
0x00, 0x00, 0x00, 0x00, 0x00, 0x00, 0x00, 0x00, 0x00, 0x00, 0x00, 0x00, 0x00, 0x00, 0x00, 0x00, 
0x00, 0x00, 0x00, 0x00, 0x00, 0x00, 0x00, 0x00, 0x00, 0x00, 0x00, 0x00, 0x00, 0x00, 0x00, 0x00, 
0x00, 0x00, 0x00, 0x00, 0x00, 0x00, 0x00, 0x00, 0x00, 0x00, 0x00, 0x00, 0x00, 0x00, 0x00, 0x00, 
0x00, 0x00, 0x00, 0x00, 0x00, 0x00, 0x00, 0x00, 0x00, 0x00, 0x00, 0x00, 0x00, 0x00, 0x00, 0x00, 
0x00, 0x00, 0x00, 0x00, 0x00, 0x00, 0x00, 0x00, 0x00, 0x00, 0x00, 0x00, 0x00, 0x00, 0x00, 0x00, 
0x00, 0x00, 0x00, 0x00, 0x00, 0x00, 0x00, 0x00, 0x00, 0x00, 0x00, 0x00, 0x00, 0x00, 0x00, 0x00, 
0x00, 0x00, 0x00, 0x00, 0x00, 0x00, 0x00, 0x00, 0x00, 0x00, 0x00, 0x00, 0x00, 0x00, 0x00, 0x00, 
0x00, 0x00, 0x00, 0x00, 0x00, 0x00, 0x00, 0x00, 0x00, 0x00, 0x00, 0x00, 0x00, 0x00, 0x00, 0x00, 
0x00, 0x00, 0x00, 0x00, 0x00, 0x00, 0x00, 0x00, 0x00, 0x00, 0x00, 0x00, 0x00, 0x00, 0x00, 0x00, 
0x00, 0x00, 0x00, 0x00, 0x00, 0x00, 0x00, 0x00, 0x00, 0x00, 0x00, 0x00, 0x00, 0x00, 0x00, 0x00, 
0x00, 0x00, 0x00, 0x00, 0x00, 0x00, 0x00, 0x00, 0x00, 0x00, 0x00, 0x00, 0x00, 0x00, 0x00, 0x00, 
0x00, 0x00, 0x00, 0x00, 0x00, 0x00, 0x00, 0x00, 0x00, 0x00, 0x00, 0x00, 0x00, 0x00, 0x00, 0x00, 
0x00, 0x00, 0x00, 0x00, 0x00, 0x00, 0x00, 0x00, 0x00, 0x00, 0x00, 0x00, 0x00, 0x00, 0x00, 0x00, 
0x00, 0x00, 0x00, 0x00, 0x00, 0x00, 0x00, 0x00, 0x00, 0x00, 0x00, 0x00, 0x00, 0x00, 0x00, 0x00, 
0x00, 0x00, 0x00, 0x00, 0x00, 0x00, 0x00, 0x00, 0x00, 0x00, 0x00, 0x00, 0x00, 0x00, 0x00, 0x00, 
0x00, 0x00, 0x00, 0x00, 0x00, 0x00, 0x00, 0x00, 0x00, 0x00, 0x00, 0x00, 0x00, 0x00, 0x00, 0x00, 
0x5d, 0x0b, 0xc5, 0xb0, 0x59, 0x2b, 0x7d, 0xd0, 0x5c, 0x2b, 0x84, 0x1b, 0xe8, 0x95, 0x32, 0x49, 
0x1b, 0xb9, 0x3b, 0xb3, 0x4a, 0x2a, 0x6f, 0xd7, 0x77, 0xd9, 0x71, 0x27, 0xdd, 0xf6, 0x2b, 0x24, 
0x1b, 0x6d, 0xf8, 0xbd, 0x39, 0x3d, 0xcb, 0x49, 0xb0, 0xa9, 0x07, 0x2c, 0x13, 0x8c, 0x8e, 0xe9, 
0x56, 0x9e, 0xad, 0x06, 0x58, 0xcc, 0xc8, 0xf7, 0x68, 0x7e, 0xce, 0x47, 0x21, 0x35, 0x3c, 0xb7, 
0xd6, 0xa4, 0x16, 0x49, 0xfa, 0x6c, 0xdf, 0xe2, 0xf5, 0x3b, 0x34, 0x18, 0x93, 0x79, 0xe9, 0x63, 
0x14, 0x55, 0x3e, 0x82, 0xff, 0x8b, 0xb1, 0xa3, 0x1e, 0x62, 0x27, 0xc2, 0xc3, 0xa0, 0x82, 0x14, 
0x1d, 0x5b, 0xd4, 0xb0, 0x6b, 0x63, 0xa9, 0x0f, 0xbd, 0x6e, 0xfb, 0xb9, 0x8c, 0x1b, 0x84, 0xe1, 
0x56, 0x19, 0xad, 0x92, 0x92, 0x50, 0x90, 0x33, 0xd2, 0x12, 0xe4, 0x78, 0xfa, 0x32, 0xc5, 0x79, 
0x2d, 0xf3, 0xa3, 0x7f, 0xec, 0x48, 0xee, 0x5f, 0xa1, 0xcd, 0xd4, 0x64, 0xf1, 0xf9, 0xd0, 0x3b, 
0x95, 0xc8, 0x38, 0x92, 0x1a, 0xce, 0xbe, 0xd1, 0x30, 0xa9, 0xd7, 0x44, 0x06, 0x31, 0xab, 0xfc, 
0x5d, 0x03, 0xbb, 0x76, 0xe6, 0x76, 0xbf, 0x67, 0xc6, 0x42, 0xb2, 0x8b, 0xbe, 0x41, 0xed, 0x08, 
0x47, 0x19, 0x52, 0x5b, 0x8f, 0xc7, 0xdf, 0xab, 0x9f, 0x1b, 0x87, 0x08, 0xb6, 0xb2, 0xe1, 0xb7, 
0xcd, 0xa9, 0x53, 0x74, 0x83, 0x5a, 0x8f, 0x52, 0x00, 0x4e, 0xda, 0x68, 0x58, 0x9f, 0xdd, 0xb0, 
0x92, 0xac, 0x79, 0x12, 0x15, 0xe6, 0x7b, 0x56, 0x9d, 0x42, 0x6f, 0x82, 0x3c, 0x62, 0x41, 0xb8, 
0x54, 0x45, 0x61, 0x55, 0x2b, 0xf3, 0xc1, 0x37, 0xb8, 0x17, 0x91, 0x37, 0xad, 0xf8, 0x6b, 0x1f, 
0xd2, 0x4f, 0x1a, 0x3e, 0x38, 0xf6, 0x68, 0x66, 0xa2, 0x25, 0x7f, 0x96, 0x02, 0xf1, 0x79, 0x24, 
};
