/*
 * Copyright (c) Advanced Micro Devices, Inc. All rights reserved.
 *
 * Permission is hereby granted, free of charge, to any person obtaining a
 * copy of this software and associated documentation files (the "Software"),
 * to deal in the Software without restriction, including without limitation
 * the rights to use, copy, modify, merge, publish, distribute, sublicense,
 * and/or sell copies of the Software, and to permit persons to whom the
 * Software is furnished to do so, subject to the following conditions:
 *
 * The above copyright notice and this permission notice shall be included in
 * all copies or substantial portions of the Software.
 *
 * THE SOFTWARE IS PROVIDED "AS IS", WITHOUT WARRANTY OF ANY KIND, EXPRESS OR
 * IMPLIED, INCLUDING BUT NOT LIMITED TO THE WARRANTIES OF MERCHANTABILITY,
 * FITNESS FOR A PARTICULAR PURPOSE AND NONINFRINGEMENT.  IN NO EVENT SHALL
 * THE COPYRIGHT HOLDER(S) OR AUTHOR(S) BE LIABLE FOR ANY CLAIM, DAMAGES OR
 * OTHER LIABILITY, WHETHER IN AN ACTION OF CONTRACT, TORT OR OTHERWISE,
 * ARISING FROM, OUT OF OR IN CONNECTION WITH THE SOFTWARE OR THE USE OR
 * OTHER DEALINGS IN THE SOFTWARE.
 *
 */

#ifndef RS64_GFX_PFP_PRODUCTION_UCODE_H
#define RS64_GFX_PFP_PRODUCTION_UCODE_H

//-------------------------------------------//
// Addresses are described as byte addresses //
// while offsets and sizes are in DWords.    //
//-------------------------------------------//
#define RS64_GFX_PFP_PRODUCTION_IRQ_START_ADDR_LO 4096
#define RS64_GFX_PFP_PRODUCTION_IRQ_START_ADDR_HI 458752

#define RS64_GFX_PFP_PRODUCTION_UC_START_ADDR_LO 12288
#define RS64_GFX_PFP_PRODUCTION_UC_START_ADDR_HI 458752

#define RS64_GFX_PFP_PRODUCTION_UCODE_START_ADDR_LO 0
#define RS64_GFX_PFP_PRODUCTION_UCODE_START_ADDR_HI 0
#ifndef RS64_GFX_PFP_PRODUCTION_UCODE_SIZE
#define RS64_GFX_PFP_PRODUCTION_UCODE_SIZE                                                    \
	22612 /* size in DWORDs of only ucode (signing overhead not included) */
#define RS64_GFX_PFP_PRODUCTION_UCODE_SIZE_SIGNED_BYTES                                       \
	90960 /* size in bytes of signed ucode */
#define RS64_GFX_PFP_PRODUCTION_UCODE_SIZE_SIGNED_BODY_OFFSET                                 \
	256 /* size in bytes of signature header */
#endif

#define RS64_GFX_PFP_PRODUCTION_MAIN_OFFSET 0

#ifdef RS64_GFX_PFP_PRODUCTION_CP_VERSION
#if RS64_GFX_PFP_PRODUCTION_CP_VERSION != 2530
#error 'RS64_GFX_PFP_PRODUCTION_CP_VERSION is already defined but with value different than 2530'
#endif
#else
#define RS64_GFX_PFP_PRODUCTION_CP_VERSION	   2530
#define RS64_GFX_PFP_PRODUCTION_CP_VERSION_STR	   "2530"
#define RS64_GFX_PFP_PRODUCTION_CP_QA_VERSION	   0
#define RS64_GFX_PFP_PRODUCTION_CP_FEATURE_VERSION 29
#define RS64_GFX_PFP_PRODUCTION_CP_CODELINE	   "gfx11"
#define RS64_GFX_PFP_PRODUCTION_CP_BRANCH	   "main"
#define RS64_GFX_PFP_PRODUCTION_SCS_CHANGELIST	   7464343
#endif

//-------------------------------------------//
// MQD sizes and alignments are in bytes.    //
//-------------------------------------------//
#ifndef _MQD_INFO_
#define _MQD_INFO_
// all sizes are in bytes
#define MQD_SHADOW_BASE_SIZE	  73728
#define MQD_SHADOW_BASE_ALIGNMENT 256
#define MQD_FWWORKAREA_SIZE	  444
#define MQD_FWWORKAREA_ALIGNMENT  256
#define MQD_FW_WORKAREA_SIZE	  444
#define MQD_FW_WORKAREA_ALIGNMENT 256
#endif

static const unsigned char aRS64_GFX_PFP_PRODUCTION_UCODE[RS64_GFX_PFP_PRODUCTION_UCODE_SIZE_SIGNED_BYTES] = {
	0x17, 0x8d, 0x2f, 0xcb, 0x35, 0x93, 0x81, 0x4a, 0xf4, 0xf9, 0x6e, 0xb0, 0xb0, 0x71,
	0x5c, 0x3c, 0x24, 0x50, 0x53, 0x31, 0x50, 0x61, 0x01, 0x00, 0x00, 0x00, 0x00, 0x00,
	0x00, 0x00, 0x00, 0x00, 0x00, 0x00, 0x00, 0x00, 0x00, 0x00, 0x00, 0x00, 0x00, 0x00,
	0x00, 0x00, 0x00, 0x00, 0x00, 0x00, 0x01, 0x00, 0x00, 0x00, 0x00, 0x00, 0x00, 0x00,
	0x29, 0x8b, 0x26, 0x88, 0x39, 0x74, 0x4d, 0x15, 0xaf, 0xef, 0x32, 0xe0, 0x2e, 0x25,
	0x43, 0x22, 0x00, 0x00, 0x00, 0x00, 0x01, 0x00, 0x00, 0x00, 0x00, 0x00, 0x00, 0x00,
	0x00, 0x00, 0x00, 0x00, 0x44, 0x20, 0x01, 0x81, 0x00, 0x00, 0x00, 0x00, 0xe2, 0x09,
	0x00, 0x00, 0xff, 0xff, 0xff, 0xff, 0x00, 0x00, 0x00, 0x00, 0x50, 0x63, 0x01, 0x00,
	0x00, 0x00, 0x00, 0x00, 0x00, 0x00, 0x00, 0x00, 0x00, 0x00, 0x00, 0x00, 0x00, 0x00,
	0x00, 0x00, 0x00, 0x00, 0x00, 0x00, 0x00, 0x00, 0x00, 0x00, 0x00, 0x00, 0x00, 0x00,
	0x00, 0x00, 0x00, 0x00, 0x00, 0x00, 0x00, 0x00, 0x00, 0x00, 0x00, 0x00, 0x00, 0x00,
	0x00, 0x00, 0x00, 0x00, 0x00, 0x00, 0x00, 0x00, 0x00, 0x00, 0x00, 0x00, 0x00, 0x00,
	0x00, 0x00, 0x00, 0x00, 0x00, 0x00, 0x00, 0x00, 0x00, 0x00, 0x00, 0x00, 0x00, 0x00,
	0x00, 0x00, 0x00, 0x00, 0x00, 0x00, 0x00, 0x00, 0x00, 0x00, 0x00, 0x00, 0x00, 0x00,
	0x00, 0x00, 0x00, 0x00, 0x00, 0x00, 0x00, 0x00, 0x00, 0x00, 0x00, 0x00, 0xd6, 0x07,
	0x95, 0x6d, 0xc3, 0xb4, 0x85, 0x8f, 0x94, 0x34, 0x0e, 0xe2, 0x2b, 0x95, 0xf7, 0x4f,
	0x5c, 0xfe, 0x52, 0x23, 0x51, 0x15, 0x54, 0xdd, 0x42, 0x79, 0x49, 0xfe, 0x30, 0xd5,
	0xca, 0xb2, 0x00, 0x00, 0x00, 0x00, 0x00, 0x00, 0x00, 0x00, 0x00, 0x00, 0x00, 0x00,
	0x00, 0x00, 0x00, 0x00, 0x00, 0x00, 0x00, 0x00, 0x00, 0x00, 0x00, 0x00, 0x00, 0x00,
	0x00, 0x00, 0x00, 0x00, 0x00, 0x00, 0x00, 0x00, 0x00, 0x00, 0x00, 0x00, 0x00, 0x00,
	0x00, 0x00, 0x00, 0x00, 0x00, 0x00, 0x00, 0x00, 0x00, 0x00, 0x00, 0x00, 0x00, 0x00,
	0x00, 0x00, 0x00, 0x00, 0x00, 0x00, 0x00, 0x00, 0x00, 0x00, 0x00, 0x00, 0x00, 0x00,
	0x00, 0x00, 0x00, 0x00, 0x00, 0x00, 0x00, 0x00, 0x00, 0x00, 0x00, 0x00, 0x00, 0x00,
	0x00, 0x00, 0x00, 0x00, 0x00, 0x00, 0x00, 0x00, 0x00, 0x00, 0x00, 0x00, 0x00, 0x00,
	0x00, 0x00, 0x00, 0x00, 0x00, 0x00, 0x00, 0x00, 0x00, 0x00, 0x00, 0x00, 0x00, 0x00,
	0x00, 0x00, 0x00, 0x00, 0x00, 0x00, 0x00, 0x00, 0x00, 0x00, 0x00, 0x00, 0x00, 0x00,
	0x00, 0x00, 0x00, 0x00, 0x00, 0x00, 0x00, 0x00, 0x00, 0x00, 0x00, 0x00, 0x00, 0x00,
	0x00, 0x00, 0x00, 0x00, 0x00, 0x00, 0x00, 0x00, 0x00, 0x00, 0x00, 0x00, 0x00, 0x00,
	0x00, 0x00, 0x00, 0x00, 0x00, 0x00, 0x00, 0x00, 0x00, 0x00, 0x00, 0x00, 0x00, 0x00,
	0x00, 0x00, 0x00, 0x00, 0x00, 0x00, 0x00, 0x00, 0x00, 0x00, 0x00, 0x00, 0x00, 0x00,
	0x00, 0x00, 0x00, 0x00, 0x00, 0x00, 0x00, 0x00, 0x00, 0x00, 0x00, 0x00, 0x00, 0x00,
	0x00, 0x00, 0x00, 0x00, 0x00, 0x00, 0x00, 0x00, 0x00, 0x00, 0x00, 0x00, 0x00, 0x00,
	0x00, 0x00, 0x00, 0x00, 0x00, 0x00, 0x00, 0x00, 0x00, 0x00, 0x00, 0x00, 0x00, 0x00,
	0x00, 0x00, 0x00, 0x00, 0x00, 0x00, 0x00, 0x00, 0x00, 0x00, 0x00, 0x00, 0x00, 0x00,
	0x00, 0x00, 0x00, 0x00, 0x00, 0x00, 0x00, 0x00, 0x00, 0x00, 0x00, 0x00, 0x00, 0x00,
	0x00, 0x00, 0x00, 0x00, 0x00, 0x00, 0x00, 0x00, 0x00, 0x00, 0x00, 0x00, 0x00, 0x00,
	0x00, 0x00, 0x00, 0x00, 0x00, 0x00, 0x00, 0x00, 0x00, 0x00, 0x00, 0x00, 0x00, 0x00,
	0x00, 0x00, 0x00, 0x00, 0x00, 0x00, 0x00, 0x00, 0x00, 0x00, 0x00, 0x00, 0x00, 0x00,
	0x00, 0x00, 0x00, 0x00, 0x00, 0x00, 0x00, 0x00, 0x00, 0x00, 0x00, 0x00, 0x00, 0x00,
	0x00, 0x00, 0x00, 0x00, 0x00, 0x00, 0x00, 0x00, 0x00, 0x00, 0x00, 0x00, 0x00, 0x00,
	0x00, 0x00, 0x00, 0x00, 0x00, 0x00, 0x00, 0x00, 0x00, 0x00, 0x00, 0x00, 0x00, 0x00,
	0x00, 0x00, 0x00, 0x00, 0x00, 0x00, 0x00, 0x00, 0x00, 0x00, 0x00, 0x00, 0x00, 0x00,
	0x00, 0x00, 0x00, 0x00, 0x00, 0x00, 0x00, 0x00, 0x00, 0x00, 0x00, 0x00, 0x00, 0x00,
	0x00, 0x00, 0x00, 0x00, 0x00, 0x00, 0x00, 0x00, 0x00, 0x00, 0x00, 0x00, 0x00, 0x00,
	0x00, 0x00, 0x00, 0x00, 0x00, 0x00, 0x00, 0x00, 0x00, 0x00, 0x00, 0x00, 0x00, 0x00,
	0x00, 0x00, 0x00, 0x00, 0x00, 0x00, 0x00, 0x00, 0x00, 0x00, 0x00, 0x00, 0x00, 0x00,
	0x00, 0x00, 0x00, 0x00, 0x00, 0x00, 0x00, 0x00, 0x00, 0x00, 0x00, 0x00, 0x00, 0x00,
	0x00, 0x00, 0x00, 0x00, 0x00, 0x00, 0x00, 0x00, 0x00, 0x00, 0x00, 0x00, 0x00, 0x00,
	0x00, 0x00, 0x00, 0x00, 0x00, 0x00, 0x00, 0x00, 0x00, 0x00, 0x00, 0x00, 0x00, 0x00,
	0x00, 0x00, 0x00, 0x00, 0x00, 0x00, 0x00, 0x00, 0x00, 0x00, 0x00, 0x00, 0x00, 0x00,
	0x00, 0x00, 0x00, 0x00, 0x00, 0x00, 0x00, 0x00, 0x00, 0x00, 0x00, 0x00, 0x00, 0x00,
	0x00, 0x00, 0x00, 0x00, 0x00, 0x00, 0x00, 0x00, 0x00, 0x00, 0x00, 0x00, 0x00, 0x00,
	0x00, 0x00, 0x00, 0x00, 0x00, 0x00, 0x00, 0x00, 0x00, 0x00, 0x00, 0x00, 0x00, 0x00,
	0x00, 0x00, 0x00, 0x00, 0x00, 0x00, 0x00, 0x00, 0x00, 0x00, 0x00, 0x00, 0x00, 0x00,
	0x00, 0x00, 0x00, 0x00, 0x00, 0x00, 0x00, 0x00, 0x00, 0x00, 0x00, 0x00, 0x00, 0x00,
	0x00, 0x00, 0x00, 0x00, 0x00, 0x00, 0x00, 0x00, 0x00, 0x00, 0x00, 0x00, 0x00, 0x00,
	0x00, 0x00, 0x00, 0x00, 0x00, 0x00, 0x00, 0x00, 0x00, 0x00, 0x00, 0x00, 0x00, 0x00,
	0x00, 0x00, 0x00, 0x00, 0x00, 0x00, 0x00, 0x00, 0x00, 0x00, 0x00, 0x00, 0x00, 0x00,
	0x00, 0x00, 0x00, 0x00, 0x00, 0x00, 0x00, 0x00, 0x00, 0x00, 0x00, 0x00, 0x00, 0x00,
	0x00, 0x00, 0x00, 0x00, 0x00, 0x00, 0x00, 0x00, 0x00, 0x00, 0x00, 0x00, 0x00, 0x00,
	0x00, 0x00, 0x00, 0x00, 0x00, 0x00, 0x00, 0x00, 0x00, 0x00, 0x00, 0x00, 0x00, 0x00,
	0x00, 0x00, 0x00, 0x00, 0x00, 0x00, 0x00, 0x00, 0x00, 0x00, 0x00, 0x00, 0x00, 0x00,
	0x00, 0x00, 0x00, 0x00, 0x00, 0x00, 0x00, 0x00, 0x00, 0x00, 0x00, 0x00, 0x00, 0x00,
	0x00, 0x00, 0x00, 0x00, 0x00, 0x00, 0x00, 0x00, 0x00, 0x00, 0x00, 0x00, 0x00, 0x00,
	0x00, 0x00, 0x00, 0x00, 0x00, 0x00, 0x00, 0x00, 0x00, 0x00, 0x00, 0x00, 0x00, 0x00,
	0x00, 0x00, 0x00, 0x00, 0x00, 0x00, 0x00, 0x00, 0x00, 0x00, 0x00, 0x00, 0x00, 0x00,
	0x00, 0x00, 0x00, 0x00, 0x00, 0x00, 0x00, 0x00, 0x00, 0x00, 0x00, 0x00, 0x00, 0x00,
	0x00, 0x00, 0x00, 0x00, 0x00, 0x00, 0x00, 0x00, 0x00, 0x00, 0x00, 0x00, 0x00, 0x00,
	0x00, 0x00, 0x00, 0x00, 0x00, 0x00, 0x00, 0x00, 0x00, 0x00, 0x00, 0x00, 0x00, 0x00,
	0x00, 0x00, 0x00, 0x00, 0x00, 0x00, 0x00, 0x00, 0x00, 0x00, 0x00, 0x00, 0x00, 0x00,
	0x00, 0x00, 0x00, 0x00, 0x00, 0x00, 0x00, 0x00, 0x00, 0x00, 0x00, 0x00, 0x00, 0x00,
	0x00, 0x00, 0x00, 0x00, 0x00, 0x00, 0x00, 0x00, 0x00, 0x00, 0x00, 0x00, 0x00, 0x00,
	0x00, 0x00, 0x00, 0x00, 0x00, 0x00, 0x00, 0x00, 0x00, 0x00, 0x00, 0x00, 0x00, 0x00,
	0x00, 0x00, 0x00, 0x00, 0x00, 0x00, 0x00, 0x00, 0x00, 0x00, 0x00, 0x00, 0x00, 0x00,
	0x00, 0x00, 0x00, 0x00, 0x00, 0x00, 0x00, 0x00, 0x00, 0x00, 0x00, 0x00, 0x00, 0x00,
	0x00, 0x00, 0x00, 0x00, 0x00, 0x00, 0x00, 0x00, 0x00, 0x00, 0x00, 0x00, 0x00, 0x00,
	0x00, 0x00, 0x00, 0x00, 0x00, 0x00, 0x00, 0x00, 0x00, 0x00, 0x00, 0x00, 0x00, 0x00,
	0x00, 0x00, 0x00, 0x00, 0x00, 0x00, 0x00, 0x00, 0x00, 0x00, 0x00, 0x00, 0x00, 0x00,
	0x00, 0x00, 0x00, 0x00, 0x00, 0x00, 0x00, 0x00, 0x00, 0x00, 0x00, 0x00, 0x00, 0x00,
	0x00, 0x00, 0x00, 0x00, 0x00, 0x00, 0x00, 0x00, 0x00, 0x00, 0x00, 0x00, 0x00, 0x00,
	0x00, 0x00, 0x00, 0x00, 0x00, 0x00, 0x00, 0x00, 0x00, 0x00, 0x00, 0x00, 0x00, 0x00,
	0x00, 0x00, 0x00, 0x00, 0x00, 0x00, 0x00, 0x00, 0x00, 0x00, 0x00, 0x00, 0x00, 0x00,
	0x00, 0x00, 0x00, 0x00, 0x00, 0x00, 0x00, 0x00, 0x00, 0x00, 0x00, 0x00, 0x00, 0x00,
	0x00, 0x00, 0x00, 0x00, 0x00, 0x00, 0x00, 0x00, 0x00, 0x00, 0x00, 0x00, 0x00, 0x00,
	0x00, 0x00, 0x00, 0x00, 0x00, 0x00, 0x00, 0x00, 0x00, 0x00, 0x00, 0x00, 0x00, 0x00,
	0x00, 0x00, 0x00, 0x00, 0x00, 0x00, 0x00, 0x00, 0x00, 0x00, 0x00, 0x00, 0x00, 0x00,
	0x00, 0x00, 0x00, 0x00, 0x00, 0x00, 0x00, 0x00, 0x00, 0x00, 0x00, 0x00, 0x00, 0x00,
	0x00, 0x00, 0x00, 0x00, 0x00, 0x00, 0x00, 0x00, 0x00, 0x00, 0x00, 0x00, 0x00, 0x00,
	0x00, 0x00, 0x00, 0x00, 0x00, 0x00, 0x00, 0x00, 0x00, 0x00, 0x00, 0x00, 0x00, 0x00,
	0x00, 0x00, 0x00, 0x00, 0x00, 0x00, 0x00, 0x00, 0x00, 0x00, 0x00, 0x00, 0x00, 0x00,
	0x00, 0x00, 0x00, 0x00, 0x00, 0x00, 0x00, 0x00, 0x00, 0x00, 0x00, 0x00, 0x00, 0x00,
	0x00, 0x00, 0x00, 0x00, 0x00, 0x00, 0x00, 0x00, 0x00, 0x00, 0x00, 0x00, 0x00, 0x00,
	0x00, 0x00, 0x00, 0x00, 0x00, 0x00, 0x00, 0x00, 0x00, 0x00, 0x00, 0x00, 0x00, 0x00,
	0x00, 0x00, 0x00, 0x00, 0x00, 0x00, 0x00, 0x00, 0x00, 0x00, 0x00, 0x00, 0x00, 0x00,
	0x00, 0x00, 0x00, 0x00, 0x00, 0x00, 0x00, 0x00, 0x00, 0x00, 0x00, 0x00, 0x00, 0x00,
	0x00, 0x00, 0x00, 0x00, 0x00, 0x00, 0x00, 0x00, 0x00, 0x00, 0x00, 0x00, 0x00, 0x00,
	0x00, 0x00, 0x00, 0x00, 0x00, 0x00, 0x00, 0x00, 0x00, 0x00, 0x00, 0x00, 0x00, 0x00,
	0x00, 0x00, 0x00, 0x00, 0x00, 0x00, 0x00, 0x00, 0x00, 0x00, 0x00, 0x00, 0x00, 0x00,
	0x00, 0x00, 0x00, 0x00, 0x00, 0x00, 0x00, 0x00, 0x00, 0x00, 0x00, 0x00, 0x00, 0x00,
	0x00, 0x00, 0x00, 0x00, 0x00, 0x00, 0x00, 0x00, 0x00, 0x00, 0x00, 0x00, 0x00, 0x00,
	0x00, 0x00, 0x00, 0x00, 0x00, 0x00, 0x00, 0x00, 0x00, 0x00, 0x00, 0x00, 0x00, 0x00,
	0x00, 0x00, 0x00, 0x00, 0x00, 0x00, 0x00, 0x00, 0x00, 0x00, 0x00, 0x00, 0x00, 0x00,
	0x00, 0x00, 0x00, 0x00, 0x00, 0x00, 0x00, 0x00, 0x00, 0x00, 0x00, 0x00, 0x00, 0x00,
	0x00, 0x00, 0x00, 0x00, 0x00, 0x00, 0x00, 0x00, 0x00, 0x00, 0x00, 0x00, 0x00, 0x00,
	0x00, 0x00, 0x00, 0x00, 0x00, 0x00, 0x00, 0x00, 0x00, 0x00, 0x00, 0x00, 0x00, 0x00,
	0x00, 0x00, 0x00, 0x00, 0x00, 0x00, 0x00, 0x00, 0x00, 0x00, 0x00, 0x00, 0x00, 0x00,
	0x00, 0x00, 0x00, 0x00, 0x00, 0x00, 0x00, 0x00, 0x00, 0x00, 0x00, 0x00, 0x00, 0x00,
	0x00, 0x00, 0x00, 0x00, 0x00, 0x00, 0x00, 0x00, 0x00, 0x00, 0x00, 0x00, 0x00, 0x00,
	0x00, 0x00, 0x00, 0x00, 0x00, 0x00, 0x00, 0x00, 0x00, 0x00, 0x00, 0x00, 0x00, 0x00,
	0x00, 0x00, 0x00, 0x00, 0x00, 0x00, 0x00, 0x00, 0x00, 0x00, 0x00, 0x00, 0x00, 0x00,
	0x00, 0x00, 0x00, 0x00, 0x00, 0x00, 0x00, 0x00, 0x00, 0x00, 0x00, 0x00, 0x00, 0x00,
	0x00, 0x00, 0x00, 0x00, 0x00, 0x00, 0x00, 0x00, 0x00, 0x00, 0x00, 0x00, 0x00, 0x00,
	0x00, 0x00, 0x00, 0x00, 0x00, 0x00, 0x00, 0x00, 0x00, 0x00, 0x00, 0x00, 0x00, 0x00,
	0x00, 0x00, 0x00, 0x00, 0x00, 0x00, 0x00, 0x00, 0x00, 0x00, 0x00, 0x00, 0x00, 0x00,
	0x00, 0x00, 0x00, 0x00, 0x00, 0x00, 0x00, 0x00, 0x00, 0x00, 0x00, 0x00, 0x00, 0x00,
	0x00, 0x00, 0x00, 0x00, 0x00, 0x00, 0x00, 0x00, 0x00, 0x00, 0x00, 0x00, 0x00, 0x00,
	0x00, 0x00, 0x00, 0x00, 0x00, 0x00, 0x00, 0x00, 0x00, 0x00, 0x00, 0x00, 0x00, 0x00,
	0x00, 0x00, 0x00, 0x00, 0x00, 0x00, 0x00, 0x00, 0x00, 0x00, 0x00, 0x00, 0x00, 0x00,
	0x00, 0x00, 0x00, 0x00, 0x00, 0x00, 0x00, 0x00, 0x00, 0x00, 0x00, 0x00, 0x00, 0x00,
	0x00, 0x00, 0x00, 0x00, 0x00, 0x00, 0x00, 0x00, 0x00, 0x00, 0x00, 0x00, 0x00, 0x00,
	0x00, 0x00, 0x00, 0x00, 0x00, 0x00, 0x00, 0x00, 0x00, 0x00, 0x00, 0x00, 0x00, 0x00,
	0x00, 0x00, 0x00, 0x00, 0x00, 0x00, 0x00, 0x00, 0x00, 0x00, 0x00, 0x00, 0x00, 0x00,
	0x00, 0x00, 0x00, 0x00, 0x00, 0x00, 0x00, 0x00, 0x00, 0x00, 0x00, 0x00, 0x00, 0x00,
	0x00, 0x00, 0x00, 0x00, 0x00, 0x00, 0x00, 0x00, 0x00, 0x00, 0x00, 0x00, 0x00, 0x00,
	0x00, 0x00, 0x00, 0x00, 0x00, 0x00, 0x00, 0x00, 0x00, 0x00, 0x00, 0x00, 0x00, 0x00,
	0x00, 0x00, 0x00, 0x00, 0x00, 0x00, 0x00, 0x00, 0x00, 0x00, 0x00, 0x00, 0x00, 0x00,
	0x00, 0x00, 0x00, 0x00, 0x00, 0x00, 0x00, 0x00, 0x00, 0x00, 0x00, 0x00, 0x00, 0x00,
	0x00, 0x00, 0x00, 0x00, 0x00, 0x00, 0x00, 0x00, 0x00, 0x00, 0x00, 0x00, 0x00, 0x00,
	0x00, 0x00, 0x00, 0x00, 0x00, 0x00, 0x00, 0x00, 0x00, 0x00, 0x00, 0x00, 0x00, 0x00,
	0x00, 0x00, 0x00, 0x00, 0x00, 0x00, 0x00, 0x00, 0x00, 0x00, 0x00, 0x00, 0x00, 0x00,
	0x00, 0x00, 0x00, 0x00, 0x00, 0x00, 0x00, 0x00, 0x00, 0x00, 0x00, 0x00, 0x00, 0x00,
	0x00, 0x00, 0x00, 0x00, 0x00, 0x00, 0x00, 0x00, 0x00, 0x00, 0x00, 0x00, 0x00, 0x00,
	0x00, 0x00, 0x00, 0x00, 0x00, 0x00, 0x00, 0x00, 0x00, 0x00, 0x00, 0x00, 0x00, 0x00,
	0x00, 0x00, 0x00, 0x00, 0x00, 0x00, 0x00, 0x00, 0x00, 0x00, 0x00, 0x00, 0x00, 0x00,
	0x00, 0x00, 0x00, 0x00, 0x00, 0x00, 0x00, 0x00, 0x00, 0x00, 0x00, 0x00, 0x00, 0x00,
	0x00, 0x00, 0x00, 0x00, 0x00, 0x00, 0x00, 0x00, 0x00, 0x00, 0x00, 0x00, 0x00, 0x00,
	0x00, 0x00, 0x00, 0x00, 0x00, 0x00, 0x00, 0x00, 0x00, 0x00, 0x00, 0x00, 0x00, 0x00,
	0x00, 0x00, 0x00, 0x00, 0x00, 0x00, 0x00, 0x00, 0x00, 0x00, 0x00, 0x00, 0x00, 0x00,
	0x00, 0x00, 0x00, 0x00, 0x00, 0x00, 0x00, 0x00, 0x00, 0x00, 0x00, 0x00, 0x00, 0x00,
	0x00, 0x00, 0x00, 0x00, 0x00, 0x00, 0x00, 0x00, 0x00, 0x00, 0x00, 0x00, 0x00, 0x00,
	0x00, 0x00, 0x00, 0x00, 0x00, 0x00, 0x00, 0x00, 0x00, 0x00, 0x00, 0x00, 0x00, 0x00,
	0x00, 0x00, 0x00, 0x00, 0x00, 0x00, 0x00, 0x00, 0x00, 0x00, 0x00, 0x00, 0x00, 0x00,
	0x00, 0x00, 0x00, 0x00, 0x00, 0x00, 0x00, 0x00, 0x00, 0x00, 0x00, 0x00, 0x00, 0x00,
	0x00, 0x00, 0x00, 0x00, 0x00, 0x00, 0x00, 0x00, 0x00, 0x00, 0x00, 0x00, 0x00, 0x00,
	0x00, 0x00, 0x00, 0x00, 0x00, 0x00, 0x00, 0x00, 0x00, 0x00, 0x00, 0x00, 0x00, 0x00,
	0x00, 0x00, 0x00, 0x00, 0x00, 0x00, 0x00, 0x00, 0x00, 0x00, 0x00, 0x00, 0x00, 0x00,
	0x00, 0x00, 0x00, 0x00, 0x00, 0x00, 0x00, 0x00, 0x00, 0x00, 0x00, 0x00, 0x00, 0x00,
	0x00, 0x00, 0x00, 0x00, 0x00, 0x00, 0x00, 0x00, 0x00, 0x00, 0x00, 0x00, 0x00, 0x00,
	0x00, 0x00, 0x00, 0x00, 0x00, 0x00, 0x00, 0x00, 0x00, 0x00, 0x00, 0x00, 0x00, 0x00,
	0x00, 0x00, 0x00, 0x00, 0x00, 0x00, 0x00, 0x00, 0x00, 0x00, 0x00, 0x00, 0x00, 0x00,
	0x00, 0x00, 0x00, 0x00, 0x00, 0x00, 0x00, 0x00, 0x00, 0x00, 0x00, 0x00, 0x00, 0x00,
	0x00, 0x00, 0x00, 0x00, 0x00, 0x00, 0x00, 0x00, 0x00, 0x00, 0x00, 0x00, 0x00, 0x00,
	0x00, 0x00, 0x00, 0x00, 0x00, 0x00, 0x00, 0x00, 0x00, 0x00, 0x00, 0x00, 0x00, 0x00,
	0x00, 0x00, 0x00, 0x00, 0x00, 0x00, 0x00, 0x00, 0x00, 0x00, 0x00, 0x00, 0x00, 0x00,
	0x00, 0x00, 0x00, 0x00, 0x00, 0x00, 0x00, 0x00, 0x00, 0x00, 0x00, 0x00, 0x00, 0x00,
	0x00, 0x00, 0x00, 0x00, 0x00, 0x00, 0x00, 0x00, 0x00, 0x00, 0x00, 0x00, 0x00, 0x00,
	0x00, 0x00, 0x00, 0x00, 0x00, 0x00, 0x00, 0x00, 0x00, 0x00, 0x00, 0x00, 0x00, 0x00,
	0x00, 0x00, 0x00, 0x00, 0x00, 0x00, 0x00, 0x00, 0x00, 0x00, 0x00, 0x00, 0x00, 0x00,
	0x00, 0x00, 0x00, 0x00, 0x00, 0x00, 0x00, 0x00, 0x00, 0x00, 0x00, 0x00, 0x00, 0x00,
	0x00, 0x00, 0x00, 0x00, 0x00, 0x00, 0x00, 0x00, 0x00, 0x00, 0x00, 0x00, 0x00, 0x00,
	0x00, 0x00, 0x00, 0x00, 0x00, 0x00, 0x00, 0x00, 0x00, 0x00, 0x00, 0x00, 0x00, 0x00,
	0x00, 0x00, 0x00, 0x00, 0x00, 0x00, 0x00, 0x00, 0x00, 0x00, 0x00, 0x00, 0x00, 0x00,
	0x00, 0x00, 0x00, 0x00, 0x00, 0x00, 0x00, 0x00, 0x00, 0x00, 0x00, 0x00, 0x00, 0x00,
	0x00, 0x00, 0x00, 0x00, 0x00, 0x00, 0x00, 0x00, 0x00, 0x00, 0x00, 0x00, 0x00, 0x00,
	0x00, 0x00, 0x00, 0x00, 0x00, 0x00, 0x00, 0x00, 0x00, 0x00, 0x00, 0x00, 0x00, 0x00,
	0x00, 0x00, 0x00, 0x00, 0x00, 0x00, 0x00, 0x00, 0x00, 0x00, 0x00, 0x00, 0x00, 0x00,
	0x00, 0x00, 0x00, 0x00, 0x00, 0x00, 0x00, 0x00, 0x00, 0x00, 0x00, 0x00, 0x00, 0x00,
	0x00, 0x00, 0x00, 0x00, 0x00, 0x00, 0x00, 0x00, 0x00, 0x00, 0x00, 0x00, 0x00, 0x00,
	0x00, 0x00, 0x00, 0x00, 0x00, 0x00, 0x00, 0x00, 0x00, 0x00, 0x00, 0x00, 0x00, 0x00,
	0x00, 0x00, 0x00, 0x00, 0x00, 0x00, 0x00, 0x00, 0x00, 0x00, 0x00, 0x00, 0x00, 0x00,
	0x00, 0x00, 0x00, 0x00, 0x00, 0x00, 0x00, 0x00, 0x00, 0x00, 0x00, 0x00, 0x00, 0x00,
	0x00, 0x00, 0x00, 0x00, 0x00, 0x00, 0x00, 0x00, 0x00, 0x00, 0x00, 0x00, 0x00, 0x00,
	0x00, 0x00, 0x00, 0x00, 0x00, 0x00, 0x00, 0x00, 0x00, 0x00, 0x00, 0x00, 0x00, 0x00,
	0x00, 0x00, 0x00, 0x00, 0x00, 0x00, 0x00, 0x00, 0x00, 0x00, 0x00, 0x00, 0x00, 0x00,
	0x00, 0x00, 0x00, 0x00, 0x00, 0x00, 0x00, 0x00, 0x00, 0x00, 0x00, 0x00, 0x00, 0x00,
	0x00, 0x00, 0x00, 0x00, 0x00, 0x00, 0x00, 0x00, 0x00, 0x00, 0x00, 0x00, 0x00, 0x00,
	0x00, 0x00, 0x00, 0x00, 0x00, 0x00, 0x00, 0x00, 0x00, 0x00, 0x00, 0x00, 0x00, 0x00,
	0x00, 0x00, 0x00, 0x00, 0x00, 0x00, 0x00, 0x00, 0x00, 0x00, 0x00, 0x00, 0x00, 0x00,
	0x00, 0x00, 0x00, 0x00, 0x00, 0x00, 0x00, 0x00, 0x00, 0x00, 0x00, 0x00, 0x00, 0x00,
	0x00, 0x00, 0x00, 0x00, 0x00, 0x00, 0x00, 0x00, 0x00, 0x00, 0x00, 0x00, 0x00, 0x00,
	0x00, 0x00, 0x00, 0x00, 0x00, 0x00, 0x00, 0x00, 0x00, 0x00, 0x00, 0x00, 0x00, 0x00,
	0x00, 0x00, 0x00, 0x00, 0x00, 0x00, 0x00, 0x00, 0x00, 0x00, 0x00, 0x00, 0x00, 0x00,
	0x00, 0x00, 0x00, 0x00, 0x00, 0x00, 0x00, 0x00, 0x00, 0x00, 0x00, 0x00, 0x00, 0x00,
	0x00, 0x00, 0x00, 0x00, 0x00, 0x00, 0x00, 0x00, 0x00, 0x00, 0x00, 0x00, 0x00, 0x00,
	0x00, 0x00, 0x00, 0x00, 0x00, 0x00, 0x00, 0x00, 0x00, 0x00, 0x00, 0x00, 0x00, 0x00,
	0x00, 0x00, 0x00, 0x00, 0x00, 0x00, 0x00, 0x00, 0x00, 0x00, 0x00, 0x00, 0x00, 0x00,
	0x00, 0x00, 0x00, 0x00, 0x00, 0x00, 0x00, 0x00, 0x00, 0x00, 0x00, 0x00, 0x00, 0x00,
	0x00, 0x00, 0x00, 0x00, 0x00, 0x00, 0x00, 0x00, 0x00, 0x00, 0x00, 0x00, 0x00, 0x00,
	0x00, 0x00, 0x00, 0x00, 0x00, 0x00, 0x00, 0x00, 0x00, 0x00, 0x00, 0x00, 0x00, 0x00,
	0x00, 0x00, 0x00, 0x00, 0x00, 0x00, 0x00, 0x00, 0x00, 0x00, 0x00, 0x00, 0x00, 0x00,
	0x00, 0x00, 0x00, 0x00, 0x00, 0x00, 0x00, 0x00, 0x00, 0x00, 0x00, 0x00, 0x00, 0x00,
	0x00, 0x00, 0x00, 0x00, 0x00, 0x00, 0x00, 0x00, 0x00, 0x00, 0x00, 0x00, 0x00, 0x00,
	0x00, 0x00, 0x00, 0x00, 0x00, 0x00, 0x00, 0x00, 0x00, 0x00, 0x00, 0x00, 0x00, 0x00,
	0x00, 0x00, 0x00, 0x00, 0x00, 0x00, 0x00, 0x00, 0x00, 0x00, 0x00, 0x00, 0x00, 0x00,
	0x00, 0x00, 0x00, 0x00, 0x00, 0x00, 0x00, 0x00, 0x00, 0x00, 0x00, 0x00, 0x00, 0x00,
	0x00, 0x00, 0x00, 0x00, 0x00, 0x00, 0x00, 0x00, 0x00, 0x00, 0x00, 0x00, 0x00, 0x00,
	0x00, 0x00, 0x00, 0x00, 0x00, 0x00, 0x00, 0x00, 0x00, 0x00, 0x00, 0x00, 0x00, 0x00,
	0x00, 0x00, 0x00, 0x00, 0x00, 0x00, 0x00, 0x00, 0x00, 0x00, 0x00, 0x00, 0x00, 0x00,
	0x00, 0x00, 0x00, 0x00, 0x00, 0x00, 0x00, 0x00, 0x00, 0x00, 0x00, 0x00, 0x00, 0x00,
	0x00, 0x00, 0x00, 0x00, 0x00, 0x00, 0x00, 0x00, 0x00, 0x00, 0x00, 0x00, 0x00, 0x00,
	0x00, 0x00, 0x00, 0x00, 0x00, 0x00, 0x00, 0x00, 0x00, 0x00, 0x00, 0x00, 0x00, 0x00,
	0x00, 0x00, 0x00, 0x00, 0x00, 0x00, 0x00, 0x00, 0x00, 0x00, 0x00, 0x00, 0x00, 0x00,
	0x00, 0x00, 0x00, 0x00, 0x00, 0x00, 0x00, 0x00, 0x00, 0x00, 0x00, 0x00, 0x00, 0x00,
	0x00, 0x00, 0x00, 0x00, 0x00, 0x00, 0x00, 0x00, 0x00, 0x00, 0x00, 0x00, 0x00, 0x00,
	0x00, 0x00, 0x00, 0x00, 0x00, 0x00, 0x00, 0x00, 0x00, 0x00, 0x00, 0x00, 0x00, 0x00,
	0x00, 0x00, 0x00, 0x00, 0x00, 0x00, 0x00, 0x00, 0x00, 0x00, 0x00, 0x00, 0x00, 0x00,
	0x00, 0x00, 0x00, 0x00, 0x00, 0x00, 0x00, 0x00, 0x00, 0x00, 0x00, 0x00, 0x00, 0x00,
	0x00, 0x00, 0x00, 0x00, 0x00, 0x00, 0x00, 0x00, 0x00, 0x00, 0x00, 0x00, 0x00, 0x00,
	0x00, 0x00, 0x00, 0x00, 0x00, 0x00, 0x00, 0x00, 0x00, 0x00, 0x00, 0x00, 0x00, 0x00,
	0x00, 0x00, 0x00, 0x00, 0x00, 0x00, 0x00, 0x00, 0x00, 0x00, 0x00, 0x00, 0x00, 0x00,
	0x00, 0x00, 0x00, 0x00, 0x00, 0x00, 0x00, 0x00, 0x00, 0x00, 0x00, 0x00, 0x00, 0x00,
	0x00, 0x00, 0x00, 0x00, 0x00, 0x00, 0x00, 0x00, 0x00, 0x00, 0x00, 0x00, 0x00, 0x00,
	0x00, 0x00, 0x00, 0x00, 0x00, 0x00, 0x00, 0x00, 0x00, 0x00, 0x00, 0x00, 0x00, 0x00,
	0x00, 0x00, 0x00, 0x00, 0x00, 0x00, 0x00, 0x00, 0x00, 0x00, 0x00, 0x00, 0x00, 0x00,
	0x00, 0x00, 0x00, 0x00, 0x00, 0x00, 0x00, 0x00, 0x00, 0x00, 0x00, 0x00, 0x00, 0x00,
	0x00, 0x00, 0x00, 0x00, 0x00, 0x00, 0x00, 0x00, 0x00, 0x00, 0x00, 0x00, 0x00, 0x00,
	0x00, 0x00, 0x00, 0x00, 0x00, 0x00, 0x00, 0x00, 0x00, 0x00, 0x00, 0x00, 0x00, 0x00,
	0x00, 0x00, 0x00, 0x00, 0x00, 0x00, 0x00, 0x00, 0x00, 0x00, 0x00, 0x00, 0x00, 0x00,
	0x00, 0x00, 0x00, 0x00, 0x00, 0x00, 0x00, 0x00, 0x00, 0x00, 0x00, 0x00, 0x00, 0x00,
	0x00, 0x00, 0x00, 0x00, 0x00, 0x00, 0x00, 0x00, 0x00, 0x00, 0x00, 0x00, 0x00, 0x00,
	0x00, 0x00, 0x00, 0x00, 0x00, 0x00, 0x00, 0x00, 0x00, 0x00, 0x00, 0x00, 0x00, 0x00,
	0x00, 0x00, 0x00, 0x00, 0x00, 0x00, 0x00, 0x00, 0x00, 0x00, 0x00, 0x00, 0x00, 0x00,
	0x00, 0x00, 0x00, 0x00, 0x00, 0x00, 0x00, 0x00, 0x00, 0x00, 0x00, 0x00, 0x00, 0x00,
	0x00, 0x00, 0x00, 0x00, 0x00, 0x00, 0x00, 0x00, 0x00, 0x00, 0x00, 0x00, 0x00, 0x00,
	0x00, 0x00, 0x00, 0x00, 0x00, 0x00, 0x00, 0x00, 0x00, 0x00, 0x00, 0x00, 0x00, 0x00,
	0x00, 0x00, 0x00, 0x00, 0x00, 0x00, 0x00, 0x00, 0x00, 0x00, 0x00, 0x00, 0x00, 0x00,
	0x00, 0x00, 0x00, 0x00, 0x00, 0x00, 0x00, 0x00, 0x00, 0x00, 0x00, 0x00, 0x00, 0x00,
	0x00, 0x00, 0x00, 0x00, 0x00, 0x00, 0x00, 0x00, 0x00, 0x00, 0x00, 0x00, 0x00, 0x00,
	0x00, 0x00, 0x00, 0x00, 0x00, 0x00, 0x00, 0x00, 0x00, 0x00, 0x00, 0x00, 0x00, 0x00,
	0x00, 0x00, 0x00, 0x00, 0x00, 0x00, 0x00, 0x00, 0x00, 0x00, 0x00, 0x00, 0x00, 0x00,
	0x00, 0x00, 0x00, 0x00, 0x00, 0x00, 0x00, 0x00, 0x00, 0x00, 0x00, 0x00, 0x00, 0x00,
	0x00, 0x00, 0x00, 0x00, 0x00, 0x00, 0x00, 0x00, 0x00, 0x00, 0x00, 0x00, 0x00, 0x00,
	0x00, 0x00, 0x00, 0x00, 0x00, 0x00, 0x00, 0x00, 0x00, 0x00, 0x00, 0x00, 0x00, 0x00,
	0x00, 0x00, 0x00, 0x00, 0x00, 0x00, 0x00, 0x00, 0x00, 0x00, 0x00, 0x00, 0x00, 0x00,
	0x00, 0x00, 0x00, 0x00, 0x00, 0x00, 0x00, 0x00, 0x00, 0x00, 0x00, 0x00, 0x00, 0x00,
	0x00, 0x00, 0x00, 0x00, 0x00, 0x00, 0x00, 0x00, 0x00, 0x00, 0x00, 0x00, 0x00, 0x00,
	0x00, 0x00, 0x00, 0x00, 0x00, 0x00, 0x00, 0x00, 0x00, 0x00, 0x00, 0x00, 0x00, 0x00,
	0x00, 0x00, 0x00, 0x00, 0x00, 0x00, 0x00, 0x00, 0x00, 0x00, 0x00, 0x00, 0x00, 0x00,
	0x00, 0x00, 0x00, 0x00, 0x00, 0x00, 0x00, 0x00, 0x00, 0x00, 0x00, 0x00, 0x00, 0x00,
	0x00, 0x00, 0x00, 0x00, 0x00, 0x00, 0x00, 0x00, 0x00, 0x00, 0x00, 0x00, 0x00, 0x00,
	0x00, 0x00, 0x00, 0x00, 0x00, 0x00, 0x00, 0x00, 0x00, 0x00, 0x00, 0x00, 0x00, 0x00,
	0x00, 0x00, 0x00, 0x00, 0x00, 0x00, 0x00, 0x00, 0x00, 0x00, 0x00, 0x00, 0x00, 0x00,
	0x00, 0x00, 0x00, 0x00, 0x00, 0x00, 0x00, 0x00, 0x00, 0x00, 0x00, 0x00, 0x00, 0x00,
	0x00, 0x00, 0x00, 0x00, 0x00, 0x00, 0x00, 0x00, 0x00, 0x00, 0x00, 0x00, 0x00, 0x00,
	0x00, 0x00, 0x00, 0x00, 0x00, 0x00, 0x00, 0x00, 0x00, 0x00, 0x00, 0x00, 0x00, 0x00,
	0x00, 0x00, 0x00, 0x00, 0x00, 0x00, 0x00, 0x00, 0x00, 0x00, 0x00, 0x00, 0x00, 0x00,
	0x00, 0x00, 0x00, 0x00, 0x00, 0x00, 0x00, 0x00, 0x00, 0x00, 0x00, 0x00, 0x00, 0x00,
	0x00, 0x00, 0x00, 0x00, 0x00, 0x00, 0x00, 0x00, 0x00, 0x00, 0x00, 0x00, 0x00, 0x00,
	0x00, 0x00, 0x00, 0x00, 0x00, 0x00, 0x00, 0x00, 0x00, 0x00, 0x00, 0x00, 0x00, 0x00,
	0x00, 0x00, 0x00, 0x00, 0x00, 0x00, 0x00, 0x00, 0x00, 0x00, 0x00, 0x00, 0x00, 0x00,
	0x00, 0x00, 0x00, 0x00, 0x00, 0x00, 0x00, 0x00, 0x00, 0x00, 0x00, 0x00, 0x00, 0x00,
	0x00, 0x00, 0x00, 0x00, 0x00, 0x00, 0x00, 0x00, 0x00, 0x00, 0x00, 0x00, 0x00, 0x00,
	0x00, 0x00, 0x00, 0x00, 0x00, 0x00, 0x00, 0x00, 0x00, 0x00, 0x00, 0x00, 0x00, 0x00,
	0x00, 0x00, 0x00, 0x00, 0x00, 0x00, 0x00, 0x00, 0x00, 0x00, 0x00, 0x00, 0x00, 0x00,
	0x00, 0x00, 0x00, 0x00, 0x00, 0x00, 0x00, 0x00, 0x00, 0x00, 0x00, 0x00, 0x00, 0x00,
	0x00, 0x00, 0x00, 0x00, 0x00, 0x00, 0x00, 0x00, 0x00, 0x00, 0x00, 0x00, 0x00, 0x00,
	0x00, 0x00, 0x00, 0x00, 0x00, 0x00, 0x00, 0x00, 0x00, 0x00, 0x00, 0x00, 0x00, 0x00,
	0x00, 0x00, 0x00, 0x00, 0x00, 0x00, 0x00, 0x00, 0x00, 0x00, 0x00, 0x00, 0x00, 0x00,
	0x00, 0x00, 0x00, 0x00, 0x00, 0x00, 0x00, 0x00, 0x00, 0x00, 0x00, 0x00, 0x00, 0x00,
	0x00, 0x00, 0x00, 0x00, 0x00, 0x00, 0x00, 0x00, 0x00, 0x00, 0x00, 0x00, 0x00, 0x00,
	0x00, 0x00, 0x00, 0x00, 0x00, 0x00, 0x00, 0x00, 0x00, 0x00, 0x00, 0x00, 0x00, 0x00,
	0x00, 0x00, 0x00, 0x00, 0x00, 0x00, 0x00, 0x00, 0x00, 0x00, 0x00, 0x00, 0x00, 0x00,
	0x00, 0x00, 0x00, 0x00, 0x00, 0x00, 0x00, 0x00, 0x00, 0x00, 0x00, 0x00, 0x00, 0x00,
	0x00, 0x00, 0x00, 0x00, 0x00, 0x00, 0x00, 0x00, 0x00, 0x00, 0x00, 0x00, 0x00, 0x00,
	0x00, 0x00, 0x00, 0x00, 0x00, 0x00, 0x00, 0x00, 0x00, 0x00, 0x00, 0x00, 0x00, 0x00,
	0x00, 0x00, 0x00, 0x00, 0x00, 0x00, 0x00, 0x00, 0x00, 0x00, 0x00, 0x00, 0x00, 0x00,
	0x00, 0x00, 0x00, 0x00, 0x00, 0x00, 0x00, 0x00, 0x00, 0x00, 0x00, 0x00, 0x00, 0x00,
	0x00, 0x00, 0x00, 0x00, 0x00, 0x00, 0x00, 0x00, 0x00, 0x00, 0x00, 0x00, 0x00, 0x00,
	0x00, 0x00, 0x00, 0x00, 0x00, 0x00, 0x00, 0x00, 0x00, 0x00, 0x00, 0x00, 0x00, 0x00,
	0x00, 0x00, 0x00, 0x00, 0x00, 0x00, 0x00, 0x00, 0x00, 0x00, 0x00, 0x00, 0x00, 0x00,
	0x00, 0x00, 0x00, 0x00, 0x00, 0x00, 0x00, 0x00, 0x00, 0x00, 0x00, 0x00, 0x00, 0x00,
	0x00, 0x00, 0x00, 0x00, 0x00, 0x00, 0x00, 0x00, 0x00, 0x00, 0x00, 0x00, 0x00, 0x00,
	0x00, 0x00, 0x00, 0x00, 0x00, 0x00, 0x00, 0x00, 0x00, 0x00, 0x00, 0x00, 0x00, 0x00,
	0x00, 0x00, 0x00, 0x00, 0x00, 0x00, 0x00, 0x00, 0x00, 0x00, 0x00, 0x00, 0x00, 0x00,
	0x00, 0x00, 0x00, 0x00, 0x00, 0x00, 0x00, 0x00, 0x00, 0x00, 0x00, 0x00, 0x00, 0x00,
	0x00, 0x00, 0x00, 0x00, 0x00, 0x00, 0x00, 0x00, 0x00, 0x00, 0x00, 0x00, 0x00, 0x00,
	0x00, 0x00, 0x00, 0x00, 0x00, 0x00, 0x00, 0x00, 0x00, 0x00, 0x00, 0x00, 0x00, 0x00,
	0x00, 0x00, 0x00, 0x00, 0x00, 0x00, 0x00, 0x00, 0x00, 0x00, 0x00, 0x00, 0x00, 0x00,
	0x00, 0x00, 0x00, 0x00, 0x00, 0x00, 0x00, 0x00, 0x00, 0x00, 0x00, 0x00, 0x00, 0x00,
	0x00, 0x00, 0x00, 0x00, 0x00, 0x00, 0x00, 0x00, 0x00, 0x00, 0x00, 0x00, 0x00, 0x00,
	0x00, 0x00, 0x00, 0x00, 0x00, 0x00, 0x00, 0x00, 0x00, 0x00, 0x00, 0x00, 0x00, 0x00,
	0x00, 0x00, 0x00, 0x00, 0x00, 0x00, 0x00, 0x00, 0x00, 0x00, 0x00, 0x00, 0x00, 0x00,
	0x00, 0x00, 0x00, 0x00, 0x00, 0x00, 0x00, 0x00, 0x00, 0x00, 0x00, 0x00, 0x00, 0x00,
	0x00, 0x00, 0x00, 0x00, 0x00, 0x00, 0x00, 0x00, 0x00, 0x00, 0x00, 0x00, 0x00, 0x00,
	0x00, 0x00, 0x00, 0x00, 0x00, 0x00, 0x00, 0x00, 0x00, 0x00, 0x00, 0x00, 0x00, 0x00,
	0x00, 0x00, 0x00, 0x00, 0x00, 0x00, 0x00, 0x00, 0x00, 0x00, 0x00, 0x00, 0x00, 0x00,
	0x00, 0x00, 0x00, 0x00, 0x00, 0x00, 0x00, 0x00, 0x00, 0x00, 0x00, 0x00, 0x00, 0x00,
	0x00, 0x00, 0x00, 0x00, 0x00, 0x00, 0x00, 0x00, 0x00, 0x00, 0x00, 0x00, 0x00, 0x00,
	0x00, 0x00, 0x00, 0x00, 0x00, 0x00, 0x00, 0x00, 0x00, 0x00, 0x00, 0x00, 0x00, 0x00,
	0x00, 0x00, 0x00, 0x00, 0x00, 0x00, 0x00, 0x00, 0x00, 0x00, 0x00, 0x00, 0x00, 0x00,
	0x00, 0x00, 0x00, 0x00, 0x00, 0x00, 0x00, 0x00, 0x00, 0x00, 0x00, 0x00, 0x00, 0x00,
	0x00, 0x00, 0x00, 0x00, 0x00, 0x00, 0x00, 0x00, 0x00, 0x00, 0x00, 0x00, 0x00, 0x00,
	0x00, 0x00, 0x00, 0x00, 0x00, 0x00, 0x00, 0x00, 0x00, 0x00, 0x00, 0x00, 0x00, 0x00,
	0x00, 0x00, 0x00, 0x00, 0x00, 0x00, 0x00, 0x00, 0x00, 0x00, 0x00, 0x00, 0x00, 0x00,
	0x00, 0x00, 0x00, 0x00, 0x00, 0x00, 0x00, 0x00, 0x00, 0x00, 0x00, 0x00, 0x00, 0x00,
	0x00, 0x00, 0x00, 0x00, 0x00, 0x00, 0x00, 0x00, 0x00, 0x00, 0x00, 0x00, 0x00, 0x00,
	0x00, 0x00, 0x00, 0x00, 0x00, 0x00, 0x00, 0x00, 0x00, 0x00, 0x00, 0x00, 0x00, 0x00,
	0x00, 0x00, 0x00, 0x00, 0x00, 0x00, 0x00, 0x00, 0x00, 0x00, 0x00, 0x00, 0x00, 0x00,
	0x00, 0x00, 0x00, 0x00, 0x00, 0x00, 0x00, 0x00, 0x00, 0x00, 0x00, 0x00, 0x00, 0x00,
	0x00, 0x00, 0x00, 0x00, 0x00, 0x00, 0x00, 0x00, 0x00, 0x00, 0x00, 0x00, 0x00, 0x00,
	0x00, 0x00, 0x00, 0x00, 0x00, 0x00, 0x00, 0x00, 0x00, 0x00, 0x00, 0x00, 0x00, 0x00,
	0x00, 0x00, 0x00, 0x00, 0x00, 0x00, 0x00, 0x00, 0x00, 0x00, 0x00, 0x00, 0x00, 0x00,
	0x00, 0x00, 0x00, 0x00, 0x00, 0x00, 0x00, 0x00, 0x00, 0x00, 0x00, 0x00, 0x00, 0x00,
	0x00, 0x00, 0x00, 0x00, 0x00, 0x00, 0x00, 0x00, 0x00, 0x00, 0x00, 0x00, 0x00, 0x00,
	0x00, 0x00, 0x00, 0x00, 0x00, 0x00, 0x00, 0x00, 0x00, 0x00, 0x00, 0x00, 0x00, 0x00,
	0x00, 0x00, 0x00, 0x00, 0x00, 0x00, 0x00, 0x00, 0x00, 0x00, 0x00, 0x00, 0x00, 0x00,
	0x00, 0x00, 0x00, 0x00, 0x00, 0x00, 0x00, 0x00, 0x00, 0x00, 0x00, 0x00, 0x00, 0x00,
	0x00, 0x00, 0x00, 0x00, 0x00, 0x00, 0x00, 0x00, 0x00, 0x00, 0x00, 0x00, 0x00, 0x00,
	0x00, 0x00, 0x00, 0x00, 0x00, 0x00, 0x00, 0x00, 0x00, 0x00, 0x00, 0x00, 0x00, 0x00,
	0x00, 0x00, 0x00, 0x00, 0x00, 0x00, 0x00, 0x00, 0x00, 0x00, 0x00, 0x00, 0x00, 0x00,
	0x00, 0x00, 0x00, 0x00, 0x00, 0x00, 0x00, 0x00, 0x00, 0x00, 0x00, 0x00, 0x13, 0x01,
	0x01, 0xfd, 0x23, 0x34, 0xd1, 0x02, 0x23, 0x30, 0xe1, 0x02, 0x23, 0x3c, 0xf1, 0x00,
	0x23, 0x38, 0x71, 0x01, 0x23, 0x34, 0x91, 0x01, 0x03, 0x67, 0x42, 0x30, 0x93, 0x07,
	0x40, 0x00, 0x13, 0x77, 0xf7, 0x01, 0x63, 0x00, 0xf7, 0x04, 0x93, 0x07, 0x40, 0x01,
	0x63, 0x06, 0xf7, 0x02, 0x93, 0x07, 0x50, 0x01, 0x63, 0x00, 0xf7, 0x0c, 0x23, 0x22,
	0xe2, 0x30, 0x83, 0x36, 0x81, 0x02, 0x03, 0x37, 0x01, 0x02, 0x83, 0x37, 0x81, 0x01,
	0x83, 0x3b, 0x01, 0x01, 0x83, 0x3c, 0x81, 0x00, 0x13, 0x01, 0x01, 0x03, 0x73, 0x00,
	0x20, 0x30, 0x93, 0x07, 0x10, 0x00, 0x23, 0xaa, 0xfc, 0x98, 0x6f, 0x00, 0x00, 0x00,
	0x83, 0x37, 0x92, 0x1f, 0xb7, 0x16, 0x00, 0x00, 0xb3, 0x87, 0xd7, 0x00, 0x23, 0xa8,
	0x07, 0xc0, 0x93, 0x86, 0x0b, 0x00, 0x83, 0xa7, 0x36, 0x70, 0xe3, 0x8e, 0x07, 0xfe,
	0xa3, 0xa1, 0x06, 0x70, 0xa3, 0x2f, 0x02, 0x1e, 0x93, 0x07, 0x40, 0x00, 0x23, 0x22,
	0xf2, 0x30, 0x93, 0x07, 0x00, 0x01, 0xa3, 0x20, 0xf2, 0x3c, 0xf3, 0x27, 0x40, 0xf1,
	0x9b, 0x87, 0x07, 0x00, 0x63, 0x80, 0x07, 0x04, 0xb7, 0x67, 0x02, 0x00, 0xb3, 0x87,
	0xfc, 0x00, 0x93, 0x06, 0x10, 0x00, 0x23, 0xaa, 0xd7, 0x0e, 0x83, 0x37, 0xb2, 0x00,
	0x63, 0x82, 0x07, 0x00, 0x0b, 0x00, 0x00, 0x00, 0x23, 0x22, 0xe2, 0x30, 0x83, 0x36,
	0x81, 0x02, 0x03, 0x37, 0x01, 0x02, 0x83, 0x37, 0x81, 0x01, 0x83, 0x3b, 0x01, 0x01,
	0x83, 0x3c, 0x81, 0x00, 0x13, 0x01, 0x01, 0x03, 0x73, 0x00, 0x20, 0x30, 0xb7, 0x67,
	0x02, 0x00, 0xb3, 0x87, 0xfc, 0x00, 0x93, 0x06, 0x10, 0x00, 0x23, 0xa8, 0xd7, 0x0e,
	0x6f, 0xf0, 0x5f, 0xfc, 0x93, 0x07, 0x10, 0x00, 0x23, 0xae, 0xfc, 0x98, 0x6f, 0x00,
	0x00, 0x00, 0x00, 0x00, 0x00, 0x00, 0x00, 0x00, 0x00, 0x00, 0x00, 0x00, 0x00, 0x00,
	0x00, 0x00, 0x00, 0x00, 0x00, 0x00, 0x00, 0x00, 0x00, 0x00, 0x00, 0x00, 0x00, 0x00,
	0x00, 0x00, 0x00, 0x00, 0x00, 0x00, 0x00, 0x00, 0x00, 0x00, 0x00, 0x00, 0x00, 0x00,
	0x00, 0x00, 0x00, 0x00, 0x00, 0x00, 0x00, 0x00, 0x00, 0x00, 0x00, 0x00, 0x00, 0x00,
	0x00, 0x00, 0x00, 0x00, 0x00, 0x00, 0x00, 0x00, 0x00, 0x00, 0x00, 0x00, 0x00, 0x00,
	0x00, 0x00, 0x00, 0x00, 0x00, 0x00, 0x00, 0x00, 0x00, 0x00, 0x00, 0x00, 0x00, 0x00,
	0x00, 0x00, 0x00, 0x00, 0x00, 0x00, 0x00, 0x00, 0x00, 0x00, 0x00, 0x00, 0x00, 0x00,
	0x00, 0x00, 0x00, 0x00, 0x00, 0x00, 0x00, 0x00, 0x00, 0x00, 0x00, 0x00, 0x00, 0x00,
	0x00, 0x00, 0x00, 0x00, 0x00, 0x00, 0x00, 0x00, 0x00, 0x00, 0x00, 0x00, 0x00, 0x00,
	0x00, 0x00, 0x00, 0x00, 0x00, 0x00, 0x00, 0x00, 0x00, 0x00, 0x00, 0x00, 0x00, 0x00,
	0x00, 0x00, 0x00, 0x00, 0x00, 0x00, 0x00, 0x00, 0x00, 0x00, 0x00, 0x00, 0x00, 0x00,
	0x00, 0x00, 0x00, 0x00, 0x00, 0x00, 0x00, 0x00, 0x00, 0x00, 0x00, 0x00, 0x00, 0x00,
	0x00, 0x00, 0x00, 0x00, 0x00, 0x00, 0x00, 0x00, 0x00, 0x00, 0x00, 0x00, 0x00, 0x00,
	0x00, 0x00, 0x00, 0x00, 0x00, 0x00, 0x00, 0x00, 0x00, 0x00, 0x00, 0x00, 0x00, 0x00,
	0x00, 0x00, 0x00, 0x00, 0x00, 0x00, 0x00, 0x00, 0x00, 0x00, 0x00, 0x00, 0x00, 0x00,
	0x00, 0x00, 0x00, 0x00, 0x00, 0x00, 0x00, 0x00, 0x00, 0x00, 0x00, 0x00, 0x00, 0x00,
	0x00, 0x00, 0x00, 0x00, 0x00, 0x00, 0x00, 0x00, 0x00, 0x00, 0x00, 0x00, 0x00, 0x00,
	0x00, 0x00, 0x00, 0x00, 0x00, 0x00, 0x00, 0x00, 0x00, 0x00, 0x00, 0x00, 0x00, 0x00,
	0x00, 0x00, 0x00, 0x00, 0x00, 0x00, 0x00, 0x00, 0x00, 0x00, 0x00, 0x00, 0x00, 0x00,
	0x00, 0x00, 0x00, 0x00, 0x00, 0x00, 0x00, 0x00, 0x00, 0x00, 0x00, 0x00, 0x00, 0x00,
	0x00, 0x00, 0x00, 0x00, 0x00, 0x00, 0x00, 0x00, 0x00, 0x00, 0x00, 0x00, 0x00, 0x00,
	0x00, 0x00, 0x00, 0x00, 0x00, 0x00, 0x00, 0x00, 0x00, 0x00, 0x00, 0x00, 0x00, 0x00,
	0x00, 0x00, 0x00, 0x00, 0x00, 0x00, 0x00, 0x00, 0x00, 0x00, 0x00, 0x00, 0x00, 0x00,
	0x00, 0x00, 0x00, 0x00, 0x00, 0x00, 0x00, 0x00, 0x00, 0x00, 0x00, 0x00, 0x00, 0x00,
	0x00, 0x00, 0x00, 0x00, 0x00, 0x00, 0x00, 0x00, 0x00, 0x00, 0x00, 0x00, 0x00, 0x00,
	0x00, 0x00, 0x00, 0x00, 0x00, 0x00, 0x00, 0x00, 0x00, 0x00, 0x00, 0x00, 0x00, 0x00,
	0x00, 0x00, 0x00, 0x00, 0x00, 0x00, 0x00, 0x00, 0x00, 0x00, 0x00, 0x00, 0x00, 0x00,
	0x00, 0x00, 0x00, 0x00, 0x00, 0x00, 0x00, 0x00, 0x00, 0x00, 0x00, 0x00, 0x00, 0x00,
	0x00, 0x00, 0x00, 0x00, 0x00, 0x00, 0x00, 0x00, 0x00, 0x00, 0x00, 0x00, 0x00, 0x00,
	0x00, 0x00, 0x00, 0x00, 0x00, 0x00, 0x00, 0x00, 0x00, 0x00, 0x00, 0x00, 0x00, 0x00,
	0x00, 0x00, 0x00, 0x00, 0x00, 0x00, 0x00, 0x00, 0x00, 0x00, 0x00, 0x00, 0x00, 0x00,
	0x00, 0x00, 0x00, 0x00, 0x00, 0x00, 0x00, 0x00, 0x00, 0x00, 0x00, 0x00, 0x00, 0x00,
	0x00, 0x00, 0x00, 0x00, 0x00, 0x00, 0x00, 0x00, 0x00, 0x00, 0x00, 0x00, 0x00, 0x00,
	0x00, 0x00, 0x00, 0x00, 0x00, 0x00, 0x00, 0x00, 0x00, 0x00, 0x00, 0x00, 0x00, 0x00,
	0x00, 0x00, 0x00, 0x00, 0x00, 0x00, 0x00, 0x00, 0x00, 0x00, 0x00, 0x00, 0x00, 0x00,
	0x00, 0x00, 0x00, 0x00, 0x00, 0x00, 0x00, 0x00, 0x00, 0x00, 0x00, 0x00, 0x00, 0x00,
	0x00, 0x00, 0x00, 0x00, 0x00, 0x00, 0x00, 0x00, 0x00, 0x00, 0x00, 0x00, 0x00, 0x00,
	0x00, 0x00, 0x00, 0x00, 0x00, 0x00, 0x00, 0x00, 0x00, 0x00, 0x00, 0x00, 0x00, 0x00,
	0x00, 0x00, 0x00, 0x00, 0x00, 0x00, 0x00, 0x00, 0x00, 0x00, 0x00, 0x00, 0x00, 0x00,
	0x00, 0x00, 0x00, 0x00, 0x00, 0x00, 0x00, 0x00, 0x00, 0x00, 0x00, 0x00, 0x00, 0x00,
	0x00, 0x00, 0x00, 0x00, 0x00, 0x00, 0x00, 0x00, 0x00, 0x00, 0x00, 0x00, 0x00, 0x00,
	0x00, 0x00, 0x00, 0x00, 0x00, 0x00, 0x00, 0x00, 0x00, 0x00, 0x00, 0x00, 0x00, 0x00,
	0x00, 0x00, 0x00, 0x00, 0x00, 0x00, 0x00, 0x00, 0x00, 0x00, 0x00, 0x00, 0x00, 0x00,
	0x00, 0x00, 0x00, 0x00, 0x00, 0x00, 0x00, 0x00, 0x00, 0x00, 0x00, 0x00, 0x00, 0x00,
	0x00, 0x00, 0x00, 0x00, 0x00, 0x00, 0x00, 0x00, 0x00, 0x00, 0x00, 0x00, 0x00, 0x00,
	0x00, 0x00, 0x00, 0x00, 0x00, 0x00, 0x00, 0x00, 0x00, 0x00, 0x00, 0x00, 0x00, 0x00,
	0x00, 0x00, 0x00, 0x00, 0x00, 0x00, 0x00, 0x00, 0x00, 0x00, 0x00, 0x00, 0x00, 0x00,
	0x00, 0x00, 0x00, 0x00, 0x00, 0x00, 0x00, 0x00, 0x00, 0x00, 0x00, 0x00, 0x00, 0x00,
	0x00, 0x00, 0x00, 0x00, 0x00, 0x00, 0x00, 0x00, 0x00, 0x00, 0x00, 0x00, 0x00, 0x00,
	0x00, 0x00, 0x00, 0x00, 0x00, 0x00, 0x00, 0x00, 0x00, 0x00, 0x00, 0x00, 0x00, 0x00,
	0x00, 0x00, 0x00, 0x00, 0x00, 0x00, 0x00, 0x00, 0x00, 0x00, 0x00, 0x00, 0x00, 0x00,
	0x00, 0x00, 0x00, 0x00, 0x00, 0x00, 0x00, 0x00, 0x00, 0x00, 0x00, 0x00, 0x00, 0x00,
	0x00, 0x00, 0x00, 0x00, 0x00, 0x00, 0x00, 0x00, 0x00, 0x00, 0x00, 0x00, 0x00, 0x00,
	0x00, 0x00, 0x00, 0x00, 0x00, 0x00, 0x00, 0x00, 0x00, 0x00, 0x00, 0x00, 0x00, 0x00,
	0x00, 0x00, 0x00, 0x00, 0x00, 0x00, 0x00, 0x00, 0x00, 0x00, 0x00, 0x00, 0x00, 0x00,
	0x00, 0x00, 0x00, 0x00, 0x00, 0x00, 0x00, 0x00, 0x00, 0x00, 0x00, 0x00, 0x00, 0x00,
	0x00, 0x00, 0x00, 0x00, 0x00, 0x00, 0x00, 0x00, 0x00, 0x00, 0x00, 0x00, 0x00, 0x00,
	0x00, 0x00, 0x00, 0x00, 0x00, 0x00, 0x00, 0x00, 0x00, 0x00, 0x00, 0x00, 0x00, 0x00,
	0x00, 0x00, 0x00, 0x00, 0x00, 0x00, 0x00, 0x00, 0x00, 0x00, 0x00, 0x00, 0x00, 0x00,
	0x00, 0x00, 0x00, 0x00, 0x00, 0x00, 0x00, 0x00, 0x00, 0x00, 0x00, 0x00, 0x00, 0x00,
	0x00, 0x00, 0x00, 0x00, 0x00, 0x00, 0x00, 0x00, 0x00, 0x00, 0x00, 0x00, 0x00, 0x00,
	0x00, 0x00, 0x00, 0x00, 0x00, 0x00, 0x00, 0x00, 0x00, 0x00, 0x00, 0x00, 0x00, 0x00,
	0x00, 0x00, 0x00, 0x00, 0x00, 0x00, 0x00, 0x00, 0x00, 0x00, 0x00, 0x00, 0x00, 0x00,
	0x00, 0x00, 0x00, 0x00, 0x00, 0x00, 0x00, 0x00, 0x00, 0x00, 0x00, 0x00, 0x00, 0x00,
	0x00, 0x00, 0x00, 0x00, 0x00, 0x00, 0x00, 0x00, 0x00, 0x00, 0x00, 0x00, 0x00, 0x00,
	0x00, 0x00, 0x00, 0x00, 0x00, 0x00, 0x00, 0x00, 0x00, 0x00, 0x00, 0x00, 0x00, 0x00,
	0x00, 0x00, 0x00, 0x00, 0x00, 0x00, 0x00, 0x00, 0x00, 0x00, 0x00, 0x00, 0x00, 0x00,
	0x00, 0x00, 0x00, 0x00, 0x00, 0x00, 0x00, 0x00, 0x00, 0x00, 0x00, 0x00, 0x00, 0x00,
	0x00, 0x00, 0x00, 0x00, 0x00, 0x00, 0x00, 0x00, 0x00, 0x00, 0x00, 0x00, 0x00, 0x00,
	0x00, 0x00, 0x00, 0x00, 0x00, 0x00, 0x00, 0x00, 0x00, 0x00, 0x00, 0x00, 0x00, 0x00,
	0x00, 0x00, 0x00, 0x00, 0x00, 0x00, 0x00, 0x00, 0x00, 0x00, 0x00, 0x00, 0x00, 0x00,
	0x00, 0x00, 0x00, 0x00, 0x00, 0x00, 0x00, 0x00, 0x00, 0x00, 0x00, 0x00, 0x00, 0x00,
	0x00, 0x00, 0x00, 0x00, 0x00, 0x00, 0x00, 0x00, 0x00, 0x00, 0x00, 0x00, 0x00, 0x00,
	0x00, 0x00, 0x00, 0x00, 0x00, 0x00, 0x00, 0x00, 0x00, 0x00, 0x00, 0x00, 0x00, 0x00,
	0x00, 0x00, 0x00, 0x00, 0x00, 0x00, 0x00, 0x00, 0x00, 0x00, 0x00, 0x00, 0x00, 0x00,
	0x00, 0x00, 0x00, 0x00, 0x00, 0x00, 0x00, 0x00, 0x00, 0x00, 0x00, 0x00, 0x00, 0x00,
	0x00, 0x00, 0x00, 0x00, 0x00, 0x00, 0x00, 0x00, 0x00, 0x00, 0x00, 0x00, 0x00, 0x00,
	0x00, 0x00, 0x00, 0x00, 0x00, 0x00, 0x00, 0x00, 0x00, 0x00, 0x00, 0x00, 0x00, 0x00,
	0x00, 0x00, 0x00, 0x00, 0x00, 0x00, 0x00, 0x00, 0x00, 0x00, 0x00, 0x00, 0x00, 0x00,
	0x00, 0x00, 0x00, 0x00, 0x00, 0x00, 0x00, 0x00, 0x00, 0x00, 0x00, 0x00, 0x00, 0x00,
	0x00, 0x00, 0x00, 0x00, 0x00, 0x00, 0x00, 0x00, 0x00, 0x00, 0x00, 0x00, 0x00, 0x00,
	0x00, 0x00, 0x00, 0x00, 0x00, 0x00, 0x00, 0x00, 0x00, 0x00, 0x00, 0x00, 0x00, 0x00,
	0x00, 0x00, 0x00, 0x00, 0x00, 0x00, 0x00, 0x00, 0x00, 0x00, 0x00, 0x00, 0x00, 0x00,
	0x00, 0x00, 0x00, 0x00, 0x00, 0x00, 0x00, 0x00, 0x00, 0x00, 0x00, 0x00, 0x00, 0x00,
	0x00, 0x00, 0x00, 0x00, 0x00, 0x00, 0x00, 0x00, 0x00, 0x00, 0x00, 0x00, 0x00, 0x00,
	0x00, 0x00, 0x00, 0x00, 0x00, 0x00, 0x00, 0x00, 0x00, 0x00, 0x00, 0x00, 0x00, 0x00,
	0x00, 0x00, 0x00, 0x00, 0x00, 0x00, 0x00, 0x00, 0x00, 0x00, 0x00, 0x00, 0x00, 0x00,
	0x00, 0x00, 0x00, 0x00, 0x00, 0x00, 0x00, 0x00, 0x00, 0x00, 0x00, 0x00, 0x00, 0x00,
	0x00, 0x00, 0x00, 0x00, 0x00, 0x00, 0x00, 0x00, 0x00, 0x00, 0x00, 0x00, 0x00, 0x00,
	0x00, 0x00, 0x00, 0x00, 0x00, 0x00, 0x00, 0x00, 0x00, 0x00, 0x00, 0x00, 0x00, 0x00,
	0x00, 0x00, 0x00, 0x00, 0x00, 0x00, 0x00, 0x00, 0x00, 0x00, 0x00, 0x00, 0x00, 0x00,
	0x00, 0x00, 0x00, 0x00, 0x00, 0x00, 0x00, 0x00, 0x00, 0x00, 0x00, 0x00, 0x00, 0x00,
	0x00, 0x00, 0x00, 0x00, 0x00, 0x00, 0x00, 0x00, 0x00, 0x00, 0x00, 0x00, 0x00, 0x00,
	0x00, 0x00, 0x00, 0x00, 0x00, 0x00, 0x00, 0x00, 0x00, 0x00, 0x00, 0x00, 0x00, 0x00,
	0x00, 0x00, 0x00, 0x00, 0x00, 0x00, 0x00, 0x00, 0x00, 0x00, 0x00, 0x00, 0x00, 0x00,
	0x00, 0x00, 0x00, 0x00, 0x00, 0x00, 0x00, 0x00, 0x00, 0x00, 0x00, 0x00, 0x00, 0x00,
	0x00, 0x00, 0x00, 0x00, 0x00, 0x00, 0x00, 0x00, 0x00, 0x00, 0x00, 0x00, 0x00, 0x00,
	0x00, 0x00, 0x00, 0x00, 0x00, 0x00, 0x00, 0x00, 0x00, 0x00, 0x00, 0x00, 0x00, 0x00,
	0x00, 0x00, 0x00, 0x00, 0x00, 0x00, 0x00, 0x00, 0x00, 0x00, 0x00, 0x00, 0x00, 0x00,
	0x00, 0x00, 0x00, 0x00, 0x00, 0x00, 0x00, 0x00, 0x00, 0x00, 0x00, 0x00, 0x00, 0x00,
	0x00, 0x00, 0x00, 0x00, 0x00, 0x00, 0x00, 0x00, 0x00, 0x00, 0x00, 0x00, 0x00, 0x00,
	0x00, 0x00, 0x00, 0x00, 0x00, 0x00, 0x00, 0x00, 0x00, 0x00, 0x00, 0x00, 0x00, 0x00,
	0x00, 0x00, 0x00, 0x00, 0x00, 0x00, 0x00, 0x00, 0x00, 0x00, 0x00, 0x00, 0x00, 0x00,
	0x00, 0x00, 0x00, 0x00, 0x00, 0x00, 0x00, 0x00, 0x00, 0x00, 0x00, 0x00, 0x00, 0x00,
	0x00, 0x00, 0x00, 0x00, 0x00, 0x00, 0x00, 0x00, 0x00, 0x00, 0x00, 0x00, 0x00, 0x00,
	0x00, 0x00, 0x00, 0x00, 0x00, 0x00, 0x00, 0x00, 0x00, 0x00, 0x00, 0x00, 0x00, 0x00,
	0x00, 0x00, 0x00, 0x00, 0x00, 0x00, 0x00, 0x00, 0x00, 0x00, 0x00, 0x00, 0x00, 0x00,
	0x00, 0x00, 0x00, 0x00, 0x00, 0x00, 0x00, 0x00, 0x00, 0x00, 0x00, 0x00, 0x00, 0x00,
	0x00, 0x00, 0x00, 0x00, 0x00, 0x00, 0x00, 0x00, 0x00, 0x00, 0x00, 0x00, 0x00, 0x00,
	0x00, 0x00, 0x00, 0x00, 0x00, 0x00, 0x00, 0x00, 0x00, 0x00, 0x00, 0x00, 0x00, 0x00,
	0x00, 0x00, 0x00, 0x00, 0x00, 0x00, 0x00, 0x00, 0x00, 0x00, 0x00, 0x00, 0x00, 0x00,
	0x00, 0x00, 0x00, 0x00, 0x00, 0x00, 0x00, 0x00, 0x00, 0x00, 0x00, 0x00, 0x00, 0x00,
	0x00, 0x00, 0x00, 0x00, 0x00, 0x00, 0x00, 0x00, 0x00, 0x00, 0x00, 0x00, 0x00, 0x00,
	0x00, 0x00, 0x00, 0x00, 0x00, 0x00, 0x00, 0x00, 0x00, 0x00, 0x00, 0x00, 0x00, 0x00,
	0x00, 0x00, 0x00, 0x00, 0x00, 0x00, 0x00, 0x00, 0x00, 0x00, 0x00, 0x00, 0x00, 0x00,
	0x00, 0x00, 0x00, 0x00, 0x00, 0x00, 0x00, 0x00, 0x00, 0x00, 0x00, 0x00, 0x00, 0x00,
	0x00, 0x00, 0x00, 0x00, 0x00, 0x00, 0x00, 0x00, 0x00, 0x00, 0x00, 0x00, 0x00, 0x00,
	0x00, 0x00, 0x00, 0x00, 0x00, 0x00, 0x00, 0x00, 0x00, 0x00, 0x00, 0x00, 0x00, 0x00,
	0x00, 0x00, 0x00, 0x00, 0x00, 0x00, 0x00, 0x00, 0x00, 0x00, 0x00, 0x00, 0x00, 0x00,
	0x00, 0x00, 0x00, 0x00, 0x00, 0x00, 0x00, 0x00, 0x00, 0x00, 0x00, 0x00, 0x00, 0x00,
	0x00, 0x00, 0x00, 0x00, 0x00, 0x00, 0x00, 0x00, 0x00, 0x00, 0x00, 0x00, 0x00, 0x00,
	0x00, 0x00, 0x00, 0x00, 0x00, 0x00, 0x00, 0x00, 0x00, 0x00, 0x00, 0x00, 0x00, 0x00,
	0x00, 0x00, 0x00, 0x00, 0x00, 0x00, 0x00, 0x00, 0x00, 0x00, 0x00, 0x00, 0x00, 0x00,
	0x00, 0x00, 0x00, 0x00, 0x00, 0x00, 0x00, 0x00, 0x00, 0x00, 0x00, 0x00, 0x00, 0x00,
	0x00, 0x00, 0x00, 0x00, 0x00, 0x00, 0x00, 0x00, 0x00, 0x00, 0x00, 0x00, 0x00, 0x00,
	0x00, 0x00, 0x00, 0x00, 0x00, 0x00, 0x00, 0x00, 0x00, 0x00, 0x00, 0x00, 0x00, 0x00,
	0x00, 0x00, 0x00, 0x00, 0x00, 0x00, 0x00, 0x00, 0x00, 0x00, 0x00, 0x00, 0x00, 0x00,
	0x00, 0x00, 0x00, 0x00, 0x00, 0x00, 0x00, 0x00, 0x00, 0x00, 0x00, 0x00, 0x00, 0x00,
	0x00, 0x00, 0x00, 0x00, 0x00, 0x00, 0x00, 0x00, 0x00, 0x00, 0x00, 0x00, 0x00, 0x00,
	0x00, 0x00, 0x00, 0x00, 0x00, 0x00, 0x00, 0x00, 0x00, 0x00, 0x00, 0x00, 0x00, 0x00,
	0x00, 0x00, 0x00, 0x00, 0x00, 0x00, 0x00, 0x00, 0x00, 0x00, 0x00, 0x00, 0x00, 0x00,
	0x00, 0x00, 0x00, 0x00, 0x00, 0x00, 0x00, 0x00, 0x00, 0x00, 0x00, 0x00, 0x00, 0x00,
	0x00, 0x00, 0x00, 0x00, 0x00, 0x00, 0x00, 0x00, 0x00, 0x00, 0x00, 0x00, 0x00, 0x00,
	0x00, 0x00, 0x00, 0x00, 0x00, 0x00, 0x00, 0x00, 0x00, 0x00, 0x00, 0x00, 0x00, 0x00,
	0x00, 0x00, 0x00, 0x00, 0x00, 0x00, 0x00, 0x00, 0x00, 0x00, 0x00, 0x00, 0x00, 0x00,
	0x00, 0x00, 0x00, 0x00, 0x00, 0x00, 0x00, 0x00, 0x00, 0x00, 0x00, 0x00, 0x00, 0x00,
	0x00, 0x00, 0x00, 0x00, 0x00, 0x00, 0x00, 0x00, 0x00, 0x00, 0x00, 0x00, 0x00, 0x00,
	0x00, 0x00, 0x00, 0x00, 0x00, 0x00, 0x00, 0x00, 0x00, 0x00, 0x00, 0x00, 0x00, 0x00,
	0x00, 0x00, 0x00, 0x00, 0x00, 0x00, 0x00, 0x00, 0x00, 0x00, 0x00, 0x00, 0x00, 0x00,
	0x00, 0x00, 0x00, 0x00, 0x00, 0x00, 0x00, 0x00, 0x00, 0x00, 0x00, 0x00, 0x00, 0x00,
	0x00, 0x00, 0x00, 0x00, 0x00, 0x00, 0x00, 0x00, 0x00, 0x00, 0x00, 0x00, 0x00, 0x00,
	0x00, 0x00, 0x00, 0x00, 0x00, 0x00, 0x00, 0x00, 0x00, 0x00, 0x00, 0x00, 0x00, 0x00,
	0x00, 0x00, 0x00, 0x00, 0x00, 0x00, 0x00, 0x00, 0x00, 0x00, 0x00, 0x00, 0x00, 0x00,
	0x00, 0x00, 0x00, 0x00, 0x00, 0x00, 0x00, 0x00, 0x00, 0x00, 0x00, 0x00, 0x00, 0x00,
	0x00, 0x00, 0x00, 0x00, 0x00, 0x00, 0x00, 0x00, 0x00, 0x00, 0x00, 0x00, 0x00, 0x00,
	0x00, 0x00, 0x00, 0x00, 0x00, 0x00, 0x00, 0x00, 0x00, 0x00, 0x00, 0x00, 0x00, 0x00,
	0x00, 0x00, 0x00, 0x00, 0x00, 0x00, 0x00, 0x00, 0x00, 0x00, 0x00, 0x00, 0x00, 0x00,
	0x00, 0x00, 0x00, 0x00, 0x00, 0x00, 0x00, 0x00, 0x00, 0x00, 0x00, 0x00, 0x00, 0x00,
	0x00, 0x00, 0x00, 0x00, 0x00, 0x00, 0x00, 0x00, 0x00, 0x00, 0x00, 0x00, 0x00, 0x00,
	0x00, 0x00, 0x00, 0x00, 0x00, 0x00, 0x00, 0x00, 0x00, 0x00, 0x00, 0x00, 0x00, 0x00,
	0x00, 0x00, 0x00, 0x00, 0x00, 0x00, 0x00, 0x00, 0x00, 0x00, 0x00, 0x00, 0x00, 0x00,
	0x00, 0x00, 0x00, 0x00, 0x00, 0x00, 0x00, 0x00, 0x00, 0x00, 0x00, 0x00, 0x00, 0x00,
	0x00, 0x00, 0x00, 0x00, 0x00, 0x00, 0x00, 0x00, 0x00, 0x00, 0x00, 0x00, 0x00, 0x00,
	0x00, 0x00, 0x00, 0x00, 0x00, 0x00, 0x00, 0x00, 0x00, 0x00, 0x00, 0x00, 0x00, 0x00,
	0x00, 0x00, 0x00, 0x00, 0x00, 0x00, 0x00, 0x00, 0x00, 0x00, 0x00, 0x00, 0x00, 0x00,
	0x00, 0x00, 0x00, 0x00, 0x00, 0x00, 0x00, 0x00, 0x00, 0x00, 0x00, 0x00, 0x00, 0x00,
	0x00, 0x00, 0x00, 0x00, 0x00, 0x00, 0x00, 0x00, 0x00, 0x00, 0x00, 0x00, 0x00, 0x00,
	0x00, 0x00, 0x00, 0x00, 0x00, 0x00, 0x00, 0x00, 0x00, 0x00, 0x00, 0x00, 0x00, 0x00,
	0x00, 0x00, 0x00, 0x00, 0x00, 0x00, 0x00, 0x00, 0x00, 0x00, 0x00, 0x00, 0x00, 0x00,
	0x00, 0x00, 0x00, 0x00, 0x00, 0x00, 0x00, 0x00, 0x00, 0x00, 0x00, 0x00, 0x00, 0x00,
	0x00, 0x00, 0x00, 0x00, 0x00, 0x00, 0x00, 0x00, 0x00, 0x00, 0x00, 0x00, 0x00, 0x00,
	0x00, 0x00, 0x00, 0x00, 0x00, 0x00, 0x00, 0x00, 0x00, 0x00, 0x00, 0x00, 0x00, 0x00,
	0x00, 0x00, 0x00, 0x00, 0x00, 0x00, 0x00, 0x00, 0x00, 0x00, 0x00, 0x00, 0x00, 0x00,
	0x00, 0x00, 0x00, 0x00, 0x00, 0x00, 0x00, 0x00, 0x00, 0x00, 0x00, 0x00, 0x00, 0x00,
	0x00, 0x00, 0x00, 0x00, 0x00, 0x00, 0x00, 0x00, 0x00, 0x00, 0x00, 0x00, 0x00, 0x00,
	0x00, 0x00, 0x00, 0x00, 0x00, 0x00, 0x00, 0x00, 0x00, 0x00, 0x00, 0x00, 0x00, 0x00,
	0x00, 0x00, 0x00, 0x00, 0x00, 0x00, 0x00, 0x00, 0x00, 0x00, 0x00, 0x00, 0x00, 0x00,
	0x00, 0x00, 0x00, 0x00, 0x00, 0x00, 0x00, 0x00, 0x00, 0x00, 0x00, 0x00, 0x00, 0x00,
	0x00, 0x00, 0x00, 0x00, 0x00, 0x00, 0x00, 0x00, 0x00, 0x00, 0x00, 0x00, 0x00, 0x00,
	0x00, 0x00, 0x00, 0x00, 0x00, 0x00, 0x00, 0x00, 0x00, 0x00, 0x00, 0x00, 0x00, 0x00,
	0x00, 0x00, 0x00, 0x00, 0x00, 0x00, 0x00, 0x00, 0x00, 0x00, 0x00, 0x00, 0x00, 0x00,
	0x00, 0x00, 0x00, 0x00, 0x00, 0x00, 0x00, 0x00, 0x00, 0x00, 0x00, 0x00, 0x00, 0x00,
	0x00, 0x00, 0x00, 0x00, 0x00, 0x00, 0x00, 0x00, 0x00, 0x00, 0x00, 0x00, 0x00, 0x00,
	0x00, 0x00, 0x00, 0x00, 0x00, 0x00, 0x00, 0x00, 0x00, 0x00, 0x00, 0x00, 0x00, 0x00,
	0x00, 0x00, 0x00, 0x00, 0x00, 0x00, 0x00, 0x00, 0x00, 0x00, 0x00, 0x00, 0x00, 0x00,
	0x00, 0x00, 0x00, 0x00, 0x00, 0x00, 0x00, 0x00, 0x00, 0x00, 0x00, 0x00, 0x00, 0x00,
	0x00, 0x00, 0x00, 0x00, 0x00, 0x00, 0x00, 0x00, 0x00, 0x00, 0x00, 0x00, 0x00, 0x00,
	0x00, 0x00, 0x00, 0x00, 0x00, 0x00, 0x00, 0x00, 0x00, 0x00, 0x00, 0x00, 0x00, 0x00,
	0x00, 0x00, 0x00, 0x00, 0x00, 0x00, 0x00, 0x00, 0x00, 0x00, 0x00, 0x00, 0x00, 0x00,
	0x00, 0x00, 0x00, 0x00, 0x00, 0x00, 0x00, 0x00, 0x00, 0x00, 0x00, 0x00, 0x00, 0x00,
	0x00, 0x00, 0x00, 0x00, 0x00, 0x00, 0x00, 0x00, 0x00, 0x00, 0x00, 0x00, 0x00, 0x00,
	0x00, 0x00, 0x00, 0x00, 0x00, 0x00, 0x00, 0x00, 0x00, 0x00, 0x00, 0x00, 0x00, 0x00,
	0x00, 0x00, 0x00, 0x00, 0x00, 0x00, 0x00, 0x00, 0x00, 0x00, 0x00, 0x00, 0x00, 0x00,
	0x00, 0x00, 0x00, 0x00, 0x00, 0x00, 0x00, 0x00, 0x00, 0x00, 0x00, 0x00, 0x00, 0x00,
	0x00, 0x00, 0x00, 0x00, 0x00, 0x00, 0x00, 0x00, 0x00, 0x00, 0x00, 0x00, 0x00, 0x00,
	0x00, 0x00, 0x00, 0x00, 0x00, 0x00, 0x00, 0x00, 0x00, 0x00, 0x00, 0x00, 0x00, 0x00,
	0x00, 0x00, 0x00, 0x00, 0x00, 0x00, 0x00, 0x00, 0x00, 0x00, 0x00, 0x00, 0x00, 0x00,
	0x00, 0x00, 0x00, 0x00, 0x00, 0x00, 0x00, 0x00, 0x00, 0x00, 0x00, 0x00, 0x00, 0x00,
	0x00, 0x00, 0x00, 0x00, 0x00, 0x00, 0x00, 0x00, 0x00, 0x00, 0x00, 0x00, 0x00, 0x00,
	0x00, 0x00, 0x00, 0x00, 0x00, 0x00, 0x00, 0x00, 0x00, 0x00, 0x00, 0x00, 0x00, 0x00,
	0x00, 0x00, 0x00, 0x00, 0x00, 0x00, 0x00, 0x00, 0x00, 0x00, 0x00, 0x00, 0x00, 0x00,
	0x00, 0x00, 0x00, 0x00, 0x00, 0x00, 0x00, 0x00, 0x00, 0x00, 0x00, 0x00, 0x00, 0x00,
	0x00, 0x00, 0x00, 0x00, 0x00, 0x00, 0x00, 0x00, 0x00, 0x00, 0x00, 0x00, 0x00, 0x00,
	0x00, 0x00, 0x00, 0x00, 0x00, 0x00, 0x00, 0x00, 0x00, 0x00, 0x00, 0x00, 0x00, 0x00,
	0x00, 0x00, 0x00, 0x00, 0x00, 0x00, 0x00, 0x00, 0x00, 0x00, 0x00, 0x00, 0x00, 0x00,
	0x00, 0x00, 0x00, 0x00, 0x00, 0x00, 0x00, 0x00, 0x00, 0x00, 0x00, 0x00, 0x00, 0x00,
	0x00, 0x00, 0x00, 0x00, 0x00, 0x00, 0x00, 0x00, 0x00, 0x00, 0x00, 0x00, 0x00, 0x00,
	0x00, 0x00, 0x00, 0x00, 0x00, 0x00, 0x00, 0x00, 0x00, 0x00, 0x00, 0x00, 0x00, 0x00,
	0x00, 0x00, 0x00, 0x00, 0x00, 0x00, 0x00, 0x00, 0x00, 0x00, 0x00, 0x00, 0x00, 0x00,
	0x00, 0x00, 0x00, 0x00, 0x00, 0x00, 0x00, 0x00, 0x00, 0x00, 0x00, 0x00, 0x00, 0x00,
	0x00, 0x00, 0x00, 0x00, 0x00, 0x00, 0x00, 0x00, 0x00, 0x00, 0x00, 0x00, 0x00, 0x00,
	0x00, 0x00, 0x00, 0x00, 0x00, 0x00, 0x00, 0x00, 0x00, 0x00, 0x00, 0x00, 0x00, 0x00,
	0x00, 0x00, 0x00, 0x00, 0x00, 0x00, 0x00, 0x00, 0x00, 0x00, 0x00, 0x00, 0x00, 0x00,
	0x00, 0x00, 0x00, 0x00, 0x00, 0x00, 0x00, 0x00, 0x00, 0x00, 0x00, 0x00, 0x00, 0x00,
	0x00, 0x00, 0x00, 0x00, 0x00, 0x00, 0x00, 0x00, 0x00, 0x00, 0x00, 0x00, 0x00, 0x00,
	0x00, 0x00, 0x00, 0x00, 0x00, 0x00, 0x00, 0x00, 0x00, 0x00, 0x00, 0x00, 0x00, 0x00,
	0x00, 0x00, 0x00, 0x00, 0x00, 0x00, 0x00, 0x00, 0x00, 0x00, 0x00, 0x00, 0x00, 0x00,
	0x00, 0x00, 0x00, 0x00, 0x00, 0x00, 0x00, 0x00, 0x00, 0x00, 0x00, 0x00, 0x00, 0x00,
	0x00, 0x00, 0x00, 0x00, 0x00, 0x00, 0x00, 0x00, 0x00, 0x00, 0x00, 0x00, 0x00, 0x00,
	0x00, 0x00, 0x00, 0x00, 0x00, 0x00, 0x00, 0x00, 0x00, 0x00, 0x00, 0x00, 0x00, 0x00,
	0x00, 0x00, 0x00, 0x00, 0x00, 0x00, 0x00, 0x00, 0x00, 0x00, 0x00, 0x00, 0x00, 0x00,
	0x00, 0x00, 0x00, 0x00, 0x00, 0x00, 0x00, 0x00, 0x00, 0x00, 0x00, 0x00, 0x00, 0x00,
	0x00, 0x00, 0x00, 0x00, 0x00, 0x00, 0x00, 0x00, 0x00, 0x00, 0x00, 0x00, 0x00, 0x00,
	0x00, 0x00, 0x00, 0x00, 0x00, 0x00, 0x00, 0x00, 0x00, 0x00, 0x00, 0x00, 0x00, 0x00,
	0x00, 0x00, 0x00, 0x00, 0x00, 0x00, 0x00, 0x00, 0x00, 0x00, 0x00, 0x00, 0x00, 0x00,
	0x00, 0x00, 0x00, 0x00, 0x00, 0x00, 0x00, 0x00, 0x00, 0x00, 0x00, 0x00, 0x00, 0x00,
	0x00, 0x00, 0x00, 0x00, 0x00, 0x00, 0x00, 0x00, 0x00, 0x00, 0x00, 0x00, 0x00, 0x00,
	0x00, 0x00, 0x00, 0x00, 0x00, 0x00, 0x00, 0x00, 0x00, 0x00, 0x00, 0x00, 0x00, 0x00,
	0x00, 0x00, 0x00, 0x00, 0x00, 0x00, 0x00, 0x00, 0x00, 0x00, 0x00, 0x00, 0x00, 0x00,
	0x00, 0x00, 0x00, 0x00, 0x00, 0x00, 0x00, 0x00, 0x00, 0x00, 0x00, 0x00, 0x00, 0x00,
	0x00, 0x00, 0x00, 0x00, 0x00, 0x00, 0x00, 0x00, 0x00, 0x00, 0x00, 0x00, 0x00, 0x00,
	0x00, 0x00, 0x00, 0x00, 0x00, 0x00, 0x00, 0x00, 0x00, 0x00, 0x00, 0x00, 0x00, 0x00,
	0x00, 0x00, 0x00, 0x00, 0x00, 0x00, 0x00, 0x00, 0x00, 0x00, 0x00, 0x00, 0x00, 0x00,
	0x00, 0x00, 0x00, 0x00, 0x00, 0x00, 0x00, 0x00, 0x00, 0x00, 0x00, 0x00, 0x00, 0x00,
	0x00, 0x00, 0x00, 0x00, 0x00, 0x00, 0x00, 0x00, 0x00, 0x00, 0x00, 0x00, 0x00, 0x00,
	0x00, 0x00, 0x00, 0x00, 0x00, 0x00, 0x00, 0x00, 0x00, 0x00, 0x00, 0x00, 0x00, 0x00,
	0x00, 0x00, 0x00, 0x00, 0x00, 0x00, 0x00, 0x00, 0x00, 0x00, 0x00, 0x00, 0x00, 0x00,
	0x00, 0x00, 0x00, 0x00, 0x00, 0x00, 0x00, 0x00, 0x00, 0x00, 0x00, 0x00, 0x00, 0x00,
	0x00, 0x00, 0x00, 0x00, 0x00, 0x00, 0x00, 0x00, 0x00, 0x00, 0x00, 0x00, 0x00, 0x00,
	0x00, 0x00, 0x00, 0x00, 0x00, 0x00, 0x00, 0x00, 0x00, 0x00, 0x00, 0x00, 0x00, 0x00,
	0x00, 0x00, 0x00, 0x00, 0x00, 0x00, 0x00, 0x00, 0x00, 0x00, 0x00, 0x00, 0x00, 0x00,
	0x00, 0x00, 0x00, 0x00, 0x00, 0x00, 0x00, 0x00, 0x00, 0x00, 0x00, 0x00, 0x00, 0x00,
	0x00, 0x00, 0x00, 0x00, 0x00, 0x00, 0x00, 0x00, 0x00, 0x00, 0x00, 0x00, 0x00, 0x00,
	0x00, 0x00, 0x00, 0x00, 0x00, 0x00, 0x00, 0x00, 0x00, 0x00, 0x00, 0x00, 0x00, 0x00,
	0x00, 0x00, 0x00, 0x00, 0x00, 0x00, 0x00, 0x00, 0x00, 0x00, 0x00, 0x00, 0x00, 0x00,
	0x00, 0x00, 0x00, 0x00, 0x00, 0x00, 0x00, 0x00, 0x00, 0x00, 0x00, 0x00, 0x00, 0x00,
	0x00, 0x00, 0x00, 0x00, 0x00, 0x00, 0x00, 0x00, 0x00, 0x00, 0x00, 0x00, 0x00, 0x00,
	0x00, 0x00, 0x00, 0x00, 0x00, 0x00, 0x00, 0x00, 0x00, 0x00, 0x00, 0x00, 0x00, 0x00,
	0x00, 0x00, 0x00, 0x00, 0x00, 0x00, 0x00, 0x00, 0x00, 0x00, 0x00, 0x00, 0x00, 0x00,
	0x00, 0x00, 0x00, 0x00, 0x00, 0x00, 0x00, 0x00, 0x00, 0x00, 0x00, 0x00, 0x00, 0x00,
	0x00, 0x00, 0x00, 0x00, 0x00, 0x00, 0x00, 0x00, 0x00, 0x00, 0x00, 0x00, 0x00, 0x00,
	0x00, 0x00, 0x00, 0x00, 0x00, 0x00, 0x00, 0x00, 0x00, 0x00, 0x00, 0x00, 0x00, 0x00,
	0x00, 0x00, 0x00, 0x00, 0x00, 0x00, 0x00, 0x00, 0x00, 0x00, 0x00, 0x00, 0x00, 0x00,
	0x00, 0x00, 0x00, 0x00, 0x00, 0x00, 0x00, 0x00, 0x00, 0x00, 0x00, 0x00, 0x00, 0x00,
	0x00, 0x00, 0x00, 0x00, 0x00, 0x00, 0x00, 0x00, 0x00, 0x00, 0x00, 0x00, 0x00, 0x00,
	0x00, 0x00, 0x00, 0x00, 0x00, 0x00, 0x00, 0x00, 0x00, 0x00, 0x00, 0x00, 0x00, 0x00,
	0x00, 0x00, 0x00, 0x00, 0x00, 0x00, 0x00, 0x00, 0x00, 0x00, 0x00, 0x00, 0x00, 0x00,
	0x00, 0x00, 0x00, 0x00, 0x00, 0x00, 0x00, 0x00, 0x00, 0x00, 0x00, 0x00, 0x00, 0x00,
	0x00, 0x00, 0x00, 0x00, 0x00, 0x00, 0x00, 0x00, 0x00, 0x00, 0x00, 0x00, 0x00, 0x00,
	0x00, 0x00, 0x00, 0x00, 0x00, 0x00, 0x00, 0x00, 0x00, 0x00, 0x00, 0x00, 0x00, 0x00,
	0x00, 0x00, 0x00, 0x00, 0x00, 0x00, 0x00, 0x00, 0x00, 0x00, 0x00, 0x00, 0x00, 0x00,
	0x00, 0x00, 0x00, 0x00, 0x00, 0x00, 0x00, 0x00, 0x00, 0x00, 0x00, 0x00, 0x00, 0x00,
	0x00, 0x00, 0x00, 0x00, 0x00, 0x00, 0x00, 0x00, 0x00, 0x00, 0x00, 0x00, 0x00, 0x00,
	0x00, 0x00, 0x00, 0x00, 0x00, 0x00, 0x00, 0x00, 0x00, 0x00, 0x00, 0x00, 0x00, 0x00,
	0x00, 0x00, 0x00, 0x00, 0x00, 0x00, 0x00, 0x00, 0x00, 0x00, 0x00, 0x00, 0x00, 0x00,
	0x00, 0x00, 0x00, 0x00, 0x00, 0x00, 0x00, 0x00, 0x00, 0x00, 0x00, 0x00, 0x00, 0x00,
	0x00, 0x00, 0x00, 0x00, 0x00, 0x00, 0x00, 0x00, 0x00, 0x00, 0x00, 0x00, 0x00, 0x00,
	0x00, 0x00, 0x00, 0x00, 0x00, 0x00, 0x00, 0x00, 0x00, 0x00, 0x00, 0x00, 0x00, 0x00,
	0x00, 0x00, 0x00, 0x00, 0x00, 0x00, 0x00, 0x00, 0x00, 0x00, 0x00, 0x00, 0x00, 0x00,
	0x00, 0x00, 0x00, 0x00, 0x00, 0x00, 0x00, 0x00, 0x00, 0x00, 0x00, 0x00, 0x00, 0x00,
	0x00, 0x00, 0x00, 0x00, 0x00, 0x00, 0x00, 0x00, 0x00, 0x00, 0x00, 0x00, 0x00, 0x00,
	0x00, 0x00, 0x00, 0x00, 0x00, 0x00, 0x00, 0x00, 0x00, 0x00, 0x00, 0x00, 0x00, 0x00,
	0x00, 0x00, 0x00, 0x00, 0x00, 0x00, 0x00, 0x00, 0x00, 0x00, 0x00, 0x00, 0x00, 0x00,
	0x00, 0x00, 0x00, 0x00, 0x00, 0x00, 0x00, 0x00, 0x00, 0x00, 0x00, 0x00, 0x00, 0x00,
	0x00, 0x00, 0x00, 0x00, 0x00, 0x00, 0x00, 0x00, 0x00, 0x00, 0x00, 0x00, 0x00, 0x00,
	0x00, 0x00, 0x00, 0x00, 0x00, 0x00, 0x00, 0x00, 0x00, 0x00, 0x00, 0x00, 0x00, 0x00,
	0x00, 0x00, 0x00, 0x00, 0x00, 0x00, 0x00, 0x00, 0x00, 0x00, 0x00, 0x00, 0x00, 0x00,
	0x00, 0x00, 0x00, 0x00, 0x00, 0x00, 0x00, 0x00, 0x00, 0x00, 0x00, 0x00, 0x00, 0x00,
	0x00, 0x00, 0x00, 0x00, 0x00, 0x00, 0x00, 0x00, 0x00, 0x00, 0x00, 0x00, 0x00, 0x00,
	0x00, 0x00, 0x00, 0x00, 0x00, 0x00, 0x00, 0x00, 0x00, 0x00, 0x00, 0x00, 0x00, 0x00,
	0x00, 0x00, 0x00, 0x00, 0x00, 0x00, 0x00, 0x00, 0x00, 0x00, 0x00, 0x00, 0x00, 0x00,
	0x00, 0x00, 0x00, 0x00, 0x00, 0x00, 0x00, 0x00, 0x00, 0x00, 0x00, 0x00, 0x00, 0x00,
	0x00, 0x00, 0x00, 0x00, 0x00, 0x00, 0x00, 0x00, 0x00, 0x00, 0x00, 0x00, 0x00, 0x00,
	0x00, 0x00, 0x00, 0x00, 0x00, 0x00, 0x00, 0x00, 0x00, 0x00, 0x00, 0x00, 0x00, 0x00,
	0x00, 0x00, 0x00, 0x00, 0x00, 0x00, 0x00, 0x00, 0x00, 0x00, 0x00, 0x00, 0x00, 0x00,
	0x00, 0x00, 0x00, 0x00, 0x00, 0x00, 0x00, 0x00, 0x00, 0x00, 0x00, 0x00, 0x00, 0x00,
	0x00, 0x00, 0x00, 0x00, 0x00, 0x00, 0x00, 0x00, 0x00, 0x00, 0x00, 0x00, 0x00, 0x00,
	0x00, 0x00, 0x00, 0x00, 0x00, 0x00, 0x00, 0x00, 0x00, 0x00, 0x00, 0x00, 0x00, 0x00,
	0x00, 0x00, 0x00, 0x00, 0x00, 0x00, 0x00, 0x00, 0x00, 0x00, 0x00, 0x00, 0x00, 0x00,
	0x00, 0x00, 0x00, 0x00, 0x00, 0x00, 0x00, 0x00, 0x00, 0x00, 0x00, 0x00, 0x00, 0x00,
	0x00, 0x00, 0x00, 0x00, 0x00, 0x00, 0x00, 0x00, 0x00, 0x00, 0x00, 0x00, 0x00, 0x00,
	0x00, 0x00, 0x00, 0x00, 0x00, 0x00, 0x00, 0x00, 0x00, 0x00, 0x00, 0x00, 0x00, 0x00,
	0x00, 0x00, 0x00, 0x00, 0x00, 0x00, 0x00, 0x00, 0x00, 0x00, 0x00, 0x00, 0x00, 0x00,
	0x00, 0x00, 0x00, 0x00, 0x00, 0x00, 0x00, 0x00, 0x00, 0x00, 0x00, 0x00, 0x00, 0x00,
	0x00, 0x00, 0x00, 0x00, 0x00, 0x00, 0x00, 0x00, 0x00, 0x00, 0x00, 0x00, 0x00, 0x00,
	0x00, 0x00, 0x00, 0x00, 0x00, 0x00, 0x00, 0x00, 0x00, 0x00, 0x00, 0x00, 0x00, 0x00,
	0x00, 0x00, 0x00, 0x00, 0x00, 0x00, 0x00, 0x00, 0x00, 0x00, 0x00, 0x00, 0x00, 0x00,
	0x00, 0x00, 0x00, 0x00, 0x00, 0x00, 0x00, 0x00, 0x00, 0x00, 0x00, 0x00, 0x00, 0x00,
	0x00, 0x00, 0x00, 0x00, 0x00, 0x00, 0x00, 0x00, 0x00, 0x00, 0x00, 0x00, 0x00, 0x00,
	0x00, 0x00, 0x00, 0x00, 0x00, 0x00, 0x00, 0x00, 0x00, 0x00, 0x00, 0x00, 0x00, 0x00,
	0x00, 0x00, 0x00, 0x00, 0x00, 0x00, 0x00, 0x00, 0x00, 0x00, 0x00, 0x00, 0x00, 0x00,
	0x00, 0x00, 0x00, 0x00, 0x00, 0x00, 0x00, 0x00, 0x00, 0x00, 0x00, 0x00, 0x00, 0x00,
	0x00, 0x00, 0x00, 0x00, 0x00, 0x00, 0x00, 0x00, 0x00, 0x00, 0x00, 0x00, 0x00, 0x00,
	0x00, 0x00, 0x00, 0x00, 0x00, 0x00, 0x00, 0x00, 0x00, 0x00, 0x00, 0x00, 0x00, 0x00,
	0x00, 0x00, 0x00, 0x00, 0x00, 0x00, 0x00, 0x00, 0x00, 0x00, 0x00, 0x00, 0x00, 0x00,
	0x00, 0x00, 0x00, 0x00, 0x00, 0x00, 0x00, 0x00, 0x00, 0x00, 0x00, 0x00, 0x00, 0x00,
	0x00, 0x00, 0x00, 0x00, 0x00, 0x00, 0x00, 0x00, 0x00, 0x00, 0x00, 0x00, 0x00, 0x00,
	0x00, 0x00, 0x00, 0x00, 0x00, 0x00, 0x00, 0x00, 0x00, 0x00, 0x00, 0x00, 0x00, 0x00,
	0x00, 0x00, 0x00, 0x00, 0x00, 0x00, 0x00, 0x00, 0x00, 0x00, 0x00, 0x00, 0x00, 0x00,
	0x00, 0x00, 0x00, 0x00, 0x00, 0x00, 0x00, 0x00, 0x00, 0x00, 0x00, 0x00, 0x00, 0x00,
	0x00, 0x00, 0x00, 0x00, 0x00, 0x00, 0x00, 0x00, 0x00, 0x00, 0x00, 0x00, 0x00, 0x00,
	0x00, 0x00, 0x00, 0x00, 0x00, 0x00, 0x00, 0x00, 0x00, 0x00, 0x00, 0x00, 0x00, 0x00,
	0x00, 0x00, 0x00, 0x00, 0x00, 0x00, 0x00, 0x00, 0x00, 0x00, 0x00, 0x00, 0x00, 0x00,
	0x00, 0x00, 0x00, 0x00, 0x00, 0x00, 0x00, 0x00, 0x00, 0x00, 0x00, 0x00, 0x00, 0x00,
	0x00, 0x00, 0x00, 0x00, 0x00, 0x00, 0x00, 0x00, 0x00, 0x00, 0x00, 0x00, 0x00, 0x00,
	0x00, 0x00, 0x00, 0x00, 0x00, 0x00, 0x00, 0x00, 0x00, 0x00, 0x00, 0x00, 0x00, 0x00,
	0x00, 0x00, 0x00, 0x00, 0x00, 0x00, 0x00, 0x00, 0x00, 0x00, 0x00, 0x00, 0x00, 0x00,
	0x00, 0x00, 0x00, 0x00, 0x00, 0x00, 0x00, 0x00, 0x00, 0x00, 0x00, 0x00, 0x00, 0x00,
	0x00, 0x00, 0x00, 0x00, 0x00, 0x00, 0x00, 0x00, 0x00, 0x00, 0x00, 0x00, 0x00, 0x00,
	0x00, 0x00, 0x00, 0x00, 0x00, 0x00, 0x00, 0x00, 0x00, 0x00, 0x00, 0x00, 0x00, 0x00,
	0x00, 0x00, 0x00, 0x00, 0x00, 0x00, 0x00, 0x00, 0x00, 0x00, 0x00, 0x00, 0x00, 0x00,
	0x00, 0x00, 0x00, 0x00, 0x00, 0x00, 0x00, 0x00, 0x00, 0x00, 0x00, 0x00, 0x00, 0x00,
	0x00, 0x00, 0x00, 0x00, 0x00, 0x00, 0x00, 0x00, 0x00, 0x00, 0x00, 0x00, 0x00, 0x00,
	0x00, 0x00, 0x00, 0x00, 0x00, 0x00, 0x00, 0x00, 0x00, 0x00, 0x00, 0x00, 0x00, 0x00,
	0x00, 0x00, 0x00, 0x00, 0x00, 0x00, 0x00, 0x00, 0x00, 0x00, 0x00, 0x00, 0x00, 0x00,
	0x00, 0x00, 0x00, 0x00, 0x00, 0x00, 0x00, 0x00, 0x00, 0x00, 0x00, 0x00, 0x00, 0x00,
	0x00, 0x00, 0x00, 0x00, 0x00, 0x00, 0x00, 0x00, 0x00, 0x00, 0x00, 0x00, 0x00, 0x00,
	0x00, 0x00, 0x00, 0x00, 0x00, 0x00, 0x00, 0x00, 0x00, 0x00, 0x00, 0x00, 0x00, 0x00,
	0x00, 0x00, 0x00, 0x00, 0x00, 0x00, 0x00, 0x00, 0x00, 0x00, 0x00, 0x00, 0x00, 0x00,
	0x00, 0x00, 0x00, 0x00, 0x00, 0x00, 0x00, 0x00, 0x00, 0x00, 0x00, 0x00, 0x00, 0x00,
	0x00, 0x00, 0x00, 0x00, 0x00, 0x00, 0x00, 0x00, 0x00, 0x00, 0x00, 0x00, 0x00, 0x00,
	0x00, 0x00, 0x00, 0x00, 0x00, 0x00, 0x00, 0x00, 0x00, 0x00, 0x00, 0x00, 0x00, 0x00,
	0x00, 0x00, 0x00, 0x00, 0x00, 0x00, 0x00, 0x00, 0x00, 0x00, 0x00, 0x00, 0x00, 0x00,
	0x00, 0x00, 0x00, 0x00, 0x00, 0x00, 0x00, 0x00, 0x00, 0x00, 0x00, 0x00, 0x00, 0x00,
	0x00, 0x00, 0x00, 0x00, 0x00, 0x00, 0x00, 0x00, 0x00, 0x00, 0x00, 0x00, 0x00, 0x00,
	0x00, 0x00, 0x00, 0x00, 0x00, 0x00, 0x00, 0x00, 0x00, 0x00, 0x00, 0x00, 0x00, 0x00,
	0x00, 0x00, 0x00, 0x00, 0x00, 0x00, 0x00, 0x00, 0x00, 0x00, 0x00, 0x00, 0x00, 0x00,
	0x00, 0x00, 0x00, 0x00, 0x00, 0x00, 0x00, 0x00, 0x00, 0x00, 0x00, 0x00, 0x00, 0x00,
	0x00, 0x00, 0x00, 0x00, 0x00, 0x00, 0x00, 0x00, 0x00, 0x00, 0x00, 0x00, 0x00, 0x00,
	0x00, 0x00, 0x00, 0x00, 0x00, 0x00, 0x00, 0x00, 0x00, 0x00, 0x00, 0x00, 0x00, 0x00,
	0x00, 0x00, 0x00, 0x00, 0x00, 0x00, 0x00, 0x00, 0x00, 0x00, 0x00, 0x00, 0x00, 0x00,
	0x00, 0x00, 0x00, 0x00, 0x00, 0x00, 0x00, 0x00, 0x00, 0x00, 0x00, 0x00, 0x00, 0x00,
	0x00, 0x00, 0x00, 0x00, 0x00, 0x00, 0x00, 0x00, 0x00, 0x00, 0x00, 0x00, 0x00, 0x00,
	0x00, 0x00, 0x00, 0x00, 0x00, 0x00, 0x00, 0x00, 0x00, 0x00, 0x00, 0x00, 0x00, 0x00,
	0x00, 0x00, 0x00, 0x00, 0x00, 0x00, 0x00, 0x00, 0x00, 0x00, 0x00, 0x00, 0x00, 0x00,
	0x00, 0x00, 0x00, 0x00, 0x00, 0x00, 0x00, 0x00, 0x00, 0x00, 0x00, 0x00, 0x00, 0x00,
	0x00, 0x00, 0x00, 0x00, 0x00, 0x00, 0x00, 0x00, 0x00, 0x00, 0x00, 0x00, 0x00, 0x00,
	0x00, 0x00, 0x00, 0x00, 0x00, 0x00, 0x00, 0x00, 0x00, 0x00, 0x00, 0x00, 0x00, 0x00,
	0x00, 0x00, 0x00, 0x00, 0x00, 0x00, 0x00, 0x00, 0x00, 0x00, 0x00, 0x00, 0x00, 0x00,
	0x00, 0x00, 0x00, 0x00, 0x00, 0x00, 0x00, 0x00, 0x00, 0x00, 0x00, 0x00, 0x00, 0x00,
	0x00, 0x00, 0x00, 0x00, 0x00, 0x00, 0x00, 0x00, 0x00, 0x00, 0x00, 0x00, 0x00, 0x00,
	0x00, 0x00, 0x00, 0x00, 0x00, 0x00, 0x00, 0x00, 0x00, 0x00, 0x00, 0x00, 0x00, 0x00,
	0x00, 0x00, 0x00, 0x00, 0x00, 0x00, 0x00, 0x00, 0x00, 0x00, 0x00, 0x00, 0x00, 0x00,
	0x00, 0x00, 0x00, 0x00, 0x00, 0x00, 0x00, 0x00, 0x00, 0x00, 0x00, 0x00, 0x00, 0x00,
	0x00, 0x00, 0x00, 0x00, 0x00, 0x00, 0x00, 0x00, 0x00, 0x00, 0x00, 0x00, 0x00, 0x00,
	0x00, 0x00, 0x00, 0x00, 0x00, 0x00, 0x00, 0x00, 0x00, 0x00, 0x00, 0x00, 0x00, 0x00,
	0x00, 0x00, 0x00, 0x00, 0x00, 0x00, 0x00, 0x00, 0x00, 0x00, 0x00, 0x00, 0x00, 0x00,
	0x00, 0x00, 0x00, 0x00, 0x00, 0x00, 0x00, 0x00, 0x00, 0x00, 0x00, 0x00, 0x00, 0x00,
	0x00, 0x00, 0x00, 0x00, 0x00, 0x00, 0x00, 0x00, 0x00, 0x00, 0x00, 0x00, 0x00, 0x00,
	0x00, 0x00, 0x00, 0x00, 0x00, 0x00, 0x00, 0x00, 0x00, 0x00, 0x00, 0x00, 0x00, 0x00,
	0x00, 0x00, 0x00, 0x00, 0x00, 0x00, 0x00, 0x00, 0x00, 0x00, 0x00, 0x00, 0x00, 0x00,
	0x00, 0x00, 0x00, 0x00, 0x00, 0x00, 0x00, 0x00, 0x00, 0x00, 0x00, 0x00, 0x00, 0x00,
	0x00, 0x00, 0x00, 0x00, 0x00, 0x00, 0x00, 0x00, 0x00, 0x00, 0x00, 0x00, 0x00, 0x00,
	0x00, 0x00, 0x00, 0x00, 0x00, 0x00, 0x00, 0x00, 0x00, 0x00, 0x00, 0x00, 0x00, 0x00,
	0x00, 0x00, 0x00, 0x00, 0x00, 0x00, 0x00, 0x00, 0x00, 0x00, 0x00, 0x00, 0x00, 0x00,
	0x00, 0x00, 0x00, 0x00, 0x00, 0x00, 0x00, 0x00, 0x00, 0x00, 0x00, 0x00, 0x00, 0x00,
	0x00, 0x00, 0x00, 0x00, 0x00, 0x00, 0x00, 0x00, 0x00, 0x00, 0x00, 0x00, 0x00, 0x00,
	0x00, 0x00, 0x00, 0x00, 0x00, 0x00, 0x00, 0x00, 0x00, 0x00, 0x00, 0x00, 0x00, 0x00,
	0x00, 0x00, 0x00, 0x00, 0x00, 0x00, 0x00, 0x00, 0x00, 0x00, 0x00, 0x00, 0x00, 0x00,
	0x00, 0x00, 0x00, 0x00, 0x00, 0x00, 0x00, 0x00, 0x00, 0x00, 0x00, 0x00, 0x00, 0x00,
	0x00, 0x00, 0x00, 0x00, 0x00, 0x00, 0x00, 0x00, 0x00, 0x00, 0x00, 0x00, 0x00, 0x00,
	0x00, 0x00, 0x00, 0x00, 0x00, 0x00, 0x00, 0x00, 0x00, 0x00, 0x00, 0x00, 0x00, 0x00,
	0x00, 0x00, 0x00, 0x00, 0x00, 0x00, 0x00, 0x00, 0x00, 0x00, 0x00, 0x00, 0x00, 0x00,
	0x00, 0x00, 0x00, 0x00, 0x00, 0x00, 0x00, 0x00, 0x00, 0x00, 0x00, 0x00, 0x00, 0x00,
	0x00, 0x00, 0x00, 0x00, 0x00, 0x00, 0x00, 0x00, 0x00, 0x00, 0x00, 0x00, 0x00, 0x00,
	0x00, 0x00, 0x00, 0x00, 0x00, 0x00, 0x00, 0x00, 0x00, 0x00, 0x00, 0x00, 0x00, 0x00,
	0x00, 0x00, 0x00, 0x00, 0x00, 0x00, 0x00, 0x00, 0x00, 0x00, 0x00, 0x00, 0x00, 0x00,
	0x00, 0x00, 0x00, 0x00, 0x00, 0x00, 0x00, 0x00, 0x00, 0x00, 0x00, 0x00, 0x00, 0x00,
	0x00, 0x00, 0x00, 0x00, 0x00, 0x00, 0x00, 0x00, 0x00, 0x00, 0x00, 0x00, 0x00, 0x00,
	0x00, 0x00, 0x00, 0x00, 0x00, 0x00, 0x00, 0x00, 0x00, 0x00, 0x00, 0x00, 0x00, 0x00,
	0x00, 0x00, 0x00, 0x00, 0x00, 0x00, 0x00, 0x00, 0x00, 0x00, 0x00, 0x00, 0x00, 0x00,
	0x00, 0x00, 0x00, 0x00, 0x00, 0x00, 0x00, 0x00, 0x00, 0x00, 0x00, 0x00, 0x00, 0x00,
	0x00, 0x00, 0x00, 0x00, 0x00, 0x00, 0x00, 0x00, 0x00, 0x00, 0x00, 0x00, 0x00, 0x00,
	0x00, 0x00, 0x00, 0x00, 0x00, 0x00, 0x00, 0x00, 0x00, 0x00, 0x00, 0x00, 0x00, 0x00,
	0x00, 0x00, 0x00, 0x00, 0x00, 0x00, 0x00, 0x00, 0x00, 0x00, 0x00, 0x00, 0x00, 0x00,
	0x00, 0x00, 0x00, 0x00, 0x00, 0x00, 0x00, 0x00, 0x00, 0x00, 0x00, 0x00, 0x00, 0x00,
	0x00, 0x00, 0x00, 0x00, 0x00, 0x00, 0x00, 0x00, 0x00, 0x00, 0x00, 0x00, 0x00, 0x00,
	0x00, 0x00, 0x00, 0x00, 0x00, 0x00, 0x00, 0x00, 0x00, 0x00, 0x00, 0x00, 0x00, 0x00,
	0x00, 0x00, 0x00, 0x00, 0x00, 0x00, 0x00, 0x00, 0x00, 0x00, 0x00, 0x00, 0x00, 0x00,
	0x00, 0x00, 0x00, 0x00, 0x00, 0x00, 0x00, 0x00, 0x00, 0x00, 0x00, 0x00, 0x00, 0x00,
	0x00, 0x00, 0x00, 0x00, 0x00, 0x00, 0x00, 0x00, 0x00, 0x00, 0x00, 0x00, 0x00, 0x00,
	0x00, 0x00, 0x00, 0x00, 0x00, 0x00, 0x00, 0x00, 0x00, 0x00, 0x00, 0x00, 0x00, 0x00,
	0x00, 0x00, 0x00, 0x00, 0x00, 0x00, 0x00, 0x00, 0x00, 0x00, 0x00, 0x00, 0x00, 0x00,
	0x00, 0x00, 0x00, 0x00, 0x00, 0x00, 0x00, 0x00, 0x00, 0x00, 0x00, 0x00, 0x00, 0x00,
	0x00, 0x00, 0x00, 0x00, 0x00, 0x00, 0x00, 0x00, 0x00, 0x00, 0x00, 0x00, 0x00, 0x00,
	0x00, 0x00, 0x00, 0x00, 0x00, 0x00, 0x00, 0x00, 0x00, 0x00, 0x00, 0x00, 0x00, 0x00,
	0x00, 0x00, 0x00, 0x00, 0x00, 0x00, 0x00, 0x00, 0x00, 0x00, 0x00, 0x00, 0x00, 0x00,
	0x00, 0x00, 0x00, 0x00, 0x00, 0x00, 0x00, 0x00, 0x00, 0x00, 0x00, 0x00, 0x00, 0x00,
	0x00, 0x00, 0x00, 0x00, 0x00, 0x00, 0x00, 0x00, 0x00, 0x00, 0x00, 0x00, 0x00, 0x00,
	0x00, 0x00, 0x00, 0x00, 0x00, 0x00, 0x00, 0x00, 0x00, 0x00, 0x00, 0x00, 0x00, 0x00,
	0x00, 0x00, 0x00, 0x00, 0x00, 0x00, 0x00, 0x00, 0x00, 0x00, 0x00, 0x00, 0x00, 0x00,
	0x00, 0x00, 0x00, 0x00, 0x00, 0x00, 0x00, 0x00, 0x00, 0x00, 0x00, 0x00, 0x00, 0x00,
	0x00, 0x00, 0x00, 0x00, 0x00, 0x00, 0x00, 0x00, 0x00, 0x00, 0x00, 0x00, 0x00, 0x00,
	0x00, 0x00, 0x00, 0x00, 0x00, 0x00, 0x00, 0x00, 0x00, 0x00, 0x00, 0x00, 0x00, 0x00,
	0x00, 0x00, 0x00, 0x00, 0x00, 0x00, 0x00, 0x00, 0x00, 0x00, 0x00, 0x00, 0x00, 0x00,
	0x00, 0x00, 0x00, 0x00, 0x00, 0x00, 0x00, 0x00, 0x00, 0x00, 0x00, 0x00, 0x00, 0x00,
	0x00, 0x00, 0x00, 0x00, 0x00, 0x00, 0x00, 0x00, 0x00, 0x00, 0x00, 0x00, 0x00, 0x00,
	0x00, 0x00, 0x00, 0x00, 0x00, 0x00, 0x00, 0x00, 0x00, 0x00, 0x00, 0x00, 0x00, 0x00,
	0x00, 0x00, 0x00, 0x00, 0x00, 0x00, 0x00, 0x00, 0x00, 0x00, 0x00, 0x00, 0x00, 0x00,
	0x00, 0x00, 0x00, 0x00, 0x00, 0x00, 0x00, 0x00, 0x00, 0x00, 0x00, 0x00, 0x00, 0x00,
	0x00, 0x00, 0x00, 0x00, 0x00, 0x00, 0x00, 0x00, 0x00, 0x00, 0x00, 0x00, 0x00, 0x00,
	0x00, 0x00, 0x00, 0x00, 0x00, 0x00, 0x00, 0x00, 0x00, 0x00, 0x00, 0x00, 0x00, 0x00,
	0x00, 0x00, 0x00, 0x00, 0x00, 0x00, 0x00, 0x00, 0x00, 0x00, 0x00, 0x00, 0x00, 0x00,
	0x00, 0x00, 0x00, 0x00, 0x00, 0x00, 0x00, 0x00, 0x00, 0x00, 0x00, 0x00, 0x00, 0x00,
	0x00, 0x00, 0x00, 0x00, 0x00, 0x00, 0x00, 0x00, 0x00, 0x00, 0x00, 0x00, 0x00, 0x00,
	0x00, 0x00, 0x00, 0x00, 0x00, 0x00, 0x00, 0x00, 0x00, 0x00, 0x00, 0x00, 0x00, 0x00,
	0x00, 0x00, 0x00, 0x00, 0x00, 0x00, 0x00, 0x00, 0x00, 0x00, 0x00, 0x00, 0x00, 0x00,
	0x00, 0x00, 0x00, 0x00, 0x00, 0x00, 0x00, 0x00, 0x00, 0x00, 0x00, 0x00, 0x00, 0x00,
	0x00, 0x00, 0x00, 0x00, 0x00, 0x00, 0x00, 0x00, 0x00, 0x00, 0x00, 0x00, 0x00, 0x00,
	0x00, 0x00, 0x00, 0x00, 0x00, 0x00, 0x00, 0x00, 0x00, 0x00, 0x00, 0x00, 0x00, 0x00,
	0x00, 0x00, 0x00, 0x00, 0x00, 0x00, 0x00, 0x00, 0x00, 0x00, 0x00, 0x00, 0x00, 0x00,
	0x00, 0x00, 0x00, 0x00, 0x00, 0x00, 0x00, 0x00, 0x00, 0x00, 0x00, 0x00, 0x00, 0x00,
	0x00, 0x00, 0x00, 0x00, 0x00, 0x00, 0x00, 0x00, 0x00, 0x00, 0x00, 0x00, 0x00, 0x00,
	0x00, 0x00, 0x00, 0x00, 0x00, 0x00, 0x00, 0x00, 0x00, 0x00, 0x00, 0x00, 0x00, 0x00,
	0x00, 0x00, 0x00, 0x00, 0x00, 0x00, 0x00, 0x00, 0x00, 0x00, 0x00, 0x00, 0x00, 0x00,
	0x00, 0x00, 0x00, 0x00, 0x00, 0x00, 0x00, 0x00, 0x00, 0x00, 0x00, 0x00, 0x00, 0x00,
	0x00, 0x00, 0x00, 0x00, 0x00, 0x00, 0x00, 0x00, 0x00, 0x00, 0x00, 0x00, 0x00, 0x00,
	0x00, 0x00, 0x00, 0x00, 0x00, 0x00, 0x00, 0x00, 0x00, 0x00, 0x00, 0x00, 0x00, 0x00,
	0x00, 0x00, 0x00, 0x00, 0x00, 0x00, 0x00, 0x00, 0x00, 0x00, 0x00, 0x00, 0x00, 0x00,
	0x00, 0x00, 0x00, 0x00, 0x00, 0x00, 0x00, 0x00, 0x00, 0x00, 0x00, 0x00, 0x00, 0x00,
	0x00, 0x00, 0x00, 0x00, 0x00, 0x00, 0x00, 0x00, 0x00, 0x00, 0x00, 0x00, 0x00, 0x00,
	0x00, 0x00, 0x00, 0x00, 0x00, 0x00, 0x00, 0x00, 0x00, 0x00, 0x00, 0x00, 0x00, 0x00,
	0x00, 0x00, 0x00, 0x00, 0x00, 0x00, 0x00, 0x00, 0x00, 0x00, 0x00, 0x00, 0x00, 0x00,
	0x00, 0x00, 0x00, 0x00, 0x00, 0x00, 0x00, 0x00, 0x00, 0x00, 0x00, 0x00, 0x00, 0x00,
	0x00, 0x00, 0x00, 0x00, 0x00, 0x00, 0x00, 0x00, 0x00, 0x00, 0x00, 0x00, 0x00, 0x00,
	0x00, 0x00, 0x00, 0x00, 0x00, 0x00, 0x00, 0x00, 0x00, 0x00, 0x00, 0x00, 0x00, 0x00,
	0x00, 0x00, 0x00, 0x00, 0x00, 0x00, 0x00, 0x00, 0x00, 0x00, 0x00, 0x00, 0x00, 0x00,
	0x00, 0x00, 0x00, 0x00, 0x00, 0x00, 0x00, 0x00, 0x00, 0x00, 0x00, 0x00, 0x00, 0x00,
	0x00, 0x00, 0x00, 0x00, 0x00, 0x00, 0x00, 0x00, 0x00, 0x00, 0x00, 0x00, 0x00, 0x00,
	0x00, 0x00, 0x00, 0x00, 0x00, 0x00, 0x00, 0x00, 0x00, 0x00, 0x00, 0x00, 0x00, 0x00,
	0x00, 0x00, 0x00, 0x00, 0x00, 0x00, 0x00, 0x00, 0x00, 0x00, 0x00, 0x00, 0x00, 0x00,
	0x00, 0x00, 0x00, 0x00, 0x00, 0x00, 0x00, 0x00, 0x00, 0x00, 0x00, 0x00, 0x00, 0x00,
	0x00, 0x00, 0x00, 0x00, 0x00, 0x00, 0x00, 0x00, 0x00, 0x00, 0x00, 0x00, 0x00, 0x00,
	0x00, 0x00, 0x00, 0x00, 0x00, 0x00, 0x00, 0x00, 0x00, 0x00, 0x00, 0x00, 0x00, 0x00,
	0x00, 0x00, 0x00, 0x00, 0x00, 0x00, 0x00, 0x00, 0x00, 0x00, 0x00, 0x00, 0x00, 0x00,
	0x00, 0x00, 0x00, 0x00, 0x00, 0x00, 0x00, 0x00, 0x00, 0x00, 0x00, 0x00, 0x00, 0x00,
	0x00, 0x00, 0x00, 0x00, 0x00, 0x00, 0x00, 0x00, 0x00, 0x00, 0x00, 0x00, 0x00, 0x00,
	0x00, 0x00, 0x00, 0x00, 0x00, 0x00, 0x00, 0x00, 0x00, 0x00, 0x00, 0x00, 0x00, 0x00,
	0x00, 0x00, 0x00, 0x00, 0x00, 0x00, 0x00, 0x00, 0x00, 0x00, 0x00, 0x00, 0x00, 0x00,
	0x00, 0x00, 0x00, 0x00, 0x00, 0x00, 0x00, 0x00, 0x00, 0x00, 0x00, 0x00, 0x00, 0x00,
	0x00, 0x00, 0x00, 0x00, 0x00, 0x00, 0x00, 0x00, 0x00, 0x00, 0x00, 0x00, 0x00, 0x00,
	0x00, 0x00, 0x00, 0x00, 0x00, 0x00, 0x00, 0x00, 0x00, 0x00, 0x00, 0x00, 0x00, 0x00,
	0x00, 0x00, 0x00, 0x00, 0x00, 0x00, 0x00, 0x00, 0x00, 0x00, 0x00, 0x00, 0x00, 0x00,
	0x00, 0x00, 0x00, 0x00, 0x00, 0x00, 0x00, 0x00, 0x00, 0x00, 0x00, 0x00, 0x00, 0x00,
	0x00, 0x00, 0x00, 0x00, 0x00, 0x00, 0x00, 0x00, 0x00, 0x00, 0x00, 0x00, 0x00, 0x00,
	0x00, 0x00, 0x00, 0x00, 0x00, 0x00, 0x00, 0x00, 0x00, 0x00, 0x00, 0x00, 0x00, 0x00,
	0x00, 0x00, 0x00, 0x00, 0x00, 0x00, 0x00, 0x00, 0x00, 0x00, 0x00, 0x00, 0x00, 0x00,
	0x00, 0x00, 0x00, 0x00, 0x00, 0x00, 0x00, 0x00, 0x00, 0x00, 0x00, 0x00, 0x00, 0x00,
	0x00, 0x00, 0x00, 0x00, 0x00, 0x00, 0x00, 0x00, 0x00, 0x00, 0x00, 0x00, 0x00, 0x00,
	0x00, 0x00, 0x00, 0x00, 0x00, 0x00, 0x00, 0x00, 0x00, 0x00, 0x00, 0x00, 0x00, 0x00,
	0x00, 0x00, 0x00, 0x00, 0x00, 0x00, 0x00, 0x00, 0x00, 0x00, 0x00, 0x00, 0x00, 0x00,
	0x00, 0x00, 0x00, 0x00, 0x00, 0x00, 0x00, 0x00, 0x00, 0x00, 0x00, 0x00, 0x00, 0x00,
	0x00, 0x00, 0x00, 0x00, 0x00, 0x00, 0x00, 0x00, 0x00, 0x00, 0x00, 0x00, 0x00, 0x00,
	0x00, 0x00, 0x00, 0x00, 0x00, 0x00, 0x00, 0x00, 0x00, 0x00, 0x00, 0x00, 0x00, 0x00,
	0x00, 0x00, 0x00, 0x00, 0x00, 0x00, 0x00, 0x00, 0x00, 0x00, 0x00, 0x00, 0x00, 0x00,
	0x00, 0x00, 0x00, 0x00, 0x00, 0x00, 0x00, 0x00, 0x00, 0x00, 0x00, 0x00, 0x00, 0x00,
	0x00, 0x00, 0x00, 0x00, 0x00, 0x00, 0x00, 0x00, 0x00, 0x00, 0x00, 0x00, 0x00, 0x00,
	0x00, 0x00, 0x00, 0x00, 0x00, 0x00, 0x00, 0x00, 0x00, 0x00, 0x00, 0x00, 0x00, 0x00,
	0x00, 0x00, 0x00, 0x00, 0x00, 0x00, 0x00, 0x00, 0x00, 0x00, 0x00, 0x00, 0x00, 0x00,
	0x00, 0x00, 0x00, 0x00, 0x00, 0x00, 0x00, 0x00, 0x00, 0x00, 0x00, 0x00, 0x00, 0x00,
	0x00, 0x00, 0x00, 0x00, 0x00, 0x00, 0x00, 0x00, 0x00, 0x00, 0x00, 0x00, 0x00, 0x00,
	0x00, 0x00, 0x00, 0x00, 0x00, 0x00, 0x00, 0x00, 0x00, 0x00, 0x00, 0x00, 0x00, 0x00,
	0x00, 0x00, 0x00, 0x00, 0x00, 0x00, 0x00, 0x00, 0x00, 0x00, 0x00, 0x00, 0x00, 0x00,
	0x00, 0x00, 0x00, 0x00, 0x00, 0x00, 0x00, 0x00, 0x00, 0x00, 0x00, 0x00, 0x00, 0x00,
	0x00, 0x00, 0x00, 0x00, 0x00, 0x00, 0x00, 0x00, 0x00, 0x00, 0x00, 0x00, 0x00, 0x00,
	0x00, 0x00, 0x00, 0x00, 0x00, 0x00, 0x00, 0x00, 0x00, 0x00, 0x00, 0x00, 0x00, 0x00,
	0x00, 0x00, 0x00, 0x00, 0x00, 0x00, 0x00, 0x00, 0x00, 0x00, 0x00, 0x00, 0x00, 0x00,
	0x00, 0x00, 0x00, 0x00, 0x00, 0x00, 0x00, 0x00, 0x00, 0x00, 0x00, 0x00, 0x00, 0x00,
	0x00, 0x00, 0x00, 0x00, 0x00, 0x00, 0x00, 0x00, 0x00, 0x00, 0x00, 0x00, 0x00, 0x00,
	0x00, 0x00, 0x00, 0x00, 0x00, 0x00, 0x00, 0x00, 0x00, 0x00, 0x00, 0x00, 0x00, 0x00,
	0x00, 0x00, 0x00, 0x00, 0x00, 0x00, 0x00, 0x00, 0x00, 0x00, 0x00, 0x00, 0x00, 0x00,
	0x00, 0x00, 0x00, 0x00, 0x00, 0x00, 0x00, 0x00, 0x00, 0x00, 0x00, 0x00, 0x00, 0x00,
	0x00, 0x00, 0x00, 0x00, 0x00, 0x00, 0x00, 0x00, 0x00, 0x00, 0x00, 0x00, 0x00, 0x00,
	0x00, 0x00, 0x00, 0x00, 0x00, 0x00, 0x00, 0x00, 0x00, 0x00, 0x00, 0x00, 0x00, 0x00,
	0x00, 0x00, 0x00, 0x00, 0x00, 0x00, 0x00, 0x00, 0x00, 0x00, 0x00, 0x00, 0x00, 0x00,
	0x00, 0x00, 0x00, 0x00, 0x00, 0x00, 0x00, 0x00, 0x00, 0x00, 0x00, 0x00, 0x00, 0x00,
	0x00, 0x00, 0x00, 0x00, 0x00, 0x00, 0x00, 0x00, 0x00, 0x00, 0x00, 0x00, 0x00, 0x00,
	0x00, 0x00, 0x00, 0x00, 0x00, 0x00, 0x00, 0x00, 0x00, 0x00, 0x00, 0x00, 0x00, 0x00,
	0x00, 0x00, 0x00, 0x00, 0x00, 0x00, 0x00, 0x00, 0x00, 0x00, 0x00, 0x00, 0x00, 0x00,
	0x00, 0x00, 0x00, 0x00, 0x00, 0x00, 0x00, 0x00, 0x00, 0x00, 0x00, 0x00, 0x00, 0x00,
	0x00, 0x00, 0x00, 0x00, 0x00, 0x00, 0x00, 0x00, 0x00, 0x00, 0x00, 0x00, 0x00, 0x00,
	0x00, 0x00, 0x00, 0x00, 0x00, 0x00, 0x00, 0x00, 0x00, 0x00, 0x00, 0x00, 0x00, 0x00,
	0x00, 0x00, 0x00, 0x00, 0x00, 0x00, 0x00, 0x00, 0x00, 0x00, 0x00, 0x00, 0x00, 0x00,
	0x00, 0x00, 0x00, 0x00, 0x00, 0x00, 0x00, 0x00, 0x00, 0x00, 0x00, 0x00, 0x00, 0x00,
	0x00, 0x00, 0x00, 0x00, 0x00, 0x00, 0x00, 0x00, 0x00, 0x00, 0x00, 0x00, 0x00, 0x00,
	0x00, 0x00, 0x00, 0x00, 0x00, 0x00, 0x00, 0x00, 0x00, 0x00, 0x00, 0x00, 0x00, 0x00,
	0x00, 0x00, 0x00, 0x00, 0x00, 0x00, 0x00, 0x00, 0x00, 0x00, 0x00, 0x00, 0x00, 0x00,
	0x00, 0x00, 0x00, 0x00, 0x00, 0x00, 0x00, 0x00, 0x00, 0x00, 0x00, 0x00, 0x00, 0x00,
	0x00, 0x00, 0x00, 0x00, 0x00, 0x00, 0x00, 0x00, 0x00, 0x00, 0x00, 0x00, 0x00, 0x00,
	0x00, 0x00, 0x00, 0x00, 0x00, 0x00, 0x00, 0x00, 0x00, 0x00, 0x00, 0x00, 0x00, 0x00,
	0x00, 0x00, 0x00, 0x00, 0x00, 0x00, 0x00, 0x00, 0x00, 0x00, 0x00, 0x00, 0x00, 0x00,
	0x00, 0x00, 0x00, 0x00, 0x00, 0x00, 0x00, 0x00, 0x00, 0x00, 0x00, 0x00, 0x00, 0x00,
	0x00, 0x00, 0x00, 0x00, 0x00, 0x00, 0x00, 0x00, 0x00, 0x00, 0x00, 0x00, 0x00, 0x00,
	0x00, 0x00, 0x00, 0x00, 0x00, 0x00, 0x00, 0x00, 0x00, 0x00, 0x00, 0x00, 0x00, 0x00,
	0x00, 0x00, 0x00, 0x00, 0x00, 0x00, 0x00, 0x00, 0x00, 0x00, 0x00, 0x00, 0x00, 0x00,
	0x00, 0x00, 0x00, 0x00, 0x00, 0x00, 0x00, 0x00, 0x00, 0x00, 0x00, 0x00, 0x00, 0x00,
	0x00, 0x00, 0x00, 0x00, 0x00, 0x00, 0x00, 0x00, 0x00, 0x00, 0x00, 0x00, 0x00, 0x00,
	0x00, 0x00, 0x00, 0x00, 0x00, 0x00, 0x00, 0x00, 0x00, 0x00, 0x00, 0x00, 0x00, 0x00,
	0x00, 0x00, 0x00, 0x00, 0x00, 0x00, 0x00, 0x00, 0x00, 0x00, 0x00, 0x00, 0x00, 0x00,
	0x00, 0x00, 0x00, 0x00, 0x00, 0x00, 0x00, 0x00, 0x00, 0x00, 0x00, 0x00, 0x00, 0x00,
	0x00, 0x00, 0x00, 0x00, 0x00, 0x00, 0x00, 0x00, 0x00, 0x00, 0x00, 0x00, 0x00, 0x00,
	0x00, 0x00, 0x00, 0x00, 0x00, 0x00, 0x00, 0x00, 0x00, 0x00, 0x00, 0x00, 0x00, 0x00,
	0x00, 0x00, 0x00, 0x00, 0x00, 0x00, 0x00, 0x00, 0x00, 0x00, 0x00, 0x00, 0x00, 0x00,
	0x00, 0x00, 0x00, 0x00, 0x00, 0x00, 0x00, 0x00, 0x00, 0x00, 0x00, 0x00, 0x00, 0x00,
	0x00, 0x00, 0x00, 0x00, 0x00, 0x00, 0x00, 0x00, 0x00, 0x00, 0x00, 0x00, 0x00, 0x00,
	0x00, 0x00, 0x00, 0x00, 0x00, 0x00, 0x00, 0x00, 0x00, 0x00, 0x00, 0x00, 0x00, 0x00,
	0x00, 0x00, 0x00, 0x00, 0x00, 0x00, 0x00, 0x00, 0x00, 0x00, 0x00, 0x00, 0x00, 0x00,
	0x00, 0x00, 0x00, 0x00, 0x00, 0x00, 0x00, 0x00, 0x00, 0x00, 0x00, 0x00, 0x00, 0x00,
	0x00, 0x00, 0x00, 0x00, 0x00, 0x00, 0x00, 0x00, 0x00, 0x00, 0x00, 0x00, 0x00, 0x00,
	0x00, 0x00, 0x00, 0x00, 0x00, 0x00, 0x00, 0x00, 0x00, 0x00, 0x00, 0x00, 0x00, 0x00,
	0x00, 0x00, 0x00, 0x00, 0x00, 0x00, 0x00, 0x00, 0x00, 0x00, 0x00, 0x00, 0x00, 0x00,
	0x00, 0x00, 0x00, 0x00, 0x00, 0x00, 0x00, 0x00, 0x00, 0x00, 0x00, 0x00, 0x00, 0x00,
	0x00, 0x00, 0x00, 0x00, 0x00, 0x00, 0x00, 0x00, 0x00, 0x00, 0x00, 0x00, 0x00, 0x00,
	0x00, 0x00, 0x00, 0x00, 0x00, 0x00, 0x00, 0x00, 0x00, 0x00, 0x00, 0x00, 0x00, 0x00,
	0x00, 0x00, 0x00, 0x00, 0x00, 0x00, 0x00, 0x00, 0x00, 0x00, 0x00, 0x00, 0x00, 0x00,
	0x00, 0x00, 0x00, 0x00, 0x00, 0x00, 0x00, 0x00, 0x00, 0x00, 0x00, 0x00, 0x00, 0x00,
	0x00, 0x00, 0x00, 0x00, 0x00, 0x00, 0x00, 0x00, 0x00, 0x00, 0x00, 0x00, 0x00, 0x00,
	0x00, 0x00, 0x00, 0x00, 0x00, 0x00, 0x00, 0x00, 0x00, 0x00, 0x00, 0x00, 0x00, 0x00,
	0x00, 0x00, 0x00, 0x00, 0x00, 0x00, 0x00, 0x00, 0x00, 0x00, 0x00, 0x00, 0x00, 0x00,
	0x00, 0x00, 0x00, 0x00, 0x00, 0x00, 0x00, 0x00, 0x00, 0x00, 0x00, 0x00, 0x00, 0x00,
	0x00, 0x00, 0x00, 0x00, 0x00, 0x00, 0x00, 0x00, 0x00, 0x00, 0x00, 0x00, 0x00, 0x00,
	0x00, 0x00, 0x00, 0x00, 0x00, 0x00, 0x00, 0x00, 0x00, 0x00, 0x00, 0x00, 0x00, 0x00,
	0x00, 0x00, 0x00, 0x00, 0x00, 0x00, 0x00, 0x00, 0x00, 0x00, 0x00, 0x00, 0x00, 0x00,
	0x00, 0x00, 0x00, 0x00, 0x00, 0x00, 0x00, 0x00, 0x00, 0x00, 0x00, 0x00, 0x00, 0x00,
	0x00, 0x00, 0x00, 0x00, 0x00, 0x00, 0x00, 0x00, 0x00, 0x00, 0x00, 0x00, 0x00, 0x00,
	0x00, 0x00, 0x00, 0x00, 0x00, 0x00, 0x00, 0x00, 0x00, 0x00, 0x00, 0x00, 0x00, 0x00,
	0x00, 0x00, 0x00, 0x00, 0x00, 0x00, 0x00, 0x00, 0x00, 0x00, 0x00, 0x00, 0x00, 0x00,
	0x00, 0x00, 0x00, 0x00, 0x00, 0x00, 0x00, 0x00, 0x00, 0x00, 0x00, 0x00, 0x00, 0x00,
	0x00, 0x00, 0x00, 0x00, 0x00, 0x00, 0x00, 0x00, 0x00, 0x00, 0x00, 0x00, 0x00, 0x00,
	0x00, 0x00, 0x00, 0x00, 0x00, 0x00, 0x00, 0x00, 0x00, 0x00, 0x00, 0x00, 0x00, 0x00,
	0x00, 0x00, 0x00, 0x00, 0x00, 0x00, 0x00, 0x00, 0x00, 0x00, 0x00, 0x00, 0x00, 0x00,
	0x00, 0x00, 0x00, 0x00, 0x00, 0x00, 0x00, 0x00, 0x00, 0x00, 0x00, 0x00, 0x00, 0x00,
	0x00, 0x00, 0x00, 0x00, 0x00, 0x00, 0x00, 0x00, 0x00, 0x00, 0x00, 0x00, 0x00, 0x00,
	0x00, 0x00, 0x00, 0x00, 0x00, 0x00, 0x00, 0x00, 0x00, 0x00, 0x00, 0x00, 0x00, 0x00,
	0x00, 0x00, 0x00, 0x00, 0x00, 0x00, 0x00, 0x00, 0x00, 0x00, 0x00, 0x00, 0x00, 0x00,
	0x00, 0x00, 0x00, 0x00, 0x00, 0x00, 0x00, 0x00, 0x00, 0x00, 0x00, 0x00, 0x00, 0x00,
	0x00, 0x00, 0x00, 0x00, 0x00, 0x00, 0x00, 0x00, 0x00, 0x00, 0x00, 0x00, 0x00, 0x00,
	0x00, 0x00, 0x00, 0x00, 0x00, 0x00, 0x00, 0x00, 0x00, 0x00, 0x00, 0x00, 0x00, 0x00,
	0x00, 0x00, 0x00, 0x00, 0x00, 0x00, 0x00, 0x00, 0x00, 0x00, 0x00, 0x00, 0x00, 0x00,
	0x00, 0x00, 0x00, 0x00, 0x00, 0x00, 0x00, 0x00, 0x00, 0x00, 0x00, 0x00, 0x00, 0x00,
	0x00, 0x00, 0x00, 0x00, 0x00, 0x00, 0x00, 0x00, 0x00, 0x00, 0x00, 0x00, 0x00, 0x00,
	0x00, 0x00, 0x00, 0x00, 0x00, 0x00, 0x00, 0x00, 0x00, 0x00, 0x00, 0x00, 0x00, 0x00,
	0x00, 0x00, 0x00, 0x00, 0x00, 0x00, 0x00, 0x00, 0x00, 0x00, 0x00, 0x00, 0x00, 0x00,
	0x00, 0x00, 0x00, 0x00, 0x00, 0x00, 0x00, 0x00, 0x00, 0x00, 0x00, 0x00, 0x00, 0x00,
	0x00, 0x00, 0x00, 0x00, 0x00, 0x00, 0x00, 0x00, 0x00, 0x00, 0x00, 0x00, 0x00, 0x00,
	0x00, 0x00, 0x00, 0x00, 0x00, 0x00, 0x00, 0x00, 0x00, 0x00, 0x00, 0x00, 0x00, 0x00,
	0x00, 0x00, 0x00, 0x00, 0x00, 0x00, 0x00, 0x00, 0x00, 0x00, 0x00, 0x00, 0x00, 0x00,
	0x00, 0x00, 0x00, 0x00, 0x00, 0x00, 0x00, 0x00, 0x00, 0x00, 0x00, 0x00, 0x00, 0x00,
	0x00, 0x00, 0x00, 0x00, 0x00, 0x00, 0x00, 0x00, 0x00, 0x00, 0x00, 0x00, 0x00, 0x00,
	0x00, 0x00, 0x00, 0x00, 0x00, 0x00, 0x00, 0x00, 0x00, 0x00, 0x00, 0x00, 0x00, 0x00,
	0x00, 0x00, 0x00, 0x00, 0x00, 0x00, 0x00, 0x00, 0x00, 0x00, 0x00, 0x00, 0x00, 0x00,
	0x00, 0x00, 0x00, 0x00, 0x00, 0x00, 0x00, 0x00, 0x00, 0x00, 0x00, 0x00, 0x00, 0x00,
	0x00, 0x00, 0x00, 0x00, 0x00, 0x00, 0x00, 0x00, 0x00, 0x00, 0x00, 0x00, 0x00, 0x00,
	0x00, 0x00, 0x00, 0x00, 0x00, 0x00, 0x00, 0x00, 0x00, 0x00, 0x00, 0x00, 0x00, 0x00,
	0x00, 0x00, 0x00, 0x00, 0x00, 0x00, 0x00, 0x00, 0x00, 0x00, 0x00, 0x00, 0x00, 0x00,
	0x00, 0x00, 0x00, 0x00, 0x00, 0x00, 0x00, 0x00, 0x00, 0x00, 0x00, 0x00, 0x00, 0x00,
	0x00, 0x00, 0x00, 0x00, 0x00, 0x00, 0x00, 0x00, 0x00, 0x00, 0x00, 0x00, 0x00, 0x00,
	0x00, 0x00, 0x00, 0x00, 0x00, 0x00, 0x00, 0x00, 0x00, 0x00, 0x00, 0x00, 0x00, 0x00,
	0x00, 0x00, 0x00, 0x00, 0x00, 0x00, 0x00, 0x00, 0x00, 0x00, 0x00, 0x00, 0x00, 0x00,
	0x00, 0x00, 0x00, 0x00, 0x00, 0x00, 0x00, 0x00, 0x00, 0x00, 0x00, 0x00, 0x00, 0x00,
	0x00, 0x00, 0x00, 0x00, 0x00, 0x00, 0x00, 0x00, 0x00, 0x00, 0x00, 0x00, 0x00, 0x00,
	0x00, 0x00, 0x00, 0x00, 0x00, 0x00, 0x00, 0x00, 0x00, 0x00, 0x00, 0x00, 0x00, 0x00,
	0x00, 0x00, 0x00, 0x00, 0x00, 0x00, 0x00, 0x00, 0x00, 0x00, 0x00, 0x00, 0x00, 0x00,
	0x00, 0x00, 0x00, 0x00, 0x00, 0x00, 0x00, 0x00, 0x00, 0x00, 0x00, 0x00, 0x00, 0x00,
	0x00, 0x00, 0x00, 0x00, 0x00, 0x00, 0x00, 0x00, 0x00, 0x00, 0x00, 0x00, 0x00, 0x00,
	0x00, 0x00, 0x00, 0x00, 0x00, 0x00, 0x00, 0x00, 0x00, 0x00, 0x00, 0x00, 0x00, 0x00,
	0x00, 0x00, 0x00, 0x00, 0x00, 0x00, 0x00, 0x00, 0x00, 0x00, 0x00, 0x00, 0x00, 0x00,
	0x1b, 0x02, 0x10, 0x00, 0x13, 0x12, 0x12, 0x03, 0xb7, 0x8d, 0x00, 0x00, 0x9b, 0x8d,
	0x1d, 0x00, 0x93, 0x9d, 0x2d, 0x01, 0x93, 0x8d, 0x5d, 0x00, 0x93, 0x9d, 0xfd, 0x00,
	0x93, 0x8d, 0x8d, 0x7e, 0x1b, 0x0d, 0x10, 0x00, 0x13, 0x1d, 0x4d, 0x02, 0x13, 0x0d,
	0x1d, 0x03, 0x13, 0x1d, 0xcd, 0x00, 0x13, 0x0d, 0x0d, 0x80, 0x9b, 0x0c, 0x10, 0x00,
	0x93, 0x9c, 0x4c, 0x02, 0x93, 0x8c, 0xdc, 0x00, 0x93, 0x9c, 0xcc, 0x00, 0x93, 0x8c,
	0x0c, 0x80, 0x9b, 0x0b, 0x30, 0x00, 0x93, 0x9b, 0x0b, 0x03, 0xb7, 0x83, 0x00, 0x00,
	0xb3, 0xeb, 0x7b, 0x00, 0x93, 0x03, 0x10, 0x08, 0xa3, 0x21, 0x72, 0x30, 0x23, 0x22,
	0x02, 0x02, 0xb7, 0x13, 0x00, 0x00, 0x9b, 0x83, 0x03, 0x88, 0xa3, 0x20, 0x72, 0x0a,
	0x93, 0x03, 0x10, 0x00, 0xa3, 0x29, 0x72, 0x0a, 0x37, 0x09, 0x01, 0x00, 0x1b, 0x09,
	0x19, 0x00, 0x13, 0x19, 0x09, 0x02, 0x37, 0x13, 0x00, 0x00, 0x1b, 0x03, 0x23, 0x9e,
	0xa3, 0x2d, 0x62, 0x0a, 0x13, 0x03, 0x10, 0x00, 0x73, 0x10, 0x33, 0x7b, 0xb7, 0x13,
	0x00, 0x00, 0x9b, 0x83, 0x03, 0xc1, 0xb3, 0x02, 0x79, 0x00, 0x23, 0xb0, 0x02, 0x00,
	0x13, 0x03, 0x10, 0x00, 0x23, 0x20, 0x62, 0x32, 0x17, 0xf1, 0x11, 0x00, 0x13, 0x01,
	0x01, 0xb5, 0xf3, 0x2f, 0x40, 0xf1, 0x63, 0x88, 0x0f, 0x00, 0x03, 0x33, 0xc2, 0x31,
	0xe3, 0x0e, 0x03, 0xfe, 0x6f, 0x00, 0xc0, 0x09, 0x13, 0x03, 0x70, 0x00, 0xb7, 0x23,
	0x00, 0x00, 0x9b, 0x83, 0xc3, 0xf3, 0xb3, 0x02, 0x79, 0x00, 0x23, 0xa0, 0x62, 0x00,
	0x17, 0xd3, 0x0f, 0x00, 0x13, 0x03, 0x03, 0xf2, 0x17, 0xfe, 0x11, 0x00, 0x13, 0x0e,
	0x8e, 0xf1, 0x33, 0x0e, 0x6e, 0x40, 0x13, 0x0e, 0xfe, 0xff, 0xb7, 0x23, 0x00, 0x00,
	0x9b, 0x83, 0x03, 0xf4, 0xb3, 0x02, 0x79, 0x00, 0x23, 0xb0, 0x62, 0x00, 0xb7, 0x23,
	0x00, 0x00, 0x9b, 0x83, 0x43, 0xf4, 0xb3, 0x02, 0x79, 0x00, 0x23, 0xb0, 0xc2, 0x01,
	0x13, 0x03, 0x70, 0x00, 0xb7, 0x23, 0x00, 0x00, 0x9b, 0x83, 0x83, 0xf4, 0xb3, 0x02,
	0x79, 0x00, 0x23, 0xa0, 0x62, 0x00, 0x17, 0xd3, 0xff, 0xff, 0x13, 0x03, 0x43, 0xed,
	0x17, 0xfe, 0x03, 0x00, 0x13, 0x0e, 0xce, 0xec, 0x33, 0x0e, 0x6e, 0x40, 0x13, 0x0e,
	0xfe, 0xff, 0xb7, 0x23, 0x00, 0x00, 0x9b, 0x83, 0xc3, 0xf4, 0xb3, 0x02, 0x79, 0x00,
	0x23, 0xa0, 0x62, 0x00, 0xb7, 0x23, 0x00, 0x00, 0x9b, 0x83, 0x03, 0xf5, 0xb3, 0x02,
	0x79, 0x00, 0x23, 0xb0, 0xc2, 0x01, 0x17, 0xe3, 0xff, 0xff, 0x13, 0x03, 0xc3, 0xe9,
	0x13, 0x53, 0x23, 0x00, 0xb7, 0x13, 0x00, 0x00, 0x9b, 0x83, 0x43, 0xc1, 0xb3, 0x02,
	0x79, 0x00, 0x23, 0xb0, 0x62, 0x00, 0x17, 0xd3, 0xff, 0xff, 0x13, 0x03, 0x03, 0xe8,
	0xb7, 0x23, 0x00, 0x00, 0x9b, 0x83, 0xc3, 0xf5, 0xb3, 0x02, 0x79, 0x00, 0x23, 0xb0,
	0x62, 0x00, 0x13, 0x03, 0x10, 0x00, 0x23, 0x22, 0x62, 0x02, 0x97, 0xe1, 0x0f, 0x00,
	0x93, 0x81, 0x01, 0x66, 0x13, 0x85, 0x81, 0x83, 0x93, 0x85, 0x81, 0xb4, 0x63, 0x08,
	0xb5, 0x00, 0x23, 0x30, 0x05, 0x00, 0x13, 0x05, 0x85, 0x00, 0xe3, 0x6c, 0xb5, 0xfe,
	0x73, 0x25, 0x40, 0xf1, 0xef, 0x60, 0x40, 0x50, 0x37, 0x09, 0x01, 0x00, 0x1b, 0x09,
	0x19, 0x00, 0x13, 0x19, 0x09, 0x02, 0xb7, 0xc3, 0x00, 0x00, 0x9b, 0x83, 0x83, 0x1c,
	0xb3, 0x02, 0x79, 0x00, 0x83, 0xb5, 0x02, 0x00, 0x73, 0x25, 0x40, 0xf1, 0x97, 0x00,
	0x00, 0x00, 0x93, 0x80, 0x80, 0xe1, 0x6f, 0x60, 0x80, 0x7b, 0x67, 0x80, 0x00, 0x00,
	0x93, 0x07, 0x10, 0x00, 0xa3, 0x23, 0xf2, 0x06, 0x37, 0x07, 0x00, 0x80, 0x37, 0x06,
	0x00, 0xd0, 0x1b, 0x07, 0x17, 0x00, 0x13, 0x06, 0xf6, 0xff, 0xf3, 0x26, 0x40, 0xf1,
	0x93, 0xf6, 0x36, 0x00, 0x9b, 0x96, 0xc6, 0x01, 0x9b, 0x57, 0x45, 0x00, 0x33, 0x77,
	0xc7, 0x00, 0x33, 0x67, 0xd7, 0x00, 0x93, 0xf7, 0x77, 0x00, 0xb7, 0x06, 0x80, 0xfc,
	0x93, 0x86, 0xf6, 0xff, 0x93, 0xc7, 0x17, 0x00, 0x33, 0x77, 0xd7, 0x00, 0x9b, 0x97,
	0x77, 0x01, 0x33, 0x67, 0xf7, 0x00, 0x1b, 0x07, 0x07, 0x00, 0x93, 0x86, 0x0c, 0x00,
	0x23, 0xa6, 0xe6, 0xe0, 0x83, 0xa7, 0xc6, 0xe0, 0x93, 0xf7, 0x17, 0x00, 0xe3, 0x8a,
	0x07, 0xfe, 0x23, 0xa6, 0x06, 0xe0, 0xa3, 0x23, 0x02, 0x06, 0x67, 0x80, 0x00, 0x00,
	0x83, 0x67, 0x22, 0x04, 0x9b, 0x87, 0x07, 0x00, 0x63, 0x8a, 0x07, 0x02, 0x13, 0xd7,
	0x47, 0x00, 0xf3, 0x26, 0x40, 0xf1, 0x13, 0x96, 0x06, 0x02, 0x13, 0x77, 0x17, 0x00,
	0x13, 0x56, 0x06, 0x02, 0x63, 0x00, 0xc7, 0x02, 0x83, 0x67, 0x22, 0x04, 0x93, 0xd7,
	0x87, 0x00, 0x93, 0xf7, 0x37, 0x00, 0xe3, 0x8a, 0x07, 0xfe, 0x13, 0x07, 0x20, 0x00,
	0x63, 0x80, 0xe7, 0x10, 0x67, 0x80, 0x00, 0x00, 0x93, 0xd7, 0x87, 0x00, 0x93, 0xf7,
	0x37, 0x00, 0x13, 0x07, 0x10, 0x00, 0x63, 0x82, 0xe7, 0x18, 0x83, 0x67, 0x22, 0x04,
	0x37, 0x07, 0x00, 0xc0, 0xb3, 0xf7, 0xe7, 0x00, 0x9b, 0x87, 0x07, 0x00, 0x37, 0x07,
	0x00, 0x80, 0xe3, 0x9c, 0xe7, 0xfc, 0xb7, 0x57, 0x00, 0xc0, 0x9b, 0x87, 0x07, 0xb0,
	0x23, 0x20, 0xf2, 0x00, 0x93, 0x07, 0x10, 0x00, 0x23, 0x20, 0xf2, 0x00, 0xb7, 0x17,
	0x0f, 0xc0, 0x23, 0x20, 0xf2, 0x00, 0x23, 0x20, 0x02, 0x00, 0x23, 0x20, 0x02, 0x00,
	0x23, 0x20, 0x02, 0x00, 0x23, 0x20, 0x02, 0x00, 0x23, 0x20, 0x02, 0x00, 0x23, 0x20,
	0x02, 0x00, 0x23, 0x20, 0x02, 0x00, 0x23, 0x20, 0x02, 0x00, 0x23, 0x20, 0x02, 0x00,
	0x23, 0x20, 0x02, 0x00, 0x23, 0x20, 0x02, 0x00, 0x23, 0x20, 0x02, 0x00, 0x23, 0x20,
	0x02, 0x00, 0x23, 0x20, 0x02, 0x00, 0x23, 0x20, 0x02, 0x00, 0x23, 0x20, 0x02, 0x00,
	0x13, 0x07, 0x00, 0x40, 0x33, 0x17, 0xd7, 0x00, 0x83, 0x37, 0x42, 0x31, 0xb3, 0x77,
	0xf7, 0x00, 0xe3, 0x9c, 0x07, 0xfe, 0x83, 0x66, 0x22, 0x04, 0x13, 0x07, 0x10, 0x00,
	0x9b, 0xd7, 0xf6, 0x01, 0xa3, 0x23, 0xe2, 0x06, 0x37, 0x07, 0xff, 0xbf, 0x93, 0x97,
	0xe7, 0x01, 0x13, 0x07, 0xf7, 0x0f, 0x33, 0x77, 0xd7, 0x00, 0x93, 0xe7, 0x07, 0x20,
	0xb3, 0xe7, 0xe7, 0x00, 0x9b, 0x87, 0x07, 0x00, 0x13, 0x86, 0x0c, 0x00, 0x23, 0xa8,
	0xfc, 0xee, 0xb7, 0x06, 0x00, 0xc0, 0x37, 0x07, 0x00, 0x40, 0x83, 0x67, 0x22, 0x04,
	0xb3, 0xf7, 0xd7, 0x00, 0x9b, 0x87, 0x07, 0x00, 0xe3, 0x9a, 0xe7, 0xfe, 0x23, 0x28,
	0x06, 0xee, 0x83, 0x67, 0x06, 0xef, 0x63, 0x82, 0x07, 0x00, 0xa3, 0x23, 0x02, 0x06,
	0x67, 0x80, 0x00, 0x00, 0xb7, 0x57, 0x00, 0xc0, 0x9b, 0x87, 0x07, 0xb0, 0x23, 0x20,
	0xf2, 0x00, 0x93, 0x07, 0x10, 0x00, 0x23, 0x20, 0xf2, 0x00, 0xb7, 0x17, 0x0f, 0xc0,
	0x23, 0x20, 0xf2, 0x00, 0x23, 0x20, 0x02, 0x00, 0x23, 0x20, 0x02, 0x00, 0x23, 0x20,
	0x02, 0x00, 0x23, 0x20, 0x02, 0x00, 0x23, 0x20, 0x02, 0x00, 0x23, 0x20, 0x02, 0x00,
	0x23, 0x20, 0x02, 0x00, 0x23, 0x20, 0x02, 0x00, 0x23, 0x20, 0x02, 0x00, 0x23, 0x20,
	0x02, 0x00, 0x23, 0x20, 0x02, 0x00, 0x23, 0x20, 0x02, 0x00, 0x23, 0x20, 0x02, 0x00,
	0x23, 0x20, 0x02, 0x00, 0x23, 0x20, 0x02, 0x00, 0x23, 0x20, 0x02, 0x00, 0x13, 0x07,
	0x00, 0x40, 0xf3, 0x27, 0x40, 0xf1, 0x33, 0x17, 0xf7, 0x00, 0x83, 0x37, 0x42, 0x31,
	0xb3, 0x77, 0xf7, 0x00, 0xe3, 0x9c, 0x07, 0xfe, 0x83, 0x67, 0x22, 0x04, 0x13, 0x07,
	0x10, 0x00, 0xa3, 0x23, 0xe2, 0x06, 0x37, 0x07, 0x00, 0x40, 0xb3, 0xe7, 0xe7, 0x00,
	0x9b, 0x87, 0x07, 0x00, 0x23, 0xa8, 0xfc, 0xee, 0xa3, 0x23, 0x02, 0x06, 0x67, 0x80,
	0x00, 0x00, 0xb7, 0x57, 0x00, 0xc0, 0x9b, 0x87, 0x07, 0xb0, 0x23, 0x20, 0xf2, 0x00,
	0x93, 0x07, 0x10, 0x00, 0x23, 0x20, 0xf2, 0x00, 0xb7, 0x17, 0x0f, 0xc0, 0x23, 0x20,
	0xf2, 0x00, 0x23, 0x20, 0x02, 0x00, 0x23, 0x20, 0x02, 0x00, 0x23, 0x20, 0x02, 0x00,
	0x23, 0x20, 0x02, 0x00, 0x23, 0x20, 0x02, 0x00, 0x23, 0x20, 0x02, 0x00, 0x23, 0x20,
	0x02, 0x00, 0x23, 0x20, 0x02, 0x00, 0x23, 0x20, 0x02, 0x00, 0x23, 0x20, 0x02, 0x00,
	0x23, 0x20, 0x02, 0x00, 0x23, 0x20, 0x02, 0x00, 0x23, 0x20, 0x02, 0x00, 0x23, 0x20,
	0x02, 0x00, 0x23, 0x20, 0x02, 0x00, 0x23, 0x20, 0x02, 0x00, 0x13, 0x07, 0x00, 0x40,
	0x33, 0x17, 0xd7, 0x00, 0x83, 0x37, 0x42, 0x31, 0xb3, 0x77, 0xf7, 0x00, 0xe3, 0x9c,
	0x07, 0xfe, 0x83, 0x67, 0x22, 0x04, 0x13, 0x07, 0x10, 0x00, 0xa3, 0x23, 0xe2, 0x06,
	0x37, 0x07, 0x00, 0x40, 0xb3, 0xe7, 0xe7, 0x00, 0x9b, 0x87, 0x07, 0x00, 0x13, 0x86,
	0x0c, 0x00, 0x23, 0xa8, 0xfc, 0xee, 0xb7, 0x06, 0x00, 0xc0, 0x37, 0x07, 0x00, 0x40,
	0x83, 0x67, 0x22, 0x04, 0xb3, 0xf7, 0xd7, 0x00, 0x9b, 0x87, 0x07, 0x00, 0xe3, 0x9a,
	0xe7, 0xfe, 0x6f, 0xf0, 0xdf, 0xea, 0x13, 0x00, 0x00, 0x00, 0x83, 0xa7, 0x8c, 0xec,
	0xb7, 0x05, 0x00, 0xc0, 0xb7, 0x08, 0x00, 0xc0, 0xb3, 0xf5, 0xb7, 0x00, 0x9b, 0x87,
	0x07, 0x00, 0x63, 0x8a, 0x15, 0x4b, 0x83, 0xa5, 0xcc, 0xee, 0x93, 0x06, 0x05, 0x00,
	0x1b, 0x56, 0x25, 0x00, 0x9b, 0xd7, 0x17, 0x00, 0x1b, 0x55, 0x45, 0x00, 0x13, 0x78,
	0x75, 0x00, 0x93, 0xf7, 0x17, 0x00, 0x13, 0xf5, 0x15, 0x00, 0x13, 0x87, 0x0c, 0x00,
	0x93, 0x05, 0x05, 0x00, 0x63, 0x90, 0xa7, 0x48, 0xb7, 0x67, 0x02, 0x00, 0xb3, 0x87,
	0xfc, 0x00, 0x83, 0xa7, 0xc7, 0x94, 0x13, 0x76, 0x36, 0x00, 0x1b, 0x16, 0x36, 0x00,
	0xbb, 0xd7, 0xc7, 0x00, 0xbb, 0xd7, 0x07, 0x01, 0x93, 0xf7, 0x17, 0x00, 0x13, 0x05,
	0x00, 0x00, 0x63, 0x84, 0xf5, 0x44, 0x83, 0xa7, 0x8c, 0xec, 0x1b, 0xd6, 0x17, 0x00,
	0x13, 0x76, 0x26, 0x00, 0x9b, 0x87, 0x07, 0x00, 0x63, 0x08, 0x06, 0x00, 0x1b, 0xd6,
	0x87, 0x00, 0x13, 0x76, 0x26, 0x00, 0x63, 0x1c, 0x06, 0x42, 0x93, 0xf7, 0x17, 0x00,
	0x13, 0x05, 0xe0, 0xff, 0x63, 0x9e, 0x07, 0x40, 0xb7, 0x07, 0x00, 0x80, 0x93, 0x87,
	0xb7, 0x06, 0x23, 0x24, 0xf7, 0xec, 0x13, 0x06, 0x87, 0xec, 0x83, 0x67, 0x87, 0xec,
	0x63, 0x82, 0x07, 0x00, 0x83, 0x27, 0x87, 0xec, 0x83, 0x27, 0x87, 0xec, 0xb7, 0x05,
	0x00, 0xa0, 0x93, 0x85, 0xb5, 0x06, 0xb3, 0xf7, 0xb7, 0x00, 0x9b, 0x87, 0x07, 0x00,
	0x63, 0x96, 0xb7, 0x3e, 0x83, 0x27, 0x47, 0x96, 0x23, 0xa8, 0xf1, 0xb4, 0x83, 0x27,
	0x87, 0xec, 0x93, 0xd7, 0xe7, 0x01, 0x93, 0xf7, 0x17, 0x00, 0x63, 0x90, 0x07, 0x04,
	0x83, 0x67, 0x12, 0x0b, 0xb7, 0x05, 0x01, 0x00, 0xb3, 0xf7, 0xb7, 0x00, 0x63, 0x92,
	0x07, 0x3e, 0xb7, 0x05, 0x00, 0x40, 0x37, 0x05, 0x01, 0x00, 0x6f, 0x00, 0x40, 0x01,
	0x83, 0x67, 0x12, 0x0b, 0xb3, 0xf7, 0xa7, 0x00, 0x9b, 0x87, 0x07, 0x00, 0x63, 0x94,
	0x07, 0x3c, 0x83, 0x27, 0x87, 0xec, 0xb3, 0xf7, 0xb7, 0x00, 0x9b, 0x87, 0x07, 0x00,
	0xe3, 0x82, 0x07, 0xfe, 0x83, 0x27, 0x87, 0xec, 0x9b, 0x85, 0x07, 0x00, 0x83, 0x37,
	0x52, 0x01, 0x93, 0xf7, 0x37, 0x00, 0x33, 0x05, 0xf2, 0x00, 0x03, 0x68, 0xb5, 0x00,
	0x13, 0x85, 0x17, 0x04, 0xb3, 0x06, 0xa2, 0x00, 0x93, 0x07, 0x10, 0x00, 0x23, 0xa0,
	0xf6, 0x00, 0x83, 0x37, 0x32, 0x01, 0xe3, 0x9e, 0x07, 0xfe, 0x83, 0x37, 0xc7, 0xeb,
	0x13, 0xd7, 0xc7, 0x00, 0x13, 0x77, 0x37, 0x00, 0x63, 0x0e, 0x07, 0x02, 0x93, 0x06,
	0xf0, 0x07, 0x73, 0x27, 0x00, 0xb0, 0x13, 0x00, 0x00, 0x00, 0xf3, 0x27, 0x00, 0xb0,
	0xb3, 0x87, 0xe7, 0x40, 0xe3, 0xfa, 0xf6, 0xfe, 0x83, 0xa7, 0xcc, 0xeb, 0x1b, 0xd7,
	0xc7, 0x00, 0x13, 0x77, 0x37, 0x00, 0x93, 0x97, 0x07, 0x02, 0x93, 0xd7, 0x07, 0x02,
	0xe3, 0x1c, 0x07, 0xfc, 0x13, 0x86, 0x8c, 0xec, 0xb3, 0x06, 0xa2, 0x00, 0x93, 0xf7,
	0x17, 0x00, 0x63, 0x94, 0x07, 0x38, 0x23, 0xa0, 0x06, 0x01, 0x9b, 0xd7, 0x85, 0x00,
	0x37, 0x07, 0x00, 0x80, 0x93, 0xf7, 0x17, 0x00, 0xb3, 0xe7, 0xe7, 0x00, 0x83, 0x36,
	0xa2, 0x1f, 0x13, 0x07, 0x10, 0x00, 0x13, 0x17, 0x47, 0x02, 0xb7, 0xe5, 0x02, 0x00,
	0xb3, 0x86, 0xe6, 0x00, 0xb3, 0x86, 0xb6, 0x00, 0x23, 0xa0, 0xf6, 0x08, 0x37, 0xe5,
	0x02, 0x00, 0xb7, 0x05, 0x00, 0xc0, 0xb7, 0x06, 0x00, 0xc0, 0x83, 0x37, 0xa2, 0x1f,
	0xb3, 0x87, 0xe7, 0x00, 0xb3, 0x87, 0xa7, 0x00, 0x83, 0xa7, 0x07, 0x08, 0xb3, 0xf7,
	0xb7, 0x00, 0x9b, 0x87, 0x07, 0x00, 0xe3, 0x94, 0xd7, 0xfe, 0xb7, 0x57, 0x00, 0xc0,
	0x9b, 0x87, 0x07, 0xb0, 0x23, 0x20, 0xf2, 0x00, 0x93, 0x07, 0x10, 0x00, 0x23, 0x20,
	0xf2, 0x00, 0xb7, 0x17, 0x0f, 0xc0, 0x23, 0x20, 0xf2, 0x00, 0x23, 0x20, 0x02, 0x00,
	0x23, 0x20, 0x02, 0x00, 0x23, 0x20, 0x02, 0x00, 0x23, 0x20, 0x02, 0x00, 0x23, 0x20,
	0x02, 0x00, 0x23, 0x20, 0x02, 0x00, 0x23, 0x20, 0x02, 0x00, 0x23, 0x20, 0x02, 0x00,
	0x23, 0x20, 0x02, 0x00, 0x23, 0x20, 0x02, 0x00, 0x23, 0x20, 0x02, 0x00, 0x23, 0x20,
	0x02, 0x00, 0x23, 0x20, 0x02, 0x00, 0x23, 0x20, 0x02, 0x00, 0x23, 0x20, 0x02, 0x00,
	0x23, 0x20, 0x02, 0x00, 0x93, 0x06, 0x00, 0x40, 0xf3, 0x27, 0x40, 0xf1, 0x1b, 0x87,
	0x07, 0x00, 0xb3, 0x96, 0xf6, 0x00, 0x83, 0x37, 0x42, 0x31, 0xb3, 0xf7, 0xd7, 0x00,
	0xe3, 0x9c, 0x07, 0xfe, 0x83, 0x67, 0x22, 0x04, 0x13, 0x47, 0xf7, 0xff, 0x13, 0x77,
	0x17, 0x00, 0x1b, 0x17, 0x47, 0x00, 0x33, 0xe7, 0xe7, 0x00, 0x13, 0x77, 0xf7, 0x0f,
	0x93, 0xf7, 0x07, 0xf0, 0xb3, 0xe7, 0xe7, 0x00, 0x37, 0x07, 0xff, 0x7f, 0x13, 0x07,
	0xf7, 0x0f, 0xb3, 0xf7, 0xe7, 0x00, 0x37, 0x07, 0x00, 0x80, 0x13, 0x07, 0x07, 0x10,
	0xb3, 0xe7, 0xe7, 0x00, 0x9b, 0x87, 0x07, 0x00, 0x13, 0x85, 0x0c, 0x00, 0x23, 0xa8,
	0xfc, 0xee, 0x37, 0x08, 0x00, 0xc0, 0xb7, 0x05, 0x00, 0xc0, 0x03, 0x67, 0x22, 0x04,
	0xb3, 0x77, 0x07, 0x01, 0x9b, 0x87, 0x07, 0x00, 0xe3, 0x9a, 0xb7, 0xfe, 0x93, 0x17,
	0x17, 0x02, 0x93, 0xd7, 0x17, 0x02, 0x23, 0x28, 0xf5, 0xee, 0x83, 0x67, 0x22, 0x04,
	0x9b, 0x87, 0x07, 0x00, 0xe3, 0x9c, 0x07, 0xfe, 0x23, 0x24, 0x02, 0x06, 0x83, 0x37,
	0xa2, 0x1f, 0x13, 0x07, 0x10, 0x00, 0x13, 0x17, 0x47, 0x02, 0xb3, 0x87, 0xe7, 0x00,
	0x37, 0xe8, 0x02, 0x00, 0xb3, 0x87, 0x07, 0x01, 0x83, 0xa5, 0x07, 0x08, 0x93, 0x95,
	0x15, 0x02, 0x93, 0xd5, 0x15, 0x02, 0x83, 0x37, 0xa2, 0x1f, 0xb3, 0x87, 0xe7, 0x00,
	0xb3, 0x87, 0x07, 0x01, 0x23, 0xa0, 0xb7, 0x08, 0xb7, 0x05, 0x00, 0xc0, 0x83, 0x37,
	0xa2, 0x1f, 0xb3, 0x87, 0xe7, 0x00, 0xb3, 0x87, 0x07, 0x01, 0x83, 0xa7, 0x07, 0x08,
	0xb3, 0xf7, 0xb7, 0x00, 0x9b, 0x87, 0x07, 0x00, 0xe3, 0x94, 0x07, 0xfe, 0x03, 0x28,
	0x85, 0xec, 0x1b, 0x58, 0x88, 0x00, 0x13, 0x78, 0x18, 0x00, 0x1b, 0x17, 0x18, 0x00,
	0x33, 0x67, 0x07, 0x01, 0x23, 0x23, 0xe2, 0x06, 0x37, 0x57, 0x00, 0xc0, 0x1b, 0x07,
	0x07, 0xb0, 0x23, 0x20, 0xe2, 0x00, 0x13, 0x07, 0x10, 0x00, 0x23, 0x20, 0xe2, 0x00,
	0x37, 0x17, 0x0f, 0xc0, 0x23, 0x20, 0xe2, 0x00, 0x23, 0x20, 0x02, 0x00, 0x23, 0x20,
	0x02, 0x00, 0x23, 0x20, 0x02, 0x00, 0x23, 0x20, 0x02, 0x00, 0x23, 0x20, 0x02, 0x00,
	0x23, 0x20, 0x02, 0x00, 0x23, 0x20, 0x02, 0x00, 0x23, 0x20, 0x02, 0x00, 0x23, 0x20,
	0x02, 0x00, 0x23, 0x20, 0x02, 0x00, 0x23, 0x20, 0x02, 0x00, 0x23, 0x20, 0x02, 0x00,
	0x23, 0x20, 0x02, 0x00, 0x23, 0x20, 0x02, 0x00, 0x23, 0x20, 0x02, 0x00, 0x23, 0x20,
	0x02, 0x00, 0x03, 0x37, 0x42, 0x31, 0x33, 0xf7, 0xe6, 0x00, 0xe3, 0x1c, 0x07, 0xfe,
	0x37, 0x17, 0x00, 0xc0, 0x1b, 0x07, 0x07, 0xe0, 0x23, 0x20, 0xe2, 0x00, 0xb7, 0x05,
	0x02, 0x00, 0x1b, 0x17, 0x08, 0x01, 0x93, 0x85, 0xe5, 0x00, 0x33, 0x67, 0xb7, 0x00,
	0x23, 0x20, 0xe2, 0x00, 0x37, 0x17, 0x0f, 0xc0, 0x23, 0x20, 0xe2, 0x00, 0x23, 0x20,
	0x02, 0x00, 0x23, 0x20, 0x02, 0x00, 0x23, 0x20, 0x02, 0x00, 0x23, 0x20, 0x02, 0x00,
	0x23, 0x20, 0x02, 0x00, 0x23, 0x20, 0x02, 0x00, 0x23, 0x20, 0x02, 0x00, 0x23, 0x20,
	0x02, 0x00, 0x23, 0x20, 0x02, 0x00, 0x23, 0x20, 0x02, 0x00, 0x23, 0x20, 0x02, 0x00,
	0x23, 0x20, 0x02, 0x00, 0x23, 0x20, 0x02, 0x00, 0x23, 0x20, 0x02, 0x00, 0x23, 0x20,
	0x02, 0x00, 0x23, 0x20, 0x02, 0x00, 0x03, 0x37, 0x42, 0x31, 0x33, 0xf7, 0xe6, 0x00,
	0xe3, 0x1c, 0x07, 0xfe, 0x03, 0x67, 0x02, 0x0c, 0x1b, 0x57, 0x17, 0x01, 0x63, 0x0e,
	0x07, 0x02, 0x9b, 0x86, 0x17, 0x00, 0x93, 0x75, 0x17, 0x00, 0x9b, 0x87, 0x06, 0x00,
	0x63, 0x82, 0x05, 0x02, 0x83, 0x65, 0x02, 0x1f, 0x93, 0x95, 0x05, 0x02, 0x93, 0xd5,
	0x05, 0x02, 0x23, 0x3e, 0xb2, 0x00, 0x93, 0xe6, 0x06, 0x10, 0xa3, 0x22, 0xd2, 0x0a,
	0x03, 0x20, 0x42, 0x31, 0x23, 0x26, 0x05, 0xee, 0x13, 0x57, 0x17, 0x00, 0xe3, 0x16,
	0x07, 0xfc, 0x83, 0x67, 0x02, 0x1f, 0x93, 0x97, 0x07, 0x02, 0x93, 0xd7, 0x07, 0x02,
	0x23, 0x3e, 0xf2, 0x00, 0xa3, 0x22, 0x02, 0x0a, 0x03, 0x20, 0x42, 0x31, 0x23, 0x2e,
	0x05, 0x91, 0x83, 0x27, 0x85, 0xec, 0x93, 0x97, 0x17, 0x02, 0x93, 0xd7, 0x17, 0x02,
	0x23, 0x24, 0xf5, 0xec, 0x83, 0x67, 0x06, 0x00, 0x63, 0x82, 0x07, 0x00, 0x13, 0x05,
	0x00, 0x00, 0x67, 0x80, 0x00, 0x00, 0x67, 0x80, 0x00, 0x00, 0x23, 0x24, 0x07, 0xec,
	0x83, 0x67, 0x87, 0xec, 0x63, 0x82, 0x07, 0x00, 0x13, 0x05, 0xf0, 0xff, 0x67, 0x80,
	0x00, 0x00, 0x93, 0xf7, 0x17, 0x00, 0x13, 0xc5, 0xf7, 0xff, 0x67, 0x80, 0x00, 0x00,
	0x83, 0x27, 0x07, 0xac, 0x37, 0x07, 0x00, 0x80, 0x13, 0x07, 0x07, 0x50, 0x93, 0xf7,
	0xf7, 0x0f, 0x13, 0x01, 0x01, 0xff, 0xb3, 0xe7, 0xe7, 0x00, 0x23, 0x34, 0x11, 0x00,
	0x9b, 0x87, 0x07, 0x00, 0x03, 0x36, 0xa2, 0x1f, 0x13, 0x97, 0x46, 0x02, 0x33, 0x07,
	0xc7, 0x00, 0x37, 0xc6, 0x00, 0x00, 0x33, 0x07, 0xc7, 0x00, 0x13, 0x85, 0x06, 0x00,
	0x23, 0x2c, 0xf7, 0x3c, 0xef, 0xf0, 0x1f, 0x80, 0x83, 0x30, 0x81, 0x00, 0x13, 0x05,
	0xe0, 0xff, 0x13, 0x01, 0x01, 0x01, 0x67, 0x80, 0x00, 0x00, 0x23, 0xae, 0x0c, 0xea,
	0x6f, 0xf0, 0x9f, 0xc7, 0x13, 0x00, 0x00, 0x00, 0x13, 0x01, 0x01, 0xfd, 0x23, 0x3c,
	0x91, 0x00, 0x9b, 0x54, 0x45, 0x00, 0x93, 0xf6, 0x74, 0x00, 0x37, 0x67, 0x00, 0x00,
	0x33, 0x67, 0xd7, 0x00, 0x23, 0x34, 0x11, 0x02, 0x23, 0x30, 0x81, 0x02, 0x23, 0x38,
	0x21, 0x01, 0x23, 0x34, 0x31, 0x01, 0x1b, 0x17, 0x07, 0x01, 0x83, 0x37, 0xa2, 0x1f,
	0x13, 0x14, 0x45, 0x02, 0xb3, 0x07, 0xf4, 0x00, 0x37, 0xc6, 0x00, 0x00, 0xb3, 0x87,
	0xc7, 0x00, 0x23, 0xa4, 0xe7, 0x34, 0x83, 0xa6, 0x8c, 0xec, 0x63, 0xc2, 0x06, 0x12,
	0x9b, 0x87, 0x06, 0x00, 0x93, 0xf6, 0x17, 0x00, 0x63, 0x9c, 0x06, 0x02, 0x83, 0x37,
	0xa2, 0x1f, 0x37, 0xc7, 0x00, 0x00, 0x83, 0x30, 0x81, 0x02, 0xb3, 0x87, 0x87, 0x00,
	0x03, 0x34, 0x01, 0x02, 0xb3, 0x87, 0xe7, 0x00, 0x37, 0x07, 0x00, 0x20, 0x23, 0xa4,
	0xe7, 0x34, 0x83, 0x34, 0x81, 0x01, 0x03, 0x39, 0x01, 0x01, 0x83, 0x39, 0x81, 0x00,
	0x13, 0x01, 0x01, 0x03, 0x67, 0x80, 0x00, 0x00, 0x9b, 0xd6, 0x17, 0x00, 0x93, 0xf6,
	0x26, 0x00, 0x9b, 0xd7, 0x87, 0x00, 0x13, 0x87, 0x0c, 0x00, 0x93, 0xf7, 0x37, 0x00,
	0x63, 0x86, 0x06, 0x02, 0x93, 0xf6, 0x27, 0x00, 0x63, 0x82, 0x06, 0x02, 0x83, 0xa7,
	0xc1, 0xb4, 0x23, 0xa2, 0xfc, 0x96, 0x23, 0xa6, 0x01, 0xb4, 0x23, 0xa8, 0x01, 0xb4,
	0x23, 0xa4, 0x0c, 0xec, 0x83, 0xe7, 0x8c, 0xec, 0x63, 0x82, 0x07, 0x00, 0x6f, 0xf0,
	0x1f, 0xf9, 0x93, 0xf7, 0x17, 0x00, 0xe3, 0x84, 0x07, 0xf8, 0x37, 0x06, 0x00, 0x80,
	0x93, 0x06, 0xd6, 0x00, 0x23, 0x24, 0xd7, 0xec, 0x83, 0x67, 0x87, 0xec, 0x63, 0x82,
	0x07, 0x00, 0x83, 0x27, 0x87, 0xec, 0xb3, 0xf7, 0xd7, 0x00, 0x9b, 0x87, 0x07, 0x00,
	0xe3, 0x92, 0xd7, 0xf6, 0x93, 0x09, 0x10, 0x00, 0x23, 0xa6, 0x31, 0xb5, 0x83, 0x27,
	0x07, 0xac, 0x13, 0x06, 0x06, 0x50, 0x93, 0xf7, 0xf7, 0x0f, 0xb3, 0xe7, 0xc7, 0x00,
	0x9b, 0x87, 0x07, 0x00, 0x03, 0x37, 0xa2, 0x1f, 0x37, 0xc9, 0x00, 0x00, 0x33, 0x07,
	0x87, 0x00, 0x33, 0x07, 0x27, 0x01, 0x23, 0x2c, 0xf7, 0x3c, 0xef, 0xf0, 0x8f, 0xeb,
	0x03, 0x67, 0x92, 0x0a, 0x1b, 0x07, 0x07, 0x00, 0x93, 0xf7, 0x74, 0x00, 0xe3, 0x90,
	0xe7, 0xf2, 0x83, 0x37, 0xa2, 0x1f, 0xb3, 0x87, 0x87, 0x00, 0xb3, 0x87, 0x27, 0x01,
	0x83, 0xa7, 0x87, 0x34, 0x13, 0x07, 0xc0, 0x00, 0x93, 0x87, 0xd7, 0x01, 0x93, 0xf7,
	0xf7, 0x01, 0xe3, 0x60, 0xf7, 0xf0, 0x93, 0x07, 0x70, 0x00, 0xa3, 0x2c, 0xf2, 0x08,
	0x23, 0xa4, 0x31, 0xb5, 0x6f, 0xf0, 0x1f, 0xef, 0x83, 0x37, 0xa2, 0x1f, 0x83, 0x30,
	0x81, 0x02, 0xb3, 0x87, 0x87, 0x00, 0x03, 0x34, 0x01, 0x02, 0xb3, 0x87, 0xc7, 0x00,
	0x37, 0x07, 0x00, 0x20, 0x23, 0xa4, 0xe7, 0x34, 0x83, 0x34, 0x81, 0x01, 0x03, 0x39,
	0x01, 0x01, 0x83, 0x39, 0x81, 0x00, 0x13, 0x01, 0x01, 0x03, 0x67, 0x80, 0x00, 0x00,
	0x13, 0x00, 0x00, 0x00, 0x13, 0x01, 0x01, 0xf6, 0x23, 0x34, 0x91, 0x08, 0x23, 0x3c,
	0x11, 0x08, 0x23, 0x38, 0x81, 0x08, 0x23, 0x30, 0x21, 0x09, 0x23, 0x3c, 0x31, 0x07,
	0x23, 0x38, 0x41, 0x07, 0x23, 0x34, 0x51, 0x07, 0x23, 0x30, 0x61, 0x07, 0x93, 0x04,
	0x05, 0x00, 0x03, 0x64, 0x22, 0x30, 0x03, 0x37, 0x52, 0x01, 0x13, 0x77, 0x37, 0x00,
	0xb3, 0x07, 0xe2, 0x00, 0x03, 0xe9, 0xb7, 0x00, 0x13, 0x0a, 0x17, 0x04, 0xb3, 0x07,
	0x42, 0x01, 0x13, 0x06, 0x10, 0x00, 0x23, 0xa0, 0xc7, 0x00, 0x13, 0x06, 0x10, 0x01,
	0x13, 0x75, 0xf4, 0x0f, 0x63, 0x62, 0xa6, 0x02, 0x17, 0xc8, 0x0f, 0x00, 0x13, 0x08,
	0x88, 0x44, 0x13, 0x16, 0x25, 0x00, 0x33, 0x06, 0x06, 0x01, 0x03, 0x26, 0x06, 0x00,
	0x93, 0x06, 0x02, 0x00, 0x33, 0x06, 0x06, 0x01, 0x67, 0x00, 0x06, 0x00, 0x13, 0x07,
	0x40, 0x00, 0x63, 0x06, 0xe5, 0x00, 0x23, 0x20, 0x92, 0x00, 0x23, 0x20, 0x82, 0x00,
	0x03, 0x37, 0xb2, 0x00, 0x63, 0x02, 0x07, 0x00, 0x0b, 0x00, 0x00, 0x00, 0x37, 0x06,
	0x08, 0x00, 0x93, 0x86, 0x0c, 0x00, 0x03, 0xa7, 0x86, 0x92, 0x33, 0x77, 0xc7, 0x00,
	0x1b, 0x07, 0x07, 0x00, 0xe3, 0x1a, 0x07, 0xfe, 0x23, 0xa0, 0x27, 0x01, 0x83, 0x30,
	0x81, 0x09, 0x03, 0x34, 0x01, 0x09, 0x83, 0x34, 0x81, 0x08, 0x03, 0x39, 0x01, 0x08,
	0x83, 0x39, 0x81, 0x07, 0x03, 0x3a, 0x01, 0x07, 0x83, 0x3a, 0x81, 0x06, 0x03, 0x3b,
	0x01, 0x06, 0x13, 0x01, 0x01, 0x0a, 0x67, 0x80, 0x00, 0x00, 0x03, 0x67, 0x22, 0x04,
	0x1b, 0x07, 0x07, 0x00, 0xe3, 0x00, 0x07, 0xfa, 0x93, 0x56, 0x47, 0x00, 0x73, 0x26,
	0x40, 0xf1, 0x93, 0x15, 0x06, 0x02, 0x93, 0xf6, 0x16, 0x00, 0x93, 0xd5, 0x05, 0x02,
	0x63, 0x94, 0xb6, 0x00, 0x6f, 0x10, 0x00, 0x35, 0x03, 0x67, 0x22, 0x04, 0x13, 0x57,
	0x87, 0x00, 0x13, 0x77, 0x37, 0x00, 0xe3, 0x0a, 0x07, 0xfe, 0x93, 0x06, 0x20, 0x00,
	0xe3, 0x16, 0xd7, 0xf6, 0x37, 0x57, 0x00, 0xc0, 0x1b, 0x07, 0x07, 0xb0, 0x23, 0x20,
	0xe2, 0x00, 0x13, 0x07, 0x10, 0x00, 0x23, 0x20, 0xe2, 0x00, 0x37, 0x17, 0x0f, 0xc0,
	0x23, 0x20, 0xe2, 0x00, 0x23, 0x20, 0x02, 0x00, 0x23, 0x20, 0x02, 0x00, 0x23, 0x20,
	0x02, 0x00, 0x23, 0x20, 0x02, 0x00, 0x23, 0x20, 0x02, 0x00, 0x23, 0x20, 0x02, 0x00,
	0x23, 0x20, 0x02, 0x00, 0x23, 0x20, 0x02, 0x00, 0x23, 0x20, 0x02, 0x00, 0x23, 0x20,
	0x02, 0x00, 0x23, 0x20, 0x02, 0x00, 0x23, 0x20, 0x02, 0x00, 0x23, 0x20, 0x02, 0x00,
	0x23, 0x20, 0x02, 0x00, 0x23, 0x20, 0x02, 0x00, 0x23, 0x20, 0x02, 0x00, 0x93, 0x06,
	0x00, 0x40, 0x73, 0x27, 0x40, 0xf1, 0xb3, 0x96, 0xe6, 0x00, 0x03, 0x37, 0x42, 0x31,
	0x33, 0xf7, 0xe6, 0x00, 0xe3, 0x1c, 0x07, 0xfe, 0x03, 0x67, 0x22, 0x04, 0x93, 0x06,
	0x10, 0x00, 0xa3, 0x23, 0xd2, 0x06, 0xb7, 0x06, 0x00, 0x40, 0x33, 0x67, 0xd7, 0x00,
	0x1b, 0x07, 0x07, 0x00, 0x23, 0xa8, 0xec, 0xee, 0xa3, 0x23, 0x02, 0x06, 0x6f, 0xf0,
	0x5f, 0xed, 0x83, 0xa6, 0xcc, 0xac, 0x73, 0x27, 0x40, 0xf1, 0x13, 0x06, 0x10, 0x00,
	0x9b, 0x86, 0x06, 0x00, 0x93, 0xd5, 0x06, 0x01, 0x1b, 0x07, 0x07, 0x00, 0x13, 0x83,
	0x0c, 0x00, 0x93, 0xf5, 0xf5, 0x0f, 0x63, 0x14, 0xc7, 0x00, 0x9b, 0xd5, 0x86, 0x01,
	0xa3, 0x2d, 0x02, 0x1e, 0xe3, 0x82, 0x05, 0xea, 0x37, 0x57, 0x00, 0xc0, 0x1b, 0x07,
	0x07, 0xb0, 0x23, 0x20, 0xe2, 0x00, 0x13, 0x07, 0x10, 0x00, 0x23, 0x20, 0xe2, 0x00,
	0x37, 0x17, 0x0f, 0xc0, 0x23, 0x20, 0xe2, 0x00, 0x23, 0x20, 0x02, 0x00, 0x23, 0x20,
	0x02, 0x00, 0x23, 0x20, 0x02, 0x00, 0x23, 0x20, 0x02, 0x00, 0x23, 0x20, 0x02, 0x00,
	0x23, 0x20, 0x02, 0x00, 0x23, 0x20, 0x02, 0x00, 0x23, 0x20, 0x02, 0x00, 0x23, 0x20,
	0x02, 0x00, 0x23, 0x20, 0x02, 0x00, 0x23, 0x20, 0x02, 0x00, 0x23, 0x20, 0x02, 0x00,
	0x23, 0x20, 0x02, 0x00, 0x23, 0x20, 0x02, 0x00, 0x23, 0x20, 0x02, 0x00, 0x23, 0x20,
	0x02, 0x00, 0x93, 0x06, 0x00, 0x40, 0x73, 0x26, 0x40, 0xf1, 0xb3, 0x96, 0xc6, 0x00,
	0x03, 0x37, 0x42, 0x31, 0x33, 0xf7, 0xe6, 0x00, 0xe3, 0x1c, 0x07, 0xfe, 0x03, 0x35,
	0x92, 0x1f, 0xb7, 0xc6, 0x00, 0x00, 0x33, 0x05, 0xd5, 0x00, 0xb7, 0xe6, 0x01, 0x00,
	0xb3, 0x06, 0xd3, 0x00, 0x83, 0x28, 0x85, 0x34, 0x83, 0xa6, 0x86, 0xe2, 0x9b, 0x88,
	0x08, 0x00, 0x1b, 0x98, 0x86, 0x01, 0x1b, 0x58, 0x88, 0x41, 0x1b, 0x85, 0x06, 0x00,
	0x93, 0xf6, 0xf6, 0x0f, 0x63, 0x54, 0x08, 0x00, 0x6f, 0x20, 0x40, 0x2a, 0x03, 0x68,
	0x92, 0x0a, 0x37, 0xfe, 0xff, 0xff, 0x13, 0x0e, 0xfe, 0xff, 0x93, 0x09, 0x0e, 0x00,
	0x37, 0x5e, 0x00, 0xc0, 0x1b, 0x0e, 0x0e, 0xb0, 0xf3, 0x26, 0x40, 0xf1, 0x23, 0x20,
	0xc1, 0x01, 0x13, 0xf6, 0x36, 0x00, 0x13, 0x0e, 0x00, 0x40, 0x13, 0x1b, 0x08, 0x02,
	0x9b, 0x02, 0x08, 0x00, 0x1b, 0x16, 0x26, 0x00, 0x93, 0xf8, 0xf8, 0x01, 0x37, 0xc5,
	0x00, 0x00, 0x93, 0x03, 0x20, 0x00, 0xb7, 0x1a, 0x0f, 0xc0, 0x33, 0x1e, 0xde, 0x00,
	0x13, 0x5b, 0x0b, 0x02, 0x13, 0x0f, 0x10, 0x00, 0xbb, 0xd6, 0xe5, 0x00, 0x93, 0xf6,
	0x16, 0x00, 0x63, 0x80, 0x06, 0x04, 0x93, 0x76, 0x77, 0x00, 0x13, 0x76, 0xf6, 0xf8,
	0x9b, 0x96, 0x46, 0x00, 0xb3, 0x66, 0xd6, 0x00, 0x13, 0x86, 0x06, 0x00, 0x83, 0x3e,
	0xa2, 0x1f, 0x93, 0x96, 0x46, 0x02, 0xb3, 0x8e, 0xde, 0x00, 0xb3, 0x8e, 0xae, 0x00,
	0x83, 0xae, 0x0e, 0x38, 0x63, 0x8a, 0x0e, 0x00, 0x63, 0xe4, 0x13, 0x01, 0x6f, 0x10,
	0x40, 0x23, 0x63, 0x04, 0xeb, 0x00, 0x6f, 0x10, 0xc0, 0x22, 0x63, 0x04, 0xe7, 0x01,
	0x6f, 0x10, 0x00, 0x60, 0x93, 0x76, 0x78, 0x00, 0x9b, 0x96, 0x46, 0x00, 0x13, 0x76,
	0xf6, 0xf8, 0x13, 0x05, 0x20, 0x00, 0xb3, 0x66, 0xd6, 0x00, 0x63, 0x74, 0x15, 0x01,
	0x6f, 0x10, 0x90, 0x09, 0x93, 0x96, 0x46, 0x02, 0x03, 0x37, 0xa2, 0x1f, 0x33, 0x07,
	0xd7, 0x00, 0xb7, 0xc6, 0x00, 0x00, 0x33, 0x07, 0xd7, 0x00, 0x83, 0x26, 0xc7, 0x3c,
	0x13, 0x07, 0x10, 0x00, 0x63, 0x94, 0xe6, 0x00, 0x6f, 0x20, 0x00, 0x2e, 0x13, 0x07,
	0x10, 0x00, 0x23, 0x28, 0xe2, 0x02, 0x03, 0x67, 0x02, 0x02, 0x13, 0x77, 0x27, 0x00,
	0xe3, 0x0c, 0x07, 0xfe, 0x03, 0x27, 0xc3, 0xac, 0x1b, 0x07, 0x07, 0x00, 0x23, 0x2c,
	0xe1, 0x02, 0x03, 0x27, 0x81, 0x03, 0x63, 0x0e, 0x07, 0x02, 0x73, 0x27, 0x40, 0xf1,
	0x93, 0x06, 0x10, 0x00, 0x1b, 0x07, 0x07, 0x00, 0x63, 0x14, 0xd7, 0x00, 0x6f, 0x20,
	0xd0, 0x19, 0x23, 0x0d, 0x01, 0x02, 0x03, 0x47, 0xa1, 0x03, 0x63, 0x18, 0x07, 0x00,
	0x03, 0x47, 0xb1, 0x03, 0x63, 0x14, 0x07, 0x00, 0x23, 0x2c, 0x01, 0x02, 0x03, 0x27,
	0x81, 0x03, 0x1b, 0x07, 0x07, 0x00, 0x23, 0x26, 0xe3, 0xac, 0x13, 0x07, 0x10, 0x00,
	0xa3, 0x28, 0xe2, 0x02, 0x6f, 0xf0, 0xdf, 0xca, 0x1b, 0x57, 0xc4, 0x00, 0x1b, 0x17,
	0x47, 0x00, 0x73, 0x26, 0x40, 0xf1, 0x1b, 0x16, 0x26, 0x00, 0x13, 0x76, 0xc6, 0x00,
	0x13, 0x77, 0x07, 0x07, 0x13, 0x55, 0x47, 0x00, 0xa3, 0xa4, 0x0b, 0x70, 0x13, 0x53,
	0x26, 0x00, 0xa3, 0x2f, 0x02, 0x1e, 0x13, 0x08, 0x03, 0x00, 0x93, 0x08, 0x05, 0x00,
	0x33, 0x67, 0xc7, 0x00, 0x03, 0x36, 0xa2, 0x1f, 0x13, 0x17, 0x47, 0x02, 0x33, 0x06,
	0xe6, 0x00, 0x37, 0xce, 0x00, 0x00, 0x33, 0x06, 0xc6, 0x01, 0x83, 0x2a, 0x46, 0x3b,
	0x9b, 0x8a, 0x0a, 0x00, 0x03, 0x36, 0xa2, 0x1f, 0x33, 0x06, 0xe6, 0x00, 0x33, 0x06,
	0xc6, 0x01, 0x03, 0x26, 0x06, 0x38, 0x63, 0x14, 0x06, 0x00, 0x6f, 0x10, 0x40, 0x00,
	0x23, 0x2d, 0xa2, 0x08, 0x93, 0x07, 0x10, 0x00, 0xa3, 0x23, 0xf2, 0x06, 0x83, 0xa7,
	0x8c, 0xec, 0x37, 0x0e, 0x00, 0xc0, 0xb7, 0x0e, 0x00, 0xc0, 0x33, 0xfe, 0xc7, 0x01,
	0x13, 0x86, 0x0c, 0x00, 0x9b, 0x87, 0x07, 0x00, 0x63, 0x04, 0xde, 0x0b, 0x03, 0xae,
	0xcc, 0xee, 0x9b, 0xd7, 0x17, 0x00, 0x93, 0xf7, 0x17, 0x00, 0x93, 0x7e, 0x1e, 0x00,
	0x63, 0x9a, 0xd7, 0x09, 0xb7, 0x67, 0x02, 0x00, 0xb3, 0x87, 0xfc, 0x00, 0x83, 0xa7,
	0xc7, 0x94, 0x1b, 0x13, 0x33, 0x00, 0x9b, 0x05, 0x04, 0x00, 0xbb, 0xd7, 0x67, 0x00,
	0xbb, 0xd7, 0xa7, 0x00, 0x93, 0xf7, 0x17, 0x00, 0x63, 0x94, 0xd7, 0x01, 0x6f, 0x10,
	0x90, 0x36, 0x83, 0xa7, 0x8c, 0xec, 0x1b, 0xd3, 0x17, 0x00, 0x13, 0x73, 0x23, 0x00,
	0x9b, 0x87, 0x07, 0x00, 0x63, 0x08, 0x03, 0x00, 0x1b, 0xd3, 0x87, 0x00, 0x13, 0x73,
	0x23, 0x00, 0x63, 0x16, 0x03, 0x04, 0x93, 0xf7, 0x17, 0x00, 0x63, 0x92, 0x07, 0x04,
	0xb7, 0x07, 0x00, 0x80, 0x93, 0x87, 0xb7, 0x06, 0x23, 0x24, 0xf6, 0xec, 0x83, 0x67,
	0x86, 0xec, 0x63, 0x82, 0x07, 0x00, 0x83, 0x27, 0x86, 0xec, 0x83, 0x27, 0x86, 0xec,
	0x37, 0x03, 0x00, 0xa0, 0x13, 0x03, 0xb3, 0x06, 0xb3, 0xf7, 0x67, 0x00, 0x9b, 0x87,
	0x07, 0x00, 0x63, 0x94, 0x67, 0x00, 0x6f, 0x10, 0x40, 0x72, 0x23, 0x24, 0x06, 0xec,
	0x83, 0x67, 0x86, 0xec, 0x63, 0x82, 0x07, 0x00, 0x93, 0x07, 0x70, 0x00, 0xa3, 0x2c,
	0xf2, 0x08, 0xa3, 0x23, 0x02, 0x06, 0xa3, 0x20, 0x22, 0x05, 0x6f, 0xf0, 0x5f, 0xb9,
	0xe3, 0x1a, 0x07, 0x70, 0x37, 0x17, 0x0f, 0xc0, 0x23, 0x20, 0xe2, 0x00, 0x23, 0x20,
	0x02, 0x00, 0x23, 0x20, 0x02, 0x00, 0x23, 0x20, 0x02, 0x00, 0x23, 0x20, 0x02, 0x00,
	0x23, 0x20, 0x02, 0x00, 0x23, 0x20, 0x02, 0x00, 0x23, 0x20, 0x02, 0x00, 0x23, 0x20,
	0x02, 0x00, 0x23, 0x20, 0x02, 0x00, 0x23, 0x20, 0x02, 0x00, 0x23, 0x20, 0x02, 0x00,
	0x23, 0x20, 0x02, 0x00, 0x23, 0x20, 0x02, 0x00, 0x23, 0x20, 0x02, 0x00, 0x23, 0x20,
	0x02, 0x00, 0x23, 0x20, 0x02, 0x00, 0x93, 0x06, 0x00, 0x40, 0x73, 0x27, 0x40, 0xf1,
	0xb3, 0x96, 0xe6, 0x00, 0x03, 0x37, 0x42, 0x31, 0x33, 0xf7, 0xe6, 0x00, 0xe3, 0x1c,
	0x07, 0xfe, 0x13, 0x07, 0xa0, 0x00, 0xa3, 0x2c, 0xe2, 0x08, 0x6f, 0xf0, 0x5f, 0xaf,
	0x1b, 0x57, 0xc4, 0x00, 0x1b, 0x17, 0x47, 0x00, 0xf3, 0x26, 0x40, 0xf1, 0x9b, 0x96,
	0x26, 0x00, 0x93, 0xf6, 0xc6, 0x00, 0x13, 0x77, 0x07, 0x07, 0x33, 0x67, 0xd7, 0x00,
	0x93, 0x06, 0x10, 0x00, 0xa3, 0x23, 0xd2, 0x06, 0x37, 0x66, 0x00, 0x00, 0x13, 0x58,
	0x47, 0x00, 0x33, 0x66, 0x06, 0x01, 0x1b, 0x16, 0x06, 0x01, 0x83, 0x36, 0xa2, 0x1f,
	0x13, 0x17, 0x47, 0x02, 0xb3, 0x86, 0xe6, 0x00, 0x37, 0xc5, 0x00, 0x00, 0xb3, 0x86,
	0xa6, 0x00, 0x23, 0xa4, 0xc6, 0x34, 0x83, 0xa5, 0x8c, 0xec, 0x93, 0x86, 0x0c, 0x00,
	0x1b, 0x86, 0x05, 0x00, 0x63, 0xd4, 0x05, 0x00, 0x6f, 0x10, 0x40, 0x5d, 0x93, 0x75,
	0x16, 0x00, 0x63, 0x82, 0x05, 0x04, 0x9b, 0x55, 0x16, 0x00, 0x93, 0xf5, 0x25, 0x00,
	0x1b, 0x56, 0x86, 0x00, 0x13, 0x76, 0x36, 0x00, 0x63, 0x94, 0x05, 0x00, 0x6f, 0x10,
	0x40, 0x32, 0x93, 0x75, 0x26, 0x00, 0x63, 0x94, 0x05, 0x00, 0x6f, 0x10, 0x80, 0x31,
	0x03, 0xa6, 0xc1, 0xb4, 0x23, 0xa2, 0xcc, 0x96, 0x23, 0xa6, 0x01, 0xb4, 0x23, 0xa8,
	0x01, 0xb4, 0x23, 0xa4, 0x0c, 0xec, 0x83, 0xe6, 0x86, 0xec, 0x63, 0x82, 0x06, 0x00,
	0x83, 0x36, 0xa2, 0x1f, 0x33, 0x87, 0xe6, 0x00, 0xb7, 0xc6, 0x00, 0x00, 0x33, 0x07,
	0xd7, 0x00, 0xb7, 0x06, 0x00, 0x20, 0x23, 0x24, 0xd7, 0x34, 0xa3, 0x23, 0x02, 0x06,
	0x6f, 0xf0, 0xdf, 0xa2, 0x13, 0x07, 0x10, 0x00, 0xa3, 0x23, 0xe2, 0x06, 0x03, 0xa7,
	0x8c, 0xec, 0xb7, 0x06, 0x00, 0x80, 0x93, 0x86, 0x16, 0x00, 0x33, 0x76, 0xd7, 0x00,
	0x1b, 0x06, 0x06, 0x00, 0x1b, 0x07, 0x07, 0x00, 0xe3, 0x0c, 0xd6, 0xfc, 0xe3, 0x4a,
	0x07, 0xfc, 0x13, 0x76, 0x17, 0x00, 0xe3, 0x06, 0x06, 0xfc, 0x1b, 0x57, 0x87, 0x00,
	0x13, 0x77, 0x17, 0x00, 0xe3, 0x00, 0x07, 0xfc, 0x23, 0xa4, 0xdc, 0xec, 0x03, 0xe7,
	0x8c, 0xec, 0x63, 0x02, 0x07, 0x00, 0x03, 0xa7, 0x8c, 0xec, 0xa3, 0x23, 0x02, 0x06,
	0x6f, 0xf0, 0x9f, 0x9d, 0x1b, 0x57, 0xc4, 0x00, 0x1b, 0x17, 0x47, 0x00, 0x73, 0x26,
	0x40, 0xf1, 0x1b, 0x16, 0x26, 0x00, 0x13, 0x76, 0xc6, 0x00, 0x13, 0x77, 0x07, 0x07,
	0x33, 0x67, 0xc7, 0x00, 0x03, 0x68, 0x92, 0x0a, 0x03, 0x36, 0xb2, 0x00, 0x63, 0x02,
	0x06, 0x00, 0x9b, 0x55, 0x47, 0x00, 0x13, 0x53, 0x47, 0x00, 0x23, 0x2d, 0x62, 0x08,
	0x03, 0xa6, 0x8c, 0xbd, 0x13, 0x85, 0x0c, 0x00, 0x1b, 0x06, 0x06, 0x00, 0x83, 0x38,
	0xb2, 0x00, 0x63, 0x82, 0x08, 0x00, 0x23, 0x2d, 0x02, 0x09, 0xe3, 0x54, 0x06, 0x98,
	0x1b, 0x56, 0x86, 0x00, 0x13, 0x76, 0x76, 0x00, 0x13, 0x08, 0x40, 0x00, 0x63, 0x14,
	0x06, 0x01, 0x6f, 0x10, 0x50, 0x74, 0x13, 0x08, 0x50, 0x00, 0x63, 0x04, 0x06, 0x01,
	0x6f, 0x10, 0x10, 0x61, 0x93, 0x08, 0x10, 0x00, 0x23, 0x25, 0x12, 0x07, 0x03, 0x36,
	0xa2, 0x1f, 0x13, 0x17, 0x47, 0x02, 0x33, 0x06, 0xe6, 0x00, 0x37, 0xce, 0x00, 0x00,
	0x33, 0x06, 0xc6, 0x01, 0x23, 0x2c, 0x06, 0x3c, 0xa3, 0x2f, 0x02, 0x1e, 0xa3, 0x2f,
	0x02, 0x1e, 0xa3, 0x2f, 0x02, 0x1e, 0xa3, 0x2f, 0x02, 0x1e, 0xa3, 0x2f, 0x02, 0x1e,
	0xa3, 0x2f, 0x02, 0x1e, 0xa3, 0x2f, 0x02, 0x1e, 0xa3, 0x2f, 0x02, 0x1e, 0xa3, 0x23,
	0x12, 0x07, 0x37, 0x68, 0x00, 0x00, 0x33, 0x68, 0x68, 0x00, 0x1b, 0x18, 0x08, 0x01,
	0x03, 0x36, 0xa2, 0x1f, 0x33, 0x06, 0xc7, 0x00, 0x33, 0x06, 0xc6, 0x01, 0x23, 0x24,
	0x06, 0x35, 0x03, 0xa6, 0x8c, 0xec, 0x37, 0x08, 0x00, 0x80, 0x13, 0x08, 0x18, 0x00,
	0x33, 0x73, 0x06, 0x01, 0x1b, 0x03, 0x03, 0x00, 0x1b, 0x06, 0x06, 0x00, 0x63, 0x12,
	0x03, 0x0f, 0x13, 0x56, 0xe6, 0x01, 0x13, 0x76, 0x16, 0x00, 0x63, 0x04, 0x06, 0x00,
	0x6f, 0x20, 0x50, 0x72, 0x83, 0x26, 0x85, 0xec, 0x1b, 0xd6, 0x26, 0x00, 0x13, 0x76,
	0x36, 0x00, 0x9b, 0x86, 0x06, 0x00, 0x63, 0x12, 0x06, 0x02, 0x03, 0x26, 0x45, 0x96,
	0x13, 0x56, 0xc6, 0x01, 0x13, 0x76, 0x16, 0x00, 0x63, 0x0a, 0x06, 0x00, 0x93, 0xe6,
	0xc6, 0x00, 0x23, 0x24, 0xd5, 0xec, 0x83, 0x66, 0x85, 0xec, 0x63, 0x82, 0x06, 0x00,
	0x83, 0x26, 0x05, 0xac, 0x37, 0x06, 0x00, 0x80, 0x13, 0x06, 0x06, 0x50, 0x93, 0xf6,
	0xf6, 0x0f, 0x03, 0xa8, 0x41, 0xb5, 0xb3, 0xe6, 0xc6, 0x00, 0x63, 0x04, 0x08, 0x00,
	0x93, 0xc6, 0x06, 0x10, 0x9b, 0x86, 0x06, 0x00, 0x03, 0x36, 0xa2, 0x1f, 0x37, 0xc8,
	0x00, 0x00, 0x33, 0x06, 0xc7, 0x00, 0x33, 0x06, 0x06, 0x01, 0x23, 0x2c, 0xd6, 0x3c,
	0x93, 0xf6, 0x75, 0x00, 0x13, 0x06, 0x10, 0x00, 0xa3, 0x23, 0xc2, 0x06, 0x37, 0x06,
	0x00, 0x80, 0x37, 0x08, 0x00, 0xd0, 0x1b, 0x06, 0x16, 0x00, 0x13, 0x08, 0xf8, 0xff,
	0xf3, 0x25, 0x40, 0xf1, 0x93, 0xf5, 0x35, 0x00, 0x9b, 0x95, 0xc5, 0x01, 0x33, 0x76,
	0x06, 0x01, 0x33, 0x66, 0xb6, 0x00, 0xb7, 0x05, 0x80, 0xfc, 0x93, 0xc6, 0x16, 0x00,
	0x93, 0x85, 0xf5, 0xff, 0x9b, 0x96, 0x76, 0x01, 0x33, 0x76, 0xb6, 0x00, 0x33, 0x66,
	0xd6, 0x00, 0x1b, 0x06, 0x06, 0x00, 0x23, 0x26, 0xc5, 0xe0, 0x83, 0x26, 0xc5, 0xe0,
	0x93, 0xf6, 0x16, 0x00, 0xe3, 0x8a, 0x06, 0xfe, 0x23, 0x26, 0x05, 0xe0, 0xa3, 0x23,
	0x02, 0x06, 0x83, 0x36, 0xa2, 0x1f, 0x33, 0x07, 0xd7, 0x00, 0xb7, 0xc6, 0x00, 0x00,
	0x33, 0x07, 0xd7, 0x00, 0xb7, 0x06, 0x00, 0x20, 0x23, 0x24, 0xd7, 0x34, 0xa3, 0x23,
	0x02, 0x06, 0x23, 0x25, 0x02, 0x06, 0x6f, 0xf0, 0x8f, 0xfe, 0x1b, 0x57, 0xc4, 0x00,
	0x1b, 0x17, 0x47, 0x00, 0xf3, 0x27, 0x40, 0xf1, 0x9b, 0x97, 0x27, 0x00, 0x93, 0xf7,
	0xc7, 0x00, 0x13, 0x77, 0x07, 0x07, 0x33, 0x67, 0xf7, 0x00, 0xa3, 0x25, 0x02, 0x04,
	0x83, 0x37, 0xa2, 0x1f, 0x93, 0x19, 0x47, 0x02, 0xb3, 0x87, 0x37, 0x01, 0xb7, 0xc6,
	0x00, 0x00, 0xb3, 0x87, 0xd7, 0x00, 0x83, 0xa7, 0x87, 0x3e, 0x9b, 0x87, 0x07, 0x00,
	0x83, 0x66, 0x02, 0x1f, 0x93, 0x96, 0x06, 0x02, 0x93, 0xd6, 0x06, 0x02, 0x23, 0x3e,
	0xd2, 0x00, 0x93, 0xf7, 0xf7, 0x00, 0x93, 0xe7, 0x07, 0x10, 0xa3, 0x22, 0xf2, 0x0a,
	0x03, 0x20, 0x42, 0x31, 0x83, 0x37, 0x62, 0x03, 0x63, 0x88, 0x07, 0x00, 0xa3, 0x21,
	0x02, 0x08, 0x93, 0x07, 0x00, 0x41, 0x23, 0x20, 0xf2, 0x00, 0x23, 0x2c, 0x02, 0x04,
	0x13, 0x8b, 0x01, 0xb9, 0x83, 0x37, 0x0b, 0x00, 0xe3, 0x94, 0x07, 0x30, 0x13, 0x08,
	0x10, 0x00, 0xa3, 0x23, 0x02, 0x07, 0x83, 0xa7, 0x8c, 0xec, 0x37, 0x05, 0x00, 0x80,
	0x93, 0x05, 0x15, 0x00, 0x33, 0xf6, 0xb7, 0x00, 0x1b, 0x06, 0x06, 0x00, 0x93, 0x86,
	0x0c, 0x00, 0x9b, 0x87, 0x07, 0x00, 0x63, 0x14, 0xb6, 0x00, 0x6f, 0x10, 0xc0, 0x0f,
	0x63, 0xce, 0x07, 0x0a, 0x13, 0xf6, 0x17, 0x00, 0x63, 0x0a, 0x06, 0x0a, 0x9b, 0xd7,
	0x87, 0x00, 0x93, 0xf7, 0x17, 0x00, 0x63, 0x84, 0x07, 0x0a, 0x23, 0xa4, 0xbc, 0xec,
	0x83, 0xe7, 0x8c, 0xec, 0x63, 0x82, 0x07, 0x00, 0x03, 0xa6, 0x8c, 0xec, 0x33, 0x76,
	0xb6, 0x00, 0x1b, 0x06, 0x06, 0x00, 0x63, 0x16, 0xb6, 0x08, 0x83, 0xa7, 0x8c, 0xec,
	0x93, 0xd7, 0xe7, 0x01, 0x93, 0xf7, 0x17, 0x00, 0x63, 0x84, 0x07, 0x00, 0x6f, 0x20,
	0x50, 0x08, 0x83, 0xa5, 0x0c, 0xac, 0x93, 0x07, 0x05, 0x50, 0x93, 0xf5, 0xf5, 0x0f,
	0xb3, 0xe7, 0xf5, 0x00, 0x9b, 0x87, 0x07, 0x00, 0x83, 0x35, 0xa2, 0x1f, 0x37, 0xc5,
	0x00, 0x00, 0xb3, 0x85, 0xb9, 0x00, 0xb3, 0x85, 0xa5, 0x00, 0x23, 0xac, 0xf5, 0x3c,
	0x93, 0x57, 0x47, 0x00, 0xa3, 0x23, 0x02, 0x07, 0x73, 0x27, 0x40, 0xf1, 0x13, 0x77,
	0x37, 0x00, 0x1b, 0x17, 0xc7, 0x01, 0x33, 0x67, 0xe6, 0x00, 0x37, 0x06, 0x80, 0xfc,
	0x93, 0xc7, 0x17, 0x00, 0x13, 0x06, 0xf6, 0xff, 0x9b, 0x97, 0x77, 0x01, 0x33, 0x77,
	0xc7, 0x00, 0x33, 0x67, 0xf7, 0x00, 0x1b, 0x07, 0x07, 0x00, 0x23, 0xa6, 0xe6, 0xe0,
	0x83, 0xa7, 0xc6, 0xe0, 0x93, 0xf7, 0x17, 0x00, 0xe3, 0x8a, 0x07, 0xfe, 0x23, 0xa6,
	0x06, 0xe0, 0xa3, 0x23, 0x02, 0x06, 0xa3, 0x23, 0x02, 0x06, 0x83, 0x37, 0xa2, 0x1f,
	0x37, 0xc7, 0x00, 0x00, 0xb3, 0x87, 0xf9, 0x00, 0xb3, 0x87, 0xe7, 0x00, 0x83, 0xa7,
	0x87, 0x3e, 0x9b, 0x87, 0x07, 0x00, 0x03, 0x67, 0x02, 0x1f, 0x13, 0x17, 0x07, 0x02,
	0x13, 0x57, 0x07, 0x02, 0x23, 0x3e, 0xe2, 0x00, 0x93, 0xf7, 0xf7, 0x00, 0x93, 0xe7,
	0x07, 0x10, 0xa3, 0x22, 0xf2, 0x0a, 0x03, 0x20, 0x42, 0x31, 0x93, 0x87, 0x81, 0x83,
	0x83, 0xa6, 0x47, 0x02, 0x37, 0x85, 0xff, 0xff, 0x13, 0x07, 0x10, 0x00, 0x33, 0x85,
	0xab, 0x00, 0xe3, 0x86, 0xe6, 0x14, 0x83, 0xa7, 0x07, 0x02, 0xe3, 0x92, 0x07, 0x14,
	0x03, 0x67, 0x92, 0x03, 0x93, 0x85, 0x01, 0x86, 0x83, 0xa7, 0x45, 0x03, 0x1b, 0x17,
	0xf7, 0x01, 0x93, 0x97, 0x17, 0x02, 0x93, 0xd7, 0x17, 0x02, 0xb3, 0xe7, 0xe7, 0x00,
	0x23, 0xaa, 0xf5, 0x02, 0x83, 0x37, 0xa2, 0x01, 0x23, 0xb0, 0xf5, 0x00, 0x83, 0x37,
	0xb2, 0x01, 0x23, 0xb4, 0xf5, 0x00, 0x83, 0x37, 0x82, 0x01, 0x23, 0xbc, 0xf5, 0x00,
	0xb7, 0x17, 0x0f, 0xc0, 0x23, 0x20, 0xf2, 0x00, 0x23, 0x20, 0x02, 0x00, 0x23, 0x20,
	0x02, 0x00, 0x23, 0x20, 0x02, 0x00, 0x23, 0x20, 0x02, 0x00, 0x23, 0x20, 0x02, 0x00,
	0x23, 0x20, 0x02, 0x00, 0x23, 0x20, 0x02, 0x00, 0x23, 0x20, 0x02, 0x00, 0x23, 0x20,
	0x02, 0x00, 0x23, 0x20, 0x02, 0x00, 0x23, 0x20, 0x02, 0x00, 0x23, 0x20, 0x02, 0x00,
	0x23, 0x20, 0x02, 0x00, 0x23, 0x20, 0x02, 0x00, 0x23, 0x20, 0x02, 0x00, 0x23, 0x20,
	0x02, 0x00, 0x13, 0x07, 0x00, 0x40, 0xf3, 0x27, 0x40, 0xf1, 0x33, 0x17, 0xf7, 0x00,
	0x83, 0x37, 0x42, 0x31, 0xb3, 0x77, 0xf7, 0x00, 0xe3, 0x9c, 0x07, 0xfe, 0xb7, 0x87,
	0x00, 0x00, 0xb3, 0x07, 0xf5, 0x00, 0x03, 0xa7, 0x57, 0x70, 0x83, 0xa7, 0x45, 0x03,
	0x37, 0x06, 0x00, 0xfc, 0x13, 0x17, 0x67, 0x02, 0xb3, 0xf7, 0xc7, 0x00, 0x13, 0x57,
	0x67, 0x02, 0xb3, 0xe7, 0xe7, 0x00, 0x23, 0xaa, 0xf5, 0x02, 0x93, 0x07, 0x10, 0x00,
	0x63, 0x84, 0xf6, 0x00, 0x23, 0xac, 0x01, 0x82, 0x83, 0xb8, 0x81, 0xba, 0x13, 0x87,
	0x08, 0x08, 0x93, 0x87, 0x81, 0x83, 0x13, 0x88, 0x01, 0x86, 0x03, 0xb6, 0x07, 0x00,
	0x93, 0x87, 0x87, 0x00, 0x13, 0x07, 0x87, 0x00, 0x23, 0x3c, 0xc7, 0xfe, 0xe3, 0x98,
	0x07, 0xff, 0x83, 0x37, 0x42, 0x1f, 0x63, 0x80, 0x07, 0x02, 0x23, 0xb0, 0xf8, 0x1a,
	0x83, 0x37, 0x62, 0x1f, 0x23, 0xb4, 0xf8, 0x1a, 0x83, 0x67, 0x72, 0x1f, 0x23, 0xa8,
	0xf8, 0x1a, 0x83, 0x37, 0x82, 0x1f, 0x23, 0xbc, 0xf8, 0x1a, 0x83, 0x37, 0xe5, 0x68,
	0x63, 0x8a, 0x07, 0x00, 0x23, 0xb8, 0xf8, 0x1c, 0x83, 0x27, 0xf5, 0x68, 0x9b, 0x87,
	0x07, 0x00, 0x23, 0xac, 0xf8, 0x1c, 0x03, 0x36, 0x0b, 0x00, 0x63, 0x0a, 0x06, 0x04,
	0xb7, 0x87, 0x00, 0x00, 0x33, 0x05, 0xf5, 0x00, 0x83, 0x27, 0x75, 0x70, 0x9b, 0x87,
	0x07, 0x00, 0x03, 0x67, 0x02, 0x1f, 0x13, 0x17, 0x07, 0x02, 0x13, 0x57, 0x07, 0x02,
	0x23, 0x3e, 0xe2, 0x00, 0x93, 0xe7, 0x07, 0x10, 0xa3, 0x22, 0xf2, 0x0a, 0x03, 0x20,
	0x42, 0x31, 0x93, 0x07, 0x46, 0x18, 0x13, 0x05, 0xc6, 0x1b, 0x93, 0x86, 0x07, 0x00,
	0x93, 0x87, 0x87, 0x00, 0x33, 0x87, 0xc7, 0x40, 0x33, 0x87, 0xe5, 0x00, 0x03, 0x37,
	0x47, 0xe7, 0x23, 0xb0, 0xe6, 0x00, 0xe3, 0x94, 0xa7, 0xfe, 0xef, 0x40, 0x40, 0x1b,
	0x83, 0xa7, 0xcc, 0xe8, 0x93, 0x86, 0x0c, 0x00, 0x93, 0xf7, 0x27, 0x00, 0x23, 0xa6,
	0xfc, 0xe8, 0x23, 0x2a, 0x0d, 0xa2, 0x83, 0x67, 0x02, 0x1f, 0x93, 0x97, 0x07, 0x02,
	0x93, 0xd7, 0x07, 0x02, 0x23, 0x3e, 0xf2, 0x00, 0xa3, 0x22, 0x02, 0x0a, 0x03, 0x20,
	0x42, 0x31, 0xa3, 0x27, 0x02, 0x04, 0x83, 0x37, 0xa2, 0x1f, 0x37, 0xc6, 0x00, 0x00,
	0xb3, 0x87, 0xf9, 0x00, 0xb3, 0x87, 0xc7, 0x00, 0x03, 0xa7, 0x07, 0x3e, 0x9b, 0x57,
	0x47, 0x01, 0x93, 0xf7, 0x17, 0x00, 0x13, 0x17, 0x07, 0x02, 0x13, 0x57, 0x07, 0x02,
	0x63, 0x84, 0x07, 0x00, 0x6f, 0x10, 0x50, 0x7a, 0x93, 0x07, 0x10, 0x00, 0x23, 0xa0,
	0xf6, 0xb6, 0x83, 0xa5, 0x06, 0xb6, 0x13, 0x07, 0xf0, 0x00, 0x13, 0x06, 0x10, 0x00,
	0x63, 0x8e, 0xf5, 0x00, 0x93, 0x07, 0x00, 0x00, 0x9b, 0x87, 0x17, 0x00, 0xe3, 0x7e,
	0xf7, 0xfe, 0x23, 0xa0, 0xc6, 0xb6, 0x83, 0xa7, 0x06, 0xb6, 0xe3, 0x96, 0xc7, 0xfe,
	0x03, 0x37, 0x52, 0x01, 0x13, 0x77, 0x37, 0x00, 0x93, 0x07, 0x02, 0x00, 0x33, 0x06,
	0xe2, 0x00, 0x03, 0x68, 0xb6, 0x00, 0x13, 0x07, 0x17, 0x04, 0x33, 0x07, 0xe2, 0x00,
	0x13, 0x06, 0x10, 0x00, 0x23, 0x20, 0xc7, 0x00, 0x83, 0x68, 0x92, 0x0a, 0x03, 0x36,
	0xb2, 0x00, 0x63, 0x02, 0x06, 0x00, 0x13, 0x06, 0x70, 0x00, 0x23, 0x2d, 0xc2, 0x08,
	0x03, 0xa6, 0xc6, 0xac, 0x73, 0x25, 0x40, 0xf1, 0x1b, 0x05, 0x05, 0x00, 0x1b, 0x06,
	0x06, 0x00, 0xb7, 0x05, 0x80, 0x00, 0x63, 0x1c, 0x05, 0x74, 0xb3, 0xe5, 0xc5, 0x00,
	0x23, 0xa6, 0xb6, 0xac, 0x23, 0xa6, 0xc6, 0xac, 0x03, 0xe6, 0xc6, 0xac, 0x63, 0x02,
	0x06, 0x00, 0x23, 0x2d, 0x12, 0x09, 0x23, 0x20, 0x07, 0x01, 0x13, 0x07, 0xb0, 0x00,
	0x23, 0xa0, 0x06, 0xb6, 0xa3, 0x2c, 0xe2, 0x08, 0x23, 0xa4, 0x01, 0xb4, 0xb3, 0x87,
	0x47, 0x01, 0x6f, 0xf0, 0xcf, 0xb8, 0x9b, 0x56, 0xc4, 0x00, 0x73, 0x28, 0x40, 0xf1,
	0x9b, 0x96, 0x46, 0x00, 0x1b, 0x17, 0x28, 0x00, 0x13, 0x77, 0xc7, 0x00, 0x93, 0xf6,
	0x06, 0x07, 0xb3, 0xe6, 0xe6, 0x00, 0x03, 0x36, 0xa2, 0x1f, 0x13, 0x97, 0x46, 0x02,
	0x33, 0x06, 0xe6, 0x00, 0xb7, 0xc8, 0x00, 0x00, 0x33, 0x06, 0x16, 0x01, 0x23, 0x2c,
	0x06, 0x3c, 0x13, 0x0e, 0x10, 0x00, 0xa3, 0x23, 0xc2, 0x07, 0x37, 0x66, 0x00, 0x00,
	0x13, 0xd3, 0x46, 0x00, 0x33, 0x66, 0x66, 0x00, 0x1b, 0xd5, 0x46, 0x00, 0x1b, 0x16,
	0x06, 0x01, 0x83, 0x36, 0xa2, 0x1f, 0xb3, 0x86, 0xe6, 0x00, 0xb3, 0x86, 0x16, 0x01,
	0x23, 0xa4, 0xc6, 0x34, 0x83, 0xa5, 0x8c, 0xec, 0x37, 0x0f, 0x00, 0x80, 0x93, 0x06,
	0x1f, 0x00, 0xb3, 0xfe, 0xd5, 0x00, 0x9b, 0x8e, 0x0e, 0x00, 0x13, 0x86, 0x0c, 0x00,
	0x9b, 0x85, 0x05, 0x00, 0xe3, 0x84, 0xde, 0x58, 0x63, 0xc8, 0x05, 0x0a, 0x93, 0xfe,
	0x15, 0x00, 0x63, 0x84, 0x0e, 0x0a, 0x9b, 0xd5, 0x85, 0x00, 0x93, 0xf5, 0x15, 0x00,
	0x63, 0x8e, 0x05, 0x08, 0x93, 0x05, 0xdf, 0x00, 0x23, 0xa4, 0xbc, 0xec, 0x83, 0xee,
	0x8c, 0xec, 0x63, 0x82, 0x0e, 0x00, 0x83, 0xae, 0x8c, 0xec, 0xb3, 0xfe, 0xbe, 0x00,
	0x9b, 0x8e, 0x0e, 0x00, 0x63, 0x9e, 0xbe, 0x06, 0x83, 0xa5, 0x8c, 0xec, 0x83, 0xae,
	0x0c, 0xac, 0x93, 0x05, 0x0f, 0x40, 0x93, 0xfe, 0xfe, 0x0f, 0xb3, 0xe5, 0xbe, 0x00,
	0x93, 0x0e, 0x10, 0x00, 0x23, 0xaa, 0xd1, 0xb5, 0x9b, 0x85, 0x05, 0x00, 0x83, 0x3e,
	0xa2, 0x1f, 0xb3, 0x8e, 0xee, 0x00, 0xb3, 0x88, 0x1e, 0x01, 0x23, 0xac, 0xb8, 0x3c,
	0x93, 0x75, 0xf3, 0x0f, 0xa3, 0x23, 0xc2, 0x07, 0x13, 0x78, 0x38, 0x00, 0x1b, 0x18,
	0xc8, 0x01, 0xb3, 0xe6, 0x06, 0x01, 0x37, 0x08, 0x80, 0xfc, 0x93, 0xc5, 0x15, 0x00,
	0x13, 0x08, 0xf8, 0xff, 0x9b, 0x95, 0x75, 0x01, 0xb3, 0xf6, 0x06, 0x01, 0xb3, 0xe6,
	0xb6, 0x00, 0x9b, 0x86, 0x06, 0x00, 0x23, 0x26, 0xd6, 0xe0, 0x83, 0x25, 0xc6, 0xe0,
	0x93, 0xf5, 0x15, 0x00, 0xe3, 0x8a, 0x05, 0xfe, 0x23, 0x26, 0x06, 0xe0, 0xa3, 0x23,
	0x02, 0x06, 0x83, 0x26, 0x86, 0xec, 0x9b, 0x86, 0x06, 0x00, 0x83, 0x35, 0xa2, 0x1f,
	0x37, 0xc8, 0x00, 0x00, 0xb3, 0x85, 0xe5, 0x00, 0xb3, 0x85, 0x05, 0x01, 0x37, 0x08,
	0x00, 0x20, 0x23, 0xa4, 0x05, 0x35, 0xa3, 0x23, 0x02, 0x06, 0x93, 0xf6, 0x16, 0x00,
	0x63, 0x86, 0x06, 0x00, 0x83, 0xa6, 0x41, 0xb5, 0x63, 0x94, 0x06, 0xa2, 0x83, 0x36,
	0xa2, 0x1f, 0xb7, 0xc5, 0x00, 0x00, 0xb3, 0x06, 0xd7, 0x00, 0xb3, 0x86, 0xb6, 0x00,
	0x83, 0xa6, 0x06, 0x38, 0x63, 0x88, 0x06, 0x48, 0x83, 0x26, 0xc6, 0xac, 0xf3, 0x25,
	0x40, 0xf1, 0x93, 0x08, 0x10, 0x00, 0x9b, 0x86, 0x06, 0x00, 0x13, 0xd8, 0x06, 0x01,
	0x9b, 0x85, 0x05, 0x00, 0x13, 0x78, 0xf8, 0x0f, 0x63, 0x94, 0x15, 0x01, 0x1b, 0xd8,
	0x86, 0x01, 0x93, 0x66, 0x05, 0x30, 0x9b, 0x86, 0x06, 0x00, 0x03, 0x35, 0xa2, 0x1f,
	0xb7, 0xc8, 0x00, 0x00, 0x33, 0x05, 0xa7, 0x00, 0x33, 0x05, 0x15, 0x01, 0x23, 0x20,
	0xd5, 0x62, 0x13, 0x05, 0x00, 0x40, 0x33, 0x15, 0xb5, 0x00, 0x63, 0x0a, 0x08, 0x0c,
	0x83, 0x66, 0xb2, 0x1f, 0x9b, 0x86, 0x06, 0x00, 0x63, 0x84, 0x06, 0x0c, 0xb7, 0x56,
	0x00, 0xc0, 0x9b, 0x86, 0x06, 0xb0, 0x23, 0x20, 0xd2, 0x00, 0x93, 0x06, 0x10, 0x00,
	0x23, 0x20, 0xd2, 0x00, 0xb7, 0x16, 0x0f, 0xc0, 0x23, 0x20, 0xd2, 0x00, 0x23, 0x20,
	0x02, 0x00, 0x23, 0x20, 0x02, 0x00, 0x23, 0x20, 0x02, 0x00, 0x23, 0x20, 0x02, 0x00,
	0x23, 0x20, 0x02, 0x00, 0x23, 0x20, 0x02, 0x00, 0x23, 0x20, 0x02, 0x00, 0x23, 0x20,
	0x02, 0x00, 0x23, 0x20, 0x02, 0x00, 0x23, 0x20, 0x02, 0x00, 0x23, 0x20, 0x02, 0x00,
	0x23, 0x20, 0x02, 0x00, 0x23, 0x20, 0x02, 0x00, 0x23, 0x20, 0x02, 0x00, 0x23, 0x20,
	0x02, 0x00, 0x23, 0x20, 0x02, 0x00, 0x83, 0x36, 0x42, 0x31, 0xb3, 0x76, 0xd5, 0x00,
	0xe3, 0x9c, 0x06, 0xfe, 0x83, 0x36, 0xa2, 0x1f, 0x37, 0xc8, 0x00, 0x00, 0xb3, 0x06,
	0xd7, 0x00, 0xb3, 0x86, 0x06, 0x01, 0x83, 0xa8, 0xc6, 0x3b, 0x9b, 0x88, 0x08, 0x00,
	0x83, 0x36, 0xa2, 0x1f, 0xb3, 0x06, 0xd7, 0x00, 0xb3, 0x86, 0x06, 0x01, 0x83, 0xa6,
	0x46, 0x3c, 0x93, 0x05, 0x20, 0x00, 0xbb, 0x95, 0x15, 0x01, 0x9b, 0x85, 0xf5, 0xff,
	0xb3, 0xf6, 0xb6, 0x00, 0x9b, 0x86, 0x06, 0x00, 0x83, 0x35, 0xa2, 0x1f, 0xb3, 0x05,
	0xb7, 0x00, 0xb3, 0x85, 0x05, 0x01, 0x23, 0xac, 0xd5, 0x3a, 0x83, 0x35, 0xa2, 0x1f,
	0xb3, 0x05, 0xb7, 0x00, 0xb3, 0x85, 0x05, 0x01, 0x23, 0xa0, 0xd5, 0x3c, 0x83, 0x35,
	0xa2, 0x1f, 0xb7, 0xc6, 0x00, 0x00, 0xb3, 0x05, 0xb7, 0x00, 0xb3, 0x85, 0xd5, 0x00,
	0x83, 0xa5, 0x85, 0x3e, 0x9b, 0x85, 0x05, 0x00, 0x03, 0x68, 0x02, 0x1f, 0x13, 0x18,
	0x08, 0x02, 0x13, 0x58, 0x08, 0x02, 0x23, 0x3e, 0x02, 0x01, 0x93, 0xf5, 0xf5, 0x00,
	0x93, 0xe5, 0x05, 0x10, 0xa3, 0x22, 0xb2, 0x0a, 0x03, 0x20, 0x42, 0x31, 0x83, 0x35,
	0xa2, 0x1f, 0xb3, 0x05, 0xb7, 0x00, 0xb3, 0x85, 0xd5, 0x00, 0x03, 0xae, 0x85, 0x37,
	0x1b, 0x0e, 0x0e, 0x00, 0x83, 0x35, 0xa2, 0x1f, 0xb3, 0x05, 0xb7, 0x00, 0xb3, 0x85,
	0xd5, 0x00, 0x03, 0xa8, 0xc5, 0x37, 0x13, 0x13, 0x0e, 0x02, 0x13, 0x53, 0x03, 0x02,
	0x93, 0x15, 0x08, 0x02, 0x9b, 0x08, 0x08, 0x00, 0xb3, 0xe5, 0x65, 0x00, 0x03, 0x38,
	0xa2, 0x1f, 0x33, 0x08, 0x07, 0x01, 0x33, 0x08, 0xd8, 0x00, 0x03, 0x28, 0x88, 0x3e,
	0x1b, 0x53, 0x88, 0x01, 0x13, 0x73, 0x33, 0x00, 0x1b, 0x08, 0x08, 0x00, 0x23, 0x22,
	0x62, 0x32, 0x23, 0xa0, 0xc5, 0x21, 0x23, 0xa2, 0x15, 0x21, 0x83, 0x38, 0xa2, 0x1f,
	0xb3, 0x08, 0x17, 0x01, 0xb3, 0x88, 0xd8, 0x00, 0x83, 0xa8, 0x08, 0x38, 0x9b, 0x88,
	0x08, 0x00, 0x23, 0xa4, 0x15, 0x21, 0x83, 0x38, 0xa2, 0x1f, 0xb3, 0x08, 0x17, 0x01,
	0xb3, 0x88, 0xd8, 0x00, 0x83, 0xa8, 0x48, 0x38, 0x9b, 0x88, 0x08, 0x00, 0x23, 0xa6,
	0x15, 0x21, 0x83, 0x38, 0xa2, 0x1f, 0xb3, 0x08, 0x17, 0x01, 0xb3, 0x88, 0xd8, 0x00,
	0x83, 0xa8, 0x08, 0x39, 0x9b, 0x88, 0x08, 0x00, 0x23, 0xac, 0x15, 0x21, 0x83, 0x38,
	0xa2, 0x1f, 0xb3, 0x08, 0x17, 0x01, 0xb3, 0x88, 0xd8, 0x00, 0x83, 0xa8, 0x48, 0x39,
	0x9b, 0x88, 0x08, 0x00, 0x23, 0xae, 0x15, 0x21, 0x83, 0x38, 0xa2, 0x1f, 0xb3, 0x08,
	0x17, 0x01, 0xb3, 0x88, 0xd8, 0x00, 0x83, 0xa8, 0x88, 0x39, 0x9b, 0x88, 0x08, 0x00,
	0x23, 0xa0, 0x15, 0x23, 0x83, 0x38, 0xa2, 0x1f, 0xb3, 0x08, 0x17, 0x01, 0xb3, 0x88,
	0xd8, 0x00, 0x83, 0xa8, 0xc8, 0x39, 0x9b, 0x88, 0x08, 0x00, 0x23, 0xa2, 0x15, 0x23,
	0x23, 0xa4, 0x05, 0x22, 0x83, 0x38, 0xa2, 0x1f, 0xb3, 0x08, 0x17, 0x01, 0xb3, 0x88,
	0xd8, 0x00, 0x83, 0xa8, 0x48, 0x3a, 0x9b, 0x88, 0x08, 0x00, 0x23, 0xa6, 0x15, 0x23,
	0x83, 0x38, 0xa2, 0x1f, 0xb3, 0x08, 0x17, 0x01, 0xb3, 0x88, 0xd8, 0x00, 0x83, 0xa8,
	0x88, 0x3a, 0x9b, 0x88, 0x08, 0x00, 0x23, 0xa8, 0x15, 0x23, 0x83, 0x38, 0xa2, 0x1f,
	0xb3, 0x08, 0x17, 0x01, 0xb3, 0x88, 0xd8, 0x00, 0x83, 0xa8, 0xc8, 0x3a, 0x9b, 0x88,
	0x08, 0x00, 0x23, 0xaa, 0x15, 0x23, 0x83, 0x38, 0xa2, 0x1f, 0xb3, 0x08, 0x17, 0x01,
	0xb3, 0x88, 0xd8, 0x00, 0x83, 0xa8, 0x08, 0x3b, 0x9b, 0x88, 0x08, 0x00, 0x23, 0xac,
	0x15, 0x23, 0x83, 0x38, 0xa2, 0x1f, 0xb3, 0x08, 0x17, 0x01, 0xb3, 0x88, 0xd8, 0x00,
	0x83, 0xa8, 0x48, 0x3b, 0x9b, 0x88, 0x08, 0x00, 0x23, 0xae, 0x15, 0x23, 0x83, 0x38,
	0xa2, 0x1f, 0xb3, 0x08, 0x17, 0x01, 0xb3, 0x88, 0xd8, 0x00, 0x83, 0xa8, 0x88, 0x3b,
	0x9b, 0x88, 0x08, 0x00, 0x23, 0xa0, 0x15, 0x25, 0x83, 0x38, 0xa2, 0x1f, 0xb3, 0x08,
	0x17, 0x01, 0xb3, 0x88, 0xd8, 0x00, 0x83, 0xa8, 0xc8, 0x3b, 0x9b, 0x88, 0x08, 0x00,
	0x23, 0xa2, 0x15, 0x25, 0x83, 0x38, 0xa2, 0x1f, 0xb3, 0x08, 0x17, 0x01, 0xb3, 0x88,
	0xd8, 0x00, 0x83, 0xa8, 0x08, 0x3c, 0x9b, 0x88, 0x08, 0x00, 0x23, 0xa8, 0x15, 0x25,
	0x83, 0x38, 0xa2, 0x1f, 0xb3, 0x08, 0x17, 0x01, 0xb3, 0x88, 0xd8, 0x00, 0x83, 0xa8,
	0x48, 0x3c, 0x9b, 0x88, 0x08, 0x00, 0x23, 0xaa, 0x15, 0x25, 0x83, 0x38, 0xa2, 0x1f,
	0xb3, 0x08, 0x17, 0x01, 0xb3, 0x88, 0xd8, 0x00, 0x83, 0xa8, 0x88, 0x3c, 0x9b, 0x88,
	0x08, 0x00, 0x23, 0xac, 0x15, 0x25, 0x83, 0x38, 0xa2, 0x1f, 0xb3, 0x08, 0x17, 0x01,
	0xb3, 0x88, 0xd8, 0x00, 0x83, 0xa8, 0x08, 0x3d, 0x9b, 0x88, 0x08, 0x00, 0x23, 0xa8,
	0x15, 0x27, 0x83, 0x38, 0xa2, 0x1f, 0xb3, 0x08, 0x17, 0x01, 0xb3, 0x88, 0xd8, 0x00,
	0x83, 0xa8, 0x48, 0x3d, 0x9b, 0x88, 0x08, 0x00, 0x23, 0xaa, 0x15, 0x27, 0x83, 0x38,
	0xa2, 0x1f, 0xb3, 0x08, 0x17, 0x01, 0xb3, 0x88, 0xd8, 0x00, 0x83, 0xa8, 0x08, 0x3e,
	0x9b, 0x88, 0x08, 0x00, 0x23, 0xa0, 0x15, 0x29, 0x83, 0x38, 0xa2, 0x1f, 0xb3, 0x08,
	0x17, 0x01, 0xb3, 0x88, 0xd8, 0x00, 0x83, 0xa8, 0x48, 0x3e, 0x9b, 0x88, 0x08, 0x00,
	0x23, 0xa2, 0x15, 0x29, 0xb7, 0xf8, 0xff, 0xff, 0x93, 0x88, 0xf8, 0xff, 0x33, 0x78,
	0x18, 0x01, 0x23, 0xa4, 0x05, 0x29, 0x03, 0x38, 0xa2, 0x1f, 0x33, 0x08, 0x07, 0x01,
	0x33, 0x08, 0xd8, 0x00, 0x23, 0x22, 0x08, 0x3c, 0x03, 0x38, 0xa2, 0x1f, 0x33, 0x08,
	0x07, 0x01, 0x33, 0x08, 0xd8, 0x00, 0x23, 0x24, 0x08, 0x3c, 0x03, 0x38, 0xa2, 0x1f,
	0x33, 0x08, 0x07, 0x01, 0x33, 0x08, 0xd8, 0x00, 0x23, 0x20, 0x08, 0x3c, 0x03, 0x38,
	0xa2, 0x1f, 0x33, 0x08, 0x07, 0x01, 0xb3, 0x06, 0xd8, 0x00, 0x23, 0xa0, 0x06, 0x3a,
	0xb7, 0x56, 0x00, 0xc0, 0x9b, 0x86, 0x06, 0xb0, 0x23, 0x20, 0xd2, 0x00, 0x93, 0x06,
	0x10, 0x00, 0x23, 0x20, 0xd2, 0x00, 0xb7, 0x16, 0x0f, 0xc0, 0x23, 0x20, 0xd2, 0x00,
	0x23, 0x20, 0x02, 0x00, 0x23, 0x20, 0x02, 0x00, 0x23, 0x20, 0x02, 0x00, 0x23, 0x20,
	0x02, 0x00, 0x23, 0x20, 0x02, 0x00, 0x23, 0x20, 0x02, 0x00, 0x23, 0x20, 0x02, 0x00,
	0x23, 0x20, 0x02, 0x00, 0x23, 0x20, 0x02, 0x00, 0x23, 0x20, 0x02, 0x00, 0x23, 0x20,
	0x02, 0x00, 0x23, 0x20, 0x02, 0x00, 0x23, 0x20, 0x02, 0x00, 0x23, 0x20, 0x02, 0x00,
	0x23, 0x20, 0x02, 0x00, 0x23, 0x20, 0x02, 0x00, 0x83, 0x36, 0x42, 0x31, 0xb3, 0x76,
	0xd5, 0x00, 0xe3, 0x9c, 0x06, 0xfe, 0x83, 0x66, 0x22, 0x01, 0x9b, 0x86, 0x06, 0x00,
	0xe3, 0x9c, 0x06, 0xfe, 0x23, 0xa4, 0x05, 0x20, 0x83, 0x36, 0xa2, 0x1f, 0xb7, 0xc5,
	0x00, 0x00, 0xb3, 0x06, 0xd7, 0x00, 0xb3, 0x86, 0xb6, 0x00, 0x23, 0xa0, 0x06, 0x38,
	0x83, 0x66, 0x02, 0x1f, 0x93, 0x96, 0x06, 0x02, 0x93, 0xd6, 0x06, 0x02, 0x23, 0x3e,
	0xd2, 0x00, 0xa3, 0x22, 0x02, 0x0a, 0x03, 0x20, 0x42, 0x31, 0x83, 0x36, 0xa2, 0x1f,
	0x33, 0x07, 0xd7, 0x00, 0xb7, 0xc6, 0x00, 0x00, 0x33, 0x07, 0xd7, 0x00, 0x23, 0x26,
	0x07, 0x3c, 0x03, 0x67, 0xb2, 0x1f, 0x1b, 0x07, 0x07, 0x00, 0x63, 0x14, 0x07, 0x00,
	0x6f, 0xe0, 0x1f, 0xd6, 0x13, 0x07, 0x10, 0x00, 0x23, 0x28, 0xe2, 0x02, 0x03, 0x67,
	0x02, 0x02, 0x13, 0x77, 0x27, 0x00, 0xe3, 0x0c, 0x07, 0xfe, 0x03, 0x27, 0xc6, 0xac,
	0x1b, 0x07, 0x07, 0x00, 0x23, 0x20, 0xe1, 0x04, 0x03, 0x27, 0x01, 0x04, 0x63, 0x0e,
	0x07, 0x02, 0x73, 0x27, 0x40, 0xf1, 0x93, 0x06, 0x10, 0x00, 0x1b, 0x07, 0x07, 0x00,
	0x63, 0x14, 0xd7, 0x00, 0x6f, 0x10, 0x50, 0x16, 0x23, 0x01, 0x01, 0x04, 0x03, 0x47,
	0x21, 0x04, 0x63, 0x18, 0x07, 0x00, 0x03, 0x47, 0x31, 0x04, 0x63, 0x14, 0x07, 0x00,
	0x23, 0x20, 0x01, 0x04, 0x03, 0x27, 0x01, 0x04, 0x1b, 0x07, 0x07, 0x00, 0x23, 0x26,
	0xe6, 0xac, 0x13, 0x07, 0x10, 0x00, 0xa3, 0x28, 0xe2, 0x02, 0xa3, 0x2d, 0x02, 0x1e,
	0x6f, 0xe0, 0x1f, 0xcf, 0x13, 0x07, 0x90, 0x00, 0xa3, 0x2c, 0xe2, 0x08, 0x6f, 0xe0,
	0x5f, 0xce, 0x03, 0x67, 0x92, 0x0a, 0xb7, 0x85, 0x00, 0x00, 0xb3, 0x05, 0xb5, 0x00,
	0x03, 0xa8, 0x65, 0x61, 0xf3, 0x27, 0x40, 0xf1, 0x1b, 0x08, 0x08, 0x00, 0x03, 0x36,
	0xa2, 0x1f, 0x9b, 0x97, 0x27, 0x00, 0x1b, 0x17, 0x47, 0x00, 0x13, 0x77, 0x07, 0x07,
	0x93, 0xf7, 0xc7, 0x00, 0xb3, 0xe7, 0xe7, 0x00, 0x93, 0x97, 0x47, 0x02, 0x33, 0x06,
	0xf6, 0x00, 0x37, 0xc7, 0x00, 0x00, 0x33, 0x06, 0xe6, 0x00, 0x23, 0x2c, 0x06, 0x3b,
	0x83, 0xa5, 0x65, 0x61, 0x9b, 0x85, 0x05, 0x00, 0x03, 0x36, 0xa2, 0x1f, 0x33, 0x06,
	0xf6, 0x00, 0x33, 0x06, 0xe6, 0x00, 0x23, 0x20, 0xb6, 0x3c, 0x03, 0x36, 0xa2, 0x1f,
	0xb3, 0x07, 0xf6, 0x00, 0x33, 0x07, 0xf7, 0x00, 0x83, 0x67, 0x07, 0x3c, 0x63, 0x82,
	0x07, 0x00, 0x23, 0xac, 0x01, 0x84, 0x6f, 0xf0, 0xcf, 0xe4, 0xb7, 0x05, 0x00, 0x80,
	0x6f, 0xf0, 0x9f, 0x8a, 0xb7, 0x97, 0x00, 0xc0, 0x9b, 0x87, 0x07, 0x40, 0x23, 0x20,
	0xf2, 0x00, 0x23, 0x20, 0x02, 0x00, 0x6f, 0xf0, 0xcf, 0xce, 0x13, 0x07, 0x10, 0x00,
	0x23, 0xac, 0xe1, 0xb4, 0x6f, 0xe0, 0x5f, 0xc4, 0x13, 0x07, 0x70, 0x00, 0xa3, 0x2c,
	0xe2, 0x08, 0x6f, 0xe0, 0x1f, 0xc4, 0x13, 0x57, 0x87, 0x00, 0x13, 0x77, 0x37, 0x00,
	0x93, 0x06, 0x10, 0x00, 0x63, 0x14, 0xd7, 0x00, 0x6f, 0x10, 0xd0, 0x0e, 0x03, 0x67,
	0x22, 0x04, 0xb7, 0x06, 0x00, 0xc0, 0x33, 0x77, 0xd7, 0x00, 0x1b, 0x07, 0x07, 0x00,
	0xb7, 0x06, 0x00, 0x80, 0x63, 0x04, 0xd7, 0x00, 0x6f, 0xe0, 0x9f, 0xc0, 0x37, 0x57,
	0x00, 0xc0, 0x1b, 0x07, 0x07, 0xb0, 0x23, 0x20, 0xe2, 0x00, 0x13, 0x07, 0x10, 0x00,
	0x23, 0x20, 0xe2, 0x00, 0x37, 0x17, 0x0f, 0xc0, 0x23, 0x20, 0xe2, 0x00, 0x23, 0x20,
	0x02, 0x00, 0x23, 0x20, 0x02, 0x00, 0x23, 0x20, 0x02, 0x00, 0x23, 0x20, 0x02, 0x00,
	0x23, 0x20, 0x02, 0x00, 0x23, 0x20, 0x02, 0x00, 0x23, 0x20, 0x02, 0x00, 0x23, 0x20,
	0x02, 0x00, 0x23, 0x20, 0x02, 0x00, 0x23, 0x20, 0x02, 0x00, 0x23, 0x20, 0x02, 0x00,
	0x23, 0x20, 0x02, 0x00, 0x23, 0x20, 0x02, 0x00, 0x23, 0x20, 0x02, 0x00, 0x23, 0x20,
	0x02, 0x00, 0x23, 0x20, 0x02, 0x00, 0x93, 0x06, 0x00, 0x40, 0xb3, 0x96, 0xc6, 0x00,
	0x03, 0x37, 0x42, 0x31, 0x33, 0xf7, 0xe6, 0x00, 0xe3, 0x1c, 0x07, 0xfe, 0x03, 0x66,
	0x22, 0x04, 0x93, 0x06, 0x10, 0x00, 0x1b, 0x57, 0xf6, 0x01, 0xa3, 0x23, 0xd2, 0x06,
	0xb7, 0x06, 0xff, 0xbf, 0x13, 0x17, 0xe7, 0x01, 0x93, 0x86, 0xf6, 0x0f, 0xb3, 0xf6,
	0xc6, 0x00, 0x13, 0x67, 0x07, 0x20, 0x33, 0x67, 0xd7, 0x00, 0x1b, 0x07, 0x07, 0x00,
	0x93, 0x85, 0x0c, 0x00, 0x23, 0xa8, 0xec, 0xee, 0x37, 0x06, 0x00, 0xc0, 0xb7, 0x06,
	0x00, 0x40, 0x03, 0x67, 0x22, 0x04, 0x33, 0x77, 0xc7, 0x00, 0x1b, 0x07, 0x07, 0x00,
	0xe3, 0x1a, 0xd7, 0xfe, 0x23, 0xa8, 0x05, 0xee, 0x03, 0xe7, 0x05, 0xef, 0x63, 0x02,
	0x07, 0x00, 0xa3, 0x23, 0x02, 0x06, 0x6f, 0xe0, 0x9f, 0xb3, 0x93, 0x6f, 0x07, 0x30,
	0x93, 0xff, 0x7f, 0x30, 0x83, 0x3e, 0xa2, 0x1f, 0xb3, 0x8e, 0xd6, 0x01, 0xb3, 0x8e,
	0xae, 0x00, 0x23, 0xa0, 0xfe, 0x63, 0x83, 0x3e, 0xa2, 0x1f, 0xb3, 0x8e, 0xd6, 0x01,
	0xb3, 0x8e, 0xae, 0x00, 0x83, 0xae, 0xce, 0x3b, 0x9b, 0x8e, 0x0e, 0x00, 0x83, 0x3f,
	0xa2, 0x1f, 0xb3, 0x8f, 0xf6, 0x01, 0xb3, 0x8f, 0xaf, 0x00, 0x83, 0xaf, 0x4f, 0x3c,
	0x13, 0x0a, 0x20, 0x00, 0xbb, 0x1e, 0xda, 0x01, 0x9b, 0x8e, 0xfe, 0xff, 0xb3, 0xfe,
	0xdf, 0x01, 0x9b, 0x8e, 0x0e, 0x00, 0x83, 0x3f, 0xa2, 0x1f, 0xb3, 0x8f, 0xf6, 0x01,
	0xb3, 0x8f, 0xaf, 0x00, 0x23, 0xac, 0xdf, 0x3b, 0x83, 0x3f, 0xa2, 0x1f, 0xb3, 0x8f,
	0xf6, 0x01, 0xb3, 0x8f, 0xaf, 0x00, 0x23, 0xa0, 0xdf, 0x3d, 0x83, 0x3e, 0xa2, 0x1f,
	0xb3, 0x8e, 0xd6, 0x01, 0xb3, 0x8e, 0xae, 0x00, 0x83, 0xae, 0x8e, 0x3e, 0x9b, 0x8e,
	0x0e, 0x00, 0x83, 0x6f, 0x02, 0x1f, 0x93, 0x9f, 0x0f, 0x02, 0x93, 0xdf, 0x0f, 0x02,
	0x23, 0x3e, 0xf2, 0x01, 0x93, 0xfe, 0xfe, 0x00, 0x93, 0xee, 0x0e, 0x10, 0xa3, 0x22,
	0xd2, 0x0b, 0x03, 0x20, 0x42, 0x31, 0x83, 0x3e, 0xa2, 0x1f, 0xb3, 0x8e, 0xd6, 0x01,
	0xb3, 0x8e, 0xae, 0x00, 0x83, 0xae, 0x8e, 0x37, 0x1b, 0x8a, 0x0e, 0x00, 0x83, 0x3e,
	0xa2, 0x1f, 0xb3, 0x8e, 0xd6, 0x01, 0xb3, 0x8e, 0xae, 0x00, 0x83, 0xaf, 0xce, 0x37,
	0x23, 0x34, 0x41, 0x01, 0x83, 0x6e, 0x81, 0x00, 0x13, 0x9a, 0x0f, 0x02, 0x9b, 0x8f,
	0x0f, 0x00, 0x23, 0x38, 0xf1, 0x01, 0xb3, 0x6e, 0xda, 0x01, 0x83, 0x3f, 0xa2, 0x1f,
	0xb3, 0x8f, 0xf6, 0x01, 0xb3, 0x8f, 0xaf, 0x00, 0x03, 0xaa, 0x8f, 0x3e, 0x9b, 0x5f,
	0x8a, 0x01, 0x93, 0xff, 0x3f, 0x00, 0x1b, 0x0a, 0x0a, 0x00, 0x23, 0x22, 0xf2, 0x33,
	0x83, 0x3f, 0x81, 0x00, 0x23, 0xa0, 0xfe, 0x21, 0x83, 0x3f, 0x01, 0x01, 0x23, 0xa2,
	0xfe, 0x21, 0x83, 0x3f, 0xa2, 0x1f, 0xb3, 0x8f, 0xf6, 0x01, 0xb3, 0x8f, 0xaf, 0x00,
	0x83, 0xaf, 0x0f, 0x38, 0x9b, 0x8f, 0x0f, 0x00, 0x23, 0xa4, 0xfe, 0x21, 0x83, 0x3f,
	0xa2, 0x1f, 0xb3, 0x8f, 0xf6, 0x01, 0xb3, 0x8f, 0xaf, 0x00, 0x83, 0xaf, 0x4f, 0x38,
	0x9b, 0x8f, 0x0f, 0x00, 0x23, 0xa6, 0xfe, 0x21, 0x83, 0x3f, 0xa2, 0x1f, 0xb3, 0x8f,
	0xf6, 0x01, 0xb3, 0x8f, 0xaf, 0x00, 0x83, 0xaf, 0x0f, 0x39, 0x9b, 0x8f, 0x0f, 0x00,
	0x23, 0xac, 0xfe, 0x21, 0x83, 0x3f, 0xa2, 0x1f, 0xb3, 0x8f, 0xf6, 0x01, 0xb3, 0x8f,
	0xaf, 0x00, 0x83, 0xaf, 0x4f, 0x39, 0x9b, 0x8f, 0x0f, 0x00, 0x23, 0xae, 0xfe, 0x21,
	0x83, 0x3f, 0xa2, 0x1f, 0xb3, 0x8f, 0xf6, 0x01, 0xb3, 0x8f, 0xaf, 0x00, 0x83, 0xaf,
	0x8f, 0x39, 0x9b, 0x8f, 0x0f, 0x00, 0x23, 0xa0, 0xfe, 0x23, 0x83, 0x3f, 0xa2, 0x1f,
	0xb3, 0x8f, 0xf6, 0x01, 0xb3, 0x8f, 0xaf, 0x00, 0x83, 0xaf, 0xcf, 0x39, 0x9b, 0x8f,
	0x0f, 0x00, 0x23, 0xa2, 0xfe, 0x23, 0x23, 0xa4, 0x0e, 0x22, 0x83, 0x3f, 0xa2, 0x1f,
	0xb3, 0x8f, 0xf6, 0x01, 0xb3, 0x8f, 0xaf, 0x00, 0x83, 0xaf, 0x4f, 0x3a, 0x9b, 0x8f,
	0x0f, 0x00, 0x23, 0xa6, 0xfe, 0x23, 0x83, 0x3f, 0xa2, 0x1f, 0xb3, 0x8f, 0xf6, 0x01,
	0xb3, 0x8f, 0xaf, 0x00, 0x83, 0xaf, 0x8f, 0x3a, 0x9b, 0x8f, 0x0f, 0x00, 0x23, 0xa8,
	0xfe, 0x23, 0x83, 0x3f, 0xa2, 0x1f, 0xb3, 0x8f, 0xf6, 0x01, 0xb3, 0x8f, 0xaf, 0x00,
	0x83, 0xaf, 0xcf, 0x3a, 0x9b, 0x8f, 0x0f, 0x00, 0x23, 0xaa, 0xfe, 0x23, 0x83, 0x3f,
	0xa2, 0x1f, 0xb3, 0x8f, 0xf6, 0x01, 0xb3, 0x8f, 0xaf, 0x00, 0x83, 0xaf, 0x0f, 0x3b,
	0x9b, 0x8f, 0x0f, 0x00, 0x23, 0xac, 0xfe, 0x23, 0x83, 0x3f, 0xa2, 0x1f, 0xb3, 0x8f,
	0xf6, 0x01, 0xb3, 0x8f, 0xaf, 0x00, 0x83, 0xaf, 0x4f, 0x3b, 0x9b, 0x8f, 0x0f, 0x00,
	0x23, 0xae, 0xfe, 0x23, 0x83, 0x3f, 0xa2, 0x1f, 0xb3, 0x8f, 0xf6, 0x01, 0xb3, 0x8f,
	0xaf, 0x00, 0x83, 0xaf, 0x8f, 0x3b, 0x9b, 0x8f, 0x0f, 0x00, 0x23, 0xa0, 0xfe, 0x25,
	0x83, 0x3f, 0xa2, 0x1f, 0xb3, 0x8f, 0xf6, 0x01, 0xb3, 0x8f, 0xaf, 0x00, 0x83, 0xaf,
	0xcf, 0x3b, 0x9b, 0x8f, 0x0f, 0x00, 0x23, 0xa2, 0xfe, 0x25, 0x83, 0x3f, 0xa2, 0x1f,
	0xb3, 0x8f, 0xf6, 0x01, 0xb3, 0x8f, 0xaf, 0x00, 0x83, 0xaf, 0x0f, 0x3c, 0x9b, 0x8f,
	0x0f, 0x00, 0x23, 0xa8, 0xfe, 0x25, 0x83, 0x3f, 0xa2, 0x1f, 0xb3, 0x8f, 0xf6, 0x01,
	0xb3, 0x8f, 0xaf, 0x00, 0x83, 0xaf, 0x4f, 0x3c, 0x9b, 0x8f, 0x0f, 0x00, 0x23, 0xaa,
	0xfe, 0x25, 0x83, 0x3f, 0xa2, 0x1f, 0xb3, 0x8f, 0xf6, 0x01, 0xb3, 0x8f, 0xaf, 0x00,
	0x83, 0xaf, 0x8f, 0x3c, 0x9b, 0x8f, 0x0f, 0x00, 0x23, 0xac, 0xfe, 0x25, 0x83, 0x3f,
	0xa2, 0x1f, 0xb3, 0x8f, 0xf6, 0x01, 0xb3, 0x8f, 0xaf, 0x00, 0x83, 0xaf, 0x0f, 0x3d,
	0x9b, 0x8f, 0x0f, 0x00, 0x23, 0xa8, 0xfe, 0x27, 0x83, 0x3f, 0xa2, 0x1f, 0xb3, 0x8f,
	0xf6, 0x01, 0xb3, 0x8f, 0xaf, 0x00, 0x83, 0xaf, 0x4f, 0x3d, 0x9b, 0x8f, 0x0f, 0x00,
	0x23, 0xaa, 0xfe, 0x27, 0x83, 0x3f, 0xa2, 0x1f, 0xb3, 0x8f, 0xf6, 0x01, 0xb3, 0x8f,
	0xaf, 0x00, 0x83, 0xaf, 0x0f, 0x3e, 0x9b, 0x8f, 0x0f, 0x00, 0x23, 0xa0, 0xfe, 0x29,
	0x83, 0x3f, 0xa2, 0x1f, 0xb3, 0x8f, 0xf6, 0x01, 0xb3, 0x8f, 0xaf, 0x00, 0x83, 0xaf,
	0x4f, 0x3e, 0x33, 0x7a, 0x3a, 0x01, 0x1b, 0x0a, 0x0a, 0x00, 0x9b, 0x8f, 0x0f, 0x00,
	0x23, 0xa2, 0xfe, 0x29, 0x23, 0xa4, 0x4e, 0x29, 0x83, 0x3f, 0xa2, 0x1f, 0xb3, 0x8f,
	0xf6, 0x01, 0xb3, 0x8f, 0xaf, 0x00, 0x23, 0xa2, 0x0f, 0x3c, 0x83, 0x3f, 0xa2, 0x1f,
	0xb3, 0x8f, 0xf6, 0x01, 0xb3, 0x8f, 0xaf, 0x00, 0x23, 0xa4, 0x0f, 0x3c, 0x83, 0x3f,
	0xa2, 0x1f, 0xb3, 0x8f, 0xf6, 0x01, 0xb3, 0x8f, 0xaf, 0x00, 0x23, 0xa0, 0x0f, 0x3c,
	0x83, 0x3f, 0xa2, 0x1f, 0xb3, 0x8f, 0xf6, 0x01, 0xb3, 0x8f, 0xaf, 0x00, 0x23, 0xa0,
	0x0f, 0x3a, 0x83, 0x2f, 0x01, 0x00, 0x23, 0x20, 0xf2, 0x01, 0x93, 0x0f, 0x10, 0x00,
	0x23, 0x20, 0xf2, 0x01, 0x23, 0x20, 0x52, 0x01, 0x23, 0x20, 0x02, 0x00, 0x23, 0x20,
	0x02, 0x00, 0x23, 0x20, 0x02, 0x00, 0x23, 0x20, 0x02, 0x00, 0x23, 0x20, 0x02, 0x00,
	0x23, 0x20, 0x02, 0x00, 0x23, 0x20, 0x02, 0x00, 0x23, 0x20, 0x02, 0x00, 0x23, 0x20,
	0x02, 0x00, 0x23, 0x20, 0x02, 0x00, 0x23, 0x20, 0x02, 0x00, 0x23, 0x20, 0x02, 0x00,
	0x23, 0x20, 0x02, 0x00, 0x23, 0x20, 0x02, 0x00, 0x23, 0x20, 0x02, 0x00, 0x23, 0x20,
	0x02, 0x00, 0x83, 0x3f, 0x42, 0x31, 0xb3, 0x7f, 0xfe, 0x01, 0xe3, 0x9c, 0x0f, 0xfe,
	0x83, 0x6f, 0x22, 0x01, 0x9b, 0x8f, 0x0f, 0x00, 0xe3, 0x9c, 0x0f, 0xfe, 0x23, 0xa4,
	0x0e, 0x20, 0x83, 0x3e, 0xa2, 0x1f, 0xb3, 0x86, 0xd6, 0x01, 0xb3, 0x86, 0xa6, 0x00,
	0x23, 0xa0, 0x06, 0x38, 0x83, 0x66, 0x02, 0x1f, 0x93, 0x96, 0x06, 0x02, 0x93, 0xd6,
	0x06, 0x02, 0x23, 0x3e, 0xd2, 0x00, 0xa3, 0x22, 0x02, 0x0a, 0x03, 0x20, 0x42, 0x31,
	0x6f, 0xe0, 0x1f, 0xa0, 0x13, 0x07, 0x10, 0x00, 0x6f, 0xe0, 0x1f, 0x9b, 0x13, 0x76,
	0x16, 0x00, 0x63, 0x14, 0x06, 0x00, 0x6f, 0xe0, 0x1f, 0xd0, 0x37, 0x05, 0x00, 0x80,
	0x93, 0x05, 0xd5, 0x00, 0x23, 0xa4, 0xb6, 0xec, 0x03, 0xe6, 0x86, 0xec, 0x63, 0x02,
	0x06, 0x00, 0x03, 0xa6, 0x86, 0xec, 0x33, 0x76, 0xb6, 0x00, 0x1b, 0x06, 0x06, 0x00,
	0x63, 0x04, 0xb6, 0x00, 0x6f, 0xe0, 0x9f, 0xcd, 0x13, 0x06, 0x10, 0x00, 0x23, 0xa6,
	0xc1, 0xb4, 0x03, 0xa6, 0x06, 0xac, 0x13, 0x05, 0x05, 0x50, 0x13, 0x76, 0xf6, 0x0f,
	0x33, 0x66, 0xa6, 0x00, 0x1b, 0x06, 0x06, 0x00, 0x83, 0x35, 0xa2, 0x1f, 0x37, 0xc5,
	0x00, 0x00, 0xb3, 0x85, 0xe5, 0x00, 0xb3, 0x85, 0xa5, 0x00, 0x23, 0xac, 0xc5, 0x3c,
	0x13, 0x06, 0x10, 0x00, 0xa3, 0x23, 0xc2, 0x06, 0xb7, 0x05, 0x00, 0x80, 0x37, 0x05,
	0x00, 0xd0, 0x13, 0x05, 0xf5, 0xff, 0x9b, 0x85, 0x15, 0x00, 0x73, 0x26, 0x40, 0xf1,
	0x13, 0x76, 0x36, 0x00, 0x1b, 0x16, 0xc6, 0x01, 0xb3, 0xf5, 0xa5, 0x00, 0x37, 0x05,
	0x80, 0xfc, 0xb3, 0xe5, 0xc5, 0x00, 0x13, 0x05, 0xf5, 0xff, 0x13, 0x46, 0x18, 0x00,
	0x1b, 0x16, 0x76, 0x01, 0xb3, 0xf5, 0xa5, 0x00, 0xb3, 0xe5, 0xc5, 0x00, 0x9b, 0x85,
	0x05, 0x00, 0x23, 0xa6, 0xb6, 0xe0, 0x03, 0xa6, 0xc6, 0xe0, 0x13, 0x76, 0x16, 0x00,
	0xe3, 0x0a, 0x06, 0xfe, 0x23, 0xa6, 0x06, 0xe0, 0xa3, 0x23, 0x02, 0x06, 0x83, 0x66,
	0x92, 0x0a, 0x9b, 0x86, 0x06, 0x00, 0x63, 0x84, 0x06, 0x01, 0x6f, 0xe0, 0x9f, 0xc3,
	0x83, 0x36, 0xa2, 0x1f, 0x37, 0xc6, 0x00, 0x00, 0xb3, 0x86, 0xe6, 0x00, 0xb3, 0x86,
	0xc6, 0x00, 0x83, 0xa6, 0x86, 0x34, 0x13, 0x06, 0xc0, 0x00, 0x93, 0x86, 0xd6, 0x01,
	0x93, 0xf6, 0xf6, 0x01, 0x63, 0x74, 0xd6, 0x00, 0x6f, 0xe0, 0x1f, 0xc1, 0x93, 0x06,
	0x70, 0x00, 0xa3, 0x2c, 0xd2, 0x08, 0x93, 0x06, 0x10, 0x00, 0x23, 0xa4, 0xd1, 0xb4,
	0x6f, 0xe0, 0xdf, 0xbf, 0x1b, 0xd6, 0x17, 0x00, 0x93, 0x75, 0x16, 0x00, 0x13, 0x76,
	0xf6, 0x07, 0x63, 0x92, 0x05, 0x02, 0x1b, 0x56, 0x16, 0x40, 0x13, 0x76, 0x36, 0x00,
	0x63, 0x1c, 0x06, 0x00, 0x93, 0xf7, 0x17, 0xf0, 0x93, 0xe7, 0xc7, 0x00, 0x23, 0xa4,
	0xfc, 0xec, 0x83, 0xe7, 0x8c, 0xec, 0x63, 0x82, 0x07, 0x00, 0x83, 0xa7, 0x06, 0xac,
	0x37, 0x06, 0x00, 0x80, 0x13, 0x06, 0x06, 0x50, 0x93, 0xf7, 0xf7, 0x0f, 0xb3, 0xe7,
	0xc7, 0x00, 0x9b, 0x87, 0x07, 0x00, 0x03, 0x36, 0xa2, 0x1f, 0xb7, 0xc5, 0x00, 0x00,
	0x33, 0x86, 0xc9, 0x00, 0x33, 0x06, 0xb6, 0x00, 0x23, 0x2c, 0xf6, 0x3c, 0x93, 0x57,
	0x47, 0x00, 0x13, 0x07, 0x10, 0x00, 0xa3, 0x23, 0xe2, 0x06, 0x37, 0x07, 0x00, 0x80,
	0xb7, 0x05, 0x00, 0xd0, 0x1b, 0x07, 0x17, 0x00, 0x93, 0x85, 0xf5, 0xff, 0x73, 0x26,
	0x40, 0xf1, 0x13, 0x76, 0x36, 0x00, 0x1b, 0x16, 0xc6, 0x01, 0x33, 0x77, 0xb7, 0x00,
	0x33, 0x67, 0xc7, 0x00, 0x37, 0x06, 0x80, 0xfc, 0x93, 0xc7, 0x17, 0x00, 0x13, 0x06,
	0xf6, 0xff, 0x9b, 0x97, 0x77, 0x01, 0x33, 0x77, 0xc7, 0x00, 0x33, 0x67, 0xf7, 0x00,
	0x1b, 0x07, 0x07, 0x00, 0x23, 0xa6, 0xe6, 0xe0, 0x83, 0xa7, 0xc6, 0xe0, 0x93, 0xf7,
	0x17, 0x00, 0xe3, 0x8a, 0x07, 0xfe, 0x6f, 0xe0, 0x5f, 0xf0, 0x9b, 0xd6, 0x15, 0x00,
	0x13, 0xf8, 0x16, 0x00, 0x93, 0xf6, 0xf6, 0x07, 0x63, 0x12, 0x08, 0x02, 0x9b, 0xd6,
	0x16, 0x40, 0x93, 0xf6, 0x36, 0x00, 0x63, 0x9c, 0x06, 0x00, 0x93, 0xf5, 0x15, 0xf0,
	0x93, 0xe5, 0xc5, 0x00, 0x23, 0xa4, 0xbc, 0xec, 0x83, 0xe6, 0x8c, 0xec, 0x63, 0x82,
	0x06, 0x00, 0x83, 0x26, 0x06, 0xac, 0xb7, 0x05, 0x00, 0x80, 0x93, 0x85, 0x05, 0x40,
	0x93, 0xf6, 0xf6, 0x0f, 0xb3, 0xe6, 0xb6, 0x00, 0x93, 0x05, 0x10, 0x00, 0x23, 0xaa,
	0xb1, 0xb4, 0x9b, 0x86, 0x06, 0x00, 0x83, 0x35, 0xa2, 0x1f, 0x37, 0xc8, 0x00, 0x00,
	0xb3, 0x85, 0xe5, 0x00, 0xb3, 0x85, 0x05, 0x01, 0x23, 0xac, 0xd5, 0x3c, 0x93, 0x76,
	0x75, 0x00, 0x93, 0x05, 0x10, 0x00, 0xa3, 0x23, 0xb2, 0x06, 0xb7, 0x05, 0x00, 0x80,
	0xb7, 0x08, 0x00, 0xd0, 0x9b, 0x85, 0x15, 0x00, 0x93, 0x88, 0xf8, 0xff, 0x73, 0x28,
	0x40, 0xf1, 0x13, 0x78, 0x38, 0x00, 0x1b, 0x18, 0xc8, 0x01, 0xb3, 0xf5, 0x15, 0x01,
	0xb3, 0xe5, 0x05, 0x01, 0x37, 0x08, 0x80, 0xfc, 0x93, 0xc6, 0x16, 0x00, 0x13, 0x08,
	0xf8, 0xff, 0x9b, 0x96, 0x76, 0x01, 0xb3, 0xf5, 0x05, 0x01, 0xb3, 0xe5, 0xd5, 0x00,
	0x9b, 0x85, 0x05, 0x00, 0x23, 0x26, 0xb6, 0xe0, 0x83, 0x26, 0xc6, 0xe0, 0x93, 0xf6,
	0x16, 0x00, 0xe3, 0x8a, 0x06, 0xfe, 0x6f, 0xf0, 0x4f, 0xa6, 0x83, 0x36, 0xa2, 0x1f,
	0x33, 0x87, 0xe6, 0x00, 0x33, 0x07, 0xa7, 0x00, 0xb7, 0x06, 0x00, 0x20, 0x23, 0x24,
	0xd7, 0x34, 0xa3, 0x23, 0x02, 0x06, 0x6f, 0xe0, 0x8f, 0xca, 0x3b, 0xd6, 0x55, 0x00,
	0x13, 0x76, 0x16, 0x00, 0x93, 0x96, 0x46, 0x02, 0x63, 0x14, 0x06, 0x00, 0x6f, 0xe0,
	0x0f, 0xf6, 0x03, 0x36, 0xa2, 0x1f, 0xb7, 0xc5, 0x00, 0x00, 0x33, 0x06, 0xd6, 0x00,
	0x33, 0x06, 0xb6, 0x00, 0x03, 0x26, 0x06, 0x38, 0x63, 0x14, 0x06, 0x00, 0x6f, 0xe0,
	0x4f, 0xf4, 0x03, 0x36, 0xa2, 0x1f, 0x33, 0x06, 0xd6, 0x00, 0x33, 0x06, 0xb6, 0x00,
	0x23, 0x26, 0xe6, 0x3c, 0x6f, 0xe0, 0x0f, 0xf3, 0x83, 0x27, 0x46, 0x96, 0x23, 0xa8,
	0xf1, 0xb4, 0x83, 0x27, 0x86, 0xec, 0x93, 0xd7, 0xe7, 0x01, 0x93, 0xf7, 0x17, 0x00,
	0x63, 0x94, 0x07, 0x04, 0x83, 0x67, 0x12, 0x0b, 0x37, 0x03, 0x01, 0x00, 0xb3, 0xf7,
	0x67, 0x00, 0x63, 0x84, 0x07, 0x00, 0x6f, 0x10, 0x50, 0x15, 0x37, 0x03, 0x00, 0x40,
	0x37, 0x0e, 0x01, 0x00, 0x6f, 0x00, 0x80, 0x01, 0x83, 0x67, 0x12, 0x0b, 0xb3, 0xf7,
	0xc7, 0x01, 0x9b, 0x87, 0x07, 0x00, 0x63, 0x84, 0x07, 0x00, 0x6f, 0x10, 0x50, 0x13,
	0x83, 0x27, 0x86, 0xec, 0xb3, 0xf7, 0x67, 0x00, 0x9b, 0x87, 0x07, 0x00, 0xe3, 0x80,
	0x07, 0xfe, 0x83, 0x27, 0x86, 0xec, 0x1b, 0x85, 0x07, 0x00, 0x03, 0x33, 0x52, 0x01,
	0x13, 0x73, 0x33, 0x00, 0xb3, 0x87, 0x66, 0x00, 0x03, 0xee, 0xb7, 0x00, 0x13, 0x03,
	0x13, 0x04, 0xb3, 0x86, 0x66, 0x00, 0x93, 0x07, 0x10, 0x00, 0x23, 0xa0, 0xf6, 0x00,
	0x83, 0x37, 0x32, 0x01, 0xe3, 0x9e, 0x07, 0xfe, 0x83, 0x37, 0xc6, 0xeb, 0x13, 0xd7,
	0xc7, 0x00, 0x13, 0x77, 0x37, 0x00, 0x63, 0x0a, 0x07, 0x02, 0x93, 0x06, 0xf0, 0x07,
	0x73, 0x27, 0x00, 0xb0, 0x13, 0x00, 0x00, 0x00, 0xf3, 0x27, 0x00, 0xb0, 0xb3, 0x87,
	0xe7, 0x40, 0xe3, 0xfa, 0xf6, 0xfe, 0x83, 0xa7, 0xcc, 0xeb, 0x1b, 0xd7, 0xc7, 0x00,
	0x13, 0x77, 0x37, 0x00, 0x93, 0x97, 0x07, 0x02, 0x93, 0xd7, 0x07, 0x02, 0xe3, 0x1c,
	0x07, 0xfc, 0x93, 0xf7, 0x17, 0x00, 0x63, 0x84, 0x07, 0x00, 0x23, 0xae, 0x0c, 0xea,
	0x33, 0x03, 0x62, 0x00, 0x23, 0x20, 0xc3, 0x01, 0x9b, 0x57, 0x85, 0x00, 0x37, 0x07,
	0x00, 0x80, 0x93, 0xf7, 0x17, 0x00, 0xb3, 0xe7, 0xe7, 0x00, 0x03, 0x37, 0xa2, 0x1f,
	0x93, 0x06, 0x10, 0x00, 0x93, 0x96, 0x46, 0x02, 0x37, 0xe6, 0x02, 0x00, 0x33, 0x07,
	0xd7, 0x00, 0x33, 0x07, 0xc7, 0x00, 0x23, 0x20, 0xf7, 0x08, 0x37, 0xe5, 0x02, 0x00,
	0x37, 0x06, 0x00, 0xc0, 0x37, 0x07, 0x00, 0xc0, 0x83, 0x37, 0xa2, 0x1f, 0xb3, 0x87,
	0xd7, 0x00, 0xb3, 0x87, 0xa7, 0x00, 0x83, 0xa7, 0x07, 0x08, 0xb3, 0xf7, 0xc7, 0x00,
	0x9b, 0x87, 0x07, 0x00, 0xe3, 0x94, 0xe7, 0xfe, 0xb7, 0x57, 0x00, 0xc0, 0x9b, 0x87,
	0x07, 0xb0, 0x23, 0x20, 0xf2, 0x00, 0x93, 0x07, 0x10, 0x00, 0x23, 0x20, 0xf2, 0x00,
	0xb7, 0x17, 0x0f, 0xc0, 0x23, 0x20, 0xf2, 0x00, 0x23, 0x20, 0x02, 0x00, 0x23, 0x20,
	0x02, 0x00, 0x23, 0x20, 0x02, 0x00, 0x23, 0x20, 0x02, 0x00, 0x23, 0x20, 0x02, 0x00,
	0x23, 0x20, 0x02, 0x00, 0x23, 0x20, 0x02, 0x00, 0x23, 0x20, 0x02, 0x00, 0x23, 0x20,
	0x02, 0x00, 0x23, 0x20, 0x02, 0x00, 0x23, 0x20, 0x02, 0x00, 0x23, 0x20, 0x02, 0x00,
	0x23, 0x20, 0x02, 0x00, 0x23, 0x20, 0x02, 0x00, 0x23, 0x20, 0x02, 0x00, 0x23, 0x20,
	0x02, 0x00, 0x93, 0x06, 0x00, 0x40, 0xf3, 0x27, 0x40, 0xf1, 0x1b, 0x87, 0x07, 0x00,
	0xb3, 0x96, 0xf6, 0x00, 0x83, 0x37, 0x42, 0x31, 0xb3, 0xf7, 0xd7, 0x00, 0xe3, 0x9c,
	0x07, 0xfe, 0x83, 0x67, 0x22, 0x04, 0x13, 0x47, 0xf7, 0xff, 0x13, 0x77, 0x17, 0x00,
	0x1b, 0x17, 0x47, 0x00, 0x33, 0xe7, 0xe7, 0x00, 0x13, 0x77, 0xf7, 0x0f, 0x93, 0xf7,
	0x07, 0xf0, 0xb3, 0xe7, 0xe7, 0x00, 0x37, 0x07, 0xff, 0x7f, 0x13, 0x07, 0xf7, 0x0f,
	0xb3, 0xf7, 0xe7, 0x00, 0x37, 0x07, 0x00, 0x80, 0x13, 0x07, 0x07, 0x10, 0xb3, 0xe7,
	0xe7, 0x00, 0x9b, 0x87, 0x07, 0x00, 0x13, 0x86, 0x0c, 0x00, 0x23, 0xa8, 0xfc, 0xee,
	0x37, 0x03, 0x00, 0xc0, 0x37, 0x05, 0x00, 0xc0, 0x83, 0x67, 0x22, 0x04, 0x33, 0xf7,
	0x67, 0x00, 0x1b, 0x07, 0x07, 0x00, 0xe3, 0x1a, 0xa7, 0xfe, 0x93, 0x97, 0x17, 0x02,
	0x93, 0xd7, 0x17, 0x02, 0x23, 0x28, 0xf6, 0xee, 0x83, 0x67, 0x22, 0x04, 0x9b, 0x87,
	0x07, 0x00, 0xe3, 0x9c, 0x07, 0xfe, 0x23, 0x24, 0x02, 0x06, 0x83, 0x37, 0xa2, 0x1f,
	0x13, 0x05, 0x10, 0x00, 0x13, 0x15, 0x45, 0x02, 0xb3, 0x87, 0xa7, 0x00, 0x37, 0xe3,
	0x02, 0x00, 0xb3, 0x87, 0x67, 0x00, 0x03, 0xa7, 0x07, 0x08, 0x13, 0x17, 0x17, 0x02,
	0x13, 0x57, 0x17, 0x02, 0x83, 0x37, 0xa2, 0x1f, 0xb3, 0x87, 0xa7, 0x00, 0xb3, 0x87,
	0x67, 0x00, 0x23, 0xa0, 0xe7, 0x08, 0x37, 0xee, 0x02, 0x00, 0x37, 0x03, 0x00, 0xc0,
	0x83, 0x37, 0xa2, 0x1f, 0xb3, 0x87, 0xa7, 0x00, 0xb3, 0x87, 0xc7, 0x01, 0x03, 0xa7,
	0x07, 0x08, 0x33, 0x77, 0x67, 0x00, 0x1b, 0x07, 0x07, 0x00, 0xe3, 0x14, 0x07, 0xfe,
	0x03, 0x23, 0x86, 0xec, 0x1b, 0x53, 0x83, 0x00, 0x13, 0x73, 0x13, 0x00, 0x9b, 0x17,
	0x13, 0x00, 0xb3, 0xe7, 0x67, 0x00, 0x23, 0x23, 0xf2, 0x06, 0xb7, 0x57, 0x00, 0xc0,
	0x9b, 0x87, 0x07, 0xb0, 0x23, 0x20, 0xf2, 0x00, 0x93, 0x07, 0x10, 0x00, 0x23, 0x20,
	0xf2, 0x00, 0xb7, 0x17, 0x0f, 0xc0, 0x23, 0x20, 0xf2, 0x00, 0x23, 0x20, 0x02, 0x00,
	0x23, 0x20, 0x02, 0x00, 0x23, 0x20, 0x02, 0x00, 0x23, 0x20, 0x02, 0x00, 0x23, 0x20,
	0x02, 0x00, 0x23, 0x20, 0x02, 0x00, 0x23, 0x20, 0x02, 0x00, 0x23, 0x20, 0x02, 0x00,
	0x23, 0x20, 0x02, 0x00, 0x23, 0x20, 0x02, 0x00, 0x23, 0x20, 0x02, 0x00, 0x23, 0x20,
	0x02, 0x00, 0x23, 0x20, 0x02, 0x00, 0x23, 0x20, 0x02, 0x00, 0x23, 0x20, 0x02, 0x00,
	0x23, 0x20, 0x02, 0x00, 0x83, 0x37, 0x42, 0x31, 0xb3, 0xf7, 0xf6, 0x00, 0xe3, 0x9c,
	0x07, 0xfe, 0xb7, 0x17, 0x00, 0xc0, 0x9b, 0x87, 0x07, 0xe0, 0x23, 0x20, 0xf2, 0x00,
	0x37, 0x05, 0x02, 0x00, 0x9b, 0x17, 0x03, 0x01, 0x13, 0x05, 0xe5, 0x00, 0xb3, 0xe7,
	0xa7, 0x00, 0x23, 0x20, 0xf2, 0x00, 0xb7, 0x17, 0x0f, 0xc0, 0x23, 0x20, 0xf2, 0x00,
	0x23, 0x20, 0x02, 0x00, 0x23, 0x20, 0x02, 0x00, 0x23, 0x20, 0x02, 0x00, 0x23, 0x20,
	0x02, 0x00, 0x23, 0x20, 0x02, 0x00, 0x23, 0x20, 0x02, 0x00, 0x23, 0x20, 0x02, 0x00,
	0x23, 0x20, 0x02, 0x00, 0x23, 0x20, 0x02, 0x00, 0x23, 0x20, 0x02, 0x00, 0x23, 0x20,
	0x02, 0x00, 0x23, 0x20, 0x02, 0x00, 0x23, 0x20, 0x02, 0x00, 0x23, 0x20, 0x02, 0x00,
	0x23, 0x20, 0x02, 0x00, 0x23, 0x20, 0x02, 0x00, 0x83, 0x37, 0x42, 0x31, 0xb3, 0xf7,
	0xf6, 0x00, 0xe3, 0x9c, 0x07, 0xfe, 0x83, 0x67, 0x02, 0x0c, 0x9b, 0xd7, 0x17, 0x01,
	0x63, 0x8e, 0x07, 0x02, 0x1b, 0x05, 0x17, 0x00, 0x93, 0xf6, 0x17, 0x00, 0x1b, 0x07,
	0x05, 0x00, 0x63, 0x82, 0x06, 0x02, 0x83, 0x66, 0x02, 0x1f, 0x93, 0x96, 0x06, 0x02,
	0x93, 0xd6, 0x06, 0x02, 0x23, 0x3e, 0xd2, 0x00, 0x13, 0x65, 0x05, 0x10, 0xa3, 0x22,
	0xa2, 0x0a, 0x03, 0x20, 0x42, 0x31, 0x23, 0x26, 0x06, 0xee, 0x93, 0xd7, 0x17, 0x00,
	0xe3, 0x96, 0x07, 0xfc, 0x83, 0x67, 0x02, 0x1f, 0x93, 0x97, 0x07, 0x02, 0x93, 0xd7,
	0x07, 0x02, 0x23, 0x3e, 0xf2, 0x00, 0xa3, 0x22, 0x02, 0x0a, 0x03, 0x20, 0x42, 0x31,
	0x23, 0x2e, 0x66, 0x90, 0x83, 0x27, 0x86, 0xec, 0x93, 0x97, 0x17, 0x02, 0x93, 0xd7,
	0x17, 0x02, 0x23, 0x24, 0xf6, 0xec, 0x83, 0x67, 0x86, 0xec, 0x63, 0x82, 0x07, 0x00,
	0xa3, 0x23, 0x02, 0x06, 0x9b, 0x98, 0x48, 0x00, 0x93, 0x1f, 0x28, 0x00, 0xb3, 0xef,
	0x1f, 0x01, 0x83, 0x37, 0xa2, 0x1f, 0x93, 0x9f, 0x4f, 0x02, 0xb3, 0x87, 0xf7, 0x01,
	0xb7, 0xc6, 0x00, 0x00, 0xb3, 0x87, 0xd7, 0x00, 0x83, 0xa7, 0x87, 0x3e, 0x93, 0xf7,
	0xf7, 0x00, 0x13, 0xe7, 0x07, 0x10, 0x23, 0x30, 0xe1, 0x00, 0x83, 0x67, 0x02, 0x1f,
	0x93, 0x97, 0x07, 0x02, 0x93, 0xd7, 0x07, 0x02, 0x23, 0x3e, 0xf2, 0x00, 0xa3, 0x22,
	0xe2, 0x0a, 0x03, 0x20, 0x42, 0x31, 0x83, 0x37, 0xa2, 0x1f, 0xb3, 0x87, 0xf7, 0x01,
	0xb3, 0x87, 0xd7, 0x00, 0x03, 0xa7, 0x87, 0x37, 0x1b, 0x07, 0x07, 0x00, 0x83, 0x37,
	0xa2, 0x1f, 0xb3, 0x87, 0xf7, 0x01, 0xb3, 0x87, 0xd7, 0x00, 0x83, 0xa7, 0xc7, 0x37,
	0x33, 0xe6, 0xe7, 0x00, 0x9b, 0x87, 0x07, 0x00, 0x63, 0x14, 0x06, 0x00, 0x6f, 0x20,
	0x50, 0x50, 0x13, 0x17, 0x07, 0x02, 0x93, 0x97, 0x07, 0x02, 0x13, 0x57, 0x07, 0x02,
	0x33, 0xe7, 0xe7, 0x00, 0x83, 0x27, 0xc7, 0x01, 0x13, 0x86, 0x81, 0xba, 0x23, 0x30,
	0xe6, 0x00, 0x9b, 0x84, 0x07, 0x00, 0x63, 0x9c, 0x07, 0x00, 0x83, 0x37, 0xa2, 0x1f,
	0xb3, 0x87, 0xff, 0x00, 0xb3, 0x87, 0xd7, 0x00, 0x83, 0xa4, 0x47, 0x38, 0x9b, 0x84,
	0x04, 0x00, 0xa3, 0xa3, 0x9b, 0x70, 0xa3, 0x2f, 0x02, 0x1e, 0x83, 0x37, 0xa2, 0x1f,
	0xb7, 0xc6, 0x00, 0x00, 0xb3, 0x87, 0xff, 0x00, 0xb3, 0x87, 0xd7, 0x00, 0x83, 0xa6,
	0xc7, 0x3b, 0x83, 0x37, 0x07, 0x00, 0x9b, 0x86, 0x06, 0x00, 0x23, 0x34, 0xd1, 0x00,
	0xa3, 0x39, 0xf2, 0x06, 0x83, 0x39, 0x32, 0x07, 0x83, 0x37, 0x87, 0x00, 0x23, 0xb0,
	0x31, 0xbb, 0xa3, 0x39, 0xf2, 0x06, 0x83, 0x36, 0x32, 0x07, 0x13, 0x86, 0x81, 0xb9,
	0x83, 0x37, 0x07, 0x01, 0x23, 0x30, 0xd6, 0x00, 0xa3, 0x39, 0xf2, 0x06, 0x03, 0x35,
	0x32, 0x07, 0x83, 0x27, 0x87, 0x01, 0x13, 0x8b, 0x01, 0xb9, 0x23, 0x30, 0xab, 0x00,
	0x9b, 0x87, 0x07, 0x00, 0x93, 0xe4, 0x04, 0x10, 0xe3, 0x86, 0x09, 0x36, 0x93, 0x83,
	0x05, 0x00, 0x13, 0x07, 0x10, 0x00, 0xe3, 0x80, 0x07, 0x4c, 0x83, 0x67, 0xe2, 0x01,
	0x13, 0x06, 0x30, 0x00, 0x9b, 0x87, 0x07, 0x00, 0x63, 0x86, 0xc7, 0x3c, 0xe3, 0x84,
	0x09, 0x28, 0x93, 0x07, 0x10, 0x00, 0xa3, 0xa4, 0xfb, 0x70, 0xa3, 0x2f, 0x02, 0x1e,
	0x83, 0x37, 0x12, 0x01, 0x63, 0x9a, 0x07, 0x00, 0x23, 0x2c, 0x02, 0x00, 0x83, 0x67,
	0x12, 0x1f, 0x23, 0x20, 0xf2, 0x00, 0x23, 0x20, 0x02, 0x00, 0xb7, 0x67, 0x03, 0xc0,
	0x1b, 0x86, 0x07, 0xf0, 0x23, 0x20, 0xc2, 0x00, 0x9b, 0x85, 0x09, 0x00, 0x23, 0x20,
	0xb2, 0x00, 0x13, 0xd6, 0x09, 0x42, 0x23, 0x20, 0xc2, 0x00, 0x23, 0x20, 0x02, 0x00,
	0x23, 0x20, 0x02, 0x00, 0x9b, 0x87, 0x27, 0xf0, 0x23, 0x20, 0xf2, 0x00, 0x23, 0x20,
	0xb2, 0x00, 0x23, 0x20, 0xc2, 0x00, 0x23, 0x20, 0x02, 0x00, 0x23, 0x20, 0x02, 0x00,
	0x83, 0x67, 0x02, 0x01, 0x9b, 0x87, 0x07, 0x00, 0x63, 0x9c, 0x07, 0x00, 0xa3, 0x2b,
	0x02, 0x00, 0xb7, 0x57, 0x00, 0xc0, 0x9b, 0x87, 0x07, 0x20, 0x23, 0x20, 0xf2, 0x00,
	0x23, 0x20, 0x02, 0x00, 0x37, 0x66, 0x03, 0xc0, 0xb7, 0x17, 0x00, 0x00, 0xb3, 0x87,
	0xf9, 0x00, 0x9b, 0x05, 0x06, 0x10, 0x23, 0x20, 0xb2, 0x00, 0x23, 0x20, 0xf2, 0x00,
	0x93, 0xd7, 0x07, 0x02, 0x23, 0x20, 0xf2, 0x00, 0x23, 0x20, 0x02, 0x00, 0x23, 0x20,
	0x02, 0x00, 0xb7, 0x27, 0x00, 0x00, 0xb3, 0x87, 0xf9, 0x00, 0x1b, 0x06, 0x06, 0xe0,
	0x23, 0x20, 0xc2, 0x00, 0x23, 0x20, 0xf2, 0x00, 0x93, 0xd7, 0x07, 0x02, 0x23, 0x20,
	0xf2, 0x00, 0x23, 0x20, 0x02, 0x00, 0x23, 0x20, 0x02, 0x00, 0xa3, 0x3e, 0xd2, 0x04,
	0x93, 0x07, 0x50, 0x00, 0xa3, 0x2c, 0xf2, 0x08, 0xe3, 0x12, 0x07, 0x2a, 0x23, 0xaa,
	0x01, 0x88, 0x23, 0xbc, 0x01, 0x84, 0x13, 0x06, 0x00, 0x00, 0x93, 0x87, 0x81, 0xba,
	0x83, 0xb7, 0x07, 0x00, 0xa3, 0xa2, 0xcb, 0x70, 0xa3, 0x2f, 0x02, 0x1e, 0x37, 0x88,
	0xff, 0xff, 0x03, 0xb6, 0x07, 0x1a, 0x93, 0x05, 0x02, 0x00, 0xb3, 0x86, 0x0b, 0x01,
	0x23, 0x3a, 0xc2, 0x1e, 0x63, 0x04, 0x06, 0x02, 0x03, 0xa6, 0x87, 0x1a, 0x03, 0xa8,
	0x07, 0x1b, 0x83, 0xb8, 0x87, 0x1b, 0x1b, 0x06, 0x06, 0x00, 0x1b, 0x08, 0x08, 0x00,
	0x23, 0x2b, 0xc2, 0x1e, 0xa3, 0x2b, 0x02, 0x1f, 0x23, 0x3c, 0x12, 0x1f, 0x23, 0x2c,
	0xcd, 0x90, 0x03, 0xb6, 0x07, 0x1d, 0x63, 0x0e, 0x06, 0x00, 0x83, 0xa7, 0x87, 0x1d,
	0x23, 0xb7, 0xc6, 0x68, 0xa3, 0xaf, 0x05, 0x1e, 0x9b, 0x87, 0x07, 0x00, 0xa3, 0xa7,
	0xf6, 0x68, 0xa3, 0xaf, 0x05, 0x1e, 0xb7, 0x17, 0x02, 0xc0, 0x9b, 0x87, 0x07, 0xe0,
	0x23, 0x20, 0xf2, 0x00, 0x23, 0x20, 0x72, 0x00, 0x23, 0x20, 0xa2, 0x00, 0x93, 0x57,
	0x05, 0x02, 0x23, 0x20, 0xf2, 0x00, 0x83, 0x67, 0x02, 0x1f, 0x93, 0x97, 0x07, 0x02,
	0x93, 0xd7, 0x07, 0x02, 0x23, 0x3e, 0xf2, 0x00, 0xa3, 0x22, 0x92, 0x0a, 0x03, 0x20,
	0x42, 0x31, 0x63, 0x1c, 0x07, 0x08, 0x03, 0x27, 0x4d, 0xa3, 0x63, 0x1a, 0x07, 0x00,
	0x13, 0x07, 0xf0, 0xff, 0x23, 0x2c, 0xed, 0xa2, 0x13, 0x07, 0x30, 0x00, 0x23, 0x2a,
	0xed, 0xa2, 0x83, 0x37, 0xa2, 0x1f, 0x37, 0xc7, 0x00, 0x00, 0xb3, 0x87, 0xff, 0x00,
	0xb3, 0x87, 0xe7, 0x00, 0x83, 0xa7, 0x87, 0x3b, 0x23, 0x23, 0xf2, 0x08, 0x83, 0x67,
	0x02, 0x1f, 0x93, 0x97, 0x07, 0x02, 0x93, 0xd7, 0x07, 0x02, 0x23, 0x3e, 0xf2, 0x00,
	0xa3, 0x22, 0x02, 0x0a, 0x03, 0x20, 0x42, 0x31, 0x83, 0x37, 0xa2, 0x1f, 0xb3, 0x87,
	0xff, 0x00, 0xb3, 0x87, 0xe7, 0x00, 0x03, 0xa7, 0x07, 0x3e, 0x9b, 0x57, 0x47, 0x01,
	0x93, 0xf7, 0x17, 0x00, 0x13, 0x17, 0x07, 0x02, 0x13, 0x57, 0x07, 0x02, 0x63, 0x84,
	0x07, 0x00, 0x6f, 0x10, 0x80, 0x2e, 0x1b, 0x57, 0xf4, 0x00, 0xb3, 0x07, 0x42, 0x01,
	0x13, 0x77, 0x17, 0x00, 0x23, 0xa0, 0xe7, 0x00, 0x13, 0x07, 0x40, 0x00, 0xa3, 0x2c,
	0xe2, 0x08, 0x03, 0x37, 0x81, 0x00, 0x23, 0x2e, 0xe2, 0x04, 0x6f, 0xd0, 0x1f, 0xd2,
	0x83, 0x67, 0x22, 0x01, 0x9b, 0x87, 0x07, 0x00, 0xe3, 0x9c, 0x07, 0xfe, 0xb7, 0x37,
	0x00, 0x00, 0x37, 0xd6, 0xff, 0xff, 0x17, 0xa7, 0x0f, 0x00, 0x13, 0x07, 0x07, 0x17,
	0x97, 0xa5, 0x0f, 0x00, 0x93, 0x85, 0x05, 0x1c, 0x93, 0x06, 0x10, 0x00, 0x93, 0x87,
	0x17, 0xc0, 0x1b, 0x06, 0x06, 0x40, 0x6f, 0x00, 0x00, 0x01, 0x83, 0x27, 0x07, 0x00,
	0x83, 0x26, 0x47, 0x00, 0x13, 0x07, 0x87, 0x00, 0xbb, 0x87, 0xc7, 0x00, 0x9b, 0x97,
	0x27, 0x00, 0x93, 0x97, 0x07, 0x02, 0x93, 0xd7, 0x07, 0x02, 0xb3, 0x87, 0x37, 0x01,
	0xa3, 0x31, 0xf2, 0x00, 0x93, 0x97, 0x06, 0x02, 0x93, 0xd7, 0x07, 0x02, 0xa3, 0x31,
	0xf2, 0x00, 0xe3, 0x98, 0xe5, 0xfc, 0xb7, 0x37, 0x00, 0x00, 0x37, 0xd6, 0xff, 0xff,
	0x17, 0xa7, 0x0f, 0x00, 0x13, 0x07, 0xc7, 0x17, 0x97, 0xa5, 0x0f, 0x00, 0x93, 0x85,
	0xc5, 0x1b, 0x93, 0x06, 0x60, 0x00, 0x93, 0x87, 0x47, 0xe0, 0x1b, 0x06, 0x06, 0x40,
	0x6f, 0x00, 0xc0, 0x00, 0x83, 0x27, 0x07, 0x00, 0x83, 0x26, 0x47, 0x00, 0xbb, 0x87,
	0xc7, 0x00, 0x9b, 0x97, 0x27, 0x00, 0x93, 0x97, 0x07, 0x02, 0x93, 0xd7, 0x07, 0x02,
	0xb3, 0x87, 0x37, 0x01, 0xa3, 0x31, 0xf2, 0x00, 0x93, 0x97, 0x06, 0x02, 0x93, 0xd7,
	0x07, 0x02, 0xa3, 0x31, 0xf2, 0x00, 0x13, 0x07, 0x87, 0x00, 0xe3, 0x18, 0xb7, 0xfc,
	0x37, 0x66, 0xff, 0xff, 0x17, 0xa7, 0x0f, 0x00, 0x13, 0x07, 0x47, 0x17, 0x97, 0xa5,
	0x0f, 0x00, 0x93, 0x85, 0xc5, 0x33, 0x93, 0x06, 0x60, 0x00, 0xb7, 0xa7, 0x00, 0x00,
	0x1b, 0x06, 0x06, 0x40, 0x6f, 0x00, 0x00, 0x01, 0x83, 0x27, 0x07, 0x00, 0x83, 0x26,
	0x47, 0x00, 0x13, 0x07, 0x87, 0x00, 0xbb, 0x87, 0xc7, 0x00, 0x9b, 0x97, 0x27, 0x00,
	0x93, 0x97, 0x07, 0x02, 0x93, 0xd7, 0x07, 0x02, 0xb3, 0x87, 0x37, 0x01, 0xa3, 0x31,
	0xf2, 0x00, 0x93, 0x97, 0x06, 0x02, 0x93, 0xd7, 0x07, 0x02, 0xa3, 0x31, 0xf2, 0x00,
	0xe3, 0x18, 0xb7, 0xfc, 0xb7, 0xc7, 0x00, 0x00, 0x37, 0x56, 0xff, 0xff, 0x17, 0xa7,
	0x0f, 0x00, 0x13, 0x07, 0x07, 0x55, 0x97, 0xa5, 0x0f, 0x00, 0x93, 0x85, 0x85, 0x58,
	0x93, 0x06, 0x10, 0x00, 0x93, 0x87, 0x27, 0x24, 0x1b, 0x06, 0x06, 0x80, 0x6f, 0x00,
	0xc0, 0x00, 0x83, 0x27, 0x07, 0x00, 0x83, 0x26, 0x47, 0x00, 0xbb, 0x87, 0xc7, 0x00,
	0x9b, 0x97, 0x27, 0x00, 0x93, 0x97, 0x07, 0x02, 0x93, 0xd7, 0x07, 0x02, 0xb3, 0x87,
	0x37, 0x01, 0xa3, 0x31, 0xf2, 0x00, 0x93, 0x97, 0x06, 0x02, 0x93, 0xd7, 0x07, 0x02,
	0xa3, 0x31, 0xf2, 0x00, 0x13, 0x07, 0x87, 0x00, 0xe3, 0x18, 0xb7, 0xfc, 0x23, 0x38,
	0xf1, 0x01, 0x23, 0x30, 0xa1, 0x00, 0xef, 0x20, 0xd0, 0x3f, 0x03, 0x35, 0x01, 0x00,
	0x83, 0x3f, 0x01, 0x01, 0x63, 0x04, 0x05, 0x00, 0x6f, 0x10, 0x00, 0x09, 0xb7, 0x87,
	0x01, 0x81, 0x9b, 0x87, 0x37, 0x00, 0x23, 0x23, 0xf2, 0x02, 0x6f, 0xf0, 0xdf, 0xdc,
	0xb7, 0x17, 0x00, 0xc0, 0x9b, 0x87, 0x07, 0x20, 0x23, 0x20, 0xf2, 0x00, 0x23, 0x20,
	0x02, 0x00, 0xa3, 0x2b, 0x02, 0x00, 0x6f, 0xf0, 0x5f, 0xc2, 0x6f, 0x00, 0x00, 0x00,
	0x13, 0xde, 0x16, 0x00, 0x9b, 0xd6, 0x56, 0x00, 0x13, 0x7e, 0xce, 0x00, 0x13, 0x78,
	0x75, 0x00, 0x93, 0xf6, 0x36, 0x00, 0xb3, 0x66, 0xde, 0x00, 0x13, 0x18, 0x48, 0x00,
	0x33, 0x68, 0xd8, 0x00, 0x83, 0x36, 0xa2, 0x1f, 0x13, 0x1e, 0x48, 0x02, 0xb3, 0x86,
	0xc6, 0x01, 0x37, 0xd5, 0x00, 0x00, 0xb3, 0x86, 0xa6, 0x00, 0x83, 0xae, 0x46, 0x82,
	0x9b, 0x8e, 0x0e, 0x00, 0x83, 0x36, 0xa2, 0x1f, 0xb3, 0x86, 0xc6, 0x01, 0xb3, 0x86,
	0xa6, 0x00, 0x1b, 0x15, 0x36, 0x00, 0x03, 0xae, 0x86, 0x82, 0x3b, 0x05, 0xc5, 0x40,
	0x1b, 0x15, 0x35, 0x00, 0x93, 0x76, 0x36, 0x00, 0x93, 0x9e, 0x0e, 0x02, 0x13, 0x16,
	0x05, 0x02, 0x13, 0x1e, 0x0e, 0x02, 0x93, 0xde, 0x0e, 0x02, 0x13, 0x56, 0x06, 0x02,
	0x13, 0x78, 0x08, 0xff, 0x33, 0x65, 0xde, 0x01, 0x93, 0x96, 0x26, 0x00, 0x13, 0x06,
	0x06, 0x47, 0xb3, 0xe6, 0x06, 0x01, 0x33, 0x05, 0xc5, 0x00, 0x13, 0x08, 0x00, 0x00,
	0x37, 0xcf, 0x00, 0x00, 0x13, 0x0e, 0x10, 0x00, 0x3b, 0xd6, 0x05, 0x01, 0x13, 0x76,
	0x16, 0x00, 0x93, 0x0e, 0x05, 0x07, 0x63, 0x04, 0x06, 0x06, 0x13, 0xf6, 0xf6, 0xf8,
	0x9b, 0x16, 0x48, 0x00, 0x33, 0x66, 0xd6, 0x00, 0x93, 0x06, 0x06, 0x00, 0x83, 0x3f,
	0xa2, 0x1f, 0x13, 0x16, 0x46, 0x02, 0x33, 0x06, 0xf6, 0x01, 0x33, 0x06, 0xe6, 0x01,
	0x03, 0x26, 0x86, 0x3e, 0x1b, 0x06, 0x06, 0x00, 0x83, 0x6f, 0x02, 0x1f, 0x93, 0x9f,
	0x0f, 0x02, 0x93, 0xdf, 0x0f, 0x02, 0x23, 0x3e, 0xf2, 0x01, 0x13, 0x76, 0xf6, 0x00,
	0x13, 0x66, 0x06, 0x10, 0xa3, 0x22, 0xc2, 0x0a, 0x03, 0x20, 0x42, 0x31, 0x23, 0x20,
	0x05, 0x00, 0x03, 0x66, 0x02, 0x1f, 0x13, 0x16, 0x06, 0x02, 0x13, 0x56, 0x06, 0x02,
	0x23, 0x3e, 0xc2, 0x00, 0xa3, 0x22, 0x02, 0x0a, 0x03, 0x20, 0x42, 0x31, 0x63, 0x14,
	0xc8, 0x01, 0x6f, 0xd0, 0x5f, 0xc5, 0x13, 0x08, 0x10, 0x00, 0x13, 0x85, 0x0e, 0x00,
	0x6f, 0xf0, 0xdf, 0xf7, 0xa3, 0x2d, 0xe2, 0x1e, 0x6f, 0xd0, 0x5f, 0xa3, 0x93, 0x08,
	0x10, 0x00, 0xa3, 0x23, 0x12, 0x07, 0x37, 0x66, 0x00, 0x00, 0x33, 0x66, 0x66, 0x00,
	0x1b, 0x16, 0x06, 0x01, 0x03, 0x38, 0xa2, 0x1f, 0x13, 0x17, 0x47, 0x02, 0x33, 0x08,
	0xe8, 0x00, 0x37, 0xce, 0x00, 0x00, 0x33, 0x08, 0xc8, 0x01, 0x23, 0x24, 0xc8, 0x34,
	0x03, 0xa8, 0x8c, 0xec, 0x1b, 0x08, 0x08, 0x00, 0x03, 0x33, 0xa2, 0x1f, 0x33, 0x03,
	0xe3, 0x00, 0x33, 0x03, 0xc3, 0x01, 0xb7, 0x0e, 0x00, 0x20, 0x23, 0x24, 0xd3, 0x35,
	0xa3, 0x23, 0x02, 0x06, 0x13, 0x78, 0x18, 0x00, 0xe3, 0x1e, 0x08, 0x1e, 0x83, 0x36,
	0xa2, 0x1f, 0x37, 0xc6, 0x00, 0x00, 0xb3, 0x86, 0xe6, 0x00, 0xb3, 0x86, 0xc6, 0x00,
	0x83, 0xa6, 0x06, 0x38, 0x63, 0x88, 0x06, 0x48, 0x03, 0x26, 0xc5, 0xac, 0xf3, 0x26,
	0x40, 0xf1, 0x93, 0x08, 0x10, 0x00, 0x1b, 0x06, 0x06, 0x00, 0x13, 0x58, 0x06, 0x01,
	0x9b, 0x86, 0x06, 0x00, 0x13, 0x78, 0xf8, 0x0f, 0x63, 0x94, 0x16, 0x01, 0x1b, 0x58,
	0x86, 0x01, 0x93, 0xe5, 0x05, 0x30, 0x9b, 0x85, 0x05, 0x00, 0x03, 0x36, 0xa2, 0x1f,
	0xb7, 0xc8, 0x00, 0x00, 0x33, 0x06, 0xe6, 0x00, 0x33, 0x06, 0x16, 0x01, 0x23, 0x20,
	0xb6, 0x62, 0x93, 0x05, 0x00, 0x40, 0xb3, 0x95, 0xd5, 0x00, 0x63, 0x0a, 0x08, 0x0c,
	0x83, 0x66, 0xb2, 0x1f, 0x9b, 0x86, 0x06, 0x00, 0x63, 0x84, 0x06, 0x0c, 0xb7, 0x56,
	0x00, 0xc0, 0x9b, 0x86, 0x06, 0xb0, 0x23, 0x20, 0xd2, 0x00, 0x93, 0x06, 0x10, 0x00,
	0x23, 0x20, 0xd2, 0x00, 0xb7, 0x16, 0x0f, 0xc0, 0x23, 0x20, 0xd2, 0x00, 0x23, 0x20,
	0x02, 0x00, 0x23, 0x20, 0x02, 0x00, 0x23, 0x20, 0x02, 0x00, 0x23, 0x20, 0x02, 0x00,
	0x23, 0x20, 0x02, 0x00, 0x23, 0x20, 0x02, 0x00, 0x23, 0x20, 0x02, 0x00, 0x23, 0x20,
	0x02, 0x00, 0x23, 0x20, 0x02, 0x00, 0x23, 0x20, 0x02, 0x00, 0x23, 0x20, 0x02, 0x00,
	0x23, 0x20, 0x02, 0x00, 0x23, 0x20, 0x02, 0x00, 0x23, 0x20, 0x02, 0x00, 0x23, 0x20,
	0x02, 0x00, 0x23, 0x20, 0x02, 0x00, 0x83, 0x36, 0x42, 0x31, 0xb3, 0xf6, 0xb6, 0x00,
	0xe3, 0x9c, 0x06, 0xfe, 0x83, 0x36, 0xa2, 0x1f, 0x37, 0xc8, 0x00, 0x00, 0xb3, 0x86,
	0xe6, 0x00, 0xb3, 0x86, 0x06, 0x01, 0x83, 0xa8, 0xc6, 0x3b, 0x9b, 0x88, 0x08, 0x00,
	0x83, 0x36, 0xa2, 0x1f, 0xb3, 0x86, 0xe6, 0x00, 0xb3, 0x86, 0x06, 0x01, 0x83, 0xa6,
	0x46, 0x3c, 0x13, 0x06, 0x20, 0x00, 0x3b, 0x16, 0x16, 0x01, 0x1b, 0x06, 0xf6, 0xff,
	0xb3, 0xf6, 0xc6, 0x00, 0x9b, 0x86, 0x06, 0x00, 0x03, 0x36, 0xa2, 0x1f, 0x33, 0x06,
	0xe6, 0x00, 0x33, 0x06, 0x06, 0x01, 0x23, 0x2c, 0xd6, 0x3a, 0x03, 0x36, 0xa2, 0x1f,
	0x33, 0x06, 0xe6, 0x00, 0x33, 0x06, 0x06, 0x01, 0x23, 0x20, 0xd6, 0x3c, 0x03, 0x36,
	0xa2, 0x1f, 0xb7, 0xc6, 0x00, 0x00, 0x33, 0x06, 0xe6, 0x00, 0x33, 0x06, 0xd6, 0x00,
	0x03, 0x26, 0x86, 0x3e, 0x1b, 0x06, 0x06, 0x00, 0x03, 0x68, 0x02, 0x1f, 0x13, 0x18,
	0x08, 0x02, 0x13, 0x58, 0x08, 0x02, 0x23, 0x3e, 0x02, 0x01, 0x13, 0x76, 0xf6, 0x00,
	0x13, 0x66, 0x06, 0x10, 0xa3, 0x22, 0xc2, 0x0a, 0x03, 0x20, 0x42, 0x31, 0x03, 0x36,
	0xa2, 0x1f, 0x33, 0x06, 0xe6, 0x00, 0x33, 0x06, 0xd6, 0x00, 0x03, 0x23, 0x86, 0x37,
	0x1b, 0x03, 0x03, 0x00, 0x03, 0x36, 0xa2, 0x1f, 0x33, 0x06, 0xe6, 0x00, 0x33, 0x06,
	0xd6, 0x00, 0x03, 0x28, 0xc6, 0x37, 0x13, 0x1e, 0x03, 0x02, 0x13, 0x5e, 0x0e, 0x02,
	0x13, 0x16, 0x08, 0x02, 0x9b, 0x08, 0x08, 0x00, 0x33, 0x66, 0xc6, 0x01, 0x03, 0x38,
	0xa2, 0x1f, 0x33, 0x08, 0xe8, 0x00, 0x33, 0x08, 0xd8, 0x00, 0x03, 0x28, 0x88, 0x3e,
	0x1b, 0x5e, 0x88, 0x01, 0x13, 0x7e, 0x3e, 0x00, 0x1b, 0x08, 0x08, 0x00, 0x23, 0x22,
	0xc2, 0x33, 0x23, 0x20, 0x66, 0x20, 0x23, 0x22, 0x16, 0x21, 0x83, 0x38, 0xa2, 0x1f,
	0xb3, 0x88, 0xe8, 0x00, 0xb3, 0x88, 0xd8, 0x00, 0x83, 0xa8, 0x08, 0x38, 0x9b, 0x88,
	0x08, 0x00, 0x23, 0x24, 0x16, 0x21, 0x83, 0x38, 0xa2, 0x1f, 0xb3, 0x88, 0xe8, 0x00,
	0xb3, 0x88, 0xd8, 0x00, 0x83, 0xa8, 0x48, 0x38, 0x9b, 0x88, 0x08, 0x00, 0x23, 0x26,
	0x16, 0x21, 0x83, 0x38, 0xa2, 0x1f, 0xb3, 0x88, 0xe8, 0x00, 0xb3, 0x88, 0xd8, 0x00,
	0x83, 0xa8, 0x08, 0x39, 0x9b, 0x88, 0x08, 0x00, 0x23, 0x2c, 0x16, 0x21, 0x83, 0x38,
	0xa2, 0x1f, 0xb3, 0x88, 0xe8, 0x00, 0xb3, 0x88, 0xd8, 0x00, 0x83, 0xa8, 0x48, 0x39,
	0x9b, 0x88, 0x08, 0x00, 0x23, 0x2e, 0x16, 0x21, 0x83, 0x38, 0xa2, 0x1f, 0xb3, 0x88,
	0xe8, 0x00, 0xb3, 0x88, 0xd8, 0x00, 0x83, 0xa8, 0x88, 0x39, 0x9b, 0x88, 0x08, 0x00,
	0x23, 0x20, 0x16, 0x23, 0x83, 0x38, 0xa2, 0x1f, 0xb3, 0x88, 0xe8, 0x00, 0xb3, 0x88,
	0xd8, 0x00, 0x83, 0xa8, 0xc8, 0x39, 0x9b, 0x88, 0x08, 0x00, 0x23, 0x22, 0x16, 0x23,
	0x23, 0x24, 0x06, 0x22, 0x83, 0x38, 0xa2, 0x1f, 0xb3, 0x88, 0xe8, 0x00, 0xb3, 0x88,
	0xd8, 0x00, 0x83, 0xa8, 0x48, 0x3a, 0x9b, 0x88, 0x08, 0x00, 0x23, 0x26, 0x16, 0x23,
	0x83, 0x38, 0xa2, 0x1f, 0xb3, 0x88, 0xe8, 0x00, 0xb3, 0x88, 0xd8, 0x00, 0x83, 0xa8,
	0x88, 0x3a, 0x9b, 0x88, 0x08, 0x00, 0x23, 0x28, 0x16, 0x23, 0x83, 0x38, 0xa2, 0x1f,
	0xb3, 0x88, 0xe8, 0x00, 0xb3, 0x88, 0xd8, 0x00, 0x83, 0xa8, 0xc8, 0x3a, 0x9b, 0x88,
	0x08, 0x00, 0x23, 0x2a, 0x16, 0x23, 0x83, 0x38, 0xa2, 0x1f, 0xb3, 0x88, 0xe8, 0x00,
	0xb3, 0x88, 0xd8, 0x00, 0x83, 0xa8, 0x08, 0x3b, 0x9b, 0x88, 0x08, 0x00, 0x23, 0x2c,
	0x16, 0x23, 0x83, 0x38, 0xa2, 0x1f, 0xb3, 0x88, 0xe8, 0x00, 0xb3, 0x88, 0xd8, 0x00,
	0x83, 0xa8, 0x48, 0x3b, 0x9b, 0x88, 0x08, 0x00, 0x23, 0x2e, 0x16, 0x23, 0x83, 0x38,
	0xa2, 0x1f, 0xb3, 0x88, 0xe8, 0x00, 0xb3, 0x88, 0xd8, 0x00, 0x83, 0xa8, 0x88, 0x3b,
	0x9b, 0x88, 0x08, 0x00, 0x23, 0x20, 0x16, 0x25, 0x83, 0x38, 0xa2, 0x1f, 0xb3, 0x88,
	0xe8, 0x00, 0xb3, 0x88, 0xd8, 0x00, 0x83, 0xa8, 0xc8, 0x3b, 0x9b, 0x88, 0x08, 0x00,
	0x23, 0x22, 0x16, 0x25, 0x83, 0x38, 0xa2, 0x1f, 0xb3, 0x88, 0xe8, 0x00, 0xb3, 0x88,
	0xd8, 0x00, 0x83, 0xa8, 0x08, 0x3c, 0x9b, 0x88, 0x08, 0x00, 0x23, 0x28, 0x16, 0x25,
	0x83, 0x38, 0xa2, 0x1f, 0xb3, 0x88, 0xe8, 0x00, 0xb3, 0x88, 0xd8, 0x00, 0x83, 0xa8,
	0x48, 0x3c, 0x9b, 0x88, 0x08, 0x00, 0x23, 0x2a, 0x16, 0x25, 0x83, 0x38, 0xa2, 0x1f,
	0xb3, 0x88, 0xe8, 0x00, 0xb3, 0x88, 0xd8, 0x00, 0x83, 0xa8, 0x88, 0x3c, 0x9b, 0x88,
	0x08, 0x00, 0x23, 0x2c, 0x16, 0x25, 0x83, 0x38, 0xa2, 0x1f, 0xb3, 0x88, 0xe8, 0x00,
	0xb3, 0x88, 0xd8, 0x00, 0x83, 0xa8, 0x08, 0x3d, 0x9b, 0x88, 0x08, 0x00, 0x23, 0x28,
	0x16, 0x27, 0x83, 0x38, 0xa2, 0x1f, 0xb3, 0x88, 0xe8, 0x00, 0xb3, 0x88, 0xd8, 0x00,
	0x83, 0xa8, 0x48, 0x3d, 0x9b, 0x88, 0x08, 0x00, 0x23, 0x2a, 0x16, 0x27, 0x83, 0x38,
	0xa2, 0x1f, 0xb3, 0x88, 0xe8, 0x00, 0xb3, 0x88, 0xd8, 0x00, 0x83, 0xa8, 0x08, 0x3e,
	0x9b, 0x88, 0x08, 0x00, 0x23, 0x20, 0x16, 0x29, 0x83, 0x38, 0xa2, 0x1f, 0xb3, 0x88,
	0xe8, 0x00, 0xb3, 0x88, 0xd8, 0x00, 0x83, 0xa8, 0x48, 0x3e, 0x9b, 0x88, 0x08, 0x00,
	0x23, 0x22, 0x16, 0x29, 0xb7, 0xf8, 0xff, 0xff, 0x93, 0x88, 0xf8, 0xff, 0x33, 0x78,
	0x18, 0x01, 0x23, 0x24, 0x06, 0x29, 0x03, 0x38, 0xa2, 0x1f, 0x33, 0x08, 0xe8, 0x00,
	0x33, 0x08, 0xd8, 0x00, 0x23, 0x22, 0x08, 0x3c, 0x03, 0x38, 0xa2, 0x1f, 0x33, 0x08,
	0xe8, 0x00, 0x33, 0x08, 0xd8, 0x00, 0x23, 0x24, 0x08, 0x3c, 0x03, 0x38, 0xa2, 0x1f,
	0x33, 0x08, 0xe8, 0x00, 0x33, 0x08, 0xd8, 0x00, 0x23, 0x20, 0x08, 0x3c, 0x03, 0x38,
	0xa2, 0x1f, 0x33, 0x08, 0xe8, 0x00, 0xb3, 0x06, 0xd8, 0x00, 0x23, 0xa0, 0x06, 0x3a,
	0xb7, 0x56, 0x00, 0xc0, 0x9b, 0x86, 0x06, 0xb0, 0x23, 0x20, 0xd2, 0x00, 0x93, 0x06,
	0x10, 0x00, 0x23, 0x20, 0xd2, 0x00, 0xb7, 0x16, 0x0f, 0xc0, 0x23, 0x20, 0xd2, 0x00,
	0x23, 0x20, 0x02, 0x00, 0x23, 0x20, 0x02, 0x00, 0x23, 0x20, 0x02, 0x00, 0x23, 0x20,
	0x02, 0x00, 0x23, 0x20, 0x02, 0x00, 0x23, 0x20, 0x02, 0x00, 0x23, 0x20, 0x02, 0x00,
	0x23, 0x20, 0x02, 0x00, 0x23, 0x20, 0x02, 0x00, 0x23, 0x20, 0x02, 0x00, 0x23, 0x20,
	0x02, 0x00, 0x23, 0x20, 0x02, 0x00, 0x23, 0x20, 0x02, 0x00, 0x23, 0x20, 0x02, 0x00,
	0x23, 0x20, 0x02, 0x00, 0x23, 0x20, 0x02, 0x00, 0x83, 0x36, 0x42, 0x31, 0xb3, 0xf6,
	0xb6, 0x00, 0xe3, 0x9c, 0x06, 0xfe, 0x83, 0x66, 0x22, 0x01, 0x9b, 0x86, 0x06, 0x00,
	0xe3, 0x9c, 0x06, 0xfe, 0x23, 0x24, 0x06, 0x20, 0x83, 0x36, 0xa2, 0x1f, 0x37, 0xc6,
	0x00, 0x00, 0xb3, 0x86, 0xe6, 0x00, 0xb3, 0x86, 0xc6, 0x00, 0x23, 0xa0, 0x06, 0x38,
	0x83, 0x66, 0x02, 0x1f, 0x93, 0x96, 0x06, 0x02, 0x93, 0xd6, 0x06, 0x02, 0x23, 0x3e,
	0xd2, 0x00, 0xa3, 0x22, 0x02, 0x0a, 0x03, 0x20, 0x42, 0x31, 0x83, 0x36, 0xa2, 0x1f,
	0x33, 0x87, 0xe6, 0x00, 0xb7, 0xc6, 0x00, 0x00, 0x33, 0x07, 0xd7, 0x00, 0x23, 0x26,
	0x07, 0x3c, 0x03, 0x67, 0xb2, 0x1f, 0x1b, 0x07, 0x07, 0x00, 0x63, 0x14, 0x07, 0x00,
	0x6f, 0xd0, 0x8f, 0xd1, 0x13, 0x07, 0x10, 0x00, 0x23, 0x28, 0xe2, 0x02, 0x03, 0x67,
	0x02, 0x02, 0x13, 0x77, 0x27, 0x00, 0xe3, 0x0c, 0x07, 0xfe, 0x03, 0x27, 0xc5, 0xac,
	0x1b, 0x07, 0x07, 0x00, 0x23, 0x28, 0xe1, 0x04, 0x03, 0x27, 0x01, 0x05, 0x63, 0x14,
	0x07, 0x00, 0x6f, 0xe0, 0x0f, 0xff, 0x73, 0x27, 0x40, 0xf1, 0x93, 0x06, 0x10, 0x00,
	0x1b, 0x07, 0x07, 0x00, 0xe3, 0x08, 0xd7, 0x6e, 0x23, 0x09, 0x01, 0x04, 0x03, 0x47,
	0x21, 0x05, 0x63, 0x18, 0x07, 0x00, 0x03, 0x47, 0x31, 0x05, 0x63, 0x14, 0x07, 0x00,
	0x23, 0x28, 0x01, 0x04, 0x03, 0x27, 0x01, 0x05, 0x1b, 0x07, 0x07, 0x00, 0x23, 0x26,
	0xe5, 0xac, 0x6f, 0xe0, 0x8f, 0xfb, 0x93, 0x07, 0xe0, 0xff, 0xa3, 0x32, 0xf2, 0x02,
	0x93, 0x07, 0x30, 0x00, 0xa3, 0x31, 0xf2, 0x02, 0x6f, 0xf0, 0x8f, 0xe3, 0x83, 0x37,
	0xa2, 0x1f, 0xb3, 0x87, 0xf9, 0x00, 0xb3, 0x87, 0xc7, 0x00, 0x83, 0xa7, 0x47, 0x3b,
	0x1b, 0x86, 0x07, 0x00, 0x03, 0x38, 0x92, 0x0a, 0xf3, 0x28, 0x40, 0xf1, 0x03, 0x33,
	0x32, 0x02, 0xf3, 0x27, 0x40, 0xf1, 0x9b, 0x87, 0x07, 0x00, 0x63, 0x82, 0x07, 0x48,
	0x37, 0x0e, 0x00, 0x10, 0x13, 0x05, 0xc0, 0x00, 0x23, 0x23, 0xa2, 0x0a, 0x83, 0x67,
	0x12, 0x02, 0x9b, 0x87, 0x07, 0x00, 0x6f, 0x00, 0x80, 0x01, 0x83, 0x67, 0x12, 0x02,
	0x9b, 0x87, 0x07, 0x00, 0x83, 0x35, 0x42, 0x07, 0x63, 0x84, 0x05, 0x00, 0x6f, 0xe0,
	0xcf, 0x80, 0xb3, 0xf7, 0xc7, 0x01, 0xe3, 0x84, 0x07, 0xfe, 0x83, 0x67, 0xf2, 0x0a,
	0x93, 0xf7, 0x07, 0x01, 0xe3, 0x9c, 0x07, 0xfe, 0x93, 0x17, 0x46, 0x02, 0x13, 0x57,
	0x57, 0x01, 0x13, 0x17, 0xe7, 0x03, 0x93, 0xd7, 0x67, 0x02, 0xb3, 0xe7, 0xe7, 0x00,
	0x13, 0x13, 0x03, 0x03, 0xb3, 0xe7, 0x67, 0x00, 0x93, 0x98, 0x48, 0x03, 0xb3, 0xe7,
	0x17, 0x01, 0x13, 0x18, 0x68, 0x03, 0x13, 0x07, 0x50, 0x00, 0xb3, 0xe7, 0x07, 0x01,
	0x13, 0x17, 0xb7, 0x03, 0xb3, 0xe7, 0xe7, 0x00, 0x23, 0x31, 0xf2, 0x0a, 0xa3, 0x23,
	0xa2, 0x0a, 0x6f, 0xd0, 0x5f, 0xfb, 0x23, 0x38, 0xf1, 0x01, 0xef, 0x20, 0x00, 0x10,
	0xb7, 0x07, 0x00, 0x80, 0x13, 0x87, 0x81, 0xb9, 0xb3, 0x67, 0xf4, 0x00, 0x83, 0x36,
	0x07, 0x00, 0x03, 0x35, 0x0b, 0x00, 0x83, 0x3f, 0x01, 0x01, 0x9b, 0x83, 0x07, 0x00,
	0x13, 0x07, 0x00, 0x00, 0x6f, 0xf0, 0xcf, 0xc7, 0xa3, 0x01, 0x01, 0x04, 0x6f, 0xe0,
	0x0f, 0xea, 0x23, 0x34, 0xa1, 0x02, 0x23, 0x30, 0xf1, 0x03, 0x23, 0x3c, 0xe1, 0x00,
	0x23, 0x38, 0x71, 0x00, 0xef, 0x20, 0x00, 0x3a, 0x83, 0x67, 0x02, 0x1f, 0x93, 0x97,
	0x07, 0x02, 0x93, 0xd7, 0x07, 0x02, 0x23, 0x3e, 0xf2, 0x00, 0xa3, 0x22, 0x92, 0x0a,
	0x03, 0x20, 0x42, 0x31, 0xef, 0x20, 0xc0, 0x3a, 0x83, 0x67, 0x02, 0x1f, 0x93, 0x97,
	0x07, 0x02, 0x93, 0xd7, 0x07, 0x02, 0x23, 0x3e, 0xf2, 0x00, 0x83, 0x37, 0x01, 0x00,
	0xa3, 0x22, 0xf2, 0x0a, 0x03, 0x20, 0x42, 0x31, 0xb7, 0x17, 0x00, 0xc0, 0x9b, 0x87,
	0x07, 0x20, 0x23, 0x20, 0xf2, 0x00, 0x23, 0x20, 0x02, 0x00, 0xa3, 0x2b, 0x02, 0x00,
	0x03, 0xa6, 0x41, 0x89, 0x83, 0x33, 0x01, 0x01, 0x03, 0x37, 0x81, 0x01, 0x83, 0x3f,
	0x01, 0x02, 0x03, 0x35, 0x81, 0x02, 0x6f, 0xf0, 0x8f, 0xcf, 0xa3, 0x0d, 0x01, 0x02,
	0x6f, 0xd0, 0x8f, 0xe6, 0x37, 0x57, 0x00, 0xc0, 0x1b, 0x07, 0x07, 0xb0, 0x23, 0x20,
	0xe2, 0x00, 0x13, 0x07, 0x10, 0x00, 0x23, 0x20, 0xe2, 0x00, 0x37, 0x17, 0x0f, 0xc0,
	0x23, 0x20, 0xe2, 0x00, 0x23, 0x20, 0x02, 0x00, 0x23, 0x20, 0x02, 0x00, 0x23, 0x20,
	0x02, 0x00, 0x23, 0x20, 0x02, 0x00, 0x23, 0x20, 0x02, 0x00, 0x23, 0x20, 0x02, 0x00,
	0x23, 0x20, 0x02, 0x00, 0x23, 0x20, 0x02, 0x00, 0x23, 0x20, 0x02, 0x00, 0x23, 0x20,
	0x02, 0x00, 0x23, 0x20, 0x02, 0x00, 0x23, 0x20, 0x02, 0x00, 0x23, 0x20, 0x02, 0x00,
	0x23, 0x20, 0x02, 0x00, 0x23, 0x20, 0x02, 0x00, 0x23, 0x20, 0x02, 0x00, 0x93, 0x06,
	0x00, 0x40, 0xb3, 0x96, 0xc6, 0x00, 0x03, 0x37, 0x42, 0x31, 0x33, 0xf7, 0xe6, 0x00,
	0xe3, 0x1c, 0x07, 0xfe, 0x03, 0x67, 0x22, 0x04, 0x93, 0x06, 0x10, 0x00, 0xa3, 0x23,
	0xd2, 0x06, 0xb7, 0x06, 0x00, 0x40, 0x33, 0x67, 0xd7, 0x00, 0x1b, 0x07, 0x07, 0x00,
	0x93, 0x85, 0x0c, 0x00, 0x23, 0xa8, 0xec, 0xee, 0x37, 0x06, 0x00, 0xc0, 0xb7, 0x06,
	0x00, 0x40, 0x03, 0x67, 0x22, 0x04, 0x33, 0x77, 0xc7, 0x00, 0x1b, 0x07, 0x07, 0x00,
	0xe3, 0x1a, 0xd7, 0xfe, 0x6f, 0xe0, 0x8f, 0xf4, 0x23, 0x38, 0xf1, 0x01, 0xef, 0x10,
	0x10, 0x7a, 0xb7, 0x07, 0x00, 0x80, 0xb3, 0x67, 0xf4, 0x00, 0x9b, 0x83, 0x07, 0x00,
	0x83, 0x67, 0x02, 0x1f, 0x93, 0x97, 0x07, 0x02, 0x93, 0xd7, 0x07, 0x02, 0x23, 0x3e,
	0xf2, 0x00, 0xa3, 0x22, 0x92, 0x0a, 0x03, 0x20, 0x42, 0x31, 0x83, 0x3f, 0x01, 0x01,
	0x97, 0x98, 0x0f, 0x00, 0x93, 0x88, 0x48, 0x6c, 0xb7, 0xde, 0xff, 0xff, 0x37, 0x33,
	0x00, 0x00, 0x13, 0x8e, 0x08, 0x00, 0x17, 0x9f, 0x0f, 0x00, 0x13, 0x0f, 0x0f, 0x71,
	0x93, 0x07, 0x10, 0x00, 0x93, 0x05, 0x00, 0x00, 0x9b, 0x8e, 0x0e, 0x40, 0x1b, 0x03,
	0x03, 0xc0, 0x63, 0x8a, 0x07, 0x04, 0x03, 0x27, 0x0e, 0x00, 0x3b, 0x88, 0xd7, 0x01,
	0x3b, 0x08, 0xe8, 0x00, 0xbb, 0x87, 0xee, 0x00, 0x6f, 0x00, 0x00, 0x01, 0x23, 0x20,
	0x06, 0x00, 0x9b, 0x87, 0x17, 0x00, 0x63, 0x0a, 0xf8, 0x02, 0x13, 0x97, 0x35, 0x00,
	0x33, 0x87, 0xe8, 0x00, 0x03, 0x25, 0x07, 0x06, 0x93, 0x96, 0x07, 0x02, 0x13, 0xd6,
	0xe6, 0x01, 0xbb, 0x06, 0xf3, 0x00, 0x33, 0x86, 0xc9, 0x00, 0xe3, 0x9c, 0xa6, 0xfc,
	0x03, 0x27, 0x47, 0x06, 0x93, 0x85, 0x15, 0x00, 0x23, 0x20, 0xe6, 0x00, 0x6f, 0xf0,
	0xdf, 0xfc, 0x13, 0x0e, 0x8e, 0x00, 0x63, 0x06, 0xcf, 0x01, 0x83, 0x27, 0x4e, 0x00,
	0x6f, 0xf0, 0x1f, 0xfa, 0xb7, 0xde, 0xff, 0xff, 0x37, 0x33, 0x00, 0x00, 0x17, 0x9e,
	0x0f, 0x00, 0x13, 0x0e, 0xce, 0x69, 0x17, 0x9f, 0x0f, 0x00, 0x13, 0x0f, 0xcf, 0x6d,
	0x93, 0x07, 0x60, 0x00, 0x9b, 0x8e, 0x0e, 0x40, 0x1b, 0x03, 0x03, 0xc0, 0x63, 0x8a,
	0x07, 0x04, 0x03, 0x27, 0x0e, 0x00, 0x3b, 0x88, 0xd7, 0x01, 0x3b, 0x08, 0xe8, 0x00,
	0xbb, 0x87, 0xee, 0x00, 0x6f, 0x00, 0x00, 0x01, 0x23, 0xa0, 0x06, 0x00, 0x9b, 0x87,
	0x17, 0x00, 0x63, 0x0a, 0xf8, 0x02, 0x13, 0x97, 0x35, 0x00, 0x33, 0x87, 0xe8, 0x00,
	0x03, 0x25, 0x07, 0x06, 0x13, 0x96, 0x07, 0x02, 0x93, 0x56, 0xe6, 0x01, 0x3b, 0x06,
	0xf3, 0x00, 0xb3, 0x86, 0xd9, 0x00, 0xe3, 0x1c, 0xa6, 0xfc, 0x03, 0x27, 0x47, 0x06,
	0x93, 0x85, 0x15, 0x00, 0x23, 0xa0, 0xe6, 0x00, 0x6f, 0xf0, 0xdf, 0xfc, 0x13, 0x0e,
	0x8e, 0x00, 0x63, 0x06, 0xcf, 0x01, 0x83, 0x27, 0x4e, 0x00, 0x6f, 0xf0, 0x1f, 0xfa,
	0x97, 0x9e, 0x0f, 0x00, 0x93, 0x8e, 0x4e, 0x66, 0x97, 0xa2, 0x0f, 0x00, 0x93, 0x82,
	0x42, 0x83, 0x13, 0x05, 0x60, 0x00, 0x13, 0x08, 0x00, 0x00, 0x37, 0x6f, 0xff, 0xff,
	0x37, 0x1e, 0x00, 0x00, 0x37, 0xa3, 0x00, 0x00, 0x63, 0x0e, 0x05, 0x04, 0x83, 0xa7,
	0x0e, 0x00, 0x3b, 0x05, 0xaf, 0x00, 0x3b, 0x07, 0xff, 0x00, 0x3b, 0x05, 0xf5, 0x00,
	0x6f, 0x00, 0x00, 0x01, 0x23, 0xa0, 0x07, 0x00, 0x1b, 0x07, 0x17, 0x00, 0x63, 0x0e,
	0xe5, 0x02, 0x93, 0x16, 0x38, 0x00, 0xb3, 0x86, 0xd8, 0x00, 0x13, 0x16, 0x07, 0x02,
	0x83, 0xa5, 0x06, 0x29, 0x93, 0x57, 0xe6, 0x01, 0xb3, 0x87, 0xc7, 0x01, 0x3b, 0x06,
	0xe3, 0x00, 0xb3, 0x87, 0xf9, 0x00, 0xe3, 0x9a, 0xc5, 0xfc, 0x83, 0xa6, 0x46, 0x29,
	0x1b, 0x07, 0x17, 0x00, 0x13, 0x08, 0x18, 0x00, 0x23, 0xa0, 0xd7, 0x00, 0xe3, 0x16,
	0xe5, 0xfc, 0x93, 0x8e, 0x8e, 0x00, 0x63, 0x86, 0xd2, 0x01, 0x03, 0xa5, 0x4e, 0x00,
	0x6f, 0xf0, 0x9f, 0xf9, 0x17, 0xae, 0x0f, 0x00, 0x13, 0x0e, 0x4e, 0xa1, 0x17, 0xaf,
	0x0f, 0x00, 0x13, 0x0f, 0xcf, 0xa4, 0x13, 0x05, 0x10, 0x00, 0x93, 0x05, 0x00, 0x00,
	0xb7, 0x4e, 0xff, 0xff, 0x17, 0xa3, 0x0f, 0x00, 0x13, 0x03, 0x03, 0x46, 0xb7, 0x28,
	0x00, 0x00, 0x37, 0xc8, 0x00, 0x00, 0x63, 0x04, 0x05, 0x04, 0x83, 0x27, 0x0e, 0x00,
	0x3b, 0x86, 0xae, 0x00, 0x3b, 0x87, 0xfe, 0x00, 0x3b, 0x06, 0xf6, 0x00, 0x93, 0x97,
	0x35, 0x00, 0xb3, 0x07, 0xf3, 0x00, 0x13, 0x15, 0x07, 0x02, 0x83, 0xa6, 0x07, 0x00,
	0x93, 0x57, 0xe5, 0x01, 0xb3, 0x87, 0x17, 0x01, 0xb3, 0x87, 0xf9, 0x00, 0x3b, 0x05,
	0xe8, 0x00, 0x23, 0xa0, 0x07, 0x00, 0x63, 0x94, 0xa6, 0x00, 0x93, 0x85, 0x15, 0x00,
	0x1b, 0x07, 0x17, 0x00, 0xe3, 0x18, 0xe6, 0xfc, 0x13, 0x0e, 0x8e, 0x00, 0x63, 0x06,
	0xcf, 0x01, 0x03, 0x25, 0x4e, 0x00, 0x6f, 0xf0, 0xdf, 0xfa, 0x83, 0x67, 0x02, 0x1f,
	0x93, 0x97, 0x07, 0x02, 0x93, 0xd7, 0x07, 0x02, 0x23, 0x3e, 0xf2, 0x00, 0x83, 0x37,
	0x01, 0x00, 0xa3, 0x22, 0xf2, 0x0a, 0x03, 0x20, 0x42, 0x31, 0x93, 0x87, 0x81, 0xba,
	0x83, 0xb7, 0x07, 0x00, 0x13, 0x87, 0x81, 0xb9, 0x83, 0x36, 0x07, 0x00, 0x13, 0x07,
	0x10, 0x00, 0x23, 0xac, 0xe7, 0x00, 0x03, 0x35, 0x0b, 0x00, 0x13, 0x07, 0x00, 0x00,
	0x6f, 0xf0, 0xcf, 0x8a, 0x37, 0x0e, 0x00, 0x08, 0x13, 0x05, 0xb0, 0x00, 0x6f, 0xf0,
	0x1f, 0xb8, 0x13, 0x88, 0x41, 0xb5, 0x03, 0x23, 0x08, 0x00, 0x63, 0x00, 0x03, 0xe0,
	0x23, 0x25, 0x12, 0x07, 0x83, 0x37, 0xa2, 0x1f, 0xb3, 0x87, 0xe7, 0x00, 0xb3, 0x87,
	0xc7, 0x01, 0x23, 0xac, 0x07, 0x3c, 0xa3, 0x2f, 0x02, 0x1e, 0xa3, 0x2f, 0x02, 0x1e,
	0xa3, 0x2f, 0x02, 0x1e, 0xa3, 0x2f, 0x02, 0x1e, 0xa3, 0x2f, 0x02, 0x1e, 0xa3, 0x2f,
	0x02, 0x1e, 0xa3, 0x2f, 0x02, 0x1e, 0xa3, 0x2f, 0x02, 0x1e, 0xa3, 0x23, 0x12, 0x07,
	0x83, 0x37, 0xa2, 0x1f, 0xb3, 0x07, 0xf7, 0x00, 0xb3, 0x87, 0xc7, 0x01, 0x23, 0xa4,
	0xc7, 0x34, 0x83, 0xa7, 0x8c, 0xec, 0x37, 0x06, 0x00, 0x80, 0x13, 0x06, 0x16, 0x00,
	0x33, 0xf3, 0xc7, 0x00, 0x1b, 0x03, 0x03, 0x00, 0x9b, 0x87, 0x07, 0x00, 0x63, 0x10,
	0xc3, 0x0e, 0x93, 0xd7, 0xe7, 0x01, 0x93, 0xf7, 0x17, 0x00, 0xe3, 0x94, 0x07, 0x18,
	0x83, 0x27, 0x85, 0xec, 0x9b, 0xd6, 0x27, 0x00, 0x93, 0xf6, 0x36, 0x00, 0x9b, 0x87,
	0x07, 0x00, 0x63, 0x92, 0x06, 0x02, 0x83, 0x26, 0x45, 0x96, 0x93, 0xd6, 0xc6, 0x01,
	0x93, 0xf6, 0x16, 0x00, 0x63, 0x8a, 0x06, 0x00, 0x93, 0xe7, 0xc7, 0x00, 0x23, 0x24,
	0xf5, 0xec, 0x83, 0x67, 0x85, 0xec, 0x63, 0x82, 0x07, 0x00, 0x83, 0x27, 0x05, 0xac,
	0xb7, 0x06, 0x00, 0x80, 0x03, 0x26, 0x08, 0x00, 0x93, 0x86, 0x06, 0x50, 0x93, 0xf7,
	0xf7, 0x0f, 0xb3, 0xe7, 0xd7, 0x00, 0x93, 0x86, 0x07, 0x00, 0x63, 0x04, 0x06, 0x00,
	0x93, 0xc6, 0x07, 0x10, 0x83, 0x37, 0xa2, 0x1f, 0x37, 0xc6, 0x00, 0x00, 0xb3, 0x87,
	0xe7, 0x00, 0xb3, 0x87, 0xc7, 0x00, 0x23, 0xac, 0xd7, 0x3c, 0x93, 0xf6, 0x75, 0x00,
	0x93, 0x07, 0x10, 0x00, 0xa3, 0x23, 0xf2, 0x06, 0xb7, 0x07, 0x00, 0x80, 0xb7, 0x05,
	0x00, 0xd0, 0x9b, 0x87, 0x17, 0x00, 0x93, 0x85, 0xf5, 0xff, 0x73, 0x26, 0x40, 0xf1,
	0x13, 0x76, 0x36, 0x00, 0x1b, 0x16, 0xc6, 0x01, 0xb3, 0xf7, 0xb7, 0x00, 0xb3, 0xe7,
	0xc7, 0x00, 0x37, 0x06, 0x80, 0xfc, 0x93, 0xc6, 0x16, 0x00, 0x13, 0x06, 0xf6, 0xff,
	0x9b, 0x96, 0x76, 0x01, 0xb3, 0xf7, 0xc7, 0x00, 0xb3, 0xe7, 0xd7, 0x00, 0x9b, 0x87,
	0x07, 0x00, 0x23, 0x26, 0xf5, 0xe0, 0x83, 0x26, 0xc5, 0xe0, 0x93, 0xf6, 0x16, 0x00,
	0xe3, 0x8a, 0x06, 0xfe, 0x23, 0x26, 0x05, 0xe0, 0xa3, 0x23, 0x02, 0x06, 0x83, 0x37,
	0xa2, 0x1f, 0xb3, 0x07, 0xf7, 0x00, 0x37, 0xc7, 0x00, 0x00, 0xb3, 0x87, 0xe7, 0x00,
	0x37, 0x07, 0x00, 0x20, 0x23, 0xa4, 0xe7, 0x34, 0xa3, 0x23, 0x02, 0x06, 0x23, 0x25,
	0x02, 0x06, 0xb3, 0x07, 0x42, 0x01, 0x6f, 0xc0, 0x5f, 0xe7, 0x83, 0xa7, 0x8c, 0xec,
	0x1b, 0x86, 0x07, 0x00, 0x83, 0x35, 0x52, 0x01, 0x93, 0xf5, 0x35, 0x00, 0x33, 0x07,
	0xb2, 0x00, 0x03, 0x65, 0xb7, 0x00, 0x93, 0x85, 0x15, 0x04, 0xb3, 0x07, 0xb2, 0x00,
	0x23, 0xa0, 0x07, 0x01, 0x83, 0x37, 0x32, 0x01, 0xe3, 0x9e, 0x07, 0xfe, 0x83, 0xb7,
	0xc6, 0xeb, 0x13, 0xd7, 0xc7, 0x00, 0x13, 0x77, 0x37, 0x00, 0x63, 0x0a, 0x07, 0x02,
	0x93, 0x06, 0xf0, 0x07, 0x73, 0x27, 0x00, 0xb0, 0x13, 0x00, 0x00, 0x00, 0xf3, 0x27,
	0x00, 0xb0, 0xb3, 0x87, 0xe7, 0x40, 0xe3, 0xfa, 0xf6, 0xfe, 0x83, 0xa7, 0xcc, 0xeb,
	0x1b, 0xd7, 0xc7, 0x00, 0x13, 0x77, 0x37, 0x00, 0x93, 0x97, 0x07, 0x02, 0x93, 0xd7,
	0x07, 0x02, 0xe3, 0x1c, 0x07, 0xfc, 0x93, 0xf7, 0x17, 0x00, 0x63, 0x84, 0x07, 0x00,
	0x23, 0xae, 0x0c, 0xea, 0xb3, 0x05, 0xb2, 0x00, 0x23, 0xa0, 0xa5, 0x00, 0x9b, 0x57,
	0x86, 0x00, 0x37, 0x07, 0x00, 0x80, 0x93, 0xf7, 0x17, 0x00, 0xb3, 0xe7, 0xe7, 0x00,
	0x83, 0x36, 0xa2, 0x1f, 0x13, 0x07, 0x10, 0x00, 0x13, 0x17, 0x47, 0x02, 0x37, 0xe6,
	0x02, 0x00, 0xb3, 0x86, 0xe6, 0x00, 0xb3, 0x86, 0xc6, 0x00, 0x23, 0xa0, 0xf6, 0x08,
	0xb7, 0xe5, 0x02, 0x00, 0x37, 0x06, 0x00, 0xc0, 0xb7, 0x06, 0x00, 0xc0, 0x83, 0x37,
	0xa2, 0x1f, 0xb3, 0x87, 0xe7, 0x00, 0xb3, 0x87, 0xb7, 0x00, 0x83, 0xa7, 0x07, 0x08,
	0xb3, 0xf7, 0xc7, 0x00, 0x9b, 0x87, 0x07, 0x00, 0xe3, 0x94, 0xd7, 0xfe, 0xb7, 0x57,
	0x00, 0xc0, 0x9b, 0x87, 0x07, 0xb0, 0x23, 0x20, 0xf2, 0x00, 0x93, 0x07, 0x10, 0x00,
	0x23, 0x20, 0xf2, 0x00, 0xb7, 0x17, 0x0f, 0xc0, 0x23, 0x20, 0xf2, 0x00, 0x23, 0x20,
	0x02, 0x00, 0x23, 0x20, 0x02, 0x00, 0x23, 0x20, 0x02, 0x00, 0x23, 0x20, 0x02, 0x00,
	0x23, 0x20, 0x02, 0x00, 0x23, 0x20, 0x02, 0x00, 0x23, 0x20, 0x02, 0x00, 0x23, 0x20,
	0x02, 0x00, 0x23, 0x20, 0x02, 0x00, 0x23, 0x20, 0x02, 0x00, 0x23, 0x20, 0x02, 0x00,
	0x23, 0x20, 0x02, 0x00, 0x23, 0x20, 0x02, 0x00, 0x23, 0x20, 0x02, 0x00, 0x23, 0x20,
	0x02, 0x00, 0x23, 0x20, 0x02, 0x00, 0x13, 0x06, 0x00, 0x40, 0xf3, 0x27, 0x40, 0xf1,
	0x1b, 0x87, 0x07, 0x00, 0x33, 0x16, 0xf6, 0x00, 0x83, 0x37, 0x42, 0x31, 0xb3, 0xf7,
	0xc7, 0x00, 0xe3, 0x9c, 0x07, 0xfe, 0x83, 0x67, 0x22, 0x04, 0x13, 0x47, 0xf7, 0xff,
	0x13, 0x77, 0x17, 0x00, 0x1b, 0x17, 0x47, 0x00, 0x33, 0xe7, 0xe7, 0x00, 0x13, 0x77,
	0xf7, 0x0f, 0x93, 0xf7, 0x07, 0xf0, 0xb3, 0xe7, 0xe7, 0x00, 0x37, 0x07, 0xff, 0x7f,
	0x13, 0x07, 0xf7, 0x0f, 0xb3, 0xf7, 0xe7, 0x00, 0x37, 0x07, 0x00, 0x80, 0x13, 0x07,
	0x07, 0x10, 0xb3, 0xe7, 0xe7, 0x00, 0x9b, 0x87, 0x07, 0x00, 0x93, 0x86, 0x0c, 0x00,
	0x23, 0xa8, 0xfc, 0xee, 0x37, 0x05, 0x00, 0xc0, 0xb7, 0x05, 0x00, 0xc0, 0x03, 0x67,
	0x22, 0x04, 0xb3, 0x77, 0xa7, 0x00, 0x9b, 0x87, 0x07, 0x00, 0xe3, 0x9a, 0xb7, 0xfe,
	0x93, 0x17, 0x17, 0x02, 0x93, 0xd7, 0x17, 0x02, 0x23, 0xa8, 0xf6, 0xee, 0x83, 0x67,
	0x22, 0x04, 0x9b, 0x87, 0x07, 0x00, 0xe3, 0x9c, 0x07, 0xfe, 0x23, 0x24, 0x02, 0x06,
	0x83, 0x37, 0xa2, 0x1f, 0x13, 0x07, 0x10, 0x00, 0x13, 0x17, 0x47, 0x02, 0xb3, 0x87,
	0xe7, 0x00, 0x37, 0xe5, 0x02, 0x00, 0xb3, 0x87, 0xa7, 0x00, 0x83, 0xa5, 0x07, 0x08,
	0x93, 0x95, 0x15, 0x02, 0x93, 0xd5, 0x15, 0x02, 0x83, 0x37, 0xa2, 0x1f, 0xb3, 0x87,
	0xe7, 0x00, 0xb3, 0x87, 0xa7, 0x00, 0x23, 0xa0, 0xb7, 0x08, 0xb7, 0x05, 0x00, 0xc0,
	0x83, 0x37, 0xa2, 0x1f, 0xb3, 0x87, 0xe7, 0x00, 0xb3, 0x87, 0xa7, 0x00, 0x83, 0xa7,
	0x07, 0x08, 0xb3, 0xf7, 0xb7, 0x00, 0x9b, 0x87, 0x07, 0x00, 0xe3, 0x94, 0x07, 0xfe,
	0x03, 0xa5, 0x86, 0xec, 0x1b, 0x55, 0x85, 0x00, 0x13, 0x75, 0x15, 0x00, 0x1b, 0x17,
	0x15, 0x00, 0x33, 0x67, 0xa7, 0x00, 0x23, 0x23, 0xe2, 0x06, 0x37, 0x57, 0x00, 0xc0,
	0x1b, 0x07, 0x07, 0xb0, 0x23, 0x20, 0xe2, 0x00, 0x13, 0x07, 0x10, 0x00, 0x23, 0x20,
	0xe2, 0x00, 0x37, 0x17, 0x0f, 0xc0, 0x23, 0x20, 0xe2, 0x00, 0x23, 0x20, 0x02, 0x00,
	0x23, 0x20, 0x02, 0x00, 0x23, 0x20, 0x02, 0x00, 0x23, 0x20, 0x02, 0x00, 0x23, 0x20,
	0x02, 0x00, 0x23, 0x20, 0x02, 0x00, 0x23, 0x20, 0x02, 0x00, 0x23, 0x20, 0x02, 0x00,
	0x23, 0x20, 0x02, 0x00, 0x23, 0x20, 0x02, 0x00, 0x23, 0x20, 0x02, 0x00, 0x23, 0x20,
	0x02, 0x00, 0x23, 0x20, 0x02, 0x00, 0x23, 0x20, 0x02, 0x00, 0x23, 0x20, 0x02, 0x00,
	0x23, 0x20, 0x02, 0x00, 0x03, 0x37, 0x42, 0x31, 0x33, 0x77, 0xe6, 0x00, 0xe3, 0x1c,
	0x07, 0xfe, 0x37, 0x17, 0x00, 0xc0, 0x1b, 0x07, 0x07, 0xe0, 0x23, 0x20, 0xe2, 0x00,
	0xb7, 0x05, 0x02, 0x00, 0x1b, 0x17, 0x05, 0x01, 0x93, 0x85, 0xe5, 0x00, 0x33, 0x67,
	0xb7, 0x00, 0x23, 0x20, 0xe2, 0x00, 0x37, 0x17, 0x0f, 0xc0, 0x23, 0x20, 0xe2, 0x00,
	0x23, 0x20, 0x02, 0x00, 0x23, 0x20, 0x02, 0x00, 0x23, 0x20, 0x02, 0x00, 0x23, 0x20,
	0x02, 0x00, 0x23, 0x20, 0x02, 0x00, 0x23, 0x20, 0x02, 0x00, 0x23, 0x20, 0x02, 0x00,
	0x23, 0x20, 0x02, 0x00, 0x23, 0x20, 0x02, 0x00, 0x23, 0x20, 0x02, 0x00, 0x23, 0x20,
	0x02, 0x00, 0x23, 0x20, 0x02, 0x00, 0x23, 0x20, 0x02, 0x00, 0x23, 0x20, 0x02, 0x00,
	0x23, 0x20, 0x02, 0x00, 0x23, 0x20, 0x02, 0x00, 0x03, 0x37, 0x42, 0x31, 0x33, 0x77,
	0xe6, 0x00, 0xe3, 0x1c, 0x07, 0xfe, 0x03, 0x67, 0x02, 0x0c, 0x1b, 0x57, 0x17, 0x01,
	0x63, 0x0e, 0x07, 0x02, 0x1b, 0x86, 0x17, 0x00, 0x93, 0x75, 0x17, 0x00, 0x9b, 0x07,
	0x06, 0x00, 0x63, 0x82, 0x05, 0x02, 0x83, 0x65, 0x02, 0x1f, 0x93, 0x95, 0x05, 0x02,
	0x93, 0xd5, 0x05, 0x02, 0x23, 0x3e, 0xb2, 0x00, 0x13, 0x66, 0x06, 0x10, 0xa3, 0x22,
	0xc2, 0x0a, 0x03, 0x20, 0x42, 0x31, 0x23, 0xa6, 0x06, 0xee, 0x13, 0x57, 0x17, 0x00,
	0xe3, 0x16, 0x07, 0xfc, 0x83, 0x67, 0x02, 0x1f, 0x93, 0x97, 0x07, 0x02, 0x93, 0xd7,
	0x07, 0x02, 0x23, 0x3e, 0xf2, 0x00, 0xa3, 0x22, 0x02, 0x0a, 0x03, 0x20, 0x42, 0x31,
	0x23, 0xae, 0xa6, 0x90, 0x23, 0xa4, 0x06, 0xec, 0x83, 0xe7, 0x86, 0xec, 0x63, 0x82,
	0x07, 0x00, 0x6f, 0xd0, 0xcf, 0xc7, 0x23, 0x30, 0xf1, 0x01, 0xef, 0x10, 0x10, 0x34,
	0x83, 0x3f, 0x01, 0x00, 0x6f, 0xe0, 0x9f, 0xf6, 0x83, 0x26, 0x06, 0xac, 0xb7, 0x07,
	0x00, 0x80, 0x93, 0x87, 0x07, 0x50, 0x93, 0xf6, 0xf6, 0x0f, 0xb3, 0xe6, 0xf6, 0x00,
	0x9b, 0x86, 0x06, 0x00, 0x83, 0x37, 0xa2, 0x1f, 0x33, 0x07, 0xf7, 0x00, 0xb7, 0xc7,
	0x00, 0x00, 0xb3, 0x07, 0xf7, 0x00, 0x23, 0xac, 0xd7, 0x3c, 0x93, 0x07, 0x10, 0x00,
	0xa3, 0x23, 0xf2, 0x06, 0x37, 0x07, 0x00, 0x80, 0xb7, 0x06, 0x00, 0xd0, 0x93, 0x86,
	0xf6, 0xff, 0x1b, 0x07, 0x17, 0x00, 0xf3, 0x27, 0x40, 0xf1, 0x93, 0xf7, 0x37, 0x00,
	0x9b, 0x97, 0xc7, 0x01, 0x33, 0x77, 0xd7, 0x00, 0xb7, 0x06, 0x80, 0xfc, 0x33, 0x67,
	0xf7, 0x00, 0x93, 0x86, 0xf6, 0xff, 0x93, 0x47, 0x15, 0x00, 0x9b, 0x97, 0x77, 0x01,
	0x33, 0x77, 0xd7, 0x00, 0xb3, 0x67, 0xf7, 0x00, 0x9b, 0x87, 0x07, 0x00, 0x23, 0x26,
	0xf6, 0xe0, 0x03, 0x27, 0xc6, 0xe0, 0x13, 0x77, 0x17, 0x00, 0xe3, 0x0a, 0x07, 0xfe,
	0x23, 0x26, 0x06, 0xe0, 0xa3, 0x23, 0x02, 0x06, 0x6f, 0xc0, 0x5f, 0xee, 0x03, 0x36,
	0x92, 0x0a, 0x73, 0x25, 0x40, 0xf1, 0x83, 0x35, 0x32, 0x02, 0xf3, 0x27, 0x40, 0xf1,
	0x9b, 0x87, 0x07, 0x00, 0x63, 0x84, 0x07, 0x44, 0x37, 0x08, 0x00, 0x10, 0x93, 0x06,
	0xc0, 0x00, 0x23, 0x23, 0xd2, 0x0a, 0x83, 0x67, 0x12, 0x02, 0x9b, 0x87, 0x07, 0x00,
	0x6f, 0x00, 0x80, 0x01, 0x83, 0x67, 0x12, 0x02, 0x9b, 0x87, 0x07, 0x00, 0x83, 0x38,
	0x42, 0x07, 0x63, 0x84, 0x08, 0x00, 0x6f, 0xe0, 0xdf, 0xcd, 0xb3, 0xf7, 0x07, 0x01,
	0xe3, 0x84, 0x07, 0xfe, 0x83, 0x67, 0xf2, 0x0a, 0x93, 0xf7, 0x07, 0x01, 0xe3, 0x9c,
	0x07, 0xfe, 0x93, 0x97, 0x4a, 0x02, 0x13, 0x15, 0x45, 0x03, 0x93, 0xd7, 0x67, 0x02,
	0x13, 0x57, 0x57, 0x01, 0xb3, 0xe7, 0xa7, 0x00, 0x13, 0x17, 0xe7, 0x03, 0xb3, 0xe7,
	0xe7, 0x00, 0x13, 0x97, 0x05, 0x03, 0xb3, 0xe7, 0xe7, 0x00, 0x13, 0x17, 0x66, 0x03,
	0xb3, 0xe7, 0xe7, 0x00, 0x13, 0x07, 0xb0, 0x00, 0x13, 0x17, 0xa7, 0x03, 0xb3, 0xe7,
	0xe7, 0x00, 0x23, 0x31, 0xf2, 0x0a, 0xa3, 0x23, 0xd2, 0x0a, 0x6f, 0xe0, 0x5f, 0xc8,
	0x03, 0xa6, 0x81, 0xb4, 0x63, 0x04, 0x06, 0x00, 0x6f, 0xd0, 0x8f, 0x8d, 0x03, 0xa8,
	0x8c, 0xec, 0x1b, 0x08, 0x08, 0x00, 0x83, 0x37, 0x52, 0x01, 0x93, 0xf7, 0x37, 0x00,
	0x33, 0x06, 0xf2, 0x00, 0x03, 0x63, 0xb6, 0x00, 0x13, 0x8e, 0x17, 0x04, 0xb3, 0x06,
	0xc2, 0x01, 0x23, 0xa0, 0x16, 0x01, 0x83, 0x37, 0x32, 0x01, 0xe3, 0x9e, 0x07, 0xfe,
	0x83, 0x37, 0xc5, 0xeb, 0x93, 0xd6, 0xc7, 0x00, 0x93, 0xf6, 0x36, 0x00, 0x63, 0x8a,
	0x06, 0x02, 0x93, 0x06, 0xf0, 0x07, 0x73, 0x26, 0x00, 0xb0, 0x13, 0x00, 0x00, 0x00,
	0xf3, 0x27, 0x00, 0xb0, 0xb3, 0x87, 0xc7, 0x40, 0xe3, 0xfa, 0xf6, 0xfe, 0x83, 0xa7,
	0xcc, 0xeb, 0x1b, 0xd6, 0xc7, 0x00, 0x13, 0x76, 0x36, 0x00, 0x93, 0x97, 0x07, 0x02,
	0x93, 0xd7, 0x07, 0x02, 0xe3, 0x1c, 0x06, 0xfc, 0x93, 0xf7, 0x17, 0x00, 0x63, 0x84,
	0x07, 0x00, 0x23, 0xae, 0x0c, 0xea, 0x93, 0x07, 0x02, 0x00, 0x33, 0x06, 0xc2, 0x01,
	0x23, 0x20, 0x66, 0x00, 0x9b, 0x56, 0x88, 0x00, 0x37, 0x06, 0x00, 0x80, 0x93, 0xf6,
	0x16, 0x00, 0xb3, 0xe6, 0xc6, 0x00, 0x03, 0x36, 0xa2, 0x1f, 0x13, 0x05, 0x10, 0x00,
	0x13, 0x15, 0x45, 0x02, 0x37, 0xe8, 0x02, 0x00, 0x33, 0x06, 0xa6, 0x00, 0x33, 0x06,
	0x06, 0x01, 0x23, 0x20, 0xd6, 0x08, 0xb7, 0xe8, 0x02, 0x00, 0x37, 0x08, 0x00, 0xc0,
	0x37, 0x06, 0x00, 0xc0, 0x83, 0x36, 0xa2, 0x1f, 0xb3, 0x86, 0xa6, 0x00, 0xb3, 0x86,
	0x16, 0x01, 0x83, 0xa6, 0x06, 0x08, 0xb3, 0xf6, 0x06, 0x01, 0x9b, 0x86, 0x06, 0x00,
	0xe3, 0x94, 0xc6, 0xfe, 0xb7, 0x56, 0x00, 0xc0, 0x9b, 0x86, 0x06, 0xb0, 0x23, 0x20,
	0xd2, 0x00, 0x93, 0x06, 0x10, 0x00, 0x23, 0x20, 0xd2, 0x00, 0xb7, 0x16, 0x0f, 0xc0,
	0x23, 0x20, 0xd2, 0x00, 0x23, 0x20, 0x02, 0x00, 0x23, 0x20, 0x02, 0x00, 0x23, 0x20,
	0x02, 0x00, 0x23, 0x20, 0x02, 0x00, 0x23, 0x20, 0x02, 0x00, 0x23, 0x20, 0x02, 0x00,
	0x23, 0x20, 0x02, 0x00, 0x23, 0x20, 0x02, 0x00, 0x23, 0x20, 0x02, 0x00, 0x23, 0x20,
	0x02, 0x00, 0x23, 0x20, 0x02, 0x00, 0x23, 0x20, 0x02, 0x00, 0x23, 0x20, 0x02, 0x00,
	0x23, 0x20, 0x02, 0x00, 0x23, 0x20, 0x02, 0x00, 0x23, 0x20, 0x02, 0x00, 0x13, 0x05,
	0x00, 0x40, 0xf3, 0x26, 0x40, 0xf1, 0x1b, 0x88, 0x06, 0x00, 0x33, 0x15, 0xd5, 0x00,
	0x83, 0x36, 0x42, 0x31, 0xb3, 0xf6, 0xa6, 0x00, 0xe3, 0x9c, 0x06, 0xfe, 0x83, 0x66,
	0x22, 0x04, 0x93, 0x48, 0xf8, 0xff, 0x93, 0xf8, 0x18, 0x00, 0x9b, 0x98, 0x48, 0x00,
	0xb3, 0xe8, 0x16, 0x01, 0x13, 0xf6, 0x06, 0xf0, 0x93, 0xf8, 0xf8, 0x0f, 0xb7, 0x06,
	0xff, 0x7f, 0x93, 0x86, 0xf6, 0x0f, 0x33, 0x66, 0x16, 0x01, 0x33, 0x76, 0xd6, 0x00,
	0xb7, 0x06, 0x00, 0x80, 0x93, 0x86, 0x06, 0x10, 0x33, 0x66, 0xd6, 0x00, 0x1b, 0x06,
	0x06, 0x00, 0x93, 0x86, 0x0c, 0x00, 0x23, 0xa8, 0xcc, 0xee, 0x37, 0x0e, 0x00, 0xc0,
	0x37, 0x03, 0x00, 0xc0, 0x03, 0x66, 0x22, 0x04, 0xb3, 0x78, 0xc6, 0x01, 0x9b, 0x88,
	0x08, 0x00, 0xe3, 0x9a, 0x68, 0xfe, 0x13, 0x16, 0x16, 0x02, 0x13, 0x56, 0x16, 0x02,
	0x23, 0xa8, 0xc6, 0xee, 0x03, 0x66, 0x22, 0x04, 0x1b, 0x06, 0x06, 0x00, 0xe3, 0x1c,
	0x06, 0xfe, 0x23, 0x24, 0x02, 0x06, 0x03, 0x36, 0xa2, 0x1f, 0x13, 0x03, 0x10, 0x00,
	0x13, 0x13, 0x43, 0x02, 0x33, 0x06, 0x66, 0x00, 0x37, 0xee, 0x02, 0x00, 0x33, 0x06,
	0xc6, 0x01, 0x83, 0x28, 0x06, 0x08, 0x93, 0x98, 0x18, 0x02, 0x93, 0xd8, 0x18, 0x02,
	0x03, 0x36, 0xa2, 0x1f, 0x33, 0x06, 0x66, 0x00, 0x33, 0x06, 0xc6, 0x01, 0x23, 0x20,
	0x16, 0x09, 0xb7, 0xee, 0x02, 0x00, 0xb7, 0x08, 0x00, 0xc0, 0x03, 0x36, 0xa2, 0x1f,
	0x33, 0x06, 0x66, 0x00, 0x33, 0x06, 0xd6, 0x01, 0x03, 0x2e, 0x06, 0x08, 0x33, 0x7e,
	0x1e, 0x01, 0x1b, 0x0e, 0x0e, 0x00, 0xe3, 0x14, 0x0e, 0xfe, 0x83, 0xa8, 0x86, 0xec,
	0x9b, 0xd8, 0x88, 0x00, 0x93, 0xf8, 0x18, 0x00, 0x1b, 0x96, 0x18, 0x00, 0x33, 0x66,
	0x16, 0x01, 0x23, 0x23, 0xc2, 0x06, 0x37, 0x56, 0x00, 0xc0, 0x1b, 0x06, 0x06, 0xb0,
	0x23, 0x20, 0xc2, 0x00, 0x13, 0x06, 0x10, 0x00, 0x23, 0x20, 0xc2, 0x00, 0x37, 0x16,
	0x0f, 0xc0, 0x23, 0x20, 0xc2, 0x00, 0x23, 0x20, 0x02, 0x00, 0x23, 0x20, 0x02, 0x00,
	0x23, 0x20, 0x02, 0x00, 0x23, 0x20, 0x02, 0x00, 0x23, 0x20, 0x02, 0x00, 0x23, 0x20,
	0x02, 0x00, 0x23, 0x20, 0x02, 0x00, 0x23, 0x20, 0x02, 0x00, 0x23, 0x20, 0x02, 0x00,
	0x23, 0x20, 0x02, 0x00, 0x23, 0x20, 0x02, 0x00, 0x23, 0x20, 0x02, 0x00, 0x23, 0x20,
	0x02, 0x00, 0x23, 0x20, 0x02, 0x00, 0x23, 0x20, 0x02, 0x00, 0x23, 0x20, 0x02, 0x00,
	0x03, 0x36, 0x42, 0x31, 0x33, 0x76, 0xc5, 0x00, 0xe3, 0x1c, 0x06, 0xfe, 0x37, 0x16,
	0x00, 0xc0, 0x1b, 0x06, 0x06, 0xe0, 0x23, 0x20, 0xc2, 0x00, 0x37, 0x03, 0x02, 0x00,
	0x1b, 0x96, 0x08, 0x01, 0x13, 0x03, 0xe3, 0x00, 0x33, 0x66, 0x66, 0x00, 0x23, 0x20,
	0xc2, 0x00, 0x37, 0x16, 0x0f, 0xc0, 0x23, 0x20, 0xc2, 0x00, 0x23, 0x20, 0x02, 0x00,
	0x23, 0x20, 0x02, 0x00, 0x23, 0x20, 0x02, 0x00, 0x23, 0x20, 0x02, 0x00, 0x23, 0x20,
	0x02, 0x00, 0x23, 0x20, 0x02, 0x00, 0x23, 0x20, 0x02, 0x00, 0x23, 0x20, 0x02, 0x00,
	0x23, 0x20, 0x02, 0x00, 0x23, 0x20, 0x02, 0x00, 0x23, 0x20, 0x02, 0x00, 0x23, 0x20,
	0x02, 0x00, 0x23, 0x20, 0x02, 0x00, 0x23, 0x20, 0x02, 0x00, 0x23, 0x20, 0x02, 0x00,
	0x23, 0x20, 0x02, 0x00, 0x03, 0x36, 0x42, 0x31, 0x33, 0x76, 0xc5, 0x00, 0xe3, 0x1c,
	0x06, 0xfe, 0x03, 0x66, 0x02, 0x0c, 0x1b, 0x56, 0x16, 0x01, 0x63, 0x0e, 0x06, 0x02,
	0x1b, 0x03, 0x1e, 0x00, 0x93, 0x7e, 0x16, 0x00, 0x1b, 0x0e, 0x03, 0x00, 0x63, 0x82,
	0x0e, 0x02, 0x83, 0x6e, 0x02, 0x1f, 0x93, 0x9e, 0x0e, 0x02, 0x93, 0xde, 0x0e, 0x02,
	0x23, 0x3e, 0xd2, 0x01, 0x13, 0x63, 0x03, 0x10, 0xa3, 0x22, 0x62, 0x0a, 0x03, 0x20,
	0x42, 0x31, 0x23, 0xa6, 0x06, 0xee, 0x13, 0x56, 0x16, 0x00, 0xe3, 0x16, 0x06, 0xfc,
	0x03, 0x66, 0x02, 0x1f, 0x13, 0x16, 0x06, 0x02, 0x13, 0x56, 0x06, 0x02, 0x23, 0x3e,
	0xc2, 0x00, 0xa3, 0x22, 0x02, 0x0a, 0x03, 0x20, 0x42, 0x31, 0x23, 0xae, 0x16, 0x91,
	0x83, 0xa8, 0x86, 0xec, 0x1b, 0xd6, 0x88, 0x00, 0x13, 0x76, 0x16, 0x00, 0x9b, 0x88,
	0x08, 0x00, 0xe3, 0x14, 0x06, 0x6c, 0x13, 0x8e, 0xc1, 0xb4, 0x03, 0x26, 0x0e, 0x00,
	0xe3, 0x16, 0x06, 0x10, 0x23, 0xa4, 0x06, 0xec, 0x03, 0xe6, 0x86, 0xec, 0x63, 0x02,
	0x06, 0x00, 0x23, 0xa8, 0x01, 0xb4, 0x03, 0xa6, 0x41, 0xb5, 0xe3, 0x12, 0x06, 0x18,
	0xb3, 0x87, 0x47, 0x01, 0x6f, 0xc0, 0x5f, 0xdf, 0x37, 0x08, 0x00, 0x08, 0x93, 0x06,
	0xb0, 0x00, 0x6f, 0xf0, 0xdf, 0xbb, 0xa3, 0x09, 0x01, 0x04, 0x6f, 0xf0, 0x4f, 0x91,
	0x83, 0xa7, 0x81, 0xb4, 0x63, 0x9c, 0x07, 0xe6, 0x03, 0xa6, 0x8c, 0xec, 0x1b, 0x06,
	0x06, 0x00, 0x03, 0x33, 0x52, 0x01, 0x13, 0x73, 0x33, 0x00, 0xb3, 0x07, 0x62, 0x00,
	0x03, 0xee, 0xb7, 0x00, 0x13, 0x03, 0x13, 0x04, 0xb3, 0x06, 0x62, 0x00, 0x23, 0xa0,
	0x16, 0x01, 0x83, 0x37, 0x32, 0x01, 0xe3, 0x9e, 0x07, 0xfe, 0x83, 0x37, 0xc5, 0xeb,
	0x93, 0xd6, 0xc7, 0x00, 0x93, 0xf6, 0x36, 0x00, 0x63, 0x8a, 0x06, 0x02, 0x13, 0x05,
	0xf0, 0x07, 0xf3, 0x26, 0x00, 0xb0, 0x13, 0x00, 0x00, 0x00, 0xf3, 0x27, 0x00, 0xb0,
	0xb3, 0x87, 0xd7, 0x40, 0xe3, 0x7a, 0xf5, 0xfe, 0x83, 0xa7, 0xcc, 0xeb, 0x9b, 0xd6,
	0xc7, 0x00, 0x93, 0xf6, 0x36, 0x00, 0x93, 0x97, 0x07, 0x02, 0x93, 0xd7, 0x07, 0x02,
	0xe3, 0x9c, 0x06, 0xfc, 0x93, 0xf7, 0x17, 0x00, 0x63, 0x84, 0x07, 0x00, 0x23, 0xae,
	0x0c, 0xea, 0x93, 0x07, 0x02, 0x00, 0x33, 0x03, 0x62, 0x00, 0x23, 0x20, 0xc3, 0x01,
	0x9b, 0x56, 0x86, 0x00, 0x93, 0xf6, 0x16, 0x00, 0x37, 0x06, 0x00, 0x80, 0xb3, 0xe6,
	0xc6, 0x00, 0x03, 0x36, 0xa2, 0x1f, 0x13, 0x05, 0x10, 0x00, 0x13, 0x15, 0x45, 0x02,
	0xb7, 0xe8, 0x02, 0x00, 0x33, 0x06, 0xa6, 0x00, 0x33, 0x06, 0x16, 0x01, 0x23, 0x20,
	0xd6, 0x08, 0x37, 0xe3, 0x02, 0x00, 0xb7, 0x08, 0x00, 0xc0, 0x37, 0x06, 0x00, 0xc0,
	0x83, 0x36, 0xa2, 0x1f, 0xb3, 0x86, 0xa6, 0x00, 0xb3, 0x86, 0x66, 0x00, 0x83, 0xa6,
	0x06, 0x08, 0xb3, 0xf6, 0x16, 0x01, 0x9b, 0x86, 0x06, 0x00, 0xe3, 0x94, 0xc6, 0xfe,
	0xb7, 0x56, 0x00, 0xc0, 0x9b, 0x86, 0x06, 0xb0, 0x23, 0x20, 0xd2, 0x00, 0x93, 0x06,
	0x10, 0x00, 0x23, 0x20, 0xd2, 0x00, 0xb7, 0x16, 0x0f, 0xc0, 0x23, 0x20, 0xd2, 0x00,
	0x23, 0x20, 0x02, 0x00, 0x23, 0x20, 0x02, 0x00, 0x23, 0x20, 0x02, 0x00, 0x23, 0x20,
	0x02, 0x00, 0x23, 0x20, 0x02, 0x00, 0x23, 0x20, 0x02, 0x00, 0x23, 0x20, 0x02, 0x00,
	0x23, 0x20, 0x02, 0x00, 0x23, 0x20, 0x02, 0x00, 0x23, 0x20, 0x02, 0x00, 0x23, 0x20,
	0x02, 0x00, 0x23, 0x20, 0x02, 0x00, 0x23, 0x20, 0x02, 0x00, 0x23, 0x20, 0x02, 0x00,
	0x23, 0x20, 0x02, 0x00, 0x23, 0x20, 0x02, 0x00, 0x13, 0x05, 0x00, 0x40, 0xf3, 0x26,
	0x40, 0xf1, 0x9b, 0x88, 0x06, 0x00, 0x33, 0x15, 0xd5, 0x00, 0x83, 0x36, 0x42, 0x31,
	0xb3, 0xf6, 0xa6, 0x00, 0xe3, 0x9c, 0x06, 0xfe, 0x83, 0x66, 0x22, 0x04, 0x13, 0xc3,
	0xf8, 0xff, 0x13, 0x73, 0x13, 0x00, 0x1b, 0x13, 0x43, 0x00, 0x33, 0xe3, 0x66, 0x00,
	0x13, 0xf6, 0x06, 0xf0, 0x13, 0x73, 0xf3, 0x0f, 0xb7, 0x06, 0xff, 0x7f, 0x93, 0x86,
	0xf6, 0x0f, 0x33, 0x66, 0x66, 0x00, 0x33, 0x76, 0xd6, 0x00, 0xb7, 0x06, 0x00, 0x80,
	0x93, 0x86, 0x06, 0x10, 0x33, 0x66, 0xd6, 0x00, 0x1b, 0x06, 0x06, 0x00, 0x93, 0x86,
	0x0c, 0x00, 0x23, 0xa8, 0xcc, 0xee, 0xb7, 0x0e, 0x00, 0xc0, 0x37, 0x0e, 0x00, 0xc0,
	0x03, 0x66, 0x22, 0x04, 0x33, 0x73, 0xd6, 0x01, 0x1b, 0x03, 0x03, 0x00, 0xe3, 0x1a,
	0xc3, 0xff, 0x13, 0x16, 0x16, 0x02, 0x13, 0x56, 0x16, 0x02, 0x23, 0xa8, 0xc6, 0xee,
	0x03, 0x66, 0x22, 0x04, 0x1b, 0x06, 0x06, 0x00, 0xe3, 0x1c, 0x06, 0xfe, 0x23, 0x24,
	0x02, 0x06, 0x03, 0x36, 0xa2, 0x1f, 0x13, 0x0e, 0x10, 0x00, 0x13, 0x1e, 0x4e, 0x02,
	0x33, 0x06, 0xc6, 0x01, 0xb7, 0xee, 0x02, 0x00, 0x33, 0x06, 0xd6, 0x01, 0x03, 0x23,
	0x06, 0x08, 0x13, 0x13, 0x13, 0x02, 0x13, 0x53, 0x13, 0x02, 0x03, 0x36, 0xa2, 0x1f,
	0x33, 0x06, 0xc6, 0x01, 0x33, 0x06, 0xd6, 0x01, 0x23, 0x20, 0x66, 0x08, 0x37, 0xef,
	0x02, 0x00, 0x37, 0x03, 0x00, 0xc0, 0x03, 0x36, 0xa2, 0x1f, 0x33, 0x06, 0xc6, 0x01,
	0x33, 0x06, 0xe6, 0x01, 0x83, 0x2e, 0x06, 0x08, 0xb3, 0xfe, 0x6e, 0x00, 0x9b, 0x8e,
	0x0e, 0x00, 0xe3, 0x94, 0x0e, 0xfe, 0x03, 0xa3, 0x86, 0xec, 0x1b, 0x53, 0x83, 0x00,
	0x13, 0x73, 0x13, 0x00, 0x1b, 0x16, 0x13, 0x00, 0x33, 0x66, 0x66, 0x00, 0x23, 0x23,
	0xc2, 0x06, 0x37, 0x56, 0x00, 0xc0, 0x1b, 0x06, 0x06, 0xb0, 0x23, 0x20, 0xc2, 0x00,
	0x13, 0x06, 0x10, 0x00, 0x23, 0x20, 0xc2, 0x00, 0x37, 0x16, 0x0f, 0xc0, 0x23, 0x20,
	0xc2, 0x00, 0x23, 0x20, 0x02, 0x00, 0x23, 0x20, 0x02, 0x00, 0x23, 0x20, 0x02, 0x00,
	0x23, 0x20, 0x02, 0x00, 0x23, 0x20, 0x02, 0x00, 0x23, 0x20, 0x02, 0x00, 0x23, 0x20,
	0x02, 0x00, 0x23, 0x20, 0x02, 0x00, 0x23, 0x20, 0x02, 0x00, 0x23, 0x20, 0x02, 0x00,
	0x23, 0x20, 0x02, 0x00, 0x23, 0x20, 0x02, 0x00, 0x23, 0x20, 0x02, 0x00, 0x23, 0x20,
	0x02, 0x00, 0x23, 0x20, 0x02, 0x00, 0x23, 0x20, 0x02, 0x00, 0x03, 0x36, 0x42, 0x31,
	0x33, 0x76, 0xc5, 0x00, 0xe3, 0x1c, 0x06, 0xfe, 0x37, 0x16, 0x00, 0xc0, 0x1b, 0x06,
	0x06, 0xe0, 0x23, 0x20, 0xc2, 0x00, 0x37, 0x0e, 0x02, 0x00, 0x1b, 0x16, 0x03, 0x01,
	0x13, 0x0e, 0xee, 0x00, 0x33, 0x66, 0xc6, 0x01, 0x23, 0x20, 0xc2, 0x00, 0x37, 0x16,
	0x0f, 0xc0, 0x23, 0x20, 0xc2, 0x00, 0x23, 0x20, 0x02, 0x00, 0x23, 0x20, 0x02, 0x00,
	0x23, 0x20, 0x02, 0x00, 0x23, 0x20, 0x02, 0x00, 0x23, 0x20, 0x02, 0x00, 0x23, 0x20,
	0x02, 0x00, 0x23, 0x20, 0x02, 0x00, 0x23, 0x20, 0x02, 0x00, 0x23, 0x20, 0x02, 0x00,
	0x23, 0x20, 0x02, 0x00, 0x23, 0x20, 0x02, 0x00, 0x23, 0x20, 0x02, 0x00, 0x23, 0x20,
	0x02, 0x00, 0x23, 0x20, 0x02, 0x00, 0x23, 0x20, 0x02, 0x00, 0x23, 0x20, 0x02, 0x00,
	0x03, 0x36, 0x42, 0x31, 0x33, 0x76, 0xc5, 0x00, 0xe3, 0x1c, 0x06, 0xfe, 0x03, 0x66,
	0x02, 0x0c, 0x1b, 0x56, 0x16, 0x01, 0x63, 0x0e, 0x06, 0x02, 0x1b, 0x8e, 0x1e, 0x00,
	0x13, 0x7f, 0x16, 0x00, 0x9b, 0x0e, 0x0e, 0x00, 0x63, 0x02, 0x0f, 0x02, 0x03, 0x6f,
	0x02, 0x1f, 0x13, 0x1f, 0x0f, 0x02, 0x13, 0x5f, 0x0f, 0x02, 0x23, 0x3e, 0xe2, 0x01,
	0x13, 0x6e, 0x0e, 0x10, 0xa3, 0x22, 0xc2, 0x0b, 0x03, 0x20, 0x42, 0x31, 0x23, 0xa6,
	0x06, 0xee, 0x13, 0x56, 0x16, 0x00, 0xe3, 0x16, 0x06, 0xfc, 0x03, 0x66, 0x02, 0x1f,
	0x13, 0x16, 0x06, 0x02, 0x13, 0x56, 0x06, 0x02, 0x23, 0x3e, 0xc2, 0x00, 0xa3, 0x22,
	0x02, 0x0a, 0x03, 0x20, 0x42, 0x31, 0x23, 0xae, 0x66, 0x90, 0x03, 0xa3, 0x86, 0xec,
	0x1b, 0x56, 0x83, 0x00, 0x13, 0x76, 0x16, 0x00, 0x1b, 0x03, 0x03, 0x00, 0xe3, 0x1e,
	0x06, 0x4e, 0x13, 0x8e, 0xc1, 0xb4, 0x83, 0x27, 0x0e, 0x00, 0xe3, 0x9e, 0x07, 0x6a,
	0x23, 0xa4, 0x06, 0xec, 0x83, 0xe7, 0x86, 0xec, 0x63, 0x82, 0x07, 0x00, 0x23, 0xa8,
	0x01, 0xb4, 0x83, 0x27, 0x08, 0x00, 0x63, 0x8e, 0x07, 0xb8, 0x23, 0xaa, 0x01, 0xb4,
	0x23, 0x25, 0x02, 0x06, 0x83, 0x37, 0xa2, 0x1f, 0x37, 0xc6, 0x00, 0x00, 0xb3, 0x87,
	0xe7, 0x00, 0xb3, 0x87, 0xc7, 0x00, 0x83, 0xa7, 0x07, 0x38, 0x63, 0x8e, 0x07, 0x46,
	0x83, 0xa7, 0xc6, 0xac, 0x13, 0x06, 0x10, 0x00, 0x9b, 0x87, 0x07, 0x00, 0xe3, 0x84,
	0xc8, 0x5a, 0x93, 0xd7, 0x07, 0x01, 0x93, 0xf7, 0xf7, 0x0f, 0x93, 0xe5, 0x05, 0x30,
	0x9b, 0x85, 0x05, 0x00, 0x03, 0x36, 0xa2, 0x1f, 0x37, 0xc8, 0x00, 0x00, 0x33, 0x06,
	0xe6, 0x00, 0x33, 0x06, 0x06, 0x01, 0x23, 0x20, 0xb6, 0x62, 0x63, 0x8a, 0x07, 0x0c,
	0x83, 0x67, 0xb2, 0x1f, 0x9b, 0x87, 0x07, 0x00, 0x63, 0x84, 0x07, 0x0c, 0xb7, 0x57,
	0x00, 0xc0, 0x9b, 0x87, 0x07, 0xb0, 0x23, 0x20, 0xf2, 0x00, 0x93, 0x07, 0x10, 0x00,
	0x23, 0x20, 0xf2, 0x00, 0xb7, 0x17, 0x0f, 0xc0, 0x23, 0x20, 0xf2, 0x00, 0x23, 0x20,
	0x02, 0x00, 0x23, 0x20, 0x02, 0x00, 0x23, 0x20, 0x02, 0x00, 0x23, 0x20, 0x02, 0x00,
	0x23, 0x20, 0x02, 0x00, 0x23, 0x20, 0x02, 0x00, 0x23, 0x20, 0x02, 0x00, 0x23, 0x20,
	0x02, 0x00, 0x23, 0x20, 0x02, 0x00, 0x23, 0x20, 0x02, 0x00, 0x23, 0x20, 0x02, 0x00,
	0x23, 0x20, 0x02, 0x00, 0x23, 0x20, 0x02, 0x00, 0x23, 0x20, 0x02, 0x00, 0x23, 0x20,
	0x02, 0x00, 0x23, 0x20, 0x02, 0x00, 0x83, 0x37, 0x42, 0x31, 0xb3, 0x77, 0xf5, 0x00,
	0xe3, 0x9c, 0x07, 0xfe, 0x83, 0x37, 0xa2, 0x1f, 0xb7, 0xc5, 0x00, 0x00, 0xb3, 0x87,
	0xe7, 0x00, 0xb3, 0x87, 0xb7, 0x00, 0x03, 0xa8, 0xc7, 0x3b, 0x1b, 0x08, 0x08, 0x00,
	0x83, 0x37, 0xa2, 0x1f, 0xb3, 0x87, 0xe7, 0x00, 0xb3, 0x87, 0xb7, 0x00, 0x83, 0xa7,
	0x47, 0x3c, 0x13, 0x06, 0x20, 0x00, 0x3b, 0x16, 0x06, 0x01, 0x1b, 0x06, 0xf6, 0xff,
	0xb3, 0xf7, 0xc7, 0x00, 0x9b, 0x87, 0x07, 0x00, 0x03, 0x36, 0xa2, 0x1f, 0x33, 0x06,
	0xe6, 0x00, 0x33, 0x06, 0xb6, 0x00, 0x23, 0x2c, 0xf6, 0x3a, 0x03, 0x36, 0xa2, 0x1f,
	0x33, 0x06, 0xe6, 0x00, 0x33, 0x06, 0xb6, 0x00, 0x23, 0x20, 0xf6, 0x3c, 0x03, 0x36,
	0xa2, 0x1f, 0xb7, 0xc7, 0x00, 0x00, 0x33, 0x06, 0xe6, 0x00, 0x33, 0x06, 0xf6, 0x00,
	0x03, 0x26, 0x86, 0x3e, 0x1b, 0x06, 0x06, 0x00, 0x83, 0x65, 0x02, 0x1f, 0x93, 0x95,
	0x05, 0x02, 0x93, 0xd5, 0x05, 0x02, 0x23, 0x3e, 0xb2, 0x00, 0x13, 0x76, 0xf6, 0x00,
	0x13, 0x66, 0x06, 0x10, 0xa3, 0x22, 0xc2, 0x0a, 0x03, 0x20, 0x42, 0x31, 0x03, 0x36,
	0xa2, 0x1f, 0x33, 0x06, 0xe6, 0x00, 0x33, 0x06, 0xf6, 0x00, 0x03, 0x2e, 0x86, 0x37,
	0x1b, 0x0e, 0x0e, 0x00, 0x03, 0x36, 0xa2, 0x1f, 0x33, 0x06, 0xe6, 0x00, 0x33, 0x06,
	0xf6, 0x00, 0x83, 0x25, 0xc6, 0x37, 0x13, 0x13, 0x0e, 0x02, 0x13, 0x53, 0x03, 0x02,
	0x13, 0x96, 0x05, 0x02, 0x1b, 0x88, 0x05, 0x00, 0x33, 0x66, 0x66, 0x00, 0x83, 0x35,
	0xa2, 0x1f, 0xb3, 0x85, 0xe5, 0x00, 0xb3, 0x85, 0xf5, 0x00, 0x83, 0xa5, 0x85, 0x3e,
	0x1b, 0xd3, 0x85, 0x01, 0x13, 0x73, 0x33, 0x00, 0x9b, 0x85, 0x05, 0x00, 0x23, 0x22,
	0x62, 0x32, 0x23, 0x20, 0xc6, 0x21, 0x23, 0x22, 0x06, 0x21, 0x03, 0x38, 0xa2, 0x1f,
	0x33, 0x08, 0xe8, 0x00, 0x33, 0x08, 0xf8, 0x00, 0x03, 0x28, 0x08, 0x38, 0x1b, 0x08,
	0x08, 0x00, 0x23, 0x24, 0x06, 0x21, 0x03, 0x38, 0xa2, 0x1f, 0x33, 0x08, 0xe8, 0x00,
	0x33, 0x08, 0xf8, 0x00, 0x03, 0x28, 0x48, 0x38, 0x1b, 0x08, 0x08, 0x00, 0x23, 0x26,
	0x06, 0x21, 0x03, 0x38, 0xa2, 0x1f, 0x33, 0x08, 0xe8, 0x00, 0x33, 0x08, 0xf8, 0x00,
	0x03, 0x28, 0x08, 0x39, 0x1b, 0x08, 0x08, 0x00, 0x23, 0x2c, 0x06, 0x21, 0x03, 0x38,
	0xa2, 0x1f, 0x33, 0x08, 0xe8, 0x00, 0x33, 0x08, 0xf8, 0x00, 0x03, 0x28, 0x48, 0x39,
	0x1b, 0x08, 0x08, 0x00, 0x23, 0x2e, 0x06, 0x21, 0x03, 0x38, 0xa2, 0x1f, 0x33, 0x08,
	0xe8, 0x00, 0x33, 0x08, 0xf8, 0x00, 0x03, 0x28, 0x88, 0x39, 0x1b, 0x08, 0x08, 0x00,
	0x23, 0x20, 0x06, 0x23, 0x03, 0x38, 0xa2, 0x1f, 0x33, 0x08, 0xe8, 0x00, 0x33, 0x08,
	0xf8, 0x00, 0x03, 0x28, 0xc8, 0x39, 0x1b, 0x08, 0x08, 0x00, 0x23, 0x22, 0x06, 0x23,
	0x23, 0x24, 0x06, 0x22, 0x03, 0x38, 0xa2, 0x1f, 0x33, 0x08, 0xe8, 0x00, 0x33, 0x08,
	0xf8, 0x00, 0x03, 0x28, 0x48, 0x3a, 0x1b, 0x08, 0x08, 0x00, 0x23, 0x26, 0x06, 0x23,
	0x03, 0x38, 0xa2, 0x1f, 0x33, 0x08, 0xe8, 0x00, 0x33, 0x08, 0xf8, 0x00, 0x03, 0x28,
	0x88, 0x3a, 0x1b, 0x08, 0x08, 0x00, 0x23, 0x28, 0x06, 0x23, 0x03, 0x38, 0xa2, 0x1f,
	0x33, 0x08, 0xe8, 0x00, 0x33, 0x08, 0xf8, 0x00, 0x03, 0x28, 0xc8, 0x3a, 0x1b, 0x08,
	0x08, 0x00, 0x23, 0x2a, 0x06, 0x23, 0x03, 0x38, 0xa2, 0x1f, 0x33, 0x08, 0xe8, 0x00,
	0x33, 0x08, 0xf8, 0x00, 0x03, 0x28, 0x08, 0x3b, 0x1b, 0x08, 0x08, 0x00, 0x23, 0x2c,
	0x06, 0x23, 0x03, 0x38, 0xa2, 0x1f, 0x33, 0x08, 0xe8, 0x00, 0x33, 0x08, 0xf8, 0x00,
	0x03, 0x28, 0x48, 0x3b, 0x1b, 0x08, 0x08, 0x00, 0x23, 0x2e, 0x06, 0x23, 0x03, 0x38,
	0xa2, 0x1f, 0x33, 0x08, 0xe8, 0x00, 0x33, 0x08, 0xf8, 0x00, 0x03, 0x28, 0x88, 0x3b,
	0x1b, 0x08, 0x08, 0x00, 0x23, 0x20, 0x06, 0x25, 0x03, 0x38, 0xa2, 0x1f, 0x33, 0x08,
	0xe8, 0x00, 0x33, 0x08, 0xf8, 0x00, 0x03, 0x28, 0xc8, 0x3b, 0x1b, 0x08, 0x08, 0x00,
	0x23, 0x22, 0x06, 0x25, 0x03, 0x38, 0xa2, 0x1f, 0x33, 0x08, 0xe8, 0x00, 0x33, 0x08,
	0xf8, 0x00, 0x03, 0x28, 0x08, 0x3c, 0x1b, 0x08, 0x08, 0x00, 0x23, 0x28, 0x06, 0x25,
	0x03, 0x38, 0xa2, 0x1f, 0x33, 0x08, 0xe8, 0x00, 0x33, 0x08, 0xf8, 0x00, 0x03, 0x28,
	0x48, 0x3c, 0x1b, 0x08, 0x08, 0x00, 0x23, 0x2a, 0x06, 0x25, 0x03, 0x38, 0xa2, 0x1f,
	0x33, 0x08, 0xe8, 0x00, 0x33, 0x08, 0xf8, 0x00, 0x03, 0x28, 0x88, 0x3c, 0x1b, 0x08,
	0x08, 0x00, 0x23, 0x2c, 0x06, 0x25, 0x03, 0x38, 0xa2, 0x1f, 0x33, 0x08, 0xe8, 0x00,
	0x33, 0x08, 0xf8, 0x00, 0x03, 0x28, 0x08, 0x3d, 0x1b, 0x08, 0x08, 0x00, 0x23, 0x28,
	0x06, 0x27, 0x03, 0x38, 0xa2, 0x1f, 0x33, 0x08, 0xe8, 0x00, 0x33, 0x08, 0xf8, 0x00,
	0x03, 0x28, 0x48, 0x3d, 0x1b, 0x08, 0x08, 0x00, 0x23, 0x2a, 0x06, 0x27, 0x03, 0x38,
	0xa2, 0x1f, 0x33, 0x08, 0xe8, 0x00, 0x33, 0x08, 0xf8, 0x00, 0x03, 0x28, 0x08, 0x3e,
	0x1b, 0x08, 0x08, 0x00, 0x23, 0x20, 0x06, 0x29, 0x03, 0x38, 0xa2, 0x1f, 0x33, 0x08,
	0xe8, 0x00, 0x33, 0x08, 0xf8, 0x00, 0x03, 0x28, 0x48, 0x3e, 0x1b, 0x08, 0x08, 0x00,
	0x23, 0x22, 0x06, 0x29, 0x37, 0xf8, 0xff, 0xff, 0x13, 0x08, 0xf8, 0xff, 0xb3, 0xf5,
	0x05, 0x01, 0x23, 0x24, 0xb6, 0x28, 0x83, 0x35, 0xa2, 0x1f, 0xb3, 0x85, 0xe5, 0x00,
	0xb3, 0x85, 0xf5, 0x00, 0x23, 0xa2, 0x05, 0x3c, 0x83, 0x35, 0xa2, 0x1f, 0xb3, 0x85,
	0xe5, 0x00, 0xb3, 0x85, 0xf5, 0x00, 0x23, 0xa4, 0x05, 0x3c, 0x83, 0x35, 0xa2, 0x1f,
	0xb3, 0x85, 0xe5, 0x00, 0xb3, 0x85, 0xf5, 0x00, 0x23, 0xa0, 0x05, 0x3c, 0x83, 0x35,
	0xa2, 0x1f, 0xb3, 0x85, 0xe5, 0x00, 0xb3, 0x87, 0xf5, 0x00, 0x23, 0xa0, 0x07, 0x3a,
	0xb7, 0x57, 0x00, 0xc0, 0x9b, 0x87, 0x07, 0xb0, 0x23, 0x20, 0xf2, 0x00, 0x93, 0x07,
	0x10, 0x00, 0x23, 0x20, 0xf2, 0x00, 0xb7, 0x17, 0x0f, 0xc0, 0x23, 0x20, 0xf2, 0x00,
	0x23, 0x20, 0x02, 0x00, 0x23, 0x20, 0x02, 0x00, 0x23, 0x20, 0x02, 0x00, 0x23, 0x20,
	0x02, 0x00, 0x23, 0x20, 0x02, 0x00, 0x23, 0x20, 0x02, 0x00, 0x23, 0x20, 0x02, 0x00,
	0x23, 0x20, 0x02, 0x00, 0x23, 0x20, 0x02, 0x00, 0x23, 0x20, 0x02, 0x00, 0x23, 0x20,
	0x02, 0x00, 0x23, 0x20, 0x02, 0x00, 0x23, 0x20, 0x02, 0x00, 0x23, 0x20, 0x02, 0x00,
	0x23, 0x20, 0x02, 0x00, 0x23, 0x20, 0x02, 0x00, 0x83, 0x37, 0x42, 0x31, 0xb3, 0x77,
	0xf5, 0x00, 0xe3, 0x9c, 0x07, 0xfe, 0x83, 0x67, 0x22, 0x01, 0x9b, 0x87, 0x07, 0x00,
	0xe3, 0x9c, 0x07, 0xfe, 0x23, 0x24, 0x06, 0x20, 0x83, 0x37, 0xa2, 0x1f, 0x37, 0xc6,
	0x00, 0x00, 0xb3, 0x87, 0xe7, 0x00, 0xb3, 0x87, 0xc7, 0x00, 0x23, 0xa0, 0x07, 0x38,
	0x83, 0x67, 0x02, 0x1f, 0x93, 0x97, 0x07, 0x02, 0x93, 0xd7, 0x07, 0x02, 0x23, 0x3e,
	0xf2, 0x00, 0xa3, 0x22, 0x02, 0x0a, 0x03, 0x20, 0x42, 0x31, 0x83, 0x37, 0xa2, 0x1f,
	0x37, 0xc6, 0x00, 0x00, 0xb3, 0x87, 0xe7, 0x00, 0xb3, 0x87, 0xc7, 0x00, 0x23, 0xa6,
	0x07, 0x3c, 0x83, 0x67, 0xb2, 0x1f, 0x9b, 0x87, 0x07, 0x00, 0x63, 0x94, 0x07, 0x00,
	0x6f, 0xe0, 0x1f, 0xee, 0x93, 0x07, 0x10, 0x00, 0x23, 0x28, 0xf2, 0x02, 0x83, 0x67,
	0x02, 0x02, 0x93, 0xf7, 0x27, 0x00, 0xe3, 0x8c, 0x07, 0xfe, 0x83, 0xa7, 0xc6, 0xac,
	0x9b, 0x87, 0x07, 0x00, 0x23, 0x2c, 0xf1, 0x04, 0x83, 0x27, 0x81, 0x05, 0x63, 0x88,
	0x07, 0x02, 0x93, 0x07, 0x10, 0x00, 0xe3, 0x84, 0xf8, 0x24, 0x23, 0x0d, 0x01, 0x04,
	0x83, 0x47, 0xa1, 0x05, 0x63, 0x98, 0x07, 0x00, 0x83, 0x47, 0xb1, 0x05, 0x63, 0x94,
	0x07, 0x00, 0x23, 0x2c, 0x01, 0x04, 0x83, 0x27, 0x81, 0x05, 0x9b, 0x87, 0x07, 0x00,
	0x23, 0xa6, 0xf6, 0xac, 0x93, 0x07, 0x10, 0x00, 0xa3, 0x28, 0xf2, 0x02, 0xa3, 0x2d,
	0x02, 0x1e, 0x6f, 0xe0, 0xdf, 0xe7, 0x83, 0xa8, 0x46, 0x96, 0x37, 0x06, 0x00, 0xf0,
	0x13, 0x06, 0xf6, 0xff, 0x33, 0x76, 0x16, 0x01, 0x03, 0xa3, 0x01, 0xb5, 0x9b, 0x88,
	0x08, 0x00, 0x63, 0x04, 0xc3, 0x00, 0x93, 0x08, 0x03, 0x00, 0x13, 0x93, 0x48, 0x02,
	0x23, 0xa8, 0x01, 0xb4, 0x23, 0x20, 0x1e, 0x01, 0x13, 0x53, 0x73, 0x02, 0x13, 0x06,
	0x30, 0x00, 0x63, 0x04, 0x03, 0x00, 0x13, 0x06, 0x03, 0x00, 0x37, 0x03, 0x00, 0x60,
	0x13, 0x16, 0x46, 0x02, 0xb3, 0xf8, 0x68, 0x00, 0x13, 0x56, 0x46, 0x02, 0x33, 0x66,
	0x16, 0x01, 0x1b, 0x06, 0x06, 0x00, 0xb7, 0x08, 0x00, 0x80, 0x23, 0xa2, 0xc6, 0x96,
	0x33, 0x66, 0x16, 0x01, 0x23, 0xa2, 0xc6, 0x96, 0x83, 0xa8, 0x86, 0xec, 0x37, 0x03,
	0x00, 0x3f, 0x13, 0x96, 0x88, 0x02, 0x13, 0x56, 0x86, 0x02, 0xb3, 0xf8, 0x68, 0x00,
	0x33, 0x66, 0x16, 0x01, 0x1b, 0x06, 0x06, 0x00, 0x23, 0xa4, 0xc6, 0xec, 0x03, 0xe6,
	0x86, 0xec, 0x63, 0x02, 0x06, 0x00, 0x6f, 0xf0, 0xcf, 0xe7, 0x23, 0xaa, 0x01, 0xb4,
	0x23, 0x25, 0x02, 0x06, 0x03, 0x36, 0xa2, 0x1f, 0xb7, 0xc8, 0x00, 0x00, 0x33, 0x06,
	0xc7, 0x00, 0x33, 0x06, 0x16, 0x01, 0x03, 0x26, 0x06, 0x38, 0x63, 0x0e, 0x06, 0x46,
	0x03, 0xa6, 0xc6, 0xac, 0x93, 0x08, 0x10, 0x00, 0x1b, 0x06, 0x06, 0x00, 0x63, 0x04,
	0x18, 0x6f, 0x13, 0x56, 0x06, 0x01, 0x13, 0x76, 0xf6, 0x0f, 0x93, 0xe5, 0x05, 0x30,
	0x9b, 0x88, 0x05, 0x00, 0x83, 0x35, 0xa2, 0x1f, 0x37, 0xc3, 0x00, 0x00, 0xb3, 0x05,
	0xb7, 0x00, 0xb3, 0x85, 0x65, 0x00, 0x23, 0xa0, 0x15, 0x63, 0x63, 0x0a, 0x06, 0x0c,
	0x03, 0x66, 0xb2, 0x1f, 0x1b, 0x06, 0x06, 0x00, 0x63, 0x04, 0x06, 0x0c, 0x37, 0x56,
	0x00, 0xc0, 0x1b, 0x06, 0x06, 0xb0, 0x23, 0x20, 0xc2, 0x00, 0x13, 0x06, 0x10, 0x00,
	0x23, 0x20, 0xc2, 0x00, 0x37, 0x16, 0x0f, 0xc0, 0x23, 0x20, 0xc2, 0x00, 0x23, 0x20,
	0x02, 0x00, 0x23, 0x20, 0x02, 0x00, 0x23, 0x20, 0x02, 0x00, 0x23, 0x20, 0x02, 0x00,
	0x23, 0x20, 0x02, 0x00, 0x23, 0x20, 0x02, 0x00, 0x23, 0x20, 0x02, 0x00, 0x23, 0x20,
	0x02, 0x00, 0x23, 0x20, 0x02, 0x00, 0x23, 0x20, 0x02, 0x00, 0x23, 0x20, 0x02, 0x00,
	0x23, 0x20, 0x02, 0x00, 0x23, 0x20, 0x02, 0x00, 0x23, 0x20, 0x02, 0x00, 0x23, 0x20,
	0x02, 0x00, 0x23, 0x20, 0x02, 0x00, 0x03, 0x36, 0x42, 0x31, 0x33, 0x76, 0xc5, 0x00,
	0xe3, 0x1c, 0x06, 0xfe, 0x03, 0x36, 0xa2, 0x1f, 0xb7, 0xc8, 0x00, 0x00, 0x33, 0x06,
	0xc7, 0x00, 0x33, 0x06, 0x16, 0x01, 0x03, 0x23, 0xc6, 0x3b, 0x1b, 0x03, 0x03, 0x00,
	0x03, 0x36, 0xa2, 0x1f, 0x33, 0x06, 0xc7, 0x00, 0x33, 0x06, 0x16, 0x01, 0x03, 0x26,
	0x46, 0x3c, 0x93, 0x05, 0x20, 0x00, 0xbb, 0x95, 0x65, 0x00, 0x9b, 0x85, 0xf5, 0xff,
	0x33, 0x76, 0xb6, 0x00, 0x1b, 0x06, 0x06, 0x00, 0x83, 0x35, 0xa2, 0x1f, 0xb3, 0x05,
	0xb7, 0x00, 0xb3, 0x85, 0x15, 0x01, 0x23, 0xac, 0xc5, 0x3a, 0x83, 0x35, 0xa2, 0x1f,
	0xb3, 0x05, 0xb7, 0x00, 0xb3, 0x85, 0x15, 0x01, 0x23, 0xa0, 0xc5, 0x3c, 0x83, 0x35,
	0xa2, 0x1f, 0x37, 0xc6, 0x00, 0x00, 0xb3, 0x05, 0xb7, 0x00, 0xb3, 0x85, 0xc5, 0x00,
	0x83, 0xa5, 0x85, 0x3e, 0x9b, 0x85, 0x05, 0x00, 0x83, 0x68, 0x02, 0x1f, 0x93, 0x98,
	0x08, 0x02, 0x93, 0xd8, 0x08, 0x02, 0x23, 0x3e, 0x12, 0x01, 0x93, 0xf5, 0xf5, 0x00,
	0x93, 0xe5, 0x05, 0x10, 0xa3, 0x22, 0xb2, 0x0a, 0x03, 0x20, 0x42, 0x31, 0x83, 0x35,
	0xa2, 0x1f, 0xb3, 0x05, 0xb7, 0x00, 0xb3, 0x85, 0xc5, 0x00, 0x03, 0xae, 0x85, 0x37,
	0x1b, 0x0e, 0x0e, 0x00, 0x83, 0x35, 0xa2, 0x1f, 0xb3, 0x05, 0xb7, 0x00, 0xb3, 0x85,
	0xc5, 0x00, 0x83, 0xa8, 0xc5, 0x37, 0x93, 0x1e, 0x0e, 0x02, 0x93, 0xde, 0x0e, 0x02,
	0x93, 0x95, 0x08, 0x02, 0x1b, 0x83, 0x08, 0x00, 0xb3, 0xe5, 0xd5, 0x01, 0x83, 0x38,
	0xa2, 0x1f, 0xb3, 0x08, 0x17, 0x01, 0xb3, 0x88, 0xc8, 0x00, 0x83, 0xa8, 0x88, 0x3e,
	0x9b, 0xde, 0x88, 0x01, 0x93, 0xfe, 0x3e, 0x00, 0x9b, 0x88, 0x08, 0x00, 0x23, 0x22,
	0xd2, 0x33, 0x23, 0xa0, 0xc5, 0x21, 0x23, 0xa2, 0x65, 0x20, 0x03, 0x33, 0xa2, 0x1f,
	0x33, 0x03, 0x67, 0x00, 0x33, 0x03, 0xc3, 0x00, 0x03, 0x23, 0x03, 0x38, 0x1b, 0x03,
	0x03, 0x00, 0x23, 0xa4, 0x65, 0x20, 0x03, 0x33, 0xa2, 0x1f, 0x33, 0x03, 0x67, 0x00,
	0x33, 0x03, 0xc3, 0x00, 0x03, 0x23, 0x43, 0x38, 0x1b, 0x03, 0x03, 0x00, 0x23, 0xa6,
	0x65, 0x20, 0x03, 0x33, 0xa2, 0x1f, 0x33, 0x03, 0x67, 0x00, 0x33, 0x03, 0xc3, 0x00,
	0x03, 0x23, 0x03, 0x39, 0x1b, 0x03, 0x03, 0x00, 0x23, 0xac, 0x65, 0x20, 0x03, 0x33,
	0xa2, 0x1f, 0x33, 0x03, 0x67, 0x00, 0x33, 0x03, 0xc3, 0x00, 0x03, 0x23, 0x43, 0x39,
	0x1b, 0x03, 0x03, 0x00, 0x23, 0xae, 0x65, 0x20, 0x03, 0x33, 0xa2, 0x1f, 0x33, 0x03,
	0x67, 0x00, 0x33, 0x03, 0xc3, 0x00, 0x03, 0x23, 0x83, 0x39, 0x1b, 0x03, 0x03, 0x00,
	0x23, 0xa0, 0x65, 0x22, 0x03, 0x33, 0xa2, 0x1f, 0x33, 0x03, 0x67, 0x00, 0x33, 0x03,
	0xc3, 0x00, 0x03, 0x23, 0xc3, 0x39, 0x1b, 0x03, 0x03, 0x00, 0x23, 0xa2, 0x65, 0x22,
	0x23, 0xa4, 0x05, 0x22, 0x03, 0x33, 0xa2, 0x1f, 0x33, 0x03, 0x67, 0x00, 0x33, 0x03,
	0xc3, 0x00, 0x03, 0x23, 0x43, 0x3a, 0x1b, 0x03, 0x03, 0x00, 0x23, 0xa6, 0x65, 0x22,
	0x03, 0x33, 0xa2, 0x1f, 0x33, 0x03, 0x67, 0x00, 0x33, 0x03, 0xc3, 0x00, 0x03, 0x23,
	0x83, 0x3a, 0x1b, 0x03, 0x03, 0x00, 0x23, 0xa8, 0x65, 0x22, 0x03, 0x33, 0xa2, 0x1f,
	0x33, 0x03, 0x67, 0x00, 0x33, 0x03, 0xc3, 0x00, 0x03, 0x23, 0xc3, 0x3a, 0x1b, 0x03,
	0x03, 0x00, 0x23, 0xaa, 0x65, 0x22, 0x03, 0x33, 0xa2, 0x1f, 0x33, 0x03, 0x67, 0x00,
	0x33, 0x03, 0xc3, 0x00, 0x03, 0x23, 0x03, 0x3b, 0x1b, 0x03, 0x03, 0x00, 0x23, 0xac,
	0x65, 0x22, 0x03, 0x33, 0xa2, 0x1f, 0x33, 0x03, 0x67, 0x00, 0x33, 0x03, 0xc3, 0x00,
	0x03, 0x23, 0x43, 0x3b, 0x1b, 0x03, 0x03, 0x00, 0x23, 0xae, 0x65, 0x22, 0x03, 0x33,
	0xa2, 0x1f, 0x33, 0x03, 0x67, 0x00, 0x33, 0x03, 0xc3, 0x00, 0x03, 0x23, 0x83, 0x3b,
	0x1b, 0x03, 0x03, 0x00, 0x23, 0xa0, 0x65, 0x24, 0x03, 0x33, 0xa2, 0x1f, 0x33, 0x03,
	0x67, 0x00, 0x33, 0x03, 0xc3, 0x00, 0x03, 0x23, 0xc3, 0x3b, 0x1b, 0x03, 0x03, 0x00,
	0x23, 0xa2, 0x65, 0x24, 0x03, 0x33, 0xa2, 0x1f, 0x33, 0x03, 0x67, 0x00, 0x33, 0x03,
	0xc3, 0x00, 0x03, 0x23, 0x03, 0x3c, 0x1b, 0x03, 0x03, 0x00, 0x23, 0xa8, 0x65, 0x24,
	0x03, 0x33, 0xa2, 0x1f, 0x33, 0x03, 0x67, 0x00, 0x33, 0x03, 0xc3, 0x00, 0x03, 0x23,
	0x43, 0x3c, 0x1b, 0x03, 0x03, 0x00, 0x23, 0xaa, 0x65, 0x24, 0x03, 0x33, 0xa2, 0x1f,
	0x33, 0x03, 0x67, 0x00, 0x33, 0x03, 0xc3, 0x00, 0x03, 0x23, 0x83, 0x3c, 0x1b, 0x03,
	0x03, 0x00, 0x23, 0xac, 0x65, 0x24, 0x03, 0x33, 0xa2, 0x1f, 0x33, 0x03, 0x67, 0x00,
	0x33, 0x03, 0xc3, 0x00, 0x03, 0x23, 0x03, 0x3d, 0x1b, 0x03, 0x03, 0x00, 0x23, 0xa8,
	0x65, 0x26, 0x03, 0x33, 0xa2, 0x1f, 0x33, 0x03, 0x67, 0x00, 0x33, 0x03, 0xc3, 0x00,
	0x03, 0x23, 0x43, 0x3d, 0x1b, 0x03, 0x03, 0x00, 0x23, 0xaa, 0x65, 0x26, 0x03, 0x33,
	0xa2, 0x1f, 0x33, 0x03, 0x67, 0x00, 0x33, 0x03, 0xc3, 0x00, 0x03, 0x23, 0x03, 0x3e,
	0x1b, 0x03, 0x03, 0x00, 0x23, 0xa0, 0x65, 0x28, 0x03, 0x33, 0xa2, 0x1f, 0x33, 0x03,
	0x67, 0x00, 0x33, 0x03, 0xc3, 0x00, 0x03, 0x23, 0x43, 0x3e, 0x1b, 0x03, 0x03, 0x00,
	0x23, 0xa2, 0x65, 0x28, 0x37, 0xf3, 0xff, 0xff, 0x13, 0x03, 0xf3, 0xff, 0xb3, 0xf8,
	0x68, 0x00, 0x23, 0xa4, 0x15, 0x29, 0x83, 0x38, 0xa2, 0x1f, 0xb3, 0x08, 0x17, 0x01,
	0xb3, 0x88, 0xc8, 0x00, 0x23, 0xa2, 0x08, 0x3c, 0x83, 0x38, 0xa2, 0x1f, 0xb3, 0x08,
	0x17, 0x01, 0xb3, 0x88, 0xc8, 0x00, 0x23, 0xa4, 0x08, 0x3c, 0x83, 0x38, 0xa2, 0x1f,
	0xb3, 0x08, 0x17, 0x01, 0xb3, 0x88, 0xc8, 0x00, 0x23, 0xa0, 0x08, 0x3c, 0x83, 0x38,
	0xa2, 0x1f, 0xb3, 0x08, 0x17, 0x01, 0x33, 0x86, 0xc8, 0x00, 0x23, 0x20, 0x06, 0x3a,
	0x37, 0x56, 0x00, 0xc0, 0x1b, 0x06, 0x06, 0xb0, 0x23, 0x20, 0xc2, 0x00, 0x13, 0x06,
	0x10, 0x00, 0x23, 0x20, 0xc2, 0x00, 0x37, 0x16, 0x0f, 0xc0, 0x23, 0x20, 0xc2, 0x00,
	0x23, 0x20, 0x02, 0x00, 0x23, 0x20, 0x02, 0x00, 0x23, 0x20, 0x02, 0x00, 0x23, 0x20,
	0x02, 0x00, 0x23, 0x20, 0x02, 0x00, 0x23, 0x20, 0x02, 0x00, 0x23, 0x20, 0x02, 0x00,
	0x23, 0x20, 0x02, 0x00, 0x23, 0x20, 0x02, 0x00, 0x23, 0x20, 0x02, 0x00, 0x23, 0x20,
	0x02, 0x00, 0x23, 0x20, 0x02, 0x00, 0x23, 0x20, 0x02, 0x00, 0x23, 0x20, 0x02, 0x00,
	0x23, 0x20, 0x02, 0x00, 0x23, 0x20, 0x02, 0x00, 0x03, 0x36, 0x42, 0x31, 0x33, 0x76,
	0xc5, 0x00, 0xe3, 0x1c, 0x06, 0xfe, 0x03, 0x66, 0x22, 0x01, 0x1b, 0x06, 0x06, 0x00,
	0xe3, 0x1c, 0x06, 0xfe, 0x23, 0xa4, 0x05, 0x20, 0x03, 0x36, 0xa2, 0x1f, 0xb7, 0xc5,
	0x00, 0x00, 0x33, 0x06, 0xc7, 0x00, 0x33, 0x06, 0xb6, 0x00, 0x23, 0x20, 0x06, 0x38,
	0x03, 0x66, 0x02, 0x1f, 0x13, 0x16, 0x06, 0x02, 0x13, 0x56, 0x06, 0x02, 0x23, 0x3e,
	0xc2, 0x00, 0xa3, 0x22, 0x02, 0x0a, 0x03, 0x20, 0x42, 0x31, 0x03, 0x36, 0xa2, 0x1f,
	0xb7, 0xc5, 0x00, 0x00, 0x33, 0x06, 0xc7, 0x00, 0x33, 0x06, 0xb6, 0x00, 0x23, 0x26,
	0x06, 0x3c, 0x03, 0x66, 0xb2, 0x1f, 0x1b, 0x06, 0x06, 0x00, 0x63, 0x06, 0x06, 0x9c,
	0x13, 0x06, 0x10, 0x00, 0x23, 0x28, 0xc2, 0x02, 0x03, 0x66, 0x02, 0x02, 0x13, 0x76,
	0x26, 0x00, 0xe3, 0x0c, 0x06, 0xfe, 0x03, 0xa6, 0xc6, 0xac, 0x1b, 0x06, 0x06, 0x00,
	0x23, 0x24, 0xc1, 0x04, 0x03, 0x26, 0x81, 0x04, 0x63, 0x08, 0x06, 0x02, 0x13, 0x06,
	0x10, 0x00, 0x63, 0x0c, 0xc8, 0x22, 0x23, 0x05, 0x01, 0x04, 0x03, 0x46, 0xa1, 0x04,
	0x63, 0x18, 0x06, 0x00, 0x03, 0x46, 0xb1, 0x04, 0x63, 0x14, 0x06, 0x00, 0x23, 0x24,
	0x01, 0x04, 0x03, 0x26, 0x81, 0x04, 0x1b, 0x06, 0x06, 0x00, 0x23, 0xa6, 0xc6, 0xac,
	0x93, 0x06, 0x10, 0x00, 0xa3, 0x28, 0xd2, 0x02, 0xa3, 0x2d, 0x02, 0x1e, 0xb3, 0x87,
	0x47, 0x01, 0x6f, 0xb0, 0xdf, 0xf5, 0x13, 0x96, 0x88, 0x02, 0x37, 0x05, 0x00, 0x3f,
	0xb3, 0xf8, 0xa8, 0x00, 0x13, 0x56, 0x86, 0x02, 0x33, 0x66, 0x16, 0x01, 0x1b, 0x06,
	0x06, 0x00, 0x23, 0xa4, 0xc6, 0xec, 0x03, 0xe6, 0x86, 0xec, 0x63, 0x02, 0x06, 0x00,
	0x13, 0x88, 0x41, 0xb5, 0x03, 0x26, 0x08, 0x00, 0x63, 0x0e, 0x06, 0x0c, 0x03, 0xa6,
	0x86, 0xec, 0x37, 0x03, 0x00, 0x80, 0x93, 0x08, 0x13, 0x00, 0x33, 0x75, 0x16, 0x01,
	0x1b, 0x05, 0x05, 0x00, 0x1b, 0x06, 0x06, 0x00, 0x63, 0x04, 0x15, 0x0f, 0x63, 0x4e,
	0x06, 0x0a, 0x13, 0x75, 0x16, 0x00, 0x63, 0x0a, 0x05, 0x0a, 0x1b, 0x56, 0x86, 0x00,
	0x13, 0x76, 0x16, 0x00, 0x63, 0x04, 0x06, 0x0a, 0x13, 0x05, 0xd3, 0x00, 0x23, 0xa4,
	0xa6, 0xec, 0x03, 0xe6, 0x86, 0xec, 0x63, 0x02, 0x06, 0x00, 0x03, 0xa6, 0x86, 0xec,
	0x33, 0x76, 0xa6, 0x00, 0x1b, 0x06, 0x06, 0x00, 0x63, 0x14, 0xa6, 0x08, 0x03, 0xa6,
	0x86, 0xec, 0x03, 0xa5, 0x06, 0xac, 0x13, 0x03, 0x03, 0x40, 0x13, 0x06, 0x10, 0x00,
	0x13, 0x75, 0xf5, 0x0f, 0x33, 0x65, 0x65, 0x00, 0x23, 0x20, 0xc8, 0x00, 0x1b, 0x05,
	0x05, 0x00, 0x03, 0x36, 0xa2, 0x1f, 0x37, 0xc8, 0x00, 0x00, 0x33, 0x06, 0xc7, 0x00,
	0x33, 0x06, 0x06, 0x01, 0x23, 0x2c, 0xa6, 0x3c, 0x93, 0xf5, 0x75, 0x00, 0x13, 0x06,
	0x10, 0x00, 0xa3, 0x23, 0xc2, 0x06, 0x73, 0x26, 0x40, 0xf1, 0x13, 0x76, 0x36, 0x00,
	0x1b, 0x16, 0xc6, 0x01, 0x37, 0x05, 0x80, 0xfc, 0x33, 0xe6, 0xc8, 0x00, 0x93, 0xc5,
	0x15, 0x00, 0x13, 0x05, 0xf5, 0xff, 0x9b, 0x95, 0x75, 0x01, 0x33, 0x76, 0xa6, 0x00,
	0x33, 0x66, 0xb6, 0x00, 0x1b, 0x06, 0x06, 0x00, 0x23, 0xa6, 0xc6, 0xe0, 0x83, 0xa5,
	0xc6, 0xe0, 0x93, 0xf5, 0x15, 0x00, 0xe3, 0x8a, 0x05, 0xfe, 0x23, 0xa6, 0x06, 0xe0,
	0xa3, 0x23, 0x02, 0x06, 0x83, 0x36, 0xa2, 0x1f, 0x33, 0x07, 0xd7, 0x00, 0xb7, 0xc6,
	0x00, 0x00, 0x33, 0x07, 0xd7, 0x00, 0xb7, 0x06, 0x00, 0x20, 0x23, 0x24, 0xd7, 0x34,
	0xa3, 0x23, 0x02, 0x06, 0x23, 0x25, 0x02, 0x06, 0xb3, 0x87, 0x47, 0x01, 0x6f, 0xb0,
	0x4f, 0xe3, 0x1b, 0x55, 0x16, 0x00, 0x93, 0x78, 0x15, 0x00, 0x13, 0x75, 0xf5, 0x07,
	0x63, 0x92, 0x08, 0x02, 0x1b, 0x55, 0x15, 0x40, 0x13, 0x75, 0x35, 0x00, 0x63, 0x1c,
	0x05, 0x00, 0x13, 0x76, 0x16, 0xf0, 0x13, 0x66, 0xc6, 0x00, 0x23, 0xa4, 0xc6, 0xec,
	0x03, 0xe6, 0x86, 0xec, 0x63, 0x02, 0x06, 0x00, 0x03, 0xa6, 0x06, 0xac, 0x37, 0x05,
	0x00, 0x80, 0x13, 0x05, 0x05, 0x40, 0x13, 0x76, 0xf6, 0x0f, 0x33, 0x66, 0xa6, 0x00,
	0x13, 0x05, 0x10, 0x00, 0x23, 0x20, 0xa8, 0x00, 0x1b, 0x06, 0x06, 0x00, 0x03, 0x35,
	0xa2, 0x1f, 0x37, 0xc8, 0x00, 0x00, 0x33, 0x05, 0xa7, 0x00, 0x33, 0x05, 0x05, 0x01,
	0x23, 0x2c, 0xc5, 0x3c, 0x93, 0xf5, 0x75, 0x00, 0x13, 0x06, 0x10, 0x00, 0xa3, 0x23,
	0xc2, 0x06, 0x37, 0x06, 0x00, 0x80, 0x37, 0x08, 0x00, 0xd0, 0x1b, 0x06, 0x16, 0x00,
	0x13, 0x08, 0xf8, 0xff, 0x73, 0x25, 0x40, 0xf1, 0x13, 0x75, 0x35, 0x00, 0x1b, 0x15,
	0xc5, 0x01, 0x33, 0x76, 0x06, 0x01, 0x33, 0x66, 0xa6, 0x00, 0x37, 0x05, 0x80, 0xfc,
	0x93, 0xc5, 0x15, 0x00, 0x13, 0x05, 0xf5, 0xff, 0x9b, 0x95, 0x75, 0x01, 0x33, 0x76,
	0xa6, 0x00, 0x33, 0x66, 0xb6, 0x00, 0x1b, 0x06, 0x06, 0x00, 0x23, 0xa6, 0xc6, 0xe0,
	0x83, 0xa5, 0xc6, 0xe0, 0x93, 0xf5, 0x15, 0x00, 0xe3, 0x8a, 0x05, 0xfe, 0x6f, 0xf0,
	0x1f, 0xf1, 0x1b, 0x56, 0x86, 0x01, 0x6f, 0xf0, 0x1f, 0x92, 0xa3, 0x05, 0x01, 0x04,
	0x6f, 0xf0, 0xdf, 0xdc, 0x13, 0x16, 0x83, 0x02, 0x37, 0x05, 0x00, 0x3f, 0x33, 0x73,
	0xa3, 0x00, 0x13, 0x56, 0x86, 0x02, 0x33, 0x66, 0x66, 0x00, 0x1b, 0x06, 0x06, 0x00,
	0x23, 0xa4, 0xc6, 0xec, 0x03, 0xe6, 0x86, 0xec, 0x63, 0x02, 0x06, 0x00, 0x03, 0x26,
	0x08, 0x00, 0xe3, 0x0e, 0x06, 0xec, 0x03, 0xa6, 0x86, 0xec, 0x37, 0x03, 0x00, 0x80,
	0x93, 0x08, 0x13, 0x00, 0x33, 0x75, 0x16, 0x01, 0x1b, 0x05, 0x05, 0x00, 0x1b, 0x06,
	0x06, 0x00, 0x63, 0x02, 0x15, 0x0d, 0xe3, 0x4e, 0x06, 0xea, 0x13, 0x75, 0x16, 0x00,
	0xe3, 0x0a, 0x05, 0xea, 0x1b, 0x56, 0x86, 0x00, 0x13, 0x76, 0x16, 0x00, 0xe3, 0x04,
	0x06, 0xea, 0x13, 0x05, 0xd3, 0x00, 0x23, 0xa4, 0xa6, 0xec, 0x03, 0xe6, 0x86, 0xec,
	0x63, 0x02, 0x06, 0x00, 0x03, 0xa6, 0x86, 0xec, 0x33, 0x76, 0xa6, 0x00, 0x1b, 0x06,
	0x06, 0x00, 0xe3, 0x14, 0xa6, 0xe8, 0x03, 0xa6, 0x86, 0xec, 0x03, 0xa5, 0x06, 0xac,
	0x13, 0x03, 0x03, 0x40, 0x13, 0x06, 0x10, 0x00, 0x13, 0x75, 0xf5, 0x0f, 0x33, 0x65,
	0x65, 0x00, 0x23, 0x20, 0xc8, 0x00, 0x1b, 0x05, 0x05, 0x00, 0x03, 0x36, 0xa2, 0x1f,
	0x37, 0xc8, 0x00, 0x00, 0x33, 0x06, 0xe6, 0x00, 0x33, 0x06, 0x06, 0x01, 0x23, 0x2c,
	0xa6, 0x3c, 0x93, 0xf5, 0x75, 0x00, 0x13, 0x06, 0x10, 0x00, 0xa3, 0x23, 0xc2, 0x06,
	0x73, 0x26, 0x40, 0xf1, 0x13, 0x76, 0x36, 0x00, 0x1b, 0x16, 0xc6, 0x01, 0x37, 0x05,
	0x80, 0xfc, 0x33, 0xe6, 0xc8, 0x00, 0x93, 0xc5, 0x15, 0x00, 0x13, 0x05, 0xf5, 0xff,
	0x9b, 0x95, 0x75, 0x01, 0x33, 0x76, 0xa6, 0x00, 0x33, 0x66, 0xb6, 0x00, 0x1b, 0x06,
	0x06, 0x00, 0x23, 0xa6, 0xc6, 0xe0, 0x83, 0xa5, 0xc6, 0xe0, 0x93, 0xf5, 0x15, 0x00,
	0xe3, 0x8a, 0x05, 0xfe, 0x6f, 0xf0, 0x1f, 0xe0, 0x9b, 0xd7, 0x87, 0x01, 0x6f, 0xf0,
	0x0f, 0xa6, 0x1b, 0x55, 0x16, 0x00, 0x93, 0x78, 0x15, 0x00, 0x13, 0x75, 0xf5, 0x07,
	0x63, 0x92, 0x08, 0x02, 0x1b, 0x55, 0x15, 0x40, 0x13, 0x75, 0x35, 0x00, 0x63, 0x1c,
	0x05, 0x00, 0x13, 0x76, 0x16, 0xf0, 0x13, 0x66, 0xc6, 0x00, 0x23, 0xa4, 0xc6, 0xec,
	0x03, 0xe6, 0x86, 0xec, 0x63, 0x02, 0x06, 0x00, 0x03, 0xa6, 0x06, 0xac, 0x37, 0x05,
	0x00, 0x80, 0x13, 0x05, 0x05, 0x40, 0x13, 0x76, 0xf6, 0x0f, 0x33, 0x66, 0xa6, 0x00,
	0x13, 0x05, 0x10, 0x00, 0x23, 0x20, 0xa8, 0x00, 0x1b, 0x06, 0x06, 0x00, 0x03, 0x35,
	0xa2, 0x1f, 0x37, 0xc8, 0x00, 0x00, 0x33, 0x05, 0xe5, 0x00, 0x33, 0x05, 0x05, 0x01,
	0x23, 0x2c, 0xc5, 0x3c, 0x93, 0xf5, 0x75, 0x00, 0x13, 0x06, 0x10, 0x00, 0xa3, 0x23,
	0xc2, 0x06, 0x37, 0x06, 0x00, 0x80, 0x37, 0x08, 0x00, 0xd0, 0x1b, 0x06, 0x16, 0x00,
	0x13, 0x08, 0xf8, 0xff, 0x73, 0x25, 0x40, 0xf1, 0x13, 0x75, 0x35, 0x00, 0x1b, 0x15,
	0xc5, 0x01, 0x33, 0x76, 0x06, 0x01, 0x33, 0x66, 0xa6, 0x00, 0x37, 0x05, 0x80, 0xfc,
	0x93, 0xc5, 0x15, 0x00, 0x13, 0x05, 0xf5, 0xff, 0x9b, 0x95, 0x75, 0x01, 0x33, 0x76,
	0xa6, 0x00, 0x33, 0x66, 0xb6, 0x00, 0x1b, 0x06, 0x06, 0x00, 0x23, 0xa6, 0xc6, 0xe0,
	0x83, 0xa5, 0xc6, 0xe0, 0x93, 0xf5, 0x15, 0x00, 0xe3, 0x8a, 0x05, 0xfe, 0x6f, 0xf0,
	0x5f, 0xd3, 0x03, 0xa6, 0x46, 0x96, 0xb7, 0x07, 0x00, 0xf0, 0x93, 0x87, 0xf7, 0xff,
	0xb3, 0xf7, 0xc7, 0x00, 0x03, 0xa3, 0x01, 0xb5, 0x1b, 0x06, 0x06, 0x00, 0x63, 0x04,
	0xf3, 0x00, 0x13, 0x06, 0x03, 0x00, 0x13, 0x13, 0x46, 0x02, 0x23, 0xa8, 0x01, 0xb4,
	0x23, 0x20, 0xce, 0x00, 0x13, 0x53, 0x73, 0x02, 0x93, 0x07, 0x30, 0x00, 0x63, 0x04,
	0x03, 0x00, 0x93, 0x07, 0x03, 0x00, 0x37, 0x03, 0x00, 0x60, 0x93, 0x97, 0x47, 0x02,
	0x33, 0x76, 0x66, 0x00, 0x93, 0xd7, 0x47, 0x02, 0xb3, 0xe7, 0xc7, 0x00, 0x9b, 0x87,
	0x07, 0x00, 0x37, 0x06, 0x00, 0x80, 0x23, 0xa2, 0xf6, 0x96, 0xb3, 0xe7, 0xc7, 0x00,
	0x23, 0xa2, 0xf6, 0x96, 0x03, 0xa6, 0x86, 0xec, 0x37, 0x03, 0x00, 0x3f, 0x93, 0x17,
	0x86, 0x02, 0x93, 0xd7, 0x87, 0x02, 0x33, 0x76, 0x66, 0x00, 0xb3, 0xe7, 0xc7, 0x00,
	0x9b, 0x87, 0x07, 0x00, 0x23, 0xa4, 0xf6, 0xec, 0x83, 0xe7, 0x86, 0xec, 0x63, 0x82,
	0x07, 0x00, 0x6f, 0xf0, 0xcf, 0x8c, 0xa3, 0x0d, 0x01, 0x04, 0x6f, 0xf0, 0xcf, 0xdb,
	0x23, 0xb4, 0x01, 0xba, 0x83, 0x27, 0xc0, 0x01, 0x73, 0x00, 0x10, 0x00, 0x00, 0x00,
	0x00, 0x00, 0x93, 0x87, 0x81, 0x83, 0x23, 0xaa, 0x01, 0x88, 0x23, 0xb0, 0x07, 0x00,
	0x23, 0xb4, 0x07, 0x00, 0x23, 0xb8, 0x07, 0x00, 0x23, 0xbc, 0x07, 0x00, 0x23, 0xb0,
	0x07, 0x02, 0xa3, 0x20, 0x02, 0x02, 0x23, 0x21, 0x02, 0x02, 0xa3, 0xb0, 0x0b, 0x70,
	0xa3, 0x2f, 0x02, 0x1e, 0x67, 0x80, 0x00, 0x00, 0x83, 0x66, 0x92, 0x0a, 0x73, 0x27,
	0x40, 0xf1, 0x83, 0x37, 0xa2, 0x1f, 0x1b, 0x17, 0x27, 0x00, 0x9b, 0x96, 0x46, 0x00,
	0x93, 0xf6, 0x06, 0x07, 0x13, 0x77, 0xc7, 0x00, 0x33, 0x67, 0xd7, 0x00, 0x13, 0x17,
	0x47, 0x02, 0xb3, 0x87, 0xe7, 0x00, 0xb7, 0xc6, 0x00, 0x00, 0xb3, 0x87, 0xd7, 0x00,
	0x83, 0xa7, 0x07, 0x3c, 0x9b, 0x87, 0x07, 0x00, 0x23, 0xab, 0xfb, 0x60, 0xa3, 0x2f,
	0x02, 0x1e, 0x93, 0x07, 0x10, 0x00, 0xa3, 0x27, 0xf2, 0x04, 0x83, 0x67, 0x52, 0x09,
	0x9b, 0x87, 0x07, 0x00, 0xe3, 0x8c, 0x07, 0xfe, 0x83, 0x66, 0x22, 0x09, 0x9b, 0x87,
	0x06, 0x00, 0x63, 0x80, 0x07, 0x02, 0x23, 0x2a, 0xd2, 0x00, 0x93, 0x96, 0x06, 0x02,
	0x93, 0x07, 0x00, 0x00, 0x93, 0xd6, 0x06, 0x02, 0x03, 0x66, 0x22, 0x30, 0x93, 0x87,
	0x17, 0x00, 0xe3, 0x9c, 0xd7, 0xfe, 0x83, 0x37, 0xa2, 0x1f, 0xb7, 0xc6, 0x00, 0x00,
	0xb3, 0x07, 0xf7, 0x00, 0xb3, 0x87, 0xd7, 0x00, 0x03, 0xa6, 0x87, 0x39, 0x1b, 0x06,
	0x06, 0x00, 0x83, 0x37, 0xa2, 0x1f, 0xb3, 0x07, 0xf7, 0x00, 0xb3, 0x87, 0xd7, 0x00,
	0x23, 0xac, 0xc7, 0x38, 0x83, 0x37, 0xa2, 0x1f, 0x33, 0x07, 0xf7, 0x00, 0x33, 0x07,
	0xd7, 0x00, 0x93, 0x07, 0x10, 0x00, 0x23, 0x20, 0x07, 0x3c, 0x23, 0xac, 0xf1, 0x84,
	0x67, 0x80, 0x00, 0x00, 0x93, 0x87, 0x81, 0x83, 0x13, 0x07, 0x10, 0x00, 0x23, 0xa2,
	0xe7, 0x02, 0x03, 0x37, 0x52, 0x01, 0x93, 0x06, 0xf7, 0xff, 0x13, 0x05, 0x02, 0x00,
	0x33, 0x07, 0xe2, 0x00, 0x03, 0x66, 0x57, 0x08, 0x13, 0x97, 0x46, 0x00, 0x33, 0x87,
	0xe7, 0x00, 0x3b, 0x06, 0xb6, 0x40, 0x23, 0x20, 0xc7, 0x00, 0x03, 0x37, 0xc2, 0x01,
	0x23, 0xb4, 0xe7, 0x00, 0x03, 0x37, 0xd2, 0x01, 0x23, 0xbc, 0xe7, 0x00, 0x83, 0x37,
	0x22, 0x0a, 0x13, 0x07, 0x10, 0x00, 0x23, 0x22, 0xe2, 0x08, 0x13, 0xd6, 0x07, 0x02,
	0x23, 0x20, 0xc2, 0x00, 0x23, 0x20, 0xf2, 0x00, 0x83, 0x67, 0xc2, 0x0a, 0x9b, 0x87,
	0x07, 0x00, 0x63, 0x8a, 0x07, 0x00, 0xa3, 0x2e, 0xe2, 0x06, 0x23, 0x20, 0x02, 0x00,
	0x93, 0x07, 0x20, 0x00, 0x23, 0x20, 0xf2, 0x00, 0x9b, 0x96, 0x26, 0x00, 0x03, 0x66,
	0x92, 0x0a, 0x73, 0x27, 0x40, 0xf1, 0x83, 0x37, 0xa2, 0x1f, 0x1b, 0x17, 0x27, 0x00,
	0x1b, 0x16, 0x46, 0x00, 0x13, 0x76, 0x06, 0x07, 0x13, 0x77, 0xc7, 0x00, 0x33, 0x67,
	0xc7, 0x00, 0x13, 0x17, 0x47, 0x02, 0xb3, 0x87, 0xe7, 0x00, 0x37, 0xc6, 0x00, 0x00,
	0xb3, 0x87, 0xc7, 0x00, 0x83, 0xa7, 0x07, 0x3c, 0x13, 0xe6, 0x36, 0x00, 0x9b, 0x87,
	0x07, 0x00, 0x23, 0xab, 0xfb, 0x60, 0xa3, 0x2f, 0x05, 0x1e, 0xa3, 0x27, 0xc2, 0x04,
	0x83, 0x67, 0x52, 0x09, 0x9b, 0x87, 0x07, 0x00, 0xe3, 0x8c, 0x07, 0xfe, 0x93, 0xf6,
	0x46, 0x00, 0x63, 0x84, 0x06, 0x02, 0x83, 0x66, 0x42, 0x09, 0x9b, 0x87, 0x06, 0x00,
	0x63, 0x96, 0x07, 0x0e, 0x93, 0x07, 0x10, 0x00, 0x23, 0x27, 0xf2, 0x04, 0x93, 0x07,
	0x20, 0x00, 0xa3, 0x20, 0xf2, 0x0a, 0x93, 0x07, 0x10, 0x00, 0x23, 0x3d, 0xf2, 0x00,
	0x83, 0x66, 0x32, 0x09, 0x9b, 0x87, 0x06, 0x00, 0x63, 0x80, 0x07, 0x02, 0xa3, 0x2a,
	0xd2, 0x00, 0x93, 0x96, 0x06, 0x02, 0x93, 0x07, 0x00, 0x00, 0x93, 0xd6, 0x06, 0x02,
	0x03, 0x66, 0x22, 0x30, 0x93, 0x87, 0x17, 0x00, 0xe3, 0x9c, 0xd7, 0xfe, 0x93, 0x07,
	0x10, 0x00, 0x23, 0x27, 0xf2, 0x04, 0xa3, 0x20, 0xf2, 0x0a, 0x83, 0x67, 0x02, 0x1f,
	0x93, 0x97, 0x07, 0x02, 0x93, 0xd7, 0x07, 0x02, 0x23, 0x3e, 0xf2, 0x00, 0x23, 0x3d,
	0x02, 0x00, 0x83, 0x66, 0x22, 0x09, 0x9b, 0x87, 0x06, 0x00, 0x63, 0x80, 0x07, 0x02,
	0x23, 0x2a, 0xd2, 0x00, 0x93, 0x96, 0x06, 0x02, 0x93, 0x07, 0x00, 0x00, 0x93, 0xd6,
	0x06, 0x02, 0x03, 0x66, 0x22, 0x30, 0x93, 0x87, 0x17, 0x00, 0xe3, 0x9c, 0xf6, 0xfe,
	0x83, 0x37, 0xa2, 0x1f, 0xb7, 0xc6, 0x00, 0x00, 0xb3, 0x07, 0xf7, 0x00, 0xb3, 0x87,
	0xd7, 0x00, 0x03, 0xa6, 0x87, 0x39, 0x1b, 0x06, 0x06, 0x00, 0x83, 0x37, 0xa2, 0x1f,
	0xb3, 0x07, 0xf7, 0x00, 0xb3, 0x87, 0xd7, 0x00, 0x23, 0xac, 0xc7, 0x38, 0x83, 0x37,
	0xa2, 0x1f, 0x33, 0x07, 0xf7, 0x00, 0x33, 0x07, 0xd7, 0x00, 0x23, 0x20, 0x07, 0x3c,
	0x83, 0x66, 0x32, 0x03, 0x83, 0x67, 0x32, 0x02, 0x13, 0x07, 0x10, 0x00, 0xbb, 0x17,
	0xf7, 0x00, 0xb3, 0xe7, 0xd7, 0x00, 0x23, 0x2c, 0xf2, 0x04, 0x23, 0x3d, 0x02, 0x00,
	0x23, 0x21, 0xe2, 0x04, 0xa3, 0x21, 0xe2, 0x04, 0x67, 0x80, 0x00, 0x00, 0x23, 0x2b,
	0xd2, 0x00, 0x93, 0x96, 0x06, 0x02, 0x93, 0x07, 0x00, 0x00, 0x93, 0xd6, 0x06, 0x02,
	0x03, 0x66, 0x22, 0x30, 0x93, 0x87, 0x17, 0x00, 0xe3, 0x9c, 0xd7, 0xfe, 0x6f, 0xf0,
	0xdf, 0xef, 0x93, 0x05, 0x10, 0x00, 0x6f, 0xf0, 0x5f, 0xe1, 0x03, 0xb6, 0x81, 0xba,
	0x93, 0x07, 0x06, 0x08, 0x13, 0x87, 0x81, 0x83, 0x13, 0x06, 0x86, 0x0a, 0x83, 0xb6,
	0x07, 0x00, 0x93, 0x87, 0x87, 0x00, 0x13, 0x07, 0x87, 0x00, 0x23, 0x3c, 0xd7, 0xfe,
	0xe3, 0x98, 0xc7, 0xfe, 0x67, 0x80, 0x00, 0x00, 0x03, 0xb6, 0x01, 0xb9, 0x93, 0x07,
	0x46, 0x18, 0x13, 0x05, 0xc6, 0x1b, 0x93, 0x85, 0x01, 0x86, 0x83, 0xb6, 0x07, 0x00,
	0x93, 0x87, 0x87, 0x00, 0x33, 0x87, 0xc7, 0x40, 0x33, 0x87, 0xe5, 0x00, 0x23, 0x3a,
	0xd7, 0xe6, 0xe3, 0x96, 0xa7, 0xfe, 0x67, 0x80, 0x00, 0x00, 0x13, 0x00, 0x00, 0x00,
	0x83, 0x67, 0xc2, 0x02, 0xa3, 0x31, 0xa2, 0x00, 0x93, 0xe7, 0x17, 0x06, 0xa3, 0x21,
	0xf2, 0x00, 0x67, 0x80, 0x00, 0x00, 0x13, 0x00, 0x00, 0x00, 0x93, 0x87, 0x81, 0x83,
	0x03, 0xa7, 0x07, 0x00, 0x23, 0x26, 0xe2, 0x08, 0x03, 0xa7, 0x07, 0x01, 0xa3, 0x26,
	0xe2, 0x08, 0x03, 0xb7, 0x87, 0x00, 0xa3, 0x30, 0xe2, 0x02, 0x83, 0xb7, 0x87, 0x01,
	0x23, 0x31, 0xf2, 0x02, 0x93, 0x87, 0x01, 0x86, 0x03, 0xb7, 0x07, 0x00, 0xa3, 0x3f,
	0xe2, 0x00, 0x03, 0xb7, 0x87, 0x00, 0x23, 0x30, 0xe2, 0x02, 0x03, 0x67, 0x02, 0x1f,
	0x13, 0x17, 0x07, 0x02, 0x13, 0x57, 0x07, 0x02, 0x23, 0x3e, 0xe2, 0x00, 0x03, 0xb7,
	0x87, 0x01, 0xa3, 0x3e, 0xe2, 0x00, 0xa3, 0x25, 0x02, 0x02, 0x03, 0x87, 0x77, 0x03,
	0x63, 0x48, 0x07, 0x06, 0x23, 0x29, 0x02, 0x00, 0x03, 0x20, 0x42, 0x31, 0x03, 0xa7,
	0xc7, 0x02, 0xa3, 0x27, 0xe2, 0x02, 0x83, 0xa6, 0x07, 0x03, 0x37, 0xc7, 0x01, 0x00,
	0x33, 0x87, 0xec, 0x00, 0x23, 0x24, 0xd7, 0x28, 0x37, 0x87, 0x01, 0xc0, 0x1b, 0x07,
	0x07, 0xa0, 0x23, 0x20, 0xe2, 0x00, 0x13, 0x07, 0xd0, 0x24, 0x23, 0x20, 0xe2, 0x00,
	0x23, 0x20, 0xd2, 0x00, 0x03, 0xa7, 0x87, 0x02, 0x93, 0x07, 0x10, 0x00, 0x93, 0x76,
	0x37, 0x00, 0xbb, 0x97, 0xd7, 0x00, 0x23, 0xaa, 0xed, 0x28, 0x93, 0xf7, 0x37, 0x00,
	0x23, 0x2e, 0xf2, 0x00, 0x23, 0x28, 0xf2, 0x1e, 0xb7, 0x37, 0x00, 0xc0, 0x9b, 0x87,
	0x07, 0xa0, 0x23, 0x20, 0xf2, 0x00, 0x23, 0x20, 0xe2, 0x00, 0x67, 0x80, 0x00, 0x00,
	0xa3, 0x29, 0x02, 0x00, 0x03, 0x20, 0x42, 0x31, 0x6f, 0xf0, 0x5f, 0xf9, 0x00, 0x00,
	0x00, 0x00, 0x23, 0x20, 0xa2, 0x00, 0x23, 0x30, 0x0c, 0x00, 0xa3, 0x25, 0x02, 0x38,
	0x03, 0x65, 0x22, 0x30, 0x83, 0x37, 0x72, 0x00, 0x67, 0x80, 0x07, 0x00, 0x6f, 0x00,
	0x00, 0x00, 0x13, 0x00, 0x00, 0x00, 0xb7, 0x07, 0x10, 0x00, 0x93, 0x87, 0xf7, 0xff,
	0x17, 0x87, 0x00, 0x00, 0x13, 0x07, 0x87, 0x0e, 0x33, 0x77, 0xf7, 0x00, 0x23, 0x26,
	0xe2, 0x0a, 0x17, 0x97, 0x00, 0x00, 0x13, 0x07, 0x87, 0xf4, 0x33, 0x77, 0xf7, 0x00,
	0xb7, 0x06, 0x40, 0x00, 0x33, 0x67, 0xd7, 0x00, 0x23, 0x26, 0xe2, 0x0a, 0x17, 0x97,
	0x00, 0x00, 0x13, 0x07, 0x07, 0xcb, 0x33, 0x77, 0xf7, 0x00, 0xb7, 0x06, 0xa0, 0x00,
	0x33, 0x67, 0xd7, 0x00, 0x23, 0x26, 0xe2, 0x0a, 0x17, 0x87, 0x00, 0x00, 0x13, 0x07,
	0x07, 0x10, 0x33, 0x77, 0xf7, 0x00, 0xb7, 0x06, 0x00, 0x01, 0x33, 0x67, 0xd7, 0x00,
	0x23, 0x26, 0xe2, 0x0a, 0x17, 0x87, 0x00, 0x00, 0x13, 0x07, 0x07, 0xed, 0x33, 0x77,
	0xf7, 0x00, 0xb7, 0x06, 0x10, 0x01, 0x33, 0x67, 0xd7, 0x00, 0x23, 0x26, 0xe2, 0x0a,
	0x17, 0x87, 0x00, 0x00, 0x13, 0x07, 0x87, 0x04, 0x33, 0x77, 0xf7, 0x00, 0xb7, 0x06,
	0x20, 0x01, 0x33, 0x67, 0xd7, 0x00, 0x23, 0x26, 0xe2, 0x0a, 0x17, 0x57, 0x00, 0x00,
	0x13, 0x07, 0x87, 0x3d, 0x33, 0x77, 0xf7, 0x00, 0xb7, 0x06, 0x30, 0x01, 0x33, 0x67,
	0xd7, 0x00, 0x23, 0x26, 0xe2, 0x0a, 0x17, 0x67, 0x00, 0x00, 0x13, 0x07, 0x07, 0x15,
	0x33, 0x77, 0xf7, 0x00, 0xb7, 0x06, 0x50, 0x01, 0x33, 0x67, 0xd7, 0x00, 0x23, 0x26,
	0xe2, 0x0a, 0x17, 0x67, 0x00, 0x00, 0x13, 0x07, 0x07, 0x15, 0x33, 0x77, 0xf7, 0x00,
	0xb7, 0x06, 0x60, 0x01, 0x33, 0x67, 0xd7, 0x00, 0x23, 0x26, 0xe2, 0x0a, 0x17, 0x17,
	0x00, 0x00, 0x13, 0x07, 0x07, 0x67, 0x33, 0x77, 0xf7, 0x00, 0xb7, 0x06, 0xd0, 0x01,
	0x33, 0x67, 0xd7, 0x00, 0x23, 0x26, 0xe2, 0x0a, 0x17, 0x27, 0x00, 0x00, 0x13, 0x07,
	0x07, 0x94, 0x33, 0x77, 0xf7, 0x00, 0xb7, 0x06, 0xe0, 0x01, 0x33, 0x67, 0xd7, 0x00,
	0x23, 0x26, 0xe2, 0x0a, 0x17, 0x97, 0x00, 0x00, 0x13, 0x07, 0x07, 0x85, 0x33, 0x77,
	0xf7, 0x00, 0xb7, 0x06, 0xf0, 0x01, 0x33, 0x67, 0xd7, 0x00, 0x23, 0x26, 0xe2, 0x0a,
	0x17, 0x97, 0x00, 0x00, 0x13, 0x07, 0x07, 0x8c, 0x33, 0x77, 0xf7, 0x00, 0xb7, 0x06,
	0x00, 0x02, 0x33, 0x67, 0xd7, 0x00, 0x23, 0x26, 0xe2, 0x0a, 0x17, 0xa7, 0x00, 0x00,
	0x13, 0x07, 0x07, 0xae, 0x33, 0x77, 0xf7, 0x00, 0xb7, 0x06, 0x10, 0x02, 0x33, 0x67,
	0xd7, 0x00, 0x23, 0x26, 0xe2, 0x0a, 0x17, 0x87, 0x00, 0x00, 0x13, 0x07, 0x07, 0x01,
	0x33, 0x77, 0xf7, 0x00, 0xb7, 0x06, 0x20, 0x02, 0x33, 0x67, 0xd7, 0x00, 0x23, 0x26,
	0xe2, 0x0a, 0x17, 0x87, 0x00, 0x00, 0x13, 0x07, 0x87, 0x2f, 0x33, 0x77, 0xf7, 0x00,
	0xb7, 0x06, 0x30, 0x02, 0x33, 0x67, 0xd7, 0x00, 0x23, 0x26, 0xe2, 0x0a, 0x17, 0x57,
	0x00, 0x00, 0x13, 0x07, 0x07, 0x61, 0x33, 0x77, 0xf7, 0x00, 0xb7, 0x06, 0x40, 0x02,
	0x33, 0x67, 0xd7, 0x00, 0x23, 0x26, 0xe2, 0x0a, 0x17, 0x57, 0x00, 0x00, 0x13, 0x07,
	0x87, 0x67, 0x33, 0x77, 0xf7, 0x00, 0xb7, 0x06, 0x50, 0x02, 0x33, 0x67, 0xd7, 0x00,
	0x23, 0x26, 0xe2, 0x0a, 0x17, 0x57, 0x00, 0x00, 0x13, 0x07, 0x07, 0x28, 0x33, 0x77,
	0xf7, 0x00, 0xb7, 0x06, 0x60, 0x02, 0x33, 0x67, 0xd7, 0x00, 0x23, 0x26, 0xe2, 0x0a,
	0x17, 0x57, 0x00, 0x00, 0x13, 0x07, 0x07, 0x6e, 0x33, 0x77, 0xf7, 0x00, 0xb7, 0x06,
	0x70, 0x02, 0x33, 0x67, 0xd7, 0x00, 0x23, 0x26, 0xe2, 0x0a, 0x17, 0x87, 0x00, 0x00,
	0x13, 0x07, 0x87, 0xcf, 0x33, 0x77, 0xf7, 0x00, 0xb7, 0x06, 0x80, 0x02, 0x33, 0x67,
	0xd7, 0x00, 0x23, 0x26, 0xe2, 0x0a, 0x17, 0x67, 0x00, 0x00, 0x13, 0x07, 0x07, 0x06,
	0x33, 0x77, 0xf7, 0x00, 0xb7, 0x06, 0xa0, 0x02, 0x33, 0x67, 0xd7, 0x00, 0x23, 0x26,
	0xe2, 0x0a, 0x17, 0x57, 0x00, 0x00, 0x13, 0x07, 0x07, 0x27, 0x33, 0x77, 0xf7, 0x00,
	0xb7, 0x06, 0xc0, 0x02, 0x33, 0x67, 0xd7, 0x00, 0x23, 0x26, 0xe2, 0x0a, 0x17, 0x97,
	0x00, 0x00, 0x13, 0x07, 0x07, 0x1a, 0x33, 0x77, 0xf7, 0x00, 0xb7, 0x06, 0xf0, 0x02,
	0x33, 0x67, 0xd7, 0x00, 0x23, 0x26, 0xe2, 0x0a, 0x17, 0x67, 0x00, 0x00, 0x13, 0x07,
	0x87, 0x9a, 0x33, 0x77, 0xf7, 0x00, 0xb7, 0x06, 0x00, 0x03, 0x33, 0x67, 0xd7, 0x00,
	0x23, 0x26, 0xe2, 0x0a, 0x17, 0x67, 0x00, 0x00, 0x13, 0x07, 0x07, 0xa0, 0x33, 0x77,
	0xf7, 0x00, 0xb7, 0x06, 0x50, 0x03, 0x33, 0x67, 0xd7, 0x00, 0x23, 0x26, 0xe2, 0x0a,
	0x17, 0x17, 0x00, 0x00, 0x13, 0x07, 0x87, 0xa4, 0x33, 0x77, 0xf7, 0x00, 0xb7, 0x06,
	0x70, 0x03, 0x33, 0x67, 0xd7, 0x00, 0x23, 0x26, 0xe2, 0x0a, 0x17, 0x67, 0x00, 0x00,
	0x13, 0x07, 0x87, 0xa1, 0x33, 0x77, 0xf7, 0x00, 0xb7, 0x06, 0x80, 0x03, 0x33, 0x67,
	0xd7, 0x00, 0x23, 0x26, 0xe2, 0x0a, 0x17, 0xa7, 0x00, 0x00, 0x13, 0x07, 0x07, 0x52,
	0x33, 0x77, 0xf7, 0x00, 0xb7, 0x06, 0xc0, 0x03, 0x33, 0x67, 0xd7, 0x00, 0x23, 0x26,
	0xe2, 0x0a, 0x17, 0x77, 0x00, 0x00, 0x13, 0x07, 0x87, 0x16, 0x33, 0x77, 0xf7, 0x00,
	0xb7, 0x06, 0xf0, 0x03, 0x33, 0x67, 0xd7, 0x00, 0x23, 0x26, 0xe2, 0x0a, 0x17, 0x17,
	0x00, 0x00, 0x13, 0x07, 0x87, 0xb2, 0x33, 0x77, 0xf7, 0x00, 0xb7, 0x06, 0x00, 0x04,
	0x33, 0x67, 0xd7, 0x00, 0x23, 0x26, 0xe2, 0x0a, 0x17, 0xa7, 0x00, 0x00, 0x13, 0x07,
	0x87, 0x46, 0x33, 0x77, 0xf7, 0x00, 0xb7, 0x06, 0x20, 0x04, 0x33, 0x67, 0xd7, 0x00,
	0x23, 0x26, 0xe2, 0x0a, 0x17, 0x27, 0x00, 0x00, 0x13, 0x07, 0x07, 0x9a, 0x33, 0x77,
	0xf7, 0x00, 0xb7, 0x06, 0x50, 0x04, 0x33, 0x67, 0xd7, 0x00, 0x23, 0x26, 0xe2, 0x0a,
	0x17, 0xa7, 0x00, 0x00, 0x13, 0x07, 0x07, 0x0f, 0x33, 0x77, 0xf7, 0x00, 0xb7, 0x06,
	0x90, 0x04, 0x33, 0x67, 0xd7, 0x00, 0x23, 0x26, 0xe2, 0x0a, 0x17, 0x87, 0x00, 0x00,
	0x13, 0x07, 0x07, 0x1b, 0x33, 0x77, 0xf7, 0x00, 0xb7, 0x06, 0xa0, 0x04, 0x33, 0x67,
	0xd7, 0x00, 0x23, 0x26, 0xe2, 0x0a, 0x17, 0x67, 0x00, 0x00, 0x13, 0x07, 0x87, 0xfe,
	0x33, 0x77, 0xf7, 0x00, 0xb7, 0x06, 0xc0, 0x04, 0x33, 0x67, 0xd7, 0x00, 0x23, 0x26,
	0xe2, 0x0a, 0x17, 0x67, 0x00, 0x00, 0x13, 0x07, 0x07, 0x2b, 0x33, 0x77, 0xf7, 0x00,
	0xb7, 0x06, 0xd0, 0x04, 0x33, 0x67, 0xd7, 0x00, 0x23, 0x26, 0xe2, 0x0a, 0x17, 0x17,
	0x00, 0x00, 0x13, 0x07, 0x07, 0xd5, 0x33, 0x77, 0xf7, 0x00, 0xb7, 0x06, 0x00, 0x05,
	0x33, 0x67, 0xd7, 0x00, 0x23, 0x26, 0xe2, 0x0a, 0x17, 0xa7, 0x00, 0x00, 0x13, 0x07,
	0x87, 0x83, 0x33, 0x77, 0xf7, 0x00, 0xb7, 0x06, 0x10, 0x05, 0x33, 0x67, 0xd7, 0x00,
	0x23, 0x26, 0xe2, 0x0a, 0x17, 0xa7, 0x00, 0x00, 0x13, 0x07, 0x07, 0xdd, 0x33, 0x77,
	0xf7, 0x00, 0xb7, 0x06, 0x80, 0x05, 0x33, 0x67, 0xd7, 0x00, 0x23, 0x26, 0xe2, 0x0a,
	0x17, 0x87, 0x00, 0x00, 0x13, 0x07, 0x87, 0x57, 0x33, 0x77, 0xf7, 0x00, 0xb7, 0x06,
	0x90, 0x05, 0x33, 0x67, 0xd7, 0x00, 0x23, 0x26, 0xe2, 0x0a, 0x17, 0x27, 0x00, 0x00,
	0x13, 0x07, 0x87, 0x83, 0x33, 0x77, 0xf7, 0x00, 0xb7, 0x06, 0xd0, 0x05, 0x33, 0x67,
	0xd7, 0x00, 0x23, 0x26, 0xe2, 0x0a, 0x17, 0x97, 0x00, 0x00, 0x13, 0x07, 0x87, 0x01,
	0x33, 0x77, 0xf7, 0x00, 0xb7, 0x06, 0xe0, 0x05, 0x33, 0x67, 0xd7, 0x00, 0x23, 0x26,
	0xe2, 0x0a, 0x17, 0x97, 0x00, 0x00, 0x13, 0x07, 0x87, 0x0d, 0x33, 0x77, 0xf7, 0x00,
	0xb7, 0x06, 0xf0, 0x05, 0x33, 0x67, 0xd7, 0x00, 0x23, 0x26, 0xe2, 0x0a, 0x17, 0x97,
	0x00, 0x00, 0x13, 0x07, 0x07, 0x2a, 0x33, 0x77, 0xf7, 0x00, 0xb7, 0x06, 0x00, 0x06,
	0x33, 0x67, 0xd7, 0x00, 0x23, 0x26, 0xe2, 0x0a, 0x17, 0x97, 0x00, 0x00, 0x13, 0x07,
	0x87, 0x35, 0x33, 0x77, 0xf7, 0x00, 0xb7, 0x06, 0x10, 0x06, 0x33, 0x67, 0xd7, 0x00,
	0x23, 0x26, 0xe2, 0x0a, 0x17, 0x97, 0x00, 0x00, 0x13, 0x07, 0x87, 0x59, 0x33, 0x77,
	0xf7, 0x00, 0xb7, 0x06, 0x30, 0x06, 0x33, 0x67, 0xd7, 0x00, 0x23, 0x26, 0xe2, 0x0a,
	0x17, 0x97, 0x00, 0x00, 0x13, 0x07, 0x87, 0x6a, 0x33, 0x77, 0xf7, 0x00, 0xb7, 0x06,
	0x40, 0x06, 0x33, 0x67, 0xd7, 0x00, 0x23, 0x26, 0xe2, 0x0a, 0x17, 0x97, 0x00, 0x00,
	0x13, 0x07, 0x87, 0xe4, 0x33, 0x77, 0xf7, 0x00, 0xb7, 0x06, 0x80, 0x06, 0x33, 0x67,
	0xd7, 0x00, 0x23, 0x26, 0xe2, 0x0a, 0x17, 0xa7, 0x00, 0x00, 0x13, 0x07, 0x07, 0xa9,
	0x33, 0x77, 0xf7, 0x00, 0xb7, 0x06, 0x70, 0x07, 0x33, 0x67, 0xd7, 0x00, 0x23, 0x26,
	0xe2, 0x0a, 0x17, 0x97, 0x00, 0x00, 0x13, 0x07, 0x87, 0xe5, 0x33, 0x77, 0xf7, 0x00,
	0xb7, 0x06, 0xa0, 0x07, 0x33, 0x67, 0xd7, 0x00, 0x23, 0x26, 0xe2, 0x0a, 0x17, 0x27,
	0x00, 0x00, 0x13, 0x07, 0x07, 0xa7, 0x33, 0x77, 0xf7, 0x00, 0xb7, 0x06, 0xd0, 0x07,
	0x33, 0x67, 0xd7, 0x00, 0x23, 0x26, 0xe2, 0x0a, 0x17, 0x27, 0x00, 0x00, 0x13, 0x07,
	0x87, 0x9f, 0x33, 0x77, 0xf7, 0x00, 0xb7, 0x06, 0xe0, 0x07, 0x33, 0x67, 0xd7, 0x00,
	0x23, 0x26, 0xe2, 0x0a, 0x17, 0x87, 0x00, 0x00, 0x13, 0x07, 0x87, 0x83, 0x33, 0x77,
	0xf7, 0x00, 0xb7, 0x06, 0xb0, 0x08, 0x33, 0x67, 0xd7, 0x00, 0x23, 0x26, 0xe2, 0x0a,
	0x17, 0x57, 0x00, 0x00, 0x13, 0x07, 0x87, 0x5d, 0x33, 0x77, 0xf7, 0x00, 0xb7, 0x06,
	0x10, 0x09, 0x33, 0x67, 0xd7, 0x00, 0x23, 0x26, 0xe2, 0x0a, 0x17, 0xb7, 0x00, 0x00,
	0x13, 0x07, 0x87, 0x94, 0x33, 0x77, 0xf7, 0x00, 0xb7, 0x06, 0x30, 0x09, 0x33, 0x67,
	0xd7, 0x00, 0x23, 0x26, 0xe2, 0x0a, 0x17, 0x27, 0x00, 0x00, 0x13, 0x07, 0x07, 0x98,
	0x33, 0x77, 0xf7, 0x00, 0xb7, 0x06, 0x50, 0x09, 0x33, 0x67, 0xd7, 0x00, 0x23, 0x26,
	0xe2, 0x0a, 0x17, 0x17, 0x00, 0x00, 0x13, 0x07, 0x87, 0x0a, 0x33, 0x77, 0xf7, 0x00,
	0xb7, 0x06, 0xa0, 0x09, 0x33, 0x67, 0xd7, 0x00, 0x23, 0x26, 0xe2, 0x0a, 0x17, 0xa7,
	0x00, 0x00, 0x13, 0x07, 0x07, 0xaf, 0x33, 0x77, 0xf7, 0x00, 0xb7, 0x06, 0xb0, 0x09,
	0x33, 0x67, 0xd7, 0x00, 0x23, 0x26, 0xe2, 0x0a, 0x17, 0x97, 0x00, 0x00, 0x13, 0x07,
	0x87, 0x39, 0x33, 0x77, 0xf7, 0x00, 0xb7, 0x06, 0xf0, 0x09, 0x33, 0x67, 0xd7, 0x00,
	0x23, 0x26, 0xe2, 0x0a, 0x17, 0x67, 0x00, 0x00, 0x13, 0x07, 0x87, 0xcf, 0x33, 0x77,
	0xf7, 0x00, 0xb7, 0x06, 0x90, 0x0a, 0x33, 0x67, 0xd7, 0x00, 0x23, 0x26, 0xe2, 0x0a,
	0x17, 0x87, 0x00, 0x00, 0x13, 0x07, 0x87, 0xb4, 0x33, 0x77, 0xf7, 0x00, 0xb7, 0x06,
	0xd0, 0x0f, 0x33, 0x67, 0xd7, 0x00, 0x23, 0x26, 0xe2, 0x0a, 0x17, 0x87, 0x00, 0x00,
	0x13, 0x07, 0x07, 0xb6, 0x33, 0x77, 0xf7, 0x00, 0xb7, 0x06, 0xc0, 0x0f, 0x33, 0x67,
	0xd7, 0x00, 0x23, 0x26, 0xe2, 0x0a, 0x17, 0xa7, 0x00, 0x00, 0x13, 0x07, 0x07, 0x83,
	0x33, 0x77, 0xf7, 0x00, 0x1b, 0x07, 0x07, 0x00, 0xb7, 0x06, 0x60, 0x00, 0xb3, 0x66,
	0xd7, 0x00, 0x23, 0x26, 0xd2, 0x0a, 0xb7, 0x06, 0xb0, 0x01, 0x33, 0x67, 0xd7, 0x00,
	0x23, 0x26, 0xe2, 0x0a, 0x17, 0xa7, 0x00, 0x00, 0x13, 0x07, 0x07, 0x82, 0x33, 0x77,
	0xf7, 0x00, 0xb7, 0x06, 0x80, 0x00, 0x33, 0x67, 0xd7, 0x00, 0x23, 0x26, 0xe2, 0x0a,
	0x17, 0xa7, 0x00, 0x00, 0x13, 0x07, 0x87, 0x82, 0x33, 0x77, 0xf7, 0x00, 0xb7, 0x06,
	0x90, 0x00, 0x33, 0x67, 0xd7, 0x00, 0x23, 0x26, 0xe2, 0x0a, 0x17, 0xa7, 0x00, 0x00,
	0x13, 0x07, 0x07, 0x9b, 0x33, 0x77, 0xf7, 0x00, 0xb7, 0x06, 0x40, 0x01, 0x33, 0x67,
	0xd7, 0x00, 0x23, 0x26, 0xe2, 0x0a, 0x17, 0xa7, 0xff, 0xff, 0x13, 0x07, 0x87, 0x7c,
	0x33, 0x77, 0xf7, 0x00, 0xb7, 0x06, 0xe0, 0x00, 0x33, 0x67, 0xd7, 0x00, 0x23, 0x26,
	0xe2, 0x0a, 0x17, 0x77, 0x00, 0x00, 0x13, 0x07, 0x87, 0x89, 0x33, 0x77, 0xf7, 0x00,
	0xb7, 0x06, 0x70, 0x01, 0x33, 0x67, 0xd7, 0x00, 0x23, 0x26, 0xe2, 0x0a, 0x17, 0x07,
	0x00, 0x00, 0x13, 0x07, 0x87, 0x80, 0x33, 0x77, 0xf7, 0x00, 0xb7, 0x06, 0xd0, 0x00,
	0x33, 0x67, 0xd7, 0x00, 0x23, 0x26, 0xe2, 0x0a, 0x17, 0x27, 0x00, 0x00, 0x13, 0x07,
	0x87, 0x8f, 0x33, 0x77, 0xf7, 0x00, 0xb7, 0x06, 0xe0, 0x0a, 0x33, 0x67, 0xd7, 0x00,
	0x23, 0x26, 0xe2, 0x0a, 0x17, 0x67, 0x00, 0x00, 0x13, 0x07, 0x07, 0x7f, 0x33, 0x77,
	0xf7, 0x00, 0xb7, 0x06, 0xe0, 0x04, 0x33, 0x67, 0xd7, 0x00, 0x23, 0x26, 0xe2, 0x0a,
	0x17, 0x27, 0x00, 0x00, 0x13, 0x07, 0x87, 0xb6, 0x33, 0x77, 0xf7, 0x00, 0xb7, 0x06,
	0xf0, 0x0a, 0x33, 0x67, 0xd7, 0x00, 0x23, 0x26, 0xe2, 0x0a, 0x17, 0xa7, 0x00, 0x00,
	0x13, 0x07, 0x87, 0xf4, 0x33, 0x77, 0xf7, 0x00, 0xb7, 0x06, 0x60, 0x04, 0x33, 0x67,
	0xd7, 0x00, 0x23, 0x26, 0xe2, 0x0a, 0x17, 0x17, 0x00, 0x00, 0x13, 0x07, 0x87, 0x74,
	0x33, 0x77, 0xf7, 0x00, 0xb7, 0x06, 0x80, 0x09, 0x33, 0x67, 0xd7, 0x00, 0x23, 0x26,
	0xe2, 0x0a, 0x17, 0x87, 0x00, 0x00, 0x13, 0x07, 0x87, 0x20, 0x33, 0x77, 0xf7, 0x00,
	0xb7, 0x06, 0x70, 0x0b, 0x33, 0x67, 0xd7, 0x00, 0x23, 0x26, 0xe2, 0x0a, 0x17, 0x97,
	0x00, 0x00, 0x13, 0x07, 0x87, 0x53, 0x33, 0x77, 0xf7, 0x00, 0xb7, 0x06, 0x80, 0x0b,
	0x33, 0x67, 0xd7, 0x00, 0x23, 0x26, 0xe2, 0x0a, 0x17, 0x97, 0x00, 0x00, 0x13, 0x07,
	0x07, 0x59, 0x33, 0x77, 0xf7, 0x00, 0xb7, 0x06, 0x90, 0x0b, 0x33, 0x67, 0xd7, 0x00,
	0x23, 0x26, 0xe2, 0x0a, 0x17, 0x97, 0x00, 0x00, 0x13, 0x07, 0x87, 0x5d, 0x33, 0x77,
	0xf7, 0x00, 0xb7, 0x06, 0xa0, 0x0b, 0x33, 0x67, 0xd7, 0x00, 0x23, 0x26, 0xe2, 0x0a,
	0x17, 0x97, 0x00, 0x00, 0x13, 0x07, 0x07, 0x63, 0x33, 0x77, 0xf7, 0x00, 0xb7, 0x06,
	0xb0, 0x0b, 0x33, 0x67, 0xd7, 0x00, 0x23, 0x26, 0xe2, 0x0a, 0x17, 0x97, 0x00, 0x00,
	0x13, 0x07, 0x87, 0x64, 0x33, 0x77, 0xf7, 0x00, 0xb7, 0x06, 0xd0, 0x0b, 0x33, 0x67,
	0xd7, 0x00, 0x23, 0x26, 0xe2, 0x0a, 0x17, 0xa7, 0x00, 0x00, 0x13, 0x07, 0x07, 0xe5,
	0x33, 0x77, 0xf7, 0x00, 0xb7, 0x06, 0x10, 0x0b, 0x33, 0x67, 0xd7, 0x00, 0x23, 0x26,
	0xe2, 0x0a, 0x17, 0x77, 0x00, 0x00, 0x13, 0x07, 0x87, 0x58, 0x33, 0x77, 0xf7, 0x00,
	0xb7, 0x06, 0x00, 0x0f, 0x33, 0x67, 0xd7, 0x00, 0x23, 0x26, 0xe2, 0x0a, 0x17, 0xa7,
	0x00, 0x00, 0x13, 0x07, 0x07, 0x8f, 0x33, 0x77, 0xf7, 0x00, 0xb7, 0x06, 0x40, 0x03,
	0x33, 0x67, 0xd7, 0x00, 0x23, 0x26, 0xe2, 0x0a, 0x17, 0x27, 0x00, 0x00, 0x13, 0x07,
	0x07, 0xb7, 0x33, 0x77, 0xf7, 0x00, 0xb7, 0x06, 0x40, 0x0b, 0x33, 0x67, 0xd7, 0x00,
	0x23, 0x26, 0xe2, 0x0a, 0x17, 0xd7, 0x00, 0x00, 0x13, 0x07, 0x87, 0x9b, 0x33, 0x77,
	0xf7, 0x00, 0xb7, 0x06, 0x00, 0x0b, 0x33, 0x67, 0xd7, 0x00, 0x23, 0x26, 0xe2, 0x0a,
	0x17, 0xb7, 0x00, 0x00, 0x13, 0x07, 0x07, 0x27, 0x33, 0x77, 0xf7, 0x00, 0xb7, 0x06,
	0x00, 0x0d, 0x33, 0x67, 0xd7, 0x00, 0x23, 0x26, 0xe2, 0x0a, 0x17, 0xb7, 0x00, 0x00,
	0x13, 0x07, 0x07, 0xd0, 0x33, 0x77, 0xf7, 0x00, 0xb7, 0x06, 0x10, 0x0d, 0x33, 0x67,
	0xd7, 0x00, 0x23, 0x26, 0xe2, 0x0a, 0x17, 0x97, 0x00, 0x00, 0x13, 0x07, 0x87, 0x99,
	0x33, 0x77, 0xf7, 0x00, 0xb7, 0x06, 0xd0, 0x03, 0x33, 0x67, 0xd7, 0x00, 0x23, 0x26,
	0xe2, 0x0a, 0x17, 0x97, 0x00, 0x00, 0x13, 0x07, 0x87, 0x99, 0x33, 0x77, 0xf7, 0x00,
	0xb7, 0x06, 0x20, 0x0d, 0x33, 0x67, 0xd7, 0x00, 0x23, 0x26, 0xe2, 0x0a, 0x17, 0xf7,
	0xff, 0xff, 0x13, 0x07, 0x07, 0x76, 0xb3, 0x77, 0xf7, 0x00, 0x37, 0x07, 0xf0, 0x00,
	0xb3, 0xe7, 0xe7, 0x00, 0x9b, 0x87, 0x07, 0x00, 0x23, 0x26, 0xf2, 0x0a, 0x23, 0x26,
	0xf2, 0x0a, 0x23, 0x26, 0xf2, 0x0a, 0x23, 0x26, 0xf2, 0x0a, 0x23, 0x26, 0xf2, 0x0a,
	0x23, 0x26, 0xf2, 0x0a, 0x23, 0x26, 0xf2, 0x0a, 0x23, 0x26, 0xf2, 0x0a, 0x23, 0x26,
	0xf2, 0x0a, 0x23, 0x26, 0xf2, 0x0a, 0x23, 0x26, 0xf2, 0x0a, 0x23, 0x26, 0xf2, 0x0a,
	0x23, 0x26, 0xf2, 0x0a, 0x23, 0x26, 0xf2, 0x0a, 0x23, 0x26, 0xf2, 0x0a, 0x23, 0x26,
	0xf2, 0x0a, 0x23, 0x26, 0xf2, 0x0a, 0x23, 0x26, 0xf2, 0x0a, 0x23, 0x26, 0xf2, 0x0a,
	0x23, 0x26, 0xf2, 0x0a, 0x23, 0x26, 0xf2, 0x0a, 0x23, 0x26, 0xf2, 0x0a, 0x23, 0x26,
	0xf2, 0x0a, 0x23, 0x26, 0xf2, 0x0a, 0x23, 0x26, 0xf2, 0x0a, 0x23, 0x26, 0xf2, 0x0a,
	0x23, 0x26, 0xf2, 0x0a, 0x23, 0x26, 0xf2, 0x0a, 0x23, 0x26, 0xf2, 0x0a, 0x23, 0x26,
	0xf2, 0x0a, 0x23, 0x26, 0xf2, 0x0a, 0x23, 0x26, 0xf2, 0x0a, 0x23, 0x26, 0xf2, 0x0a,
	0x23, 0x26, 0xf2, 0x0a, 0x23, 0x26, 0xf2, 0x0a, 0x23, 0x26, 0xf2, 0x0a, 0x23, 0x26,
	0xf2, 0x0a, 0x67, 0x80, 0x00, 0x00, 0x13, 0x01, 0x01, 0xff, 0x23, 0x30, 0x81, 0x00,
	0x23, 0x34, 0x11, 0x00, 0x13, 0x04, 0x05, 0x00, 0x83, 0x67, 0x02, 0x1f, 0x93, 0x97,
	0x07, 0x02, 0x93, 0xd7, 0x07, 0x02, 0x23, 0x3e, 0xf2, 0x00, 0x93, 0x07, 0x00, 0x10,
	0xa3, 0x22, 0xf2, 0x0a, 0x03, 0x20, 0x42, 0x31, 0xb7, 0x17, 0x00, 0x10, 0x93, 0x97,
	0x47, 0x01, 0xa3, 0x3c, 0xf2, 0x1e, 0xb7, 0x17, 0x80, 0x10, 0x93, 0x97, 0x47, 0x01,
	0x23, 0x3d, 0xf2, 0x1e, 0x23, 0xb4, 0x01, 0xb8, 0x23, 0xb0, 0x01, 0xb8, 0x23, 0xac,
	0x01, 0xb4, 0x23, 0xae, 0x01, 0xb6, 0x23, 0xac, 0x01, 0xb6, 0x23, 0xaa, 0x01, 0xb6,
	0x23, 0xa8, 0x01, 0xb6, 0x23, 0xb4, 0x01, 0xb6, 0x23, 0xa0, 0x01, 0xb6, 0x23, 0xaa,
	0x01, 0xb4, 0x23, 0xa8, 0x01, 0xb4, 0x23, 0xa6, 0x01, 0xb4, 0x23, 0xae, 0x01, 0xb4,
	0x23, 0xa4, 0x01, 0xb4, 0x93, 0x87, 0x81, 0x83, 0x13, 0x87, 0x01, 0x86, 0x23, 0x80,
	0x07, 0x00, 0x93, 0x87, 0x17, 0x00, 0xe3, 0x1c, 0xf7, 0xfe, 0x93, 0x87, 0x01, 0x86,
	0x13, 0x87, 0x81, 0x89, 0x23, 0x80, 0x07, 0x00, 0x93, 0x87, 0x17, 0x00, 0xe3, 0x9c,
	0xe7, 0xfe, 0xb7, 0x87, 0xff, 0xff, 0xb3, 0x86, 0xfb, 0x00, 0x63, 0x1e, 0x04, 0x00,
	0xa3, 0xb0, 0x0b, 0x70, 0xa3, 0x2f, 0x02, 0x1e, 0x23, 0xb7, 0x06, 0x68, 0xa3, 0x2f,
	0x02, 0x1e, 0xa3, 0xb7, 0x06, 0x68, 0xa3, 0x2f, 0x02, 0x1e, 0x37, 0x26, 0x00, 0x00,
	0x93, 0x07, 0x46, 0xd0, 0x93, 0x05, 0xf0, 0xff, 0x13, 0x06, 0x46, 0xdc, 0x03, 0x37,
	0x92, 0x1f, 0x33, 0x07, 0xf7, 0x00, 0x23, 0x20, 0xb7, 0x00, 0x93, 0x87, 0xc7, 0x00,
	0xe3, 0x98, 0xc7, 0xfe, 0x23, 0x28, 0x02, 0x1e, 0x97, 0x87, 0x0f, 0x00, 0x83, 0xb7,
	0x07, 0x85, 0xa3, 0x39, 0xf2, 0x1e, 0x37, 0x0c, 0x73, 0x00, 0x1b, 0x0c, 0x1c, 0x00,
	0x13, 0x1c, 0x0c, 0x02, 0xb7, 0x07, 0xc0, 0x00, 0x93, 0x87, 0x37, 0x05, 0x93, 0x97,
	0x87, 0x00, 0xa3, 0x38, 0xf2, 0x1e, 0xb7, 0x27, 0x01, 0xc0, 0x9b, 0x87, 0x07, 0x70,
	0x23, 0x29, 0xf2, 0x1e, 0x97, 0x87, 0x0f, 0x00, 0x83, 0xb7, 0x47, 0x82, 0xa3, 0x3a,
	0xf2, 0x1e, 0xb7, 0x87, 0x00, 0x00, 0xb3, 0x87, 0xf6, 0x00, 0x23, 0xb0, 0x07, 0x60,
	0xa3, 0x2f, 0x02, 0x1e, 0x23, 0xb1, 0x07, 0x60, 0xa3, 0x2f, 0x02, 0x1e, 0x23, 0xb2,
	0x07, 0x60, 0xa3, 0x2f, 0x02, 0x1e, 0x23, 0xb3, 0x07, 0x60, 0xa3, 0x2f, 0x02, 0x1e,
	0x23, 0xb4, 0x07, 0x60, 0xa3, 0x2f, 0x02, 0x1e, 0x23, 0xb5, 0x07, 0x60, 0xa3, 0x2f,
	0x02, 0x1e, 0x23, 0xb6, 0x07, 0x60, 0xa3, 0x2f, 0x02, 0x1e, 0x23, 0xb7, 0x07, 0x60,
	0xa3, 0x2f, 0x02, 0x1e, 0x23, 0xb8, 0x07, 0x60, 0xa3, 0x2f, 0x02, 0x1e, 0x23, 0xbc,
	0x07, 0x60, 0xa3, 0x2f, 0x02, 0x1e, 0xa3, 0xb5, 0x07, 0x70, 0xa3, 0x2f, 0x02, 0x1e,
	0xa3, 0xb6, 0x07, 0x70, 0xa3, 0x2f, 0x02, 0x1e, 0xa3, 0xb7, 0x07, 0x70, 0xa3, 0x2f,
	0x02, 0x1e, 0xa3, 0xb8, 0x07, 0x70, 0xa3, 0x2f, 0x02, 0x1e, 0xa3, 0xa1, 0x07, 0x70,
	0xa3, 0x2f, 0x02, 0x1e, 0xa3, 0xa4, 0x07, 0x70, 0xa3, 0x2f, 0x02, 0x1e, 0x23, 0xb0,
	0x07, 0x66, 0xa3, 0x2f, 0x02, 0x1e, 0x23, 0xb1, 0x07, 0x66, 0xa3, 0x2f, 0x02, 0x1e,
	0x23, 0xb2, 0x07, 0x66, 0xa3, 0x2f, 0x02, 0x1e, 0x23, 0xb3, 0x07, 0x66, 0xa3, 0x2f,
	0x02, 0x1e, 0x23, 0xb5, 0x07, 0x66, 0xa3, 0x2f, 0x02, 0x1e, 0x23, 0xb6, 0x07, 0x66,
	0xa3, 0x2f, 0x02, 0x1e, 0xa3, 0x2d, 0x02, 0x1e, 0xef, 0xf0, 0x4f, 0xce, 0xb7, 0x07,
	0x01, 0x00, 0x9b, 0x87, 0x17, 0x00, 0xbb, 0x97, 0x87, 0x00, 0x23, 0xa6, 0xfc, 0xcc,
	0x83, 0x67, 0x02, 0x1f, 0x93, 0x97, 0x07, 0x02, 0x93, 0xd7, 0x07, 0x02, 0x23, 0x3e,
	0xf2, 0x00, 0xa3, 0x22, 0x02, 0x0a, 0x03, 0x20, 0x42, 0x31, 0xf3, 0x27, 0x40, 0xf1,
	0x13, 0x07, 0x10, 0x00, 0xa3, 0x23, 0xe2, 0x06, 0x93, 0xf7, 0x37, 0x00, 0x93, 0x97,
	0x27, 0x00, 0x03, 0x37, 0xa2, 0x1f, 0x93, 0x95, 0x47, 0x02, 0x33, 0x87, 0xe5, 0x00,
	0xb7, 0xc6, 0x00, 0x00, 0x33, 0x07, 0xd7, 0x00, 0x03, 0x26, 0xc7, 0x3b, 0x13, 0x66,
	0x06, 0x08, 0x03, 0x37, 0xa2, 0x1f, 0x33, 0x07, 0xb7, 0x00, 0x33, 0x07, 0xd7, 0x00,
	0x23, 0x2e, 0xc7, 0x3a, 0x93, 0xe7, 0x07, 0x01, 0x03, 0x37, 0xa2, 0x1f, 0x93, 0x97,
	0x47, 0x02, 0x33, 0x07, 0xf7, 0x00, 0x33, 0x07, 0xd7, 0x00, 0x03, 0x26, 0xc7, 0x3b,
	0x13, 0x66, 0x06, 0x08, 0x03, 0x37, 0xa2, 0x1f, 0xb3, 0x07, 0xf7, 0x00, 0xb3, 0x87,
	0xd7, 0x00, 0x23, 0xae, 0xc7, 0x3a, 0xa3, 0x23, 0x02, 0x06, 0xb7, 0xd7, 0x00, 0x00,
	0x9b, 0x87, 0xe7, 0xa3, 0xbb, 0x07, 0xf4, 0x00, 0x13, 0x97, 0x07, 0x02, 0x93, 0x57,
	0xe7, 0x01, 0x13, 0x07, 0x10, 0x00, 0x13, 0x17, 0x07, 0x03, 0xb3, 0x87, 0xe7, 0x00,
	0x37, 0xd7, 0x00, 0x00, 0x13, 0x07, 0xe7, 0xaf, 0x23, 0xa0, 0xe7, 0x00, 0x93, 0x06,
	0x10, 0x05, 0x03, 0xa7, 0x07, 0x00, 0xe3, 0x1e, 0xd7, 0xfe, 0x83, 0x30, 0x81, 0x00,
	0x03, 0x34, 0x01, 0x00, 0x13, 0x01, 0x01, 0x01, 0x67, 0x80, 0x00, 0x00, 0x03, 0x65,
	0x22, 0x30, 0x83, 0x37, 0x72, 0x00, 0xe7, 0x80, 0x07, 0x00, 0x6f, 0xf0, 0x5f, 0xff,
	0x63, 0x86, 0x05, 0x02, 0x93, 0x07, 0x10, 0x00, 0x23, 0xae, 0xf1, 0xb4, 0x13, 0x75,
	0x35, 0x00, 0x63, 0x04, 0xf5, 0x00, 0xef, 0xf0, 0xdf, 0xfd, 0x83, 0x37, 0xc2, 0x31,
	0xe3, 0x9c, 0x07, 0xfe, 0x83, 0x37, 0xc2, 0x31, 0xe3, 0x8a, 0x07, 0xfe, 0x6f, 0xf0,
	0xdf, 0xfe, 0x23, 0xae, 0x01, 0xb4, 0x93, 0x07, 0x10, 0x00, 0x63, 0x04, 0xf5, 0x00,
	0xa3, 0x36, 0xf2, 0x30, 0x83, 0x37, 0x92, 0x1f, 0x37, 0x17, 0x00, 0x00, 0xb3, 0x87,
	0xe7, 0x00, 0x37, 0x47, 0x30, 0x00, 0x13, 0x07, 0x17, 0x01, 0x23, 0xa8, 0xe7, 0xc0,
	0x83, 0x37, 0xb2, 0x00, 0x63, 0x82, 0x07, 0x00, 0x0b, 0x00, 0x00, 0x00, 0x83, 0x37,
	0x52, 0x01, 0x93, 0xf7, 0x37, 0x00, 0xb3, 0x06, 0xf2, 0x00, 0x83, 0xe5, 0xb6, 0x00,
	0x93, 0x87, 0x17, 0x04, 0x33, 0x06, 0xf2, 0x00, 0x93, 0x07, 0x10, 0x00, 0x23, 0x20,
	0xf6, 0x00, 0xb7, 0x06, 0x08, 0x00, 0x13, 0x87, 0x0c, 0x00, 0x83, 0x27, 0x87, 0x92,
	0xb3, 0xf7, 0xd7, 0x00, 0x9b, 0x87, 0x07, 0x00, 0xe3, 0x9a, 0x07, 0xfe, 0x23, 0x20,
	0xb6, 0x00, 0x6f, 0xf0, 0x9f, 0xf7, 0x00, 0x00, 0x00, 0x00, 0x00, 0x00, 0x00, 0x00,
	0x03, 0x68, 0x22, 0x30, 0x1b, 0x57, 0xe8, 0x01, 0x13, 0x77, 0x17, 0x00, 0x63, 0x0a,
	0x07, 0x08, 0x03, 0x36, 0x22, 0x30, 0x83, 0x35, 0x22, 0x30, 0x93, 0x17, 0x25, 0x02,
	0x9b, 0x56, 0x08, 0x41, 0x93, 0xd7, 0x27, 0x03, 0x93, 0xc6, 0x16, 0x00, 0x1b, 0x57,
	0x68, 0x00, 0x9b, 0x87, 0xe7, 0xff, 0x93, 0xf6, 0x16, 0x00, 0x13, 0x77, 0xc7, 0x01,
	0x97, 0x02, 0x00, 0x00, 0xb3, 0x82, 0xe2, 0x00, 0x67, 0x80, 0xc2, 0x00, 0x6f, 0x00,
	0x40, 0x02, 0x6f, 0x00, 0xc0, 0x01, 0x6f, 0x00, 0x00, 0x07, 0x6f, 0x00, 0x40, 0x01,
	0x6f, 0x00, 0x00, 0x01, 0x6f, 0x00, 0x40, 0x06, 0x6f, 0x00, 0x80, 0x00, 0x6f, 0x00,
	0x40, 0x00, 0x6f, 0x00, 0x00, 0x00, 0x13, 0x17, 0xe6, 0x02, 0x13, 0x57, 0xe7, 0x02,
	0x13, 0x06, 0x10, 0x00, 0x13, 0x05, 0x07, 0x00, 0x93, 0x05, 0x00, 0x00, 0x13, 0x16,
	0x06, 0x03, 0x63, 0xfc, 0xf5, 0x06, 0x03, 0x63, 0x22, 0x30, 0x93, 0x18, 0x25, 0x00,
	0xb3, 0x88, 0xc8, 0x00, 0x23, 0xa0, 0x68, 0x00, 0x33, 0x05, 0xd5, 0x00, 0x93, 0x85,
	0x15, 0x00, 0x6f, 0xf0, 0x5f, 0xfe, 0x23, 0x20, 0xa2, 0x00, 0x23, 0x20, 0x02, 0x01,
	0x23, 0x30, 0x0c, 0x00, 0xa3, 0x25, 0x02, 0x38, 0x03, 0x65, 0x22, 0x30, 0x83, 0x37,
	0x72, 0x00, 0x67, 0x80, 0x07, 0x00, 0x13, 0x97, 0x05, 0x02, 0x33, 0x67, 0xc7, 0x00,
	0xa3, 0x39, 0xe2, 0x06, 0x03, 0x36, 0x32, 0x07, 0x1b, 0x57, 0x98, 0x01, 0x13, 0x77,
	0x37, 0x00, 0x23, 0x22, 0xe2, 0x32, 0x13, 0x07, 0x00, 0x00, 0x93, 0x96, 0x26, 0x00,
	0x63, 0x74, 0xf7, 0x04, 0x83, 0x65, 0x22, 0x30, 0x23, 0x20, 0xb6, 0x00, 0x13, 0x07,
	0x17, 0x00, 0x33, 0x06, 0xd6, 0x00, 0x6f, 0xf0, 0xdf, 0xfe, 0xb7, 0x07, 0x10, 0x00,
	0xb3, 0x77, 0xf8, 0x00, 0x63, 0x8e, 0x07, 0x00, 0x93, 0x17, 0x27, 0x00, 0x13, 0x07,
	0x10, 0x00, 0x13, 0x17, 0x07, 0x03, 0xb3, 0x87, 0xe7, 0x00, 0x83, 0xe7, 0x07, 0x00,
	0x63, 0x82, 0x07, 0x00, 0x03, 0x65, 0x22, 0x30, 0x83, 0x37, 0x72, 0x00, 0x67, 0x80,
	0x07, 0x00, 0xb7, 0x07, 0x10, 0x00, 0xb3, 0x77, 0xf8, 0x00, 0xe3, 0x86, 0x07, 0xfe,
	0x83, 0x37, 0x42, 0x32, 0xe3, 0x9e, 0x07, 0xfe, 0x6f, 0xf0, 0x1f, 0xfe, 0x83, 0x66,
	0x22, 0x30, 0xb7, 0x07, 0x00, 0xc0, 0xb3, 0xf7, 0xf6, 0x00, 0x9b, 0x87, 0x07, 0x00,
	0x37, 0x07, 0x00, 0x40, 0x63, 0x9a, 0xe7, 0x1e, 0x03, 0x67, 0x22, 0x30, 0x03, 0x66,
	0x22, 0x30, 0x83, 0x65, 0x22, 0x30, 0x03, 0x65, 0x22, 0x30, 0x93, 0xf7, 0xf6, 0x00,
	0x9b, 0x97, 0x27, 0x00, 0x97, 0x02, 0x00, 0x00, 0xb3, 0x82, 0xf2, 0x00, 0x67, 0x80,
	0xc2, 0x00, 0x6f, 0x00, 0x40, 0x04, 0x6f, 0x00, 0xc0, 0x0a, 0x6f, 0x00, 0x80, 0x0a,
	0x6f, 0x00, 0x40, 0x03, 0x6f, 0x00, 0x00, 0x03, 0x6f, 0x00, 0xc0, 0x0f, 0x6f, 0x00,
	0x80, 0x02, 0x6f, 0x00, 0x40, 0x02, 0x6f, 0x00, 0x00, 0x02, 0x6f, 0x00, 0xc0, 0x01,
	0x6f, 0x00, 0x80, 0x01, 0x6f, 0x00, 0x40, 0x01, 0x6f, 0x00, 0x80, 0x0b, 0x6f, 0x00,
	0xc0, 0x00, 0x6f, 0x00, 0x80, 0x00, 0x6f, 0x00, 0x40, 0x00, 0x6f, 0x00, 0x00, 0x00,
	0x13, 0x17, 0xe7, 0x02, 0x13, 0x08, 0x10, 0x00, 0x93, 0x57, 0xc7, 0x02, 0x13, 0x18,
	0x08, 0x03, 0xb3, 0x87, 0x07, 0x01, 0x03, 0xa6, 0x07, 0x00, 0xb7, 0x07, 0x01, 0x00,
	0xb3, 0xf7, 0xf6, 0x00, 0x13, 0x57, 0xe7, 0x02, 0x1b, 0x06, 0x06, 0x00, 0x63, 0x9e,
	0x07, 0x0c, 0x13, 0x17, 0x06, 0x02, 0x13, 0x57, 0x07, 0x02, 0x9b, 0xd7, 0x66, 0x00,
	0x93, 0xf7, 0xc7, 0x01, 0x97, 0x02, 0x00, 0x00, 0xb3, 0x82, 0xf2, 0x00, 0x67, 0x80,
	0xc2, 0x00, 0x6f, 0x00, 0x00, 0x0e, 0x6f, 0x00, 0xc0, 0x01, 0x6f, 0x00, 0xc0, 0x19,
	0x6f, 0x00, 0x40, 0x01, 0x6f, 0x00, 0x00, 0x01, 0x6f, 0x00, 0x00, 0x19, 0x6f, 0x00,
	0x80, 0x00, 0x6f, 0x00, 0x00, 0x14, 0x6f, 0x00, 0x00, 0x00, 0x9b, 0xd7, 0xd6, 0x00,
	0x93, 0xf7, 0x37, 0x00, 0xa3, 0x2d, 0xf2, 0x30, 0x93, 0x17, 0x06, 0x02, 0x13, 0x17,
	0x07, 0x02, 0x37, 0x06, 0x01, 0x00, 0x13, 0x57, 0x07, 0x02, 0x33, 0xf6, 0xc6, 0x00,
	0xb3, 0xe7, 0xe7, 0x00, 0x63, 0x0e, 0x06, 0x04, 0xa3, 0x39, 0xf2, 0x06, 0x83, 0x37,
	0x32, 0x07, 0x03, 0xb7, 0x07, 0x00, 0x6f, 0xf0, 0x5f, 0xf9, 0x9b, 0xd7, 0xd6, 0x00,
	0x93, 0xf7, 0x37, 0x00, 0xa3, 0x2d, 0xf2, 0x30, 0x03, 0xb8, 0x0b, 0x60, 0x13, 0x17,
	0x07, 0x02, 0x93, 0x17, 0x06, 0x02, 0x13, 0x57, 0x07, 0x02, 0xb3, 0xe7, 0xe7, 0x00,
	0xb3, 0x87, 0x07, 0x01, 0x6f, 0xf0, 0xdf, 0xfc, 0xb7, 0x07, 0x01, 0x00, 0x13, 0x17,
	0x07, 0x02, 0xb3, 0xf7, 0xf6, 0x00, 0x13, 0x57, 0x07, 0x02, 0xe3, 0x8c, 0x07, 0xf4,
	0x13, 0x16, 0x06, 0x02, 0x33, 0x67, 0xc7, 0x00, 0x6f, 0xf0, 0xdf, 0xf4, 0xa3, 0x39,
	0xf2, 0x06, 0x83, 0x37, 0x32, 0x07, 0x03, 0xa7, 0x07, 0x00, 0x13, 0x17, 0x07, 0x02,
	0x13, 0x57, 0x07, 0x02, 0x6f, 0xf0, 0x5f, 0xf3, 0x93, 0x07, 0x17, 0x00, 0x93, 0x97,
	0x27, 0x00, 0xb3, 0x87, 0x07, 0x01, 0x03, 0xa7, 0x07, 0x00, 0x13, 0x16, 0x06, 0x02,
	0x13, 0x56, 0x06, 0x02, 0x13, 0x17, 0x07, 0x02, 0x33, 0x67, 0xc7, 0x00, 0x6f, 0xf0,
	0x1f, 0xf1, 0x93, 0x95, 0xe5, 0x02, 0x13, 0x06, 0x10, 0x00, 0x13, 0xd5, 0xc5, 0x02,
	0x13, 0x16, 0x06, 0x03, 0x9b, 0x07, 0x07, 0x00, 0x33, 0x05, 0xc5, 0x00, 0x37, 0x08,
	0x01, 0x00, 0x23, 0x20, 0xf5, 0x00, 0x33, 0xf8, 0x06, 0x01, 0x93, 0xd7, 0xe5, 0x02,
	0x63, 0x0c, 0x08, 0x00, 0x93, 0x87, 0x17, 0x00, 0x93, 0x97, 0x27, 0x00, 0x13, 0x57,
	0x07, 0x42, 0xb3, 0x87, 0xc7, 0x00, 0x23, 0xa0, 0xe7, 0x00, 0xb7, 0x07, 0x10, 0x00,
	0xb3, 0xf7, 0xf6, 0x00, 0x63, 0x86, 0x07, 0x00, 0x83, 0x67, 0x05, 0x00, 0x63, 0x82,
	0x07, 0x00, 0x03, 0x65, 0x22, 0x30, 0x83, 0x37, 0x72, 0x00, 0x67, 0x80, 0x07, 0x00,
	0x23, 0x20, 0xa2, 0x00, 0x23, 0x20, 0xd2, 0x00, 0x23, 0x30, 0x0c, 0x00, 0xa3, 0x25,
	0x02, 0x38, 0x03, 0x65, 0x22, 0x30, 0x83, 0x37, 0x72, 0x00, 0x67, 0x80, 0x07, 0x00,
	0x9b, 0xd7, 0x96, 0x01, 0x93, 0xf7, 0x37, 0x00, 0x23, 0x22, 0xf2, 0x32, 0x03, 0xb6,
	0x2b, 0x60, 0x93, 0x95, 0x05, 0x02, 0x93, 0x17, 0x05, 0x02, 0x93, 0xd5, 0x05, 0x02,
	0xb3, 0xe7, 0xb7, 0x00, 0xb3, 0x87, 0xc7, 0x00, 0xa3, 0x39, 0xf2, 0x06, 0x83, 0x37,
	0x32, 0x07, 0x23, 0xb0, 0xe7, 0x00, 0xb7, 0x07, 0x10, 0x00, 0xb3, 0xf7, 0xf6, 0x00,
	0xe3, 0x80, 0x07, 0xfa, 0x83, 0x37, 0x42, 0x32, 0xe3, 0x9e, 0x07, 0xfe, 0x6f, 0xf0,
	0x5f, 0xf9, 0x9b, 0xd7, 0x96, 0x01, 0x93, 0xf7, 0x37, 0x00, 0x23, 0x22, 0xf2, 0x32,
	0x37, 0x06, 0x01, 0x00, 0x93, 0x95, 0x05, 0x02, 0x93, 0x17, 0x05, 0x02, 0x93, 0xd5,
	0x05, 0x02, 0x33, 0xf6, 0xc6, 0x00, 0xb3, 0xe7, 0xb7, 0x00, 0x63, 0x04, 0x06, 0x02,
	0xa3, 0x39, 0xf2, 0x06, 0x83, 0x37, 0x32, 0x07, 0x23, 0xb0, 0xe7, 0x00, 0xb7, 0x07,
	0x10, 0x00, 0xb3, 0xf7, 0xf6, 0x00, 0xe3, 0x8a, 0x07, 0xf4, 0x83, 0x37, 0x42, 0x32,
	0xe3, 0x9e, 0x07, 0xfe, 0x6f, 0xf0, 0x9f, 0xf4, 0xa3, 0x39, 0xf2, 0x06, 0x83, 0x37,
	0x32, 0x07, 0x1b, 0x07, 0x07, 0x00, 0x23, 0xa0, 0xe7, 0x00, 0x6f, 0xf0, 0x9f, 0xfd,
	0x13, 0x00, 0x00, 0x00, 0x83, 0x65, 0x22, 0x30, 0x93, 0xf7, 0x15, 0x00, 0x63, 0x84,
	0x07, 0x2a, 0xb7, 0x07, 0x30, 0x00, 0xb3, 0xf7, 0xf5, 0x00, 0x37, 0x07, 0x20, 0x00,
	0x63, 0x8c, 0xe7, 0x22, 0x83, 0x6e, 0x22, 0x30, 0x03, 0x65, 0x22, 0x30, 0x03, 0x6e,
	0x22, 0x30, 0x03, 0x68, 0x22, 0x30, 0x03, 0x63, 0x22, 0x30, 0x13, 0x17, 0x63, 0x02,
	0xb7, 0x06, 0x00, 0x60, 0x13, 0x57, 0x67, 0x02, 0x37, 0x86, 0x00, 0x00, 0xb3, 0xf6,
	0xd5, 0x00, 0x63, 0x60, 0xc7, 0x2a, 0x37, 0x07, 0x00, 0x60, 0x63, 0x8c, 0xe6, 0x00,
	0x37, 0x07, 0x00, 0x10, 0x33, 0x77, 0xe3, 0x00, 0x33, 0x67, 0xd7, 0x00, 0x1b, 0x07,
	0x07, 0x00, 0x63, 0x12, 0x07, 0x28, 0x37, 0x07, 0x30, 0x00, 0x63, 0x8c, 0xe7, 0x00,
	0x37, 0x07, 0x00, 0x20, 0x33, 0x77, 0xe3, 0x00, 0x33, 0x67, 0xf7, 0x00, 0x1b, 0x07,
	0x07, 0x00, 0x63, 0x14, 0x07, 0x26, 0x03, 0x36, 0x52, 0x01, 0x13, 0x76, 0x36, 0x00,
	0x33, 0x07, 0xc2, 0x00, 0x83, 0x68, 0xb7, 0x00, 0x13, 0x06, 0x16, 0x04, 0xb3, 0x07,
	0xc2, 0x00, 0x13, 0x07, 0x10, 0x00, 0x23, 0xa0, 0xe7, 0x00, 0x83, 0xa7, 0xcc, 0xeb,
	0x13, 0x0f, 0x10, 0x00, 0x9b, 0x87, 0x07, 0x00, 0x9b, 0xd6, 0xc7, 0x00, 0x93, 0xf6,
	0x36, 0x00, 0x13, 0x87, 0x07, 0x00, 0x63, 0x7c, 0xdf, 0x02, 0x93, 0x06, 0xf0, 0x07,
	0x93, 0x0f, 0x10, 0x00, 0x73, 0x27, 0x00, 0xb0, 0x13, 0x00, 0x00, 0x00, 0xf3, 0x27,
	0x00, 0xb0, 0xb3, 0x87, 0xe7, 0x40, 0xe3, 0xfa, 0xf6, 0xfe, 0x83, 0xa7, 0xcc, 0xeb,
	0x9b, 0x87, 0x07, 0x00, 0x1b, 0xdf, 0xc7, 0x00, 0x13, 0x7f, 0x3f, 0x00, 0x13, 0x87,
	0x07, 0x00, 0xe3, 0xec, 0xef, 0xfd, 0x93, 0x06, 0x10, 0x00, 0x23, 0xae, 0xdc, 0xea,
	0xb7, 0xe6, 0x01, 0x00, 0xb3, 0x86, 0xdc, 0x00, 0x23, 0xa2, 0x06, 0xc0, 0x93, 0xf7,
	0x17, 0x00, 0x93, 0x06, 0xf0, 0x07, 0x63, 0x96, 0x07, 0x02, 0x73, 0x27, 0x00, 0xb0,
	0x13, 0x00, 0x00, 0x00, 0xf3, 0x27, 0x00, 0xb0, 0xb3, 0x87, 0xe7, 0x40, 0xe3, 0xfa,
	0xf6, 0xfe, 0x83, 0xa7, 0xcc, 0xeb, 0x9b, 0x87, 0x07, 0x00, 0x13, 0xff, 0x17, 0x00,
	0x13, 0x87, 0x07, 0x00, 0xe3, 0x0e, 0x0f, 0xfc, 0xb7, 0x07, 0x00, 0x44, 0x93, 0x87,
	0xf7, 0xff, 0xb3, 0xf7, 0x67, 0x00, 0x9b, 0x86, 0x07, 0x00, 0x83, 0x37, 0x22, 0x0a,
	0x1b, 0x83, 0x07, 0x00, 0x23, 0x2c, 0x6d, 0xa6, 0x93, 0x9e, 0x0e, 0x02, 0x13, 0xd3,
	0x07, 0x42, 0x13, 0x1e, 0x0e, 0x02, 0x9b, 0x57, 0x47, 0x00, 0x13, 0x15, 0x05, 0x02,
	0x93, 0xde, 0x0e, 0x02, 0x13, 0x18, 0x08, 0x02, 0x13, 0x5e, 0x0e, 0x02, 0x23, 0x2e,
	0x6d, 0xa6, 0x93, 0xf7, 0xf7, 0x00, 0x13, 0x07, 0x20, 0x00, 0x33, 0x65, 0xd5, 0x01,
	0x33, 0x68, 0xc8, 0x01, 0x63, 0x80, 0xe7, 0x06, 0x63, 0x6a, 0xf7, 0x04, 0x63, 0x86,
	0x07, 0x0e, 0xb7, 0xa7, 0xff, 0xff, 0xb3, 0x87, 0xfc, 0x00, 0x23, 0xa8, 0xb7, 0x9a,
	0x1b, 0x07, 0x05, 0x00, 0x23, 0xa2, 0xe7, 0x9c, 0x13, 0x55, 0x05, 0x42, 0x23, 0xa4,
	0xa7, 0x9c, 0x1b, 0x07, 0x08, 0x00, 0x23, 0xa6, 0xe7, 0x9c, 0x13, 0x58, 0x08, 0x42,
	0x23, 0xa8, 0x07, 0x9d, 0x23, 0xaa, 0xd7, 0x9c, 0x03, 0x65, 0x22, 0x30, 0x03, 0x38,
	0x72, 0x00, 0x9b, 0x85, 0x05, 0x00, 0x63, 0xc0, 0x05, 0x02, 0x33, 0x06, 0xc2, 0x00,
	0x23, 0x20, 0x16, 0x01, 0x67, 0x00, 0x08, 0x00, 0x13, 0x07, 0x30, 0x00, 0xe3, 0x90,
	0xe7, 0xfe, 0x6f, 0xf0, 0x1f, 0x95, 0x73, 0x10, 0x00, 0xc0, 0x83, 0xb7, 0xcc, 0xeb,
	0x13, 0xd7, 0xc7, 0x00, 0x13, 0x77, 0x37, 0x00, 0x63, 0x0a, 0x07, 0x02, 0x93, 0x06,
	0xf0, 0x07, 0x73, 0x27, 0x00, 0xb0, 0x13, 0x00, 0x00, 0x00, 0xf3, 0x27, 0x00, 0xb0,
	0xb3, 0x87, 0xe7, 0x40, 0xe3, 0xfa, 0xf6, 0xfe, 0x83, 0xa7, 0xcc, 0xeb, 0x1b, 0xd7,
	0xc7, 0x00, 0x13, 0x77, 0x37, 0x00, 0x93, 0x97, 0x07, 0x02, 0x93, 0xd7, 0x07, 0x02,
	0xe3, 0x1c, 0x07, 0xfc, 0x93, 0xf7, 0x17, 0x00, 0x63, 0x84, 0x07, 0x00, 0x23, 0xae,
	0x0c, 0xea, 0x83, 0x37, 0x32, 0x01, 0xe3, 0x8a, 0x07, 0xf8, 0x83, 0x37, 0x32, 0x01,
	0xe3, 0x9a, 0x07, 0xfe, 0x6f, 0xf0, 0x9f, 0xf8, 0x83, 0x36, 0x32, 0x01, 0x13, 0x07,
	0x20, 0x00, 0xe3, 0x72, 0xd7, 0xdc, 0x83, 0x37, 0x32, 0x1f, 0x23, 0xb0, 0x07, 0x00,
	0xa3, 0x25, 0x02, 0x38, 0x9b, 0x85, 0x05, 0x00, 0x63, 0xcc, 0x05, 0x18, 0x03, 0x65,
	0x22, 0x30, 0x83, 0x37, 0x72, 0x00, 0x67, 0x80, 0x07, 0x00, 0xb7, 0x87, 0xff, 0xff,
	0xb3, 0x87, 0xfc, 0x00, 0x23, 0xa8, 0xb7, 0x1a, 0x1b, 0x07, 0x05, 0x00, 0x23, 0xa2,
	0xe7, 0x1c, 0x13, 0x55, 0x05, 0x42, 0x23, 0xa4, 0xa7, 0x1c, 0x1b, 0x07, 0x08, 0x00,
	0x23, 0xa6, 0xe7, 0x1c, 0x13, 0x58, 0x08, 0x42, 0x23, 0xa8, 0x07, 0x1d, 0x23, 0xaa,
	0xd7, 0x1c, 0x6f, 0xf0, 0x9f, 0xf1, 0x83, 0x37, 0x22, 0x0a, 0x13, 0x07, 0x10, 0x00,
	0x23, 0x22, 0xe2, 0x08, 0x13, 0xd7, 0x07, 0x02, 0x23, 0x20, 0xe2, 0x00, 0x23, 0x20,
	0xf2, 0x00, 0x23, 0x20, 0xa2, 0x00, 0x23, 0x20, 0xb2, 0x00, 0x23, 0x30, 0x0c, 0x00,
	0xa3, 0x25, 0x02, 0x38, 0x03, 0x65, 0x22, 0x30, 0x83, 0x37, 0x72, 0x00, 0x67, 0x80,
	0x07, 0x00, 0x13, 0x07, 0xf0, 0x00, 0x03, 0x36, 0x32, 0x01, 0xe3, 0x6e, 0xc7, 0xfe,
	0xa3, 0x24, 0x02, 0x02, 0x03, 0x37, 0x22, 0x0a, 0x1b, 0x06, 0x07, 0x00, 0x23, 0x2c,
	0xcd, 0xa6, 0x13, 0x57, 0x07, 0x42, 0x1b, 0xd6, 0xd5, 0x01, 0x23, 0x2e, 0xed, 0xa6,
	0x37, 0x0f, 0x00, 0x60, 0x93, 0x08, 0x0d, 0x00, 0x13, 0x07, 0x00, 0x00, 0x13, 0x76,
	0x36, 0x00, 0x63, 0x88, 0xe6, 0x1d, 0x9b, 0x56, 0xa3, 0x01, 0x93, 0xf6, 0x16, 0x00,
	0xb3, 0xe6, 0xc6, 0x00, 0x63, 0x80, 0x06, 0x1c, 0x23, 0x2a, 0xdd, 0xa1, 0x23, 0x2c,
	0xad, 0xa0, 0x9b, 0xd6, 0x45, 0x01, 0x37, 0x05, 0x30, 0x00, 0x93, 0xf6, 0x36, 0x00,
	0x63, 0x88, 0xa7, 0x14, 0x9b, 0x57, 0xb3, 0x01, 0x93, 0xf7, 0x17, 0x00, 0xb3, 0xe7,
	0xd7, 0x00, 0x63, 0x80, 0x07, 0x14, 0x23, 0xae, 0xc8, 0xa1, 0x23, 0xa0, 0x08, 0xa3,
	0xb7, 0x07, 0xd0, 0xff, 0x93, 0x87, 0xf7, 0xff, 0x9b, 0x96, 0x46, 0x01, 0xb3, 0x77,
	0xf7, 0x00, 0x37, 0x07, 0x00, 0xa0, 0xb3, 0xe7, 0xd7, 0x00, 0x13, 0x07, 0xf7, 0xff,
	0x1b, 0x16, 0xd6, 0x01, 0xb3, 0xf7, 0xe7, 0x00, 0xb3, 0xe7, 0xc7, 0x00, 0x03, 0x65,
	0x22, 0x30, 0x03, 0x38, 0x72, 0x00, 0x9b, 0x87, 0x07, 0x00, 0x23, 0x2e, 0xfd, 0x9c,
	0x23, 0x22, 0x6d, 0xa2, 0x9b, 0x85, 0x05, 0x00, 0xe3, 0xde, 0x05, 0xe2, 0x83, 0x37,
	0x52, 0x01, 0x93, 0xf7, 0x37, 0x00, 0xb3, 0x06, 0xf2, 0x00, 0x03, 0xe6, 0xb6, 0x00,
	0x93, 0x87, 0x17, 0x04, 0x33, 0x07, 0xf2, 0x00, 0x93, 0x06, 0x10, 0x00, 0x23, 0x20,
	0xd7, 0x00, 0x03, 0x37, 0x32, 0x01, 0xe3, 0x1e, 0x07, 0xfe, 0x03, 0xb7, 0xcc, 0xeb,
	0x93, 0x05, 0xf0, 0x07, 0x93, 0x56, 0xc7, 0x00, 0x93, 0xf6, 0x36, 0x00, 0x63, 0x84,
	0x06, 0x08, 0xf3, 0x26, 0x00, 0xb0, 0x13, 0x00, 0x00, 0x00, 0x73, 0x27, 0x00, 0xb0,
	0x33, 0x07, 0xd7, 0x40, 0xe3, 0xfa, 0xe5, 0xfe, 0x03, 0xa7, 0xcc, 0xeb, 0x13, 0x17,
	0x07, 0x02, 0x13, 0x57, 0x07, 0x02, 0x6f, 0xf0, 0x5f, 0xfd, 0x83, 0x37, 0x52, 0x01,
	0x93, 0xf7, 0x37, 0x00, 0xb3, 0x06, 0xf2, 0x00, 0x03, 0xe6, 0xb6, 0x00, 0x93, 0x87,
	0x17, 0x04, 0x33, 0x07, 0xf2, 0x00, 0x93, 0x06, 0x10, 0x00, 0x23, 0x20, 0xd7, 0x00,
	0x03, 0x37, 0x32, 0x01, 0xe3, 0x1e, 0x07, 0xfe, 0x03, 0xb7, 0xcc, 0xeb, 0x93, 0x05,
	0xf0, 0x07, 0x93, 0x56, 0xc7, 0x00, 0x93, 0xf6, 0x36, 0x00, 0x63, 0x80, 0x06, 0x04,
	0xf3, 0x26, 0x00, 0xb0, 0x13, 0x00, 0x00, 0x00, 0x73, 0x27, 0x00, 0xb0, 0x33, 0x07,
	0xd7, 0x40, 0xe3, 0xfa, 0xe5, 0xfe, 0x03, 0xa7, 0xcc, 0xeb, 0x13, 0x17, 0x07, 0x02,
	0x13, 0x57, 0x07, 0x02, 0x6f, 0xf0, 0x5f, 0xfd, 0x13, 0x77, 0x17, 0x00, 0x63, 0x04,
	0x07, 0x00, 0x23, 0xae, 0x0c, 0xea, 0xb3, 0x07, 0xf2, 0x00, 0x23, 0xa0, 0xc7, 0x00,
	0x6f, 0xf0, 0x5f, 0xd6, 0x13, 0x77, 0x17, 0x00, 0x63, 0x04, 0x07, 0x00, 0x23, 0xae,
	0x0c, 0xea, 0xb3, 0x07, 0xf2, 0x00, 0x23, 0xa0, 0xc7, 0x00, 0x6f, 0xf0, 0x1f, 0xde,
	0x13, 0x1e, 0x0e, 0x02, 0x93, 0x17, 0x08, 0x02, 0x13, 0x5e, 0x0e, 0x02, 0x13, 0xf5,
	0x45, 0x00, 0xb3, 0xe7, 0xc7, 0x01, 0x63, 0x06, 0x05, 0x00, 0x03, 0xb5, 0x2b, 0x60,
	0xb3, 0x87, 0xa7, 0x00, 0xa3, 0x39, 0xf2, 0x06, 0x03, 0x35, 0x32, 0x07, 0x1b, 0x0e,
	0x05, 0x00, 0x13, 0x58, 0x05, 0x42, 0x9b, 0xd7, 0x95, 0x01, 0x37, 0x05, 0x00, 0xfa,
	0x93, 0xf7, 0x37, 0x00, 0x13, 0x05, 0xf5, 0xff, 0x23, 0xae, 0xc8, 0xa1, 0x9b, 0x97,
	0x97, 0x01, 0x33, 0x77, 0xa7, 0x00, 0x23, 0xa0, 0x08, 0xa3, 0x33, 0x67, 0xf7, 0x00,
	0x6f, 0xf0, 0x9f, 0xe7, 0x93, 0x9e, 0x0e, 0x02, 0x13, 0x17, 0x05, 0x02, 0x93, 0xde,
	0x0e, 0x02, 0x93, 0xf6, 0x25, 0x00, 0x33, 0x67, 0xd7, 0x01, 0x63, 0x86, 0x06, 0x00,
	0x83, 0xb6, 0x0b, 0x60, 0x33, 0x07, 0xd7, 0x00, 0xa3, 0x39, 0xe2, 0x06, 0x83, 0x36,
	0x32, 0x07, 0x1b, 0x85, 0x06, 0x00, 0x1b, 0xd7, 0xd5, 0x00, 0x93, 0xd6, 0x06, 0x42,
	0x23, 0xaa, 0xa8, 0xa0, 0x13, 0x77, 0x37, 0x00, 0x23, 0xac, 0xd8, 0xa0, 0x1b, 0x17,
	0xd7, 0x00, 0x6f, 0xf0, 0x9f, 0xe0, 0x13, 0x00, 0x00, 0x00, 0x83, 0x68, 0x22, 0x30,
	0x93, 0xf7, 0x18, 0x00, 0x9b, 0x8e, 0x08, 0x00, 0x63, 0x9a, 0x07, 0x02, 0x83, 0x37,
	0x22, 0x0a, 0x13, 0x07, 0x10, 0x00, 0x23, 0x22, 0xe2, 0x08, 0x13, 0xd7, 0x07, 0x02,
	0x23, 0x20, 0xe2, 0x00, 0x23, 0x20, 0xf2, 0x00, 0x23, 0x20, 0xa2, 0x00, 0x23, 0x20,
	0x12, 0x01, 0x23, 0x30, 0x0c, 0x00, 0xa3, 0x25, 0x02, 0x38, 0x6f, 0xf0, 0x8f, 0xdc,
	0x73, 0x10, 0x00, 0xc0, 0x03, 0x63, 0x22, 0x30, 0x03, 0x68, 0x22, 0x30, 0x13, 0x18,
	0x08, 0x02, 0x13, 0x58, 0x08, 0x02, 0x83, 0x37, 0x22, 0x30, 0x83, 0x36, 0x22, 0x30,
	0x93, 0x96, 0x06, 0x02, 0xb3, 0xe6, 0xf6, 0x00, 0x03, 0x6f, 0x22, 0x30, 0x13, 0x07,
	0xf0, 0x00, 0x83, 0x37, 0x32, 0x01, 0xe3, 0x6e, 0xf7, 0xfe, 0xa3, 0x24, 0x02, 0x02,
	0x13, 0x08, 0xf8, 0xff, 0x93, 0x05, 0x08, 0x00, 0xa3, 0x39, 0xd2, 0x06, 0x83, 0x3f,
	0x32, 0x07, 0x03, 0x35, 0x22, 0x0a, 0x63, 0x0e, 0x08, 0x06, 0x37, 0x0e, 0x00, 0x80,
	0x33, 0x6e, 0xcf, 0x01, 0x13, 0x13, 0x03, 0x02, 0x93, 0x53, 0x05, 0x02, 0x93, 0x52,
	0x05, 0x42, 0x93, 0x06, 0x0d, 0x00, 0x1b, 0x0e, 0x0e, 0x00, 0x13, 0x53, 0x03, 0x02,
	0x1b, 0x05, 0x05, 0x00, 0x13, 0x86, 0x0f, 0x00, 0x13, 0x07, 0xf0, 0x00, 0x23, 0xaa,
	0x06, 0xa0, 0x23, 0xac, 0x06, 0xa0, 0x9b, 0x07, 0x06, 0x00, 0x23, 0xae, 0xf6, 0xa0,
	0x93, 0x57, 0x06, 0x42, 0x23, 0xa0, 0xf6, 0xa2, 0x23, 0xae, 0xd6, 0x9d, 0x23, 0xac,
	0xa6, 0xa6, 0x23, 0xae, 0x56, 0xa6, 0x93, 0x85, 0xf5, 0xff, 0x23, 0xa2, 0xc6, 0xa3,
	0x83, 0x37, 0x32, 0x01, 0xe3, 0x6e, 0xf7, 0xfe, 0xa3, 0x24, 0x02, 0x02, 0x33, 0x06,
	0x66, 0x00, 0xe3, 0x92, 0x05, 0xfc, 0x33, 0x08, 0x68, 0x02, 0xb3, 0x8f, 0x0f, 0x01,
	0x6f, 0x00, 0xc0, 0x00, 0x93, 0x53, 0x05, 0x02, 0x1b, 0x05, 0x05, 0x00, 0x23, 0x2a,
	0x0d, 0xa0, 0x23, 0x2c, 0x0d, 0xa0, 0x9b, 0x87, 0x0f, 0x00, 0x23, 0x2e, 0xfd, 0xa0,
	0x93, 0xdf, 0x0f, 0x42, 0x23, 0x20, 0xfd, 0xa3, 0x23, 0x2e, 0x1d, 0x9d, 0x23, 0x2c,
	0xad, 0xa6, 0x9b, 0x87, 0x03, 0x00, 0x23, 0x2e, 0xfd, 0xa6, 0x23, 0x22, 0xed, 0xa3,
	0x83, 0x37, 0x32, 0x01, 0xe3, 0x9e, 0x07, 0xfe, 0x6f, 0xf0, 0x0f, 0xcc, 0x73, 0x10,
	0x00, 0xc0, 0x03, 0x63, 0x22, 0x30, 0xb7, 0x07, 0x00, 0xc0, 0xb3, 0x77, 0xf3, 0x00,
	0x9b, 0x87, 0x07, 0x00, 0x37, 0x07, 0x00, 0x40, 0x1b, 0x06, 0x03, 0x00, 0x63, 0x90,
	0xe7, 0x24, 0xf3, 0x27, 0x40, 0xf1, 0x9b, 0x87, 0x07, 0x00, 0x63, 0x9c, 0x07, 0x16,
	0x37, 0x07, 0x00, 0x02, 0x13, 0x04, 0x90, 0x00, 0x23, 0x23, 0x82, 0x0a, 0x83, 0x67,
	0x42, 0x07, 0x9b, 0x87, 0x07, 0x00, 0x63, 0x9e, 0x07, 0x1c, 0x83, 0x37, 0x12, 0x02,
	0xb3, 0x77, 0xf7, 0x00, 0xe3, 0x86, 0x07, 0xfe, 0x03, 0x67, 0x22, 0x30, 0xb7, 0x57,
	0x02, 0x00, 0xb3, 0x87, 0xfc, 0x00, 0x93, 0x86, 0x0c, 0x00, 0x23, 0xa4, 0xe7, 0x82,
	0x03, 0x67, 0x22, 0x30, 0x23, 0xa8, 0xe7, 0x82, 0x03, 0x67, 0x22, 0x30, 0x23, 0xaa,
	0xe7, 0x82, 0x03, 0x67, 0x22, 0x30, 0x13, 0x78, 0xf3, 0x0f, 0x93, 0x55, 0x07, 0x01,
	0x23, 0xa2, 0x07, 0x85, 0x93, 0xf5, 0xf5, 0x0f, 0x23, 0xae, 0xb7, 0x82, 0x13, 0x77,
	0xf7, 0x0f, 0x23, 0xac, 0xe7, 0x82, 0x03, 0x67, 0x22, 0x30, 0x23, 0xa0, 0xe7, 0x84,
	0x03, 0x67, 0x22, 0x30, 0x1b, 0x0f, 0x07, 0x00, 0x83, 0x6e, 0x22, 0x30, 0x1b, 0x58,
	0x33, 0x01, 0x93, 0x78, 0x28, 0x00, 0x9b, 0x82, 0x0e, 0x00, 0x13, 0x78, 0x18, 0x00,
	0x03, 0x6e, 0x22, 0x30, 0x1b, 0x0e, 0x0e, 0x00, 0x83, 0x67, 0x22, 0x30, 0x93, 0x05,
	0x00, 0x01, 0x13, 0x76, 0xe6, 0x09, 0x9b, 0x87, 0x07, 0x00, 0x63, 0x00, 0xb6, 0x14,
	0x93, 0x85, 0x07, 0x00, 0x93, 0x0f, 0x0e, 0x00, 0x93, 0x87, 0x02, 0x00, 0x13, 0x0e,
	0x0f, 0x00, 0x37, 0x56, 0x02, 0x00, 0xb3, 0x86, 0xc6, 0x00, 0x23, 0xa8, 0xf6, 0x85,
	0x23, 0xaa, 0xb6, 0x84, 0x23, 0xa6, 0xf6, 0x84, 0x83, 0x67, 0x42, 0x07, 0x9b, 0x87,
	0x07, 0x00, 0x63, 0x9a, 0x07, 0x08, 0xb7, 0x07, 0x04, 0x00, 0x23, 0xa4, 0xc6, 0x85,
	0xb3, 0x77, 0xf3, 0x00, 0x63, 0x8a, 0x07, 0x12, 0x13, 0x17, 0x07, 0x02, 0x93, 0x9e,
	0x0e, 0x02, 0x13, 0x57, 0x07, 0x02, 0xb7, 0x07, 0x01, 0x00, 0xb3, 0xee, 0xee, 0x00,
	0x33, 0x73, 0xf3, 0x00, 0x63, 0x84, 0x08, 0x0a, 0x83, 0xa5, 0xc6, 0x85, 0x83, 0xa7,
	0x86, 0x85, 0x93, 0x95, 0x05, 0x02, 0x9b, 0x87, 0x07, 0x00, 0x63, 0x0c, 0x08, 0x0a,
	0x83, 0xaf, 0x46, 0x86, 0x93, 0x9f, 0x0f, 0x02, 0x03, 0xa6, 0x06, 0x86, 0x1b, 0x06,
	0x06, 0x00, 0x13, 0x97, 0x07, 0x02, 0x13, 0x57, 0x07, 0x02, 0x33, 0x67, 0xb7, 0x00,
	0x23, 0x3a, 0xe2, 0x02, 0x63, 0x14, 0x08, 0x04, 0x63, 0x06, 0x03, 0x02, 0x63, 0x92,
	0x08, 0x08, 0x63, 0x02, 0xff, 0x02, 0x83, 0x37, 0x52, 0x01, 0x63, 0x84, 0x07, 0x04,
	0x83, 0x37, 0x22, 0x03, 0x63, 0x80, 0x07, 0x04, 0x83, 0x37, 0x52, 0x03, 0x63, 0x8c,
	0x07, 0x02, 0x93, 0x05, 0xb0, 0x00, 0xef, 0xe0, 0x4f, 0xbd, 0xa3, 0x23, 0x82, 0x0a,
	0x6f, 0xf0, 0x4f, 0xb2, 0x73, 0x10, 0x00, 0xc0, 0x37, 0x07, 0x00, 0x04, 0x13, 0x04,
	0xa0, 0x00, 0x6f, 0xf0, 0xdf, 0xe8, 0x13, 0x16, 0x06, 0x02, 0x13, 0x56, 0x06, 0x02,
	0x33, 0x66, 0xf6, 0x01, 0xa3, 0x3a, 0xc2, 0x02, 0x6f, 0xf0, 0xdf, 0xfa, 0x83, 0x67,
	0x42, 0x07, 0x9b, 0x87, 0x07, 0x00, 0xe3, 0x96, 0x07, 0xfc, 0x23, 0xa4, 0xc6, 0x85,
	0xe3, 0x90, 0x08, 0xf6, 0x83, 0xa7, 0x86, 0x85, 0x9b, 0x87, 0x07, 0x00, 0x63, 0x14,
	0x08, 0x02, 0x13, 0x06, 0x00, 0x00, 0x93, 0x05, 0x00, 0x00, 0x93, 0x0f, 0x00, 0x00,
	0x6f, 0xf0, 0x9f, 0xf6, 0xe3, 0x92, 0xee, 0xf8, 0x6f, 0xf0, 0x1f, 0xfa, 0x13, 0x06,
	0x00, 0x00, 0x93, 0x0f, 0x00, 0x00, 0x6f, 0xf0, 0x5f, 0xf5, 0x93, 0x05, 0x00, 0x00,
	0x93, 0x0f, 0x00, 0x00, 0x6f, 0xf0, 0x1f, 0xf4, 0x93, 0x85, 0x02, 0x00, 0x93, 0x0f,
	0x0f, 0x00, 0x6f, 0xf0, 0xdf, 0xec, 0x23, 0x20, 0xa2, 0x00, 0x23, 0x20, 0x62, 0x00,
	0x13, 0x17, 0x25, 0x02, 0x13, 0x57, 0x27, 0x03, 0x1b, 0x07, 0x17, 0x00, 0x93, 0x07,
	0x20, 0x00, 0xe3, 0x40, 0xf7, 0xf6, 0x83, 0x66, 0x22, 0x30, 0x9b, 0x87, 0x17, 0x00,
	0x6f, 0xf0, 0x5f, 0xff, 0xb7, 0x07, 0x02, 0x00, 0x33, 0x73, 0xf3, 0x00, 0xe3, 0x04,
	0x03, 0xf4, 0x83, 0xa7, 0xc6, 0x82, 0xe3, 0x8e, 0x07, 0xfe, 0x6f, 0xf0, 0xdf, 0xf3,
	0x23, 0x20, 0xa2, 0x00, 0x23, 0x20, 0x62, 0x00, 0x23, 0x30, 0x0c, 0x00, 0xa3, 0x25,
	0x02, 0x38, 0x83, 0x67, 0x22, 0x03, 0x9b, 0x87, 0x07, 0x00, 0xe3, 0x82, 0x07, 0xf2,
	0xb7, 0x17, 0x0f, 0xc0, 0x23, 0x20, 0xf2, 0x00, 0x23, 0x20, 0x02, 0x00, 0x23, 0x20,
	0x02, 0x00, 0x23, 0x20, 0x02, 0x00, 0x23, 0x20, 0x02, 0x00, 0x23, 0x20, 0x02, 0x00,
	0x23, 0x20, 0x02, 0x00, 0x23, 0x20, 0x02, 0x00, 0x23, 0x20, 0x02, 0x00, 0x23, 0x20,
	0x02, 0x00, 0x23, 0x20, 0x02, 0x00, 0x23, 0x20, 0x02, 0x00, 0x23, 0x20, 0x02, 0x00,
	0x23, 0x20, 0x02, 0x00, 0x23, 0x20, 0x02, 0x00, 0x23, 0x20, 0x02, 0x00, 0x23, 0x20,
	0x02, 0x00, 0x93, 0x07, 0x00, 0x40, 0x73, 0x27, 0x40, 0xf1, 0xb3, 0x97, 0xe7, 0x00,
	0x03, 0x37, 0x42, 0x31, 0x33, 0xf7, 0xe7, 0x00, 0xe3, 0x1c, 0x07, 0xfe, 0x83, 0xb7,
	0x1b, 0x70, 0xe3, 0x8e, 0x07, 0xea, 0x93, 0x05, 0xb0, 0x00, 0xef, 0xe0, 0x0f, 0xa8,
	0x6f, 0xf0, 0x1f, 0xeb, 0x03, 0x67, 0x22, 0x30, 0xb7, 0x07, 0x00, 0xc0, 0xb3, 0x77,
	0xf7, 0x00, 0x9b, 0x87, 0x07, 0x00, 0x63, 0x80, 0x07, 0x14, 0xb7, 0x06, 0x00, 0x40,
	0x63, 0x8c, 0xd7, 0x00, 0x83, 0x37, 0x32, 0x1f, 0x23, 0xb0, 0x07, 0x00, 0xa3, 0x25,
	0x02, 0x38, 0x6f, 0xf0, 0x8f, 0x9a, 0x73, 0x10, 0x00, 0xc0, 0x83, 0x36, 0x22, 0x30,
	0x83, 0x37, 0x22, 0x30, 0x93, 0x97, 0x07, 0x02, 0xb3, 0xe7, 0xd7, 0x00, 0xa3, 0x39,
	0xf2, 0x06, 0x83, 0x38, 0x32, 0x07, 0x9b, 0x56, 0x27, 0x01, 0x93, 0xf6, 0x06, 0x18,
	0x03, 0x35, 0x22, 0x30, 0x03, 0x38, 0x22, 0x30, 0x83, 0x35, 0x22, 0x30, 0x03, 0x36,
	0x22, 0x30, 0x13, 0x16, 0x06, 0x02, 0x93, 0x77, 0xf7, 0x07, 0x33, 0x66, 0xb6, 0x00,
	0x63, 0x8a, 0x07, 0x0c, 0x13, 0x18, 0x08, 0x02, 0x33, 0x68, 0xa8, 0x00, 0x83, 0x67,
	0x22, 0x30, 0x13, 0x05, 0x30, 0x00, 0x93, 0x97, 0x37, 0x03, 0x93, 0x75, 0xf7, 0x07,
	0x93, 0xd7, 0x37, 0x03, 0x1b, 0x57, 0x87, 0x00, 0x13, 0x15, 0x15, 0x02, 0xb3, 0xe6,
	0xb6, 0x00, 0x13, 0x77, 0xf7, 0x00, 0x9b, 0x97, 0x67, 0x00, 0x13, 0x05, 0x15, 0x00,
	0xa3, 0x2d, 0xd2, 0x30, 0x23, 0x3e, 0x12, 0x31, 0xa3, 0x3e, 0x02, 0x31, 0x23, 0x3f,
	0xc2, 0x30, 0x93, 0x06, 0x10, 0x00, 0x93, 0x08, 0x20, 0x00, 0x23, 0x38, 0xa2, 0x36,
	0xa3, 0x20, 0xd2, 0x32, 0x63, 0x86, 0xe8, 0x06, 0x63, 0x9a, 0xe6, 0x04, 0x93, 0x87,
	0x27, 0x00, 0x03, 0x38, 0x42, 0x07, 0x83, 0x38, 0x12, 0x32, 0x63, 0x10, 0x08, 0x06,
	0xe3, 0x9a, 0x08, 0xfe, 0x03, 0x38, 0x22, 0x32, 0x63, 0x0a, 0xc8, 0x04, 0x03, 0x35,
	0x52, 0x01, 0x63, 0x0e, 0x05, 0x00, 0x03, 0x68, 0x22, 0x03, 0x63, 0x0a, 0x08, 0x00,
	0x03, 0x65, 0x52, 0x03, 0x63, 0x06, 0x05, 0x00, 0x93, 0x05, 0x90, 0x00, 0x6f, 0xe0,
	0x4f, 0x97, 0x93, 0x86, 0x16, 0x00, 0xe3, 0x9e, 0xf6, 0xfe, 0x93, 0x06, 0x10, 0x00,
	0xa3, 0x20, 0xd2, 0x32, 0x6f, 0xf0, 0x9f, 0xfb, 0x03, 0x38, 0x42, 0x07, 0x83, 0x38,
	0x12, 0x32, 0x63, 0x1a, 0x08, 0x00, 0xe3, 0x9a, 0x08, 0xfe, 0x6f, 0x00, 0xc0, 0x00,
	0x03, 0x38, 0x32, 0x32, 0xe3, 0x1e, 0x08, 0xfe, 0x6f, 0xf0, 0x8f, 0x89, 0x73, 0x10,
	0x00, 0xc0, 0x13, 0x77, 0x07, 0xf8, 0x13, 0x67, 0xf7, 0x06, 0x13, 0x08, 0x00, 0x00,
	0x6f, 0xf0, 0xdf, 0xf2, 0x23, 0x20, 0xa2, 0x00, 0x23, 0x20, 0xe2, 0x00, 0x23, 0x30,
	0x0c, 0x00, 0xa3, 0x25, 0x02, 0x38, 0x83, 0x67, 0x22, 0x03, 0x9b, 0x87, 0x07, 0x00,
	0xe3, 0x80, 0x07, 0xec, 0xb7, 0x17, 0x0f, 0xc0, 0x23, 0x20, 0xf2, 0x00, 0x23, 0x20,
	0x02, 0x00, 0x23, 0x20, 0x02, 0x00, 0x23, 0x20, 0x02, 0x00, 0x23, 0x20, 0x02, 0x00,
	0x23, 0x20, 0x02, 0x00, 0x23, 0x20, 0x02, 0x00, 0x23, 0x20, 0x02, 0x00, 0x23, 0x20,
	0x02, 0x00, 0x23, 0x20, 0x02, 0x00, 0x23, 0x20, 0x02, 0x00, 0x23, 0x20, 0x02, 0x00,
	0x23, 0x20, 0x02, 0x00, 0x23, 0x20, 0x02, 0x00, 0x23, 0x20, 0x02, 0x00, 0x23, 0x20,
	0x02, 0x00, 0x23, 0x20, 0x02, 0x00, 0x93, 0x07, 0x00, 0x40, 0x73, 0x27, 0x40, 0xf1,
	0xb3, 0x97, 0xe7, 0x00, 0x03, 0x37, 0x42, 0x31, 0x33, 0xf7, 0xe7, 0x00, 0xe3, 0x1c,
	0x07, 0xfe, 0x83, 0xb7, 0x1b, 0x70, 0xe3, 0x8c, 0x07, 0xe4, 0x93, 0x05, 0x90, 0x00,
	0xef, 0xe0, 0x0f, 0x8a, 0x6f, 0xf0, 0xdf, 0xe4, 0x93, 0x15, 0x25, 0x02, 0x93, 0xd5,
	0x25, 0x03, 0x93, 0x85, 0x15, 0x00, 0x13, 0x06, 0x00, 0x00, 0x6f, 0x00, 0xc0, 0x00,
	0x13, 0x06, 0x46, 0x00, 0x63, 0x74, 0xb6, 0x06, 0x83, 0x67, 0x22, 0x30, 0x9b, 0x97,
	0x17, 0x00, 0x83, 0x36, 0x22, 0x30, 0x03, 0x37, 0x22, 0x30, 0x13, 0x17, 0x07, 0x02,
	0x33, 0x67, 0xd7, 0x00, 0xa3, 0x39, 0xe2, 0x06, 0x03, 0x37, 0x32, 0x07, 0x23, 0x22,
	0x02, 0x32, 0xa3, 0x32, 0xe2, 0x32, 0x83, 0x66, 0x22, 0x30, 0x9b, 0x96, 0xa6, 0x00,
	0x13, 0xe7, 0x17, 0x00, 0x93, 0x96, 0x06, 0x02, 0x93, 0xd6, 0x06, 0x02, 0x13, 0x17,
	0x07, 0x02, 0x33, 0x67, 0xd7, 0x00, 0x23, 0x3d, 0xe2, 0x0a, 0x93, 0xf7, 0x07, 0x01,
	0xe3, 0x86, 0x07, 0xfa, 0x83, 0x37, 0xa2, 0x0b, 0xe3, 0x82, 0x07, 0xfa, 0x83, 0x37,
	0xa2, 0x0b, 0xe3, 0x9a, 0x07, 0xfe, 0x6f, 0xf0, 0x9f, 0xf9, 0x6f, 0xe0, 0x1f, 0xf7,
	0x73, 0x10, 0x00, 0xc0, 0x6f, 0xe0, 0x9f, 0xf6, 0x73, 0x10, 0x00, 0xc0, 0x83, 0x67,
	0x22, 0x30, 0x1b, 0xd7, 0xe7, 0x01, 0x63, 0x1e, 0x07, 0x00, 0x23, 0x20, 0xa2, 0x00,
	0x23, 0x20, 0xf2, 0x00, 0x23, 0x30, 0x0c, 0x00, 0xa3, 0x25, 0x02, 0x38, 0x6f, 0xe0,
	0x5f, 0xf4, 0x73, 0x10, 0x00, 0xc0, 0x03, 0x67, 0x22, 0x30, 0x83, 0x65, 0x22, 0x30,
	0x03, 0x66, 0x22, 0x30, 0x83, 0x66, 0x22, 0x30, 0x13, 0xf5, 0x07, 0x01, 0x63, 0x0a,
	0x05, 0x06, 0x1b, 0xd5, 0x97, 0x01, 0x13, 0x75, 0x35, 0x00, 0xa3, 0x2d, 0xa2, 0x30,
	0x13, 0x17, 0x07, 0x02, 0x13, 0x57, 0x07, 0x02, 0x93, 0x95, 0x05, 0x02, 0xb3, 0xe5,
	0xe5, 0x00, 0xa3, 0x39, 0xb2, 0x06, 0x03, 0x37, 0x32, 0x07, 0x83, 0x35, 0x07, 0x00,
	0x13, 0xf7, 0x77, 0x00, 0x1b, 0x07, 0xf7, 0xff, 0x93, 0x96, 0x06, 0x02, 0x93, 0xd6,
	0x06, 0x02, 0x1b, 0x08, 0x07, 0x00, 0x13, 0x05, 0x50, 0x00, 0xb3, 0xf6, 0xb6, 0x00,
	0x63, 0x6a, 0x05, 0x05, 0x13, 0x15, 0x07, 0x02, 0x97, 0x65, 0x0f, 0x00, 0x93, 0x85,
	0x85, 0xb1, 0x13, 0x57, 0xe5, 0x01, 0x33, 0x07, 0xb7, 0x00, 0x03, 0x27, 0x07, 0x00,
	0x13, 0x16, 0x06, 0x02, 0x13, 0x56, 0x06, 0x02, 0x33, 0x07, 0xb7, 0x00, 0x67, 0x00,
	0x07, 0x00, 0x93, 0x15, 0x07, 0x02, 0x13, 0xd7, 0xe5, 0x01, 0x93, 0x05, 0x10, 0x00,
	0x93, 0x95, 0x05, 0x03, 0x33, 0x07, 0xb7, 0x00, 0x83, 0x25, 0x07, 0x00, 0x93, 0x95,
	0x05, 0x02, 0x93, 0xd5, 0x05, 0x02, 0x6f, 0xf0, 0x9f, 0xf9, 0x63, 0x0c, 0xd6, 0x02,
	0x9b, 0xd6, 0x87, 0x00, 0x93, 0x97, 0x07, 0x02, 0x93, 0xd7, 0x07, 0x02, 0x93, 0xf6,
	0x36, 0x00, 0x03, 0x67, 0x22, 0x30, 0x03, 0x65, 0x22, 0x30, 0x83, 0x65, 0x22, 0x30,
	0x13, 0xd6, 0x47, 0x01, 0x1b, 0x88, 0x05, 0x00, 0x13, 0x76, 0x16, 0x00, 0x63, 0x8c,
	0x06, 0x04, 0x13, 0x08, 0x10, 0x00, 0x63, 0x8c, 0x06, 0x01, 0x83, 0x67, 0x22, 0x30,
	0x83, 0x67, 0x22, 0x30, 0x83, 0x67, 0x22, 0x30, 0x6f, 0xe0, 0xdf, 0xe4, 0x73, 0x10,
	0x00, 0xc0, 0x93, 0xd7, 0x97, 0x01, 0x93, 0xf7, 0x37, 0x00, 0x23, 0x22, 0xf2, 0x32,
	0x13, 0x17, 0x07, 0x02, 0x13, 0x57, 0x07, 0x02, 0x13, 0x15, 0x05, 0x02, 0x33, 0x65,
	0xe5, 0x00, 0xa3, 0x39, 0xa2, 0x06, 0x83, 0x37, 0x32, 0x07, 0x23, 0xa0, 0xb7, 0x00,
	0xe3, 0x08, 0x06, 0xfc, 0x83, 0x37, 0x42, 0x32, 0xe3, 0x9e, 0x07, 0xfe, 0x6f, 0xf0,
	0x5f, 0xfc, 0x93, 0x16, 0x07, 0x02, 0x13, 0x07, 0x10, 0x00, 0x93, 0xd7, 0xe6, 0x01,
	0x13, 0x17, 0x07, 0x03, 0xb3, 0x87, 0xe7, 0x00, 0x23, 0xa0, 0xb7, 0x00, 0xe3, 0x04,
	0x06, 0xfa, 0x03, 0xa7, 0x07, 0x00, 0xe3, 0x1e, 0xe8, 0xfe, 0x6f, 0xf0, 0xdf, 0xf9,
	0xe3, 0xfc, 0xc6, 0xf4, 0x6f, 0xf0, 0x9f, 0xf8, 0xe3, 0x12, 0xd6, 0xf8, 0x6f, 0xf0,
	0xdf, 0xf4, 0xe3, 0x74, 0xd6, 0xf4, 0x6f, 0xf0, 0x9f, 0xf7, 0xe3, 0xe0, 0xc6, 0xf4,
	0x6f, 0xf0, 0x1f, 0xf7, 0xe3, 0x76, 0xd6, 0xf6, 0x6f, 0xf0, 0x5f, 0xf3, 0x13, 0x00,
	0x00, 0x00, 0x83, 0x67, 0x22, 0x30, 0x23, 0x20, 0xa2, 0x00, 0x83, 0x67, 0x32, 0x02,
	0x23, 0x20, 0xf2, 0x00, 0xb7, 0x17, 0x0f, 0xc0, 0x23, 0x20, 0xf2, 0x00, 0x23, 0x20,
	0x02, 0x00, 0x23, 0x20, 0x02, 0x00, 0x23, 0x20, 0x02, 0x00, 0x23, 0x20, 0x02, 0x00,
	0x23, 0x20, 0x02, 0x00, 0x23, 0x20, 0x02, 0x00, 0x23, 0x20, 0x02, 0x00, 0x23, 0x20,
	0x02, 0x00, 0x23, 0x20, 0x02, 0x00, 0x23, 0x20, 0x02, 0x00, 0x23, 0x20, 0x02, 0x00,
	0x23, 0x20, 0x02, 0x00, 0x23, 0x20, 0x02, 0x00, 0x23, 0x20, 0x02, 0x00, 0x23, 0x20,
	0x02, 0x00, 0x23, 0x20, 0x02, 0x00, 0x13, 0x07, 0x00, 0x40, 0xf3, 0x27, 0x40, 0xf1,
	0x33, 0x17, 0xf7, 0x00, 0x83, 0x37, 0x42, 0x31, 0xb3, 0x77, 0xf7, 0x00, 0xe3, 0x9c,
	0x07, 0xfe, 0x6f, 0xe0, 0x9f, 0xd4, 0x73, 0x10, 0x00, 0xc0, 0x83, 0x67, 0x22, 0x30,
	0x23, 0x20, 0xa2, 0x00, 0x23, 0x20, 0xf2, 0x00, 0x6f, 0xe0, 0x5f, 0xd3, 0x73, 0x10,
	0x00, 0xc0, 0x13, 0x00, 0x00, 0x00, 0x83, 0x67, 0x22, 0x30, 0x93, 0x06, 0x30, 0x00,
	0x93, 0xf7, 0xf7, 0x0f, 0x13, 0x87, 0x07, 0x60, 0x93, 0x96, 0x06, 0x03, 0x33, 0x07,
	0xd7, 0x00, 0x03, 0x27, 0x07, 0x00, 0x1b, 0x07, 0x07, 0x00, 0x23, 0x20, 0xa2, 0x00,
	0x23, 0x20, 0xf2, 0x00, 0xb7, 0xc6, 0x00, 0x00, 0x9b, 0x86, 0x16, 0x04, 0xf3, 0x27,
	0x40, 0xf1, 0x93, 0xf7, 0x37, 0x00, 0xbb, 0x87, 0xd7, 0x00, 0x93, 0x97, 0x07, 0x02,
	0x93, 0x06, 0x10, 0x00, 0x93, 0x96, 0x06, 0x03, 0x93, 0xd7, 0xe7, 0x01, 0xb3, 0x87,
	0xd7, 0x00, 0x23, 0xa0, 0xe7, 0x00, 0x6f, 0xe0, 0x5f, 0xcd, 0x73, 0x10, 0x00, 0xc0,
	0x13, 0x00, 0x00, 0x00, 0x03, 0x67, 0x22, 0x30, 0x83, 0x66, 0x22, 0x30, 0xb7, 0x07,
	0x00, 0xc0, 0xb3, 0x77, 0xf7, 0x00, 0x9b, 0x87, 0x07, 0x00, 0x63, 0x9e, 0x07, 0x00,
	0x23, 0x20, 0xa2, 0x00, 0x13, 0x77, 0xf7, 0x0f, 0x23, 0x20, 0xe2, 0x00, 0x23, 0x20,
	0xd2, 0x00, 0x6f, 0xe0, 0x1f, 0xca, 0x73, 0x10, 0x00, 0xc0, 0x37, 0x06, 0x00, 0x40,
	0xe3, 0x9a, 0xc7, 0xfe, 0x13, 0x77, 0xf7, 0x0f, 0x93, 0x07, 0x30, 0x00, 0x13, 0x07,
	0x07, 0x60, 0x93, 0x97, 0x07, 0x03, 0x33, 0x07, 0xf7, 0x00, 0x23, 0x20, 0xd7, 0x00,
	0xa3, 0x2f, 0x02, 0x1e, 0x6f, 0xf0, 0x5f, 0xfd, 0x00, 0x00, 0x00, 0x00, 0x00, 0x00,
	0x00, 0x00, 0x03, 0x35, 0x22, 0x30, 0x83, 0x35, 0x22, 0x30, 0x03, 0x67, 0x22, 0x30,
	0x83, 0x67, 0x22, 0x30, 0x1b, 0x88, 0x07, 0x00, 0x93, 0x97, 0x07, 0x02, 0x93, 0xd7,
	0x07, 0x02, 0x83, 0x38, 0x22, 0x30, 0x03, 0x36, 0x22, 0x30, 0xb7, 0x06, 0x80, 0x00,
	0xb3, 0x76, 0xd7, 0x00, 0x63, 0x80, 0x06, 0x02, 0x13, 0x16, 0x06, 0x02, 0x33, 0x66,
	0x16, 0x01, 0xa3, 0x39, 0xc2, 0x06, 0x83, 0x36, 0x32, 0x07, 0x83, 0xa6, 0x06, 0x00,
	0x1b, 0x86, 0x06, 0x00, 0x63, 0xe8, 0x06, 0x21, 0x63, 0x9c, 0x07, 0x00, 0x83, 0x37,
	0x32, 0x1f, 0x23, 0xb0, 0x07, 0x00, 0xa3, 0x25, 0x02, 0x38, 0x6f, 0xe0, 0xdf, 0xc0,
	0x73, 0x10, 0x00, 0xc0, 0x13, 0x17, 0xc7, 0x02, 0x13, 0x58, 0xc7, 0x02, 0x13, 0x06,
	0x08, 0x00, 0x03, 0x67, 0x22, 0x03, 0x13, 0x17, 0x07, 0x02, 0x33, 0x67, 0x07, 0x01,
	0x23, 0xb6, 0xeb, 0x60, 0xa3, 0x2f, 0x02, 0x1e, 0x23, 0xb2, 0xfb, 0x60, 0xa3, 0x2f,
	0x02, 0x1e, 0x83, 0x66, 0x22, 0x30, 0x83, 0x68, 0x22, 0x30, 0x83, 0x67, 0x22, 0x30,
	0x1b, 0xd7, 0x07, 0x01, 0x93, 0x96, 0x06, 0x02, 0x93, 0xd6, 0x06, 0x02, 0x13, 0x17,
	0x07, 0x02, 0x33, 0x67, 0xd7, 0x00, 0x23, 0xb3, 0xeb, 0x60, 0x9b, 0x86, 0x07, 0x00,
	0xa3, 0x2f, 0x02, 0x1e, 0x03, 0x6f, 0x22, 0x30, 0x03, 0x6e, 0x22, 0x30, 0x93, 0x97,
	0x08, 0x02, 0x93, 0x96, 0x06, 0x03, 0x93, 0xd7, 0x07, 0x02, 0x93, 0xd6, 0x06, 0x01,
	0x9b, 0x08, 0x0e, 0x00, 0xb3, 0xe6, 0xf6, 0x00, 0x03, 0x67, 0x22, 0x30, 0x83, 0x67,
	0x22, 0x30, 0x9b, 0x87, 0x07, 0x00, 0x83, 0x6e, 0x22, 0x30, 0x93, 0x98, 0x08, 0x03,
	0x13, 0x1f, 0x0f, 0x02, 0x13, 0x5f, 0x0f, 0x02, 0x93, 0xd8, 0x08, 0x01, 0x1b, 0xd3,
	0x07, 0x01, 0xb3, 0xe8, 0xe8, 0x01, 0x13, 0x9f, 0x07, 0x03, 0x13, 0x5f, 0x0f, 0x03,
	0x9b, 0xd7, 0x07, 0x01, 0x63, 0x04, 0x03, 0x00, 0x1b, 0x83, 0xf7, 0xff, 0x93, 0x97,
	0x05, 0x02, 0xb3, 0xe7, 0xa7, 0x00, 0x13, 0x13, 0x03, 0x02, 0x13, 0x53, 0x03, 0x02,
	0x23, 0xb8, 0x6b, 0x60, 0x13, 0x15, 0x07, 0x02, 0xa3, 0x2f, 0x02, 0x1e, 0x13, 0x57,
	0x05, 0x01, 0x1b, 0x5e, 0x0e, 0x01, 0x23, 0xb7, 0x1b, 0x61, 0x13, 0x15, 0x0f, 0x03,
	0x33, 0x67, 0xc7, 0x01, 0xa3, 0x2f, 0x02, 0x1e, 0x33, 0x67, 0xa7, 0x00, 0x23, 0xb4,
	0xeb, 0x60, 0x93, 0x9e, 0x0e, 0x02, 0xa3, 0x2f, 0x02, 0x1e, 0x93, 0xde, 0x0e, 0x02,
	0x23, 0xbc, 0xdb, 0x61, 0xa3, 0x2f, 0x02, 0x1e, 0x23, 0x24, 0x02, 0x04, 0x03, 0x20,
	0x42, 0x31, 0x37, 0xb7, 0x00, 0xc0, 0x1b, 0x07, 0x07, 0xe0, 0x23, 0x20, 0xe2, 0x00,
	0x23, 0x20, 0x02, 0x00, 0xa3, 0x26, 0x02, 0x08, 0xa3, 0x28, 0x02, 0x01, 0x23, 0x31,
	0xf2, 0x02, 0xa3, 0x39, 0xf2, 0x06, 0x83, 0x37, 0x32, 0x07, 0x23, 0xb5, 0xfb, 0x60,
	0xa3, 0x2f, 0x02, 0x1e, 0x23, 0x31, 0xf2, 0x00, 0x93, 0x07, 0x10, 0x00, 0x93, 0x97,
	0x07, 0x02, 0x33, 0x66, 0xf6, 0x00, 0x23, 0x31, 0xc2, 0x00, 0xb7, 0x47, 0x02, 0xc0,
	0x9b, 0x87, 0x07, 0xf0, 0x23, 0x25, 0xf2, 0x00, 0x23, 0x20, 0x02, 0x00, 0x23, 0x20,
	0x02, 0x00, 0x23, 0x20, 0x02, 0x00, 0x93, 0x07, 0x20, 0x00, 0x23, 0x3d, 0xf2, 0x00,
	0x83, 0xb7, 0x8b, 0x60, 0x1b, 0x88, 0x08, 0x00, 0x03, 0xb7, 0x8b, 0x61, 0x03, 0x66,
	0xa2, 0x00, 0x1b, 0x56, 0x06, 0x01, 0x13, 0x76, 0x16, 0x00, 0x83, 0x35, 0x12, 0x01,
	0x63, 0x9a, 0x05, 0x00, 0x23, 0x2c, 0x02, 0x00, 0x83, 0x65, 0x12, 0x1f, 0x23, 0x20,
	0xb2, 0x00, 0x23, 0x20, 0x02, 0x00, 0x63, 0x14, 0x07, 0x06, 0x63, 0x88, 0x07, 0x02,
	0x37, 0x75, 0x01, 0xc0, 0xb7, 0x05, 0x01, 0x00, 0x1b, 0x05, 0x05, 0x60, 0x93, 0x85,
	0xf5, 0xff, 0x23, 0x24, 0xc2, 0x02, 0x23, 0x20, 0xa2, 0x00, 0x33, 0xf7, 0xb7, 0x00,
	0x23, 0x20, 0xe2, 0x00, 0x23, 0x20, 0x02, 0x01, 0x93, 0xd7, 0x07, 0x01, 0xe3, 0x94,
	0x07, 0xfe, 0x23, 0xb1, 0x1b, 0x61, 0xa3, 0x2f, 0x02, 0x1e, 0x23, 0xb0, 0xdb, 0x60,
	0xa3, 0x2f, 0x02, 0x1e, 0xa3, 0x3f, 0xd2, 0x00, 0x23, 0x30, 0xd2, 0x02, 0x23, 0xb0,
	0xd1, 0x88, 0x03, 0x65, 0x22, 0x30, 0x83, 0x37, 0x72, 0x00, 0x67, 0x80, 0x07, 0x00,
	0x93, 0x17, 0x06, 0x02, 0x93, 0xd7, 0x07, 0x02, 0x6f, 0xf0, 0xdf, 0xde, 0x23, 0x24,
	0xc2, 0x02, 0xb7, 0x75, 0x01, 0xc0, 0x9b, 0x85, 0x05, 0x60, 0x23, 0x20, 0xb2, 0x00,
	0xb7, 0x05, 0x01, 0x00, 0x93, 0x85, 0xf5, 0xff, 0x33, 0x75, 0xb7, 0x00, 0x23, 0x20,
	0xa2, 0x00, 0x23, 0x20, 0x02, 0x01, 0x13, 0x57, 0x07, 0x01, 0x33, 0x77, 0xb7, 0x00,
	0x3b, 0x08, 0x07, 0x01, 0xe3, 0x98, 0x07, 0xf6, 0x6f, 0xf0, 0x9f, 0xf9, 0x13, 0x00,
	0x00, 0x00, 0x03, 0x66, 0x22, 0x30, 0x93, 0x77, 0x16, 0x00, 0x63, 0x84, 0x07, 0x0c,
	0x83, 0xb7, 0x0b, 0x60, 0x03, 0x67, 0x22, 0x30, 0x03, 0x67, 0x22, 0x30, 0x13, 0x17,
	0x07, 0x02, 0x13, 0x57, 0x07, 0x02, 0x33, 0x07, 0xf7, 0x00, 0x83, 0x67, 0x22, 0x30,
	0x83, 0x67, 0x22, 0x30, 0x83, 0xb6, 0x2b, 0x60, 0x83, 0x67, 0x22, 0x30, 0x93, 0x97,
	0x07, 0x02, 0x93, 0xd7, 0x07, 0x02, 0xb3, 0x87, 0xd7, 0x00, 0xa3, 0x39, 0xe2, 0x06,
	0x83, 0x35, 0x32, 0x07, 0x03, 0x67, 0x22, 0x30, 0x03, 0xa5, 0x05, 0x00, 0x1b, 0x08,
	0x07, 0x00, 0xa3, 0x39, 0xf2, 0x06, 0x83, 0x36, 0x32, 0x07, 0x83, 0xd7, 0x45, 0x00,
	0x33, 0xe7, 0xa7, 0x00, 0x13, 0x83, 0x07, 0x00, 0x63, 0x18, 0x07, 0x02, 0x13, 0x05,
	0x00, 0x00, 0x93, 0x07, 0x00, 0x00, 0x93, 0x08, 0x00, 0x00, 0x23, 0xa0, 0xa6, 0x00,
	0x23, 0xa2, 0xf6, 0x00, 0x23, 0xa4, 0x16, 0x01, 0x23, 0xa6, 0xe6, 0x00, 0x83, 0x37,
	0x42, 0x32, 0xe3, 0x9e, 0x07, 0xfe, 0x6f, 0xe0, 0x9f, 0x93, 0x73, 0x10, 0x00, 0xc0,
	0x13, 0x76, 0x26, 0x00, 0x83, 0xa8, 0x85, 0x00, 0x03, 0xa7, 0xc5, 0x00, 0xe3, 0x1a,
	0x06, 0xfc, 0x37, 0x06, 0xff, 0x3f, 0x9b, 0x17, 0x07, 0x01, 0xb3, 0xf7, 0xc7, 0x00,
	0xb3, 0xe7, 0x67, 0x00, 0x13, 0x06, 0x10, 0x00, 0x9b, 0x87, 0x07, 0x00, 0x63, 0x74,
	0xe6, 0x00, 0xbb, 0xd8, 0xe8, 0x02, 0x13, 0x07, 0x08, 0x00, 0x6f, 0xf0, 0xdf, 0xfa,
	0x83, 0x66, 0x22, 0x30, 0x83, 0x67, 0x22, 0x30, 0x13, 0x77, 0x06, 0xff, 0x13, 0x17,
	0x07, 0x02, 0x93, 0x96, 0x06, 0x02, 0x13, 0x57, 0x07, 0x02, 0x93, 0x97, 0x07, 0x02,
	0x33, 0x67, 0xd7, 0x00, 0x93, 0xd7, 0x07, 0x02, 0x33, 0x07, 0xf7, 0x00, 0x83, 0x65,
	0x22, 0x30, 0x83, 0x67, 0x22, 0x30, 0x83, 0x66, 0x22, 0x30, 0x93, 0x95, 0x05, 0x02,
	0x93, 0x97, 0x07, 0x02, 0x93, 0xd5, 0x05, 0x02, 0x93, 0x96, 0x06, 0x02, 0xb3, 0xe7,
	0xb7, 0x00, 0x93, 0xd6, 0x06, 0x02, 0xb3, 0x87, 0xd7, 0x00, 0x6f, 0xf0, 0x1f, 0xf2,
	0x13, 0x00, 0x00, 0x00, 0x13, 0x07, 0x05, 0x00, 0x83, 0x67, 0x22, 0x30, 0x1b, 0x8b,
	0x07, 0x00, 0x83, 0x38, 0x22, 0x30, 0x83, 0x35, 0x22, 0x30, 0x1b, 0xd8, 0x37, 0x01,
	0x93, 0x76, 0x78, 0x00, 0x13, 0x06, 0x30, 0x00, 0x9b, 0x86, 0x06, 0x6a, 0x13, 0x16,
	0x06, 0x03, 0xb3, 0x86, 0xc6, 0x00, 0x03, 0xb5, 0x06, 0x00, 0x93, 0xf6, 0x17, 0x00,
	0x63, 0x9c, 0x06, 0x12, 0x9b, 0xdf, 0x77, 0x01, 0x93, 0xf6, 0x7f, 0x00, 0x93, 0x08,
	0x10, 0x00, 0x93, 0x52, 0x05, 0x01, 0xb3, 0x98, 0xd8, 0x00, 0x33, 0xf6, 0x12, 0x01,
	0x93, 0xf6, 0xe7, 0x03, 0x13, 0x36, 0x16, 0x00, 0x93, 0xb6, 0x16, 0x00, 0xb3, 0xf6,
	0xc6, 0x00, 0xb3, 0x98, 0xd8, 0x00, 0x1b, 0xd3, 0x17, 0x00, 0x13, 0x86, 0xf8, 0xff,
	0x93, 0x55, 0x45, 0x01, 0x1b, 0xd4, 0x67, 0x00, 0x93, 0x73, 0xf3, 0x01, 0x33, 0x76,
	0x56, 0x00, 0x93, 0x7e, 0xf5, 0x00, 0x13, 0x7f, 0x14, 0x00, 0x9b, 0xd6, 0xd7, 0x00,
	0x93, 0x59, 0x45, 0x00, 0x13, 0x5e, 0x05, 0x02, 0x13, 0x0a, 0x40, 0x00, 0x93, 0xf5,
	0xf5, 0x1f, 0x33, 0x1f, 0xdf, 0x01, 0x13, 0x59, 0x85, 0x00, 0x93, 0x54, 0x16, 0x00,
	0xb3, 0x85, 0x75, 0x00, 0x93, 0xf0, 0x76, 0x00, 0x93, 0xf9, 0xf9, 0x00, 0x9b, 0xde,
	0x67, 0x01, 0x33, 0x7e, 0xfe, 0x00, 0xb3, 0x33, 0x7a, 0x00, 0xb3, 0xf8, 0x12, 0x01,
	0xb3, 0x85, 0xe5, 0x01, 0xb3, 0x90, 0x30, 0x01, 0x93, 0x72, 0xf9, 0x00, 0x13, 0xff,
	0x14, 0x00, 0x33, 0x6e, 0x7e, 0x00, 0x93, 0xb8, 0x18, 0x00, 0x93, 0xfe, 0x1e, 0x00,
	0x13, 0x76, 0x16, 0x00, 0x13, 0x55, 0xc5, 0x00, 0xb3, 0x85, 0x15, 0x00, 0xb3, 0x9e,
	0x5e, 0x00, 0x3b, 0x06, 0xe6, 0x01, 0x13, 0x75, 0xf5, 0x00, 0x33, 0x6e, 0x1e, 0x01,
	0xb3, 0x85, 0xd5, 0x01, 0x33, 0x16, 0xa6, 0x00, 0x33, 0x35, 0xc0, 0x01, 0x33, 0x86,
	0xc5, 0x00, 0x33, 0x05, 0xa0, 0x40, 0xb3, 0x6a, 0xa6, 0x00, 0x03, 0x65, 0x22, 0x30,
	0x13, 0x78, 0xf8, 0x00, 0x1b, 0x05, 0x05, 0x00, 0x1b, 0x18, 0x28, 0x00, 0x97, 0x02,
	0x00, 0x00, 0xb3, 0x82, 0x02, 0x01, 0x67, 0x80, 0xc2, 0x00, 0x6f, 0x00, 0x00, 0x15,
	0x6f, 0x00, 0x00, 0x1e, 0x6f, 0x00, 0x00, 0x27, 0x6f, 0x00, 0x00, 0x30, 0x6f, 0x00,
	0x00, 0x39, 0x6f, 0x00, 0x80, 0x13, 0x6f, 0x00, 0x40, 0x13, 0x6f, 0x00, 0x00, 0x13,
	0x6f, 0x00, 0xc0, 0x12, 0x6f, 0x00, 0x00, 0x38, 0x6f, 0x00, 0x40, 0x12, 0x6f, 0x00,
	0x00, 0x12, 0x6f, 0x00, 0xc0, 0x11, 0x6f, 0x00, 0x80, 0x11, 0x6f, 0x00, 0x40, 0x11,
	0x6f, 0x00, 0x00, 0x11, 0x93, 0x95, 0x05, 0x02, 0xb3, 0xe5, 0x15, 0x01, 0xa3, 0x39,
	0xb2, 0x06, 0x83, 0x36, 0x32, 0x07, 0x83, 0xe5, 0x06, 0x00, 0x9b, 0xdf, 0x77, 0x01,
	0x93, 0xf6, 0x7f, 0x00, 0x13, 0x0e, 0x10, 0x00, 0x93, 0x52, 0x05, 0x01, 0x33, 0x1e,
	0xde, 0x00, 0x33, 0xf6, 0xc2, 0x01, 0x93, 0xf6, 0xe7, 0x03, 0x13, 0x36, 0x16, 0x00,
	0x93, 0xb6, 0x16, 0x00, 0xb3, 0xf6, 0xc6, 0x00, 0x33, 0x1e, 0xde, 0x00, 0x93, 0x08,
	0xfe, 0xff, 0x13, 0x56, 0x45, 0x01, 0x1b, 0xd3, 0x17, 0x00, 0x1b, 0xd4, 0x67, 0x00,
	0xb3, 0xf8, 0x58, 0x00, 0x13, 0x7f, 0xf5, 0x00, 0x93, 0x73, 0xf3, 0x01, 0x93, 0x59,
	0x45, 0x00, 0x93, 0x5e, 0x05, 0x02, 0x93, 0x0a, 0x40, 0x00, 0x13, 0x76, 0xf6, 0x1f,
	0x13, 0x7a, 0x14, 0x00, 0x9b, 0xd6, 0xd7, 0x00, 0x33, 0x06, 0x76, 0x00, 0x33, 0x1a,
	0xea, 0x01, 0x93, 0x54, 0x85, 0x00, 0x93, 0xd0, 0x18, 0x00, 0xb3, 0xfe, 0xfe, 0x00,
	0xb3, 0xb3, 0x7a, 0x00, 0xb3, 0xf2, 0xc2, 0x01, 0x13, 0xf9, 0x76, 0x00, 0x93, 0xf9,
	0xf9, 0x00, 0x1b, 0xdf, 0x67, 0x01, 0x13, 0x5e, 0xc5, 0x00, 0x33, 0x06, 0x46, 0x01,
	0x33, 0xe5, 0x7e, 0x00, 0x33, 0x19, 0x39, 0x01, 0x13, 0x7f, 0x1f, 0x00, 0x93, 0xf4,
	0xf4, 0x00, 0x93, 0xf0, 0x10, 0x00, 0x93, 0xf8, 0x18, 0x00, 0x93, 0xb2, 0x12, 0x00,
	0x33, 0x06, 0x26, 0x01, 0xb3, 0x1e, 0x9f, 0x00, 0xbb, 0x88, 0x18, 0x00, 0x13, 0x7e,
	0xfe, 0x00, 0x33, 0x65, 0x55, 0x00, 0xb3, 0x98, 0xc8, 0x01, 0x33, 0x06, 0xd6, 0x01,
	0x33, 0x35, 0xa0, 0x00, 0x33, 0x06, 0x16, 0x01, 0x33, 0x05, 0xa0, 0x40, 0x9b, 0x88,
	0x05, 0x00, 0xb3, 0x6a, 0xa6, 0x00, 0x63, 0x94, 0x08, 0x00, 0x6f, 0x20, 0xd0, 0x65,
	0x03, 0x65, 0x22, 0x30, 0x1b, 0x06, 0x05, 0x00, 0xe3, 0xf4, 0xc8, 0xea, 0x13, 0x85,
	0x05, 0x00, 0x6f, 0xf0, 0x1f, 0xea, 0x6f, 0x00, 0x00, 0x00, 0x1b, 0xdf, 0xa7, 0x00,
	0x9b, 0xde, 0x07, 0x01, 0x13, 0x7f, 0x7f, 0x00, 0x93, 0xfe, 0x7e, 0x00, 0x93, 0xf6,
	0x76, 0x00, 0x93, 0x05, 0x10, 0x00, 0xb3, 0xb5, 0xd5, 0x00, 0x33, 0xe6, 0xee, 0x01,
	0x33, 0x66, 0xb6, 0x00, 0x1b, 0x06, 0x06, 0x00, 0xb7, 0xe5, 0x00, 0x00, 0x37, 0x28,
	0x00, 0x00, 0x33, 0x36, 0xc0, 0x00, 0x1b, 0xde, 0xf7, 0x41, 0xb3, 0xf5, 0xb7, 0x00,
	0xb3, 0x85, 0x05, 0x41, 0x1b, 0x16, 0x16, 0x00, 0x13, 0x7e, 0x3e, 0x00, 0x33, 0x6e,
	0xce, 0x00, 0x13, 0xb6, 0x15, 0x00, 0x33, 0x6e, 0xce, 0x00, 0x1b, 0xd8, 0x77, 0x00,
	0x9b, 0xd5, 0x87, 0x00, 0x93, 0x78, 0xf3, 0x01, 0x13, 0x76, 0x14, 0x00, 0x13, 0x78,
	0x18, 0x00, 0x93, 0xf5, 0x35, 0x00, 0x93, 0xff, 0x7f, 0x00, 0x1b, 0x13, 0x2e, 0x00,
	0x97, 0x02, 0x00, 0x00, 0xb3, 0x82, 0x62, 0x00, 0x67, 0x80, 0xc2, 0x00, 0x6f, 0x10,
	0xc0, 0x34, 0x6f, 0x10, 0x00, 0x67, 0x6f, 0x00, 0xd0, 0x63, 0x6f, 0x00, 0x90, 0x63,
	0x6f, 0x00, 0x00, 0x00, 0x1b, 0xdf, 0xa7, 0x00, 0x9b, 0xde, 0x07, 0x01, 0x93, 0xf5,
	0x76, 0x00, 0x13, 0x7f, 0x7f, 0x00, 0x93, 0xfe, 0x7e, 0x00, 0x13, 0x06, 0x10, 0x00,
	0x33, 0x36, 0xb6, 0x00, 0xb3, 0xe6, 0xee, 0x01, 0xb3, 0xe6, 0xc6, 0x00, 0x9b, 0x86,
	0x06, 0x00, 0x37, 0xe6, 0x00, 0x00, 0x37, 0x28, 0x00, 0x00, 0xb3, 0x36, 0xd0, 0x00,
	0x9b, 0xd8, 0xf7, 0x41, 0x33, 0xf6, 0xc7, 0x00, 0x33, 0x06, 0x06, 0x41, 0x9b, 0x96,
	0x16, 0x00, 0x93, 0xf8, 0x38, 0x00, 0xb3, 0xe8, 0xd8, 0x00, 0x93, 0x36, 0x16, 0x00,
	0xb3, 0xe8, 0xd8, 0x00, 0x1b, 0xd8, 0x77, 0x00, 0x1b, 0xd6, 0x87, 0x00, 0x13, 0x73,
	0xf3, 0x01, 0x93, 0x76, 0x14, 0x00, 0x13, 0x78, 0x18, 0x00, 0x13, 0x76, 0x36, 0x00,
	0x13, 0xfe, 0x7f, 0x00, 0x9b, 0x98, 0x28, 0x00, 0x97, 0x02, 0x00, 0x00, 0xb3, 0x82,
	0x12, 0x01, 0x67, 0x80, 0xc2, 0x00, 0x6f, 0x10, 0x80, 0x0c, 0x6f, 0x10, 0x40, 0x3b,
	0x6f, 0x00, 0x50, 0x17, 0x6f, 0x00, 0x10, 0x17, 0x6f, 0x00, 0x00, 0x00, 0x1b, 0xdf,
	0xa7, 0x00, 0x9b, 0xde, 0x07, 0x01, 0x13, 0x7f, 0x7f, 0x00, 0x93, 0xfe, 0x7e, 0x00,
	0x93, 0xf6, 0x76, 0x00, 0x93, 0x05, 0x10, 0x00, 0xb3, 0xb5, 0xd5, 0x00, 0x33, 0x66,
	0xdf, 0x01, 0x33, 0x66, 0xb6, 0x00, 0x1b, 0x06, 0x06, 0x00, 0xb7, 0xe5, 0x00, 0x00,
	0x33, 0x36, 0xc0, 0x00, 0x1b, 0xd8, 0xf7, 0x41, 0xb3, 0xf5, 0xb7, 0x00, 0xb7, 0x28,
	0x00, 0x00, 0x1b, 0x16, 0x16, 0x00, 0xb3, 0x85, 0x15, 0x41, 0x13, 0x78, 0x38, 0x00,
	0x33, 0x68, 0xc8, 0x00, 0x13, 0xb6, 0x15, 0x00, 0x33, 0x68, 0xc8, 0x00, 0x1b, 0xde,
	0x77, 0x00, 0x9b, 0xd5, 0x87, 0x00, 0x13, 0x73, 0xf3, 0x01, 0x13, 0x76, 0x14, 0x00,
	0x13, 0x7e, 0x1e, 0x00, 0x93, 0xf5, 0x35, 0x00, 0x93, 0xf3, 0x7f, 0x00, 0x1b, 0x18,
	0x28, 0x00, 0x97, 0x02, 0x00, 0x00, 0xb3, 0x82, 0x02, 0x01, 0x67, 0x80, 0xc2, 0x00,
	0x6f, 0x10, 0x40, 0x13, 0x6f, 0x10, 0xc0, 0x43, 0x6f, 0x00, 0x10, 0x30, 0x6f, 0x00,
	0xd0, 0x2f, 0x6f, 0x00, 0x00, 0x00, 0x1b, 0xdf, 0xa7, 0x00, 0x9b, 0xde, 0x07, 0x01,
	0x13, 0xf6, 0x76, 0x00, 0x13, 0x7f, 0x7f, 0x00, 0x93, 0xfe, 0x7e, 0x00, 0x93, 0x05,
	0x10, 0x00, 0xb3, 0xb5, 0xc5, 0x00, 0xb3, 0x66, 0xdf, 0x01, 0xb3, 0xe6, 0xb6, 0x00,
	0x9b, 0x86, 0x06, 0x00, 0xb7, 0xe5, 0x00, 0x00, 0x37, 0x28, 0x00, 0x00, 0xb3, 0x36,
	0xd0, 0x00, 0x9b, 0xd8, 0xf7, 0x41, 0xb3, 0xf5, 0xb7, 0x00, 0xb3, 0x85, 0x05, 0x41,
	0x9b, 0x96, 0x16, 0x00, 0x93, 0xf8, 0x38, 0x00, 0xb3, 0xe8, 0xd8, 0x00, 0x93, 0xb6,
	0x15, 0x00, 0xb3, 0xe8, 0xd8, 0x00, 0x1b, 0xd8, 0x77, 0x00, 0x9b, 0xd5, 0x87, 0x00,
	0x13, 0x73, 0xf3, 0x01, 0x93, 0x76, 0x14, 0x00, 0x13, 0x78, 0x18, 0x00, 0x93, 0xf5,
	0x35, 0x00, 0x13, 0xfe, 0x7f, 0x00, 0x9b, 0x98, 0x28, 0x00, 0x97, 0x02, 0x00, 0x00,
	0xb3, 0x82, 0x12, 0x01, 0x67, 0x80, 0xc2, 0x00, 0x6f, 0x00, 0x10, 0x6a, 0x6f, 0x00,
	0x00, 0x73, 0x6f, 0x00, 0x00, 0x51, 0x6f, 0x00, 0xc0, 0x50, 0x6f, 0x00, 0x00, 0x00,
	0x6f, 0x00, 0x00, 0x00, 0x9b, 0xd8, 0xa7, 0x00, 0x1b, 0xd8, 0x07, 0x01, 0x93, 0xf5,
	0x76, 0x00, 0x93, 0xf8, 0x78, 0x00, 0x13, 0x78, 0x78, 0x00, 0x93, 0x06, 0x10, 0x00,
	0xb3, 0xb6, 0xb6, 0x00, 0x33, 0x66, 0x18, 0x01, 0x33, 0x66, 0xd6, 0x00, 0x1b, 0x06,
	0x06, 0x00, 0x37, 0xee, 0x00, 0x00, 0x33, 0x36, 0xc0, 0x00, 0x9b, 0xd6, 0xf7, 0x41,
	0x33, 0xfe, 0xc7, 0x01, 0xb7, 0x2e, 0x00, 0x00, 0x1b, 0x16, 0x16, 0x00, 0x93, 0xf6,
	0x36, 0x00, 0x33, 0x0e, 0xde, 0x41, 0xb3, 0xe6, 0xc6, 0x00, 0x13, 0x36, 0x1e, 0x00,
	0x9b, 0xd0, 0x77, 0x00, 0x9b, 0xd3, 0x87, 0x00, 0xb3, 0xe6, 0xc6, 0x00, 0x13, 0x73,
	0xf3, 0x01, 0x13, 0x7f, 0x14, 0x00, 0x93, 0xf0, 0x10, 0x00, 0x93, 0xf3, 0x33, 0x00,
	0x93, 0xff, 0x7f, 0x00, 0x9b, 0x96, 0x26, 0x00, 0x97, 0x02, 0x00, 0x00, 0xb3, 0x82,
	0xd2, 0x00, 0x67, 0x80, 0xc2, 0x00, 0x6f, 0x00, 0xc0, 0x31, 0x6f, 0x00, 0x40, 0x1b,
	0x6f, 0x00, 0xc0, 0x00, 0x6f, 0x00, 0x80, 0x00, 0x6f, 0x00, 0x00, 0x00, 0x9b, 0x88,
	0x08, 0x00, 0x1b, 0x08, 0x08, 0x00, 0x83, 0x69, 0x22, 0x30, 0x03, 0x3e, 0x22, 0x30,
	0x03, 0x36, 0x22, 0x30, 0x93, 0x16, 0x06, 0x03, 0x93, 0xd6, 0x06, 0x01, 0x13, 0x56,
	0x06, 0x01, 0x23, 0x34, 0xc1, 0x00, 0xb3, 0xe6, 0xc6, 0x01, 0xa3, 0x39, 0xd2, 0x06,
	0x03, 0x36, 0x32, 0x07, 0x83, 0x62, 0x22, 0x30, 0x23, 0x28, 0x51, 0x02, 0x03, 0x3e,
	0x22, 0x30, 0x83, 0x36, 0x22, 0x30, 0x93, 0x96, 0x06, 0x02, 0xb3, 0xe6, 0xc6, 0x01,
	0xa3, 0x39, 0xd2, 0x06, 0x83, 0x3e, 0x32, 0x07, 0x13, 0x8e, 0x02, 0x00, 0x1b, 0x5e,
	0x0e, 0x01, 0x93, 0x06, 0x10, 0x00, 0x23, 0x34, 0xc1, 0x03, 0x9b, 0x02, 0x03, 0x00,
	0x63, 0x94, 0xdf, 0x00, 0x6f, 0x20, 0x80, 0x77, 0x93, 0x06, 0x20, 0x00, 0x63, 0x94,
	0xdf, 0x00, 0x6f, 0x20, 0x90, 0x00, 0x13, 0x8e, 0x15, 0x00, 0x13, 0x89, 0x18, 0x00,
	0x93, 0x04, 0x18, 0x00, 0x93, 0x06, 0x33, 0x00, 0x13, 0x5e, 0x1e, 0x00, 0x13, 0x59,
	0x19, 0x00, 0x93, 0xd4, 0x14, 0x00, 0x93, 0xd6, 0x26, 0x00, 0x83, 0x6f, 0x22, 0x30,
	0x23, 0x20, 0xf1, 0x05, 0x83, 0x6f, 0x22, 0x30, 0x23, 0x26, 0xf1, 0x05, 0x83, 0x3f,
	0xa2, 0x00, 0xbb, 0x02, 0x5f, 0x00, 0x93, 0x9f, 0xff, 0x02, 0x93, 0x92, 0x02, 0x02,
	0x13, 0xdf, 0xff, 0x43, 0xb3, 0x83, 0x70, 0x00, 0x93, 0xd2, 0x02, 0x02, 0x93, 0x7f,
	0x2f, 0x00, 0xb3, 0x83, 0x53, 0x00, 0x23, 0x38, 0xf1, 0x01, 0xb3, 0x8f, 0xf3, 0x01,
	0x33, 0xff, 0xef, 0x01, 0x23, 0x30, 0xe1, 0x03, 0x23, 0x34, 0x02, 0x02, 0x83, 0x3f,
	0x81, 0x00, 0x93, 0x13, 0x05, 0x02, 0x13, 0x0f, 0xf0, 0x3f, 0x93, 0xd3, 0x03, 0x02,
	0x33, 0x8a, 0xcf, 0x00, 0x93, 0x00, 0x00, 0x40, 0x63, 0x64, 0x7f, 0x00, 0x93, 0x80,
	0x03, 0x00, 0x37, 0x8f, 0xff, 0xff, 0x33, 0x8f, 0xeb, 0x01, 0x83, 0x3f, 0x8f, 0x63,
	0x23, 0x3c, 0xe1, 0x03, 0xa3, 0x26, 0x02, 0x08, 0x13, 0x8f, 0x4f, 0x00, 0x23, 0x31,
	0xe2, 0x03, 0x13, 0x7f, 0xf5, 0x3f, 0x33, 0x3f, 0xe0, 0x01, 0x93, 0xd2, 0xa3, 0x00,
	0xb3, 0x02, 0x5f, 0x00, 0x1b, 0x1f, 0x25, 0x00, 0x3b, 0x0f, 0x5f, 0x00, 0x13, 0x1f,
	0x0f, 0x02, 0x13, 0x5f, 0x0f, 0x02, 0x23, 0x3c, 0xe1, 0x01, 0xa3, 0x38, 0xe2, 0x01,
	0x1b, 0x9f, 0x20, 0x00, 0x13, 0x1f, 0x0f, 0x02, 0x13, 0x5f, 0x0f, 0x02, 0x33, 0x0f,
	0xff, 0x01, 0x23, 0x31, 0xe2, 0x01, 0x13, 0x0f, 0x10, 0x00, 0x23, 0x31, 0xe2, 0x01,
	0x13, 0x0f, 0x40, 0x00, 0x1b, 0x04, 0x05, 0x00, 0x63, 0x74, 0xaf, 0x00, 0x13, 0x04,
	0x40, 0x00, 0x93, 0x90, 0x09, 0x02, 0x93, 0xd0, 0x00, 0x02, 0x13, 0x0f, 0x0a, 0x00,
	0x93, 0x02, 0x00, 0x00, 0x93, 0x09, 0x40, 0x00, 0xb3, 0x8f, 0xe0, 0x01, 0x63, 0x14,
	0x54, 0x00, 0x6f, 0x10, 0x50, 0x57, 0x23, 0x31, 0xe2, 0x01, 0x23, 0x31, 0x32, 0x01,
	0x9b, 0x82, 0x12, 0x00, 0x13, 0x8f, 0x0f, 0x00, 0x6f, 0xf0, 0x5f, 0xfe, 0x83, 0x6e,
	0x22, 0x30, 0x03, 0x36, 0x22, 0x30, 0x83, 0x35, 0x22, 0x30, 0x93, 0x96, 0x05, 0x03,
	0x93, 0xd6, 0x06, 0x01, 0x93, 0xd5, 0x05, 0x01, 0xb3, 0xe6, 0xc6, 0x00, 0xa3, 0x39,
	0xd2, 0x06, 0x03, 0x36, 0x32, 0x07, 0x83, 0x64, 0x22, 0x30, 0x03, 0x38, 0x22, 0x30,
	0x83, 0x36, 0x22, 0x30, 0x93, 0x96, 0x06, 0x02, 0xb3, 0xe6, 0x06, 0x01, 0xa3, 0x39,
	0xd2, 0x06, 0x03, 0x34, 0x32, 0x07, 0x9b, 0xd6, 0x04, 0x01, 0x23, 0x34, 0xd1, 0x00,
	0x13, 0x08, 0x10, 0x00, 0x9b, 0x06, 0x03, 0x00, 0x63, 0x94, 0x0f, 0x01, 0x6f, 0x20,
	0x00, 0x67, 0x13, 0x08, 0x20, 0x00, 0x63, 0x94, 0x0f, 0x01, 0x6f, 0x20, 0xc0, 0x64,
	0x93, 0x02, 0x33, 0x00, 0x93, 0xd2, 0x22, 0x00, 0x03, 0x68, 0x22, 0x30, 0x23, 0x28,
	0x01, 0x01, 0x03, 0x68, 0x22, 0x30, 0x23, 0x2c, 0x01, 0x01, 0x83, 0x38, 0xa2, 0x00,
	0xbb, 0x06, 0xdf, 0x00, 0x93, 0x98, 0xf8, 0x02, 0x93, 0x96, 0x06, 0x02, 0x93, 0xd8,
	0xf8, 0x43, 0x33, 0x88, 0x70, 0x00, 0x93, 0xd6, 0x06, 0x02, 0x13, 0xf9, 0x28, 0x00,
	0x33, 0x08, 0xd8, 0x00, 0x33, 0x08, 0x28, 0x01, 0x33, 0x78, 0x18, 0x01, 0x23, 0x34,
	0x02, 0x02, 0x13, 0x1e, 0x05, 0x02, 0x93, 0x08, 0xf0, 0x3f, 0x13, 0x5e, 0x0e, 0x02,
	0xb3, 0x80, 0xc5, 0x00, 0x93, 0x06, 0x00, 0x40, 0x63, 0xe4, 0xc8, 0x01, 0x93, 0x06,
	0x0e, 0x00, 0xb7, 0x8f, 0xff, 0xff, 0xb3, 0x8f, 0xfb, 0x01, 0x03, 0xbf, 0x8f, 0x63,
	0xa3, 0x26, 0x02, 0x08, 0x93, 0x08, 0x4f, 0x00, 0x23, 0x31, 0x12, 0x03, 0x93, 0x78,
	0xf5, 0x3f, 0xb3, 0x38, 0x10, 0x01, 0x93, 0x53, 0xae, 0x00, 0xb3, 0x83, 0x78, 0x00,
	0x9b, 0x18, 0x25, 0x00, 0xbb, 0x88, 0x78, 0x00, 0x93, 0x93, 0x08, 0x02, 0x93, 0xd3,
	0x03, 0x02, 0xa3, 0x38, 0x72, 0x00, 0x9b, 0x96, 0x26, 0x00, 0x93, 0x96, 0x06, 0x02,
	0x93, 0xd6, 0x06, 0x02, 0xb3, 0x86, 0xe6, 0x01, 0x23, 0x31, 0xd2, 0x00, 0x93, 0x06,
	0x10, 0x00, 0x23, 0x31, 0xd2, 0x00, 0x93, 0x06, 0x40, 0x00, 0x9b, 0x09, 0x05, 0x00,
	0x63, 0xf4, 0xa6, 0x00, 0x93, 0x09, 0x40, 0x00, 0x93, 0x9e, 0x0e, 0x02, 0x93, 0xde,
	0x0e, 0x02, 0x93, 0x86, 0x00, 0x00, 0x93, 0x08, 0x00, 0x00, 0x13, 0x0a, 0x40, 0x00,
	0x33, 0x8f, 0xd6, 0x01, 0x63, 0x94, 0x19, 0x01, 0x6f, 0x10, 0xd0, 0x57, 0x23, 0x31,
	0xd2, 0x00, 0x23, 0x31, 0x42, 0x01, 0x9b, 0x88, 0x18, 0x00, 0x93, 0x06, 0x0f, 0x00,
	0x6f, 0xf0, 0x5f, 0xfe, 0x03, 0x6e, 0x22, 0x30, 0x03, 0x36, 0x22, 0x30, 0x83, 0x34,
	0x22, 0x30, 0x93, 0x96, 0x04, 0x03, 0x93, 0xd6, 0x06, 0x01, 0x93, 0xd4, 0x04, 0x01,
	0xb3, 0xe6, 0xc6, 0x00, 0xa3, 0x39, 0xd2, 0x06, 0x83, 0x35, 0x32, 0x07, 0x03, 0x69,
	0x22, 0x30, 0x03, 0x36, 0x22, 0x30, 0x83, 0x36, 0x22, 0x30, 0x93, 0x96, 0x06, 0x02,
	0xb3, 0xe6, 0xc6, 0x00, 0xa3, 0x39, 0xd2, 0x06, 0x83, 0x32, 0x32, 0x07, 0x9b, 0x56,
	0x09, 0x01, 0x23, 0x34, 0xd1, 0x00, 0x13, 0x06, 0x10, 0x00, 0x9b, 0x06, 0x03, 0x00,
	0x63, 0x94, 0xcf, 0x00, 0x6f, 0x20, 0x00, 0x4e, 0x13, 0x06, 0x20, 0x00, 0x63, 0x94,
	0xcf, 0x00, 0x6f, 0x20, 0x40, 0x4a, 0x13, 0x06, 0x33, 0x00, 0x13, 0x56, 0x26, 0x00,
	0x03, 0x68, 0x22, 0x30, 0x23, 0x28, 0x01, 0x01, 0x03, 0x68, 0x22, 0x30, 0x23, 0x2c,
	0x01, 0x01, 0x03, 0x38, 0xa2, 0x00, 0xbb, 0x0e, 0xdf, 0x00, 0x13, 0x18, 0xf8, 0x02,
	0x13, 0x58, 0xf8, 0x43, 0x93, 0x9e, 0x0e, 0x02, 0x93, 0x7f, 0x28, 0x00, 0x93, 0xde,
	0x0e, 0x02, 0xb3, 0x8e, 0xfe, 0x01, 0xb3, 0x86, 0x70, 0x00, 0xb3, 0xfe, 0x0e, 0x01,
	0xb3, 0xf6, 0x06, 0x01, 0x23, 0x34, 0xd2, 0x02, 0x93, 0x18, 0x05, 0x02, 0x13, 0x08,
	0xf0, 0x3f, 0x93, 0xd8, 0x08, 0x02, 0xb3, 0x80, 0xb4, 0x00, 0x93, 0x06, 0x00, 0x40,
	0x63, 0x64, 0x18, 0x01, 0x93, 0x86, 0x08, 0x00, 0x37, 0x84, 0xff, 0xff, 0x33, 0x84,
	0x8b, 0x00, 0x03, 0x3f, 0x84, 0x63, 0xa3, 0x26, 0x02, 0x08, 0x13, 0x08, 0x4f, 0x00,
	0x23, 0x31, 0x02, 0x03, 0x13, 0x78, 0xf5, 0x3f, 0x33, 0x38, 0x00, 0x01, 0x93, 0xd3,
	0xa8, 0x00, 0xb3, 0x03, 0x78, 0x00, 0x1b, 0x18, 0x25, 0x00, 0x3b, 0x08, 0x78, 0x00,
	0x93, 0x13, 0x08, 0x02, 0x93, 0xd3, 0x03, 0x02, 0xa3, 0x38, 0x72, 0x00, 0x9b, 0x96,
	0x26, 0x00, 0x93, 0x96, 0x06, 0x02, 0x93, 0xd6, 0x06, 0x02, 0xb3, 0x86, 0xe6, 0x01,
	0x23, 0x31, 0xd2, 0x00, 0x93, 0x06, 0x10, 0x00, 0x23, 0x31, 0xd2, 0x00, 0x93, 0x06,
	0x40, 0x00, 0x9b, 0x09, 0x05, 0x00, 0x63, 0xf4, 0xa6, 0x00, 0x93, 0x09, 0x40, 0x00,
	0x13, 0x1e, 0x0e, 0x02, 0x13, 0x5e, 0x0e, 0x02, 0x93, 0x86, 0x00, 0x00, 0x13, 0x08,
	0x00, 0x00, 0x13, 0x0a, 0x40, 0x00, 0x33, 0x0f, 0xde, 0x00, 0x63, 0x94, 0x09, 0x01,
	0x6f, 0x10, 0x50, 0x4a, 0x23, 0x31, 0xd2, 0x00, 0x23, 0x31, 0x42, 0x01, 0x1b, 0x08,
	0x18, 0x00, 0x93, 0x06, 0x0f, 0x00, 0x6f, 0xf0, 0x5f, 0xfe, 0x1b, 0x0f, 0x0f, 0x00,
	0x9b, 0x8e, 0x0e, 0x00, 0x83, 0x68, 0x22, 0x30, 0x9b, 0x88, 0x08, 0x00, 0x23, 0x34,
	0x11, 0x01, 0x83, 0x3f, 0x22, 0x30, 0x83, 0x38, 0x22, 0x30, 0x93, 0x98, 0x08, 0x03,
	0x93, 0xd8, 0x08, 0x01, 0xb3, 0xe8, 0xf8, 0x01, 0xa3, 0x39, 0x12, 0x07, 0x83, 0x38,
	0x32, 0x07, 0x83, 0x64, 0x22, 0x30, 0x83, 0x32, 0x22, 0x30, 0x83, 0x3f, 0x22, 0x30,
	0x93, 0x9f, 0x0f, 0x02, 0xb3, 0xef, 0x5f, 0x00, 0xa3, 0x39, 0xf2, 0x07, 0x83, 0x3f,
	0x32, 0x07, 0x9b, 0xd3, 0x04, 0x01, 0x23, 0x38, 0x71, 0x00, 0x93, 0x02, 0x10, 0x00,
	0x9b, 0x03, 0x03, 0x00, 0x63, 0x14, 0x5e, 0x00, 0x6f, 0x20, 0x00, 0x4f, 0x93, 0x02,
	0x20, 0x00, 0x63, 0x14, 0x5e, 0x00, 0x6f, 0x20, 0x40, 0x4b, 0x93, 0x00, 0x16, 0x00,
	0x93, 0x02, 0x1f, 0x00, 0x13, 0x84, 0x1e, 0x00, 0x13, 0x0e, 0x33, 0x00, 0x93, 0xd0,
	0x10, 0x00, 0x93, 0xd2, 0x12, 0x00, 0x13, 0x54, 0x14, 0x00, 0x13, 0x5e, 0x2e, 0x00,
	0x83, 0x69, 0x22, 0x30, 0x03, 0x69, 0x22, 0x30, 0x03, 0x3a, 0xa2, 0x00, 0xbb, 0x83,
	0x76, 0x00, 0x13, 0x1a, 0xfa, 0x02, 0x93, 0x93, 0x03, 0x02, 0x13, 0x5a, 0xfa, 0x43,
	0xb3, 0x05, 0xb8, 0x00, 0x93, 0xd3, 0x03, 0x02, 0xb3, 0x83, 0x75, 0x00, 0x93, 0x76,
	0x3a, 0x00, 0xb3, 0x83, 0xd3, 0x00, 0xb3, 0xf3, 0x43, 0x01, 0x23, 0x34, 0x02, 0x02,
	0xa3, 0x2c, 0x02, 0x00, 0x03, 0x20, 0x42, 0x31, 0xbb, 0x06, 0x1e, 0x00, 0xbb, 0x85,
	0x82, 0x00, 0x9b, 0x95, 0x15, 0x00, 0x9b, 0x86, 0x96, 0x00, 0xbb, 0x86, 0xb6, 0x00,
	0xb7, 0x05, 0x01, 0xc0, 0x93, 0x85, 0xf5, 0xff, 0x33, 0xf7, 0xe5, 0x00, 0x9b, 0x96,
	0x06, 0x01, 0x33, 0x67, 0xd7, 0x00, 0x23, 0x20, 0xe2, 0x00, 0x23, 0x20, 0xf2, 0x00,
	0x23, 0x20, 0xa2, 0x00, 0x23, 0x20, 0x52, 0x01, 0x23, 0x20, 0x92, 0x00, 0x23, 0x20,
	0xf2, 0x01, 0x93, 0xd7, 0x0f, 0x02, 0x23, 0x20, 0xf2, 0x00, 0x23, 0x20, 0x32, 0x01,
	0x23, 0x20, 0x22, 0x01, 0x93, 0x07, 0x30, 0x00, 0x93, 0x97, 0x07, 0x03, 0x93, 0x06,
	0x02, 0x00, 0x93, 0x87, 0x07, 0x67, 0x6f, 0x00, 0x40, 0x03, 0x83, 0x65, 0x22, 0x30,
	0x83, 0x64, 0x22, 0x30, 0x03, 0x68, 0x22, 0x30, 0x93, 0x95, 0x05, 0x02, 0x13, 0x17,
	0x08, 0x02, 0x93, 0xd5, 0x05, 0x02, 0x33, 0x67, 0xb7, 0x00, 0x23, 0xb0, 0xe7, 0x00,
	0xa3, 0xaf, 0x06, 0x1e, 0x23, 0x20, 0x92, 0x00, 0x23, 0x20, 0x02, 0x01, 0x93, 0x87,
	0x17, 0x00, 0x1b, 0x87, 0x07, 0x99, 0xe3, 0x66, 0x57, 0xfc, 0x93, 0x04, 0x30, 0x00,
	0x93, 0x94, 0x04, 0x03, 0x93, 0x84, 0x04, 0x67, 0x93, 0x8a, 0x02, 0x67, 0x93, 0x07,
	0x00, 0x00, 0xb3, 0x84, 0x92, 0x00, 0x6f, 0x00, 0x80, 0x03, 0x83, 0x65, 0x22, 0x30,
	0x83, 0x62, 0x22, 0x30, 0x03, 0x68, 0x22, 0x30, 0x93, 0x95, 0x05, 0x02, 0x13, 0x17,
	0x08, 0x02, 0x93, 0xd5, 0x05, 0x02, 0x33, 0x67, 0xb7, 0x00, 0xb3, 0x85, 0xf4, 0x00,
	0x23, 0xb0, 0xe5, 0x00, 0xa3, 0xaf, 0x06, 0x1e, 0x23, 0x20, 0x52, 0x00, 0x23, 0x20,
	0x02, 0x01, 0x93, 0x87, 0x17, 0x00, 0x1b, 0x87, 0x07, 0x00, 0xe3, 0x64, 0x87, 0xfc,
	0x93, 0x02, 0x30, 0x00, 0x33, 0x04, 0x54, 0x01, 0x93, 0x92, 0x02, 0x03, 0x93, 0x07,
	0x00, 0x00, 0xb3, 0x02, 0x54, 0x00, 0x6f, 0x00, 0x00, 0x02, 0x03, 0x68, 0x22, 0x30,
	0x03, 0x67, 0x22, 0x30, 0xb3, 0x85, 0xf2, 0x00, 0x23, 0xa0, 0x05, 0x01, 0xa3, 0xaf,
	0x06, 0x1e, 0x23, 0x20, 0xe2, 0x00, 0x93, 0x87, 0x17, 0x00, 0x1b, 0x87, 0x07, 0x00,
	0xe3, 0x60, 0x17, 0xfe, 0x93, 0x07, 0x00, 0x00, 0x63, 0x14, 0xfe, 0x00, 0x6f, 0x10,
	0x80, 0x2b, 0x03, 0x67, 0x22, 0x30, 0x23, 0x20, 0xe2, 0x00, 0x9b, 0x87, 0x17, 0x00,
	0x6f, 0xf0, 0xdf, 0xfe, 0x83, 0x62, 0x22, 0x30, 0x9b, 0x82, 0x02, 0x00, 0x83, 0x38,
	0x22, 0x30, 0x03, 0x36, 0x22, 0x30, 0x13, 0x16, 0x06, 0x03, 0x13, 0x56, 0x06, 0x01,
	0x33, 0x66, 0x16, 0x01, 0xa3, 0x39, 0xc2, 0x06, 0x03, 0x36, 0x32, 0x07, 0x83, 0x6f,
	0x22, 0x30, 0x83, 0x3e, 0x22, 0x30, 0x83, 0x38, 0x22, 0x30, 0x93, 0x98, 0x08, 0x02,
	0xb3, 0xe8, 0xd8, 0x01, 0xa3, 0x39, 0x12, 0x07, 0x03, 0x3f, 0x32, 0x07, 0x93, 0x08,
	0x10, 0x00, 0x9b, 0xde, 0x0f, 0x01, 0x1b, 0x04, 0x03, 0x00, 0x63, 0x14, 0x1e, 0x01,
	0x6f, 0x20, 0x00, 0x2a, 0x93, 0x08, 0x20, 0x00, 0x63, 0x14, 0x1e, 0x01, 0x6f, 0x20,
	0xc0, 0x27, 0x93, 0x08, 0x33, 0x00, 0x93, 0xd8, 0x28, 0x00, 0x83, 0x60, 0x22, 0x30,
	0x83, 0x63, 0x22, 0x30, 0x03, 0x3e, 0xa2, 0x00, 0x3b, 0x84, 0x86, 0x00, 0x13, 0x1e,
	0xfe, 0x02, 0xb3, 0x06, 0xb8, 0x00, 0x93, 0x15, 0x04, 0x02, 0x13, 0x5e, 0xfe, 0x43,
	0x93, 0xd5, 0x05, 0x02, 0xb3, 0x86, 0xb6, 0x00, 0x93, 0x75, 0x3e, 0x00, 0xb3, 0x86,
	0xb6, 0x00, 0xb3, 0xf6, 0xc6, 0x01, 0x23, 0x34, 0x02, 0x02, 0xa3, 0x2c, 0x02, 0x00,
	0x03, 0x20, 0x42, 0x31, 0xb7, 0x05, 0x01, 0xc0, 0x1b, 0x88, 0xa8, 0x00, 0x93, 0x85,
	0xf5, 0xff, 0x33, 0xf7, 0xe5, 0x00, 0x9b, 0x15, 0x08, 0x01, 0x33, 0x67, 0xb7, 0x00,
	0x23, 0x20, 0xe2, 0x00, 0x23, 0x20, 0xf2, 0x00, 0x23, 0x20, 0xa2, 0x00, 0x23, 0x20,
	0x52, 0x01, 0x23, 0x20, 0xf2, 0x01, 0x23, 0x20, 0xe2, 0x01, 0x13, 0x5f, 0x0f, 0x02,
	0x23, 0x20, 0xe2, 0x01, 0x23, 0x20, 0x12, 0x00, 0x23, 0x20, 0x72, 0x00, 0x03, 0x67,
	0x22, 0x30, 0x83, 0x67, 0x22, 0x30, 0x37, 0x88, 0xff, 0xff, 0x33, 0x88, 0x0b, 0x01,
	0x23, 0x28, 0xe8, 0x66, 0xa3, 0x2f, 0x02, 0x1e, 0x23, 0x20, 0xf2, 0x00, 0x93, 0x07,
	0x00, 0x00, 0x63, 0x94, 0xf8, 0x00, 0x6f, 0x10, 0x80, 0x00, 0x03, 0x67, 0x22, 0x30,
	0x23, 0x20, 0xe2, 0x00, 0x9b, 0x87, 0x17, 0x00, 0x6f, 0xf0, 0xdf, 0xfe, 0x1b, 0x0f,
	0x0f, 0x00, 0x9b, 0x8e, 0x0e, 0x00, 0x83, 0x68, 0x22, 0x30, 0x9b, 0x89, 0x08, 0x00,
	0x83, 0x3f, 0x22, 0x30, 0x83, 0x38, 0x22, 0x30, 0x93, 0x98, 0x08, 0x03, 0x93, 0xd8,
	0x08, 0x01, 0xb3, 0xe8, 0xf8, 0x01, 0xa3, 0x39, 0x12, 0x07, 0x83, 0x38, 0x32, 0x07,
	0x83, 0x64, 0x22, 0x30, 0x83, 0x32, 0x22, 0x30, 0x83, 0x3f, 0x22, 0x30, 0x93, 0x9f,
	0x0f, 0x02, 0xb3, 0xef, 0x5f, 0x00, 0xa3, 0x39, 0xf2, 0x07, 0x83, 0x3f, 0x32, 0x07,
	0x9b, 0xd3, 0x04, 0x01, 0x23, 0x34, 0x71, 0x00, 0x93, 0x02, 0x10, 0x00, 0x9b, 0x03,
	0x03, 0x00, 0x63, 0x14, 0x5e, 0x00, 0x6f, 0x20, 0x00, 0x13, 0x93, 0x02, 0x20, 0x00,
	0x63, 0x14, 0x5e, 0x00, 0x6f, 0x20, 0x40, 0x0f, 0x93, 0x80, 0x15, 0x00, 0x93, 0x02,
	0x1f, 0x00, 0x13, 0x84, 0x1e, 0x00, 0x13, 0x0e, 0x33, 0x00, 0x93, 0xd0, 0x10, 0x00,
	0x93, 0xd2, 0x12, 0x00, 0x13, 0x54, 0x14, 0x00, 0x13, 0x5e, 0x2e, 0x00, 0x03, 0x69,
	0x22, 0x30, 0x23, 0x28, 0x21, 0x01, 0x03, 0x69, 0x22, 0x30, 0x03, 0x3a, 0xa2, 0x00,
	0xbb, 0x83, 0x76, 0x00, 0x13, 0x1a, 0xfa, 0x02, 0x93, 0x93, 0x03, 0x02, 0x13, 0x5a,
	0xfa, 0x43, 0x33, 0x06, 0xc8, 0x00, 0x93, 0xd3, 0x03, 0x02, 0x93, 0x76, 0x2a, 0x00,
	0x33, 0x06, 0x76, 0x00, 0xb3, 0x03, 0xd6, 0x00, 0xb3, 0xf3, 0x43, 0x01, 0x23, 0x34,
	0x02, 0x02, 0xa3, 0x2c, 0x02, 0x00, 0x03, 0x20, 0x42, 0x31, 0x3b, 0x86, 0x82, 0x00,
	0x3b, 0x08, 0x1e, 0x00, 0x1b, 0x08, 0x98, 0x00, 0x1b, 0x16, 0x16, 0x00, 0x3b, 0x06,
	0x06, 0x01, 0x37, 0x08, 0x01, 0xc0, 0x13, 0x08, 0xf8, 0xff, 0x33, 0x77, 0xe8, 0x00,
	0x1b, 0x16, 0x06, 0x01, 0x33, 0x67, 0xc7, 0x00, 0x23, 0x20, 0xe2, 0x00, 0x23, 0x20,
	0xf2, 0x00, 0x23, 0x20, 0xa2, 0x00, 0x23, 0x20, 0x52, 0x01, 0x23, 0x20, 0x92, 0x00,
	0x23, 0x20, 0xf2, 0x01, 0x93, 0xd7, 0x0f, 0x02, 0x23, 0x20, 0xf2, 0x00, 0x83, 0x27,
	0x01, 0x01, 0x23, 0x20, 0xf2, 0x00, 0x23, 0x20, 0x22, 0x01, 0x93, 0x07, 0x30, 0x00,
	0x93, 0x97, 0x07, 0x03, 0x13, 0x06, 0x02, 0x00, 0x93, 0x87, 0x07, 0x67, 0x6f, 0x00,
	0x40, 0x03, 0x03, 0x68, 0x22, 0x30, 0x03, 0x69, 0x22, 0x30, 0x83, 0x64, 0x22, 0x30,
	0x13, 0x18, 0x08, 0x02, 0x13, 0x97, 0x04, 0x02, 0x13, 0x58, 0x08, 0x02, 0x33, 0x67,
	0x07, 0x01, 0x23, 0xb0, 0xe7, 0x00, 0xa3, 0x2f, 0x06, 0x1e, 0x23, 0x20, 0x22, 0x01,
	0x23, 0x20, 0x92, 0x00, 0x93, 0x87, 0x17, 0x00, 0x1b, 0x87, 0x07, 0x99, 0xe3, 0x66,
	0x57, 0xfc, 0x93, 0x04, 0x30, 0x00, 0x93, 0x94, 0x04, 0x03, 0x93, 0x84, 0x04, 0x67,
	0x13, 0x8a, 0x02, 0x67, 0x93, 0x07, 0x00, 0x00, 0xb3, 0x84, 0x92, 0x00, 0x6f, 0x00,
	0x80, 0x03, 0x03, 0x68, 0x22, 0x30, 0x03, 0x69, 0x22, 0x30, 0x83, 0x62, 0x22, 0x30,
	0x13, 0x18, 0x08, 0x02, 0x13, 0x97, 0x02, 0x02, 0x13, 0x58, 0x08, 0x02, 0x33, 0x67,
	0x07, 0x01, 0x33, 0x88, 0xf4, 0x00, 0x23, 0x30, 0xe8, 0x00, 0xa3, 0x2f, 0x06, 0x1e,
	0x23, 0x20, 0x22, 0x01, 0x23, 0x20, 0x52, 0x00, 0x93, 0x87, 0x17, 0x00, 0x1b, 0x87,
	0x07, 0x00, 0xe3, 0x64, 0x87, 0xfc, 0x93, 0x04, 0x30, 0x00, 0x33, 0x04, 0x44, 0x01,
	0x93, 0x94, 0x04, 0x03, 0x93, 0x07, 0x00, 0x00, 0xb3, 0x04, 0x94, 0x00, 0x6f, 0x00,
	0x00, 0x02, 0x83, 0x62, 0x22, 0x30, 0x03, 0x67, 0x22, 0x30, 0x33, 0x88, 0xf4, 0x00,
	0x23, 0x20, 0x58, 0x00, 0xa3, 0x2f, 0x06, 0x1e, 0x23, 0x20, 0xe2, 0x00, 0x93, 0x87,
	0x17, 0x00, 0x1b, 0x87, 0x07, 0x00, 0xe3, 0x60, 0x17, 0xfe, 0x93, 0x07, 0x00, 0x00,
	0x63, 0x14, 0xfe, 0x00, 0x6f, 0x10, 0xc0, 0x2c, 0x03, 0x67, 0x22, 0x30, 0x23, 0x20,
	0xe2, 0x00, 0x9b, 0x87, 0x17, 0x00, 0x6f, 0xf0, 0xdf, 0xfe, 0x1b, 0x0f, 0x0f, 0x00,
	0x9b, 0x8e, 0x0e, 0x00, 0x83, 0x64, 0x22, 0x30, 0x9b, 0x84, 0x04, 0x00, 0x83, 0x38,
	0x22, 0x30, 0x03, 0x38, 0x22, 0x30, 0x13, 0x18, 0x08, 0x03, 0x13, 0x58, 0x08, 0x01,
	0x33, 0x68, 0x18, 0x01, 0xa3, 0x39, 0x02, 0x07, 0x83, 0x38, 0x32, 0x07, 0x83, 0x60,
	0x22, 0x30, 0x23, 0x24, 0x11, 0x00, 0x83, 0x3f, 0x22, 0x30, 0x03, 0x38, 0x22, 0x30,
	0x13, 0x18, 0x08, 0x02, 0x33, 0x68, 0xf8, 0x01, 0xa3, 0x39, 0x02, 0x07, 0x83, 0x3f,
	0x32, 0x07, 0x93, 0x02, 0x10, 0x00, 0x13, 0x88, 0x00, 0x00, 0x1b, 0x58, 0x08, 0x01,
	0x1b, 0x04, 0x03, 0x00, 0x63, 0x94, 0x53, 0x00, 0x6f, 0x10, 0x50, 0x6b, 0x93, 0x02,
	0x20, 0x00, 0x63, 0x94, 0x53, 0x00, 0x6f, 0x10, 0x90, 0x67, 0x13, 0x89, 0x16, 0x00,
	0x93, 0x02, 0x1f, 0x00, 0x93, 0x80, 0x1e, 0x00, 0x93, 0x03, 0x13, 0x00, 0x13, 0x59,
	0x19, 0x00, 0x93, 0xd2, 0x12, 0x00, 0x93, 0xd0, 0x10, 0x00, 0x93, 0xd3, 0x13, 0x00,
	0x03, 0x6a, 0x22, 0x30, 0x23, 0x28, 0x41, 0x01, 0x03, 0x6a, 0x22, 0x30, 0x83, 0x39,
	0xa2, 0x00, 0x3b, 0x04, 0x86, 0x00, 0x13, 0x14, 0x04, 0x02, 0x13, 0x96, 0xf9, 0x02,
	0xb3, 0x05, 0xbe, 0x00, 0x13, 0x54, 0x04, 0x02, 0x13, 0x56, 0xf6, 0x43, 0xb3, 0x85,
	0x85, 0x00, 0x33, 0x74, 0xb6, 0x00, 0x23, 0x34, 0x02, 0x02, 0x3b, 0x86, 0x12, 0x00,
	0xbb, 0x85, 0x23, 0x01, 0x9b, 0x85, 0x95, 0x00, 0x1b, 0x16, 0x16, 0x00, 0x3b, 0x06,
	0xb6, 0x00, 0xb7, 0x05, 0x01, 0xc0, 0x93, 0x85, 0xf5, 0xff, 0x33, 0xf7, 0xe5, 0x00,
	0x1b, 0x16, 0x06, 0x01, 0x33, 0x67, 0xc7, 0x00, 0x23, 0x20, 0xe2, 0x00, 0x23, 0x20,
	0xf2, 0x00, 0x23, 0x20, 0xa2, 0x00, 0x23, 0x20, 0x52, 0x01, 0x83, 0x27, 0x81, 0x00,
	0x23, 0x20, 0xf2, 0x00, 0x23, 0x20, 0xf2, 0x01, 0x93, 0xd7, 0x0f, 0x02, 0x23, 0x20,
	0xf2, 0x00, 0x83, 0x27, 0x01, 0x01, 0x23, 0x20, 0xf2, 0x00, 0x23, 0x20, 0x42, 0x01,
	0x93, 0x07, 0x30, 0x00, 0x93, 0x97, 0x07, 0x03, 0x13, 0x06, 0x02, 0x00, 0x93, 0x87,
	0x07, 0x67, 0x6f, 0x00, 0x40, 0x03, 0x83, 0x65, 0x22, 0x30, 0x83, 0x69, 0x22, 0x30,
	0x03, 0x6e, 0x22, 0x30, 0x93, 0x95, 0x05, 0x02, 0x13, 0x17, 0x0e, 0x02, 0x93, 0xd5,
	0x05, 0x02, 0x33, 0x67, 0xb7, 0x00, 0x23, 0xb0, 0xe7, 0x00, 0xa3, 0x2f, 0x06, 0x1e,
	0x23, 0x20, 0x32, 0x01, 0x23, 0x20, 0xc2, 0x01, 0x93, 0x87, 0x17, 0x00, 0x1b, 0x87,
	0x07, 0x99, 0xe3, 0x66, 0x57, 0xfc, 0x93, 0x09, 0x30, 0x00, 0x93, 0x99, 0x09, 0x03,
	0x93, 0x89, 0x09, 0x67, 0x93, 0x8a, 0x02, 0x67, 0x93, 0x07, 0x00, 0x00, 0xb3, 0x89,
	0x32, 0x01, 0x6f, 0x00, 0x80, 0x03, 0x83, 0x65, 0x22, 0x30, 0x83, 0x62, 0x22, 0x30,
	0x03, 0x6e, 0x22, 0x30, 0x93, 0x95, 0x05, 0x02, 0x13, 0x17, 0x0e, 0x02, 0x93, 0xd5,
	0x05, 0x02, 0x33, 0x67, 0xb7, 0x00, 0xb3, 0x85, 0xf9, 0x00, 0x23, 0xb0, 0xe5, 0x00,
	0xa3, 0x2f, 0x06, 0x1e, 0x23, 0x20, 0x52, 0x00, 0x23, 0x20, 0xc2, 0x01, 0x93, 0x87,
	0x17, 0x00, 0x1b, 0x87, 0x07, 0x00, 0xe3, 0x64, 0x17, 0xfc, 0x93, 0x02, 0x30, 0x00,
	0xb3, 0x80, 0x50, 0x01, 0x93, 0x92, 0x02, 0x03, 0x93, 0x07, 0x00, 0x00, 0xb3, 0x82,
	0x50, 0x00, 0x6f, 0x00, 0x00, 0x02, 0x03, 0x6e, 0x22, 0x30, 0x03, 0x67, 0x22, 0x30,
	0xb3, 0x85, 0xf2, 0x00, 0x23, 0xa0, 0xc5, 0x01, 0xa3, 0x2f, 0x06, 0x1e, 0x23, 0x20,
	0xe2, 0x00, 0x93, 0x87, 0x17, 0x00, 0x1b, 0x87, 0x07, 0x00, 0xe3, 0x60, 0x27, 0xff,
	0x93, 0x07, 0x00, 0x00, 0xe3, 0x80, 0xf3, 0x16, 0x03, 0x67, 0x22, 0x30, 0x23, 0x20,
	0xe2, 0x00, 0x9b, 0x87, 0x17, 0x00, 0x6f, 0xf0, 0x1f, 0xff, 0x1b, 0x0f, 0x0f, 0x00,
	0x9b, 0x8e, 0x0e, 0x00, 0x03, 0x63, 0x22, 0x30, 0x1b, 0x03, 0x03, 0x00, 0x23, 0x34,
	0x61, 0x00, 0x03, 0x3e, 0x22, 0x30, 0x03, 0x33, 0x22, 0x30, 0x13, 0x13, 0x03, 0x03,
	0x13, 0x53, 0x03, 0x01, 0x33, 0x63, 0xc3, 0x01, 0xa3, 0x39, 0x62, 0x06, 0x03, 0x33,
	0x32, 0x07, 0x83, 0x64, 0x22, 0x30, 0x83, 0x32, 0x22, 0x30, 0x03, 0x3e, 0x22, 0x30,
	0x13, 0x1e, 0x0e, 0x02, 0x33, 0x6e, 0x5e, 0x00, 0xa3, 0x39, 0xc2, 0x07, 0x83, 0x32,
	0x32, 0x07, 0x9b, 0xd3, 0x04, 0x01, 0x23, 0x38, 0x71, 0x00, 0x13, 0x0e, 0x10, 0x00,
	0x9b, 0x83, 0x08, 0x00, 0x63, 0x94, 0xcf, 0x01, 0x6f, 0x10, 0xd0, 0x65, 0x13, 0x0e,
	0x20, 0x00, 0x63, 0x94, 0xcf, 0x01, 0x6f, 0x10, 0x10, 0x62, 0x93, 0x80, 0x16, 0x00,
	0x93, 0x0f, 0x1f, 0x00, 0x13, 0x84, 0x1e, 0x00, 0x13, 0x8e, 0x38, 0x00, 0x93, 0xd0,
	0x10, 0x00, 0x93, 0xdf, 0x1f, 0x00, 0x13, 0x54, 0x14, 0x00, 0x13, 0x5e, 0x2e, 0x00,
	0x83, 0x69, 0x22, 0x30, 0x03, 0x69, 0x22, 0x30, 0x03, 0x3a, 0xa2, 0x00, 0xbb, 0x03,
	0x76, 0x00, 0x13, 0x1a, 0xfa, 0x02, 0x93, 0x93, 0x03, 0x02, 0x13, 0x5a, 0xfa, 0x43,
	0xb3, 0x05, 0xb8, 0x00, 0x93, 0xd3, 0x03, 0x02, 0x13, 0x76, 0x2a, 0x00, 0xb3, 0x85,
	0x75, 0x00, 0xb3, 0x83, 0xc5, 0x00, 0xb3, 0xf3, 0x43, 0x01, 0x23, 0x34, 0x02, 0x02,
	0xa3, 0x2c, 0x02, 0x00, 0x03, 0x20, 0x42, 0x31, 0xbb, 0x85, 0x8f, 0x00, 0x3b, 0x08,
	0x1e, 0x00, 0x1b, 0x08, 0x98, 0x00, 0x9b, 0x95, 0x15, 0x00, 0xbb, 0x85, 0x05, 0x01,
	0x37, 0x08, 0x01, 0xc0, 0x13, 0x08, 0xf8, 0xff, 0x33, 0x77, 0xe8, 0x00, 0x9b, 0x95,
	0x05, 0x01, 0x33, 0x67, 0xb7, 0x00, 0x23, 0x20, 0xe2, 0x00, 0x23, 0x20, 0xf2, 0x00,
	0x23, 0x20, 0xa2, 0x00, 0x23, 0x20, 0x52, 0x01, 0x23, 0x20, 0x92, 0x00, 0x23, 0x20,
	0x52, 0x00, 0x93, 0xd7, 0x02, 0x02, 0x23, 0x20, 0xf2, 0x00, 0x23, 0x20, 0x32, 0x01,
	0x23, 0x20, 0x22, 0x01, 0x93, 0x07, 0x30, 0x00, 0x93, 0x97, 0x07, 0x03, 0x93, 0x05,
	0x02, 0x00, 0x93, 0x87, 0x07, 0x67, 0x6f, 0x00, 0x40, 0x03, 0x03, 0x68, 0x22, 0x30,
	0x03, 0x69, 0x22, 0x30, 0x83, 0x64, 0x22, 0x30, 0x13, 0x18, 0x08, 0x02, 0x13, 0x97,
	0x04, 0x02, 0x13, 0x58, 0x08, 0x02, 0x33, 0x67, 0x07, 0x01, 0x23, 0xb0, 0xe7, 0x00,
	0xa3, 0xaf, 0x05, 0x1e, 0x23, 0x20, 0x22, 0x01, 0x23, 0x20, 0x92, 0x00, 0x93, 0x87,
	0x17, 0x00, 0x1b, 0x87, 0x07, 0x99, 0xe3, 0x66, 0xf7, 0xfd, 0x93, 0x04, 0x30, 0x00,
	0x93, 0x94, 0x04, 0x03, 0x93, 0x84, 0x04, 0x67, 0x93, 0x8a, 0x0f, 0x67, 0x93, 0x07,
	0x00, 0x00, 0xb3, 0x84, 0x9f, 0x00, 0x6f, 0x00, 0x80, 0x03, 0x03, 0x68, 0x22, 0x30,
	0x03, 0x69, 0x22, 0x30, 0x83, 0x6f, 0x22, 0x30, 0x13, 0x18, 0x08, 0x02, 0x13, 0x97,
	0x0f, 0x02, 0x13, 0x58, 0x08, 0x02, 0x33, 0x67, 0x07, 0x01, 0x33, 0x88, 0xf4, 0x00,
	0x23, 0x30, 0xe8, 0x00, 0xa3, 0xaf, 0x05, 0x1e, 0x23, 0x20, 0x22, 0x01, 0x23, 0x20,
	0xf2, 0x01, 0x93, 0x87, 0x17, 0x00, 0x1b, 0x87, 0x07, 0x00, 0xe3, 0x64, 0x87, 0xfc,
	0x93, 0x04, 0x30, 0x00, 0x33, 0x04, 0x54, 0x01, 0x93, 0x94, 0x04, 0x03, 0x93, 0x07,
	0x00, 0x00, 0xb3, 0x04, 0x94, 0x00, 0x6f, 0x00, 0x00, 0x02, 0x83, 0x6f, 0x22, 0x30,
	0x03, 0x67, 0x22, 0x30, 0x33, 0x88, 0xf4, 0x00, 0x23, 0x20, 0xf8, 0x01, 0xa3, 0xaf,
	0x05, 0x1e, 0x23, 0x20, 0xe2, 0x00, 0x93, 0x87, 0x17, 0x00, 0x1b, 0x87, 0x07, 0x00,
	0xe3, 0x60, 0x17, 0xfe, 0x93, 0x07, 0x00, 0x00, 0xe3, 0x0a, 0xfe, 0x4a, 0x03, 0x67,
	0x22, 0x30, 0x23, 0x20, 0xe2, 0x00, 0x9b, 0x87, 0x17, 0x00, 0x6f, 0xf0, 0x1f, 0xff,
	0x83, 0x68, 0x22, 0x30, 0x9b, 0x8e, 0x08, 0x00, 0x83, 0x38, 0x22, 0x30, 0x03, 0x36,
	0x22, 0x30, 0x13, 0x16, 0x06, 0x03, 0x13, 0x56, 0x06, 0x01, 0x33, 0x66, 0x16, 0x01,
	0xa3, 0x39, 0xc2, 0x06, 0x03, 0x36, 0x32, 0x07, 0x83, 0x62, 0x22, 0x30, 0x03, 0x3f,
	0x22, 0x30, 0x83, 0x38, 0x22, 0x30, 0x93, 0x98, 0x08, 0x02, 0xb3, 0xe8, 0xe8, 0x01,
	0xa3, 0x39, 0x12, 0x07, 0x83, 0x3f, 0x32, 0x07, 0x93, 0x08, 0x10, 0x00, 0x1b, 0xdf,
	0x02, 0x01, 0x1b, 0x04, 0x03, 0x00, 0x63, 0x14, 0x1e, 0x01, 0x6f, 0x10, 0x10, 0x41,
	0x93, 0x08, 0x20, 0x00, 0x63, 0x14, 0x1e, 0x01, 0x6f, 0x10, 0xd0, 0x3e, 0x93, 0x08,
	0x33, 0x00, 0x93, 0xd8, 0x28, 0x00, 0x83, 0x60, 0x22, 0x30, 0x83, 0x63, 0x22, 0x30,
	0x83, 0x34, 0xa2, 0x00, 0xbb, 0x86, 0x86, 0x00, 0x93, 0x94, 0xf4, 0x02, 0x93, 0xd4,
	0xf4, 0x43, 0x93, 0x96, 0x06, 0x02, 0x13, 0xfe, 0x34, 0x00, 0x93, 0xd6, 0x06, 0x02,
	0x33, 0x0e, 0xde, 0x00, 0xb3, 0x06, 0xb8, 0x00, 0x33, 0x7e, 0x9e, 0x00, 0xb3, 0xf6,
	0x96, 0x00, 0x23, 0x34, 0xd2, 0x02, 0xa3, 0x2c, 0x02, 0x00, 0x03, 0x20, 0x42, 0x31,
	0xb7, 0x06, 0x01, 0xc0, 0x9b, 0x85, 0x98, 0x00, 0x93, 0x86, 0xf6, 0xff, 0x33, 0xf7,
	0xe6, 0x00, 0x9b, 0x96, 0x05, 0x01, 0x33, 0x67, 0xd7, 0x00, 0x23, 0x20, 0xe2, 0x00,
	0x23, 0x20, 0xf2, 0x00, 0x23, 0x20, 0xa2, 0x00, 0x23, 0x20, 0x52, 0x01, 0x23, 0x20,
	0x52, 0x00, 0x23, 0x20, 0xf2, 0x01, 0x93, 0xdf, 0x0f, 0x02, 0x23, 0x20, 0xf2, 0x01,
	0x23, 0x20, 0x12, 0x00, 0x23, 0x20, 0x72, 0x00, 0x93, 0x07, 0x00, 0x00, 0xe3, 0x84,
	0xf8, 0x14, 0x03, 0x67, 0x22, 0x30, 0x23, 0x20, 0xe2, 0x00, 0x9b, 0x87, 0x17, 0x00,
	0x6f, 0xf0, 0x1f, 0xff, 0x83, 0x6e, 0x22, 0x30, 0x9b, 0x8e, 0x0e, 0x00, 0x83, 0x38,
	0x22, 0x30, 0x83, 0x35, 0x22, 0x30, 0x93, 0x95, 0x05, 0x03, 0x93, 0xd5, 0x05, 0x01,
	0xb3, 0xe5, 0x15, 0x01, 0xa3, 0x39, 0xb2, 0x06, 0x83, 0x35, 0x32, 0x07, 0x83, 0x63,
	0x22, 0x30, 0x03, 0x3f, 0x22, 0x30, 0x83, 0x38, 0x22, 0x30, 0x93, 0x98, 0x08, 0x02,
	0xb3, 0xe8, 0xe8, 0x01, 0xa3, 0x39, 0x12, 0x07, 0x83, 0x32, 0x32, 0x07, 0x93, 0x08,
	0x10, 0x00, 0x1b, 0xdf, 0x03, 0x01, 0x9b, 0x0f, 0x03, 0x00, 0x63, 0x14, 0x1e, 0x01,
	0x6f, 0x10, 0x50, 0x2e, 0x93, 0x08, 0x20, 0x00, 0x63, 0x14, 0x1e, 0x01, 0x6f, 0x10,
	0x10, 0x2c, 0x93, 0x08, 0x33, 0x00, 0x93, 0xd8, 0x28, 0x00, 0x03, 0x64, 0x22, 0x30,
	0x83, 0x60, 0x22, 0x30, 0x83, 0x34, 0xa2, 0x00, 0xbb, 0x86, 0xf6, 0x01, 0x93, 0x94,
	0xf4, 0x02, 0x93, 0xd4, 0xf4, 0x43, 0x93, 0x96, 0x06, 0x02, 0x13, 0xfe, 0x24, 0x00,
	0x93, 0xd6, 0x06, 0x02, 0xb3, 0x86, 0xc6, 0x01, 0x33, 0x06, 0xc8, 0x00, 0xb3, 0xf6,
	0x96, 0x00, 0x33, 0x76, 0x96, 0x00, 0x23, 0x34, 0xc2, 0x02, 0xa3, 0x2c, 0x02, 0x00,
	0x03, 0x20, 0x42, 0x31, 0x37, 0x06, 0x01, 0xc0, 0x1b, 0x88, 0x98, 0x00, 0x13, 0x06,
	0xf6, 0xff, 0x33, 0x77, 0xe6, 0x00, 0x1b, 0x16, 0x08, 0x01, 0x33, 0x67, 0xc7, 0x00,
	0x23, 0x20, 0xe2, 0x00, 0x23, 0x20, 0xf2, 0x00, 0x23, 0x20, 0xa2, 0x00, 0x23, 0x20,
	0x52, 0x01, 0x23, 0x20, 0x72, 0x00, 0x23, 0x20, 0x52, 0x00, 0x93, 0xd2, 0x02, 0x02,
	0x23, 0x20, 0x52, 0x00, 0x23, 0x20, 0x82, 0x00, 0x23, 0x20, 0x12, 0x00, 0x93, 0x07,
	0x00, 0x00, 0xe3, 0x8e, 0xf8, 0x60, 0x03, 0x67, 0x22, 0x30, 0x23, 0x20, 0xe2, 0x00,
	0x9b, 0x87, 0x17, 0x00, 0x6f, 0xf0, 0x1f, 0xff, 0x83, 0x68, 0x22, 0x30, 0x9b, 0x88,
	0x08, 0x00, 0x03, 0x38, 0x22, 0x30, 0x83, 0x36, 0x22, 0x30, 0x93, 0x96, 0x06, 0x03,
	0x93, 0xd6, 0x06, 0x01, 0xb3, 0xe6, 0x06, 0x01, 0xa3, 0x39, 0xd2, 0x06, 0x83, 0x36,
	0x32, 0x07, 0x83, 0x62, 0x22, 0x30, 0x83, 0x3e, 0x22, 0x30, 0x03, 0x38, 0x22, 0x30,
	0x13, 0x18, 0x08, 0x02, 0x33, 0x68, 0xd8, 0x01, 0xa3, 0x39, 0x02, 0x07, 0x83, 0x3f,
	0x32, 0x07, 0x13, 0x08, 0x10, 0x00, 0x9b, 0xde, 0x02, 0x01, 0x1b, 0x04, 0x03, 0x00,
	0x63, 0x94, 0x03, 0x01, 0x6f, 0x10, 0xd0, 0x1b, 0x13, 0x08, 0x20, 0x00, 0x63, 0x94,
	0x03, 0x01, 0x6f, 0x10, 0x90, 0x19, 0x13, 0x08, 0x13, 0x00, 0x13, 0x58, 0x18, 0x00,
	0x83, 0x60, 0x22, 0x30, 0x83, 0x63, 0x22, 0x30, 0x03, 0x3f, 0xa2, 0x00, 0x3b, 0x06,
	0x86, 0x00, 0x13, 0x1f, 0xff, 0x02, 0x13, 0x16, 0x06, 0x02, 0x13, 0x5f, 0xff, 0x43,
	0xb3, 0x05, 0xbe, 0x00, 0x13, 0x56, 0x06, 0x02, 0x33, 0x76, 0xe6, 0x01, 0xb3, 0xf5,
	0xe5, 0x01, 0x23, 0x34, 0xb2, 0x02, 0xb7, 0x05, 0x01, 0xc0, 0x1b, 0x0e, 0x98, 0x00,
	0x93, 0x85, 0xf5, 0xff, 0x33, 0xf7, 0xe5, 0x00, 0x9b, 0x15, 0x0e, 0x01, 0x33, 0x67,
	0xb7, 0x00, 0x23, 0x20, 0xe2, 0x00, 0x23, 0x20, 0xf2, 0x00, 0x23, 0x20, 0xa2, 0x00,
	0x23, 0x20, 0x52, 0x01, 0x23, 0x20, 0x52, 0x00, 0x23, 0x20, 0xf2, 0x01, 0x93, 0xdf,
	0x0f, 0x02, 0x23, 0x20, 0xf2, 0x01, 0x23, 0x20, 0x12, 0x00, 0x23, 0x20, 0x72, 0x00,
	0x93, 0x07, 0x00, 0x00, 0x63, 0x06, 0xf8, 0x5c, 0x03, 0x67, 0x22, 0x30, 0x23, 0x20,
	0xe2, 0x00, 0x9b, 0x87, 0x17, 0x00, 0x6f, 0xf0, 0x1f, 0xff, 0x83, 0x6e, 0x22, 0x30,
	0x9b, 0x8e, 0x0e, 0x00, 0x03, 0x33, 0x22, 0x30, 0x83, 0x36, 0x22, 0x30, 0x93, 0x96,
	0x06, 0x03, 0x93, 0xd6, 0x06, 0x01, 0xb3, 0xe6, 0x66, 0x00, 0xa3, 0x39, 0xd2, 0x06,
	0x83, 0x36, 0x32, 0x07, 0x83, 0x63, 0x22, 0x30, 0x03, 0x3e, 0x22, 0x30, 0x03, 0x33,
	0x22, 0x30, 0x13, 0x13, 0x03, 0x02, 0x33, 0x63, 0xc3, 0x01, 0xa3, 0x39, 0x62, 0x06,
	0x83, 0x32, 0x32, 0x07, 0x13, 0x03, 0x10, 0x00, 0x1b, 0xdf, 0x03, 0x01, 0x1b, 0x8e,
	0x08, 0x00, 0x63, 0x94, 0x6f, 0x00, 0x6f, 0x10, 0x10, 0x1c, 0x13, 0x03, 0x20, 0x00,
	0x63, 0x94, 0x6f, 0x00, 0x6f, 0x10, 0xd0, 0x19, 0x13, 0x83, 0x38, 0x00, 0x13, 0x53,
	0x23, 0x00, 0x83, 0x60, 0x22, 0x30, 0x83, 0x6f, 0x22, 0x30, 0x03, 0x34, 0xa2, 0x00,
	0x3b, 0x06, 0xc6, 0x01, 0x13, 0x14, 0xf4, 0x02, 0x13, 0x54, 0xf4, 0x43, 0x13, 0x16,
	0x06, 0x02, 0x13, 0x7e, 0x24, 0x00, 0x13, 0x56, 0x06, 0x02, 0x33, 0x06, 0xc6, 0x01,
	0xb3, 0x05, 0xb8, 0x00, 0x33, 0x76, 0x86, 0x00, 0xb3, 0xf5, 0x85, 0x00, 0x23, 0x34,
	0xb2, 0x02, 0xa3, 0x2c, 0x02, 0x00, 0x03, 0x20, 0x42, 0x31, 0xb7, 0x05, 0x01, 0xc0,
	0x1b, 0x08, 0x93, 0x00, 0x93, 0x85, 0xf5, 0xff, 0x33, 0xf7, 0xe5, 0x00, 0x9b, 0x15,
	0x08, 0x01, 0x33, 0x67, 0xb7, 0x00, 0x23, 0x20, 0xe2, 0x00, 0x23, 0x20, 0xf2, 0x00,
	0x23, 0x20, 0xa2, 0x00, 0x23, 0x20, 0x52, 0x01, 0x23, 0x20, 0x72, 0x00, 0x23, 0x20,
	0x52, 0x00, 0x93, 0xd2, 0x02, 0x02, 0x23, 0x20, 0x52, 0x00, 0x23, 0x20, 0x12, 0x00,
	0x23, 0x20, 0xf2, 0x01, 0x93, 0x07, 0x00, 0x00, 0xe3, 0x0c, 0xf3, 0x22, 0x03, 0x67,
	0x22, 0x30, 0x23, 0x20, 0xe2, 0x00, 0x9b, 0x87, 0x17, 0x00, 0x6f, 0xf0, 0x1f, 0xff,
	0x03, 0x6f, 0x22, 0x30, 0x1b, 0x0f, 0x0f, 0x00, 0x83, 0x38, 0x22, 0x30, 0x83, 0x35,
	0x22, 0x30, 0x93, 0x95, 0x05, 0x03, 0x93, 0xd5, 0x05, 0x01, 0xb3, 0xe5, 0x15, 0x01,
	0xa3, 0x39, 0xb2, 0x06, 0x83, 0x35, 0x32, 0x07, 0x83, 0x62, 0x22, 0x30, 0x83, 0x3e,
	0x22, 0x30, 0x83, 0x38, 0x22, 0x30, 0x93, 0x98, 0x08, 0x02, 0xb3, 0xe8, 0xd8, 0x01,
	0xa3, 0x39, 0x12, 0x07, 0x83, 0x3f, 0x32, 0x07, 0x93, 0x08, 0x10, 0x00, 0x9b, 0xde,
	0x02, 0x01, 0x1b, 0x04, 0x03, 0x00, 0x63, 0x14, 0x1e, 0x01, 0x6f, 0x10, 0x90, 0x0e,
	0x93, 0x08, 0x20, 0x00, 0x63, 0x14, 0x1e, 0x01, 0x6f, 0x10, 0x40, 0x5e, 0x93, 0x08,
	0x33, 0x00, 0x93, 0xd8, 0x28, 0x00, 0x83, 0x63, 0x22, 0x30, 0x03, 0x6e, 0x22, 0x30,
	0x83, 0x30, 0xa2, 0x00, 0x3b, 0x84, 0x86, 0x00, 0x93, 0x90, 0xf0, 0x02, 0xb3, 0x06,
	0xc8, 0x00, 0x13, 0x16, 0x04, 0x02, 0x93, 0xd0, 0xf0, 0x43, 0x13, 0x56, 0x06, 0x02,
	0x13, 0xf8, 0x20, 0x00, 0xb3, 0x86, 0xc6, 0x00, 0xb3, 0x86, 0x06, 0x01, 0xb3, 0xf6,
	0x16, 0x00, 0x23, 0x34, 0x02, 0x02, 0xa3, 0x2c, 0x02, 0x00, 0x03, 0x20, 0x42, 0x31,
	0x37, 0x06, 0x01, 0xc0, 0x9b, 0x80, 0xa8, 0x00, 0x13, 0x06, 0xf6, 0xff, 0x33, 0x77,
	0xe6, 0x00, 0x1b, 0x96, 0x00, 0x01, 0x33, 0x67, 0xc7, 0x00, 0x23, 0x20, 0xe2, 0x00,
	0x23, 0x20, 0xf2, 0x00, 0x23, 0x20, 0xa2, 0x00, 0x23, 0x20, 0x52, 0x01, 0x23, 0x20,
	0x52, 0x00, 0x23, 0x20, 0xf2, 0x01, 0x93, 0xdf, 0x0f, 0x02, 0x23, 0x20, 0xf2, 0x01,
	0x23, 0x20, 0x72, 0x00, 0x23, 0x20, 0xc2, 0x01, 0x03, 0x67, 0x22, 0x30, 0x83, 0x67,
	0x22, 0x30, 0x37, 0x8e, 0xff, 0xff, 0x33, 0x8e, 0xcb, 0x01, 0x23, 0x28, 0xee, 0x66,
	0xa3, 0x2f, 0x02, 0x1e, 0x23, 0x20, 0xf2, 0x00, 0x93, 0x07, 0x00, 0x00, 0x63, 0x84,
	0xf8, 0x5a, 0x03, 0x67, 0x22, 0x30, 0x23, 0x20, 0xe2, 0x00, 0x9b, 0x87, 0x17, 0x00,
	0x6f, 0xf0, 0x1f, 0xff, 0x83, 0x62, 0x22, 0x30, 0x9b, 0x82, 0x02, 0x00, 0x03, 0x38,
	0x22, 0x30, 0x83, 0x36, 0x22, 0x30, 0x93, 0x96, 0x06, 0x03, 0x93, 0xd6, 0x06, 0x01,
	0xb3, 0xe6, 0x06, 0x01, 0xa3, 0x39, 0xd2, 0x06, 0x83, 0x36, 0x32, 0x07, 0x83, 0x6f,
	0x22, 0x30, 0x83, 0x38, 0x22, 0x30, 0x03, 0x38, 0x22, 0x30, 0x13, 0x18, 0x08, 0x02,
	0x33, 0x68, 0x18, 0x01, 0xa3, 0x39, 0x02, 0x07, 0x03, 0x3f, 0x32, 0x07, 0x13, 0x08,
	0x10, 0x00, 0x9b, 0xde, 0x0f, 0x01, 0x9b, 0x08, 0x03, 0x00, 0x63, 0x94, 0x03, 0x01,
	0x6f, 0x10, 0x80, 0x7f, 0x13, 0x08, 0x20, 0x00, 0x63, 0x94, 0x03, 0x01, 0x6f, 0x10,
	0x40, 0x7d, 0x13, 0x08, 0x13, 0x00, 0x13, 0x58, 0x18, 0x00, 0x83, 0x60, 0x22, 0x30,
	0x83, 0x63, 0x22, 0x30, 0x03, 0x34, 0xa2, 0x00, 0xbb, 0x08, 0x16, 0x01, 0x93, 0x98,
	0x08, 0x02, 0x13, 0x16, 0xf4, 0x02, 0xb3, 0x05, 0xbe, 0x00, 0x93, 0xd8, 0x08, 0x02,
	0xb3, 0x85, 0x15, 0x01, 0x13, 0x56, 0xf6, 0x43, 0x33, 0x76, 0xb6, 0x00, 0x23, 0x34,
	0x02, 0x02, 0xb7, 0x05, 0x01, 0xc0, 0x9b, 0x08, 0xa8, 0x00, 0x93, 0x85, 0xf5, 0xff,
	0x33, 0xf7, 0xe5, 0x00, 0x9b, 0x95, 0x08, 0x01, 0x33, 0x67, 0xb7, 0x00, 0x23, 0x20,
	0xe2, 0x00, 0x23, 0x20, 0xf2, 0x00, 0x23, 0x20, 0xa2, 0x00, 0x23, 0x20, 0x52, 0x01,
	0x23, 0x20, 0xf2, 0x01, 0x23, 0x20, 0xe2, 0x01, 0x13, 0x5f, 0x0f, 0x02, 0x23, 0x20,
	0xe2, 0x01, 0x23, 0x20, 0x12, 0x00, 0x23, 0x20, 0x72, 0x00, 0x03, 0x67, 0x22, 0x30,
	0x83, 0x67, 0x22, 0x30, 0xb7, 0x88, 0xff, 0xff, 0xb3, 0x88, 0x1b, 0x01, 0x23, 0xa8,
	0xe8, 0x66, 0xa3, 0x2f, 0x02, 0x1e, 0x23, 0x20, 0xf2, 0x00, 0x93, 0x07, 0x00, 0x00,
	0xe3, 0x0e, 0xf8, 0x26, 0x03, 0x67, 0x22, 0x30, 0x23, 0x20, 0xe2, 0x00, 0x9b, 0x87,
	0x17, 0x00, 0x6f, 0xf0, 0x1f, 0xff, 0x03, 0x6e, 0x22, 0x30, 0x1b, 0x0e, 0x0e, 0x00,
	0x03, 0x33, 0x22, 0x30, 0x83, 0x36, 0x22, 0x30, 0x93, 0x96, 0x06, 0x03, 0x93, 0xd6,
	0x06, 0x01, 0xb3, 0xe6, 0x66, 0x00, 0xa3, 0x39, 0xd2, 0x06, 0x83, 0x36, 0x32, 0x07,
	0x83, 0x62, 0x22, 0x30, 0x83, 0x3e, 0x22, 0x30, 0x03, 0x33, 0x22, 0x30, 0x13, 0x13,
	0x03, 0x02, 0x33, 0x63, 0xd3, 0x01, 0xa3, 0x39, 0x62, 0x06, 0x03, 0x3f, 0x32, 0x07,
	0x13, 0x03, 0x10, 0x00, 0x9b, 0xde, 0x02, 0x01, 0x1b, 0x84, 0x08, 0x00, 0x63, 0x94,
	0x6f, 0x00, 0x6f, 0x10, 0xc0, 0x6a, 0x13, 0x03, 0x20, 0x00, 0x63, 0x94, 0x6f, 0x00,
	0x6f, 0x10, 0xc0, 0x65, 0x13, 0x83, 0x38, 0x00, 0x13, 0x53, 0x23, 0x00, 0x83, 0x63,
	0x22, 0x30, 0x83, 0x6f, 0x22, 0x30, 0x83, 0x30, 0xa2, 0x00, 0x3b, 0x04, 0x86, 0x00,
	0xb3, 0x05, 0xb8, 0x00, 0x93, 0x90, 0xf0, 0x02, 0x13, 0x18, 0x04, 0x02, 0x93, 0xd0,
	0xf0, 0x43, 0x13, 0x58, 0x08, 0x02, 0x13, 0xf6, 0x20, 0x00, 0xb3, 0x85, 0x05, 0x01,
	0xb3, 0x85, 0xc5, 0x00, 0xb3, 0xf5, 0x15, 0x00, 0x23, 0x34, 0x02, 0x02, 0xa3, 0x2c,
	0x02, 0x00, 0x03, 0x20, 0x42, 0x31, 0x37, 0x08, 0x01, 0xc0, 0x9b, 0x00, 0xa3, 0x00,
	0x13, 0x08, 0xf8, 0xff, 0x33, 0x77, 0xe8, 0x00, 0x1b, 0x98, 0x00, 0x01, 0x33, 0x67,
	0x07, 0x01, 0x23, 0x20, 0xe2, 0x00, 0x23, 0x20, 0xf2, 0x00, 0x23, 0x20, 0xa2, 0x00,
	0x23, 0x20, 0x52, 0x01, 0x23, 0x20, 0x52, 0x00, 0x23, 0x20, 0xe2, 0x01, 0x13, 0x5f,
	0x0f, 0x02, 0x23, 0x20, 0xe2, 0x01, 0x23, 0x20, 0x72, 0x00, 0x23, 0x20, 0xf2, 0x01,
	0x03, 0x67, 0x22, 0x30, 0x83, 0x67, 0x22, 0x30, 0x37, 0x8f, 0xff, 0xff, 0x33, 0x8f,
	0xeb, 0x01, 0x23, 0x28, 0xef, 0x66, 0xa3, 0x2f, 0x02, 0x1e, 0x23, 0x20, 0xf2, 0x00,
	0x93, 0x07, 0x00, 0x00, 0x63, 0x0a, 0xf3, 0x1e, 0x03, 0x67, 0x22, 0x30, 0x23, 0x20,
	0xe2, 0x00, 0x9b, 0x87, 0x17, 0x00, 0x6f, 0xf0, 0x1f, 0xff, 0x03, 0x69, 0x22, 0x30,
	0x1b, 0x09, 0x09, 0x00, 0x03, 0x67, 0x22, 0x30, 0x83, 0x67, 0x22, 0x30, 0x23, 0x20,
	0xe2, 0x00, 0x23, 0x20, 0xf2, 0x00, 0x93, 0x17, 0x08, 0x02, 0x93, 0x09, 0x30, 0x00,
	0x13, 0x19, 0x09, 0x02, 0x93, 0x94, 0x04, 0x02, 0x37, 0x06, 0x01, 0x00, 0x93, 0xd7,
	0x07, 0x02, 0x93, 0x03, 0x00, 0x00, 0x13, 0x59, 0x09, 0x02, 0x93, 0xd4, 0x04, 0x02,
	0x13, 0x9e, 0x09, 0x03, 0x13, 0x06, 0xf6, 0xff, 0x93, 0x02, 0x40, 0x00, 0x13, 0x7a,
	0xeb, 0x03, 0x23, 0x34, 0xf1, 0x00, 0x23, 0x34, 0x82, 0x02, 0x63, 0x0a, 0x0f, 0x04,
	0x13, 0x08, 0x00, 0x00, 0x13, 0x0b, 0x00, 0x67, 0x93, 0x05, 0x00, 0x00, 0x93, 0xf7,
	0x15, 0x00, 0x63, 0x98, 0x07, 0x00, 0x33, 0x07, 0xcb, 0x01, 0x03, 0x38, 0x07, 0x00,
	0x13, 0x0b, 0x1b, 0x00, 0x13, 0x97, 0x47, 0x00, 0x33, 0x57, 0xe8, 0x00, 0x33, 0x77,
	0xc7, 0x00, 0x9b, 0x97, 0x47, 0x00, 0x33, 0x07, 0xf7, 0x01, 0xa3, 0x31, 0xe2, 0x00,
	0x9b, 0x87, 0x07, 0x02, 0xb3, 0x57, 0xf8, 0x00, 0xb3, 0xf7, 0xc7, 0x00, 0xa3, 0x31,
	0xf2, 0x00, 0x9b, 0x85, 0x15, 0x00, 0xe3, 0x10, 0xbf, 0xfc, 0x63, 0x8a, 0x0e, 0x04,
	0x13, 0x8b, 0x0a, 0x00, 0x13, 0x08, 0x00, 0x00, 0x93, 0x05, 0x00, 0x00, 0x93, 0xf7,
	0x15, 0x00, 0x63, 0x98, 0x07, 0x00, 0x33, 0x07, 0xcb, 0x01, 0x03, 0x38, 0x07, 0x00,
	0x13, 0x0b, 0x1b, 0x00, 0x13, 0x97, 0x47, 0x00, 0x33, 0x57, 0xe8, 0x00, 0x33, 0x77,
	0xc7, 0x00, 0x9b, 0x97, 0x47, 0x00, 0x33, 0x07, 0x17, 0x01, 0xa3, 0x31, 0xe2, 0x00,
	0x9b, 0x87, 0x07, 0x02, 0xb3, 0x57, 0xf8, 0x00, 0xb3, 0xf7, 0xc7, 0x00, 0xa3, 0x31,
	0xf2, 0x00, 0x9b, 0x85, 0x15, 0x00, 0xe3, 0x90, 0xbe, 0xfc, 0x63, 0x82, 0x06, 0x04,
	0x13, 0x88, 0x00, 0x00, 0x93, 0x05, 0x00, 0x00, 0x13, 0x07, 0x00, 0x00, 0x93, 0x77,
	0x17, 0x00, 0x63, 0x98, 0x07, 0x00, 0xb3, 0x05, 0xc8, 0x01, 0x83, 0xb5, 0x05, 0x00,
	0x13, 0x08, 0x18, 0x00, 0x9b, 0x97, 0x47, 0x00, 0xb3, 0xd7, 0xf5, 0x00, 0xb3, 0xf7,
	0xc7, 0x00, 0xb3, 0x87, 0x17, 0x01, 0xa3, 0x31, 0xf2, 0x00, 0xa3, 0x31, 0x52, 0x00,
	0x1b, 0x07, 0x17, 0x00, 0xe3, 0x98, 0xe6, 0xfc, 0x63, 0x0a, 0x0a, 0x00, 0x83, 0x37,
	0x81, 0x00, 0xb3, 0x87, 0x17, 0x01, 0xa3, 0x31, 0xf2, 0x00, 0xa3, 0x31, 0x62, 0x00,
	0xb3, 0x07, 0x19, 0x01, 0xa3, 0x31, 0xf2, 0x00, 0xa3, 0x31, 0x32, 0x01, 0x9b, 0x83,
	0x13, 0x00, 0xb3, 0x88, 0x98, 0x00, 0xe3, 0xe4, 0xa3, 0xee, 0x6f, 0xc0, 0x9f, 0xca,
	0x73, 0x10, 0x00, 0xc0, 0x83, 0x65, 0x22, 0x30, 0x9b, 0x85, 0x05, 0x00, 0x03, 0x67,
	0x22, 0x30, 0x83, 0x67, 0x22, 0x30, 0x23, 0x20, 0xe2, 0x00, 0x23, 0x20, 0xf2, 0x00,
	0x13, 0x9e, 0x08, 0x02, 0x93, 0x95, 0x05, 0x02, 0x93, 0x9e, 0x0e, 0x02, 0x93, 0x07,
	0x00, 0x00, 0x93, 0xd5, 0x05, 0x02, 0x13, 0x5e, 0x0e, 0x02, 0x93, 0x78, 0xeb, 0x03,
	0x93, 0xde, 0x0e, 0x02, 0x13, 0x08, 0x30, 0x00, 0x23, 0x34, 0xc2, 0x02, 0x63, 0x88,
	0x08, 0x00, 0x33, 0x87, 0xde, 0x00, 0xa3, 0x31, 0xe2, 0x00, 0xa3, 0x31, 0x62, 0x00,
	0x33, 0x87, 0xd5, 0x00, 0xa3, 0x31, 0xe2, 0x00, 0xa3, 0x31, 0x02, 0x01, 0x9b, 0x87,
	0x17, 0x00, 0xb3, 0x86, 0xc6, 0x01, 0xe3, 0xec, 0xa7, 0xfc, 0x6f, 0xf0, 0x1f, 0xf9,
	0x03, 0x63, 0x22, 0x30, 0x1b, 0x03, 0x03, 0x00, 0x03, 0x67, 0x22, 0x30, 0x83, 0x67,
	0x22, 0x30, 0x23, 0x20, 0xe2, 0x00, 0x23, 0x20, 0xf2, 0x00, 0xb7, 0x0f, 0x01, 0x00,
	0x13, 0x16, 0x46, 0x01, 0x13, 0x13, 0x03, 0x02, 0x13, 0x1e, 0x0e, 0x02, 0x93, 0x9e,
	0x0e, 0x02, 0x13, 0x68, 0x16, 0x00, 0x13, 0x07, 0x00, 0x00, 0x13, 0x53, 0x03, 0x02,
	0x13, 0x5e, 0x0e, 0x02, 0x93, 0x8f, 0xff, 0xff, 0x13, 0x06, 0x40, 0x00, 0x93, 0x72,
	0xeb, 0x03, 0x93, 0xde, 0x0e, 0x02, 0x23, 0x34, 0xb2, 0x02, 0x83, 0x37, 0x0f, 0x67,
	0xb3, 0xf7, 0xf7, 0x01, 0xb3, 0x87, 0xd7, 0x00, 0xa3, 0x31, 0xf2, 0x00, 0xa3, 0x31,
	0xc2, 0x00, 0x63, 0x88, 0x02, 0x00, 0xb3, 0x87, 0xde, 0x00, 0xa3, 0x31, 0xf2, 0x00,
	0xa3, 0x31, 0x12, 0x01, 0xb3, 0x07, 0xd3, 0x00, 0x23, 0x39, 0xf2, 0x08, 0x23, 0x39,
	0xc2, 0x08, 0x23, 0x36, 0x02, 0x03, 0x1b, 0x07, 0x17, 0x00, 0xb3, 0x86, 0xc6, 0x01,
	0xe3, 0x60, 0xa7, 0xfc, 0x6f, 0xf0, 0xdf, 0xef, 0x83, 0x65, 0x22, 0x30, 0x9b, 0x85,
	0x05, 0x00, 0x03, 0x67, 0x22, 0x30, 0x83, 0x67, 0x22, 0x30, 0x23, 0x20, 0xe2, 0x00,
	0x23, 0x20, 0xf2, 0x00, 0xb7, 0x08, 0x01, 0x00, 0x93, 0x95, 0x05, 0x02, 0x93, 0x92,
	0x02, 0x02, 0x93, 0x9e, 0x0e, 0x02, 0x13, 0x07, 0x00, 0x00, 0x93, 0xd5, 0x05, 0x02,
	0x93, 0xd2, 0x02, 0x02, 0x93, 0x88, 0xf8, 0xff, 0x93, 0x0f, 0x40, 0x00, 0x13, 0x7f,
	0xeb, 0x03, 0x93, 0xde, 0x0e, 0x02, 0x13, 0x0e, 0x30, 0x00, 0x23, 0x34, 0xd2, 0x02,
	0x83, 0x37, 0x08, 0x67, 0xb3, 0xf7, 0x17, 0x01, 0xb3, 0x87, 0xc7, 0x00, 0xa3, 0x31,
	0xf2, 0x00, 0xa3, 0x31, 0xf2, 0x01, 0x63, 0x08, 0x0f, 0x00, 0xb3, 0x87, 0xce, 0x00,
	0xa3, 0x31, 0xf2, 0x00, 0xa3, 0x31, 0x62, 0x00, 0xb3, 0x87, 0xc5, 0x00, 0xa3, 0x31,
	0xf2, 0x00, 0xa3, 0x31, 0xc2, 0x01, 0x1b, 0x07, 0x17, 0x00, 0x33, 0x06, 0x56, 0x00,
	0xe3, 0x62, 0xa7, 0xfc, 0x6f, 0xf0, 0x1f, 0xe7, 0x83, 0x66, 0x22, 0x30, 0x9b, 0x86,
	0x06, 0x00, 0x03, 0x67, 0x22, 0x30, 0x83, 0x67, 0x22, 0x30, 0x23, 0x20, 0xe2, 0x00,
	0x23, 0x20, 0xf2, 0x00, 0x93, 0x96, 0x06, 0x02, 0x93, 0x98, 0x0e, 0x02, 0x13, 0x1f,
	0x0f, 0x02, 0x93, 0x07, 0x00, 0x00, 0x93, 0xd6, 0x06, 0x02, 0x93, 0xd8, 0x08, 0x02,
	0x13, 0x78, 0xeb, 0x03, 0x13, 0x5f, 0x0f, 0x02, 0x93, 0x05, 0x30, 0x00, 0x23, 0x34,
	0xc2, 0x03, 0x63, 0x08, 0x08, 0x00, 0x33, 0x07, 0xcf, 0x00, 0xa3, 0x31, 0xe2, 0x00,
	0xa3, 0x31, 0x62, 0x00, 0x33, 0x87, 0xc6, 0x00, 0xa3, 0x31, 0xe2, 0x00, 0xa3, 0x31,
	0xb2, 0x00, 0x9b, 0x87, 0x17, 0x00, 0x33, 0x06, 0x16, 0x01, 0xe3, 0xec, 0xa7, 0xfc,
	0x6f, 0xf0, 0x5f, 0xe0, 0x83, 0x67, 0x22, 0x30, 0x9b, 0x87, 0x07, 0x00, 0x03, 0x66,
	0x22, 0x30, 0x03, 0x67, 0x22, 0x30, 0x23, 0x20, 0xc2, 0x00, 0x23, 0x20, 0xe2, 0x00,
	0xb7, 0x08, 0x01, 0x00, 0x13, 0x16, 0x48, 0x01, 0x13, 0x1f, 0x0f, 0x02, 0x13, 0x98,
	0x07, 0x02, 0x93, 0x9e, 0x0e, 0x02, 0x13, 0x66, 0x16, 0x00, 0x13, 0x07, 0x00, 0x00,
	0x13, 0x58, 0x08, 0x02, 0x13, 0x5f, 0x0f, 0x02, 0x93, 0x88, 0xf8, 0xff, 0x93, 0x03,
	0x40, 0x00, 0x93, 0x72, 0xeb, 0x03, 0x93, 0xde, 0x0e, 0x02, 0x93, 0x0f, 0x50, 0x00,
	0x23, 0x34, 0xd2, 0x02, 0x83, 0x37, 0x0e, 0x67, 0xb3, 0xf7, 0x17, 0x01, 0xb3, 0x87,
	0xb7, 0x00, 0xa3, 0x31, 0xf2, 0x00, 0xa3, 0x31, 0x72, 0x00, 0x63, 0x88, 0x02, 0x00,
	0xb3, 0x87, 0xbe, 0x00, 0xa3, 0x31, 0xf2, 0x00, 0xa3, 0x31, 0x62, 0x00, 0xb3, 0x07,
	0xb8, 0x00, 0x23, 0x39, 0xf2, 0x08, 0x23, 0x39, 0xf2, 0x09, 0xa3, 0x36, 0xc2, 0x02,
	0x1b, 0x07, 0x17, 0x00, 0xb3, 0x85, 0xe5, 0x01, 0xe3, 0x60, 0xa7, 0xfc, 0x6f, 0xf0,
	0xdf, 0xd6, 0x83, 0x64, 0x22, 0x30, 0x9b, 0x84, 0x04, 0x00, 0x03, 0x67, 0x22, 0x30,
	0x83, 0x67, 0x22, 0x30, 0x23, 0x20, 0xe2, 0x00, 0x23, 0x20, 0xf2, 0x00, 0x83, 0x67,
	0x01, 0x01, 0x13, 0x09, 0x30, 0x00, 0x93, 0x94, 0x04, 0x02, 0xb7, 0x06, 0x01, 0x00,
	0x03, 0x6a, 0x81, 0x00, 0x93, 0x00, 0x00, 0x00, 0x93, 0xd4, 0x04, 0x02, 0x13, 0x1e,
	0x09, 0x03, 0x93, 0x86, 0xf6, 0xff, 0x93, 0x02, 0x40, 0x00, 0x93, 0x79, 0xeb, 0x03,
	0x23, 0x34, 0xf1, 0x00, 0x23, 0x34, 0x72, 0x02, 0x63, 0x0a, 0x0f, 0x04, 0x13, 0x08,
	0x00, 0x00, 0x13, 0x0b, 0x00, 0x67, 0x93, 0x05, 0x00, 0x00, 0x93, 0xf7, 0x15, 0x00,
	0x63, 0x98, 0x07, 0x00, 0x33, 0x07, 0xcb, 0x01, 0x03, 0x38, 0x07, 0x00, 0x13, 0x0b,
	0x1b, 0x00, 0x13, 0x97, 0x47, 0x00, 0x33, 0x57, 0xe8, 0x00, 0x33, 0x77, 0xd7, 0x00,
	0x9b, 0x97, 0x47, 0x00, 0x33, 0x07, 0xf7, 0x01, 0xa3, 0x31, 0xe2, 0x00, 0x9b, 0x87,
	0x07, 0x02, 0xb3, 0x57, 0xf8, 0x00, 0xb3, 0xf7, 0xd7, 0x00, 0xa3, 0x31, 0xf2, 0x00,
	0x9b, 0x85, 0x15, 0x00, 0xe3, 0x10, 0xbf, 0xfc, 0x63, 0x8a, 0x0e, 0x04, 0x13, 0x8b,
	0x0a, 0x00, 0x13, 0x08, 0x00, 0x00, 0x93, 0x05, 0x00, 0x00, 0x93, 0xf7, 0x15, 0x00,
	0x63, 0x98, 0x07, 0x00, 0x33, 0x07, 0xcb, 0x01, 0x03, 0x38, 0x07, 0x00, 0x13, 0x0b,
	0x1b, 0x00, 0x13, 0x97, 0x47, 0x00, 0x33, 0x57, 0xe8, 0x00, 0x33, 0x77, 0xd7, 0x00,
	0x9b, 0x97, 0x47, 0x00, 0x33, 0x07, 0x17, 0x01, 0xa3, 0x31, 0xe2, 0x00, 0x9b, 0x87,
	0x07, 0x02, 0xb3, 0x57, 0xf8, 0x00, 0xb3, 0xf7, 0xd7, 0x00, 0xa3, 0x31, 0xf2, 0x00,
	0x9b, 0x85, 0x15, 0x00, 0xe3, 0x90, 0xbe, 0xfc, 0x63, 0x02, 0x06, 0x04, 0x13, 0x08,
	0x04, 0x00, 0x93, 0x05, 0x00, 0x00, 0x13, 0x07, 0x00, 0x00, 0x93, 0x77, 0x17, 0x00,
	0x63, 0x98, 0x07, 0x00, 0xb3, 0x05, 0xc8, 0x01, 0x83, 0xb5, 0x05, 0x00, 0x13, 0x08,
	0x18, 0x00, 0x9b, 0x97, 0x47, 0x00, 0xb3, 0xd7, 0xf5, 0x00, 0xb3, 0xf7, 0xd7, 0x00,
	0xb3, 0x87, 0x17, 0x01, 0xa3, 0x31, 0xf2, 0x00, 0xa3, 0x31, 0x52, 0x00, 0x1b, 0x07,
	0x17, 0x00, 0xe3, 0x18, 0xe6, 0xfc, 0x63, 0x8a, 0x09, 0x00, 0x83, 0x37, 0x81, 0x00,
	0xb3, 0x87, 0x17, 0x01, 0xa3, 0x31, 0xf2, 0x00, 0xa3, 0x31, 0x62, 0x00, 0xb3, 0x87,
	0x14, 0x01, 0xa3, 0x31, 0xf2, 0x00, 0xa3, 0x31, 0x22, 0x01, 0x9b, 0x80, 0x10, 0x00,
	0xb3, 0x88, 0x48, 0x01, 0xe3, 0xe4, 0xa0, 0xee, 0x6f, 0xf0, 0x5f, 0xc0, 0x03, 0x69,
	0x22, 0x30, 0x1b, 0x09, 0x09, 0x00, 0x03, 0x67, 0x22, 0x30, 0x83, 0x67, 0x22, 0x30,
	0x23, 0x20, 0xe2, 0x00, 0x23, 0x20, 0xf2, 0x00, 0x83, 0x67, 0x01, 0x01, 0x13, 0x16,
	0x46, 0x01, 0x93, 0x64, 0x16, 0x00, 0x13, 0x19, 0x09, 0x02, 0x13, 0x0e, 0x30, 0x00,
	0x37, 0x06, 0x01, 0x00, 0x03, 0x6a, 0x81, 0x00, 0x93, 0x00, 0x00, 0x00, 0x13, 0x59,
	0x09, 0x02, 0x13, 0x1e, 0x0e, 0x03, 0x13, 0x06, 0xf6, 0xff, 0x93, 0x0f, 0x40, 0x00,
	0x93, 0x79, 0xeb, 0x03, 0x23, 0x34, 0xf1, 0x00, 0x23, 0x34, 0x72, 0x02, 0x63, 0x0a,
	0x0f, 0x04, 0x13, 0x08, 0x00, 0x00, 0x13, 0x0b, 0x00, 0x67, 0x93, 0x05, 0x00, 0x00,
	0x93, 0xf7, 0x15, 0x00, 0x63, 0x98, 0x07, 0x00, 0x33, 0x07, 0xcb, 0x01, 0x03, 0x38,
	0x07, 0x00, 0x13, 0x0b, 0x1b, 0x00, 0x13, 0x97, 0x47, 0x00, 0x33, 0x57, 0xe8, 0x00,
	0x33, 0x77, 0xc7, 0x00, 0x9b, 0x97, 0x47, 0x00, 0x33, 0x07, 0x57, 0x00, 0xa3, 0x31,
	0xe2, 0x00, 0x9b, 0x87, 0x07, 0x02, 0xb3, 0x57, 0xf8, 0x00, 0xb3, 0xf7, 0xc7, 0x00,
	0xa3, 0x31, 0xf2, 0x00, 0x9b, 0x85, 0x15, 0x00, 0xe3, 0x10, 0xbf, 0xfc, 0x63, 0x8a,
	0x0e, 0x04, 0x13, 0x8b, 0x0a, 0x00, 0x13, 0x08, 0x00, 0x00, 0x93, 0x05, 0x00, 0x00,
	0x93, 0xf7, 0x15, 0x00, 0x63, 0x98, 0x07, 0x00, 0x33, 0x07, 0xcb, 0x01, 0x03, 0x38,
	0x07, 0x00, 0x13, 0x0b, 0x1b, 0x00, 0x13, 0x97, 0x47, 0x00, 0x33, 0x57, 0xe8, 0x00,
	0x33, 0x77, 0xc7, 0x00, 0x9b, 0x97, 0x47, 0x00, 0x33, 0x07, 0x67, 0x00, 0xa3, 0x31,
	0xe2, 0x00, 0x9b, 0x87, 0x07, 0x02, 0xb3, 0x57, 0xf8, 0x00, 0xb3, 0xf7, 0xc7, 0x00,
	0xa3, 0x31, 0xf2, 0x00, 0x9b, 0x85, 0x15, 0x00, 0xe3, 0x90, 0xbe, 0xfc, 0x63, 0x82,
	0x06, 0x04, 0x13, 0x08, 0x04, 0x00, 0x93, 0x05, 0x00, 0x00, 0x13, 0x07, 0x00, 0x00,
	0x93, 0x77, 0x17, 0x00, 0x63, 0x98, 0x07, 0x00, 0xb3, 0x05, 0xc8, 0x01, 0x83, 0xb5,
	0x05, 0x00, 0x13, 0x08, 0x18, 0x00, 0x9b, 0x97, 0x47, 0x00, 0xb3, 0xd7, 0xf5, 0x00,
	0xb3, 0xf7, 0xc7, 0x00, 0xb3, 0x87, 0x67, 0x00, 0xa3, 0x31, 0xf2, 0x00, 0xa3, 0x31,
	0xf2, 0x01, 0x1b, 0x07, 0x17, 0x00, 0xe3, 0x98, 0xe6, 0xfc, 0x63, 0x8a, 0x09, 0x00,
	0x83, 0x37, 0x81, 0x00, 0xb3, 0x87, 0x67, 0x00, 0xa3, 0x31, 0xf2, 0x00, 0xa3, 0x31,
	0x12, 0x01, 0xb3, 0x07, 0x69, 0x00, 0x23, 0x39, 0xf2, 0x08, 0x23, 0x39, 0xf2, 0x09,
	0x23, 0x36, 0x92, 0x02, 0x9b, 0x80, 0x10, 0x00, 0x33, 0x03, 0x43, 0x01, 0xe3, 0xe2,
	0xa0, 0xee, 0x6f, 0xf0, 0x1f, 0xa9, 0x03, 0x68, 0x22, 0x30, 0x1b, 0x08, 0x08, 0x00,
	0x03, 0x67, 0x22, 0x30, 0x83, 0x67, 0x22, 0x30, 0x23, 0x20, 0xe2, 0x00, 0x23, 0x20,
	0xf2, 0x00, 0x93, 0x15, 0x4e, 0x01, 0x13, 0x18, 0x08, 0x02, 0x93, 0x9e, 0x0e, 0x02,
	0x13, 0x1f, 0x0f, 0x02, 0x93, 0xe5, 0x15, 0x00, 0x93, 0x07, 0x00, 0x00, 0x13, 0x58,
	0x08, 0x02, 0x93, 0xde, 0x0e, 0x02, 0x13, 0x7e, 0xeb, 0x03, 0x13, 0x5f, 0x0f, 0x02,
	0x13, 0x03, 0x40, 0x00, 0x23, 0x34, 0xc2, 0x02, 0x63, 0x08, 0x0e, 0x00, 0x33, 0x07,
	0xdf, 0x00, 0xa3, 0x31, 0xe2, 0x00, 0xa3, 0x31, 0x12, 0x01, 0x33, 0x07, 0xd8, 0x00,
	0x23, 0x39, 0xe2, 0x08, 0x23, 0x39, 0x62, 0x08, 0x23, 0x36, 0xb2, 0x02, 0x9b, 0x87,
	0x17, 0x00, 0xb3, 0x86, 0xd6, 0x01, 0xe3, 0xea, 0xa7, 0xfc, 0x6f, 0xf0, 0x9f, 0xa1,
	0x03, 0x69, 0x22, 0x30, 0x1b, 0x09, 0x09, 0x00, 0x03, 0x67, 0x22, 0x30, 0x83, 0x67,
	0x22, 0x30, 0x23, 0x20, 0xe2, 0x00, 0x23, 0x20, 0xf2, 0x00, 0x83, 0x67, 0x81, 0x00,
	0x93, 0x96, 0x46, 0x01, 0x93, 0xe4, 0x16, 0x00, 0x13, 0x19, 0x09, 0x02, 0x93, 0x99,
	0x09, 0x02, 0x13, 0x0e, 0x30, 0x00, 0xb7, 0x06, 0x01, 0x00, 0x93, 0x00, 0x00, 0x00,
	0x13, 0x59, 0x09, 0x02, 0x93, 0xd9, 0x09, 0x02, 0x13, 0x1e, 0x0e, 0x03, 0x93, 0x86,
	0xf6, 0xff, 0x93, 0x02, 0x40, 0x00, 0x93, 0x7a, 0xeb, 0x03, 0x23, 0x34, 0xf1, 0x00,
	0x23, 0x34, 0x72, 0x02, 0x63, 0x0a, 0x0f, 0x04, 0x13, 0x08, 0x00, 0x00, 0x13, 0x0b,
	0x00, 0x67, 0x13, 0x06, 0x00, 0x00, 0x93, 0x77, 0x16, 0x00, 0x63, 0x98, 0x07, 0x00,
	0x33, 0x07, 0xcb, 0x01, 0x03, 0x38, 0x07, 0x00, 0x13, 0x0b, 0x1b, 0x00, 0x13, 0x97,
	0x47, 0x00, 0x33, 0x57, 0xe8, 0x00, 0x33, 0x77, 0xd7, 0x00, 0x9b, 0x97, 0x47, 0x00,
	0x33, 0x07, 0xf7, 0x01, 0xa3, 0x31, 0xe2, 0x00, 0x9b, 0x87, 0x07, 0x02, 0xb3, 0x57,
	0xf8, 0x00, 0xb3, 0xf7, 0xd7, 0x00, 0xa3, 0x31, 0xf2, 0x00, 0x1b, 0x06, 0x16, 0x00,
	0xe3, 0x10, 0xcf, 0xfc, 0x63, 0x8a, 0x0e, 0x04, 0x13, 0x0b, 0x0a, 0x00, 0x13, 0x08,
	0x00, 0x00, 0x13, 0x06, 0x00, 0x00, 0x93, 0x77, 0x16, 0x00, 0x63, 0x98, 0x07, 0x00,
	0x33, 0x07, 0xcb, 0x01, 0x03, 0x38, 0x07, 0x00, 0x13, 0x0b, 0x1b, 0x00, 0x13, 0x97,
	0x47, 0x00, 0x33, 0x57, 0xe8, 0x00, 0x33, 0x77, 0xd7, 0x00, 0x9b, 0x97, 0x47, 0x00,
	0x33, 0x07, 0x17, 0x01, 0xa3, 0x31, 0xe2, 0x00, 0x9b, 0x87, 0x07, 0x02, 0xb3, 0x57,
	0xf8, 0x00, 0xb3, 0xf7, 0xd7, 0x00, 0xa3, 0x31, 0xf2, 0x00, 0x1b, 0x06, 0x16, 0x00,
	0xe3, 0x90, 0xce, 0xfc, 0x63, 0x82, 0x05, 0x04, 0x13, 0x08, 0x04, 0x00, 0x13, 0x06,
	0x00, 0x00, 0x13, 0x07, 0x00, 0x00, 0x93, 0x77, 0x17, 0x00, 0x63, 0x98, 0x07, 0x00,
	0x33, 0x06, 0xc8, 0x01, 0x03, 0x36, 0x06, 0x00, 0x13, 0x08, 0x18, 0x00, 0x9b, 0x97,
	0x47, 0x00, 0xb3, 0x57, 0xf6, 0x00, 0xb3, 0xf7, 0xd7, 0x00, 0xb3, 0x87, 0x17, 0x01,
	0xa3, 0x31, 0xf2, 0x00, 0xa3, 0x31, 0x52, 0x00, 0x1b, 0x07, 0x17, 0x00, 0xe3, 0x98,
	0xe5, 0xfc, 0x63, 0x8a, 0x0a, 0x00, 0x83, 0x37, 0x81, 0x00, 0xb3, 0x87, 0x17, 0x01,
	0xa3, 0x31, 0xf2, 0x00, 0xa3, 0x31, 0x62, 0x00, 0xb3, 0x07, 0x19, 0x01, 0x23, 0x39,
	0xf2, 0x08, 0x93, 0x07, 0x50, 0x00, 0x23, 0x39, 0xf2, 0x08, 0xa3, 0x36, 0x92, 0x02,
	0x9b, 0x80, 0x10, 0x00, 0xb3, 0x88, 0x38, 0x01, 0xe3, 0xe0, 0xa0, 0xee, 0x6f, 0xf0,
	0xdf, 0x89, 0x03, 0x68, 0x22, 0x30, 0x1b, 0x08, 0x08, 0x00, 0x03, 0x67, 0x22, 0x30,
	0x83, 0x67, 0x22, 0x30, 0x23, 0x20, 0xe2, 0x00, 0x23, 0x20, 0xf2, 0x00, 0x13, 0x16,
	0x4e, 0x01, 0x13, 0x18, 0x08, 0x02, 0x93, 0x9e, 0x0e, 0x02, 0x13, 0x1f, 0x0f, 0x02,
	0x13, 0x66, 0x16, 0x00, 0x93, 0x07, 0x00, 0x00, 0x13, 0x58, 0x08, 0x02, 0x93, 0xde,
	0x0e, 0x02, 0x13, 0x7e, 0xeb, 0x03, 0x13, 0x5f, 0x0f, 0x02, 0x93, 0x08, 0x50, 0x00,
	0x23, 0x34, 0xd2, 0x02, 0x63, 0x08, 0x0e, 0x00, 0x33, 0x07, 0xbf, 0x00, 0xa3, 0x31,
	0xe2, 0x00, 0xa3, 0x31, 0x62, 0x00, 0x33, 0x07, 0xb8, 0x00, 0x23, 0x39, 0xe2, 0x08,
	0x23, 0x39, 0x12, 0x09, 0xa3, 0x36, 0xc2, 0x02, 0x9b, 0x87, 0x17, 0x00, 0xb3, 0x85,
	0xd5, 0x01, 0xe3, 0xea, 0xa7, 0xfc, 0x6f, 0xf0, 0x5f, 0x82, 0x83, 0x65, 0x22, 0x30,
	0x9b, 0x85, 0x05, 0x00, 0x03, 0x67, 0x22, 0x30, 0x83, 0x67, 0x22, 0x30, 0x23, 0x20,
	0xe2, 0x00, 0x23, 0x20, 0xf2, 0x00, 0x37, 0x08, 0x01, 0x00, 0x93, 0x95, 0x05, 0x02,
	0x93, 0x92, 0x02, 0x02, 0x93, 0x9e, 0x0e, 0x02, 0x13, 0x07, 0x00, 0x00, 0x93, 0xd5,
	0x05, 0x02, 0x93, 0xd2, 0x02, 0x02, 0x13, 0x08, 0xf8, 0xff, 0x93, 0x0f, 0x40, 0x00,
	0x13, 0x7f, 0xeb, 0x03, 0x93, 0xde, 0x0e, 0x02, 0x13, 0x0e, 0x30, 0x00, 0x23, 0x34,
	0xc2, 0x02, 0x83, 0xb7, 0x08, 0x67, 0xb3, 0xf7, 0x07, 0x01, 0xb3, 0x87, 0xd7, 0x00,
	0xa3, 0x31, 0xf2, 0x00, 0xa3, 0x31, 0xf2, 0x01, 0x63, 0x08, 0x0f, 0x00, 0xb3, 0x87,
	0xde, 0x00, 0xa3, 0x31, 0xf2, 0x00, 0xa3, 0x31, 0x62, 0x00, 0xb3, 0x87, 0xd5, 0x00,
	0xa3, 0x31, 0xf2, 0x00, 0xa3, 0x31, 0xc2, 0x01, 0x1b, 0x07, 0x17, 0x00, 0xb3, 0x86,
	0x56, 0x00, 0xe3, 0x62, 0xa7, 0xfc, 0x6f, 0xf0, 0x8f, 0xf9, 0x93, 0x9f, 0x02, 0x02,
	0x93, 0xdf, 0x0f, 0x02, 0x33, 0x84, 0x1f, 0x02, 0x33, 0x04, 0x44, 0x01, 0xa3, 0x2c,
	0x02, 0x00, 0x03, 0x20, 0x42, 0x31, 0x3b, 0x8f, 0xc6, 0x01, 0xbb, 0x09, 0x99, 0x00,
	0x9b, 0x99, 0x19, 0x00, 0x1b, 0x0f, 0x9f, 0x00, 0x3b, 0x0f, 0x3f, 0x01, 0xb7, 0x09,
	0x01, 0xc0, 0x93, 0x89, 0xf9, 0xff, 0xb3, 0xf9, 0xe9, 0x00, 0x1b, 0x1f, 0x0f, 0x01,
	0xb3, 0xe9, 0xe9, 0x01, 0x23, 0x20, 0x32, 0x01, 0x23, 0x20, 0xf2, 0x00, 0x23, 0x20,
	0xa2, 0x00, 0x23, 0x20, 0x52, 0x01, 0x83, 0x27, 0x01, 0x03, 0x23, 0x20, 0xf2, 0x00,
	0x23, 0x20, 0xd2, 0x01, 0x93, 0xd7, 0x0e, 0x02, 0x23, 0x20, 0xf2, 0x00, 0x83, 0x27,
	0x01, 0x04, 0x23, 0x20, 0xf2, 0x00, 0x83, 0x27, 0xc1, 0x04, 0x23, 0x20, 0xf2, 0x00,
	0x93, 0x07, 0x30, 0x00, 0x93, 0x97, 0x07, 0x03, 0x13, 0x0f, 0x02, 0x00, 0x93, 0x87,
	0x07, 0x67, 0x6f, 0x00, 0x40, 0x03, 0x03, 0x65, 0x22, 0x30, 0x03, 0x6a, 0x22, 0x30,
	0x83, 0x69, 0x22, 0x30, 0x13, 0x15, 0x05, 0x02, 0x13, 0x97, 0x09, 0x02, 0x13, 0x55,
	0x05, 0x02, 0x33, 0x67, 0xa7, 0x00, 0x23, 0xb0, 0xe7, 0x00, 0xa3, 0x2f, 0x0f, 0x1e,
	0x23, 0x20, 0x42, 0x01, 0x23, 0x20, 0x32, 0x01, 0x93, 0x87, 0x17, 0x00, 0x1b, 0x87,
	0x07, 0x99, 0xe3, 0x66, 0x27, 0xfd, 0x93, 0x07, 0x30, 0x00, 0x93, 0x97, 0x07, 0x03,
	0x93, 0x87, 0x07, 0x67, 0x13, 0x0a, 0x09, 0x67, 0x13, 0x07, 0x00, 0x00, 0x33, 0x05,
	0xf9, 0x00, 0x6f, 0x00, 0x80, 0x03, 0x83, 0x6a, 0x22, 0x30, 0x83, 0x69, 0x22, 0x30,
	0x03, 0x69, 0x22, 0x30, 0x93, 0x9a, 0x0a, 0x02, 0x93, 0x17, 0x09, 0x02, 0x93, 0xda,
	0x0a, 0x02, 0xb3, 0xe7, 0x57, 0x01, 0xb3, 0x0a, 0xe5, 0x00, 0x23, 0xb0, 0xfa, 0x00,
	0xa3, 0x2f, 0x0f, 0x1e, 0x23, 0x20, 0x32, 0x01, 0x23, 0x20, 0x22, 0x01, 0x13, 0x07,
	0x17, 0x00, 0x9b, 0x07, 0x07, 0x00, 0xe3, 0xe4, 0x97, 0xfc, 0x93, 0x09, 0x30, 0x00,
	0xb3, 0x84, 0x44, 0x01, 0x93, 0x99, 0x09, 0x03, 0x93, 0x07, 0x00, 0x00, 0xb3, 0x89,
	0x34, 0x01, 0x6f, 0x00, 0x00, 0x02, 0x03, 0x69, 0x22, 0x30, 0x03, 0x67, 0x22, 0x30,
	0x33, 0x85, 0xf9, 0x00, 0x23, 0x20, 0x25, 0x01, 0xa3, 0x2f, 0x0f, 0x1e, 0x23, 0x20,
	0xe2, 0x00, 0x93, 0x87, 0x17, 0x00, 0x1b, 0x87, 0x07, 0x00, 0xe3, 0x60, 0xc7, 0xff,
	0x93, 0x07, 0x00, 0x00, 0x63, 0x8c, 0xf6, 0x10, 0x03, 0x67, 0x22, 0x30, 0x23, 0x20,
	0xe2, 0x00, 0x9b, 0x87, 0x17, 0x00, 0x6f, 0xf0, 0x1f, 0xff, 0x93, 0x96, 0x08, 0x02,
	0x93, 0xd6, 0x06, 0x02, 0x33, 0x8f, 0xd6, 0x03, 0x33, 0x0f, 0x1f, 0x00, 0xa3, 0x2c,
	0x02, 0x00, 0x03, 0x20, 0x42, 0x31, 0xb7, 0x00, 0x01, 0xc0, 0x9b, 0x89, 0xa2, 0x00,
	0x93, 0x80, 0xf0, 0xff, 0xb3, 0xf0, 0xe0, 0x00, 0x1b, 0x97, 0x09, 0x01, 0xb3, 0xe0,
	0xe0, 0x00, 0x23, 0x20, 0x12, 0x00, 0x23, 0x20, 0xf2, 0x00, 0x23, 0x20, 0xa2, 0x00,
	0x23, 0x20, 0x52, 0x01, 0x23, 0x20, 0x92, 0x00, 0x23, 0x20, 0x82, 0x00, 0x13, 0x54,
	0x04, 0x02, 0x23, 0x20, 0x82, 0x00, 0x83, 0x27, 0x01, 0x01, 0x23, 0x20, 0xf2, 0x00,
	0x83, 0x27, 0x81, 0x01, 0x23, 0x20, 0xf2, 0x00, 0x03, 0x67, 0x22, 0x30, 0x83, 0x67,
	0x22, 0x30, 0x23, 0xa8, 0xef, 0x66, 0xa3, 0x2f, 0x02, 0x1e, 0x23, 0x20, 0xf2, 0x00,
	0x93, 0x07, 0x00, 0x00, 0x63, 0x84, 0xf2, 0x36, 0x03, 0x67, 0x22, 0x30, 0x23, 0x20,
	0xe2, 0x00, 0x9b, 0x87, 0x17, 0x00, 0x6f, 0xf0, 0x1f, 0xff, 0x93, 0x16, 0x08, 0x02,
	0x93, 0xd6, 0x06, 0x02, 0x33, 0x8f, 0xc6, 0x03, 0x33, 0x0f, 0x1f, 0x00, 0xa3, 0x2c,
	0x02, 0x00, 0x03, 0x20, 0x42, 0x31, 0xb7, 0x00, 0x01, 0xc0, 0x9b, 0x09, 0x96, 0x00,
	0x93, 0x80, 0xf0, 0xff, 0xb3, 0xf0, 0xe0, 0x00, 0x1b, 0x97, 0x09, 0x01, 0xb3, 0xe0,
	0xe0, 0x00, 0x23, 0x20, 0x12, 0x00, 0x23, 0x20, 0xf2, 0x00, 0x23, 0x20, 0xa2, 0x00,
	0x23, 0x20, 0x52, 0x01, 0x23, 0x20, 0x22, 0x01, 0x23, 0x20, 0x52, 0x00, 0x93, 0xd2,
	0x02, 0x02, 0x23, 0x20, 0x52, 0x00, 0x83, 0x27, 0x01, 0x01, 0x23, 0x20, 0xf2, 0x00,
	0x83, 0x27, 0x81, 0x01, 0x23, 0x20, 0xf2, 0x00, 0x93, 0x07, 0x00, 0x00, 0x63, 0x06,
	0xf6, 0x4c, 0x03, 0x67, 0x22, 0x30, 0x23, 0x20, 0xe2, 0x00, 0x9b, 0x87, 0x17, 0x00,
	0x6f, 0xf0, 0x1f, 0xff, 0x83, 0x67, 0x22, 0x30, 0x9b, 0x87, 0x07, 0x00, 0x83, 0x66,
	0x22, 0x30, 0x03, 0x67, 0x22, 0x30, 0x23, 0x20, 0xd2, 0x00, 0x83, 0x36, 0x52, 0x01,
	0x23, 0x30, 0xd1, 0x04, 0x83, 0x66, 0x12, 0x08, 0x23, 0x26, 0xd1, 0x04, 0x93, 0x06,
	0x10, 0x00, 0xa3, 0x3e, 0xd2, 0x0a, 0x83, 0x36, 0x81, 0x01, 0x23, 0x3b, 0xd2, 0x00,
	0xa3, 0x3f, 0x02, 0x1e, 0xa3, 0x3f, 0x02, 0x1e, 0x93, 0x06, 0x20, 0x00, 0x23, 0x3d,
	0xd2, 0x00, 0xa3, 0x3f, 0x02, 0x1e, 0xa3, 0x3f, 0x02, 0x1e, 0x23, 0x20, 0xe2, 0x00,
	0x93, 0x97, 0x07, 0x02, 0x03, 0x37, 0x01, 0x01, 0x83, 0x36, 0x81, 0x00, 0x93, 0xd7,
	0x07, 0x02, 0x23, 0x3c, 0xf1, 0x00, 0x93, 0x77, 0xeb, 0x03, 0x23, 0x34, 0xf1, 0x00,
	0x83, 0x67, 0x81, 0x02, 0x93, 0x86, 0xc6, 0x00, 0x13, 0x17, 0x47, 0x01, 0x13, 0x67,
	0x17, 0x00, 0x23, 0x38, 0xd1, 0x00, 0x13, 0x05, 0x30, 0x00, 0xb7, 0x06, 0x01, 0x00,
	0x23, 0x38, 0x61, 0x02, 0x93, 0x89, 0x0d, 0x00, 0x13, 0x0f, 0x00, 0x00, 0x13, 0x0e,
	0x40, 0x00, 0x13, 0x09, 0x10, 0x00, 0x13, 0x15, 0x05, 0x03, 0x93, 0x86, 0xf6, 0xff,
	0x23, 0x34, 0xf1, 0x02, 0x13, 0x03, 0x07, 0x00, 0x63, 0xf6, 0x7f, 0x04, 0x93, 0xf7,
	0xf2, 0x3f, 0x63, 0x9a, 0x07, 0x02, 0xb3, 0x8f, 0xf3, 0x41, 0x93, 0x07, 0xf0, 0x3f,
	0x63, 0xf4, 0xf7, 0x01, 0x93, 0x0f, 0x00, 0x40, 0x83, 0x37, 0x81, 0x03, 0x9b, 0x9f,
	0x2f, 0x00, 0x13, 0x97, 0x0f, 0x02, 0x83, 0xb7, 0x87, 0x63, 0x13, 0x57, 0x07, 0x02,
	0x33, 0x07, 0xf7, 0x00, 0x23, 0x31, 0xe2, 0x00, 0x23, 0x31, 0x22, 0x01, 0x23, 0x31,
	0x82, 0x00, 0x23, 0x31, 0xc2, 0x01, 0x33, 0x04, 0x14, 0x00, 0x9b, 0x82, 0x12, 0x00,
	0x83, 0x37, 0x01, 0x02, 0x23, 0x34, 0xf2, 0x02, 0x63, 0x8a, 0x08, 0x04, 0x93, 0x0a,
	0x00, 0x00, 0x13, 0x0b, 0x00, 0x67, 0x93, 0x0f, 0x00, 0x00, 0x93, 0xf7, 0x1f, 0x00,
	0x63, 0x98, 0x07, 0x00, 0x33, 0x07, 0xab, 0x00, 0x83, 0x3a, 0x07, 0x00, 0x13, 0x0b,
	0x1b, 0x00, 0x13, 0x97, 0x47, 0x00, 0x33, 0xd7, 0xea, 0x00, 0x33, 0x77, 0xd7, 0x00,
	0x9b, 0x97, 0x47, 0x00, 0x33, 0x07, 0xd7, 0x01, 0xa3, 0x31, 0xe2, 0x00, 0x9b, 0x87,
	0x07, 0x02, 0xb3, 0xd7, 0xfa, 0x00, 0xb3, 0xf7, 0xd7, 0x00, 0xa3, 0x31, 0xf2, 0x00,
	0x9b, 0x8f, 0x1f, 0x00, 0xe3, 0x90, 0xf8, 0xfd, 0x63, 0x0a, 0x08, 0x04, 0x13, 0x0b,
	0x0a, 0x00, 0x93, 0x0a, 0x00, 0x00, 0x93, 0x0f, 0x00, 0x00, 0x93, 0xf7, 0x1f, 0x00,
	0x63, 0x98, 0x07, 0x00, 0x33, 0x07, 0xab, 0x00, 0x83, 0x3a, 0x07, 0x00, 0x13, 0x0b,
	0x1b, 0x00, 0x13, 0x97, 0x47, 0x00, 0x33, 0xd7, 0xea, 0x00, 0x33, 0x77, 0xd7, 0x00,
	0x9b, 0x97, 0x47, 0x00, 0x33, 0x07, 0xc7, 0x00, 0xa3, 0x31, 0xe2, 0x00, 0x9b, 0x87,
	0x07, 0x02, 0xb3, 0xd7, 0xfa, 0x00, 0xb3, 0xf7, 0xd7, 0x00, 0xa3, 0x31, 0xf2, 0x00,
	0x9b, 0x8f, 0x1f, 0x00, 0xe3, 0x10, 0xf8, 0xfd, 0x63, 0x82, 0x05, 0x04, 0x93, 0x8a,
	0x04, 0x00, 0x93, 0x0f, 0x00, 0x00, 0x13, 0x07, 0x00, 0x00, 0x93, 0x77, 0x17, 0x00,
	0x63, 0x98, 0x07, 0x00, 0xb3, 0x8f, 0xaa, 0x00, 0x83, 0xbf, 0x0f, 0x00, 0x93, 0x8a,
	0x1a, 0x00, 0x9b, 0x97, 0x47, 0x00, 0xb3, 0xd7, 0xff, 0x00, 0xb3, 0xf7, 0xd7, 0x00,
	0xb3, 0x87, 0xc7, 0x00, 0xa3, 0x31, 0xf2, 0x00, 0xa3, 0x31, 0xc2, 0x01, 0x1b, 0x07,
	0x17, 0x00, 0xe3, 0x98, 0xe5, 0xfc, 0x83, 0x37, 0x81, 0x00, 0x63, 0x8c, 0x07, 0x00,
	0x83, 0x37, 0x81, 0x02, 0xb3, 0x87, 0xc7, 0x00, 0xa3, 0x31, 0xf2, 0x00, 0x83, 0x37,
	0x01, 0x03, 0xa3, 0x31, 0xf2, 0x00, 0x93, 0x77, 0xff, 0x3f, 0x63, 0x94, 0x07, 0x00,
	0x83, 0x67, 0x22, 0x30, 0x83, 0x6a, 0x22, 0x30, 0x83, 0x67, 0x22, 0x30, 0x03, 0x67,
	0x22, 0x30, 0x83, 0x6f, 0x22, 0x30, 0x93, 0x9a, 0x0a, 0x02, 0x93, 0xda, 0x0a, 0x02,
	0x93, 0x97, 0x07, 0x02, 0xb3, 0xe7, 0x57, 0x01, 0xa3, 0x39, 0xf2, 0x06, 0x83, 0x3a,
	0x32, 0x07, 0x83, 0x67, 0x02, 0x1f, 0x93, 0x97, 0x07, 0x02, 0x93, 0xd7, 0x07, 0x02,
	0x23, 0x3e, 0xf2, 0x00, 0xa3, 0x3e, 0x52, 0x01, 0xa3, 0x25, 0x02, 0x02, 0xa3, 0x27,
	0xe2, 0x02, 0x9b, 0xda, 0x2f, 0x00, 0x1b, 0xd7, 0xdf, 0x00, 0x9b, 0xd7, 0x3f, 0x00,
	0x93, 0xfa, 0x1a, 0x00, 0xb3, 0xc7, 0xf7, 0x01, 0x13, 0x77, 0x37, 0x00, 0x33, 0xe7,
	0xea, 0x00, 0x93, 0xf7, 0x17, 0x00, 0xb3, 0x67, 0xf7, 0x00, 0x13, 0x07, 0x10, 0x00,
	0x3b, 0x17, 0xf7, 0x00, 0x23, 0xaa, 0xf9, 0x28, 0x13, 0x77, 0x37, 0x00, 0x23, 0x2e,
	0xe2, 0x00, 0x23, 0x28, 0xe2, 0x1e, 0x83, 0x37, 0x01, 0x01, 0xb3, 0x87, 0xc7, 0x00,
	0xa3, 0x31, 0xf2, 0x00, 0xa3, 0x31, 0x22, 0x01, 0x83, 0x37, 0x81, 0x01, 0xb3, 0x87,
	0xc7, 0x00, 0x23, 0x39, 0xf2, 0x08, 0x93, 0x07, 0x50, 0x00, 0x23, 0x39, 0xf2, 0x08,
	0xa3, 0x36, 0x62, 0x02, 0x1b, 0x0f, 0x1f, 0x00, 0x93, 0x17, 0x0f, 0x02, 0x93, 0xd7,
	0x07, 0x02, 0x33, 0x06, 0x16, 0x00, 0x63, 0xf6, 0x77, 0x38, 0x93, 0x9f, 0x02, 0x02,
	0x93, 0xdf, 0x0f, 0x02, 0x6f, 0xf0, 0x5f, 0xdd, 0x83, 0x60, 0x22, 0x30, 0x9b, 0x80,
	0x00, 0x00, 0x03, 0x67, 0x22, 0x30, 0x83, 0x67, 0x22, 0x30, 0x23, 0x20, 0xe2, 0x00,
	0x03, 0x37, 0x52, 0x01, 0x23, 0x38, 0xe1, 0x00, 0x03, 0x67, 0x12, 0x08, 0x23, 0x2c,
	0xe1, 0x00, 0x13, 0x07, 0x10, 0x00, 0xa3, 0x3e, 0xe2, 0x0a, 0x23, 0x3b, 0x72, 0x00,
	0xa3, 0x3f, 0x02, 0x1e, 0xa3, 0x3f, 0x02, 0x1e, 0x13, 0x07, 0x20, 0x00, 0x23, 0x3d,
	0xe2, 0x00, 0xa3, 0x3f, 0x02, 0x1e, 0xa3, 0x3f, 0x02, 0x1e, 0x23, 0x20, 0xf2, 0x00,
	0x83, 0x67, 0x81, 0x00, 0x93, 0x13, 0x49, 0x01, 0x93, 0x90, 0x00, 0x02, 0xb7, 0x04,
	0x01, 0x00, 0x13, 0x8a, 0x0d, 0x00, 0x93, 0xe3, 0x13, 0x00, 0x13, 0x07, 0x00, 0x00,
	0x13, 0x85, 0xc5, 0x00, 0x93, 0xd0, 0x00, 0x02, 0x93, 0x02, 0x40, 0x00, 0x13, 0x04,
	0x10, 0x00, 0x93, 0x84, 0xf4, 0xff, 0x93, 0x7a, 0xeb, 0x03, 0x23, 0x34, 0xf1, 0x00,
	0x93, 0x09, 0x10, 0x00, 0x13, 0x09, 0x50, 0x00, 0x63, 0xf4, 0xc6, 0x05, 0x93, 0xf7,
	0xf8, 0x3f, 0x63, 0x98, 0x07, 0x02, 0xb3, 0x06, 0xde, 0x40, 0x93, 0x07, 0xf0, 0x3f,
	0x63, 0xf4, 0xd7, 0x00, 0x93, 0x06, 0x00, 0x40, 0x83, 0xb5, 0x8f, 0x63, 0x9b, 0x97,
	0x26, 0x00, 0x93, 0x97, 0x07, 0x02, 0x93, 0xd7, 0x07, 0x02, 0xb3, 0x87, 0xb7, 0x00,
	0x23, 0x31, 0xf2, 0x00, 0x23, 0x31, 0x82, 0x00, 0x23, 0x31, 0xe2, 0x01, 0x23, 0x31,
	0x52, 0x00, 0x33, 0x0f, 0xdf, 0x01, 0x9b, 0x88, 0x18, 0x00, 0x23, 0x34, 0x02, 0x03,
	0x83, 0xb7, 0x0f, 0x67, 0xb3, 0xf7, 0x97, 0x00, 0xb3, 0x87, 0xc7, 0x00, 0xa3, 0x31,
	0xf2, 0x00, 0xa3, 0x31, 0x52, 0x00, 0x63, 0x8a, 0x0a, 0x00, 0x83, 0x37, 0x81, 0x00,
	0xb3, 0x87, 0xc7, 0x00, 0xa3, 0x31, 0xf2, 0x00, 0xa3, 0x31, 0x62, 0x00, 0x93, 0x77,
	0xf7, 0x3f, 0x63, 0x94, 0x07, 0x00, 0x83, 0x67, 0x22, 0x30, 0x03, 0x6b, 0x22, 0x30,
	0x83, 0x67, 0x22, 0x30, 0x83, 0x66, 0x22, 0x30, 0x83, 0x65, 0x22, 0x30, 0x13, 0x1b,
	0x0b, 0x02, 0x13, 0x5b, 0x0b, 0x02, 0x93, 0x97, 0x07, 0x02, 0xb3, 0xe7, 0x67, 0x01,
	0xa3, 0x39, 0xf2, 0x06, 0x03, 0x3b, 0x32, 0x07, 0x83, 0x67, 0x02, 0x1f, 0x93, 0x97,
	0x07, 0x02, 0x93, 0xd7, 0x07, 0x02, 0x23, 0x3e, 0xf2, 0x00, 0xa3, 0x3e, 0x62, 0x01,
	0xa3, 0x25, 0x02, 0x02, 0xa3, 0x27, 0xd2, 0x02, 0x9b, 0xd7, 0x25, 0x00, 0x1b, 0xdb,
	0xd5, 0x00, 0x9b, 0xd6, 0x35, 0x00, 0x13, 0x7b, 0x3b, 0x00, 0xb3, 0xc6, 0xb6, 0x00,
	0x93, 0xf7, 0x17, 0x00, 0xb3, 0xe7, 0x67, 0x01, 0x93, 0xf6, 0x16, 0x00, 0xb3, 0xe7,
	0xd7, 0x00, 0xbb, 0x96, 0xf9, 0x00, 0x23, 0x2a, 0xfa, 0x28, 0x93, 0xf7, 0x36, 0x00,
	0x23, 0x2e, 0xf2, 0x00, 0x23, 0x28, 0xf2, 0x1e, 0xb3, 0x07, 0xc5, 0x00, 0xa3, 0x31,
	0xf2, 0x00, 0xa3, 0x31, 0x82, 0x00, 0xb3, 0x87, 0xc0, 0x00, 0x23, 0x39, 0xf2, 0x08,
	0x23, 0x39, 0x22, 0x09, 0xa3, 0x36, 0x72, 0x02, 0x1b, 0x07, 0x17, 0x00, 0x93, 0x17,
	0x07, 0x02, 0x93, 0xd7, 0x07, 0x02, 0x33, 0x06, 0xd6, 0x01, 0x63, 0xf8, 0xc7, 0x01,
	0x93, 0x96, 0x08, 0x02, 0x93, 0xd6, 0x06, 0x02, 0x6f, 0xf0, 0xdf, 0xec, 0x83, 0x37,
	0x01, 0x01, 0x23, 0x3d, 0xf2, 0x00, 0x83, 0x67, 0x81, 0x01, 0xa3, 0x3a, 0xf2, 0x00,
	0xa3, 0x3e, 0x02, 0x0a, 0x6f, 0xf0, 0x0f, 0x87, 0x83, 0x62, 0x22, 0x30, 0x9b, 0x82,
	0x02, 0x00, 0x03, 0x67, 0x22, 0x30, 0x83, 0x67, 0x22, 0x30, 0x23, 0x20, 0xe2, 0x00,
	0x03, 0x37, 0x52, 0x01, 0x23, 0x38, 0xe1, 0x00, 0x03, 0x67, 0x12, 0x08, 0x23, 0x2c,
	0xe1, 0x00, 0x13, 0x07, 0x10, 0x00, 0xa3, 0x3e, 0xe2, 0x0a, 0x23, 0x3b, 0x72, 0x00,
	0xa3, 0x3f, 0x02, 0x1e, 0xa3, 0x3f, 0x02, 0x1e, 0x13, 0x07, 0x20, 0x00, 0x23, 0x3d,
	0xe2, 0x00, 0xa3, 0x3f, 0x02, 0x1e, 0xa3, 0x3f, 0x02, 0x1e, 0x23, 0x20, 0xf2, 0x00,
	0x83, 0x6a, 0x81, 0x00, 0x93, 0x9f, 0x4f, 0x01, 0x93, 0x92, 0x02, 0x02, 0x13, 0x85,
	0xc4, 0x00, 0x93, 0x89, 0x0d, 0x00, 0x93, 0xef, 0x1f, 0x00, 0x13, 0x07, 0x00, 0x00,
	0x93, 0xd2, 0x02, 0x02, 0x13, 0x0a, 0x40, 0x00, 0x93, 0x03, 0x10, 0x00, 0x13, 0x79,
	0xeb, 0x03, 0x93, 0x04, 0x10, 0x00, 0x93, 0x00, 0x50, 0x00, 0x63, 0xf4, 0x16, 0x05,
	0x93, 0x77, 0xf8, 0x3f, 0x63, 0x98, 0x07, 0x02, 0xb3, 0x86, 0xd8, 0x40, 0x93, 0x07,
	0xf0, 0x3f, 0x63, 0xf4, 0xd7, 0x00, 0x93, 0x06, 0x00, 0x40, 0x03, 0x36, 0x84, 0x63,
	0x9b, 0x97, 0x26, 0x00, 0x93, 0x97, 0x07, 0x02, 0x93, 0xd7, 0x07, 0x02, 0xb3, 0x87,
	0xc7, 0x00, 0x23, 0x31, 0xf2, 0x00, 0x23, 0x31, 0x72, 0x00, 0x23, 0x31, 0xe2, 0x01,
	0x23, 0x31, 0x42, 0x01, 0x33, 0x0f, 0xcf, 0x01, 0x1b, 0x08, 0x18, 0x00, 0x23, 0x34,
	0xd2, 0x03, 0x63, 0x08, 0x09, 0x00, 0xb3, 0x87, 0xba, 0x00, 0xa3, 0x31, 0xf2, 0x00,
	0xa3, 0x31, 0x62, 0x00, 0x93, 0x77, 0xf7, 0x3f, 0x63, 0x94, 0x07, 0x00, 0x83, 0x67,
	0x22, 0x30, 0x03, 0x66, 0x22, 0x30, 0x83, 0x67, 0x22, 0x30, 0x83, 0x66, 0x22, 0x30,
	0x03, 0x6b, 0x22, 0x30, 0x13, 0x16, 0x06, 0x02, 0x13, 0x56, 0x06, 0x02, 0x93, 0x97,
	0x07, 0x02, 0xb3, 0xe7, 0xc7, 0x00, 0xa3, 0x39, 0xf2, 0x06, 0x03, 0x36, 0x32, 0x07,
	0x83, 0x67, 0x02, 0x1f, 0x93, 0x97, 0x07, 0x02, 0x93, 0xd7, 0x07, 0x02, 0x23, 0x3e,
	0xf2, 0x00, 0xa3, 0x3e, 0xc2, 0x00, 0xa3, 0x25, 0x02, 0x02, 0xa3, 0x27, 0xd2, 0x02,
	0x9b, 0x57, 0x2b, 0x00, 0x1b, 0x56, 0xdb, 0x00, 0x9b, 0x56, 0x3b, 0x00, 0x13, 0x76,
	0x36, 0x00, 0xb3, 0xc6, 0x66, 0x01, 0x93, 0xf7, 0x17, 0x00, 0xb3, 0xe7, 0xc7, 0x00,
	0x93, 0xf6, 0x16, 0x00, 0xb3, 0xe7, 0xd7, 0x00, 0xbb, 0x96, 0xf4, 0x00, 0x23, 0xaa,
	0xf9, 0x28, 0x93, 0xf7, 0x36, 0x00, 0x23, 0x2e, 0xf2, 0x00, 0x23, 0x28, 0xf2, 0x1e,
	0xb3, 0x07, 0xb5, 0x00, 0xa3, 0x31, 0xf2, 0x00, 0xa3, 0x31, 0x72, 0x00, 0xb3, 0x87,
	0xb2, 0x00, 0x23, 0x39, 0xf2, 0x08, 0x23, 0x39, 0x12, 0x08, 0xa3, 0x36, 0xf2, 0x03,
	0x1b, 0x07, 0x17, 0x00, 0x93, 0x17, 0x07, 0x02, 0x93, 0xd7, 0x07, 0x02, 0xb3, 0x85,
	0xc5, 0x01, 0xe3, 0xfc, 0x17, 0xe5, 0x93, 0x16, 0x08, 0x02, 0x93, 0xd6, 0x06, 0x02,
	0x6f, 0xf0, 0x5f, 0xee, 0x83, 0x37, 0x01, 0x04, 0x23, 0x3d, 0xf2, 0x00, 0x83, 0x67,
	0xc1, 0x04, 0xa3, 0x3a, 0xf2, 0x00, 0xa3, 0x3e, 0x02, 0x0a, 0x6f, 0xe0, 0x9f, 0xeb,
	0x9b, 0x06, 0x33, 0x00, 0x13, 0x8e, 0x15, 0x00, 0x13, 0x84, 0x18, 0x00, 0x93, 0x0f,
	0x18, 0x00, 0x9b, 0xd6, 0x26, 0x40, 0x9b, 0x92, 0x12, 0x00, 0x13, 0x5e, 0x1e, 0x00,
	0x13, 0x59, 0x14, 0x00, 0x93, 0xd4, 0x1f, 0x00, 0x9b, 0x96, 0x16, 0x00, 0x6f, 0xd0,
	0x1f, 0x89, 0x1b, 0x06, 0x33, 0x00, 0x13, 0x08, 0x30, 0x00, 0x1b, 0x56, 0x26, 0x40,
	0xbb, 0x06, 0xd8, 0x02, 0x3b, 0x06, 0x06, 0x03, 0x6f, 0xd0, 0x5f, 0xb5, 0x9b, 0x08,
	0x33, 0x00, 0x13, 0x0e, 0x30, 0x00, 0x9b, 0xd8, 0x28, 0x40, 0x3b, 0x04, 0x8e, 0x02,
	0xbb, 0x88, 0xc8, 0x03, 0x6f, 0xe0, 0x5f, 0xa1, 0x1b, 0x06, 0x33, 0x00, 0x1b, 0x56,
	0x26, 0x40, 0x9b, 0x96, 0x16, 0x00, 0x1b, 0x16, 0x16, 0x00, 0x6f, 0xd0, 0x9f, 0xb2,
	0x9b, 0x02, 0x33, 0x00, 0x13, 0x08, 0x30, 0x00, 0x9b, 0xd2, 0x22, 0x40, 0xbb, 0x06,
	0xd8, 0x02, 0xbb, 0x82, 0x02, 0x03, 0x6f, 0xd0, 0xdf, 0x9a, 0x9b, 0x02, 0x33, 0x00,
	0x9b, 0xd2, 0x22, 0x40, 0x9b, 0x96, 0x16, 0x00, 0x9b, 0x92, 0x12, 0x00, 0x6f, 0xd0,
	0x9f, 0x99, 0x1b, 0x0e, 0x33, 0x00, 0x93, 0x06, 0x30, 0x00, 0x9b, 0x5f, 0x2e, 0x40,
	0x13, 0x89, 0x18, 0x00, 0x13, 0x8e, 0x15, 0x00, 0x93, 0x04, 0x18, 0x00, 0xbb, 0x82,
	0x56, 0x02, 0x13, 0x5e, 0x1e, 0x00, 0x13, 0x59, 0x19, 0x00, 0x93, 0xd4, 0x14, 0x00,
	0xbb, 0x86, 0xdf, 0x02, 0x6f, 0xd0, 0x0f, 0xff, 0x9b, 0x03, 0x13, 0x00, 0x13, 0x0a,
	0x30, 0x00, 0x9b, 0xd3, 0x13, 0x40, 0x13, 0x89, 0x16, 0x00, 0x93, 0x02, 0x1f, 0x00,
	0x93, 0x80, 0x1e, 0x00, 0x3b, 0x04, 0x8a, 0x02, 0x13, 0x59, 0x19, 0x00, 0x93, 0xd2,
	0x12, 0x00, 0x93, 0xd0, 0x10, 0x00, 0xbb, 0x83, 0x43, 0x03, 0x6f, 0xe0, 0x0f, 0x98,
	0x13, 0x89, 0x16, 0x00, 0x93, 0x02, 0x1f, 0x00, 0x93, 0x80, 0x1e, 0x00, 0x9b, 0x03,
	0x13, 0x00, 0x1b, 0x14, 0x14, 0x00, 0x13, 0x59, 0x19, 0x00, 0x93, 0xd2, 0x12, 0x00,
	0x93, 0xd0, 0x10, 0x00, 0x93, 0xf3, 0xe3, 0x03, 0x6f, 0xe0, 0x8f, 0x95, 0x1b, 0x0e,
	0x33, 0x00, 0x13, 0x09, 0x30, 0x00, 0x1b, 0x5e, 0x2e, 0x40, 0x93, 0x80, 0x15, 0x00,
	0x93, 0x02, 0x1f, 0x00, 0x13, 0x84, 0x1e, 0x00, 0xbb, 0x03, 0x79, 0x02, 0x93, 0xd0,
	0x10, 0x00, 0x93, 0xd2, 0x12, 0x00, 0x13, 0x54, 0x14, 0x00, 0x3b, 0x0e, 0x2e, 0x03,
	0x6f, 0xd0, 0x5f, 0xf0, 0x1b, 0x0e, 0x33, 0x00, 0x93, 0x80, 0x15, 0x00, 0x93, 0x02,
	0x1f, 0x00, 0x13, 0x84, 0x1e, 0x00, 0x1b, 0x5e, 0x2e, 0x40, 0x9b, 0x93, 0x13, 0x00,
	0x93, 0xd0, 0x10, 0x00, 0x93, 0xd2, 0x12, 0x00, 0x13, 0x54, 0x14, 0x00, 0x1b, 0x1e,
	0x1e, 0x00, 0x6f, 0xd0, 0x9f, 0xed, 0x9b, 0x08, 0x33, 0x00, 0x13, 0x0e, 0x30, 0x00,
	0x9b, 0xd8, 0x28, 0x40, 0x3b, 0x04, 0x8e, 0x02, 0xbb, 0x88, 0xc8, 0x03, 0x6f, 0xd0,
	0xdf, 0xd7, 0x9b, 0x08, 0x33, 0x00, 0x9b, 0xd8, 0x28, 0x40, 0x1b, 0x14, 0x14, 0x00,
	0x9b, 0x98, 0x18, 0x00, 0x6f, 0xd0, 0x9f, 0xd6, 0x1b, 0x0e, 0x33, 0x00, 0x13, 0x09,
	0x30, 0x00, 0x1b, 0x5e, 0x2e, 0x40, 0x93, 0x00, 0x16, 0x00, 0x93, 0x02, 0x1f, 0x00,
	0x13, 0x84, 0x1e, 0x00, 0xbb, 0x03, 0x79, 0x02, 0x93, 0xd0, 0x10, 0x00, 0x93, 0xd2,
	0x12, 0x00, 0x13, 0x54, 0x14, 0x00, 0x3b, 0x0e, 0x2e, 0x03, 0x6f, 0xd0, 0x5f, 0xb4,
	0x1b, 0x0e, 0x33, 0x00, 0x93, 0x00, 0x16, 0x00, 0x93, 0x02, 0x1f, 0x00, 0x13, 0x84,
	0x1e, 0x00, 0x1b, 0x5e, 0x2e, 0x40, 0x9b, 0x93, 0x13, 0x00, 0x93, 0xd0, 0x10, 0x00,
	0x93, 0xd2, 0x12, 0x00, 0x13, 0x54, 0x14, 0x00, 0x1b, 0x1e, 0x1e, 0x00, 0x6f, 0xd0,
	0x9f, 0xb1, 0x1b, 0x08, 0x13, 0x00, 0x13, 0x0f, 0x30, 0x00, 0x1b, 0x58, 0x18, 0x40,
	0x3b, 0x04, 0x8f, 0x02, 0x3b, 0x08, 0xe8, 0x03, 0x6f, 0xe0, 0x0f, 0xe6, 0x1b, 0x08,
	0x13, 0x00, 0x1b, 0x14, 0x14, 0x00, 0x13, 0x78, 0xe8, 0x03, 0x6f, 0xe0, 0x0f, 0xe5,
	0x9b, 0x08, 0x33, 0x00, 0x13, 0x0e, 0x30, 0x00, 0x9b, 0xd8, 0x28, 0x40, 0xbb, 0x0f,
	0xfe, 0x03, 0xbb, 0x88, 0xc8, 0x03, 0x6f, 0xe0, 0x8f, 0xd3, 0x9b, 0x08, 0x33, 0x00,
	0x9b, 0xd8, 0x28, 0x40, 0x9b, 0x9f, 0x1f, 0x00, 0x9b, 0x98, 0x18, 0x00, 0x6f, 0xe0,
	0x4f, 0xd2, 0x9b, 0x08, 0x33, 0x00, 0x13, 0x0e, 0x30, 0x00, 0x9b, 0xd8, 0x28, 0x40,
	0x3b, 0x04, 0x8e, 0x02, 0xbb, 0x88, 0xc8, 0x03, 0x6f, 0xe0, 0xcf, 0xc0, 0x9b, 0x08,
	0x33, 0x00, 0x9b, 0xd8, 0x28, 0x40, 0x1b, 0x14, 0x14, 0x00, 0x9b, 0x98, 0x18, 0x00,
	0x6f, 0xe0, 0x8f, 0xbf, 0x1b, 0x8e, 0x38, 0x00, 0x13, 0x09, 0x30, 0x00, 0x1b, 0x5e,
	0x2e, 0x40, 0x93, 0x80, 0x16, 0x00, 0x93, 0x0f, 0x1f, 0x00, 0x13, 0x84, 0x1e, 0x00,
	0xbb, 0x03, 0x79, 0x02, 0x93, 0xd0, 0x10, 0x00, 0x93, 0xdf, 0x1f, 0x00, 0x13, 0x54,
	0x14, 0x00, 0x3b, 0x0e, 0x2e, 0x03, 0x6f, 0xe0, 0x8f, 0x9d, 0x1b, 0x8e, 0x38, 0x00,
	0x93, 0x80, 0x16, 0x00, 0x93, 0x0f, 0x1f, 0x00, 0x13, 0x84, 0x1e, 0x00, 0x1b, 0x5e,
	0x2e, 0x40, 0x9b, 0x93, 0x13, 0x00, 0x93, 0xd0, 0x10, 0x00, 0x93, 0xdf, 0x1f, 0x00,
	0x13, 0x54, 0x14, 0x00, 0x1b, 0x1e, 0x1e, 0x00, 0x6f, 0xe0, 0xcf, 0x9a, 0x1b, 0x83,
	0x38, 0x00, 0x93, 0x0f, 0x30, 0x00, 0x1b, 0x53, 0x23, 0x40, 0x3b, 0x84, 0x8f, 0x02,
	0x3b, 0x03, 0xf3, 0x03, 0x6f, 0xe0, 0xdf, 0x99, 0x1b, 0x83, 0x38, 0x00, 0x93, 0x0f,
	0x30, 0x00, 0x1b, 0x53, 0x23, 0x40, 0x3b, 0x8e, 0xcf, 0x03, 0x3b, 0x03, 0xf3, 0x03,
	0x6f, 0xe0, 0xcf, 0xe5, 0x1b, 0x83, 0x38, 0x00, 0x1b, 0x53, 0x23, 0x40, 0x1b, 0x1e,
	0x1e, 0x00, 0x1b, 0x13, 0x13, 0x00, 0x6f, 0xe0, 0x8f, 0xe4, 0x1b, 0x83, 0x38, 0x00,
	0x1b, 0x53, 0x23, 0x40, 0x1b, 0x14, 0x14, 0x00, 0x1b, 0x13, 0x13, 0x00, 0x6f, 0xe0,
	0xdf, 0x95, 0x9b, 0x08, 0x33, 0x00, 0x9b, 0xd8, 0x28, 0x40, 0x1b, 0x14, 0x14, 0x00,
	0x9b, 0x98, 0x18, 0x00, 0x6f, 0xe0, 0x0f, 0xf2, 0x1b, 0x08, 0x13, 0x00, 0x93, 0x03,
	0x30, 0x00, 0x1b, 0x58, 0x18, 0x40, 0xbb, 0x88, 0x13, 0x03, 0x3b, 0x08, 0x78, 0x02,
	0x6f, 0xe0, 0x5f, 0x82, 0x1b, 0x08, 0x13, 0x00, 0x9b, 0x98, 0x18, 0x00, 0x13, 0x78,
	0xe8, 0x03, 0x6f, 0xe0, 0x5f, 0x81, 0x83, 0x37, 0x32, 0x1f, 0x23, 0xb0, 0x07, 0x00,
	0xa3, 0x25, 0x02, 0x38, 0x6f, 0xb0, 0x8f, 0xfd, 0x73, 0x10, 0x00, 0xc0, 0x03, 0x37,
	0x22, 0x30, 0x83, 0x37, 0x22, 0x30, 0x93, 0x97, 0x07, 0x02, 0xb3, 0xe7, 0xe7, 0x00,
	0xa3, 0x39, 0xf2, 0x06, 0x03, 0x37, 0x32, 0x07, 0x83, 0x67, 0x02, 0x1f, 0x93, 0x97,
	0x07, 0x02, 0x93, 0xd7, 0x07, 0x02, 0x23, 0x3e, 0xf2, 0x00, 0xa3, 0x3e, 0xe2, 0x00,
	0xa3, 0x25, 0x02, 0x02, 0x6f, 0xb0, 0x0f, 0xfa, 0x73, 0x10, 0x00, 0xc0, 0x83, 0x67,
	0x22, 0x30, 0xa3, 0x27, 0xf2, 0x02, 0x23, 0xa6, 0xf1, 0x88, 0x6f, 0xb0, 0xcf, 0xf8,
	0x73, 0x10, 0x00, 0xc0, 0x13, 0x00, 0x00, 0x00, 0x93, 0x07, 0x05, 0x00, 0x03, 0x37,
	0xa2, 0x01, 0x03, 0x6f, 0x22, 0x30, 0x13, 0x1f, 0x0f, 0x02, 0x13, 0x5f, 0x0f, 0x02,
	0x33, 0x0f, 0xef, 0x00, 0x03, 0x6e, 0x22, 0x30, 0x03, 0x68, 0x22, 0x30, 0x83, 0x60,
	0x22, 0x30, 0x03, 0x67, 0x22, 0x30, 0x9b, 0x05, 0x07, 0x00, 0x93, 0x82, 0x05, 0x00,
	0x03, 0x35, 0x22, 0x30, 0x83, 0x36, 0x22, 0x30, 0x1b, 0xd6, 0xe0, 0x01, 0x13, 0x76,
	0x16, 0x00, 0x63, 0x02, 0x06, 0x02, 0x93, 0x96, 0x06, 0x02, 0xb3, 0xe6, 0xa6, 0x00,
	0xa3, 0x39, 0xd2, 0x06, 0x83, 0x36, 0x32, 0x07, 0x83, 0xa6, 0x06, 0x00, 0x1b, 0x86,
	0x06, 0x00, 0x63, 0xe6, 0xb6, 0x1a, 0x9b, 0x02, 0x07, 0x00, 0x83, 0x65, 0x22, 0x30,
	0x1b, 0x83, 0x05, 0x00, 0x03, 0x67, 0x22, 0x30, 0x9b, 0x08, 0x07, 0x00, 0x63, 0x82,
	0x02, 0x14, 0x83, 0x63, 0xa2, 0x00, 0x1b, 0xd6, 0xb0, 0x01, 0x13, 0x76, 0x16, 0x00,
	0x9b, 0xd3, 0x03, 0x01, 0x93, 0x3e, 0x16, 0x00, 0x9b, 0xdf, 0xf0, 0x01, 0x1b, 0xd5,
	0xf0, 0x01, 0x93, 0x46, 0x16, 0x00, 0xb3, 0xfe, 0x7e, 0x00, 0xa3, 0x2c, 0x02, 0x00,
	0x03, 0x20, 0x42, 0x31, 0x63, 0x98, 0x0e, 0x14, 0xbb, 0x03, 0xd5, 0x03, 0x93, 0x0e,
	0x10, 0x00, 0x63, 0x82, 0xd2, 0x1f, 0x93, 0xf6, 0xe6, 0xff, 0x9b, 0x8f, 0x06, 0x00,
	0x93, 0x06, 0x20, 0x00, 0x23, 0x2f, 0xd2, 0x06, 0x23, 0x20, 0xc2, 0x01, 0x23, 0x20,
	0x02, 0x01, 0x23, 0x20, 0x12, 0x00, 0x9b, 0xd6, 0xd0, 0x01, 0x93, 0xf6, 0x16, 0x00,
	0x93, 0xc6, 0x16, 0x00, 0x33, 0x66, 0xd6, 0x00, 0x83, 0x66, 0xc2, 0x02, 0x1b, 0x58,
	0x57, 0x00, 0x33, 0x68, 0xc8, 0x00, 0x37, 0x07, 0x00, 0x80, 0x1b, 0x18, 0xf8, 0x01,
	0x33, 0x48, 0xe8, 0x00, 0x37, 0x07, 0x01, 0xc0, 0x13, 0x07, 0xf7, 0xff, 0xb3, 0xf7,
	0xe7, 0x00, 0x37, 0x06, 0x02, 0x00, 0x13, 0x07, 0x00, 0x01, 0x1b, 0x85, 0x06, 0x00,
	0x1b, 0x08, 0x08, 0x00, 0xb3, 0xe7, 0xc7, 0x00, 0x63, 0x0c, 0xe3, 0x0e, 0x93, 0xe6,
	0x46, 0x00, 0x13, 0x93, 0x06, 0x02, 0x93, 0x95, 0x05, 0x02, 0x13, 0x53, 0x03, 0x02,
	0x1b, 0x85, 0x07, 0x00, 0x93, 0xd5, 0x05, 0x02, 0x13, 0x68, 0x18, 0x00, 0x13, 0x8e,
	0x02, 0x00, 0x13, 0x04, 0x00, 0x40, 0x93, 0x07, 0x0e, 0x00, 0x63, 0x74, 0xc4, 0x01,
	0x93, 0x07, 0x00, 0x40, 0x9b, 0x8e, 0x07, 0x00, 0x33, 0xe7, 0xff, 0x00, 0x23, 0x26,
	0xe2, 0x02, 0xbb, 0x87, 0xf3, 0x02, 0x23, 0x24, 0xf2, 0x02, 0x3b, 0x86, 0xce, 0x41,
	0x93, 0x87, 0x0e, 0x00, 0x13, 0x07, 0x0f, 0x00, 0x3b, 0x06, 0x56, 0x00, 0x23, 0x39,
	0xe2, 0x08, 0x23, 0x39, 0x62, 0x08, 0x33, 0x07, 0xb7, 0x00, 0x23, 0x20, 0xa2, 0x00,
	0x23, 0x20, 0x02, 0x01, 0xbb, 0x06, 0xf6, 0x40, 0x23, 0x20, 0xd2, 0x00, 0x23, 0x20,
	0x12, 0x01, 0x9b, 0x87, 0xf7, 0xff, 0xe3, 0x9e, 0x07, 0xfc, 0x93, 0x97, 0x0e, 0x02,
	0x93, 0xd7, 0x07, 0x02, 0xb3, 0x87, 0xb7, 0x02, 0x3b, 0x0e, 0xde, 0x41, 0x33, 0x0f,
	0xff, 0x00, 0x83, 0x37, 0x42, 0x07, 0x63, 0x9e, 0x07, 0x02, 0xe3, 0x16, 0x0e, 0xf8,
	0x83, 0x37, 0xc2, 0x0a, 0x63, 0x88, 0x07, 0x02, 0x93, 0x07, 0x10, 0x00, 0xa3, 0x2e,
	0xf2, 0x06, 0x23, 0x20, 0x02, 0x00, 0x93, 0x07, 0x20, 0x00, 0x23, 0x20, 0xf2, 0x00,
	0xb7, 0x07, 0x00, 0x20, 0xb3, 0xf0, 0xf0, 0x00, 0x63, 0x88, 0x00, 0x00, 0xa3, 0x21,
	0x02, 0x08, 0x93, 0x07, 0x50, 0x03, 0x23, 0x20, 0xf2, 0x00, 0x6f, 0xb0, 0x4f, 0xd9,
	0x73, 0x10, 0x00, 0xc0, 0x1b, 0x85, 0x2f, 0x00, 0x9b, 0x16, 0x45, 0x01, 0x93, 0xe6,
	0x16, 0x00, 0x9b, 0x86, 0x06, 0x00, 0x6f, 0xf0, 0x5f, 0xea, 0x13, 0x07, 0x06, 0x00,
	0x6f, 0xf0, 0x5f, 0xe5, 0x9b, 0x87, 0x07, 0x00, 0x13, 0x86, 0x02, 0x00, 0x13, 0x03,
	0x00, 0x40, 0x6f, 0x00, 0x80, 0x00, 0xe3, 0x0c, 0x06, 0xf8, 0x93, 0x06, 0x06, 0x00,
	0x63, 0x74, 0xc3, 0x00, 0x93, 0x06, 0x00, 0x40, 0x1b, 0x97, 0x26, 0x00, 0xb3, 0xe5,
	0xdf, 0x00, 0x23, 0x26, 0xb2, 0x02, 0xbb, 0x85, 0xd3, 0x02, 0x93, 0x95, 0x05, 0x02,
	0x93, 0xd5, 0x05, 0x02, 0x23, 0x34, 0xb2, 0x02, 0x23, 0x39, 0xe2, 0x09, 0xb3, 0x65,
	0xe5, 0x00, 0x93, 0x95, 0x05, 0x02, 0x93, 0xd5, 0x05, 0x02, 0x23, 0x39, 0xb2, 0x08,
	0x23, 0x20, 0xf2, 0x00, 0xb3, 0x65, 0xd8, 0x00, 0x23, 0x20, 0xb2, 0x00, 0xbb, 0x85,
	0xc2, 0x40, 0x23, 0x20, 0xb2, 0x00, 0x23, 0x20, 0x12, 0x01, 0x13, 0x17, 0x07, 0x02,
	0x13, 0x57, 0xe7, 0x01, 0x33, 0x0f, 0xef, 0x00, 0x3b, 0x06, 0xd6, 0x40, 0x03, 0x37,
	0x42, 0x07, 0xe3, 0x0a, 0x07, 0xf8, 0x6f, 0xf0, 0xdf, 0xf5, 0x03, 0x66, 0xc2, 0x02,
	0x23, 0x39, 0xe2, 0x09, 0x13, 0x66, 0x46, 0x00, 0x13, 0x16, 0x06, 0x02, 0x13, 0x56,
	0x06, 0x02, 0x23, 0x39, 0xc2, 0x08, 0x23, 0x24, 0x72, 0x02, 0x93, 0xe6, 0x16, 0x00,
	0x23, 0x26, 0xd2, 0x02, 0x03, 0x36, 0xc2, 0x0a, 0xb7, 0x06, 0x00, 0xc0, 0x93, 0x86,
	0xf6, 0x0f, 0xb3, 0xf6, 0xd7, 0x00, 0xb7, 0x97, 0x03, 0x00, 0x93, 0x87, 0x07, 0x90,
	0xb3, 0xe7, 0xf6, 0x00, 0x23, 0x20, 0xf2, 0x00, 0x23, 0x20, 0x12, 0x00, 0x23, 0x20,
	0xc2, 0x01, 0x23, 0x20, 0x02, 0x01, 0x23, 0x20, 0xe2, 0x00, 0x63, 0x0c, 0x06, 0x00,
	0x93, 0x07, 0x10, 0x00, 0xa3, 0x2e, 0xf2, 0x06, 0x23, 0x20, 0x02, 0x00, 0x93, 0x07,
	0x20, 0x00, 0x23, 0x20, 0xf2, 0x00, 0xb7, 0x07, 0x00, 0x20, 0xb3, 0xf7, 0xf0, 0x00,
	0xe3, 0x82, 0x07, 0xee, 0x6f, 0xf0, 0x5f, 0xed, 0x03, 0x36, 0xa2, 0x01, 0x83, 0x36,
	0x22, 0x30, 0x03, 0x37, 0xc2, 0x02, 0x83, 0x67, 0xa2, 0x00, 0xb3, 0x86, 0xc6, 0x00,
	0x23, 0x39, 0xd2, 0x08, 0x13, 0x67, 0x47, 0x00, 0x23, 0x39, 0xe2, 0x08, 0xa3, 0x2c,
	0x02, 0x00, 0x03, 0x20, 0x42, 0x31, 0x9b, 0xd7, 0xf7, 0x00, 0x93, 0xf7, 0x27, 0x00,
	0x23, 0x24, 0xf2, 0x02, 0x9b, 0x97, 0x47, 0x01, 0x93, 0xe7, 0x17, 0x00, 0x23, 0x26,
	0xf2, 0x02, 0xb7, 0x07, 0x01, 0xc0, 0x93, 0x87, 0xf7, 0xff, 0xb3, 0x77, 0xf5, 0x00,
	0x37, 0x07, 0x02, 0x00, 0xb3, 0xe7, 0xe7, 0x00, 0x23, 0x20, 0xf2, 0x00, 0x83, 0x67,
	0x22, 0x30, 0x23, 0x20, 0xf2, 0x00, 0x83, 0x67, 0x22, 0x30, 0x23, 0x20, 0xf2, 0x00,
	0x83, 0x67, 0x22, 0x30, 0x23, 0x20, 0xf2, 0x00, 0x03, 0x65, 0x22, 0x30, 0x83, 0x37,
	0x72, 0x00, 0x67, 0x80, 0x07, 0x00, 0x13, 0x00, 0x00, 0x00, 0x03, 0x37, 0xa2, 0x01,
	0x83, 0x37, 0x22, 0x30, 0xb3, 0x87, 0xe7, 0x00, 0x23, 0x39, 0xf2, 0x08, 0x03, 0x38,
	0x22, 0x30, 0x03, 0x36, 0x22, 0x30, 0x83, 0x37, 0xc2, 0x02, 0x93, 0xe7, 0x57, 0x00,
	0x23, 0x39, 0xf2, 0x08, 0xa3, 0x2c, 0x02, 0x00, 0x03, 0x20, 0x42, 0x31, 0x93, 0x57,
	0xc6, 0x01, 0x93, 0xf7, 0x17, 0x00, 0x13, 0x97, 0xf7, 0x01, 0x83, 0x36, 0xa2, 0x00,
	0xb7, 0x05, 0x01, 0x00, 0xb3, 0xf6, 0xb6, 0x00, 0x63, 0x8a, 0x06, 0x00, 0x93, 0x86,
	0x27, 0x00, 0x23, 0x34, 0xd2, 0x02, 0x93, 0x96, 0x46, 0x01, 0x33, 0x67, 0xd7, 0x00,
	0x23, 0x20, 0xa2, 0x00, 0x93, 0xc7, 0x17, 0x00, 0x13, 0x67, 0x17, 0x00, 0xa3, 0x36,
	0xe2, 0x02, 0x03, 0x67, 0x22, 0x30, 0x03, 0x65, 0x22, 0x30, 0x83, 0x35, 0x72, 0x00,
	0x93, 0x96, 0x17, 0x00, 0xb3, 0x87, 0xf6, 0x00, 0x23, 0x30, 0xf2, 0x00, 0x23, 0x30,
	0x02, 0x01, 0x23, 0x30, 0xc2, 0x00, 0x93, 0x17, 0x07, 0x02, 0x93, 0xd7, 0x07, 0x02,
	0x23, 0x30, 0xf2, 0x00, 0x67, 0x80, 0x05, 0x00, 0x83, 0x66, 0x22, 0x1f, 0x03, 0x67,
	0x22, 0x30, 0x03, 0x36, 0x22, 0x30, 0x83, 0x37, 0x22, 0x30, 0x93, 0x97, 0x07, 0x02,
	0xb3, 0xe7, 0xc7, 0x00, 0x23, 0x20, 0xd2, 0x00, 0x23, 0xa8, 0xed, 0x28, 0x03, 0x67,
	0x22, 0x30, 0x03, 0x66, 0x22, 0x30, 0x03, 0x65, 0x22, 0x30, 0x83, 0x36, 0x72, 0x00,
	0x23, 0xb0, 0xfd, 0x00, 0x23, 0xa6, 0xed, 0x28, 0x23, 0x20, 0xe2, 0x00, 0x23, 0x20,
	0xc2, 0x00, 0x67, 0x80, 0x06, 0x00, 0x13, 0x00, 0x00, 0x00, 0x6f, 0xb0, 0x0f, 0xb1,
	0x73, 0x10, 0x00, 0xc0, 0x83, 0x67, 0x22, 0x30, 0x83, 0x67, 0x22, 0x30, 0x83, 0x67,
	0x22, 0x30, 0x9b, 0x87, 0x07, 0x00, 0x83, 0x68, 0x22, 0x30, 0x37, 0x17, 0x00, 0x00,
	0x93, 0x06, 0x27, 0x21, 0x63, 0x86, 0xd7, 0x00, 0x6f, 0xb0, 0x8f, 0xae, 0x73, 0x10,
	0x00, 0xc0, 0x83, 0x37, 0x92, 0x1f, 0xb3, 0x87, 0xe7, 0x00, 0x37, 0x47, 0x00, 0x00,
	0x13, 0x07, 0x17, 0x10, 0x23, 0xa8, 0xe7, 0xc0, 0x9b, 0xd8, 0x28, 0x00, 0x63, 0x88,
	0x08, 0x18, 0x37, 0xb3, 0x17, 0xc0, 0x93, 0x87, 0x0d, 0x00, 0x93, 0x06, 0x00, 0x00,
	0x1b, 0x03, 0x03, 0x30, 0x23, 0x20, 0x62, 0x00, 0x03, 0x67, 0x22, 0x30, 0x03, 0x6f,
	0x22, 0x30, 0x83, 0x6e, 0x22, 0x30, 0x03, 0x67, 0x22, 0x30, 0x03, 0x6e, 0x22, 0x30,
	0x03, 0x68, 0x22, 0x30, 0x03, 0x67, 0x22, 0x30, 0x03, 0x65, 0x22, 0x30, 0x03, 0x36,
	0x22, 0x30, 0x03, 0x37, 0x22, 0x30, 0x13, 0x17, 0x07, 0x02, 0x33, 0x67, 0xc7, 0x00,
	0x03, 0x66, 0x22, 0x30, 0x83, 0x65, 0x22, 0x30, 0x23, 0x20, 0xe2, 0x01, 0x23, 0x20,
	0xd2, 0x01, 0x23, 0x20, 0xc2, 0x01, 0x23, 0x20, 0x02, 0x01, 0x23, 0xa8, 0xa7, 0x28,
	0x23, 0xb0, 0xe7, 0x00, 0x23, 0xa6, 0xc7, 0x28, 0x23, 0x20, 0xc2, 0x00, 0x23, 0x20,
	0xb2, 0x00, 0x03, 0x67, 0x22, 0x30, 0x03, 0x6f, 0x22, 0x30, 0x83, 0x6e, 0x22, 0x30,
	0x03, 0x67, 0x22, 0x30, 0x03, 0x6e, 0x22, 0x30, 0x03, 0x68, 0x22, 0x30, 0x03, 0x67,
	0x22, 0x30, 0x03, 0x65, 0x22, 0x30, 0x03, 0x36, 0x22, 0x30, 0x03, 0x37, 0x22, 0x30,
	0x13, 0x17, 0x07, 0x02, 0x33, 0x67, 0xc7, 0x00, 0x03, 0x66, 0x22, 0x30, 0x83, 0x65,
	0x22, 0x30, 0x23, 0x20, 0xe2, 0x01, 0x23, 0x20, 0xd2, 0x01, 0x23, 0x20, 0xc2, 0x01,
	0x23, 0x20, 0x02, 0x01, 0x23, 0xa8, 0xa7, 0x28, 0x23, 0xb0, 0xe7, 0x00, 0x23, 0xa6,
	0xc7, 0x28, 0x23, 0x20, 0xc2, 0x00, 0x23, 0x20, 0xb2, 0x00, 0x03, 0x67, 0x22, 0x30,
	0x03, 0x6f, 0x22, 0x30, 0x83, 0x6e, 0x22, 0x30, 0x03, 0x67, 0x22, 0x30, 0x03, 0x6e,
	0x22, 0x30, 0x03, 0x68, 0x22, 0x30, 0x03, 0x67, 0x22, 0x30, 0x03, 0x65, 0x22, 0x30,
	0x03, 0x36, 0x22, 0x30, 0x03, 0x37, 0x22, 0x30, 0x13, 0x17, 0x07, 0x02, 0x33, 0x67,
	0xc7, 0x00, 0x03, 0x66, 0x22, 0x30, 0x83, 0x65, 0x22, 0x30, 0x23, 0x20, 0xe2, 0x01,
	0x23, 0x20, 0xd2, 0x01, 0x23, 0x20, 0xc2, 0x01, 0x23, 0x20, 0x02, 0x01, 0x23, 0xa8,
	0xa7, 0x28, 0x23, 0xb0, 0xe7, 0x00, 0x23, 0xa6, 0xc7, 0x28, 0x23, 0x20, 0xc2, 0x00,
	0x23, 0x20, 0xb2, 0x00, 0x03, 0x67, 0x22, 0x30, 0x03, 0x6f, 0x22, 0x30, 0x83, 0x6e,
	0x22, 0x30, 0x03, 0x67, 0x22, 0x30, 0x03, 0x6e, 0x22, 0x30, 0x03, 0x68, 0x22, 0x30,
	0x03, 0x67, 0x22, 0x30, 0x03, 0x65, 0x22, 0x30, 0x03, 0x36, 0x22, 0x30, 0x03, 0x37,
	0x22, 0x30, 0x13, 0x17, 0x07, 0x02, 0x33, 0x67, 0xc7, 0x00, 0x03, 0x66, 0x22, 0x30,
	0x83, 0x65, 0x22, 0x30, 0x23, 0x20, 0xe2, 0x01, 0x23, 0x20, 0xd2, 0x01, 0x23, 0x20,
	0xc2, 0x01, 0x23, 0x20, 0x02, 0x01, 0x23, 0xa8, 0xa7, 0x28, 0x23, 0xb0, 0xe7, 0x00,
	0x23, 0xa6, 0xc7, 0x28, 0x23, 0x20, 0xc2, 0x00, 0x23, 0x20, 0xb2, 0x00, 0x9b, 0x86,
	0x16, 0x00, 0xe3, 0x94, 0x16, 0xe9, 0x83, 0x37, 0x92, 0x1f, 0x37, 0x17, 0x00, 0x00,
	0xb3, 0x87, 0xe7, 0x00, 0x37, 0x47, 0x00, 0x00, 0x13, 0x07, 0x17, 0x00, 0x23, 0xa8,
	0xe7, 0xc0, 0x6f, 0xf0, 0x9f, 0xe3, 0x13, 0x00, 0x00, 0x00, 0x83, 0x66, 0x22, 0x30,
	0x03, 0x67, 0x22, 0x30, 0x83, 0x67, 0x22, 0x30, 0x93, 0xf5, 0x16, 0x00, 0x63, 0x8e,
	0x05, 0x0c, 0x83, 0x36, 0xa2, 0x01, 0x13, 0x17, 0x07, 0x02, 0x13, 0x57, 0x07, 0x02,
	0x33, 0x07, 0xd7, 0x00, 0x9b, 0x97, 0x47, 0x00, 0x93, 0x97, 0x07, 0x02, 0x93, 0xd7,
	0x07, 0x02, 0xb3, 0x87, 0xe7, 0x00, 0xa3, 0x39, 0xf2, 0x06, 0x83, 0x36, 0x32, 0x07,
	0x03, 0xa7, 0x06, 0x00, 0x83, 0xa7, 0x46, 0x00, 0x1b, 0x07, 0x07, 0x00, 0x9b, 0x87,
	0x07, 0x00, 0x03, 0x66, 0x02, 0x1f, 0x13, 0x16, 0x06, 0x02, 0x13, 0x56, 0x06, 0x02,
	0x23, 0x3e, 0xc2, 0x00, 0x13, 0x17, 0x07, 0x02, 0x13, 0x57, 0x07, 0x02, 0x93, 0x97,
	0x07, 0x02, 0xb3, 0xe7, 0xe7, 0x00, 0xa3, 0x3e, 0xf2, 0x00, 0xa3, 0x25, 0x02, 0x02,
	0x83, 0xa7, 0x86, 0x00, 0x9b, 0x87, 0x07, 0x00, 0xa3, 0x27, 0xf2, 0x02, 0x13, 0x86,
	0x01, 0x86, 0x23, 0x26, 0xf6, 0x02, 0x83, 0xa7, 0xc6, 0x00, 0x9b, 0x87, 0x07, 0x00,
	0x63, 0x82, 0x05, 0x02, 0x13, 0x07, 0x30, 0x00, 0x63, 0x7e, 0xf7, 0x00, 0x13, 0x07,
	0xd0, 0x03, 0x33, 0x37, 0xf7, 0x00, 0x1b, 0x17, 0x17, 0x00, 0x93, 0xb7, 0x97, 0x03,
	0xb3, 0x67, 0xf7, 0x00, 0x9b, 0x87, 0x07, 0x00, 0x93, 0xf6, 0x37, 0x00, 0x13, 0x07,
	0x10, 0x00, 0x3b, 0x17, 0xd7, 0x00, 0x23, 0xaa, 0xfd, 0x28, 0x13, 0x77, 0x37, 0x00,
	0x23, 0x2e, 0xe2, 0x00, 0x23, 0x28, 0xe2, 0x1e, 0x37, 0x37, 0x00, 0xc0, 0x1b, 0x07,
	0x07, 0xa0, 0x23, 0x20, 0xe2, 0x00, 0x23, 0x20, 0xf2, 0x00, 0x23, 0x24, 0xf6, 0x02,
	0x6f, 0xb0, 0x4f, 0x83, 0x73, 0x10, 0x00, 0xc0, 0x93, 0x96, 0x06, 0x02, 0x13, 0x17,
	0x07, 0x02, 0x93, 0xd6, 0x06, 0x02, 0x33, 0x67, 0xd7, 0x00, 0x6f, 0xf0, 0x9f, 0xf2,
	0x03, 0x66, 0x22, 0x30, 0x83, 0x67, 0x22, 0x30, 0x23, 0x20, 0xa2, 0x00, 0x23, 0x20,
	0xc2, 0x00, 0x23, 0x20, 0xf2, 0x00, 0x03, 0x67, 0xc2, 0x0a, 0x9b, 0xd7, 0x57, 0x00,
	0x1b, 0x07, 0x07, 0x00, 0x93, 0xf7, 0x17, 0x00, 0x63, 0x12, 0x07, 0x04, 0x03, 0x37,
	0x22, 0x0a, 0x63, 0x9e, 0x07, 0x02, 0x13, 0x16, 0x06, 0x02, 0x13, 0x56, 0x06, 0x02,
	0x93, 0x05, 0x80, 0x00, 0x93, 0x06, 0x06, 0x00, 0x63, 0xf4, 0xc5, 0x00, 0x93, 0x06,
	0x80, 0x00, 0x63, 0x00, 0x06, 0x02, 0x93, 0x07, 0x00, 0x00, 0x03, 0x67, 0x22, 0x30,
	0x23, 0x20, 0xe2, 0x00, 0x93, 0x87, 0x17, 0x00, 0xe3, 0xea, 0xd7, 0xfe, 0x33, 0x06,
	0xd6, 0x40, 0xe3, 0x1c, 0x06, 0xfc, 0x6f, 0xa0, 0x1f, 0xfb, 0x73, 0x10, 0x00, 0xc0,
	0x03, 0x37, 0x82, 0x01, 0x83, 0x36, 0x72, 0x01, 0xb7, 0x37, 0x01, 0xc0, 0x9b, 0x87,
	0x07, 0x50, 0x23, 0x20, 0xf2, 0x00, 0x83, 0x67, 0x22, 0x30, 0x23, 0xa8, 0xfd, 0x28,
	0x83, 0x37, 0x22, 0x30, 0xb3, 0x97, 0xd7, 0x00, 0xb3, 0x87, 0xe7, 0x00, 0x23, 0xb0,
	0xfd, 0x00, 0x83, 0x67, 0x22, 0x30, 0x23, 0xa6, 0xfd, 0x28, 0x23, 0x20, 0xf2, 0x00,
	0x83, 0x67, 0x22, 0x30, 0x23, 0x20, 0xf2, 0x00, 0x6f, 0xa0, 0x9f, 0xf6, 0x73, 0x10,
	0x00, 0xc0, 0x03, 0x33, 0xa2, 0x01, 0x83, 0x68, 0x22, 0x30, 0x83, 0x60, 0x22, 0x30,
	0x03, 0x64, 0x22, 0x30, 0x83, 0x63, 0x22, 0x30, 0x03, 0x67, 0x22, 0x30, 0x1b, 0x06,
	0x07, 0x00, 0x93, 0x0f, 0x06, 0x00, 0x83, 0x35, 0x22, 0x30, 0x83, 0x36, 0x22, 0x30,
	0xb7, 0x07, 0x00, 0x40, 0xb3, 0xf7, 0xf3, 0x00, 0x63, 0x82, 0x07, 0x02, 0x93, 0x97,
	0x06, 0x02, 0xb3, 0xe7, 0xb7, 0x00, 0xa3, 0x39, 0xf2, 0x06, 0x83, 0x37, 0x32, 0x07,
	0x83, 0xa7, 0x07, 0x00, 0x9b, 0x86, 0x07, 0x00, 0x63, 0xee, 0xc7, 0x30, 0x9b, 0x0f,
	0x07, 0x00, 0x83, 0x65, 0x22, 0x30, 0x1b, 0x87, 0x05, 0x00, 0x83, 0x67, 0x22, 0x30,
	0x1b, 0x88, 0x07, 0x00, 0x83, 0x66, 0xa2, 0x00, 0x63, 0x84, 0x0f, 0x2c, 0x1b, 0xde,
	0xb3, 0x01, 0x13, 0x9f, 0x08, 0x02, 0x13, 0x7e, 0x1e, 0x00, 0xb7, 0x08, 0x00, 0x02,
	0x13, 0x5f, 0x0f, 0x02, 0x93, 0x42, 0x1e, 0x00, 0x9b, 0xd6, 0x06, 0x01, 0xb3, 0xf8,
	0x13, 0x01, 0x33, 0x0f, 0x6f, 0x00, 0xb3, 0xf2, 0xd2, 0x00, 0x63, 0x8c, 0x08, 0x14,
	0xb7, 0x06, 0x00, 0x10, 0xb3, 0xe6, 0xd3, 0x00, 0xa3, 0x2c, 0x02, 0x00, 0x03, 0x20,
	0x42, 0x31, 0x03, 0x66, 0xc2, 0x02, 0x9b, 0x08, 0x06, 0x00, 0x1b, 0xd3, 0xf6, 0x01,
	0x63, 0x8e, 0x02, 0x2a, 0x13, 0x03, 0x33, 0x00, 0x93, 0x13, 0x43, 0x01, 0x93, 0x0e,
	0x10, 0x00, 0xb3, 0x82, 0x62, 0x02, 0x1b, 0x83, 0x06, 0x00, 0x63, 0x8c, 0xdf, 0x41,
	0x93, 0x0e, 0x20, 0x00, 0x23, 0x2f, 0xd2, 0x07, 0x23, 0x20, 0x12, 0x00, 0x23, 0x20,
	0x82, 0x00, 0x23, 0x20, 0x62, 0x00, 0x9b, 0xd6, 0xd6, 0x01, 0x93, 0xf6, 0x16, 0x00,
	0x93, 0xc6, 0x16, 0x00, 0x9b, 0xd7, 0x57, 0x00, 0xb3, 0x66, 0xde, 0x00, 0xb3, 0xe6,
	0xd7, 0x00, 0xb7, 0x07, 0x01, 0xc0, 0x93, 0x87, 0xf7, 0xff, 0x9b, 0x96, 0xf6, 0x01,
	0xb3, 0x77, 0xf5, 0x00, 0x37, 0x05, 0x00, 0x80, 0x33, 0xc5, 0xa6, 0x00, 0x37, 0x03,
	0x02, 0x00, 0x93, 0x06, 0x00, 0x02, 0xb3, 0xe7, 0x67, 0x00, 0x1b, 0x05, 0x05, 0x00,
	0x63, 0x00, 0xd7, 0x2e, 0x13, 0x66, 0x86, 0x00, 0x13, 0x13, 0x06, 0x02, 0x93, 0x95,
	0x05, 0x02, 0x13, 0x53, 0x03, 0x02, 0x9b, 0x88, 0x07, 0x00, 0x93, 0xd5, 0x05, 0x02,
	0x13, 0x65, 0x15, 0x00, 0x93, 0x8e, 0x0f, 0x00, 0x93, 0x00, 0x00, 0x40, 0x1b, 0x8e,
	0x0e, 0x00, 0x63, 0xf4, 0xd0, 0x01, 0x13, 0x0e, 0x00, 0x40, 0x93, 0x17, 0x0e, 0x02,
	0x93, 0xd7, 0x07, 0x02, 0x33, 0xe7, 0x77, 0x00, 0x23, 0x30, 0xe2, 0x08, 0xb3, 0x87,
	0x57, 0x02, 0x23, 0x34, 0xf2, 0x02, 0x3b, 0x06, 0xde, 0x41, 0x93, 0x07, 0x0e, 0x00,
	0x13, 0x07, 0x0f, 0x00, 0x3b, 0x06, 0xf6, 0x01, 0x23, 0x39, 0xe2, 0x08, 0x23, 0x39,
	0x62, 0x08, 0x33, 0x07, 0xb7, 0x00, 0x23, 0x20, 0x12, 0x01, 0x23, 0x20, 0xa2, 0x00,
	0xbb, 0x06, 0xf6, 0x40, 0x23, 0x20, 0xd2, 0x00, 0x23, 0x20, 0x02, 0x01, 0x9b, 0x87,
	0xf7, 0xff, 0xe3, 0x9e, 0x07, 0xfc, 0x93, 0x17, 0x0e, 0x02, 0x93, 0xd7, 0x07, 0x02,
	0xb3, 0x87, 0xb7, 0x02, 0xbb, 0x8e, 0xce, 0x41, 0x33, 0x0f, 0xff, 0x00, 0x83, 0x37,
	0x42, 0x07, 0x63, 0x92, 0x07, 0x02, 0xe3, 0x94, 0x0e, 0xf8, 0x83, 0x37, 0xc2, 0x0a,
	0x63, 0x8c, 0x07, 0x00, 0x93, 0x07, 0x10, 0x00, 0xa3, 0x2e, 0xf2, 0x06, 0x23, 0x20,
	0x02, 0x00, 0x93, 0x07, 0x20, 0x00, 0x23, 0x20, 0xf2, 0x00, 0x6f, 0xa0, 0xdf, 0xd7,
	0x73, 0x10, 0x00, 0xc0, 0x9b, 0xd6, 0xc3, 0x01, 0x93, 0xf6, 0x16, 0x00, 0xa3, 0x2c,
	0x02, 0x00, 0x03, 0x20, 0x42, 0x31, 0x03, 0x66, 0xc2, 0x02, 0x9b, 0x9e, 0xf6, 0x01,
	0x1b, 0x03, 0x06, 0x00, 0x63, 0x80, 0x02, 0x02, 0x9b, 0xd8, 0xf3, 0x01, 0xbb, 0x88,
	0xd8, 0x00, 0x9b, 0x88, 0x28, 0x00, 0x9b, 0x96, 0x48, 0x01, 0x93, 0x96, 0x06, 0x02,
	0x93, 0xd6, 0x06, 0x02, 0xb3, 0xee, 0xde, 0x00, 0x93, 0x06, 0x10, 0x00, 0x63, 0x8e,
	0xdf, 0x24, 0x93, 0x06, 0x20, 0x00, 0x23, 0x2f, 0xd2, 0x06, 0x23, 0x20, 0x12, 0x00,
	0x23, 0x20, 0x82, 0x00, 0x23, 0x20, 0x72, 0x00, 0x9b, 0xd2, 0xd3, 0x01, 0x93, 0xf2,
	0x12, 0x00, 0x9b, 0xd6, 0x57, 0x00, 0x93, 0xc2, 0x12, 0x00, 0xb3, 0x67, 0x5e, 0x00,
	0x93, 0xf6, 0x16, 0x00, 0xb3, 0xe6, 0xf6, 0x00, 0xb7, 0x07, 0x01, 0xc0, 0x93, 0xc6,
	0x16, 0x00, 0x93, 0x87, 0xf7, 0xff, 0xb3, 0x77, 0xf5, 0x00, 0x9b, 0x96, 0xf6, 0x01,
	0x37, 0x05, 0x02, 0x00, 0x13, 0x0e, 0x40, 0x01, 0xb3, 0xe7, 0xa7, 0x00, 0x1b, 0x85,
	0x06, 0x00, 0x63, 0x0a, 0xc7, 0x0f, 0x13, 0x66, 0x56, 0x00, 0x93, 0x10, 0x06, 0x02,
	0x93, 0xe6, 0x16, 0x00, 0x13, 0x94, 0x08, 0x02, 0x13, 0x95, 0x05, 0x02, 0x93, 0xd0,
	0x00, 0x02, 0x9b, 0x82, 0x07, 0x00, 0x13, 0x54, 0x04, 0x02, 0x1b, 0x86, 0x06, 0x00,
	0x13, 0x55, 0x05, 0x02, 0x13, 0x8e, 0x0f, 0x00, 0x93, 0x04, 0x00, 0x40, 0x13, 0x07,
	0x0e, 0x00, 0x63, 0xf4, 0xc4, 0x01, 0x13, 0x07, 0x00, 0x40, 0x93, 0x18, 0x07, 0x02,
	0x93, 0xd8, 0x08, 0x02, 0x1b, 0x03, 0x07, 0x00, 0xb3, 0xe7, 0xd8, 0x01, 0xa3, 0x36,
	0xf2, 0x02, 0xb3, 0x87, 0x88, 0x02, 0x23, 0x34, 0xf2, 0x02, 0xbb, 0x05, 0xc3, 0x41,
	0x93, 0x87, 0x08, 0x00, 0x13, 0x07, 0x0f, 0x00, 0xbb, 0x85, 0xf5, 0x01, 0x23, 0x39,
	0xe2, 0x08, 0x23, 0x39, 0x12, 0x08, 0x33, 0x07, 0xa7, 0x00, 0x23, 0x20, 0x52, 0x00,
	0x23, 0x20, 0xc2, 0x00, 0xbb, 0x86, 0xf5, 0x40, 0x23, 0x20, 0xd2, 0x00, 0x23, 0x20,
	0x02, 0x01, 0x93, 0x87, 0xf7, 0xff, 0xe3, 0x9e, 0x07, 0xfc, 0xb3, 0x08, 0x15, 0x03,
	0x3b, 0x0e, 0x6e, 0x40, 0x33, 0x0f, 0x1f, 0x01, 0x83, 0x37, 0x42, 0x07, 0xe3, 0x9e,
	0x07, 0xea, 0xe3, 0x16, 0x0e, 0xf8, 0x83, 0x37, 0xc2, 0x0a, 0xe3, 0x88, 0x07, 0xea,
	0x93, 0x07, 0x10, 0x00, 0xa3, 0x2e, 0xf2, 0x06, 0x23, 0x20, 0x02, 0x00, 0x93, 0x07,
	0x20, 0x00, 0x23, 0x20, 0xf2, 0x00, 0xb7, 0x07, 0x00, 0x20, 0xb3, 0xf7, 0xf3, 0x00,
	0xe3, 0x88, 0x07, 0xe8, 0xa3, 0x21, 0x02, 0x08, 0x93, 0x07, 0x50, 0x03, 0x23, 0x20,
	0xf2, 0x00, 0x6f, 0xf0, 0x1f, 0xe8, 0x13, 0x87, 0x06, 0x00, 0x6f, 0xf0, 0x5f, 0xce,
	0x93, 0x03, 0x00, 0x00, 0x6f, 0xf0, 0xdf, 0xd4, 0x9b, 0x87, 0x07, 0x00, 0x13, 0x86,
	0x0f, 0x00, 0x13, 0x0e, 0x00, 0x40, 0x13, 0x07, 0x06, 0x00, 0x63, 0x74, 0xce, 0x00,
	0x13, 0x07, 0x00, 0x40, 0x9b, 0x16, 0x27, 0x00, 0xbb, 0x86, 0xe6, 0x00, 0x23, 0x39,
	0xe2, 0x09, 0xb3, 0x65, 0xd3, 0x00, 0x93, 0x95, 0x05, 0x02, 0x93, 0xd5, 0x05, 0x02,
	0x23, 0x39, 0xb2, 0x08, 0x93, 0x15, 0x07, 0x02, 0x93, 0xd5, 0x05, 0x02, 0xb3, 0xe5,
	0xd5, 0x01, 0xa3, 0x36, 0xb2, 0x02, 0xbb, 0x05, 0x17, 0x03, 0x93, 0x95, 0x05, 0x02,
	0x93, 0xd5, 0x05, 0x02, 0x23, 0x34, 0xb2, 0x02, 0x23, 0x20, 0xf2, 0x00, 0xb3, 0x65,
	0xe5, 0x00, 0x23, 0x20, 0xb2, 0x00, 0xbb, 0x85, 0xcf, 0x40, 0x23, 0x20, 0xb2, 0x00,
	0x23, 0x20, 0x02, 0x01, 0x93, 0x95, 0x06, 0x02, 0x93, 0xd6, 0xe5, 0x01, 0x33, 0x0f,
	0xdf, 0x00, 0x3b, 0x06, 0xe6, 0x40, 0x03, 0x37, 0x42, 0x07, 0xe3, 0x16, 0x07, 0xde,
	0xe3, 0x14, 0x06, 0xf8, 0x6f, 0xf0, 0x1f, 0xf3, 0x9b, 0x87, 0x07, 0x00, 0x93, 0x86,
	0x0f, 0x00, 0x13, 0x0e, 0x00, 0x40, 0x6f, 0x00, 0x80, 0x00, 0xe3, 0x8a, 0x06, 0xda,
	0x13, 0x86, 0x06, 0x00, 0x63, 0x74, 0xde, 0x00, 0x13, 0x06, 0x00, 0x40, 0x1b, 0x17,
	0x36, 0x00, 0x23, 0x39, 0xe2, 0x09, 0xb3, 0xe5, 0xe8, 0x00, 0x93, 0x95, 0x05, 0x02,
	0x93, 0xd5, 0x05, 0x02, 0x23, 0x39, 0xb2, 0x08, 0x93, 0x15, 0x06, 0x02, 0x93, 0xd5,
	0x05, 0x02, 0x33, 0xe3, 0x75, 0x00, 0x23, 0x30, 0x62, 0x08, 0xb3, 0x85, 0x55, 0x02,
	0x23, 0x34, 0xb2, 0x02, 0x23, 0x20, 0xf2, 0x00, 0xb3, 0x65, 0xc5, 0x00, 0x23, 0x20,
	0xb2, 0x00, 0xbb, 0x85, 0xdf, 0x40, 0x23, 0x20, 0xb2, 0x00, 0x23, 0x20, 0x02, 0x01,
	0x13, 0x17, 0x07, 0x02, 0x13, 0x57, 0xe7, 0x01, 0x33, 0x0f, 0xef, 0x00, 0xbb, 0x86,
	0xc6, 0x40, 0x03, 0x37, 0x42, 0x07, 0xe3, 0x0a, 0x07, 0xf8, 0x6f, 0xf0, 0x1f, 0xd6,
	0x23, 0x24, 0x12, 0x03, 0x23, 0x39, 0xe2, 0x09, 0x13, 0x67, 0x56, 0x00, 0x13, 0x17,
	0x07, 0x02, 0x13, 0x57, 0x07, 0x02, 0x23, 0x39, 0xe2, 0x08, 0x93, 0xee, 0x1e, 0x00,
	0xa3, 0x36, 0xd2, 0x03, 0x83, 0x36, 0xc2, 0x0a, 0x13, 0xf7, 0x07, 0x02, 0x63, 0x04,
	0x07, 0x00, 0x93, 0x06, 0x10, 0x00, 0x37, 0x97, 0x03, 0xc0, 0x13, 0x07, 0x07, 0xa0,
	0x13, 0x75, 0xf5, 0x0f, 0x33, 0x65, 0xe5, 0x00, 0x23, 0x20, 0xa2, 0x00, 0x23, 0x20,
	0x72, 0x00, 0x23, 0x20, 0x12, 0x00, 0x23, 0x20, 0x82, 0x00, 0x23, 0x20, 0xf2, 0x00,
	0xe3, 0x9e, 0x06, 0xe4, 0x6f, 0xf0, 0xdf, 0xe6, 0x23, 0x34, 0x52, 0x02, 0x23, 0x39,
	0xe2, 0x09, 0x13, 0x67, 0x86, 0x00, 0x13, 0x17, 0x07, 0x02, 0x13, 0x57, 0x07, 0x02,
	0x23, 0x39, 0xe2, 0x08, 0x93, 0xe3, 0x13, 0x00, 0x23, 0x30, 0x72, 0x08, 0x83, 0x36,
	0xc2, 0x0a, 0x37, 0x97, 0x03, 0xc0, 0x13, 0x07, 0x07, 0xa0, 0x13, 0x75, 0xf5, 0x0f,
	0x33, 0x65, 0xe5, 0x00, 0x23, 0x20, 0xa2, 0x00, 0x23, 0x20, 0x62, 0x00, 0x23, 0x20,
	0x12, 0x00, 0x23, 0x20, 0x82, 0x00, 0x23, 0x20, 0xf2, 0x00, 0x63, 0x8c, 0x06, 0x00,
	0x93, 0x07, 0x10, 0x00, 0xa3, 0x2e, 0xf2, 0x06, 0x23, 0x20, 0x02, 0x00, 0x93, 0x07,
	0x20, 0x00, 0x23, 0x20, 0xf2, 0x00, 0x93, 0x57, 0xd3, 0x01, 0x93, 0xf7, 0x17, 0x00,
	0xe3, 0x8c, 0x07, 0xc8, 0x6f, 0xf0, 0x9f, 0xe0, 0x13, 0x00, 0x00, 0x00, 0x23, 0x20,
	0xa2, 0x00, 0x23, 0x30, 0x0c, 0x00, 0xa3, 0x25, 0x02, 0x38, 0x6f, 0xa0, 0xdf, 0x9f,
	0x73, 0x10, 0x00, 0xc0, 0x13, 0x00, 0x00, 0x00, 0x83, 0x36, 0xb2, 0x01, 0x03, 0x67,
	0x22, 0x30, 0x83, 0x67, 0xc2, 0x02, 0x13, 0x17, 0x07, 0x02, 0x13, 0x57, 0x07, 0x02,
	0x33, 0x07, 0xd7, 0x00, 0xa3, 0x31, 0xe2, 0x00, 0x93, 0xe7, 0x37, 0x00, 0x93, 0x97,
	0x07, 0x02, 0x93, 0xd7, 0x07, 0x02, 0xa3, 0x31, 0xf2, 0x00, 0x23, 0x20, 0xa2, 0x00,
	0x23, 0x20, 0x02, 0x00, 0x83, 0x67, 0x22, 0x30, 0x23, 0x20, 0xf2, 0x00, 0x6f, 0xa0,
	0x5f, 0x9b, 0x73, 0x10, 0x00, 0xc0, 0x13, 0x00, 0x00, 0x00, 0x03, 0x67, 0x22, 0x30,
	0x93, 0x07, 0x10, 0x00, 0x93, 0x76, 0x37, 0x00, 0xbb, 0x97, 0xd7, 0x00, 0x23, 0xaa,
	0xed, 0x28, 0x93, 0xf7, 0x37, 0x00, 0x23, 0x2e, 0xf2, 0x00, 0x23, 0x28, 0xf2, 0x1e,
	0xb7, 0x37, 0x00, 0xc0, 0x9b, 0x87, 0x07, 0xa0, 0x23, 0x20, 0xf2, 0x00, 0x23, 0x20,
	0xe2, 0x00, 0x23, 0xa4, 0xe1, 0x88, 0x6f, 0xa0, 0x5f, 0x97, 0x73, 0x10, 0x00, 0xc0,
	0x13, 0x00, 0x00, 0x00, 0x03, 0x67, 0x22, 0x30, 0x83, 0x67, 0x22, 0x30, 0x23, 0x20,
	0xa2, 0x00, 0x23, 0x20, 0xe2, 0x00, 0x23, 0x20, 0xf2, 0x00, 0x13, 0x17, 0x07, 0x02,
	0x13, 0x57, 0x07, 0x02, 0x93, 0x97, 0x07, 0x02, 0xb3, 0xe7, 0xe7, 0x00, 0xa3, 0x39,
	0xf2, 0x06, 0x83, 0x37, 0x32, 0x07, 0x83, 0xa5, 0x07, 0x00, 0x03, 0xa7, 0x87, 0x00,
	0x03, 0xa6, 0x87, 0x01, 0x03, 0xa5, 0xc7, 0x01, 0x83, 0xa6, 0x07, 0x02, 0x9b, 0x85,
	0x05, 0x00, 0x13, 0x15, 0x05, 0x02, 0x13, 0x55, 0x05, 0x02, 0x93, 0x96, 0x06, 0x02,
	0x1b, 0x07, 0x07, 0x00, 0x1b, 0x06, 0x06, 0x00, 0xb3, 0xe6, 0xa6, 0x00, 0xa3, 0x39,
	0xd2, 0x06, 0x03, 0x35, 0x32, 0x07, 0xb7, 0x06, 0x01, 0x00, 0xbb, 0x86, 0xb6, 0x00,
	0x93, 0x05, 0x07, 0x00, 0x63, 0xf6, 0xe6, 0x00, 0xb7, 0x05, 0x00, 0x10, 0xbb, 0x85,
	0xe5, 0x00, 0x23, 0x3a, 0xf2, 0x1e, 0x23, 0x2b, 0xb2, 0x1e, 0xa3, 0x2b, 0xc2, 0x1e,
	0x23, 0x3c, 0xa2, 0x1e, 0x23, 0x2c, 0xed, 0x90, 0x6f, 0xa0, 0x9f, 0x8d, 0x73, 0x10,
	0x00, 0xc0, 0x93, 0x0f, 0x05, 0x00, 0x03, 0x68, 0x22, 0x30, 0x03, 0x63, 0x22, 0x30,
	0x1b, 0x03, 0x03, 0x00, 0x83, 0x37, 0xa2, 0x01, 0x13, 0x18, 0x08, 0x02, 0x13, 0x58,
	0x08, 0x02, 0x33, 0x08, 0xf8, 0x00, 0x03, 0x6f, 0x22, 0x30, 0x83, 0x65, 0x22, 0x30,
	0x9b, 0x88, 0x05, 0x00, 0x13, 0x8e, 0x08, 0x00, 0x83, 0x32, 0x22, 0x30, 0x03, 0x35,
	0x22, 0x30, 0x1b, 0x57, 0xcf, 0x01, 0x9b, 0x56, 0xff, 0x01, 0x1b, 0x56, 0xdf, 0x01,
	0x93, 0x7e, 0x17, 0x00, 0x9b, 0x93, 0x16, 0x00, 0x1b, 0x16, 0x26, 0x00, 0x9b, 0x57,
	0xbf, 0x01, 0xb3, 0xee, 0x7e, 0x00, 0x13, 0x76, 0x46, 0x00, 0x9b, 0x97, 0x37, 0x00,
	0x93, 0xf7, 0x87, 0x00, 0xb3, 0xee, 0xce, 0x00, 0xb3, 0xee, 0xfe, 0x00, 0xb7, 0x07,
	0x00, 0x40, 0xb3, 0x77, 0xff, 0x00, 0x9b, 0x8e, 0x0e, 0x00, 0x63, 0x82, 0x07, 0x02,
	0x93, 0x17, 0x05, 0x02, 0xb3, 0xe7, 0x57, 0x00, 0xa3, 0x39, 0xf2, 0x06, 0x83, 0x37,
	0x32, 0x07, 0x83, 0xa7, 0x07, 0x00, 0x1b, 0x86, 0x07, 0x00, 0x63, 0xea, 0x17, 0x13,
	0x1b, 0x8e, 0x05, 0x00, 0x03, 0x65, 0x22, 0x30, 0x1b, 0x05, 0x05, 0x00, 0x03, 0x64,
	0x22, 0x30, 0x1b, 0x04, 0x04, 0x00, 0x63, 0x02, 0x0e, 0x20, 0x83, 0x62, 0xa2, 0x00,
	0x37, 0x06, 0x01, 0xc0, 0x9b, 0x57, 0xff, 0x01, 0x93, 0x87, 0x37, 0x00, 0x9b, 0xd2,
	0x02, 0x01, 0x13, 0x06, 0xf6, 0xff, 0x9b, 0x97, 0x07, 0x01, 0xb3, 0xff, 0xcf, 0x00,
	0x93, 0xf2, 0x12, 0x00, 0x1b, 0x0f, 0x0f, 0x00, 0xb3, 0xef, 0xff, 0x00, 0x63, 0x9c,
	0x02, 0x0c, 0xa3, 0x2c, 0x02, 0x00, 0x03, 0x20, 0x42, 0x31, 0x83, 0x37, 0x02, 0x32,
	0x93, 0xf7, 0x47, 0x00, 0xe3, 0x9c, 0x07, 0xfe, 0x73, 0x27, 0x40, 0xf1, 0x1b, 0x07,
	0xe7, 0x30, 0x13, 0x17, 0x07, 0x02, 0x93, 0x07, 0xc0, 0x00, 0x9b, 0x8f, 0x0f, 0x00,
	0x13, 0x57, 0x07, 0x02, 0x63, 0x02, 0xf5, 0x0c, 0x9b, 0x50, 0x03, 0x01, 0x13, 0x15,
	0x05, 0x02, 0x13, 0x13, 0x03, 0x03, 0x93, 0x06, 0x00, 0x00, 0x93, 0x08, 0x30, 0x00,
	0x33, 0x07, 0xe2, 0x00, 0x13, 0x53, 0x03, 0x03, 0x13, 0x55, 0x05, 0x02, 0x23, 0x39,
	0x02, 0x09, 0x23, 0x39, 0x12, 0x09, 0x83, 0x65, 0x07, 0x00, 0x9b, 0x83, 0x05, 0x00,
	0x03, 0x66, 0x07, 0x00, 0x9b, 0x04, 0x06, 0x00, 0x83, 0x67, 0x07, 0x00, 0x1b, 0x89,
	0x07, 0x00, 0x63, 0x80, 0x03, 0x04, 0x63, 0x8e, 0x04, 0x02, 0x63, 0x0c, 0x09, 0x02,
	0x23, 0x24, 0x52, 0x02, 0x23, 0x20, 0xf2, 0x01, 0x9b, 0x95, 0x85, 0x00, 0xb3, 0xe5,
	0xbe, 0x00, 0x23, 0x20, 0xb2, 0x00, 0x1b, 0x16, 0xa6, 0x00, 0x33, 0x66, 0x16, 0x00,
	0x23, 0x20, 0xc2, 0x00, 0x9b, 0x97, 0xa7, 0x00, 0xb3, 0x67, 0xf3, 0x00, 0x23, 0x20,
	0xf2, 0x00, 0x63, 0x42, 0x0f, 0x02, 0x23, 0x20, 0x82, 0x00, 0x83, 0x67, 0x42, 0x07,
	0x9b, 0x87, 0x07, 0x00, 0x63, 0x9a, 0x07, 0x12, 0x9b, 0x86, 0x16, 0x00, 0x63, 0x08,
	0xde, 0x10, 0x33, 0x08, 0xa8, 0x00, 0x6f, 0xf0, 0x9f, 0xf8, 0x23, 0x20, 0xd2, 0x00,
	0x6f, 0xf0, 0xdf, 0xfd, 0x93, 0x77, 0x17, 0x00, 0x13, 0x07, 0x30, 0x00, 0xbb, 0x87,
	0xe7, 0x02, 0xbb, 0x82, 0xd7, 0x00, 0x6f, 0xf0, 0xdf, 0xf1, 0x93, 0x05, 0x06, 0x00,
	0x6f, 0xf0, 0xdf, 0xec, 0x37, 0x09, 0x01, 0x00, 0x93, 0x13, 0x03, 0x03, 0x13, 0x05,
	0x0e, 0x00, 0x1b, 0x09, 0xf9, 0xff, 0x33, 0x07, 0xe2, 0x00, 0x9b, 0x50, 0x03, 0x01,
	0xb7, 0x04, 0x01, 0x00, 0x93, 0xd3, 0x03, 0x03, 0x93, 0x06, 0x05, 0x00, 0x63, 0x64,
	0x95, 0x00, 0x93, 0x06, 0x09, 0x00, 0x9b, 0x88, 0x06, 0x00, 0x23, 0x39, 0x02, 0x09,
	0x9b, 0x97, 0x16, 0x00, 0xbb, 0x87, 0xd7, 0x00, 0x93, 0x97, 0x07, 0x02, 0x93, 0xd7,
	0x07, 0x02, 0x23, 0x39, 0xf2, 0x08, 0x3b, 0x83, 0xa8, 0x40, 0x93, 0x87, 0x08, 0x00,
	0x3b, 0x03, 0xc3, 0x01, 0x83, 0x65, 0x07, 0x00, 0x9b, 0x89, 0x05, 0x00, 0x03, 0x66,
	0x07, 0x00, 0x1b, 0x0a, 0x06, 0x00, 0x83, 0x66, 0x07, 0x00, 0x9b, 0x8a, 0x06, 0x00,
	0x63, 0x80, 0x09, 0x04, 0x63, 0x0e, 0x0a, 0x02, 0x63, 0x8c, 0x0a, 0x02, 0x23, 0x24,
	0x52, 0x02, 0x23, 0x20, 0xf2, 0x01, 0x9b, 0x95, 0x85, 0x00, 0xb3, 0xe5, 0xbe, 0x00,
	0x23, 0x20, 0xb2, 0x00, 0x1b, 0x16, 0xa6, 0x00, 0x33, 0x66, 0x16, 0x00, 0x23, 0x20,
	0xc2, 0x00, 0x9b, 0x96, 0xa6, 0x00, 0xb3, 0xe6, 0xd3, 0x00, 0x23, 0x20, 0xd2, 0x00,
	0x63, 0x40, 0x0f, 0x06, 0x23, 0x20, 0x82, 0x00, 0x9b, 0x87, 0xf7, 0xff, 0xe3, 0x92,
	0x07, 0xfa, 0x93, 0x96, 0x08, 0x02, 0x93, 0xd6, 0x06, 0x02, 0x93, 0x97, 0x16, 0x00,
	0xb3, 0x87, 0xd7, 0x00, 0x93, 0x97, 0x27, 0x00, 0x3b, 0x05, 0x15, 0x41, 0x33, 0x08,
	0xf8, 0x00, 0x83, 0x67, 0x42, 0x07, 0x9b, 0x87, 0x07, 0x00, 0x63, 0x92, 0x07, 0x02,
	0xe3, 0x12, 0x05, 0xf4, 0x83, 0x67, 0xc2, 0x0a, 0x9b, 0x87, 0x07, 0x00, 0x63, 0x8a,
	0x07, 0x00, 0xa3, 0x2e, 0x02, 0x06, 0x23, 0x20, 0x02, 0x00, 0x93, 0x07, 0x20, 0x00,
	0x23, 0x20, 0xf2, 0x00, 0x6f, 0xa0, 0x4f, 0xe0, 0x73, 0x10, 0x00, 0xc0, 0xbb, 0x06,
	0xf3, 0x40, 0x23, 0x20, 0xd2, 0x00, 0x6f, 0xf0, 0xdf, 0xf9, 0x83, 0x37, 0x02, 0x32,
	0x93, 0xf7, 0x47, 0x00, 0xe3, 0x9c, 0x07, 0xfe, 0x83, 0x37, 0x42, 0x1f, 0x83, 0x65,
	0x62, 0x1f, 0x03, 0x35, 0x82, 0x1f, 0x83, 0x68, 0x22, 0x30, 0x1b, 0x83, 0x08, 0x00,
	0x03, 0x68, 0x22, 0x30, 0x83, 0x64, 0x22, 0x30, 0x9b, 0x8f, 0x04, 0x00, 0x83, 0x67,
	0x72, 0x1f, 0x1b, 0x86, 0xf7, 0xff, 0x33, 0x76, 0xb6, 0x00, 0xb3, 0xf6, 0xb7, 0x00,
	0x93, 0x17, 0x06, 0x02, 0x9b, 0x86, 0x06, 0x00, 0x13, 0xd6, 0xc7, 0x01, 0xb3, 0x36,
	0xd0, 0x00, 0x33, 0x06, 0xc5, 0x00, 0x83, 0x27, 0xc6, 0x00, 0x9b, 0x87, 0x07, 0x00,
	0x03, 0x67, 0x42, 0x07, 0x1b, 0x07, 0x07, 0x00, 0x63, 0x10, 0x07, 0x22, 0x13, 0xf7,
	0x17, 0x00, 0xe3, 0x94, 0xe6, 0xfe, 0x1b, 0x56, 0x88, 0x01, 0x03, 0x67, 0xa2, 0x00,
	0x37, 0x0e, 0x01, 0x00, 0x9b, 0x56, 0xe8, 0x01, 0x33, 0x77, 0xc7, 0x01, 0x9b, 0x96,
	0x36, 0x00, 0x13, 0x37, 0x17, 0x00, 0x93, 0xf6, 0x86, 0x00, 0x1b, 0x17, 0x57, 0x00,
	0x3b, 0x07, 0xd7, 0x00, 0x93, 0x02, 0x10, 0x40, 0xb7, 0x06, 0x00, 0xff, 0xb3, 0xd2,
	0xe2, 0x00, 0xb3, 0x7e, 0xd8, 0x00, 0x93, 0xf2, 0xf2, 0x00, 0x9b, 0x8e, 0x0e, 0x00,
	0x93, 0x73, 0x06, 0x0a, 0xa3, 0x2c, 0x02, 0x00, 0x03, 0x20, 0x42, 0x31, 0x83, 0x26,
	0x8d, 0x91, 0x93, 0x95, 0x05, 0x02, 0x93, 0xd5, 0x05, 0x02, 0x93, 0x96, 0x06, 0x02,
	0x93, 0xd6, 0x06, 0x02, 0xb3, 0x86, 0xc6, 0x01, 0x13, 0x08, 0x0d, 0x00, 0x63, 0xf8,
	0xb6, 0x00, 0x93, 0x06, 0x10, 0xff, 0x93, 0x96, 0xc6, 0x01, 0xb3, 0x85, 0xd5, 0x00,
	0x9b, 0x85, 0x05, 0x00, 0x93, 0x06, 0x20, 0x00, 0x23, 0x2f, 0xd2, 0x06, 0x93, 0x98,
	0x08, 0x03, 0x93, 0xd8, 0x08, 0x03, 0x23, 0x20, 0x12, 0x01, 0x1b, 0x53, 0x03, 0x01,
	0x23, 0x20, 0x62, 0x00, 0x23, 0x20, 0xd2, 0x01, 0x9b, 0xd6, 0x97, 0x00, 0x3b, 0x8f,
	0xb6, 0x00, 0x93, 0x06, 0x0f, 0x00, 0x13, 0xf3, 0x27, 0x00, 0x63, 0x98, 0x03, 0x16,
	0x93, 0x78, 0x06, 0x01, 0x13, 0x06, 0x10, 0xf0, 0x13, 0x16, 0x86, 0x01, 0x3b, 0x07,
	0x17, 0x01, 0x9b, 0xd7, 0x87, 0x00, 0x13, 0x06, 0x06, 0x20, 0xb7, 0x08, 0x00, 0x02,
	0x33, 0x56, 0xe6, 0x00, 0xb3, 0xd8, 0xe8, 0x00, 0x93, 0xf7, 0x17, 0x00, 0x13, 0x76,
	0xf6, 0x03, 0x93, 0xf8, 0xf8, 0x00, 0x63, 0x9a, 0x07, 0x28, 0x63, 0x12, 0x03, 0x10,
	0x37, 0x53, 0x05, 0xc0, 0xb7, 0x03, 0x01, 0x00, 0x93, 0x00, 0x80, 0x00, 0x1b, 0x03,
	0x03, 0xd0, 0x13, 0xee, 0x1e, 0x00, 0x83, 0x27, 0x88, 0x91, 0x9b, 0x84, 0x07, 0x00,
	0x63, 0xf4, 0xf5, 0x36, 0x63, 0x60, 0x9f, 0x44, 0xbb, 0x87, 0xb4, 0x40, 0x3b, 0x99,
	0xc7, 0x00, 0x33, 0xe4, 0xfe, 0x00, 0x3b, 0x09, 0x19, 0x01, 0x1b, 0x04, 0x04, 0x00,
	0x03, 0x67, 0x72, 0x1f, 0x9b, 0x06, 0xf7, 0xff, 0xb3, 0xf6, 0xd5, 0x00, 0x3b, 0x8a,
	0xd7, 0x00, 0x9b, 0x09, 0x07, 0x00, 0x9b, 0x86, 0x06, 0x00, 0x63, 0x76, 0x3a, 0x4d,
	0x13, 0x97, 0x06, 0x02, 0x93, 0x56, 0xc7, 0x01, 0x33, 0x07, 0xd5, 0x00, 0xa3, 0x31,
	0xe2, 0x00, 0x9b, 0x97, 0x27, 0x00, 0x93, 0x97, 0x07, 0x02, 0x93, 0xd7, 0x07, 0x02,
	0xa3, 0x31, 0xf2, 0x00, 0x13, 0x19, 0x09, 0x02, 0x13, 0x59, 0x09, 0x02, 0x23, 0x34,
	0x22, 0x03, 0x83, 0x67, 0x52, 0x1f, 0x23, 0x20, 0xf2, 0x00, 0x33, 0x64, 0x74, 0x00,
	0x23, 0x20, 0x82, 0x00, 0x23, 0x20, 0xb2, 0x00, 0x23, 0x20, 0xf2, 0x01, 0x93, 0x85,
	0x04, 0x00, 0x83, 0x67, 0x72, 0x1f, 0x1b, 0x84, 0xf7, 0xff, 0x33, 0xf4, 0x85, 0x00,
	0xb3, 0xf6, 0xf5, 0x00, 0x93, 0x17, 0x04, 0x02, 0x9b, 0x86, 0x06, 0x00, 0x13, 0xd4,
	0xc7, 0x01, 0xb3, 0x36, 0xd0, 0x00, 0x33, 0x04, 0x85, 0x00, 0x83, 0x27, 0xc4, 0x00,
	0x9b, 0x87, 0x07, 0x00, 0x03, 0x67, 0x42, 0x07, 0x1b, 0x07, 0x07, 0x00, 0x63, 0x1e,
	0x07, 0x04, 0x13, 0xf7, 0x17, 0x00, 0xe3, 0x94, 0xe6, 0xfe, 0x63, 0xe6, 0xe5, 0x01,
	0x1b, 0xdf, 0x97, 0x00, 0x3b, 0x0f, 0xbf, 0x00, 0x03, 0x37, 0x52, 0x1f, 0x13, 0x57,
	0x07, 0x02, 0x23, 0x20, 0xe2, 0x00, 0x23, 0x20, 0xb2, 0x00, 0x93, 0xf7, 0x27, 0x00,
	0xe3, 0x8c, 0x07, 0xf0, 0x9b, 0x85, 0x15, 0x00, 0x93, 0x97, 0x05, 0x02, 0x13, 0x07,
	0x10, 0x00, 0x13, 0x17, 0x07, 0x02, 0x93, 0xd7, 0x07, 0x02, 0xb3, 0xe7, 0xe7, 0x00,
	0x23, 0x3b, 0xf2, 0x1e, 0x83, 0x37, 0x52, 0x1f, 0x93, 0xd7, 0x07, 0x02, 0x23, 0x20,
	0xf2, 0x00, 0x23, 0x20, 0xb2, 0x00, 0x6f, 0xa0, 0x0f, 0xb7, 0x73, 0x10, 0x00, 0xc0,
	0xe3, 0x16, 0x03, 0xfc, 0xb7, 0x53, 0x05, 0xc0, 0x93, 0x00, 0x80, 0x00, 0x9b, 0x83,
	0x03, 0xd0, 0x93, 0xee, 0x1e, 0x00, 0x03, 0x2e, 0x88, 0x91, 0xbb, 0x08, 0xbf, 0x40,
	0x1b, 0x0e, 0x0e, 0x00, 0x63, 0xf4, 0x10, 0x01, 0x93, 0x08, 0x80, 0x00, 0x03, 0x63,
	0x72, 0x1f, 0x1b, 0x03, 0xf3, 0xff, 0xbb, 0x88, 0xb8, 0x00, 0xb3, 0x77, 0xb3, 0x00,
	0x13, 0x97, 0x07, 0x02, 0x93, 0x57, 0xc7, 0x01, 0xb3, 0x07, 0xf5, 0x00, 0x03, 0xa6,
	0x07, 0x00, 0x83, 0xa6, 0x47, 0x00, 0x03, 0xa7, 0x87, 0x00, 0x93, 0x37, 0x16, 0x00,
	0x13, 0xb4, 0x16, 0x00, 0xbb, 0x87, 0x87, 0x00, 0x13, 0x34, 0x17, 0x00, 0xbb, 0x87,
	0x87, 0x00, 0x1b, 0x06, 0x06, 0x00, 0x9b, 0x86, 0x06, 0x00, 0x1b, 0x07, 0x07, 0x00,
	0x63, 0x92, 0x07, 0x02, 0x23, 0x24, 0x52, 0x02, 0x23, 0x20, 0x72, 0x00, 0x23, 0x20,
	0xd2, 0x01, 0x23, 0x20, 0xb2, 0x00, 0x23, 0x20, 0xf2, 0x01, 0x23, 0x20, 0xc2, 0x00,
	0x23, 0x20, 0xd2, 0x00, 0x23, 0x20, 0xe2, 0x00, 0x83, 0x27, 0x88, 0x91, 0x1b, 0x87,
	0x15, 0x00, 0x9b, 0x05, 0x07, 0x00, 0x63, 0x18, 0xfe, 0x04, 0x63, 0x86, 0xb8, 0x04,
	0x83, 0x67, 0x72, 0x1f, 0x1b, 0x86, 0xf7, 0xff, 0x33, 0x76, 0xe6, 0x00, 0xb3, 0xf6,
	0xe7, 0x00, 0x93, 0x17, 0x06, 0x02, 0x9b, 0x86, 0x06, 0x00, 0x13, 0xd6, 0xc7, 0x01,
	0xb3, 0x36, 0xd0, 0x00, 0x33, 0x06, 0xc5, 0x00, 0x6f, 0x00, 0xc0, 0x00, 0x93, 0xf7,
	0x17, 0x00, 0xe3, 0x80, 0xf6, 0xf6, 0x83, 0x27, 0xc6, 0x00, 0x9b, 0x87, 0x07, 0x00,
	0x03, 0x67, 0x42, 0x07, 0x1b, 0x07, 0x07, 0x00, 0xe3, 0x04, 0x07, 0xfe, 0x6f, 0xf0,
	0xdf, 0xf0, 0x83, 0x67, 0x72, 0x1f, 0x1b, 0x86, 0xf7, 0xff, 0x33, 0xf6, 0xc5, 0x00,
	0xb3, 0xf6, 0xf5, 0x00, 0x93, 0x17, 0x06, 0x02, 0x9b, 0x86, 0x06, 0x00, 0x13, 0xd6,
	0xc7, 0x01, 0xb3, 0x36, 0xd0, 0x00, 0x33, 0x06, 0xc5, 0x00, 0x83, 0x27, 0xc6, 0x00,
	0x9b, 0x87, 0x07, 0x00, 0x03, 0x67, 0x42, 0x07, 0x1b, 0x07, 0x07, 0x00, 0xe3, 0x1a,
	0x07, 0xec, 0x13, 0xf7, 0x17, 0x00, 0xe3, 0x94, 0xe6, 0xfe, 0x63, 0xe6, 0xe5, 0x01,
	0x1b, 0xdf, 0x97, 0x00, 0x3b, 0x0f, 0xbf, 0x00, 0x03, 0x37, 0x52, 0x1f, 0x13, 0x57,
	0x07, 0x02, 0x23, 0x20, 0xe2, 0x00, 0x23, 0x20, 0xb2, 0x00, 0x93, 0xf7, 0x27, 0x00,
	0xe3, 0x82, 0x07, 0xec, 0x6f, 0xf0, 0x9f, 0xe7, 0xb7, 0x50, 0x05, 0xc0, 0xb7, 0x09,
	0x01, 0x00, 0x13, 0x09, 0x80, 0x00, 0x9b, 0x80, 0x00, 0xd0, 0x13, 0xe4, 0x1e, 0x00,
	0xe3, 0x10, 0x03, 0xe6, 0x83, 0x27, 0x88, 0x91, 0x1b, 0x8e, 0x07, 0x00, 0x63, 0xfc,
	0xf5, 0x2a, 0x63, 0x6c, 0xcf, 0x2b, 0xbb, 0x07, 0xbe, 0x40, 0x3b, 0x9a, 0xc7, 0x00,
	0xb3, 0xe3, 0xfe, 0x00, 0x3b, 0x0a, 0x1a, 0x01, 0x9b, 0x83, 0x03, 0x00, 0x03, 0x63,
	0x72, 0x1f, 0x1b, 0x07, 0xf3, 0xff, 0x33, 0xf7, 0xe5, 0x00, 0x3b, 0x8b, 0xe7, 0x00,
	0x9b, 0x0a, 0x03, 0x00, 0x1b, 0x07, 0x07, 0x00, 0x63, 0x74, 0x5b, 0x31, 0x13, 0x13,
	0x07, 0x02, 0x13, 0x57, 0xc3, 0x01, 0x33, 0x07, 0xe5, 0x00, 0xa3, 0x31, 0xe2, 0x00,
	0x9b, 0x97, 0x27, 0x00, 0x93, 0x97, 0x07, 0x02, 0x93, 0xd7, 0x07, 0x02, 0xa3, 0x31,
	0xf2, 0x00, 0x13, 0x1a, 0x0a, 0x02, 0x13, 0x5a, 0x0a, 0x02, 0x23, 0x34, 0x42, 0x03,
	0x83, 0x67, 0x52, 0x1f, 0x23, 0x20, 0xf2, 0x00, 0xb3, 0xe3, 0x33, 0x01, 0x23, 0x20,
	0x72, 0x00, 0x23, 0x20, 0xb2, 0x00, 0x23, 0x20, 0xf2, 0x01, 0x93, 0x05, 0x0e, 0x00,
	0x83, 0x67, 0x72, 0x1f, 0x1b, 0x8e, 0xf7, 0xff, 0x33, 0xfe, 0xc5, 0x01, 0x33, 0xf3,
	0xf5, 0x00, 0x93, 0x17, 0x0e, 0x02, 0x1b, 0x03, 0x03, 0x00, 0x13, 0xde, 0xc7, 0x01,
	0x33, 0x33, 0x60, 0x00, 0x33, 0x0e, 0xc5, 0x01, 0x83, 0x27, 0xce, 0x00, 0x9b, 0x87,
	0x07, 0x00, 0x03, 0x67, 0x42, 0x07, 0x1b, 0x07, 0x07, 0x00, 0xe3, 0x16, 0x07, 0xdc,
	0x13, 0xf7, 0x17, 0x00, 0xe3, 0x14, 0xe3, 0xfe, 0x03, 0x37, 0x52, 0x1f, 0x13, 0x57,
	0x07, 0x02, 0x23, 0x20, 0xe2, 0x00, 0x23, 0x20, 0xb2, 0x00, 0x13, 0xf3, 0x27, 0x00,
	0x6f, 0xf0, 0x1f, 0xf2, 0x63, 0x6e, 0x9f, 0x0c, 0x3b, 0x09, 0xbf, 0x40, 0x63, 0xf4,
	0x20, 0x01, 0x13, 0x09, 0x80, 0x00, 0x83, 0x69, 0x72, 0x1f, 0x13, 0x84, 0x05, 0x00,
	0x9b, 0x89, 0xf9, 0xff, 0x3b, 0x09, 0xb9, 0x00, 0xb3, 0xf7, 0x89, 0x00, 0x13, 0x97,
	0x07, 0x02, 0x93, 0x57, 0xc7, 0x01, 0xb3, 0x07, 0xf5, 0x00, 0x83, 0xa5, 0x07, 0x00,
	0x83, 0xa6, 0x47, 0x00, 0x03, 0xa7, 0x87, 0x00, 0x93, 0xb7, 0x15, 0x00, 0x13, 0xba,
	0x16, 0x00, 0xbb, 0x87, 0x47, 0x01, 0x13, 0x3a, 0x17, 0x00, 0xbb, 0x87, 0x47, 0x01,
	0x9b, 0x85, 0x05, 0x00, 0x9b, 0x86, 0x06, 0x00, 0x1b, 0x07, 0x07, 0x00, 0x63, 0x92,
	0x07, 0x02, 0x23, 0x24, 0x52, 0x02, 0x23, 0x20, 0x62, 0x00, 0x23, 0x20, 0xc2, 0x01,
	0x23, 0x20, 0x82, 0x00, 0x23, 0x20, 0xf2, 0x01, 0x23, 0x20, 0xb2, 0x00, 0x23, 0x20,
	0xd2, 0x00, 0x23, 0x20, 0xe2, 0x00, 0x83, 0x27, 0x88, 0x91, 0x1b, 0x07, 0x14, 0x00,
	0x1b, 0x04, 0x07, 0x00, 0x63, 0x96, 0xf4, 0x14, 0x63, 0x04, 0x89, 0x14, 0x83, 0x67,
	0x72, 0x1f, 0x9b, 0x85, 0xf7, 0xff, 0xb3, 0xf5, 0xe5, 0x00, 0xb3, 0xf6, 0xe7, 0x00,
	0x93, 0x97, 0x05, 0x02, 0x9b, 0x86, 0x06, 0x00, 0x93, 0xd5, 0xc7, 0x01, 0xb3, 0x36,
	0xd0, 0x00, 0xb3, 0x05, 0xb5, 0x00, 0x6f, 0x00, 0xc0, 0x00, 0x93, 0xf7, 0x17, 0x00,
	0xe3, 0x80, 0xf6, 0xf6, 0x83, 0xa7, 0xc5, 0x00, 0x9b, 0x87, 0x07, 0x00, 0x03, 0x67,
	0x42, 0x07, 0x1b, 0x07, 0x07, 0x00, 0xe3, 0x04, 0x07, 0xfe, 0x6f, 0xf0, 0x1f, 0xcd,
	0x3b, 0x07, 0xbf, 0x40, 0x3b, 0x14, 0xc7, 0x00, 0xb3, 0xe6, 0xee, 0x00, 0x3b, 0x04,
	0x14, 0x01, 0x9b, 0x86, 0x06, 0x00, 0x83, 0x64, 0x72, 0x1f, 0x9b, 0x87, 0xf4, 0xff,
	0xb3, 0xf7, 0xf5, 0x00, 0xbb, 0x09, 0xf7, 0x00, 0x1b, 0x89, 0x04, 0x00, 0x9b, 0x87,
	0x07, 0x00, 0x63, 0xf8, 0x29, 0x05, 0x93, 0x94, 0x07, 0x02, 0x93, 0xd7, 0xc4, 0x01,
	0xb3, 0x07, 0xf5, 0x00, 0xa3, 0x31, 0xf2, 0x00, 0x9b, 0x17, 0x27, 0x00, 0x93, 0x97,
	0x07, 0x02, 0x93, 0xd7, 0x07, 0x02, 0xa3, 0x31, 0xf2, 0x00, 0x13, 0x14, 0x04, 0x02,
	0x13, 0x54, 0x04, 0x02, 0x23, 0x34, 0x82, 0x02, 0x83, 0x67, 0x52, 0x1f, 0x23, 0x20,
	0xf2, 0x00, 0xb3, 0xe6, 0x76, 0x00, 0x23, 0x20, 0xd2, 0x00, 0x23, 0x20, 0xb2, 0x00,
	0x23, 0x20, 0xf2, 0x01, 0x93, 0x05, 0x0f, 0x00, 0x6f, 0xf0, 0x5f, 0xbc, 0xbb, 0x84,
	0xf4, 0x40, 0x13, 0x99, 0x07, 0x02, 0x93, 0x57, 0xc9, 0x01, 0x93, 0x94, 0x04, 0x02,
	0x93, 0xd4, 0x04, 0x02, 0xb3, 0x07, 0xf5, 0x00, 0xa3, 0x31, 0xf2, 0x00, 0x93, 0x97,
	0x24, 0x00, 0xa3, 0x31, 0xf2, 0x00, 0xa3, 0x31, 0xa2, 0x00, 0x93, 0x17, 0x07, 0x02,
	0x93, 0xd7, 0x07, 0x02, 0xb3, 0x87, 0x97, 0x40, 0x93, 0x97, 0x27, 0x00, 0xa3, 0x31,
	0xf2, 0x00, 0x6f, 0xf0, 0x9f, 0xf9, 0x3b, 0x07, 0xd7, 0x40, 0x93, 0x99, 0x06, 0x02,
	0x93, 0xd6, 0xc9, 0x01, 0x13, 0x17, 0x07, 0x02, 0x13, 0x57, 0x07, 0x02, 0xb3, 0x06,
	0xd5, 0x00, 0xa3, 0x31, 0xd2, 0x00, 0x93, 0x16, 0x27, 0x00, 0xa3, 0x31, 0xd2, 0x00,
	0xa3, 0x31, 0xa2, 0x00, 0x93, 0x97, 0x07, 0x02, 0x93, 0xd7, 0x07, 0x02, 0xb3, 0x87,
	0xe7, 0x40, 0x93, 0x97, 0x27, 0x00, 0xa3, 0x31, 0xf2, 0x00, 0x6f, 0xf0, 0xdf, 0xb1,
	0x93, 0x05, 0x04, 0x00, 0x6f, 0xf0, 0xdf, 0xb3, 0x63, 0x72, 0xcf, 0x0d, 0xbb, 0x86,
	0xb6, 0x40, 0x3b, 0x97, 0xc6, 0x00, 0xb3, 0xee, 0xde, 0x00, 0x3b, 0x08, 0x17, 0x01,
	0x1b, 0x86, 0x0e, 0x00, 0x03, 0x67, 0x72, 0x1f, 0x9b, 0x07, 0xf7, 0xff, 0xb3, 0xf7,
	0xf5, 0x00, 0x3b, 0x83, 0xf6, 0x00, 0x9b, 0x08, 0x07, 0x00, 0x9b, 0x87, 0x07, 0x00,
	0x63, 0x74, 0x13, 0x17, 0x13, 0x97, 0x07, 0x02, 0x93, 0x57, 0xc7, 0x01, 0xb3, 0x07,
	0xf5, 0x00, 0xa3, 0x31, 0xf2, 0x00, 0x9b, 0x96, 0x26, 0x00, 0x93, 0x96, 0x06, 0x02,
	0x93, 0xd6, 0x06, 0x02, 0xa3, 0x31, 0xd2, 0x00, 0x13, 0x17, 0x08, 0x02, 0x13, 0x57,
	0x07, 0x02, 0x23, 0x34, 0xe2, 0x02, 0x83, 0x67, 0x52, 0x1f, 0x23, 0x20, 0xf2, 0x00,
	0xb7, 0x07, 0x01, 0x00, 0xb3, 0x67, 0xf6, 0x00, 0x23, 0x20, 0xf2, 0x00, 0x23, 0x20,
	0xb2, 0x00, 0x23, 0x20, 0x92, 0x00, 0x93, 0x05, 0x0f, 0x00, 0x6f, 0xf0, 0xdf, 0xb1,
	0x3b, 0x03, 0xe3, 0x40, 0x93, 0x1a, 0x07, 0x02, 0x13, 0xd7, 0xca, 0x01, 0x13, 0x13,
	0x03, 0x02, 0x13, 0x53, 0x03, 0x02, 0x33, 0x07, 0xe5, 0x00, 0xa3, 0x31, 0xe2, 0x00,
	0x13, 0x17, 0x23, 0x00, 0xa3, 0x31, 0xe2, 0x00, 0xa3, 0x31, 0xa2, 0x00, 0x93, 0x97,
	0x07, 0x02, 0x93, 0xd7, 0x07, 0x02, 0xb3, 0x87, 0x67, 0x40, 0x93, 0x97, 0x27, 0x00,
	0xa3, 0x31, 0xf2, 0x00, 0x6f, 0xf0, 0x1f, 0xce, 0xbb, 0x03, 0xbf, 0x40, 0x63, 0x74,
	0x79, 0x00, 0x93, 0x03, 0x80, 0x00, 0x03, 0x6a, 0x72, 0x1f, 0x1b, 0x0a, 0xfa, 0xff,
	0xbb, 0x83, 0xb3, 0x00, 0xb3, 0x77, 0xba, 0x00, 0x13, 0x97, 0x07, 0x02, 0x93, 0x57,
	0xc7, 0x01, 0xb3, 0x07, 0xf5, 0x00, 0x83, 0xaa, 0x07, 0x00, 0x03, 0xa7, 0x47, 0x00,
	0x83, 0xa7, 0x87, 0x00, 0x13, 0xb3, 0x1a, 0x00, 0x13, 0x3b, 0x17, 0x00, 0x3b, 0x03,
	0x63, 0x01, 0x13, 0xbb, 0x17, 0x00, 0x3b, 0x03, 0x63, 0x01, 0x9b, 0x8a, 0x0a, 0x00,
	0x1b, 0x07, 0x07, 0x00, 0x9b, 0x87, 0x07, 0x00, 0x63, 0x12, 0x03, 0x02, 0x23, 0x24,
	0x52, 0x02, 0x23, 0x20, 0x12, 0x00, 0x23, 0x20, 0x82, 0x00, 0x23, 0x20, 0xb2, 0x00,
	0x23, 0x20, 0xf2, 0x01, 0x23, 0x20, 0x52, 0x01, 0x23, 0x20, 0xe2, 0x00, 0x23, 0x20,
	0xf2, 0x00, 0x83, 0x27, 0x88, 0x91, 0x9b, 0x8a, 0x15, 0x00, 0x9b, 0x85, 0x0a, 0x00,
	0x63, 0x18, 0xfe, 0x08, 0x63, 0x86, 0xb3, 0x08, 0x83, 0x67, 0x72, 0x1f, 0x1b, 0x83,
	0xf7, 0xff, 0x33, 0x73, 0x53, 0x01, 0x33, 0xf7, 0x57, 0x01, 0x93, 0x17, 0x03, 0x02,
	0x1b, 0x07, 0x07, 0x00, 0x13, 0xd3, 0xc7, 0x01, 0x33, 0x37, 0xe0, 0x00, 0x33, 0x03,
	0x65, 0x00, 0x6f, 0x00, 0xc0, 0x00, 0x93, 0xf7, 0x17, 0x00, 0xe3, 0x00, 0xf7, 0xf6,
	0x83, 0x27, 0xc3, 0x00, 0x9b, 0x87, 0x07, 0x00, 0x83, 0x6a, 0x42, 0x07, 0x9b, 0x8a,
	0x0a, 0x00, 0xe3, 0x84, 0x0a, 0xfe, 0x6f, 0xf0, 0x5f, 0xa3, 0x3b, 0x07, 0xf7, 0x40,
	0x93, 0x98, 0x07, 0x02, 0x93, 0xd7, 0xc8, 0x01, 0x13, 0x17, 0x07, 0x02, 0x13, 0x57,
	0x07, 0x02, 0xb3, 0x07, 0xf5, 0x00, 0xa3, 0x31, 0xf2, 0x00, 0x93, 0x17, 0x27, 0x00,
	0xa3, 0x31, 0xf2, 0x00, 0xa3, 0x31, 0xa2, 0x00, 0x93, 0x97, 0x06, 0x02, 0x93, 0xd7,
	0x07, 0x02, 0xb3, 0x87, 0xe7, 0x40, 0x93, 0x97, 0x27, 0x00, 0xa3, 0x31, 0xf2, 0x00,
	0x6f, 0xf0, 0x1f, 0xe8, 0xe3, 0xe8, 0xe5, 0xbf, 0x6f, 0xf0, 0x1f, 0x9c, 0x83, 0x66,
	0x22, 0x30, 0x1b, 0x86, 0x06, 0x00, 0x83, 0x67, 0x22, 0x30, 0x9b, 0x85, 0x07, 0x00,
	0x03, 0x67, 0x22, 0x30, 0x1b, 0x08, 0x07, 0x00, 0x83, 0x68, 0x22, 0x30, 0x63, 0x0c,
	0x06, 0x02, 0x63, 0x8a, 0x05, 0x02, 0x63, 0x08, 0x08, 0x02, 0x37, 0x06, 0x01, 0xc0,
	0x13, 0x06, 0xf6, 0xff, 0x33, 0x75, 0xc5, 0x00, 0x37, 0x06, 0x02, 0x00, 0x33, 0x65,
	0xc5, 0x00, 0x23, 0x20, 0xa2, 0x00, 0x9b, 0x97, 0x07, 0x01, 0xb3, 0xe7, 0xd7, 0x00,
	0x23, 0x20, 0xf2, 0x00, 0x23, 0x20, 0xe2, 0x00, 0x23, 0x20, 0x12, 0x01, 0x6f, 0x90,
	0x5f, 0xd0, 0x73, 0x10, 0x00, 0xc0, 0x00, 0x00, 0x00, 0x00, 0x03, 0xa7, 0xc1, 0xb5,
	0x93, 0x07, 0x10, 0x00, 0x63, 0x02, 0xf7, 0x2a, 0x83, 0x37, 0x42, 0x1f, 0x63, 0x82,
	0x07, 0x02, 0x03, 0x37, 0x62, 0x1f, 0x93, 0x56, 0x07, 0x02, 0x63, 0x8c, 0x06, 0x00,
	0x9b, 0x06, 0x07, 0x00, 0x13, 0x17, 0x07, 0x02, 0x23, 0xa4, 0xd7, 0x00, 0x13, 0x57,
	0x07, 0x02, 0x23, 0x3b, 0xe2, 0x1e, 0x03, 0xb6, 0xab, 0x60, 0xb7, 0x88, 0xff, 0xff,
	0xb3, 0x88, 0x1b, 0x01, 0x63, 0x02, 0x06, 0x06, 0x03, 0x37, 0x42, 0x08, 0x63, 0x1a,
	0x07, 0x2c, 0x03, 0xb7, 0x4b, 0x60, 0x93, 0x56, 0x07, 0x02, 0x9b, 0x86, 0x16, 0x00,
	0x13, 0x13, 0x07, 0x02, 0x93, 0x95, 0x06, 0x02, 0x13, 0x53, 0x03, 0x02, 0xb3, 0xe5,
	0x65, 0x00, 0x23, 0xb2, 0xbb, 0x60, 0xa3, 0x2f, 0x02, 0x1e, 0x9b, 0x85, 0x06, 0x00,
	0x1b, 0x07, 0x07, 0x00, 0x63, 0xe8, 0xe5, 0x2a, 0x23, 0xb5, 0x0b, 0x60, 0xa3, 0x2f,
	0x02, 0x1e, 0x83, 0xb7, 0xcb, 0x60, 0x37, 0xb7, 0x00, 0xc0, 0x1b, 0x07, 0x07, 0xe0,
	0x93, 0xd7, 0x07, 0x42, 0x23, 0x20, 0xe2, 0x00, 0x23, 0x20, 0xf2, 0x00, 0x23, 0x24,
	0xf2, 0x04, 0x03, 0x20, 0x42, 0x31, 0x83, 0x67, 0x02, 0x1f, 0x93, 0x97, 0x07, 0x02,
	0x93, 0xd7, 0x07, 0x02, 0x23, 0x3e, 0xf2, 0x00, 0x83, 0x37, 0x52, 0x01, 0x93, 0xf7,
	0x37, 0x00, 0x13, 0x03, 0x02, 0x00, 0xb3, 0x06, 0xf2, 0x00, 0x03, 0xe6, 0x26, 0x08,
	0x1b, 0x06, 0x06, 0x00, 0x03, 0x67, 0x22, 0x30, 0x13, 0x77, 0xe7, 0xff, 0x1b, 0x07,
	0x07, 0x00, 0x63, 0x82, 0x07, 0x0e, 0x63, 0x10, 0x06, 0x0e, 0x93, 0x85, 0xf7, 0xff,
	0x23, 0x3d, 0xb2, 0x00, 0x03, 0xa6, 0x81, 0xb5, 0x63, 0x1c, 0x06, 0x0c, 0x03, 0xee,
	0xd6, 0x00, 0x13, 0x88, 0xa7, 0x00, 0x33, 0x08, 0x03, 0x01, 0x03, 0x66, 0x08, 0x00,
	0x33, 0x66, 0xc6, 0x01, 0x1b, 0x06, 0x06, 0x00, 0x63, 0x1a, 0x06, 0x18, 0x93, 0x87,
	0x87, 0x00, 0xb3, 0x07, 0xf3, 0x00, 0x23, 0xa0, 0xa7, 0x00, 0x23, 0xa0, 0xe7, 0x00,
	0x13, 0x86, 0x81, 0x83, 0x63, 0x98, 0x05, 0x06, 0x93, 0x07, 0x20, 0x00, 0x23, 0x22,
	0xf6, 0x02, 0xa3, 0x25, 0x02, 0x04, 0xb7, 0x17, 0x0f, 0xc0, 0x23, 0x20, 0xf2, 0x00,
	0x23, 0x20, 0x02, 0x00, 0x23, 0x20, 0x02, 0x00, 0x23, 0x20, 0x02, 0x00, 0x23, 0x20,
	0x02, 0x00, 0x23, 0x20, 0x02, 0x00, 0x23, 0x20, 0x02, 0x00, 0x23, 0x20, 0x02, 0x00,
	0x23, 0x20, 0x02, 0x00, 0x23, 0x20, 0x02, 0x00, 0x23, 0x20, 0x02, 0x00, 0x23, 0x20,
	0x02, 0x00, 0x23, 0x20, 0x02, 0x00, 0x23, 0x20, 0x02, 0x00, 0x23, 0x20, 0x02, 0x00,
	0x23, 0x20, 0x02, 0x00, 0x23, 0x20, 0x02, 0x00, 0x13, 0x07, 0x00, 0x40, 0xf3, 0x27,
	0x40, 0xf1, 0x33, 0x17, 0xf7, 0x00, 0x83, 0x37, 0x42, 0x31, 0xb3, 0x77, 0xf7, 0x00,
	0xe3, 0x9c, 0x07, 0xfe, 0x93, 0x97, 0x45, 0x00, 0x33, 0x06, 0xf6, 0x00, 0x23, 0x30,
	0x06, 0x00, 0xa3, 0xa8, 0x06, 0x04, 0xa3, 0xa9, 0x06, 0x04, 0xa3, 0xba, 0x06, 0x08,
	0xb7, 0x87, 0x00, 0x00, 0xb3, 0x87, 0xf8, 0x00, 0x03, 0xb7, 0xb7, 0x70, 0x63, 0x1a,
	0x07, 0x0c, 0x63, 0x8e, 0x05, 0x00, 0x6f, 0x90, 0xdf, 0xb3, 0x73, 0x10, 0x00, 0xc0,
	0x13, 0x06, 0xa0, 0x00, 0xa3, 0x2c, 0xc2, 0x08, 0x23, 0xac, 0x01, 0xb4, 0x6f, 0xf0,
	0x1f, 0xf2, 0x83, 0xa7, 0xc1, 0xb7, 0x63, 0x8c, 0x07, 0x04, 0x23, 0xae, 0x01, 0xb6,
	0x83, 0x67, 0x92, 0x0a, 0x73, 0x27, 0x40, 0xf1, 0x93, 0xf7, 0x77, 0x00, 0x13, 0x77,
	0x37, 0x00, 0x1b, 0x17, 0x27, 0x00, 0x9b, 0x97, 0x47, 0x00, 0xb3, 0xe7, 0xe7, 0x00,
	0x03, 0x37, 0xa2, 0x1f, 0x93, 0x97, 0x47, 0x02, 0x33, 0x07, 0xf7, 0x00, 0x37, 0xc6,
	0x00, 0x00, 0x33, 0x07, 0xc7, 0x00, 0x83, 0x26, 0xc7, 0x3b, 0x37, 0x07, 0x00, 0xf8,
	0x13, 0x07, 0xf7, 0xff, 0xb3, 0xf6, 0xe6, 0x00, 0x03, 0x37, 0xa2, 0x1f, 0xb3, 0x07,
	0xf7, 0x00, 0xb3, 0x87, 0xc7, 0x00, 0x23, 0xae, 0xd7, 0x3a, 0x83, 0x37, 0x92, 0x1f,
	0x37, 0xc7, 0x00, 0x00, 0xb3, 0x87, 0xe7, 0x00, 0x83, 0xa7, 0x87, 0x1c, 0xe3, 0x8e,
	0x07, 0xf6, 0x83, 0x37, 0x92, 0x1f, 0xb3, 0x87, 0xe7, 0x00, 0x23, 0xa4, 0x07, 0x1c,
	0x83, 0x37, 0x92, 0x1f, 0x33, 0x07, 0xf7, 0x00, 0x83, 0x67, 0x87, 0x1c, 0x63, 0x82,
	0x07, 0x00, 0x37, 0xc7, 0x00, 0x00, 0x83, 0x37, 0x92, 0x1f, 0xb3, 0x87, 0xe7, 0x00,
	0x83, 0xa7, 0x87, 0x1c, 0xe3, 0x9a, 0x07, 0xfe, 0x23, 0x3d, 0x02, 0x00, 0x83, 0x37,
	0xb2, 0x00, 0x63, 0x82, 0x07, 0x00, 0x0b, 0x00, 0x00, 0x00, 0x6f, 0xf0, 0x9f, 0xf3,
	0xa3, 0xb5, 0x07, 0x70, 0xa3, 0x2f, 0x03, 0x1e, 0x93, 0x05, 0x10, 0x00, 0x13, 0x85,
	0x81, 0xad, 0xef, 0x50, 0x00, 0x0c, 0x23, 0x20, 0xa8, 0x00, 0x13, 0x67, 0x17, 0x00,
	0x23, 0x20, 0xe8, 0x00, 0x6f, 0xf0, 0x5f, 0xe7, 0x83, 0x37, 0x92, 0x1f, 0x37, 0xc7,
	0x00, 0x00, 0xb3, 0x87, 0xe7, 0x00, 0x83, 0xa7, 0x87, 0x1c, 0xe3, 0x88, 0x07, 0xd4,
	0x83, 0x67, 0x22, 0x30, 0x83, 0x37, 0x92, 0x1f, 0xb3, 0x87, 0xe7, 0x00, 0x23, 0xa4,
	0x07, 0x1c, 0xb7, 0xe7, 0x01, 0x00, 0xb3, 0x87, 0xfc, 0x00, 0x23, 0xa2, 0x07, 0xc0,
	0x83, 0x37, 0x92, 0x1f, 0xb3, 0x87, 0xe7, 0x00, 0x83, 0xa7, 0x87, 0x1c, 0xe3, 0x9a,
	0x07, 0xfe, 0x23, 0x3d, 0x02, 0x00, 0xb7, 0x17, 0x00, 0xc0, 0x9b, 0x87, 0x07, 0xe0,
	0x23, 0x20, 0xf2, 0x00, 0x93, 0x07, 0xf0, 0x0f, 0x23, 0x20, 0xf2, 0x00, 0x73, 0x25,
	0x40, 0xf1, 0x93, 0x05, 0x00, 0x00, 0x97, 0x30, 0xff, 0xff, 0x93, 0x80, 0x40, 0x05,
	0x6f, 0x90, 0x5f, 0x9f, 0x73, 0x10, 0x00, 0xc0, 0x83, 0x67, 0x22, 0x30, 0x6f, 0x90,
	0x9f, 0x9d, 0x73, 0x10, 0x00, 0xc0, 0x03, 0xa7, 0xcb, 0x60, 0x1b, 0x07, 0x07, 0x00,
	0xa3, 0x26, 0x02, 0x08, 0xa3, 0x28, 0xe2, 0x00, 0x23, 0x31, 0xc2, 0x00, 0x13, 0x06,
	0x10, 0x00, 0x13, 0x17, 0x07, 0x02, 0x13, 0x16, 0x06, 0x02, 0x13, 0x57, 0x07, 0x02,
	0x33, 0x67, 0xc7, 0x00, 0x23, 0x31, 0xe2, 0x00, 0x03, 0xb6, 0xeb, 0x60, 0x03, 0xb5,
	0x0b, 0x60, 0x83, 0xb5, 0x6b, 0x60, 0x83, 0xb7, 0x0b, 0x61, 0x9b, 0x87, 0x07, 0x00,
	0x63, 0x8e, 0x07, 0x0c, 0xb3, 0xf7, 0xd7, 0x00, 0x9b, 0x87, 0x07, 0x00, 0x63, 0x9e,
	0x07, 0x0a, 0xa3, 0x21, 0x02, 0x08, 0x13, 0x07, 0x70, 0x40, 0x23, 0x20, 0xe2, 0x00,
	0xa3, 0x21, 0x02, 0x08, 0x13, 0x07, 0xf0, 0x40, 0x23, 0x20, 0xe2, 0x00, 0xa3, 0x21,
	0x02, 0x08, 0x13, 0x07, 0x00, 0x41, 0x23, 0x20, 0xe2, 0x00, 0x37, 0x67, 0x06, 0xc0,
	0x1b, 0x07, 0x07, 0x80, 0x23, 0x20, 0xe2, 0x00, 0x37, 0x07, 0x00, 0x80, 0x23, 0x20,
	0xe2, 0x00, 0x23, 0x20, 0x02, 0x00, 0x23, 0x20, 0x02, 0x00, 0x23, 0x20, 0x02, 0x00,
	0x23, 0x20, 0x02, 0x00, 0x23, 0x20, 0x02, 0x00, 0x37, 0x07, 0x01, 0x00, 0x1b, 0x07,
	0x07, 0x28, 0x23, 0x20, 0xe2, 0x00, 0x37, 0x17, 0x0f, 0xc0, 0x23, 0x20, 0xe2, 0x00,
	0x23, 0x20, 0x02, 0x00, 0x23, 0x20, 0x02, 0x00, 0x23, 0x20, 0x02, 0x00, 0x23, 0x20,
	0x02, 0x00, 0x23, 0x20, 0x02, 0x00, 0x23, 0x20, 0x02, 0x00, 0x23, 0x20, 0x02, 0x00,
	0x23, 0x20, 0x02, 0x00, 0x23, 0x20, 0x02, 0x00, 0x23, 0x20, 0x02, 0x00, 0x23, 0x20,
	0x02, 0x00, 0x23, 0x20, 0x02, 0x00, 0x23, 0x20, 0x02, 0x00, 0x23, 0x20, 0x02, 0x00,
	0x23, 0x20, 0x02, 0x00, 0x23, 0x20, 0x02, 0x00, 0x13, 0x07, 0x00, 0x40, 0xf3, 0x26,
	0x40, 0xf1, 0x33, 0x17, 0xd7, 0x00, 0x83, 0x36, 0x42, 0x31, 0xb3, 0x76, 0xd7, 0x00,
	0xe3, 0x9c, 0x06, 0xfe, 0x13, 0xd7, 0x05, 0x02, 0xbb, 0x07, 0xf7, 0x02, 0x93, 0x97,
	0x07, 0x02, 0x93, 0xd7, 0x07, 0x02, 0x33, 0x06, 0xf6, 0x00, 0x83, 0x67, 0x22, 0x30,
	0x37, 0x87, 0x00, 0x00, 0x93, 0x97, 0x05, 0x02, 0x33, 0x87, 0xe8, 0x00, 0x93, 0xd7,
	0x07, 0x02, 0x03, 0x38, 0x87, 0x60, 0xb3, 0x87, 0xa7, 0x00, 0x03, 0x37, 0x87, 0x61,
	0x9b, 0x05, 0x06, 0x00, 0x83, 0x66, 0xa2, 0x00, 0x9b, 0xd6, 0x06, 0x01, 0x93, 0xf6,
	0x16, 0x00, 0x03, 0x35, 0x12, 0x01, 0x63, 0x1a, 0x05, 0x00, 0x23, 0x2c, 0x02, 0x00,
	0x03, 0x65, 0x12, 0x1f, 0x23, 0x20, 0xa2, 0x00, 0x23, 0x20, 0x02, 0x00, 0x63, 0x1a,
	0x07, 0x02, 0x37, 0x75, 0x01, 0xc0, 0x37, 0x07, 0x01, 0x00, 0x1b, 0x05, 0x05, 0x60,
	0x13, 0x07, 0xf7, 0xff, 0x63, 0x0a, 0x08, 0x04, 0x23, 0x24, 0xd2, 0x02, 0x23, 0x20,
	0xa2, 0x00, 0xb3, 0x78, 0xe8, 0x00, 0x23, 0x20, 0x12, 0x01, 0x23, 0x20, 0xb2, 0x00,
	0x13, 0x58, 0x08, 0x01, 0x6f, 0xf0, 0x5f, 0xfe, 0x23, 0x24, 0xd2, 0x02, 0x37, 0x75,
	0x01, 0xc0, 0x1b, 0x05, 0x05, 0x60, 0x23, 0x20, 0xa2, 0x00, 0x37, 0x05, 0x01, 0x00,
	0x13, 0x05, 0xf5, 0xff, 0xb3, 0x78, 0xa7, 0x00, 0x23, 0x20, 0x12, 0x01, 0x23, 0x20,
	0xb2, 0x00, 0x13, 0x57, 0x07, 0x01, 0x33, 0x77, 0xa7, 0x00, 0xbb, 0x05, 0xb7, 0x00,
	0x6f, 0xf0, 0x1f, 0xfa, 0x23, 0xb1, 0xcb, 0x60, 0xa3, 0x2f, 0x02, 0x1e, 0x23, 0xb0,
	0xfb, 0x60, 0xa3, 0x2f, 0x02, 0x1e, 0xa3, 0x3f, 0xf2, 0x00, 0x23, 0x30, 0xf2, 0x02,
	0x23, 0xb0, 0xf1, 0x88, 0x6f, 0x90, 0x8f, 0xfe, 0x73, 0x10, 0x00, 0xc0, 0x93, 0x08,
	0x00, 0x00, 0x83, 0x37, 0x52, 0x01, 0x93, 0xf7, 0x37, 0x00, 0x63, 0x9c, 0x07, 0x02,
	0x73, 0x27, 0x40, 0xf1, 0x13, 0x77, 0x37, 0x00, 0x13, 0x17, 0x27, 0x00, 0x93, 0x08,
	0x07, 0x00, 0x83, 0x36, 0xa2, 0x1f, 0x13, 0x17, 0x47, 0x02, 0x33, 0x07, 0xd7, 0x00,
	0xb7, 0xc6, 0x00, 0x00, 0x33, 0x07, 0xd7, 0x00, 0x93, 0x06, 0x00, 0x01, 0x23, 0x22,
	0xd7, 0x3e, 0x13, 0x07, 0x10, 0x00, 0x23, 0x25, 0xe2, 0x04, 0x03, 0x66, 0x22, 0x30,
	0x13, 0x83, 0xb7, 0x00, 0x93, 0x06, 0x02, 0x00, 0xb3, 0x0e, 0x62, 0x00, 0x03, 0xef,
	0x0e, 0x00, 0x93, 0x85, 0x17, 0x04, 0xb3, 0x05, 0xb2, 0x00, 0x13, 0x07, 0x10, 0x00,
	0x23, 0xa0, 0xe5, 0x00, 0x03, 0xa8, 0x8c, 0x8c, 0x03, 0xa7, 0xcc, 0x8c, 0x13, 0x8e,
	0x0c, 0x00, 0x13, 0x18, 0x08, 0x02, 0x13, 0x58, 0x08, 0x02, 0x13, 0x17, 0x07, 0x02,
	0x33, 0x67, 0x07, 0x01, 0xa3, 0x39, 0xe2, 0x06, 0x03, 0x38, 0x32, 0x07, 0x37, 0x87,
	0xff, 0xff, 0x33, 0x87, 0xeb, 0x00, 0x63, 0x0c, 0x08, 0x14, 0x83, 0x6f, 0x02, 0x1f,
	0x93, 0x9f, 0x0f, 0x02, 0x93, 0xdf, 0x0f, 0x02, 0x23, 0x3e, 0xf2, 0x01, 0x93, 0x0f,
	0x00, 0x10, 0xa3, 0x22, 0xf2, 0x0b, 0x03, 0x20, 0x42, 0x31, 0x03, 0x28, 0x08, 0x00,
	0x1b, 0x08, 0x08, 0x00, 0x23, 0x20, 0x07, 0x71, 0xa3, 0x2f, 0x02, 0x1e, 0x03, 0x67,
	0x02, 0x1f, 0x13, 0x17, 0x07, 0x02, 0x13, 0x57, 0x07, 0x02, 0x23, 0x3e, 0xe2, 0x00,
	0xa3, 0x22, 0x02, 0x0a, 0x03, 0x20, 0x42, 0x31, 0x23, 0xa0, 0xe5, 0x01, 0x13, 0x7f,
	0x36, 0x00, 0x63, 0x14, 0x0f, 0x24, 0x83, 0x6f, 0x22, 0x30, 0x03, 0x67, 0x22, 0x30,
	0x9b, 0x55, 0x67, 0x01, 0x93, 0xf5, 0x15, 0x00, 0x63, 0x80, 0x05, 0x02, 0x83, 0x65,
	0x32, 0x02, 0x37, 0x08, 0x00, 0xf1, 0x93, 0xf5, 0xf5, 0x00, 0x13, 0x08, 0xf8, 0xff,
	0x9b, 0x95, 0x85, 0x01, 0x33, 0x77, 0xe8, 0x00, 0x33, 0x67, 0xb7, 0x00, 0xb7, 0x05,
	0x10, 0x00, 0xb3, 0x75, 0xb7, 0x00, 0x63, 0x94, 0x05, 0x08, 0x1b, 0x88, 0x17, 0x00,
	0xa3, 0x20, 0x02, 0x0b, 0x93, 0x82, 0x81, 0x83, 0x83, 0xae, 0x42, 0x02, 0x13, 0x08,
	0x20, 0x00, 0x63, 0x94, 0x0e, 0x01, 0x23, 0xae, 0x01, 0x84, 0x13, 0x16, 0x06, 0x02,
	0x93, 0x9f, 0x0f, 0x02, 0x13, 0x56, 0x06, 0x02, 0x33, 0xe6, 0xcf, 0x00, 0x33, 0x83,
	0x66, 0x00, 0x03, 0x68, 0x03, 0x00, 0x83, 0xaf, 0x42, 0x02, 0x93, 0x0e, 0x10, 0x00,
	0x9b, 0x03, 0x08, 0x00, 0x63, 0x8a, 0xdf, 0x01, 0x93, 0x00, 0x30, 0x00, 0x63, 0x88,
	0x1f, 0x08, 0xb3, 0x8e, 0xf6, 0x00, 0xa3, 0xb0, 0xce, 0x02, 0x93, 0x0e, 0x10, 0x00,
	0x63, 0x86, 0xd7, 0x09, 0xa3, 0x39, 0xc2, 0x06, 0x83, 0x35, 0x32, 0x07, 0x1b, 0x06,
	0x07, 0x00, 0x63, 0x5c, 0x06, 0x3a, 0x63, 0x94, 0x03, 0x22, 0x93, 0x07, 0x10, 0x00,
	0xa3, 0x20, 0xf2, 0x04, 0xb7, 0x07, 0x40, 0x00, 0x23, 0x24, 0xfe, 0x92, 0x6f, 0x00,
	0x00, 0x00, 0x1b, 0x08, 0x07, 0x00, 0x63, 0x48, 0x08, 0x08, 0x13, 0x83, 0xf7, 0xff,
	0xb3, 0x87, 0xf6, 0x00, 0x83, 0xe7, 0x27, 0x08, 0x9b, 0x87, 0x07, 0x00, 0x63, 0x9e,
	0x07, 0x08, 0x83, 0x67, 0x22, 0x30, 0x83, 0x67, 0x22, 0x30, 0x83, 0x37, 0x22, 0x03,
	0x63, 0x80, 0x07, 0x12, 0x83, 0x37, 0x52, 0x03, 0x63, 0x8c, 0x07, 0x10, 0x93, 0x05,
	0x40, 0x00, 0xef, 0x80, 0x8f, 0xea, 0x6f, 0x90, 0xcf, 0xdf, 0x73, 0x10, 0x00, 0xc0,
	0x13, 0x08, 0xf0, 0xff, 0x23, 0x20, 0x07, 0x71, 0xa3, 0x2f, 0x02, 0x1e, 0x6f, 0xf0,
	0x5f, 0xee, 0xe3, 0x9a, 0xd7, 0xf7, 0x83, 0xae, 0x02, 0x01, 0xe3, 0x86, 0x0e, 0xf6,
	0xe3, 0x9c, 0x05, 0xf6, 0x13, 0x17, 0x17, 0x02, 0x1b, 0x18, 0xf8, 0x01, 0x13, 0x57,
	0x17, 0x02, 0x33, 0x67, 0x07, 0x01, 0x83, 0x35, 0x22, 0x03, 0x63, 0x86, 0x05, 0x00,
	0x83, 0x35, 0x52, 0x03, 0xe3, 0x9a, 0x05, 0xfa, 0x83, 0x65, 0x62, 0x08, 0x9b, 0x85,
	0xc5, 0xff, 0x23, 0xa0, 0xb2, 0x00, 0x6f, 0xf0, 0x9f, 0xf4, 0x03, 0xe8, 0x0e, 0x00,
	0x1b, 0x08, 0x08, 0x00, 0xe3, 0x16, 0x08, 0xf6, 0x93, 0x07, 0x10, 0x00, 0xa3, 0x20,
	0xf2, 0x04, 0xb7, 0x07, 0x40, 0x00, 0x23, 0x24, 0xfe, 0x92, 0x6f, 0x00, 0x00, 0x00,
	0x93, 0x07, 0x10, 0x00, 0xa3, 0x24, 0xf2, 0x04, 0x23, 0x25, 0xf2, 0x04, 0x93, 0x0e,
	0x20, 0x00, 0x63, 0x04, 0x03, 0x00, 0x93, 0x0e, 0x40, 0x00, 0xa3, 0x27, 0xd2, 0x05,
	0x83, 0x67, 0x52, 0x09, 0x9b, 0x87, 0x07, 0x00, 0xe3, 0x8c, 0x07, 0xfe, 0x63, 0x04,
	0x03, 0x02, 0x83, 0x67, 0x42, 0x09, 0x1b, 0x88, 0x07, 0x00, 0x63, 0x12, 0x08, 0x08,
	0x93, 0x07, 0x10, 0x00, 0x23, 0x27, 0xf2, 0x04, 0x93, 0x07, 0x20, 0x00, 0xa3, 0x20,
	0xf2, 0x0a, 0x93, 0x07, 0x40, 0x00, 0x63, 0x8c, 0xfe, 0x02, 0x93, 0x07, 0x10, 0x00,
	0x23, 0x3d, 0xf2, 0x00, 0x83, 0x67, 0x32, 0x09, 0x1b, 0x88, 0x07, 0x00, 0x63, 0x0c,
	0x08, 0x00, 0xa3, 0x2a, 0xf2, 0x00, 0x93, 0x07, 0x00, 0x00, 0x83, 0x6e, 0x22, 0x30,
	0x9b, 0x87, 0x17, 0x00, 0xe3, 0x1c, 0xf8, 0xfe, 0x93, 0x07, 0x10, 0x00, 0xa3, 0x20,
	0xf2, 0x0a, 0x23, 0x27, 0xf2, 0x04, 0xa3, 0x25, 0x02, 0x04, 0xa3, 0x24, 0x02, 0x04,
	0xa3, 0x27, 0x02, 0x04, 0x6f, 0xf0, 0x1f, 0xee, 0x93, 0x1e, 0x43, 0x00, 0x93, 0x82,
	0x81, 0x83, 0x13, 0x18, 0xc7, 0x02, 0xb3, 0x8e, 0xd2, 0x01, 0x13, 0x58, 0xc8, 0x02,
	0x93, 0x07, 0x03, 0x00, 0x23, 0xa2, 0x0e, 0x01, 0x13, 0x03, 0xb3, 0x00, 0x6f, 0xf0,
	0x1f, 0xe3, 0x23, 0x2b, 0xf2, 0x00, 0x93, 0x07, 0x00, 0x00, 0x83, 0x62, 0x22, 0x30,
	0x9b, 0x87, 0x17, 0x00, 0xe3, 0x1c, 0xf8, 0xfe, 0x6f, 0xf0, 0xdf, 0xf6, 0x03, 0x37,
	0x52, 0x01, 0x63, 0x0a, 0x07, 0x5a, 0x83, 0x65, 0x22, 0x30, 0x03, 0x67, 0x22, 0x30,
	0x93, 0x95, 0x05, 0x02, 0x93, 0xd5, 0x05, 0x02, 0x13, 0x17, 0x07, 0x02, 0x33, 0x67,
	0xb7, 0x00, 0xa3, 0x39, 0xe2, 0x06, 0x03, 0x37, 0x32, 0x07, 0x83, 0x35, 0x07, 0x00,
	0x03, 0x37, 0x22, 0x30, 0x03, 0x35, 0x22, 0x30, 0x13, 0x15, 0x05, 0x02, 0x33, 0x65,
	0xe5, 0x00, 0x03, 0x68, 0x22, 0x30, 0x03, 0x67, 0x22, 0x30, 0x1b, 0x56, 0x86, 0x00,
	0x13, 0x18, 0x08, 0x02, 0x13, 0x58, 0x08, 0x02, 0x13, 0x17, 0x07, 0x02, 0x13, 0x06,
	0x76, 0x00, 0x33, 0x67, 0x07, 0x01, 0x13, 0x76, 0x76, 0x00, 0x13, 0x08, 0x50, 0x00,
	0x33, 0x77, 0xa7, 0x00, 0xb3, 0xf5, 0xa5, 0x00, 0x63, 0x68, 0xc8, 0x22, 0x17, 0x05,
	0x0f, 0x00, 0x13, 0x05, 0xc5, 0x09, 0x13, 0x16, 0x26, 0x00, 0x33, 0x06, 0xa6, 0x00,
	0x03, 0x26, 0x06, 0x00, 0x33, 0x06, 0xa6, 0x00, 0x67, 0x00, 0x06, 0x00, 0x23, 0x20,
	0xa3, 0x00, 0xb3, 0x8e, 0xf6, 0x00, 0x13, 0x88, 0x17, 0x00, 0x23, 0x3d, 0x02, 0x01,
	0x13, 0x55, 0x46, 0x01, 0x13, 0x75, 0x15, 0x00, 0x63, 0x1a, 0x05, 0x02, 0x63, 0x98,
	0x07, 0x02, 0x1b, 0x55, 0x57, 0x01, 0x13, 0x75, 0x15, 0x00, 0x23, 0x24, 0xa2, 0x04,
	0x03, 0x20, 0x42, 0x31, 0x1b, 0x55, 0x86, 0x01, 0x23, 0x27, 0xa2, 0x00, 0x13, 0x85,
	0x81, 0xb7, 0x03, 0x23, 0x05, 0x00, 0x63, 0x1c, 0x03, 0x14, 0x13, 0x06, 0x10, 0x00,
	0x23, 0x20, 0xc5, 0x00, 0x13, 0x06, 0x10, 0x00, 0x63, 0x8c, 0xcf, 0x14, 0x13, 0x05,
	0x30, 0x00, 0x63, 0x8a, 0xaf, 0x0e, 0x37, 0x06, 0x40, 0x3f, 0x13, 0x06, 0xf6, 0xff,
	0x33, 0x76, 0xe6, 0x00, 0x1b, 0x06, 0x06, 0x00, 0x1b, 0x07, 0x07, 0x00, 0x23, 0xa6,
	0xee, 0x09, 0x23, 0xa8, 0xce, 0x00, 0x13, 0x05, 0x10, 0x00, 0x13, 0x83, 0xe7, 0xff,
	0x63, 0x64, 0x65, 0x00, 0x03, 0x20, 0x42, 0x31, 0x33, 0x88, 0x06, 0x01, 0x23, 0x30,
	0xb8, 0x00, 0x93, 0x16, 0x06, 0x02, 0x13, 0x06, 0x10, 0x00, 0x13, 0x16, 0x06, 0x02,
	0x93, 0xd6, 0x06, 0x02, 0xb3, 0xe6, 0xc6, 0x00, 0x23, 0x30, 0xd8, 0x00, 0x23, 0x20,
	0x02, 0x00, 0x23, 0x20, 0x02, 0x00, 0x9b, 0x56, 0x47, 0x01, 0x23, 0x20, 0xd2, 0x00,
	0x13, 0x57, 0x47, 0x01, 0x13, 0x77, 0x17, 0x00, 0x63, 0x1a, 0x07, 0x20, 0x63, 0x90,
	0x07, 0x08, 0xa3, 0x2b, 0x02, 0x00, 0xb7, 0x17, 0x0f, 0xc0, 0x23, 0x20, 0xf2, 0x00,
	0x23, 0x20, 0x02, 0x00, 0x23, 0x20, 0x02, 0x00, 0x23, 0x20, 0x02, 0x00, 0x23, 0x20,
	0x02, 0x00, 0x23, 0x20, 0x02, 0x00, 0x23, 0x20, 0x02, 0x00, 0x23, 0x20, 0x02, 0x00,
	0x23, 0x20, 0x02, 0x00, 0x23, 0x20, 0x02, 0x00, 0x23, 0x20, 0x02, 0x00, 0x23, 0x20,
	0x02, 0x00, 0x23, 0x20, 0x02, 0x00, 0x23, 0x20, 0x02, 0x00, 0x23, 0x20, 0x02, 0x00,
	0x23, 0x20, 0x02, 0x00, 0x23, 0x20, 0x02, 0x00, 0x93, 0x07, 0x00, 0x40, 0x73, 0x27,
	0x40, 0xf1, 0xb3, 0x97, 0xe7, 0x00, 0x03, 0x37, 0x42, 0x31, 0x33, 0xf7, 0xe7, 0x00,
	0xe3, 0x1c, 0x07, 0xfe, 0x03, 0x37, 0xa2, 0x1f, 0x93, 0x97, 0x48, 0x02, 0xb3, 0x87,
	0xe7, 0x00, 0x37, 0xc7, 0x00, 0x00, 0xb3, 0x87, 0xe7, 0x00, 0x23, 0xa2, 0x07, 0x3e,
	0x6f, 0x90, 0x4f, 0xae, 0x73, 0x10, 0x00, 0xc0, 0xe3, 0x98, 0xc7, 0xf0, 0x03, 0xaf,
	0x02, 0x01, 0xe3, 0x04, 0x0f, 0xf0, 0x03, 0xa6, 0x42, 0x01, 0x13, 0x05, 0x00, 0x01,
	0x63, 0x1c, 0x06, 0x04, 0x1b, 0x16, 0x2f, 0x00, 0x13, 0x15, 0xcf, 0x02, 0x13, 0x16,
	0x06, 0x02, 0x13, 0x55, 0xc5, 0x02, 0x13, 0x56, 0x06, 0x02, 0x3b, 0x07, 0xa7, 0x40,
	0xb3, 0x85, 0xc5, 0x00, 0x23, 0xa2, 0xf2, 0x03, 0x23, 0xa4, 0x01, 0x84, 0x6f, 0xf0,
	0x5f, 0xed, 0xb3, 0x8e, 0xf6, 0x00, 0xa3, 0xa4, 0xae, 0x00, 0x6f, 0xf0, 0x5f, 0xe7,
	0x03, 0x67, 0x42, 0x02, 0x1b, 0x17, 0x77, 0x01, 0x33, 0x67, 0xe6, 0x00, 0x6f, 0xf0,
	0x9f, 0xea, 0x13, 0x95, 0x47, 0x00, 0x33, 0x86, 0xa2, 0x00, 0x03, 0x26, 0x46, 0x00,
	0x63, 0x00, 0x06, 0x02, 0xb3, 0x85, 0xa2, 0x00, 0x13, 0x16, 0xc6, 0x02, 0x37, 0x03,
	0xf0, 0xff, 0x83, 0xb5, 0x85, 0x00, 0x13, 0x56, 0xc6, 0x02, 0x33, 0x77, 0x67, 0x00,
	0x33, 0x67, 0xc7, 0x00, 0x33, 0x85, 0xa2, 0x00, 0x03, 0x2f, 0x05, 0x00, 0x13, 0x06,
	0x30, 0x00, 0x23, 0xa2, 0xc2, 0x02, 0x1b, 0x16, 0x2f, 0x00, 0x13, 0x15, 0xcf, 0x02,
	0x13, 0x16, 0x06, 0x02, 0x13, 0x55, 0xc5, 0x02, 0x13, 0x56, 0x06, 0x02, 0x13, 0x03,
	0x10, 0x00, 0x3b, 0x07, 0xa7, 0x40, 0xb3, 0x85, 0xc5, 0x00, 0xe3, 0x9c, 0x67, 0xe4,
	0x6f, 0xf0, 0xdf, 0xf7, 0x63, 0xfa, 0xe5, 0x0c, 0x03, 0x65, 0x22, 0x30, 0x83, 0x65,
	0x22, 0x30, 0x03, 0x66, 0x22, 0x30, 0x03, 0x67, 0x22, 0x30, 0x03, 0x67, 0x22, 0x30,
	0x03, 0x67, 0x22, 0x30, 0x37, 0x37, 0x00, 0x00, 0x1b, 0x58, 0x06, 0x01, 0x13, 0x07,
	0xf7, 0x00, 0x33, 0x77, 0x07, 0x01, 0x13, 0x16, 0x06, 0x03, 0x13, 0x56, 0x06, 0x03,
	0x1b, 0x17, 0x07, 0x01, 0x13, 0x15, 0x05, 0x02, 0x13, 0x55, 0x05, 0x02, 0x33, 0x67,
	0xe6, 0x00, 0x93, 0x95, 0x05, 0x02, 0xb3, 0xe5, 0xa5, 0x00, 0x1b, 0x07, 0x07, 0x00,
	0x03, 0x36, 0x52, 0x01, 0x13, 0x06, 0xf6, 0xff, 0x13, 0x76, 0x36, 0x00, 0x33, 0x83,
	0xc6, 0x00, 0x03, 0x65, 0x33, 0x08, 0x1b, 0x05, 0x05, 0x00, 0x63, 0x14, 0x05, 0x20,
	0x03, 0x65, 0x22, 0x30, 0x03, 0x65, 0x22, 0x30, 0xa3, 0x30, 0xb3, 0x02, 0xa3, 0x39,
	0xb2, 0x06, 0x03, 0x38, 0x32, 0x07, 0x93, 0x05, 0x10, 0x00, 0x13, 0x95, 0x05, 0x02,
	0x33, 0x65, 0xa7, 0x00, 0x23, 0x26, 0x03, 0x08, 0x23, 0x28, 0xe3, 0x00, 0x13, 0x03,
	0xe6, 0xff, 0x63, 0xe4, 0x65, 0x00, 0x03, 0x20, 0x42, 0x31, 0x93, 0x05, 0x16, 0x00,
	0xb3, 0x86, 0xb6, 0x00, 0x23, 0xb0, 0x06, 0x01, 0x23, 0xb0, 0xa6, 0x00, 0x93, 0x86,
	0x81, 0x83, 0x13, 0x16, 0x46, 0x00, 0x13, 0x17, 0xc7, 0x02, 0xb3, 0x86, 0xc6, 0x00,
	0x13, 0x57, 0xc7, 0x02, 0x23, 0xa2, 0xe6, 0x00, 0xe3, 0x8c, 0x07, 0xe4, 0x6f, 0xf0,
	0xdf, 0xe6, 0xe3, 0xfa, 0xe5, 0xf2, 0x13, 0x07, 0x10, 0x00, 0x63, 0x0c, 0xef, 0x16,
	0x03, 0x67, 0x22, 0x30, 0x03, 0x67, 0x22, 0x30, 0x03, 0x67, 0x22, 0x30, 0x83, 0x65,
	0x22, 0x30, 0x03, 0x65, 0x22, 0x30, 0x03, 0x66, 0x22, 0x30, 0x37, 0x37, 0x00, 0x00,
	0x1b, 0x58, 0x06, 0x01, 0x13, 0x07, 0xf7, 0x00, 0x33, 0x77, 0x07, 0x01, 0x13, 0x16,
	0x06, 0x03, 0x13, 0x56, 0x06, 0x03, 0x1b, 0x17, 0x07, 0x01, 0x93, 0x95, 0x05, 0x02,
	0x13, 0x15, 0x05, 0x02, 0x93, 0xd5, 0x05, 0x02, 0x33, 0x67, 0xe6, 0x00, 0x1b, 0x07,
	0x07, 0x00, 0x33, 0x66, 0xb5, 0x00, 0x03, 0x35, 0x52, 0x01, 0x13, 0x05, 0xf5, 0xff,
	0x13, 0x75, 0x35, 0x00, 0x33, 0x83, 0xa6, 0x00, 0x83, 0x65, 0x33, 0x08, 0x9b, 0x85,
	0x05, 0x00, 0x63, 0x94, 0x05, 0x06, 0x83, 0x65, 0x22, 0x30, 0x83, 0x65, 0x22, 0x30,
	0xa3, 0x30, 0xc3, 0x02, 0xa3, 0x39, 0xc2, 0x06, 0x03, 0x38, 0x32, 0x07, 0x13, 0x06,
	0x10, 0x00, 0x93, 0x15, 0x06, 0x02, 0xb3, 0x65, 0xb7, 0x00, 0x23, 0x26, 0x03, 0x08,
	0x23, 0x28, 0xe3, 0x00, 0x13, 0x03, 0xe5, 0xff, 0x63, 0x64, 0x66, 0x00, 0x03, 0x20,
	0x42, 0x31, 0x13, 0x06, 0x15, 0x00, 0xb3, 0x86, 0xc6, 0x00, 0x23, 0xb0, 0x06, 0x01,
	0x23, 0xb0, 0xb6, 0x00, 0x93, 0x86, 0x81, 0x83, 0x13, 0x15, 0x45, 0x00, 0x13, 0x17,
	0xc7, 0x02, 0xb3, 0x86, 0xa6, 0x00, 0x13, 0x57, 0xc7, 0x02, 0x23, 0xa2, 0xe6, 0x00,
	0xe3, 0x80, 0x07, 0xd8, 0x6f, 0xf0, 0x5f, 0xd9, 0x93, 0x05, 0x10, 0x00, 0xa3, 0x24,
	0xb2, 0x04, 0x23, 0x25, 0xb2, 0x04, 0x93, 0x05, 0x20, 0x00, 0x63, 0x04, 0x05, 0x00,
	0x93, 0x05, 0x40, 0x00, 0xa3, 0x27, 0xb2, 0x04, 0x03, 0x68, 0x52, 0x09, 0x1b, 0x08,
	0x08, 0x00, 0xe3, 0x0c, 0x08, 0xfe, 0x63, 0x0e, 0x05, 0x02, 0x03, 0x68, 0x42, 0x09,
	0x1b, 0x0e, 0x08, 0x00, 0x63, 0x0c, 0x0e, 0x00, 0x23, 0x2b, 0x02, 0x01, 0x13, 0x08,
	0x00, 0x00, 0x83, 0x6e, 0x22, 0x30, 0x1b, 0x08, 0x18, 0x00, 0xe3, 0x1c, 0x0e, 0xff,
	0x13, 0x08, 0x10, 0x00, 0x23, 0x27, 0x02, 0x05, 0x13, 0x08, 0x20, 0x00, 0xa3, 0x20,
	0x02, 0x0b, 0x13, 0x08, 0x40, 0x00, 0x63, 0x8c, 0x05, 0x03, 0x93, 0x05, 0x10, 0x00,
	0x23, 0x3d, 0xb2, 0x00, 0x83, 0x65, 0x32, 0x09, 0x1b, 0x88, 0x05, 0x00, 0x63, 0x0c,
	0x08, 0x00, 0xa3, 0x2a, 0xb2, 0x00, 0x93, 0x05, 0x00, 0x00, 0x03, 0x6e, 0x22, 0x30,
	0x9b, 0x85, 0x15, 0x00, 0xe3, 0x1c, 0xb8, 0xfe, 0x93, 0x05, 0x10, 0x00, 0xa3, 0x20,
	0xb2, 0x0a, 0x23, 0x27, 0xb2, 0x04, 0xa3, 0x25, 0x02, 0x04, 0xa3, 0x24, 0x02, 0x04,
	0xa3, 0x27, 0x02, 0x04, 0x6f, 0xf0, 0x1f, 0xf0, 0x03, 0x67, 0x22, 0x30, 0x03, 0x67,
	0x22, 0x30, 0x03, 0x67, 0x22, 0x30, 0x03, 0x67, 0x22, 0x30, 0x03, 0x67, 0x22, 0x30,
	0x03, 0x67, 0x22, 0x30, 0xe3, 0x8c, 0x07, 0xca, 0x6f, 0xf0, 0xdf, 0xcc, 0x13, 0x05,
	0x10, 0x00, 0xa3, 0x24, 0xa2, 0x04, 0x23, 0x25, 0xa2, 0x04, 0x13, 0x05, 0x20, 0x00,
	0x63, 0x04, 0x06, 0x00, 0x13, 0x05, 0x40, 0x00, 0xa3, 0x27, 0xa2, 0x04, 0x03, 0x68,
	0x52, 0x09, 0x1b, 0x08, 0x08, 0x00, 0xe3, 0x0c, 0x08, 0xfe, 0x63, 0x0e, 0x06, 0x02,
	0x03, 0x68, 0x42, 0x09, 0x1b, 0x0e, 0x08, 0x00, 0x63, 0x0c, 0x0e, 0x00, 0x23, 0x2b,
	0x02, 0x01, 0x13, 0x08, 0x00, 0x00, 0x83, 0x6e, 0x22, 0x30, 0x1b, 0x08, 0x18, 0x00,
	0xe3, 0x1c, 0x0e, 0xff, 0x13, 0x08, 0x10, 0x00, 0x23, 0x27, 0x02, 0x05, 0x13, 0x08,
	0x20, 0x00, 0xa3, 0x20, 0x02, 0x0b, 0x13, 0x08, 0x40, 0x00, 0x63, 0x0c, 0x05, 0x03,
	0x13, 0x05, 0x10, 0x00, 0x23, 0x3d, 0xa2, 0x00, 0x03, 0x65, 0x32, 0x09, 0x1b, 0x08,
	0x05, 0x00, 0x63, 0x0c, 0x08, 0x00, 0xa3, 0x2a, 0xa2, 0x00, 0x13, 0x05, 0x00, 0x00,
	0x03, 0x6e, 0x22, 0x30, 0x1b, 0x05, 0x15, 0x00, 0xe3, 0x1c, 0xa8, 0xfe, 0x13, 0x05,
	0x10, 0x00, 0xa3, 0x20, 0xa2, 0x0a, 0x23, 0x27, 0xa2, 0x04, 0xa3, 0x25, 0x02, 0x04,
	0xa3, 0x24, 0x02, 0x04, 0xa3, 0x27, 0x02, 0x04, 0x6f, 0xf0, 0x1f, 0xd6, 0xe3, 0x7e,
	0xb7, 0xda, 0x6f, 0xf0, 0x9f, 0xce, 0x03, 0x37, 0x32, 0x1f, 0x23, 0x30, 0x07, 0x00,
	0xa3, 0x25, 0x02, 0x38, 0xe3, 0x8a, 0x07, 0xbe, 0x6f, 0xf0, 0x9f, 0xc0, 0xe3, 0x10,
	0xb7, 0xda, 0x6f, 0xf0, 0xdf, 0xcc, 0xe3, 0x14, 0xb7, 0xcc, 0x6f, 0xf0, 0x5f, 0xd9,
	0xe3, 0x70, 0xb7, 0xcc, 0x6f, 0xf0, 0xdf, 0xd8, 0x83, 0x37, 0x32, 0x1f, 0x23, 0xb0,
	0x07, 0x00, 0xa3, 0x25, 0x02, 0x38, 0x6f, 0x80, 0x5f, 0xec, 0x73, 0x10, 0x00, 0xc0,
	0x00, 0x00, 0x00, 0x00, 0x03, 0x6e, 0x22, 0x30, 0x03, 0x65, 0x22, 0x30, 0x03, 0x63,
	0x22, 0x30, 0x83, 0x65, 0x22, 0x30, 0x83, 0x68, 0x22, 0x30, 0x03, 0x66, 0x22, 0x30,
	0x03, 0x68, 0x22, 0x30, 0x83, 0x66, 0x22, 0x30, 0x9b, 0x86, 0x06, 0x00, 0x83, 0x6e,
	0x92, 0x0a, 0xf3, 0x27, 0x40, 0xf1, 0x03, 0x37, 0xa2, 0x1f, 0x9b, 0x97, 0x27, 0x00,
	0x9b, 0x9e, 0x4e, 0x00, 0x93, 0xfe, 0x0e, 0x07, 0x93, 0xf7, 0xc7, 0x00, 0xb3, 0xe7,
	0xd7, 0x01, 0x93, 0x97, 0x47, 0x02, 0x33, 0x07, 0xf7, 0x00, 0x37, 0xcf, 0x00, 0x00,
	0x33, 0x07, 0xe7, 0x01, 0x03, 0x27, 0x87, 0x3e, 0x1b, 0x07, 0x07, 0x00, 0x83, 0x6e,
	0x02, 0x1f, 0x93, 0x9e, 0x0e, 0x02, 0x93, 0xde, 0x0e, 0x02, 0x23, 0x3e, 0xd2, 0x01,
	0x13, 0x77, 0xf7, 0x00, 0x13, 0x67, 0x07, 0x10, 0xa3, 0x22, 0xe2, 0x0a, 0x03, 0x20,
	0x42, 0x31, 0x03, 0xb7, 0x81, 0xba, 0x83, 0x3e, 0xa2, 0x1f, 0xb3, 0x87, 0xfe, 0x00,
	0xb3, 0x87, 0xe7, 0x01, 0x83, 0xa7, 0x87, 0x3e, 0x9b, 0xd7, 0x87, 0x01, 0x93, 0xf7,
	0x37, 0x00, 0x23, 0x22, 0xf2, 0x32, 0x13, 0x1e, 0x0e, 0x02, 0x93, 0x17, 0x05, 0x02,
	0x13, 0x5e, 0x0e, 0x02, 0x13, 0x13, 0x03, 0x02, 0xb3, 0xe7, 0xc7, 0x01, 0x13, 0x53,
	0x03, 0x02, 0x93, 0x95, 0x05, 0x02, 0x93, 0x98, 0x08, 0x02, 0x23, 0x30, 0xf7, 0x00,
	0xb3, 0xe5, 0x65, 0x00, 0x93, 0x17, 0x06, 0x02, 0x93, 0xd8, 0x08, 0x02, 0x23, 0x34,
	0xb7, 0x00, 0xb3, 0xe7, 0x17, 0x01, 0x23, 0x38, 0xf7, 0x00, 0x93, 0xb6, 0x16, 0x00,
	0x23, 0x2c, 0xd7, 0x00, 0x23, 0x2e, 0x07, 0x01, 0x83, 0x67, 0x02, 0x1f, 0x93, 0x97,
	0x07, 0x02, 0x93, 0xd7, 0x07, 0x02, 0x23, 0x3e, 0xf2, 0x00, 0xa3, 0x22, 0x02, 0x0a,
	0x03, 0x20, 0x42, 0x31, 0x83, 0x37, 0x42, 0x32, 0xe3, 0x9e, 0x07, 0xfe, 0x83, 0x37,
	0x92, 0x1f, 0x37, 0xc7, 0x00, 0x00, 0xb3, 0x87, 0xe7, 0x00, 0x83, 0xa7, 0x87, 0x34,
	0x13, 0x07, 0x80, 0x00, 0x93, 0xf7, 0xf7, 0x01, 0x63, 0x60, 0xf7, 0x04, 0x13, 0x05,
	0x70, 0x00, 0x93, 0x06, 0xe0, 0x07, 0xb7, 0xc5, 0x00, 0x00, 0x13, 0x06, 0x80, 0x00,
	0xa3, 0x2c, 0xa2, 0x08, 0x73, 0x27, 0x00, 0xb0, 0x13, 0x00, 0x00, 0x00, 0xf3, 0x27,
	0x00, 0xb0, 0xb3, 0x87, 0xe7, 0x40, 0xe3, 0xfa, 0xf6, 0xfe, 0x83, 0x37, 0x92, 0x1f,
	0xb3, 0x87, 0xb7, 0x00, 0x83, 0xa7, 0x87, 0x34, 0x93, 0xf7, 0xf7, 0x01, 0xe3, 0x7c,
	0xf6, 0xfc, 0x93, 0x06, 0xe0, 0x07, 0x83, 0xa7, 0x8c, 0xad, 0x1b, 0x86, 0x07, 0x00,
	0x73, 0x27, 0x00, 0xb0, 0x13, 0x00, 0x00, 0x00, 0xf3, 0x27, 0x00, 0xb0, 0xb3, 0x87,
	0xe7, 0x40, 0xe3, 0xfa, 0xf6, 0xfe, 0x93, 0x17, 0x06, 0x03, 0x93, 0xd7, 0x07, 0x03,
	0xe3, 0x8e, 0x07, 0xfc, 0x6f, 0x80, 0x1f, 0xd3, 0x73, 0x10, 0x00, 0xc0, 0x03, 0x67,
	0x22, 0x30, 0x83, 0xb7, 0x9b, 0x70, 0x63, 0x8e, 0x07, 0x02, 0x83, 0x67, 0x22, 0x30,
	0x9b, 0x87, 0x07, 0x00, 0x83, 0x36, 0xe2, 0x01, 0x63, 0x98, 0x06, 0x00, 0x9b, 0x56,
	0xf7, 0x01, 0x63, 0x84, 0x06, 0x00, 0xa3, 0x22, 0xe2, 0x02, 0x63, 0xda, 0x07, 0x00,
	0x23, 0x20, 0xa2, 0x00, 0x23, 0x20, 0xe2, 0x00, 0x23, 0x20, 0xf2, 0x00, 0x23, 0x23,
	0xf2, 0x02, 0x6f, 0x80, 0xdf, 0xce, 0x73, 0x10, 0x00, 0xc0, 0x83, 0x67, 0x22, 0x30,
	0x93, 0xf7, 0xe7, 0xff, 0x9b, 0x87, 0x07, 0x00, 0x6f, 0xf0, 0x5f, 0xfc, 0x13, 0x00,
	0x00, 0x00, 0x83, 0x67, 0x22, 0x30, 0x83, 0x36, 0x22, 0x30, 0x03, 0x37, 0x22, 0x30,
	0x13, 0x17, 0x07, 0x02, 0x33, 0x67, 0xd7, 0x00, 0xa3, 0x39, 0xe2, 0x06, 0x03, 0x37,
	0x32, 0x07, 0x93, 0xf7, 0x77, 0x00, 0x9b, 0x97, 0x27, 0x00, 0x97, 0x02, 0x00, 0x00,
	0xb3, 0x82, 0xf2, 0x00, 0x67, 0x80, 0xc2, 0x00, 0x6f, 0x00, 0x40, 0x14, 0x6f, 0x00,
	0x00, 0x02, 0x6f, 0x00, 0x80, 0x01, 0x6f, 0x00, 0x40, 0x01, 0x6f, 0x00, 0x80, 0x07,
	0x6f, 0x00, 0xc0, 0x13, 0x6f, 0x00, 0x40, 0x03, 0x6f, 0x00, 0x40, 0x00, 0x6f, 0x00,
	0x00, 0x00, 0x13, 0x75, 0x25, 0x00, 0x63, 0x10, 0x05, 0x04, 0xa3, 0x3f, 0xe2, 0x00,
	0x13, 0x87, 0x01, 0x86, 0x83, 0x27, 0x47, 0x03, 0xb7, 0x06, 0x00, 0x20, 0xb3, 0xe7,
	0xd7, 0x00, 0x23, 0x2a, 0xf7, 0x02, 0x6f, 0x80, 0xdf, 0xc5, 0x73, 0x10, 0x00, 0xc0,
	0x37, 0x16, 0x10, 0x00, 0x93, 0x07, 0xf6, 0xff, 0xb3, 0x07, 0xf7, 0x00, 0x93, 0x56,
	0x07, 0x02, 0x93, 0xd7, 0x07, 0x02, 0x63, 0x8a, 0xf6, 0x02, 0x6f, 0x00, 0x00, 0x00,
	0x23, 0x30, 0xe2, 0x02, 0x13, 0x87, 0x01, 0x86, 0x83, 0x27, 0x47, 0x03, 0xb7, 0x06,
	0x00, 0x40, 0xb3, 0xe7, 0xd7, 0x00, 0x23, 0x2a, 0xf7, 0x02, 0x6f, 0x80, 0x1f, 0xc2,
	0x73, 0x10, 0x00, 0xc0, 0x23, 0xb0, 0xe1, 0x88, 0x6f, 0x80, 0x5f, 0xc1, 0x73, 0x10,
	0x00, 0xc0, 0xb7, 0x87, 0xff, 0xff, 0xb3, 0x87, 0xfb, 0x00, 0x23, 0xb7, 0xe7, 0x68,
	0xa3, 0x2f, 0x02, 0x1e, 0xa3, 0xb7, 0x07, 0x68, 0xa3, 0x2f, 0x02, 0x1e, 0x97, 0x05,
	0x0f, 0x00, 0x83, 0xb5, 0x45, 0x27, 0x23, 0xb0, 0xb7, 0x6a, 0xa3, 0x2f, 0x02, 0x1e,
	0x97, 0x05, 0x0f, 0x00, 0x83, 0xb5, 0xc5, 0x26, 0xa3, 0xb0, 0xb7, 0x6a, 0xa3, 0x2f,
	0x02, 0x1e, 0x97, 0x05, 0x0f, 0x00, 0x83, 0xb5, 0x45, 0x26, 0x23, 0xb1, 0xb7, 0x6a,
	0xa3, 0x2f, 0x02, 0x1e, 0x97, 0x05, 0x0f, 0x00, 0x83, 0xb5, 0xc5, 0x25, 0xa3, 0xb1,
	0xb7, 0x6a, 0x93, 0x05, 0xc6, 0xff, 0xb3, 0x05, 0xb7, 0x00, 0xa3, 0x2f, 0x02, 0x1e,
	0x23, 0xbc, 0xb7, 0x62, 0xb7, 0x25, 0x10, 0x00, 0xb3, 0x05, 0xb7, 0x00, 0xa3, 0x2f,
	0x02, 0x1e, 0x33, 0x07, 0xc7, 0x00, 0xb7, 0x07, 0x03, 0x00, 0x37, 0x18, 0x00, 0xc0,
	0x37, 0x05, 0x04, 0x00, 0x37, 0x06, 0x03, 0x10, 0xb3, 0xe6, 0x07, 0x01, 0x9b, 0x86,
	0x06, 0x00, 0x23, 0x20, 0xd7, 0x00, 0xbb, 0x07, 0xf5, 0x00, 0x13, 0x07, 0x47, 0x00,
	0xe3, 0x96, 0xc7, 0xfe, 0x83, 0x37, 0x42, 0x32, 0xe3, 0x9e, 0x07, 0xfe, 0xa3, 0x3f,
	0xb2, 0x1e, 0x6f, 0x80, 0x5f, 0xb6, 0x73, 0x10, 0x00, 0xc0, 0x23, 0x3f, 0xe2, 0x00,
	0x6f, 0x80, 0x9f, 0xb5, 0x73, 0x10, 0x00, 0xc0, 0x23, 0xb8, 0xe1, 0x86, 0x6f, 0x80,
	0xdf, 0xb4, 0x73, 0x10, 0x00, 0xc0, 0x13, 0x00, 0x00, 0x00, 0x23, 0x20, 0xa2, 0x00,
	0x83, 0x67, 0x22, 0x30, 0x13, 0xf7, 0xf7, 0x00, 0x93, 0xf7, 0xf7, 0x00, 0x23, 0x20,
	0xf2, 0x00, 0x93, 0x07, 0x10, 0x00, 0x63, 0x06, 0xf7, 0x00, 0xa3, 0x2b, 0x02, 0x00,
	0x23, 0xac, 0x01, 0xb6, 0x6f, 0x80, 0xdf, 0xb1, 0x73, 0x10, 0x00, 0xc0, 0x13, 0x00,
	0x00, 0x00, 0x03, 0x65, 0x22, 0x30, 0x83, 0x37, 0x72, 0x00, 0x67, 0x80, 0x07, 0x00,
	0x13, 0x00, 0x00, 0x00, 0x83, 0x37, 0x52, 0x01, 0xa3, 0x25, 0x02, 0x04, 0x93, 0xf7,
	0x37, 0x00, 0xb3, 0x07, 0xf2, 0x00, 0x23, 0xaa, 0x07, 0x00, 0x23, 0x25, 0x02, 0x0a,
	0x83, 0x37, 0xb2, 0x00, 0x63, 0x82, 0x07, 0x00, 0x03, 0x65, 0x22, 0x30, 0x83, 0x37,
	0x72, 0x00, 0x67, 0x80, 0x07, 0x00, 0x13, 0x00, 0x00, 0x00, 0x83, 0x37, 0x32, 0x1f,
	0x23, 0xb0, 0x07, 0x00, 0xa3, 0x25, 0x02, 0x38, 0x03, 0x65, 0x22, 0x30, 0x83, 0x37,
	0x72, 0x00, 0x67, 0x80, 0x07, 0x00, 0xb7, 0x07, 0xff, 0x3f, 0xb3, 0x77, 0xf5, 0x00,
	0x37, 0x07, 0xff, 0x3f, 0x63, 0x84, 0xe7, 0x00, 0xef, 0xf0, 0x9f, 0xfd, 0xef, 0xf0,
	0x5f, 0xfa, 0x83, 0x36, 0x52, 0x01, 0x93, 0x07, 0x10, 0x00, 0x93, 0xf6, 0x36, 0x00,
	0x23, 0x25, 0xf2, 0x04, 0x03, 0x66, 0x22, 0x30, 0x03, 0x67, 0x22, 0x30, 0x23, 0x22,
	0x02, 0x02, 0x83, 0x37, 0xf2, 0x01, 0xe3, 0x9e, 0x07, 0xfe, 0x13, 0x16, 0x06, 0x02,
	0x13, 0x56, 0x06, 0x02, 0x13, 0x17, 0x07, 0x02, 0x33, 0x67, 0xc7, 0x00, 0xa3, 0x39,
	0xe2, 0x06, 0x83, 0x35, 0x32, 0x07, 0x03, 0x67, 0x22, 0x30, 0x03, 0x66, 0x22, 0x30,
	0x63, 0x9e, 0x06, 0x0c, 0x03, 0x67, 0x12, 0x03, 0xb7, 0x07, 0x01, 0x00, 0x1b, 0x07,
	0x07, 0x00, 0x93, 0x87, 0xf7, 0xff, 0x63, 0x0e, 0xf7, 0x0a, 0x83, 0xa7, 0x05, 0x00,
	0x1b, 0x87, 0x07, 0x00, 0x83, 0x67, 0x42, 0x07, 0x9b, 0x87, 0x07, 0x00, 0x93, 0xb7,
	0x17, 0x00, 0xb3, 0x07, 0xf0, 0x40, 0x93, 0xf7, 0x77, 0x00, 0xb3, 0x77, 0xf7, 0x00,
	0x9b, 0x97, 0x27, 0x00, 0x97, 0x02, 0x00, 0x00, 0xb3, 0x82, 0xf2, 0x00, 0x67, 0x80,
	0xc2, 0x00, 0x6f, 0x00, 0x40, 0x04, 0x6f, 0x00, 0x00, 0x02, 0x6f, 0x00, 0x80, 0x01,
	0x6f, 0x00, 0xc0, 0x1e, 0x6f, 0x00, 0x80, 0x0b, 0x6f, 0x00, 0x80, 0x14, 0x6f, 0x00,
	0x80, 0x00, 0x6f, 0x00, 0x40, 0x00, 0x6f, 0x00, 0x00, 0x00, 0x93, 0x07, 0x10, 0x00,
	0x23, 0x22, 0xf2, 0x02, 0x93, 0x07, 0x10, 0x00, 0x03, 0x37, 0xf2, 0x01, 0xe3, 0x1e,
	0xf7, 0xfe, 0xa3, 0x25, 0x02, 0x04, 0x6f, 0x80, 0x9f, 0x9d, 0x73, 0x10, 0x00, 0xc0,
	0x13, 0x16, 0x26, 0x03, 0x13, 0x57, 0x26, 0x03, 0x13, 0x06, 0x07, 0x00, 0x83, 0x37,
	0x52, 0x01, 0x93, 0xf7, 0x37, 0x00, 0xb3, 0x07, 0xf2, 0x00, 0x23, 0xaa, 0xe7, 0x00,
	0x93, 0x07, 0x10, 0x00, 0x23, 0x22, 0xf2, 0x02, 0x93, 0x07, 0x10, 0x00, 0x03, 0x37,
	0xf2, 0x01, 0xe3, 0x1e, 0xf7, 0xfe, 0x93, 0x07, 0x00, 0x00, 0x63, 0xf2, 0xc7, 0x14,
	0x03, 0x67, 0x22, 0x30, 0x9b, 0x87, 0x17, 0x00, 0x6f, 0xf0, 0x5f, 0xff, 0xef, 0x70,
	0x5f, 0x97, 0x6f, 0x80, 0x9f, 0x98, 0x73, 0x10, 0x00, 0xc0, 0x03, 0xa7, 0x05, 0x00,
	0x1b, 0x07, 0x07, 0x00, 0x83, 0x65, 0x42, 0x07, 0x9b, 0x85, 0x05, 0x00, 0x63, 0x9a,
	0x05, 0x18, 0x13, 0x77, 0x77, 0x00, 0x63, 0x06, 0x07, 0x18, 0x93, 0x07, 0x10, 0x00,
	0x23, 0x22, 0xf2, 0x02, 0x93, 0x07, 0x10, 0x00, 0x03, 0x37, 0xf2, 0x01, 0xe3, 0x1e,
	0xf7, 0xfe, 0x6f, 0xf0, 0x5f, 0xf7, 0xf3, 0x27, 0x40, 0xf1, 0x9b, 0x87, 0x07, 0x00,
	0x63, 0x98, 0x07, 0x00, 0xa3, 0x21, 0x02, 0x08, 0x93, 0x07, 0x70, 0x40, 0x23, 0x20,
	0xf2, 0x00, 0xa3, 0x21, 0x02, 0x08, 0x93, 0x07, 0xf0, 0x40, 0x23, 0x20, 0xf2, 0x00,
	0xa3, 0x21, 0x02, 0x08, 0x93, 0x07, 0x00, 0x41, 0x23, 0x20, 0xf2, 0x00, 0xb7, 0x17,
	0x0f, 0xc0, 0x23, 0x20, 0xf2, 0x00, 0x23, 0x20, 0x02, 0x00, 0x23, 0x20, 0x02, 0x00,
	0x23, 0x20, 0x02, 0x00, 0x23, 0x20, 0x02, 0x00, 0x23, 0x20, 0x02, 0x00, 0x23, 0x20,
	0x02, 0x00, 0x23, 0x20, 0x02, 0x00, 0x23, 0x20, 0x02, 0x00, 0x23, 0x20, 0x02, 0x00,
	0x23, 0x20, 0x02, 0x00, 0x23, 0x20, 0x02, 0x00, 0x23, 0x20, 0x02, 0x00, 0x23, 0x20,
	0x02, 0x00, 0x23, 0x20, 0x02, 0x00, 0x23, 0x20, 0x02, 0x00, 0x23, 0x20, 0x02, 0x00,
	0x93, 0x07, 0x00, 0x40, 0x73, 0x27, 0x40, 0xf1, 0xb3, 0x97, 0xe7, 0x00, 0x03, 0x37,
	0x42, 0x31, 0x33, 0xf7, 0xe7, 0x00, 0xe3, 0x1c, 0x07, 0xfe, 0x6f, 0x00, 0x00, 0x0a,
	0x83, 0x37, 0x52, 0x01, 0x93, 0xf7, 0x37, 0x00, 0xb3, 0x06, 0xf2, 0x00, 0x03, 0xe6,
	0xb6, 0x00, 0x93, 0x87, 0x17, 0x04, 0x33, 0x07, 0xf2, 0x00, 0x93, 0x06, 0x10, 0x00,
	0x23, 0x20, 0xd7, 0x00, 0x03, 0x37, 0x32, 0x01, 0xe3, 0x1e, 0x07, 0xfe, 0x03, 0xb7,
	0xcc, 0xeb, 0x13, 0x05, 0xf0, 0x07, 0x93, 0x56, 0xc7, 0x00, 0x93, 0xf6, 0x36, 0x00,
	0x63, 0x80, 0x06, 0x04, 0xf3, 0x26, 0x00, 0xb0, 0x13, 0x00, 0x00, 0x00, 0x73, 0x27,
	0x00, 0xb0, 0x33, 0x07, 0xd7, 0x40, 0xe3, 0x7a, 0xe5, 0xfe, 0x03, 0xa7, 0xcc, 0xeb,
	0x13, 0x17, 0x07, 0x02, 0x13, 0x57, 0x07, 0x02, 0x6f, 0xf0, 0x5f, 0xfd, 0x93, 0x07,
	0x10, 0x00, 0x23, 0x22, 0xf2, 0x02, 0x93, 0x07, 0x10, 0x00, 0x03, 0x37, 0xf2, 0x01,
	0xe3, 0x1e, 0xf7, 0xfe, 0x6f, 0xf0, 0x9f, 0xe6, 0x13, 0x77, 0x17, 0x00, 0x63, 0x04,
	0x07, 0x00, 0x23, 0xae, 0x0c, 0xea, 0xb3, 0x07, 0xf2, 0x00, 0x23, 0xa0, 0xc7, 0x00,
	0xb7, 0x57, 0x00, 0xc0, 0x9b, 0x87, 0x07, 0xb0, 0x23, 0x20, 0xf2, 0x00, 0x23, 0x20,
	0x02, 0x00, 0x93, 0x07, 0x10, 0x00, 0x23, 0xa2, 0xf5, 0x00, 0x83, 0xa7, 0x05, 0x00,
	0x9b, 0x87, 0x07, 0x00, 0x03, 0x67, 0x42, 0x07, 0x1b, 0x07, 0x07, 0x00, 0x63, 0x0e,
	0x07, 0x00, 0x93, 0x07, 0x10, 0x00, 0x23, 0x22, 0xf2, 0x02, 0x93, 0x07, 0x10, 0x00,
	0x03, 0x37, 0xf2, 0x01, 0xe3, 0x1e, 0xf7, 0xfe, 0x6f, 0xf0, 0x1f, 0xe1, 0x93, 0xf7,
	0x67, 0x00, 0xe3, 0x98, 0x07, 0xfc, 0x6f, 0xf0, 0x1f, 0xfe, 0x13, 0x16, 0x26, 0x03,
	0x13, 0x87, 0x46, 0x01, 0x93, 0x55, 0x26, 0x03, 0x93, 0x86, 0x05, 0x00, 0x33, 0x07,
	0xe2, 0x00, 0x23, 0x20, 0xd7, 0x00, 0x13, 0x07, 0x10, 0x00, 0x23, 0x22, 0xe2, 0x02,
	0x13, 0x07, 0x10, 0x00, 0x83, 0x36, 0xf2, 0x01, 0xe3, 0x9e, 0xe6, 0xfe, 0xe3, 0xfa,
	0xb7, 0xdc, 0x03, 0x67, 0x22, 0x30, 0x93, 0x87, 0x17, 0x00, 0x6f, 0xf0, 0x5f, 0xff,
	0x23, 0x22, 0x02, 0x02, 0x83, 0x37, 0xf2, 0x01, 0xe3, 0x9e, 0x07, 0xfe, 0x03, 0x67,
	0x22, 0x30, 0x9b, 0x07, 0x07, 0x00, 0x83, 0x66, 0x62, 0x01, 0x9b, 0xd7, 0x87, 0x01,
	0xb3, 0xf7, 0xd7, 0x00, 0x63, 0x80, 0x07, 0x02, 0x93, 0x07, 0x10, 0x00, 0x23, 0x22,
	0xf2, 0x02, 0x13, 0x07, 0x10, 0x00, 0x83, 0x37, 0xf2, 0x01, 0xe3, 0x9e, 0xe7, 0xfe,
	0x6f, 0x80, 0x8f, 0xf6, 0x73, 0x10, 0x00, 0xc0, 0x83, 0x37, 0x52, 0x01, 0x13, 0x17,
	0x27, 0x03, 0x93, 0xf7, 0x37, 0x00, 0x13, 0x57, 0x27, 0x03, 0xb3, 0x07, 0xf2, 0x00,
	0x23, 0xaa, 0xe7, 0x00, 0x93, 0x07, 0x10, 0x00, 0x23, 0x22, 0xf2, 0x02, 0x13, 0x07,
	0x10, 0x00, 0x83, 0x37, 0xf2, 0x01, 0xe3, 0x9e, 0xe7, 0xfe, 0x83, 0x37, 0x32, 0x1f,
	0x23, 0xb0, 0x07, 0x00, 0xa3, 0x25, 0x02, 0x38, 0x6f, 0xf0, 0x1f, 0xfc, 0x13, 0x00,
	0x00, 0x00, 0x13, 0x04, 0x05, 0x00, 0x83, 0x64, 0x22, 0x30, 0x13, 0x07, 0x50, 0x00,
	0x9b, 0xd7, 0xc4, 0x01, 0x93, 0x86, 0x04, 0x00, 0x63, 0x60, 0xf7, 0x02, 0x17, 0xf7,
	0x0e, 0x00, 0x13, 0x07, 0x87, 0x37, 0x93, 0x97, 0x27, 0x00, 0xb3, 0x87, 0xe7, 0x00,
	0x83, 0xa7, 0x07, 0x00, 0xb3, 0x87, 0xe7, 0x00, 0x67, 0x80, 0x07, 0x00, 0x6f, 0x00,
	0x00, 0x00, 0x93, 0x07, 0x10, 0x00, 0x03, 0x67, 0xe2, 0x01, 0x13, 0x06, 0x30, 0x00,
	0x9b, 0x05, 0x07, 0x00, 0x63, 0x84, 0xc5, 0x00, 0xb3, 0xe6, 0xe4, 0x00, 0x23, 0x25,
	0xf2, 0x02, 0x03, 0x20, 0x42, 0x31, 0x23, 0x20, 0x82, 0x00, 0x23, 0x20, 0xd2, 0x00,
	0x6f, 0x80, 0x0f, 0xec, 0x73, 0x10, 0x00, 0xc0, 0x93, 0x06, 0x00, 0x00, 0x83, 0x37,
	0x52, 0x01, 0x93, 0xf7, 0x37, 0x00, 0xe3, 0x86, 0x07, 0xfe, 0xb3, 0x07, 0xf2, 0x00,
	0x03, 0xe7, 0x57, 0x08, 0x63, 0x8a, 0x06, 0x3a, 0x1b, 0x07, 0xe7, 0xff, 0xa3, 0xa9,
	0xe7, 0x04, 0x03, 0xb7, 0xb7, 0x01, 0xa3, 0xba, 0xe7, 0x08, 0x6f, 0xf0, 0xdf, 0xfc,
	0x93, 0x06, 0x10, 0x00, 0x6f, 0xf0, 0x1f, 0xfd, 0x93, 0x07, 0x00, 0x00, 0x6f, 0xf0,
	0x9f, 0xf9, 0x03, 0x67, 0x92, 0x0a, 0xf3, 0x27, 0x40, 0xf1, 0x83, 0x36, 0xa2, 0x1f,
	0x9b, 0x97, 0x27, 0x00, 0x1b, 0x17, 0x47, 0x00, 0x13, 0x77, 0x07, 0x07, 0x93, 0xf7,
	0xc7, 0x00, 0xb3, 0xe7, 0xe7, 0x00, 0x93, 0x97, 0x47, 0x02, 0xb3, 0x87, 0xd7, 0x00,
	0x37, 0xc7, 0x00, 0x00, 0xb3, 0x87, 0xe7, 0x00, 0x83, 0xa7, 0x87, 0x3e, 0x9b, 0x87,
	0x07, 0x00, 0x03, 0x67, 0x02, 0x1f, 0x13, 0x17, 0x07, 0x02, 0x13, 0x57, 0x07, 0x02,
	0x23, 0x3e, 0xe2, 0x00, 0x93, 0xf7, 0xf7, 0x00, 0x93, 0xe7, 0x07, 0x10, 0xa3, 0x22,
	0xf2, 0x0a, 0x03, 0x20, 0x42, 0x31, 0x83, 0x37, 0x62, 0x03, 0x63, 0x88, 0x07, 0x00,
	0xa3, 0x21, 0x02, 0x08, 0x93, 0x07, 0x00, 0x41, 0x23, 0x20, 0xf2, 0x00, 0x23, 0x20,
	0x82, 0x00, 0x23, 0x20, 0x92, 0x00, 0x83, 0x66, 0x92, 0x03, 0x93, 0x87, 0x01, 0x86,
	0x03, 0xa7, 0x47, 0x03, 0x9b, 0x96, 0xf6, 0x01, 0x13, 0x17, 0x17, 0x02, 0x13, 0x57,
	0x17, 0x02, 0x33, 0x67, 0xd7, 0x00, 0x23, 0xaa, 0xe7, 0x02, 0x03, 0x37, 0xa2, 0x01,
	0x23, 0xb0, 0xe7, 0x00, 0x03, 0x37, 0xb2, 0x01, 0x23, 0xb4, 0xe7, 0x00, 0x03, 0x37,
	0x82, 0x01, 0x23, 0xbc, 0xe7, 0x00, 0x37, 0x17, 0x0f, 0xc0, 0x23, 0x20, 0xe2, 0x00,
	0x23, 0x20, 0x02, 0x00, 0x23, 0x20, 0x02, 0x00, 0x23, 0x20, 0x02, 0x00, 0x23, 0x20,
	0x02, 0x00, 0x23, 0x20, 0x02, 0x00, 0x23, 0x20, 0x02, 0x00, 0x23, 0x20, 0x02, 0x00,
	0x23, 0x20, 0x02, 0x00, 0x23, 0x20, 0x02, 0x00, 0x23, 0x20, 0x02, 0x00, 0x23, 0x20,
	0x02, 0x00, 0x23, 0x20, 0x02, 0x00, 0x23, 0x20, 0x02, 0x00, 0x23, 0x20, 0x02, 0x00,
	0x23, 0x20, 0x02, 0x00, 0x23, 0x20, 0x02, 0x00, 0x13, 0x07, 0x00, 0x40, 0xf3, 0x26,
	0x40, 0xf1, 0x33, 0x17, 0xd7, 0x00, 0x83, 0x36, 0x42, 0x31, 0xb3, 0x76, 0xd7, 0x00,
	0xe3, 0x9c, 0x06, 0xfe, 0x83, 0xa6, 0x5b, 0x70, 0x03, 0xa7, 0x47, 0x03, 0x37, 0x06,
	0x00, 0xfc, 0x93, 0x96, 0x66, 0x02, 0x33, 0x77, 0xc7, 0x00, 0x93, 0xd6, 0x66, 0x02,
	0x03, 0xb6, 0x81, 0xba, 0x33, 0x67, 0xd7, 0x00, 0x23, 0xaa, 0xe7, 0x02, 0x93, 0x07,
	0x06, 0x08, 0x13, 0x87, 0x81, 0x83, 0x13, 0x06, 0x86, 0x0a, 0x83, 0x35, 0x07, 0x00,
	0x93, 0x86, 0x07, 0x00, 0x93, 0x87, 0x87, 0x00, 0x23, 0xb0, 0xb6, 0x00, 0x13, 0x07,
	0x87, 0x00, 0xe3, 0x96, 0xc7, 0xfe, 0x83, 0x67, 0x02, 0x1f, 0x93, 0x97, 0x07, 0x02,
	0x93, 0xd7, 0x07, 0x02, 0x23, 0x3e, 0xf2, 0x00, 0xa3, 0x22, 0x02, 0x0a, 0x03, 0x20,
	0x42, 0x31, 0x6f, 0x80, 0xcf, 0xd0, 0x73, 0x10, 0x00, 0xc0, 0x03, 0x67, 0x92, 0x0a,
	0xf3, 0x27, 0x40, 0xf1, 0x83, 0x36, 0xa2, 0x1f, 0x9b, 0x97, 0x27, 0x00, 0x1b, 0x17,
	0x47, 0x00, 0x13, 0x77, 0x07, 0x07, 0x93, 0xf7, 0xc7, 0x00, 0xb3, 0xe7, 0xe7, 0x00,
	0x93, 0x97, 0x47, 0x02, 0xb3, 0x87, 0xd7, 0x00, 0x37, 0xc7, 0x00, 0x00, 0xb3, 0x87,
	0xe7, 0x00, 0x83, 0xa7, 0x87, 0x3e, 0x9b, 0x87, 0x07, 0x00, 0x03, 0x67, 0x02, 0x1f,
	0x13, 0x17, 0x07, 0x02, 0x13, 0x57, 0x07, 0x02, 0x23, 0x3e, 0xe2, 0x00, 0x93, 0xf7,
	0xf7, 0x00, 0x93, 0xe7, 0x07, 0x10, 0xa3, 0x22, 0xf2, 0x0a, 0x03, 0x20, 0x42, 0x31,
	0x03, 0xb9, 0x01, 0xba, 0x83, 0xb9, 0x01, 0xb9, 0x63, 0x16, 0x09, 0x02, 0x83, 0x67,
	0x02, 0x1f, 0x93, 0x97, 0x07, 0x02, 0x93, 0xd7, 0x07, 0x02, 0x23, 0x3e, 0xf2, 0x00,
	0xa3, 0x22, 0x02, 0x0a, 0x03, 0x20, 0x42, 0x31, 0x23, 0x20, 0x82, 0x00, 0x23, 0x20,
	0x92, 0x00, 0x6f, 0x80, 0x0f, 0xc8, 0x73, 0x10, 0x00, 0xc0, 0xef, 0x70, 0x8f, 0xf3,
	0x83, 0xa7, 0x41, 0x89, 0xa3, 0xa2, 0xfb, 0x70, 0xa3, 0x2f, 0x02, 0x1e, 0x83, 0xa7,
	0x7b, 0x70, 0x9b, 0x87, 0x07, 0x00, 0x03, 0x67, 0x02, 0x1f, 0x13, 0x17, 0x07, 0x02,
	0x13, 0x57, 0x07, 0x02, 0x23, 0x3e, 0xe2, 0x00, 0x93, 0xe7, 0x07, 0x10, 0xa3, 0x22,
	0xf2, 0x0a, 0x03, 0x20, 0x42, 0x31, 0x83, 0x37, 0x12, 0x01, 0x63, 0x9a, 0x07, 0x00,
	0x23, 0x2c, 0x02, 0x00, 0x83, 0x67, 0x12, 0x1f, 0x23, 0x20, 0xf2, 0x00, 0x23, 0x20,
	0x02, 0x00, 0x83, 0x67, 0x02, 0x01, 0x9b, 0x87, 0x07, 0x00, 0x63, 0x9c, 0x07, 0x00,
	0xa3, 0x2b, 0x02, 0x00, 0xb7, 0x57, 0x00, 0xc0, 0x9b, 0x87, 0x07, 0x20, 0x23, 0x20,
	0xf2, 0x00, 0x23, 0x20, 0x02, 0x00, 0xb7, 0xd6, 0xff, 0xff, 0x17, 0xf7, 0x0e, 0x00,
	0x13, 0x07, 0x07, 0x09, 0x17, 0xf6, 0x0e, 0x00, 0x13, 0x06, 0x86, 0x0e, 0x9b, 0x86,
	0x06, 0x40, 0x83, 0x27, 0x07, 0x00, 0xbb, 0x87, 0xf6, 0x00, 0x9b, 0x97, 0x27, 0x00,
	0x93, 0x97, 0x07, 0x02, 0x93, 0xd7, 0x07, 0x02, 0xb3, 0x87, 0x27, 0x01, 0xa3, 0x31,
	0xf2, 0x00, 0x83, 0x67, 0x47, 0x00, 0xa3, 0x31, 0xf2, 0x00, 0x13, 0x07, 0x87, 0x00,
	0xe3, 0x1c, 0xc7, 0xfc, 0xb7, 0xd6, 0xff, 0xff, 0x17, 0xf7, 0x0e, 0x00, 0x13, 0x07,
	0xc7, 0x0a, 0x17, 0xf6, 0x0e, 0x00, 0x13, 0x06, 0xc6, 0x0e, 0x9b, 0x86, 0x06, 0x40,
	0x83, 0x27, 0x07, 0x00, 0xbb, 0x87, 0xf6, 0x00, 0x9b, 0x97, 0x27, 0x00, 0x93, 0x97,
	0x07, 0x02, 0x93, 0xd7, 0x07, 0x02, 0xb3, 0x87, 0x27, 0x01, 0xa3, 0x31, 0xf2, 0x00,
	0x83, 0x67, 0x47, 0x00, 0xa3, 0x31, 0xf2, 0x00, 0x13, 0x07, 0x87, 0x00, 0xe3, 0x1c,
	0xe6, 0xfc, 0xb7, 0x66, 0xff, 0xff, 0x17, 0xf7, 0x0e, 0x00, 0x13, 0x07, 0x07, 0x0b,
	0x17, 0xf6, 0x0e, 0x00, 0x13, 0x06, 0x06, 0x28, 0x9b, 0x86, 0x06, 0x40, 0x83, 0x27,
	0x07, 0x00, 0xbb, 0x87, 0xf6, 0x00, 0x9b, 0x97, 0x27, 0x00, 0x93, 0x97, 0x07, 0x02,
	0x93, 0xd7, 0x07, 0x02, 0xb3, 0x87, 0x27, 0x01, 0xa3, 0x31, 0xf2, 0x00, 0x83, 0x67,
	0x47, 0x00, 0xa3, 0x31, 0xf2, 0x00, 0x13, 0x07, 0x87, 0x00, 0xe3, 0x1c, 0xe6, 0xfc,
	0xb7, 0x56, 0xff, 0xff, 0x17, 0xf7, 0x0e, 0x00, 0x13, 0x07, 0x47, 0x24, 0x17, 0xf6,
	0x0e, 0x00, 0x13, 0x06, 0xc6, 0x27, 0x9b, 0x86, 0x06, 0x80, 0x83, 0x27, 0x07, 0x00,
	0xbb, 0x87, 0xf6, 0x00, 0x9b, 0x97, 0x27, 0x00, 0x93, 0x97, 0x07, 0x02, 0x93, 0xd7,
	0x07, 0x02, 0xb3, 0x87, 0x27, 0x01, 0xa3, 0x31, 0xf2, 0x00, 0x83, 0x67, 0x47, 0x00,
	0xa3, 0x31, 0xf2, 0x00, 0x13, 0x07, 0x87, 0x00, 0xe3, 0x1c, 0xe6, 0xfc, 0xe3, 0x8e,
	0x09, 0xe4, 0x13, 0x85, 0x09, 0x00, 0xef, 0x70, 0x4f, 0xde, 0x6f, 0xf0, 0x1f, 0xe5,
	0xa3, 0xa8, 0xe7, 0x04, 0x6f, 0xf0, 0x9f, 0xc2, 0x13, 0x00, 0x00, 0x00, 0x83, 0x67,
	0x22, 0x30, 0x23, 0x20, 0xa2, 0x00, 0x23, 0x20, 0xf2, 0x00, 0x6f, 0x80, 0x4f, 0xad,
	0x73, 0x10, 0x00, 0xc0, 0x13, 0x00, 0x00, 0x00, 0xa3, 0x20, 0x02, 0x04, 0x37, 0x07,
	0x00, 0x01, 0x93, 0x97, 0xc0, 0x02, 0x23, 0xa4, 0xec, 0x92, 0x93, 0xd7, 0xc7, 0x02,
	0x23, 0x28, 0xfd, 0x90, 0x6f, 0x00, 0x00, 0x00, 0x13, 0x00, 0x00, 0x00, 0x03, 0x37,
	0x22, 0x30, 0x83, 0x37, 0x22, 0x30, 0x93, 0x97, 0x07, 0x02, 0xb3, 0xe7, 0xe7, 0x00,
	0xa3, 0x39, 0xf2, 0x06, 0x83, 0x38, 0x32, 0x07, 0x03, 0x37, 0x22, 0x30, 0x83, 0x37,
	0x22, 0x30, 0x93, 0x97, 0x07, 0x02, 0xb3, 0xe7, 0xe7, 0x00, 0xa3, 0x39, 0xf2, 0x06,
	0x03, 0x3e, 0x32, 0x07, 0x13, 0x03, 0xf0, 0xff, 0x13, 0x88, 0x08, 0x0c, 0x93, 0x87,
	0x08, 0x00, 0x93, 0x05, 0x00, 0x00, 0x13, 0x16, 0xf3, 0x03, 0x83, 0xb6, 0x07, 0x00,
	0x03, 0xb7, 0x87, 0x00, 0x93, 0x87, 0x07, 0x01, 0x33, 0x05, 0xd7, 0x40, 0x33, 0x77,
	0xd7, 0x00, 0xb3, 0x85, 0xa5, 0x00, 0x33, 0x76, 0xe6, 0x00, 0xe3, 0x12, 0xf8, 0xfe,
	0x83, 0x67, 0x42, 0x07, 0x9b, 0x87, 0x07, 0x00, 0x63, 0x9a, 0x07, 0x00, 0xe3, 0x54,
	0x06, 0xfc, 0x83, 0x37, 0x0e, 0x00, 0xb3, 0x85, 0xf5, 0x00, 0x23, 0x30, 0xbe, 0x00,
	0x6f, 0x80, 0x8f, 0xa2, 0x73, 0x10, 0x00, 0xc0, 0x03, 0x66, 0x22, 0x30, 0x83, 0x35,
	0x22, 0x30, 0x03, 0x37, 0x22, 0x30, 0xb7, 0x06, 0x07, 0x00, 0xb3, 0x76, 0xd6, 0x00,
	0xb7, 0x07, 0xfd, 0xff, 0xbb, 0x87, 0xd7, 0x00, 0x37, 0x05, 0xfe, 0xff, 0xb3, 0xf7,
	0xa7, 0x00, 0x13, 0x17, 0x07, 0x02, 0x9b, 0x87, 0x07, 0x00, 0x33, 0x67, 0xb7, 0x00,
	0x63, 0x86, 0x07, 0x12, 0xa3, 0x39, 0xe2, 0x06, 0x83, 0x35, 0x32, 0x07, 0x23, 0xb4,
	0xb1, 0xb6, 0x23, 0x39, 0xb2, 0x08, 0x9b, 0x07, 0x06, 0x00, 0x63, 0xc4, 0x07, 0x00,
	0x23, 0xa0, 0x01, 0xb6, 0x63, 0x9c, 0x06, 0x00, 0x23, 0x39, 0x02, 0x08, 0x23, 0x29,
	0x02, 0x00, 0x03, 0x20, 0x42, 0x31, 0x6f, 0x80, 0x0f, 0x9c, 0x73, 0x10, 0x00, 0xc0,
	0xb7, 0x07, 0x02, 0x00, 0x63, 0x88, 0xf6, 0x14, 0xb7, 0x07, 0x01, 0x00, 0xe3, 0x96,
	0xf6, 0xfe, 0x13, 0x85, 0x01, 0xb6, 0x83, 0x27, 0x05, 0x00, 0x1b, 0x57, 0xf6, 0x01,
	0xb3, 0xf7, 0xe7, 0x00, 0x9b, 0x87, 0x07, 0x00, 0x63, 0x9e, 0x07, 0x10, 0x1b, 0x5f,
	0x86, 0x00, 0x1b, 0x57, 0xc6, 0x00, 0x13, 0x7f, 0x1f, 0x00, 0x13, 0x77, 0x17, 0x00,
	0x93, 0x07, 0x00, 0x03, 0x23, 0x39, 0xf2, 0x08, 0x83, 0x67, 0x02, 0x32, 0x93, 0xf7,
	0x47, 0x00, 0xe3, 0x9c, 0x07, 0xfe, 0xf3, 0x28, 0x40, 0xf1, 0x9b, 0x88, 0xe8, 0x30,
	0x93, 0x98, 0x08, 0x02, 0x93, 0xd8, 0x08, 0x02, 0x93, 0x0e, 0x02, 0x00, 0x93, 0x02,
	0x00, 0x03, 0xb3, 0x08, 0x12, 0x01, 0x93, 0x0f, 0x10, 0x00, 0x13, 0x08, 0x00, 0x03,
	0x13, 0x0e, 0x10, 0x00, 0x03, 0xe6, 0x08, 0x00, 0x1b, 0x06, 0x06, 0x00, 0x83, 0xe3,
	0x08, 0x00, 0x9b, 0x87, 0x03, 0x00, 0x03, 0xe3, 0x08, 0x00, 0x1b, 0x03, 0x03, 0x00,
	0x83, 0xe6, 0x08, 0x00, 0x9b, 0x80, 0x06, 0x00, 0xb3, 0x87, 0x17, 0x40, 0x33, 0x06,
	0x66, 0x40, 0xb3, 0xf6, 0x76, 0x00, 0xb3, 0x37, 0xf0, 0x00, 0x33, 0x36, 0xc0, 0x00,
	0x9b, 0xd6, 0xf6, 0x01, 0xb3, 0xe7, 0xc7, 0x00, 0xb3, 0xf7, 0xf6, 0x00, 0x23, 0x20,
	0xf5, 0x00, 0x33, 0x7e, 0xde, 0x00, 0x1b, 0x08, 0xc8, 0xff, 0x63, 0x9a, 0x07, 0x16,
	0xe3, 0x18, 0x08, 0xfa, 0x63, 0x14, 0x0e, 0x1a, 0x23, 0x29, 0x02, 0x00, 0x03, 0x20,
	0x42, 0x31, 0x23, 0x20, 0xf5, 0x01, 0xe3, 0x10, 0x07, 0xf2, 0x83, 0x67, 0x42, 0x07,
	0x9b, 0x87, 0x07, 0x00, 0x63, 0x90, 0x07, 0x1a, 0x23, 0x39, 0xb2, 0x08, 0x23, 0x39,
	0x52, 0x08, 0x6f, 0xf0, 0xdf, 0xf7, 0xa3, 0x39, 0xe2, 0x06, 0x83, 0x37, 0x32, 0x07,
	0x37, 0x07, 0x03, 0x00, 0x63, 0x84, 0xe6, 0x04, 0x83, 0xe7, 0x07, 0x00, 0xb3, 0x37,
	0xf0, 0x00, 0x1b, 0x56, 0x86, 0x40, 0x13, 0x76, 0x16, 0x00, 0xe3, 0x0e, 0xf6, 0xec,
	0xa3, 0x29, 0x02, 0x00, 0x03, 0x20, 0x42, 0x31, 0x6f, 0xf0, 0x9f, 0xed, 0x23, 0x39,
	0xb2, 0x08, 0x83, 0x67, 0x42, 0x07, 0x9b, 0x87, 0x07, 0x00, 0x63, 0x80, 0x07, 0x06,
	0xa3, 0x29, 0x02, 0x00, 0x03, 0x20, 0x42, 0x31, 0x23, 0xa0, 0x01, 0xb6, 0x23, 0x39,
	0x02, 0x08, 0x6f, 0xf0, 0x5f, 0xeb, 0x83, 0xb7, 0x07, 0x00, 0xb3, 0x37, 0xf0, 0x00,
	0x6f, 0xf0, 0xdf, 0xfb, 0x13, 0x85, 0x01, 0xb6, 0x83, 0x27, 0x05, 0x00, 0x1b, 0x57,
	0xf6, 0x01, 0x93, 0xc7, 0x17, 0x00, 0xb3, 0xf7, 0xe7, 0x00, 0x9b, 0x87, 0x07, 0x00,
	0xe3, 0x9a, 0x07, 0xfc, 0xf3, 0x26, 0x40, 0xf1, 0x9b, 0x86, 0xe6, 0x30, 0x93, 0x96,
	0x06, 0x02, 0x1b, 0x57, 0x86, 0x00, 0x93, 0xd6, 0x06, 0x02, 0x13, 0x77, 0x17, 0x00,
	0x93, 0x0e, 0x80, 0x00, 0xb3, 0x06, 0xd2, 0x00, 0x23, 0x39, 0xd2, 0x09, 0x83, 0x67,
	0x02, 0x32, 0x93, 0xf7, 0x47, 0x00, 0xe3, 0x9c, 0x07, 0xfe, 0x03, 0xe3, 0x06, 0x00,
	0x1b, 0x03, 0x03, 0x00, 0x83, 0xe7, 0x06, 0x00, 0x1b, 0x8f, 0x07, 0x00, 0x03, 0xe6,
	0x06, 0x00, 0x1b, 0x0e, 0x06, 0x00, 0x83, 0xe0, 0x06, 0x00, 0x9b, 0x82, 0x00, 0x00,
	0x03, 0xe6, 0x06, 0x00, 0x9b, 0x08, 0x06, 0x00, 0x83, 0xe3, 0x06, 0x00, 0x9b, 0x8f,
	0x03, 0x00, 0x03, 0xe6, 0x06, 0x00, 0x1b, 0x08, 0x06, 0x00, 0x03, 0xe6, 0x06, 0x00,
	0xb3, 0xf7, 0x17, 0x00, 0xb3, 0xf7, 0x77, 0x00, 0xb3, 0xf7, 0xc7, 0x00, 0x9b, 0xd7,
	0xf7, 0x01, 0x1b, 0x06, 0x06, 0x00, 0xe3, 0x8a, 0x07, 0xf2, 0xbb, 0x07, 0x56, 0x40,
	0xbb, 0x06, 0xc8, 0x41, 0xbb, 0x88, 0x68, 0x40, 0xbb, 0x8f, 0xef, 0x41, 0xb3, 0x86,
	0x16, 0x41, 0xb3, 0x87, 0xf7, 0x41, 0x93, 0xb7, 0x17, 0x00, 0x93, 0xb6, 0x16, 0x00,
	0x33, 0xf6, 0xf6, 0x00, 0x23, 0x20, 0xc5, 0x00, 0x63, 0x14, 0x07, 0x00, 0x13, 0x46,
	0x16, 0x00, 0x23, 0x29, 0x02, 0x00, 0x03, 0x20, 0x42, 0x31, 0xe3, 0x16, 0x06, 0xdc,
	0x6f, 0xf0, 0x9f, 0xee, 0x23, 0x29, 0x02, 0x00, 0x03, 0x20, 0x42, 0x31, 0x63, 0x18,
	0x0f, 0x00, 0xa3, 0x29, 0x02, 0x00, 0x03, 0x20, 0x42, 0x31, 0x23, 0xa0, 0x01, 0xb6,
	0xf3, 0x27, 0x40, 0xf1, 0x9b, 0x87, 0xe7, 0x30, 0x93, 0x97, 0x07, 0x02, 0x93, 0xd7,
	0x07, 0x02, 0xb3, 0x8e, 0xfe, 0x00, 0xe3, 0x0c, 0x08, 0xd8, 0x83, 0xe7, 0x0e, 0x00,
	0x1b, 0x08, 0xf8, 0xff, 0x6f, 0xf0, 0x5f, 0xff, 0x23, 0x29, 0x02, 0x00, 0x03, 0x20,
	0x42, 0x31, 0x93, 0x07, 0x10, 0x00, 0x23, 0x20, 0xf5, 0x00, 0xe3, 0x0c, 0x0f, 0xd6,
	0xa3, 0x29, 0x02, 0x00, 0x03, 0x20, 0x42, 0x31, 0x23, 0xa0, 0x01, 0xb6, 0x6f, 0xf0,
	0x9f, 0xd6, 0x13, 0x00, 0x00, 0x00, 0x83, 0x67, 0x22, 0x30, 0xa3, 0x21, 0x02, 0x08,
	0x23, 0x20, 0xf2, 0x00, 0x6f, 0x70, 0x5f, 0xf1, 0x73, 0x10, 0x00, 0xc0, 0x13, 0x00,
	0x00, 0x00, 0x6f, 0x70, 0x9f, 0xf0, 0x73, 0x10, 0x00, 0xc0, 0x6f, 0x70, 0x1f, 0xf0,
	0x73, 0x10, 0x00, 0xc0, 0x6f, 0x70, 0x9f, 0xef, 0x73, 0x10, 0x00, 0xc0, 0x83, 0x67,
	0x22, 0x30, 0x1b, 0x87, 0x07, 0x00, 0x63, 0x14, 0x07, 0x02, 0x03, 0x37, 0x22, 0x30,
	0x83, 0x37, 0x22, 0x30, 0x93, 0x97, 0x07, 0x02, 0xb3, 0xe7, 0xe7, 0x00, 0xa3, 0x39,
	0xf2, 0x06, 0x03, 0x37, 0x32, 0x07, 0x83, 0x27, 0x07, 0x00, 0xe3, 0x8e, 0x07, 0xfe,
	0x67, 0x80, 0x00, 0x00, 0x23, 0x20, 0xa2, 0x00, 0x23, 0x20, 0xb2, 0x00, 0x23, 0x20,
	0xf2, 0x00, 0x23, 0x30, 0x0c, 0x00, 0xa3, 0x25, 0x02, 0x38, 0x67, 0x80, 0x00, 0x00,
	0x03, 0x67, 0x22, 0x30, 0x9b, 0x07, 0x07, 0x00, 0xb3, 0x37, 0xf0, 0x00, 0xa3, 0x29,
	0xf2, 0x0a, 0x23, 0x20, 0xa2, 0x00, 0x23, 0x20, 0xb2, 0x00, 0x23, 0x20, 0xe2, 0x00,
	0x67, 0x80, 0x00, 0x00, 0x23, 0x20, 0xa2, 0x00, 0x23, 0x20, 0xb2, 0x00, 0x23, 0x30,
	0x0c, 0x00, 0xa3, 0x25, 0x02, 0x38, 0x67, 0x80, 0x00, 0x00, 0x13, 0x00, 0x00, 0x00,
	0x93, 0x0e, 0x00, 0x00, 0x03, 0x63, 0x22, 0x30, 0x03, 0x68, 0x22, 0x30, 0x83, 0xa7,
	0x8c, 0xec, 0x1b, 0x06, 0x08, 0x00, 0x93, 0x86, 0x0c, 0x00, 0x9b, 0xd7, 0x87, 0x00,
	0x13, 0xf7, 0x37, 0x00, 0x93, 0xf7, 0x37, 0x00, 0x63, 0x0e, 0xc7, 0x18, 0x93, 0x07,
	0x10, 0x00, 0xa3, 0x20, 0xf2, 0x30, 0x13, 0x05, 0x00, 0x00, 0xb7, 0xc5, 0x00, 0x00,
	0x93, 0x08, 0x10, 0x00, 0x13, 0x17, 0x25, 0x00, 0x93, 0xf7, 0x3e, 0xf8, 0xb3, 0xe7,
	0xe7, 0x00, 0x03, 0x37, 0xa2, 0x1f, 0x93, 0x9e, 0x47, 0x02, 0x33, 0x87, 0xee, 0x00,
	0x33, 0x07, 0xb7, 0x00, 0x03, 0x2e, 0xc7, 0x3b, 0x13, 0x6e, 0x0e, 0x08, 0x03, 0x37,
	0xa2, 0x1f, 0x33, 0x07, 0xd7, 0x01, 0x33, 0x07, 0xb7, 0x00, 0x93, 0xe7, 0x07, 0x01,
	0x23, 0x2e, 0xc7, 0x3b, 0x93, 0x8e, 0x07, 0x00, 0x03, 0x37, 0xa2, 0x1f, 0x93, 0x97,
	0x47, 0x02, 0x33, 0x07, 0xf7, 0x00, 0x33, 0x07, 0xb7, 0x00, 0x03, 0x2e, 0xc7, 0x3b,
	0x13, 0x6e, 0x0e, 0x08, 0x03, 0x37, 0xa2, 0x1f, 0xb3, 0x07, 0xf7, 0x00, 0xb3, 0x87,
	0xb7, 0x00, 0x23, 0xae, 0xc7, 0x3b, 0x63, 0x18, 0x15, 0x09, 0x83, 0x37, 0x92, 0x1f,
	0x37, 0xf7, 0x03, 0x00, 0xb3, 0x87, 0xe7, 0x00, 0x23, 0xac, 0x67, 0x04, 0xb7, 0x37,
	0x03, 0x00, 0xb3, 0x87, 0xf6, 0x00, 0x83, 0xa5, 0x47, 0x8f, 0x93, 0x08, 0x30, 0x00,
	0x93, 0x07, 0x00, 0x00, 0x9b, 0xd5, 0x05, 0x01, 0x13, 0x05, 0x00, 0x01, 0x6f, 0x00,
	0x80, 0x04, 0x23, 0x23, 0x02, 0x06, 0x03, 0x67, 0x02, 0x1f, 0x13, 0x17, 0x07, 0x02,
	0x13, 0x57, 0x07, 0x02, 0x23, 0x3e, 0xe2, 0x00, 0x13, 0xe7, 0x07, 0x10, 0xa3, 0x32,
	0xe2, 0x0a, 0x03, 0x20, 0x42, 0x31, 0x23, 0xa6, 0x06, 0xee, 0x03, 0x67, 0x02, 0x1f,
	0x13, 0x17, 0x07, 0x02, 0x13, 0x57, 0x07, 0x02, 0x23, 0x3e, 0xe2, 0x00, 0xa3, 0x22,
	0x02, 0x0a, 0x03, 0x20, 0x42, 0x31, 0x93, 0x87, 0x17, 0x00, 0x63, 0x82, 0xa7, 0x02,
	0x3b, 0xd7, 0xf5, 0x40, 0x13, 0x77, 0x17, 0x00, 0xe3, 0x0a, 0x06, 0xfa, 0xe3, 0x0a,
	0x07, 0xfc, 0x23, 0x23, 0x12, 0x07, 0x6f, 0xf0, 0xdf, 0xfa, 0x13, 0x05, 0x10, 0x00,
	0x6f, 0xf0, 0x9f, 0xf0, 0x63, 0x1a, 0x06, 0x06, 0x83, 0xa7, 0xc6, 0xee, 0xe3, 0x9e,
	0x07, 0xfe, 0xb7, 0x07, 0x00, 0x80, 0x1b, 0x13, 0x18, 0x00, 0x13, 0x87, 0x17, 0x00,
	0x93, 0x78, 0xf3, 0x0f, 0xb3, 0xe8, 0xe8, 0x00, 0x93, 0x87, 0xf7, 0x0f, 0xb3, 0xf8,
	0xf8, 0x00, 0x37, 0x05, 0x00, 0x40, 0x9b, 0x85, 0x08, 0x00, 0x13, 0x05, 0x15, 0x00,
	0x23, 0xa4, 0xb6, 0xec, 0x83, 0xa7, 0x86, 0xec, 0x1b, 0xd7, 0x87, 0x00, 0x13, 0x77,
	0x37, 0x00, 0x9b, 0x87, 0x07, 0x00, 0xe3, 0x16, 0xc7, 0xfe, 0xb3, 0xf7, 0xa7, 0x00,
	0x9b, 0x87, 0x07, 0x00, 0xe3, 0x90, 0xa7, 0xfe, 0x93, 0x98, 0x18, 0x02, 0x93, 0xd8,
	0x18, 0x02, 0x23, 0xa4, 0x16, 0xed, 0x3b, 0x03, 0x03, 0x01, 0x23, 0x23, 0x62, 0x06,
	0xa3, 0x20, 0x02, 0x30, 0x67, 0x80, 0x00, 0x00, 0x83, 0xa7, 0xc6, 0xee, 0xe3, 0x9a,
	0x07, 0xf8, 0x83, 0xa7, 0xc6, 0xee, 0xe3, 0x8a, 0x07, 0xfe, 0x6f, 0xf0, 0x9f, 0xf8,
	0x1b, 0x97, 0x17, 0x00, 0xbb, 0x07, 0xf7, 0x00, 0x23, 0x23, 0xf2, 0x06, 0x67, 0x80,
	0x00, 0x00, 0x83, 0x67, 0x22, 0x30, 0x13, 0x07, 0x60, 0x01, 0x9b, 0x87, 0x07, 0x00,
	0x63, 0x84, 0xe7, 0x1a, 0x63, 0x6c, 0xf7, 0x02, 0x13, 0x07, 0xb0, 0x00, 0x63, 0x86,
	0xe7, 0x16, 0x13, 0x07, 0x50, 0x01, 0x63, 0x90, 0xe7, 0x16, 0x03, 0x67, 0x22, 0x30,
	0x9b, 0x07, 0x07, 0x00, 0xb3, 0x37, 0xf0, 0x00, 0xa3, 0x29, 0xf2, 0x0a, 0x23, 0x20,
	0xa2, 0x00, 0x93, 0x07, 0x50, 0x01, 0x23, 0x20, 0xf2, 0x00, 0x23, 0x20, 0xe2, 0x00,
	0x67, 0x80, 0x00, 0x00, 0x13, 0x07, 0xc0, 0x01, 0x63, 0x9a, 0xe7, 0x12, 0x13, 0x05,
	0x00, 0x00, 0x83, 0x68, 0x22, 0x30, 0x83, 0x65, 0x22, 0x30, 0x83, 0xa7, 0x8c, 0xec,
	0x1b, 0x86, 0x05, 0x00, 0x93, 0x86, 0x0c, 0x00, 0x9b, 0xd7, 0x87, 0x00, 0x13, 0xf7,
	0x37, 0x00, 0x93, 0xf7, 0x37, 0x00, 0x63, 0x02, 0xc7, 0x20, 0x93, 0x07, 0x10, 0x00,
	0xa3, 0x20, 0xf2, 0x30, 0x13, 0x03, 0x00, 0x00, 0x37, 0xc8, 0x00, 0x00, 0x13, 0x0e,
	0x10, 0x00, 0x13, 0x17, 0x23, 0x00, 0x93, 0x77, 0x35, 0xf8, 0xb3, 0xe7, 0xe7, 0x00,
	0x03, 0x35, 0xa2, 0x1f, 0x13, 0x97, 0x47, 0x02, 0x33, 0x05, 0xe5, 0x00, 0x33, 0x05,
	0x05, 0x01, 0x03, 0x25, 0xc5, 0x3b, 0x13, 0x65, 0x05, 0x08, 0x83, 0x3e, 0xa2, 0x1f,
	0x33, 0x07, 0xd7, 0x01, 0x33, 0x07, 0x07, 0x01, 0x93, 0xe7, 0x07, 0x01, 0x23, 0x2e,
	0xa7, 0x3a, 0x13, 0x85, 0x07, 0x00, 0x03, 0x37, 0xa2, 0x1f, 0x93, 0x97, 0x47, 0x02,
	0x33, 0x07, 0xf7, 0x00, 0x33, 0x07, 0x07, 0x01, 0x03, 0x27, 0xc7, 0x3b, 0x13, 0x67,
	0x07, 0x08, 0x83, 0x3e, 0xa2, 0x1f, 0xb3, 0x87, 0xd7, 0x01, 0xb3, 0x87, 0x07, 0x01,
	0x23, 0xae, 0xe7, 0x3a, 0x63, 0x10, 0xc3, 0x19, 0x83, 0x37, 0x92, 0x1f, 0x37, 0xf7,
	0x03, 0x00, 0xb3, 0x87, 0xe7, 0x00, 0x23, 0xac, 0x17, 0x05, 0xb7, 0x37, 0x03, 0x00,
	0xb3, 0x87, 0xf6, 0x00, 0x03, 0xa5, 0x47, 0x8f, 0x93, 0x08, 0x30, 0x00, 0x93, 0x07,
	0x00, 0x00, 0x1b, 0x55, 0x05, 0x01, 0x13, 0x08, 0x00, 0x01, 0x6f, 0x00, 0x80, 0x04,
	0x23, 0x23, 0x02, 0x06, 0x03, 0x67, 0x02, 0x1f, 0x13, 0x17, 0x07, 0x02, 0x13, 0x57,
	0x07, 0x02, 0x23, 0x3e, 0xe2, 0x00, 0x13, 0xe7, 0x07, 0x10, 0xa3, 0x32, 0xe2, 0x0a,
	0x03, 0x20, 0x42, 0x31, 0x23, 0xa6, 0x06, 0xee, 0x03, 0x67, 0x02, 0x1f, 0x13, 0x17,
	0x07, 0x02, 0x13, 0x57, 0x07, 0x02, 0x23, 0x3e, 0xe2, 0x00, 0xa3, 0x22, 0x02, 0x0a,
	0x03, 0x20, 0x42, 0x31, 0x93, 0x87, 0x17, 0x00, 0x63, 0x82, 0x07, 0x09, 0x3b, 0x57,
	0xf5, 0x40, 0x13, 0x77, 0x17, 0x00, 0xe3, 0x0a, 0x06, 0xfa, 0xe3, 0x0a, 0x07, 0xfc,
	0x23, 0x23, 0x12, 0x07, 0x6f, 0xf0, 0xdf, 0xfa, 0x6f, 0x60, 0x9f, 0xf1, 0x83, 0x67,
	0x22, 0x30, 0x1b, 0x87, 0x07, 0x00, 0x63, 0x10, 0x07, 0x04, 0x03, 0x37, 0x22, 0x30,
	0x83, 0x37, 0x22, 0x30, 0x93, 0x97, 0x07, 0x02, 0xb3, 0xe7, 0xe7, 0x00, 0xa3, 0x39,
	0xf2, 0x06, 0x03, 0x37, 0x32, 0x07, 0x83, 0x27, 0x07, 0x00, 0xe3, 0x8e, 0x07, 0xfe,
	0x67, 0x80, 0x00, 0x00, 0x23, 0x20, 0xa2, 0x00, 0x93, 0x07, 0x60, 0x01, 0x23, 0x20,
	0xf2, 0x00, 0x23, 0x30, 0x0c, 0x00, 0xa3, 0x25, 0x02, 0x38, 0x67, 0x80, 0x00, 0x00,
	0x23, 0x20, 0xa2, 0x00, 0x13, 0x07, 0xb0, 0x00, 0x23, 0x20, 0xe2, 0x00, 0x23, 0x20,
	0xf2, 0x00, 0x23, 0x30, 0x0c, 0x00, 0xa3, 0x25, 0x02, 0x38, 0x67, 0x80, 0x00, 0x00,
	0x63, 0x1a, 0x06, 0x06, 0x83, 0xa7, 0xc6, 0xee, 0xe3, 0x9e, 0x07, 0xfe, 0xb7, 0x07,
	0x00, 0x80, 0x1b, 0x93, 0x15, 0x00, 0x13, 0x87, 0x17, 0x00, 0x93, 0x78, 0xf3, 0x0f,
	0xb3, 0xe8, 0xe8, 0x00, 0x93, 0x87, 0xf7, 0x0f, 0xb3, 0xf8, 0xf8, 0x00, 0x37, 0x08,
	0x00, 0x40, 0x1b, 0x85, 0x08, 0x00, 0x13, 0x08, 0x18, 0x00, 0x23, 0xa4, 0xa6, 0xec,
	0x83, 0xa7, 0x86, 0xec, 0x1b, 0xd7, 0x87, 0x00, 0x13, 0x77, 0x37, 0x00, 0x9b, 0x87,
	0x07, 0x00, 0xe3, 0x16, 0xc7, 0xfe, 0xb3, 0xf7, 0x07, 0x01, 0x9b, 0x87, 0x07, 0x00,
	0xe3, 0x90, 0x07, 0xff, 0x93, 0x98, 0x18, 0x02, 0x93, 0xd8, 0x18, 0x02, 0x23, 0xa4,
	0x16, 0xed, 0x3b, 0x03, 0xb3, 0x00, 0x23, 0x23, 0x62, 0x06, 0xa3, 0x20, 0x02, 0x30,
	0x67, 0x80, 0x00, 0x00, 0x83, 0xa7, 0xc6, 0xee, 0xe3, 0x9a, 0x07, 0xf8, 0x83, 0xa7,
	0xc6, 0xee, 0xe3, 0x8a, 0x07, 0xfe, 0x6f, 0xf0, 0x9f, 0xf8, 0x13, 0x03, 0x10, 0x00,
	0x6f, 0xf0, 0x9f, 0xe1, 0x1b, 0x97, 0x17, 0x00, 0xbb, 0x07, 0xf7, 0x00, 0x23, 0x23,
	0xf2, 0x06, 0x67, 0x80, 0x00, 0x00, 0x83, 0x67, 0x22, 0x30, 0x93, 0xf7, 0x37, 0x00,
	0xa3, 0x24, 0xf2, 0x06, 0x03, 0x20, 0x42, 0x31, 0x6f, 0x70, 0x9f, 0xa0, 0x73, 0x10,
	0x00, 0xc0, 0x83, 0x67, 0x22, 0x30, 0x83, 0x37, 0x52, 0x01, 0x93, 0xf7, 0x37, 0x00,
	0xb3, 0x07, 0xf2, 0x00, 0x83, 0xe5, 0xb7, 0x00, 0x13, 0x07, 0x10, 0x00, 0xa3, 0xa0,
	0xe7, 0x04, 0xa3, 0x23, 0xe2, 0x06, 0x37, 0x07, 0x00, 0x80, 0x1b, 0x07, 0x67, 0x00,
	0x83, 0x37, 0xa2, 0x1f, 0x93, 0x06, 0x10, 0x00, 0x93, 0x96, 0x46, 0x02, 0xb3, 0x87,
	0xd7, 0x00, 0x37, 0xe6, 0x02, 0x00, 0xb3, 0x87, 0xc7, 0x00, 0x23, 0xa0, 0xe7, 0x08,
	0x37, 0x08, 0x00, 0xc0, 0x37, 0x05, 0x00, 0xc0, 0x83, 0x37, 0xa2, 0x1f, 0xb3, 0x87,
	0xd7, 0x00, 0xb3, 0x87, 0xc7, 0x00, 0x83, 0xa7, 0x07, 0x08, 0x9b, 0x87, 0x07, 0x00,
	0x33, 0xf7, 0x07, 0x01, 0x1b, 0x07, 0x07, 0x00, 0xe3, 0x12, 0xa7, 0xfe, 0x93, 0x97,
	0x17, 0x02, 0x93, 0xd7, 0x17, 0x02, 0x03, 0x37, 0xa2, 0x1f, 0x33, 0x07, 0xd7, 0x00,
	0x33, 0x07, 0xc7, 0x00, 0x23, 0x20, 0xf7, 0x08, 0x13, 0x07, 0x10, 0x00, 0x13, 0x17,
	0x47, 0x02, 0x37, 0xe6, 0x02, 0x00, 0xb7, 0x06, 0x00, 0xc0, 0x83, 0x37, 0xa2, 0x1f,
	0xb3, 0x87, 0xe7, 0x00, 0xb3, 0x87, 0xc7, 0x00, 0x83, 0xa7, 0x07, 0x08, 0xb3, 0xf7,
	0xd7, 0x00, 0x9b, 0x87, 0x07, 0x00, 0xe3, 0x94, 0x07, 0xfe, 0xa3, 0x23, 0x02, 0x06,
	0xa3, 0x20, 0xb2, 0x04, 0x6f, 0x70, 0x9f, 0x94, 0x73, 0x10, 0x00, 0xc0, 0x00, 0x00,
	0x00, 0x00, 0x00, 0x00, 0x00, 0x00, 0x83, 0xa7, 0x9b, 0x70, 0x9b, 0x87, 0x07, 0x00,
	0x03, 0x67, 0xa2, 0x00, 0xb3, 0xf7, 0xe7, 0x00, 0x93, 0xf7, 0x17, 0x00, 0x63, 0x8c,
	0x07, 0x00, 0x13, 0x17, 0x25, 0x02, 0x13, 0x57, 0x27, 0x03, 0xb7, 0x07, 0x01, 0x00,
	0xbb, 0x87, 0xe7, 0x40, 0x23, 0x24, 0xf2, 0x02, 0x23, 0x20, 0xa2, 0x00, 0x23, 0x30,
	0x0c, 0x00, 0xa3, 0x25, 0x02, 0x38, 0x6f, 0x70, 0x1f, 0x90, 0x73, 0x10, 0x00, 0xc0,
	0x03, 0x67, 0x22, 0x30, 0x93, 0x06, 0x10, 0x00, 0x9b, 0x57, 0xc7, 0x01, 0x63, 0xfe,
	0xf6, 0x00, 0x03, 0x66, 0x22, 0x30, 0x93, 0x06, 0x20, 0x00, 0x63, 0x82, 0xd7, 0x08,
	0x93, 0x06, 0x30, 0x00, 0x63, 0x80, 0xd7, 0x04, 0x6f, 0x00, 0x00, 0x00, 0xb7, 0x07,
	0xff, 0xff, 0x93, 0x87, 0xf7, 0x0f, 0x33, 0x75, 0xf5, 0x00, 0xb7, 0x87, 0x00, 0x00,
	0x93, 0x87, 0x07, 0x90, 0xb3, 0x67, 0xf5, 0x00, 0x23, 0x20, 0xf2, 0x00, 0x13, 0x17,
	0x07, 0x03, 0x13, 0x57, 0x07, 0x03, 0x23, 0x20, 0xe2, 0x00, 0x23, 0x30, 0x0c, 0x00,
	0xa3, 0x25, 0x02, 0x38, 0x6f, 0x70, 0x1f, 0x8a, 0x73, 0x10, 0x00, 0xc0, 0x23, 0xa0,
	0xcd, 0x2a, 0x23, 0xa8, 0xc1, 0x88, 0x83, 0x67, 0xa2, 0x00, 0xb7, 0x86, 0x00, 0x00,
	0xb3, 0xf7, 0xd7, 0x00, 0x63, 0x88, 0x07, 0x00, 0xb7, 0x07, 0x01, 0x00, 0x9b, 0x87,
	0xf7, 0xff, 0x23, 0x24, 0xf2, 0x02, 0x23, 0x20, 0xa2, 0x00, 0x13, 0x17, 0x07, 0x03,
	0x13, 0x57, 0x07, 0x03, 0x23, 0x20, 0xe2, 0x00, 0x23, 0x20, 0xc2, 0x00, 0x6f, 0xf0,
	0x1f, 0xfc, 0x93, 0x76, 0x36, 0x00, 0x93, 0x07, 0x10, 0x00, 0xbb, 0x97, 0xd7, 0x00,
	0x23, 0xaa, 0xcd, 0x28, 0x93, 0xf7, 0x37, 0x00, 0x23, 0x2e, 0xf2, 0x00, 0x23, 0x28,
	0xf2, 0x1e, 0x23, 0xa4, 0xc1, 0x88, 0x6f, 0xf0, 0xdf, 0xfa, 0x03, 0x67, 0x22, 0x30,
	0x23, 0xa0, 0xed, 0x2a, 0x83, 0x67, 0xa2, 0x00, 0x9b, 0xd7, 0xf7, 0x00, 0x93, 0xf7,
	0x17, 0x00, 0x23, 0x24, 0xf2, 0x02, 0xb7, 0x87, 0x01, 0xc0, 0x9b, 0x87, 0x07, 0x90,
	0x23, 0x20, 0xf2, 0x00, 0x93, 0x07, 0xd0, 0x24, 0x23, 0x20, 0xf2, 0x00, 0x23, 0x20,
	0xe2, 0x00, 0x23, 0xa8, 0xe1, 0x88, 0x6f, 0x70, 0x5f, 0x80, 0x73, 0x10, 0x00, 0xc0,
	0x13, 0x00, 0x00, 0x00, 0x83, 0x67, 0x22, 0x30, 0x9b, 0x88, 0x07, 0x00, 0x83, 0x65,
	0x22, 0x30, 0x93, 0x97, 0x07, 0x02, 0x13, 0x97, 0x05, 0x02, 0x93, 0xd7, 0x07, 0x02,
	0x9b, 0x85, 0x05, 0x00, 0xb3, 0x67, 0xf7, 0x00, 0xa3, 0x39, 0xf2, 0x06, 0x03, 0x33,
	0x32, 0x07, 0xa3, 0x21, 0x02, 0x02, 0x83, 0x67, 0x92, 0x00, 0x37, 0x87, 0x00, 0x00,
	0xb3, 0xf7, 0xe7, 0x00, 0x13, 0x17, 0x25, 0x02, 0x13, 0x57, 0x27, 0x03, 0x63, 0x8e,
	0x07, 0x06, 0x83, 0xb7, 0x9b, 0x70, 0x63, 0x9a, 0x07, 0x06, 0x1b, 0x07, 0xf7, 0xff,
	0x63, 0x02, 0x07, 0x06, 0x37, 0x08, 0x01, 0xc0, 0x13, 0x08, 0xf8, 0xff, 0x37, 0x0e,
	0x03, 0x00, 0x03, 0x66, 0x22, 0x30, 0x83, 0x66, 0x22, 0x30, 0x83, 0x37, 0x22, 0x01,
	0xe3, 0x9e, 0x07, 0xfe, 0x9b, 0x17, 0x26, 0x00, 0x93, 0x97, 0x07, 0x02, 0x33, 0x75,
	0x05, 0x01, 0x93, 0xd7, 0x07, 0x02, 0x33, 0x65, 0xc5, 0x01, 0xb3, 0x87, 0x67, 0x00,
	0xa3, 0x31, 0xf2, 0x00, 0x93, 0x97, 0x06, 0x02, 0x93, 0xd7, 0x07, 0x02, 0xa3, 0x31,
	0xf2, 0x00, 0x23, 0x20, 0xa2, 0x00, 0x23, 0x20, 0x12, 0x01, 0x23, 0x20, 0xb2, 0x00,
	0x23, 0x20, 0xc2, 0x00, 0x23, 0x20, 0xd2, 0x00, 0x1b, 0x07, 0xe7, 0xff, 0xe3, 0x18,
	0x07, 0xfa, 0x6f, 0x70, 0x4f, 0xf4, 0x73, 0x10, 0x00, 0xc0, 0x1b, 0x07, 0xe7, 0xff,
	0x93, 0x07, 0x00, 0x00, 0x83, 0x66, 0x22, 0x30, 0x9b, 0x87, 0x17, 0x00, 0xe3, 0x7c,
	0xf7, 0xfe, 0x6f, 0xf0, 0x5f, 0xfe, 0x13, 0x00, 0x00, 0x00, 0x93, 0x77, 0x25, 0x00,
	0x63, 0x90, 0x07, 0x0e, 0x03, 0x37, 0x12, 0x01, 0x63, 0x02, 0x07, 0x0c, 0x93, 0x05,
	0x05, 0x00, 0x03, 0x67, 0x22, 0x30, 0x9b, 0x08, 0x07, 0x00, 0x03, 0x68, 0x22, 0x30,
	0x13, 0x17, 0x07, 0x02, 0x93, 0x16, 0x08, 0x02, 0x13, 0x57, 0x07, 0x02, 0x1b, 0x08,
	0x08, 0x00, 0x33, 0xe7, 0xe6, 0x00, 0xa3, 0x39, 0xe2, 0x06, 0x03, 0x33, 0x32, 0x07,
	0xa3, 0x21, 0x02, 0x02, 0x03, 0x67, 0x92, 0x00, 0xb7, 0x06, 0x01, 0x00, 0x33, 0x77,
	0xd7, 0x00, 0x63, 0x0a, 0x07, 0x14, 0x03, 0xb7, 0x9b, 0x70, 0x63, 0x16, 0x07, 0x14,
	0x13, 0x97, 0x25, 0x02, 0x13, 0x57, 0x27, 0x03, 0x1b, 0x07, 0xf7, 0xff, 0x63, 0x02,
	0x07, 0x06, 0x37, 0x05, 0x01, 0xc0, 0x13, 0x05, 0xf5, 0xff, 0x37, 0x0e, 0x03, 0x00,
	0x03, 0x66, 0x22, 0x30, 0x83, 0x66, 0x22, 0x30, 0x83, 0x37, 0x22, 0x01, 0xe3, 0x9e,
	0x07, 0xfe, 0x9b, 0x17, 0x26, 0x00, 0x93, 0x97, 0x07, 0x02, 0xb3, 0xf5, 0xa5, 0x00,
	0x93, 0xd7, 0x07, 0x02, 0xb3, 0xe5, 0xc5, 0x01, 0xb3, 0x87, 0x67, 0x00, 0xa3, 0x31,
	0xf2, 0x00, 0x93, 0x97, 0x06, 0x02, 0x93, 0xd7, 0x07, 0x02, 0xa3, 0x31, 0xf2, 0x00,
	0x23, 0x20, 0xb2, 0x00, 0x23, 0x20, 0x12, 0x01, 0x23, 0x20, 0x02, 0x01, 0x23, 0x20,
	0xc2, 0x00, 0x23, 0x20, 0xd2, 0x00, 0x1b, 0x07, 0xe7, 0xff, 0xe3, 0x18, 0x07, 0xfa,
	0x6f, 0x70, 0x8f, 0xe5, 0x73, 0x10, 0x00, 0xc0, 0x23, 0x2c, 0x02, 0x00, 0x03, 0x67,
	0x12, 0x1f, 0x23, 0x20, 0xe2, 0x00, 0x23, 0x20, 0x02, 0x00, 0x6f, 0xf0, 0x1f, 0xf3,
	0x93, 0x05, 0x05, 0x00, 0x83, 0x67, 0x22, 0x30, 0x9b, 0x88, 0x07, 0x00, 0x03, 0x63,
	0x22, 0x30, 0x93, 0x97, 0x07, 0x02, 0x13, 0x17, 0x03, 0x02, 0x93, 0xd7, 0x07, 0x02,
	0x1b, 0x03, 0x03, 0x00, 0xb3, 0x67, 0xf7, 0x00, 0xa3, 0x39, 0xf2, 0x06, 0x03, 0x38,
	0x32, 0x07, 0xa3, 0x21, 0x02, 0x02, 0x83, 0x67, 0x92, 0x00, 0x37, 0x07, 0x00, 0x01,
	0xb3, 0xf7, 0xe7, 0x00, 0x63, 0x8e, 0x07, 0x08, 0x83, 0xb7, 0x9b, 0x70, 0x63, 0x9a,
	0x07, 0x08, 0x13, 0x97, 0x25, 0x02, 0x13, 0x57, 0x27, 0x03, 0x1b, 0x07, 0xf7, 0xff,
	0xe3, 0x08, 0x07, 0xf8, 0x37, 0x05, 0x01, 0xc0, 0x13, 0x05, 0xf5, 0xff, 0x37, 0x0e,
	0x03, 0x00, 0x03, 0x66, 0x22, 0x30, 0x83, 0x66, 0x22, 0x30, 0x83, 0x37, 0x22, 0x01,
	0xe3, 0x9e, 0x07, 0xfe, 0x9b, 0x17, 0x26, 0x00, 0x93, 0x97, 0x07, 0x02, 0xb3, 0xf5,
	0xa5, 0x00, 0x93, 0xd7, 0x07, 0x02, 0xb3, 0xe5, 0xc5, 0x01, 0xb3, 0x87, 0x07, 0x01,
	0xa3, 0x31, 0xf2, 0x00, 0x93, 0x97, 0x06, 0x02, 0x93, 0xd7, 0x07, 0x02, 0xa3, 0x31,
	0xf2, 0x00, 0x23, 0x20, 0xb2, 0x00, 0x23, 0x20, 0x12, 0x01, 0x23, 0x20, 0x62, 0x00,
	0x23, 0x20, 0xc2, 0x00, 0x23, 0x20, 0xd2, 0x00, 0x1b, 0x07, 0xe7, 0xff, 0xe3, 0x18,
	0x07, 0xfa, 0x6f, 0xf0, 0xdf, 0xf2, 0x13, 0x17, 0x25, 0x02, 0x13, 0x57, 0x27, 0x03,
	0x1b, 0x07, 0xe7, 0xff, 0x83, 0x66, 0x22, 0x30, 0x9b, 0x87, 0x17, 0x00, 0xe3, 0x7c,
	0xf7, 0xfe, 0x6f, 0xf0, 0x1f, 0xf1, 0x93, 0x17, 0x25, 0x02, 0x93, 0xd7, 0x27, 0x03,
	0x9b, 0x87, 0xe7, 0xff, 0x13, 0x07, 0x00, 0x00, 0x83, 0x66, 0x22, 0x30, 0x1b, 0x07,
	0x17, 0x00, 0xe3, 0xfc, 0xe7, 0xfe, 0x6f, 0xf0, 0x1f, 0xef, 0x13, 0x00, 0x00, 0x00,
	0x83, 0x67, 0x22, 0x30, 0x9b, 0x88, 0x07, 0x00, 0x83, 0x65, 0x22, 0x30, 0x93, 0x97,
	0x07, 0x02, 0x13, 0x97, 0x05, 0x02, 0x93, 0xd7, 0x07, 0x02, 0x9b, 0x85, 0x05, 0x00,
	0xb3, 0x67, 0xf7, 0x00, 0xa3, 0x39, 0xf2, 0x06, 0x03, 0x33, 0x32, 0x07, 0xa3, 0x21,
	0x02, 0x02, 0x83, 0x67, 0x92, 0x00, 0x13, 0x17, 0x25, 0x02, 0x93, 0xf7, 0x17, 0x00,
	0x13, 0x57, 0x27, 0x03, 0x63, 0x8e, 0x07, 0x06, 0x83, 0xb7, 0x9b, 0x70, 0x63, 0x9a,
	0x07, 0x06, 0x1b, 0x07, 0xf7, 0xff, 0x63, 0x02, 0x07, 0x06, 0x37, 0x08, 0x01, 0xc0,
	0x13, 0x08, 0xf8, 0xff, 0x37, 0x0e, 0x03, 0x00, 0x03, 0x66, 0x22, 0x30, 0x83, 0x66,
	0x22, 0x30, 0x83, 0x37, 0x22, 0x01, 0xe3, 0x9e, 0x07, 0xfe, 0x9b, 0x17, 0x26, 0x00,
	0x93, 0x97, 0x07, 0x02, 0x33, 0x75, 0x05, 0x01, 0x93, 0xd7, 0x07, 0x02, 0x33, 0x65,
	0xc5, 0x01, 0xb3, 0x87, 0x67, 0x00, 0xa3, 0x31, 0xf2, 0x00, 0x93, 0x97, 0x06, 0x02,
	0x93, 0xd7, 0x07, 0x02, 0xa3, 0x31, 0xf2, 0x00, 0x23, 0x20, 0xa2, 0x00, 0x23, 0x20,
	0x12, 0x01, 0x23, 0x20, 0xb2, 0x00, 0x23, 0x20, 0xc2, 0x00, 0x23, 0x20, 0xd2, 0x00,
	0x1b, 0x07, 0xe7, 0xff, 0xe3, 0x18, 0x07, 0xfa, 0x6f, 0x70, 0x0f, 0xc9, 0x73, 0x10,
	0x00, 0xc0, 0x1b, 0x07, 0xe7, 0xff, 0x93, 0x07, 0x00, 0x00, 0x83, 0x66, 0x22, 0x30,
	0x9b, 0x87, 0x17, 0x00, 0xe3, 0x7c, 0xf7, 0xfe, 0x6f, 0xf0, 0x5f, 0xfe, 0x83, 0x37,
	0x02, 0x01, 0x63, 0x9c, 0x07, 0x00, 0xa3, 0x2b, 0x02, 0x00, 0xb7, 0x57, 0x00, 0xc0,
	0x9b, 0x87, 0x07, 0x20, 0x23, 0x20, 0xf2, 0x00, 0x23, 0x20, 0x02, 0x00, 0x13, 0x07,
	0x05, 0x00, 0x83, 0x67, 0x22, 0x30, 0x9b, 0x88, 0x07, 0x00, 0x03, 0x68, 0x22, 0x30,
	0x93, 0x97, 0x07, 0x02, 0x93, 0x16, 0x08, 0x02, 0x93, 0xd7, 0x07, 0x02, 0x1b, 0x08,
	0x08, 0x00, 0xb3, 0xe7, 0xf6, 0x00, 0xa3, 0x39, 0xf2, 0x06, 0x03, 0x33, 0x32, 0x07,
	0xa3, 0x21, 0x02, 0x02, 0x83, 0x67, 0x92, 0x00, 0x93, 0xf7, 0x27, 0x00, 0x63, 0x82,
	0x07, 0x08, 0x83, 0xb7, 0x9b, 0x70, 0x63, 0x9e, 0x07, 0x06, 0x93, 0x16, 0x27, 0x02,
	0x93, 0xd6, 0x26, 0x03, 0x9b, 0x86, 0xf6, 0xff, 0x63, 0x82, 0x06, 0x06, 0x37, 0x05,
	0x01, 0xc0, 0x13, 0x05, 0xf5, 0xff, 0x37, 0x0e, 0x03, 0x00, 0x83, 0x65, 0x22, 0x30,
	0x03, 0x66, 0x22, 0x30, 0x83, 0x37, 0x22, 0x01, 0xe3, 0x9e, 0x07, 0xfe, 0x9b, 0x97,
	0x25, 0x00, 0x93, 0x97, 0x07, 0x02, 0x33, 0x77, 0xa7, 0x00, 0x93, 0xd7, 0x07, 0x02,
	0x33, 0x67, 0xc7, 0x01, 0xb3, 0x87, 0x67, 0x00, 0xa3, 0x31, 0xf2, 0x00, 0x93, 0x17,
	0x06, 0x02, 0x93, 0xd7, 0x07, 0x02, 0xa3, 0x31, 0xf2, 0x00, 0x23, 0x20, 0xe2, 0x00,
	0x23, 0x20, 0x12, 0x01, 0x23, 0x20, 0x02, 0x01, 0x23, 0x20, 0xb2, 0x00, 0x23, 0x20,
	0xc2, 0x00, 0x9b, 0x86, 0xe6, 0xff, 0xe3, 0x98, 0x06, 0xfa, 0x6f, 0x70, 0x0f, 0xba,
	0x73, 0x10, 0x00, 0xc0, 0x13, 0x17, 0x25, 0x02, 0x13, 0x57, 0x27, 0x03, 0x1b, 0x07,
	0xe7, 0xff, 0x93, 0x07, 0x00, 0x00, 0x83, 0x66, 0x22, 0x30, 0x9b, 0x87, 0x17, 0x00,
	0xe3, 0x7c, 0xf7, 0xfe, 0x6f, 0xf0, 0xdf, 0xfd, 0x13, 0x17, 0x27, 0x03, 0x13, 0x57,
	0x27, 0x03, 0x03, 0x68, 0xa2, 0x00, 0xb3, 0xf7, 0x07, 0x01, 0x13, 0x16, 0x06, 0x02,
	0x13, 0xf8, 0x15, 0x00, 0x9b, 0x87, 0x07, 0x00, 0x13, 0x56, 0x06, 0x02, 0x63, 0x14,
	0x08, 0x06, 0x93, 0x95, 0x05, 0x02, 0x93, 0xd5, 0x05, 0x02, 0x13, 0x16, 0x06, 0x02,
	0x33, 0x66, 0xb6, 0x00, 0xa3, 0x39, 0xc2, 0x06, 0x03, 0x36, 0x32, 0x07, 0x1b, 0x07,
	0x07, 0x00, 0x63, 0x84, 0x07, 0x00, 0x23, 0x24, 0xe2, 0x02, 0x9b, 0x87, 0x06, 0x00,
	0x63, 0xd4, 0x07, 0x00, 0x1b, 0x17, 0x17, 0x00, 0xa3, 0x31, 0xc2, 0x00, 0x93, 0x17,
	0x07, 0x02, 0x93, 0xd7, 0x07, 0x02, 0xa3, 0x31, 0xf2, 0x00, 0xb7, 0x07, 0x01, 0xc0,
	0x93, 0x87, 0xf7, 0xff, 0xb3, 0x77, 0xf5, 0x00, 0x37, 0x05, 0x01, 0x00, 0x33, 0xe5,
	0xa7, 0x00, 0x23, 0x20, 0xa2, 0x00, 0x23, 0x20, 0xd2, 0x00, 0x23, 0x20, 0xe2, 0x00,
	0x67, 0x80, 0x00, 0x00, 0x83, 0xb5, 0x01, 0x88, 0x33, 0x06, 0xb6, 0x00, 0x6f, 0xf0,
	0xdf, 0xfa, 0x13, 0x00, 0x00, 0x00, 0x83, 0x66, 0x22, 0x30, 0x03, 0x67, 0x22, 0x30,
	0x03, 0x68, 0x22, 0x30, 0x83, 0x67, 0x22, 0x30, 0x13, 0x96, 0x27, 0x03, 0x63, 0x08,
	0x06, 0x08, 0x03, 0x36, 0x02, 0x01, 0x63, 0x1c, 0x06, 0x00, 0xa3, 0x2b, 0x02, 0x00,
	0x37, 0x56, 0x00, 0xc0, 0x1b, 0x06, 0x06, 0x20, 0x23, 0x20, 0xc2, 0x00, 0x23, 0x20,
	0x02, 0x00, 0x93, 0x97, 0x27, 0x03, 0x93, 0xd7, 0x27, 0x03, 0x03, 0x66, 0xa2, 0x00,
	0x13, 0x17, 0x07, 0x02, 0x93, 0xf5, 0x16, 0x00, 0x13, 0x76, 0x26, 0x00, 0x13, 0x57,
	0x07, 0x02, 0x63, 0x8e, 0x05, 0x04, 0x83, 0xb6, 0x01, 0x88, 0x33, 0x07, 0xd7, 0x00,
	0x9b, 0x87, 0x07, 0x00, 0x63, 0x04, 0x06, 0x00, 0x23, 0x24, 0xf2, 0x02, 0x9b, 0x06,
	0x08, 0x00, 0x63, 0xd4, 0x06, 0x00, 0x9b, 0x97, 0x17, 0x00, 0xa3, 0x31, 0xe2, 0x00,
	0x13, 0x97, 0x07, 0x02, 0x13, 0x57, 0x07, 0x02, 0xa3, 0x31, 0xe2, 0x00, 0x37, 0x07,
	0x01, 0xc0, 0x13, 0x07, 0xf7, 0xff, 0x33, 0x75, 0xa7, 0x00, 0x37, 0x07, 0x01, 0x00,
	0x33, 0x65, 0xe5, 0x00, 0x23, 0x20, 0xa2, 0x00, 0x23, 0x20, 0x02, 0x01, 0x23, 0x20,
	0xf2, 0x00, 0x6f, 0x70, 0xcf, 0xa3, 0x73, 0x10, 0x00, 0xc0, 0x93, 0x96, 0x06, 0x02,
	0x93, 0xd6, 0x06, 0x02, 0x13, 0x17, 0x07, 0x02, 0x33, 0x67, 0xd7, 0x00, 0xa3, 0x39,
	0xe2, 0x06, 0x03, 0x37, 0x32, 0x07, 0x6f, 0xf0, 0x9f, 0xf9, 0x03, 0x66, 0x22, 0x30,
	0x83, 0x66, 0x22, 0x30, 0x83, 0x65, 0x22, 0x30, 0x83, 0x67, 0x22, 0x30, 0x03, 0x67,
	0xa2, 0x00, 0x13, 0x78, 0x25, 0x00, 0x63, 0x04, 0x08, 0x08, 0x1b, 0x57, 0x87, 0x01,
	0x13, 0x77, 0x17, 0x00, 0x93, 0x97, 0x27, 0x03, 0x13, 0xd8, 0x27, 0x03, 0x93, 0x07,
	0x08, 0x00, 0x63, 0x04, 0x07, 0x00, 0x23, 0x24, 0x02, 0x03, 0x13, 0x77, 0x36, 0x00,
	0x93, 0x08, 0x10, 0x00, 0x63, 0x08, 0x17, 0x0d, 0x93, 0x08, 0x20, 0x00, 0x63, 0x0e,
	0x17, 0x09, 0x63, 0x0c, 0x07, 0x06, 0x93, 0x06, 0x00, 0x00, 0x37, 0x07, 0x01, 0xc0,
	0x13, 0x07, 0xf7, 0xff, 0x33, 0x77, 0xe5, 0x00, 0x37, 0x05, 0x01, 0x00, 0x33, 0x65,
	0xa7, 0x00, 0x03, 0x67, 0xc2, 0x02, 0x1b, 0x86, 0x05, 0x00, 0x63, 0x54, 0x06, 0x00,
	0x9b, 0x17, 0x18, 0x00, 0xa3, 0x31, 0xd2, 0x00, 0x33, 0xe7, 0xe7, 0x00, 0x13, 0x17,
	0x07, 0x02, 0x13, 0x57, 0x07, 0x02, 0xa3, 0x31, 0xe2, 0x00, 0x23, 0x20, 0xa2, 0x00,
	0x23, 0x20, 0xb2, 0x00, 0x23, 0x20, 0xf2, 0x00, 0x6f, 0x70, 0x0f, 0x98, 0x73, 0x10,
	0x00, 0xc0, 0x1b, 0x57, 0x07, 0x01, 0x13, 0x77, 0x17, 0x00, 0x03, 0x38, 0x12, 0x01,
	0xe3, 0x1c, 0x08, 0xf6, 0x23, 0x2c, 0x02, 0x00, 0x03, 0x68, 0x12, 0x1f, 0x23, 0x20,
	0x02, 0x01, 0x23, 0x20, 0x02, 0x00, 0x6f, 0xf0, 0x5f, 0xf6, 0x13, 0x76, 0xc6, 0xff,
	0x13, 0x16, 0x06, 0x02, 0x93, 0x96, 0x06, 0x02, 0x13, 0x56, 0x06, 0x02, 0x33, 0x66,
	0xd6, 0x00, 0xa3, 0x39, 0xc2, 0x06, 0x83, 0x36, 0x32, 0x07, 0x6f, 0xf0, 0x5f, 0xf7,
	0x13, 0x76, 0xc6, 0xff, 0x13, 0x16, 0x06, 0x02, 0x93, 0x96, 0x06, 0x02, 0x13, 0x56,
	0x06, 0x02, 0x33, 0x66, 0xd6, 0x00, 0xa3, 0x39, 0xc2, 0x06, 0x03, 0x37, 0x32, 0x07,
	0x03, 0x37, 0x07, 0x00, 0xa3, 0x39, 0xe2, 0x06, 0x83, 0x36, 0x32, 0x07, 0x6f, 0xf0,
	0x9f, 0xf4, 0x93, 0x96, 0x06, 0x02, 0x93, 0xd6, 0x06, 0x02, 0x03, 0xb7, 0x01, 0x88,
	0xb3, 0x86, 0xe6, 0x00, 0x6f, 0xf0, 0x5f, 0xf3, 0x13, 0x00, 0x00, 0x00, 0x83, 0x66,
	0x22, 0x30, 0x03, 0x67, 0x22, 0x30, 0x03, 0x68, 0x22, 0x30, 0x83, 0x67, 0x22, 0x30,
	0x13, 0x96, 0x27, 0x03, 0x63, 0x04, 0x06, 0x08, 0x03, 0x66, 0xa2, 0x00, 0xb7, 0x88,
	0x00, 0x00, 0x13, 0x17, 0x07, 0x02, 0x93, 0xf5, 0x16, 0x00, 0x33, 0x76, 0x16, 0x01,
	0x13, 0x57, 0x07, 0x02, 0x63, 0x8a, 0x05, 0x06, 0x83, 0xb6, 0x01, 0x88, 0x33, 0x07,
	0xd7, 0x00, 0xa3, 0x39, 0xe2, 0x06, 0x83, 0x36, 0x32, 0x07, 0x93, 0x97, 0x27, 0x03,
	0x93, 0xd5, 0x27, 0x03, 0x93, 0x87, 0x05, 0x00, 0x63, 0x04, 0x06, 0x00, 0x23, 0x24,
	0xb2, 0x02, 0x1b, 0x07, 0x08, 0x00, 0x63, 0x54, 0x07, 0x00, 0x9b, 0x97, 0x15, 0x00,
	0x03, 0x67, 0xc2, 0x02, 0xa3, 0x31, 0xd2, 0x00, 0x33, 0xe7, 0xe7, 0x00, 0x13, 0x17,
	0x07, 0x02, 0x13, 0x57, 0x07, 0x02, 0xa3, 0x31, 0xe2, 0x00, 0x37, 0x07, 0x01, 0xc0,
	0x13, 0x07, 0xf7, 0xff, 0x33, 0x77, 0xe5, 0x00, 0x37, 0x05, 0x01, 0x00, 0x33, 0x65,
	0xa7, 0x00, 0x23, 0x20, 0xa2, 0x00, 0x23, 0x20, 0x02, 0x01, 0x23, 0x20, 0xf2, 0x00,
	0x6f, 0x70, 0x4f, 0x85, 0x73, 0x10, 0x00, 0xc0, 0x93, 0x96, 0x06, 0x02, 0x13, 0x17,
	0x07, 0x02, 0x93, 0xd6, 0x06, 0x02, 0x33, 0x67, 0xd7, 0x00, 0x6f, 0xf0, 0x9f, 0xf8,
	0x83, 0x67, 0x22, 0x01, 0x9b, 0x87, 0x07, 0x00, 0xe3, 0x9c, 0x07, 0xfe, 0x83, 0x37,
	0x02, 0x01, 0x63, 0x9c, 0x07, 0x00, 0xa3, 0x2b, 0x02, 0x00, 0xb7, 0x57, 0x00, 0xc0,
	0x9b, 0x87, 0x07, 0x20, 0x23, 0x20, 0xf2, 0x00, 0x23, 0x20, 0x02, 0x00, 0x83, 0x67,
	0xa2, 0x00, 0x9b, 0xd7, 0x17, 0x00, 0x93, 0xf7, 0x17, 0x00, 0x23, 0x24, 0xf2, 0x02,
	0x23, 0x20, 0xa2, 0x00, 0x23, 0x30, 0x0c, 0x00, 0xa3, 0x25, 0x02, 0x38, 0x6f, 0x60,
	0x5f, 0xff, 0x73, 0x10, 0x00, 0xc0, 0x13, 0x00, 0x00, 0x00, 0x03, 0x67, 0x22, 0x30,
	0x03, 0x66, 0x22, 0x30, 0x83, 0x66, 0x22, 0x30, 0xb7, 0x07, 0x00, 0x03, 0xb3, 0x77,
	0xf7, 0x00, 0xb7, 0x05, 0x00, 0x01, 0x63, 0x8e, 0xb7, 0x00, 0x23, 0x20, 0xa2, 0x00,
	0x23, 0x20, 0xe2, 0x00, 0x23, 0x20, 0xc2, 0x00, 0x23, 0x20, 0xd2, 0x00, 0x6f, 0x60,
	0xdf, 0xfb, 0x73, 0x10, 0x00, 0xc0, 0x83, 0x67, 0xa2, 0x00, 0xb7, 0x85, 0x00, 0x00,
	0xb3, 0xf7, 0xb7, 0x00, 0xe3, 0x8e, 0x07, 0xfc, 0x93, 0x07, 0x10, 0x00, 0x23, 0x24,
	0xf2, 0x02, 0x6f, 0xf0, 0x1f, 0xfd, 0xb7, 0x07, 0x01, 0x00, 0x9b, 0x87, 0x07, 0xe0,
	0x3b, 0x05, 0xf5, 0x00, 0x93, 0x17, 0x25, 0x02, 0x93, 0xd6, 0x37, 0x03, 0x83, 0x67,
	0xa2, 0x00, 0x03, 0x36, 0x02, 0x01, 0x9b, 0xd7, 0x17, 0x00, 0x1b, 0x16, 0x46, 0x00,
	0x93, 0xf7, 0x17, 0x00, 0x13, 0x07, 0x80, 0x0a, 0x3b, 0x57, 0xc7, 0x00, 0x93, 0xb7,
	0x17, 0x00, 0x37, 0x66, 0x02, 0x00, 0x1b, 0x06, 0x06, 0x31, 0x93, 0x97, 0x47, 0x00,
	0x3b, 0x07, 0xc7, 0x00, 0xbb, 0xd7, 0xf6, 0x00, 0x23, 0x24, 0xf2, 0x02, 0x23, 0x20,
	0xa2, 0x00, 0x23, 0x20, 0xe2, 0x00, 0x23, 0x30, 0x0c, 0x00, 0xa3, 0x25, 0x02, 0x38,
	0xa3, 0x2b, 0x02, 0x00, 0x03, 0x65, 0x22, 0x30, 0x83, 0x37, 0x72, 0x00, 0x67, 0x80,
	0x07, 0x00, 0x13, 0x00, 0x00, 0x00, 0x1b, 0x05, 0x05, 0xd0, 0x83, 0x36, 0x22, 0x30,
	0x83, 0x67, 0xa2, 0x00, 0x03, 0x36, 0x02, 0x01, 0x9b, 0xd7, 0x17, 0x00, 0x1b, 0x16,
	0x46, 0x00, 0x93, 0xf7, 0x17, 0x00, 0x13, 0x07, 0x80, 0x11, 0x3b, 0x57, 0xc7, 0x00,
	0x93, 0xb7, 0x17, 0x00, 0x37, 0x66, 0x02, 0x00, 0x1b, 0x06, 0x06, 0x49, 0x93, 0x97,
	0x47, 0x00, 0x3b, 0x07, 0xc7, 0x00, 0xb3, 0xd7, 0xf6, 0x00, 0x23, 0x34, 0xf2, 0x02,
	0x23, 0x20, 0xa2, 0x00, 0x23, 0x20, 0xe2, 0x00, 0x23, 0x30, 0x0c, 0x00, 0xa3, 0x25,
	0x02, 0x38, 0xa3, 0x2b, 0x02, 0x00, 0x03, 0x65, 0x22, 0x30, 0x83, 0x37, 0x72, 0x00,
	0x67, 0x80, 0x07, 0x00, 0xb7, 0x07, 0x01, 0x00, 0x9b, 0x87, 0x07, 0xc0, 0x3b, 0x05,
	0xf5, 0x00, 0x83, 0x67, 0xa2, 0x00, 0x03, 0x36, 0x12, 0x01, 0x9b, 0xd7, 0x07, 0x01,
	0x1b, 0x16, 0x46, 0x00, 0x93, 0xf7, 0x17, 0x00, 0x13, 0x07, 0x80, 0x0a, 0x93, 0x16,
	0x25, 0x02, 0x3b, 0x57, 0xc7, 0x00, 0x93, 0xb7, 0x17, 0x00, 0x37, 0x66, 0x02, 0x00,
	0x93, 0xd6, 0x36, 0x03, 0x1b, 0x06, 0x86, 0x6e, 0x93, 0x97, 0x47, 0x00, 0x3b, 0x07,
	0xc7, 0x00, 0xb3, 0xd7, 0xf6, 0x00, 0x23, 0x34, 0xf2, 0x02, 0x23, 0x20, 0xa2, 0x00,
	0x23, 0x20, 0xe2, 0x00, 0x23, 0x30, 0x0c, 0x00, 0xa3, 0x25, 0x02, 0x38, 0x23, 0x2c,
	0x02, 0x00, 0x03, 0x65, 0x22, 0x30, 0x83, 0x37, 0x72, 0x00, 0x67, 0x80, 0x07, 0x00,
	0x13, 0x00, 0x00, 0x00, 0x03, 0x37, 0x22, 0x30, 0x83, 0x37, 0x12, 0x01, 0x9b, 0x97,
	0x87, 0x00, 0x3b, 0x85, 0xa7, 0x00, 0x23, 0x20, 0xa2, 0x00, 0x23, 0x20, 0x02, 0x00,
	0x23, 0x30, 0x0c, 0x00, 0x23, 0x2c, 0x02, 0x00, 0x03, 0x65, 0x22, 0x30, 0x83, 0x37,
	0x72, 0x00, 0x23, 0x34, 0xe2, 0x02, 0x67, 0x80, 0x07, 0x00, 0x83, 0x37, 0x12, 0x01,
	0x83, 0x36, 0x22, 0x30, 0x9b, 0x97, 0x87, 0x00, 0x1b, 0x87, 0xe6, 0xff, 0x3b, 0x85,
	0xa7, 0x00, 0x9b, 0x17, 0x87, 0x00, 0x3b, 0x05, 0xf5, 0x00, 0x23, 0x20, 0xa2, 0x00,
	0x23, 0x20, 0x02, 0x00, 0x23, 0x30, 0x0c, 0x00, 0x23, 0x2c, 0x02, 0x00, 0x03, 0x65,
	0x22, 0x30, 0x83, 0x37, 0x72, 0x00, 0x23, 0x34, 0xd2, 0x02, 0x67, 0x80, 0x07, 0x00,
	0x13, 0x00, 0x00, 0x00, 0x1b, 0x05, 0x05, 0x60, 0x23, 0x20, 0xa2, 0x00, 0x23, 0x30,
	0x0c, 0x00, 0xa3, 0x25, 0x02, 0x38, 0x6f, 0x60, 0x9f, 0xdd, 0x73, 0x10, 0x00, 0xc0,
	0x1b, 0x05, 0x05, 0x50, 0x23, 0x20, 0xa2, 0x00, 0x23, 0x30, 0x0c, 0x00, 0xa3, 0x25,
	0x02, 0x38, 0x03, 0x65, 0x22, 0x30, 0x83, 0x37, 0x72, 0x00, 0x67, 0x80, 0x07, 0x00,
	0x13, 0x00, 0x00, 0x00, 0x83, 0x67, 0x12, 0x1f, 0x23, 0x20, 0xf2, 0x00, 0x23, 0x20,
	0x02, 0x00, 0x03, 0x66, 0x22, 0x30, 0x83, 0x67, 0x22, 0x30, 0x83, 0x66, 0x22, 0x30,
	0x37, 0x07, 0x00, 0xc0, 0x33, 0x77, 0xe6, 0x00, 0x1b, 0x07, 0x07, 0x00, 0x9b, 0x86,
	0x06, 0x00, 0x63, 0x1a, 0x07, 0x04, 0x03, 0x37, 0x52, 0x01, 0x63, 0x00, 0x07, 0x04,
	0x33, 0x07, 0xe2, 0x00, 0x03, 0x37, 0xb7, 0x01, 0x93, 0x97, 0x07, 0x02, 0x93, 0xd7,
	0x07, 0x02, 0xb3, 0x87, 0xe7, 0x00, 0x23, 0x20, 0xa2, 0x00, 0x23, 0x20, 0xc2, 0x00,
	0x23, 0x20, 0xf2, 0x00, 0x93, 0xd7, 0x07, 0x02, 0x9b, 0xd6, 0x06, 0x01, 0x93, 0x97,
	0x07, 0x03, 0x9b, 0x96, 0x06, 0x01, 0x93, 0xd7, 0x07, 0x03, 0xb3, 0xe7, 0xd7, 0x00,
	0x23, 0x20, 0xf2, 0x00, 0x03, 0x65, 0x22, 0x30, 0x83, 0x37, 0x72, 0x00, 0x67, 0x80,
	0x07, 0x00, 0x93, 0x97, 0x07, 0x02, 0x93, 0xd7, 0x07, 0x02, 0x83, 0xb5, 0x01, 0x87,
	0xb7, 0x06, 0x00, 0x80, 0xb3, 0x87, 0xb7, 0x00, 0x63, 0x00, 0xd7, 0x02, 0x23, 0x20,
	0xa2, 0x00, 0x23, 0x20, 0xc2, 0x00, 0x13, 0xd7, 0x87, 0x00, 0x23, 0x20, 0xe2, 0x00,
	0x93, 0xd7, 0x87, 0x02, 0x23, 0x20, 0xf2, 0x00, 0x6f, 0xf0, 0x5f, 0xfc, 0x37, 0x07,
	0x01, 0xc0, 0x13, 0x07, 0xf7, 0xff, 0x33, 0x75, 0xe5, 0x00, 0x37, 0x07, 0x01, 0x00,
	0x33, 0x65, 0xe5, 0x00, 0x23, 0x20, 0xa2, 0x00, 0x23, 0x20, 0xc2, 0x00, 0x23, 0x20,
	0xf2, 0x00, 0x6f, 0xf0, 0x1f, 0xfa, 0x13, 0x00, 0x00, 0x00, 0x03, 0x66, 0x22, 0x30,
	0x83, 0x67, 0x22, 0x30, 0x83, 0x66, 0x22, 0x30, 0x37, 0x07, 0x00, 0xc0, 0x33, 0x77,
	0xe6, 0x00, 0x1b, 0x07, 0x07, 0x00, 0x9b, 0x86, 0x06, 0x00, 0x63, 0x1a, 0x07, 0x04,
	0x03, 0x37, 0x52, 0x01, 0x63, 0x00, 0x07, 0x04, 0x33, 0x07, 0xe2, 0x00, 0x03, 0x37,
	0xb7, 0x01, 0x93, 0x97, 0x07, 0x02, 0x93, 0xd7, 0x07, 0x02, 0xb3, 0x87, 0xe7, 0x00,
	0x23, 0x20, 0xa2, 0x00, 0x23, 0x20, 0xc2, 0x00, 0x23, 0x20, 0xf2, 0x00, 0x93, 0xd7,
	0x07, 0x02, 0x9b, 0xd6, 0x06, 0x01, 0x93, 0x97, 0x07, 0x03, 0x9b, 0x96, 0x06, 0x01,
	0x93, 0xd7, 0x07, 0x03, 0xb3, 0xe7, 0xd7, 0x00, 0x23, 0x20, 0xf2, 0x00, 0x03, 0x65,
	0x22, 0x30, 0x83, 0x37, 0x72, 0x00, 0x67, 0x80, 0x07, 0x00, 0x93, 0x97, 0x07, 0x02,
	0x93, 0xd7, 0x07, 0x02, 0x83, 0xb5, 0x01, 0x87, 0xb7, 0x06, 0x00, 0x80, 0xb3, 0x87,
	0xb7, 0x00, 0x63, 0x00, 0xd7, 0x02, 0x23, 0x20, 0xa2, 0x00, 0x23, 0x20, 0xc2, 0x00,
	0x13, 0xd7, 0x87, 0x00, 0x23, 0x20, 0xe2, 0x00, 0x93, 0xd7, 0x87, 0x02, 0x23, 0x20,
	0xf2, 0x00, 0x6f, 0xf0, 0x5f, 0xfc, 0x37, 0x07, 0x01, 0xc0, 0x13, 0x07, 0xf7, 0xff,
	0x33, 0x75, 0xe5, 0x00, 0x37, 0x07, 0x01, 0x00, 0x33, 0x65, 0xe5, 0x00, 0x23, 0x20,
	0xa2, 0x00, 0x23, 0x20, 0xc2, 0x00, 0x23, 0x20, 0xf2, 0x00, 0x6f, 0xf0, 0x1f, 0xfa,
	0x83, 0x67, 0x12, 0x1f, 0x23, 0x20, 0xf2, 0x00, 0x23, 0x20, 0x02, 0x00, 0x93, 0x17,
	0x25, 0x02, 0x13, 0xd7, 0x27, 0x03, 0x83, 0x66, 0x22, 0x30, 0xb7, 0x07, 0x00, 0xf0,
	0xb3, 0xf7, 0xf6, 0x00, 0x9b, 0x87, 0x07, 0x00, 0x37, 0x06, 0x00, 0x30, 0x63, 0x9c,
	0xc7, 0x02, 0x83, 0x67, 0xa2, 0x00, 0x37, 0x06, 0x01, 0x00, 0xb3, 0xf7, 0xc7, 0x00,
	0x63, 0x90, 0x07, 0x02, 0x23, 0x20, 0xa2, 0x00, 0x23, 0x20, 0xd2, 0x00, 0x23, 0x30,
	0x0c, 0x00, 0xa3, 0x25, 0x02, 0x38, 0x03, 0x65, 0x22, 0x30, 0x83, 0x37, 0x72, 0x00,
	0x67, 0x80, 0x07, 0x00, 0x23, 0x24, 0xe2, 0x02, 0x6f, 0xf0, 0x1f, 0xfe, 0x83, 0x37,
	0x32, 0x1f, 0x23, 0xb0, 0x07, 0x00, 0xa3, 0x25, 0x02, 0x38, 0x6f, 0xf0, 0x1f, 0xfe,
	0x93, 0x17, 0x25, 0x02, 0x13, 0xd7, 0x27, 0x03, 0x83, 0x66, 0x22, 0x30, 0xb7, 0x07,
	0x00, 0xf0, 0xb3, 0xf7, 0xf6, 0x00, 0x9b, 0x87, 0x07, 0x00, 0x37, 0x06, 0x00, 0x30,
	0x63, 0x9c, 0xc7, 0x02, 0x83, 0x67, 0xa2, 0x00, 0x37, 0x06, 0x01, 0x00, 0xb3, 0xf7,
	0xc7, 0x00, 0x63, 0x90, 0x07, 0x02, 0x23, 0x20, 0xa2, 0x00, 0x23, 0x20, 0xd2, 0x00,
	0x23, 0x30, 0x0c, 0x00, 0xa3, 0x25, 0x02, 0x38, 0x03, 0x65, 0x22, 0x30, 0x83, 0x37,
	0x72, 0x00, 0x67, 0x80, 0x07, 0x00, 0x23, 0x24, 0xe2, 0x02, 0x6f, 0xf0, 0x1f, 0xfe,
	0x83, 0x37, 0x32, 0x1f, 0x23, 0xb0, 0x07, 0x00, 0xa3, 0x25, 0x02, 0x38, 0x6f, 0xf0,
	0x1f, 0xfe, 0x13, 0x00, 0x00, 0x00, 0x23, 0x20, 0xa2, 0x00, 0x23, 0x30, 0x0c, 0x00,
	0xa3, 0x25, 0x02, 0x38, 0x83, 0x37, 0x52, 0x01, 0x63, 0x8c, 0x07, 0x06, 0x83, 0x67,
	0x22, 0x03, 0x9b, 0x87, 0x07, 0x00, 0x63, 0x86, 0x07, 0x06, 0xb7, 0x17, 0x0f, 0xc0,
	0x23, 0x20, 0xf2, 0x00, 0x23, 0x20, 0x02, 0x00, 0x23, 0x20, 0x02, 0x00, 0x23, 0x20,
	0x02, 0x00, 0x23, 0x20, 0x02, 0x00, 0x23, 0x20, 0x02, 0x00, 0x23, 0x20, 0x02, 0x00,
	0x23, 0x20, 0x02, 0x00, 0x23, 0x20, 0x02, 0x00, 0x23, 0x20, 0x02, 0x00, 0x23, 0x20,
	0x02, 0x00, 0x23, 0x20, 0x02, 0x00, 0x23, 0x20, 0x02, 0x00, 0x23, 0x20, 0x02, 0x00,
	0x23, 0x20, 0x02, 0x00, 0x23, 0x20, 0x02, 0x00, 0x23, 0x20, 0x02, 0x00, 0x13, 0x07,
	0x00, 0x40, 0xf3, 0x27, 0x40, 0xf1, 0x33, 0x17, 0xf7, 0x00, 0x83, 0x37, 0x42, 0x31,
	0xb3, 0x77, 0xf7, 0x00, 0xe3, 0x9c, 0x07, 0xfe, 0x83, 0xb7, 0x1b, 0x70, 0x63, 0x96,
	0x07, 0x00, 0x6f, 0x60, 0x1f, 0xab, 0x73, 0x10, 0x00, 0xc0, 0x93, 0x15, 0x25, 0x02,
	0x93, 0xd5, 0x25, 0x03, 0x9b, 0x85, 0x25, 0x00, 0xef, 0x50, 0x5f, 0xb4, 0x6f, 0x60,
	0x9f, 0xa9, 0x73, 0x10, 0x00, 0xc0, 0x00, 0x00, 0x00, 0x00, 0x00, 0x00, 0x00, 0x00,
	0x03, 0x67, 0x22, 0x30, 0x13, 0x0f, 0x07, 0x00, 0x83, 0x6e, 0x22, 0x30, 0x03, 0x6e,
	0x22, 0x30, 0x03, 0x63, 0x22, 0x30, 0x83, 0x68, 0x22, 0x30, 0x83, 0x65, 0x22, 0x30,
	0x03, 0x68, 0x22, 0x30, 0x1b, 0x86, 0x05, 0x00, 0x63, 0x4c, 0x06, 0x14, 0x83, 0x37,
	0x02, 0x01, 0x63, 0x8e, 0x07, 0x12, 0xb7, 0x17, 0x00, 0xc0, 0x9b, 0x87, 0x07, 0xc0,
	0x23, 0x20, 0xf2, 0x00, 0x23, 0x20, 0x02, 0x00, 0x23, 0x20, 0xa2, 0x00, 0x9b, 0x06,
	0x0f, 0x00, 0x23, 0x20, 0xe2, 0x01, 0x23, 0x20, 0xd2, 0x01, 0x23, 0x20, 0xc2, 0x01,
	0x23, 0x20, 0x62, 0x00, 0x23, 0x20, 0x12, 0x01, 0x23, 0x20, 0xb2, 0x00, 0x23, 0x20,
	0x02, 0x01, 0x63, 0xc2, 0x06, 0x06, 0xb7, 0x17, 0x0f, 0xc0, 0x23, 0x20, 0xf2, 0x00,
	0x23, 0x20, 0x02, 0x00, 0x23, 0x20, 0x02, 0x00, 0x23, 0x20, 0x02, 0x00, 0x23, 0x20,
	0x02, 0x00, 0x23, 0x20, 0x02, 0x00, 0x23, 0x20, 0x02, 0x00, 0x23, 0x20, 0x02, 0x00,
	0x23, 0x20, 0x02, 0x00, 0x23, 0x20, 0x02, 0x00, 0x23, 0x20, 0x02, 0x00, 0x23, 0x20,
	0x02, 0x00, 0x23, 0x20, 0x02, 0x00, 0x23, 0x20, 0x02, 0x00, 0x23, 0x20, 0x02, 0x00,
	0x23, 0x20, 0x02, 0x00, 0x23, 0x20, 0x02, 0x00, 0x13, 0x07, 0x00, 0x40, 0xf3, 0x27,
	0x40, 0xf1, 0x33, 0x17, 0xf7, 0x00, 0x83, 0x37, 0x42, 0x31, 0xb3, 0x77, 0xf7, 0x00,
	0xe3, 0x9c, 0x07, 0xfe, 0x63, 0x5c, 0x06, 0x08, 0xb7, 0x47, 0x00, 0x00, 0x93, 0x87,
	0x07, 0x80, 0xb3, 0xf6, 0xf6, 0x00, 0xb7, 0x37, 0x00, 0x00, 0x93, 0x87, 0x07, 0x80,
	0x63, 0x90, 0xf6, 0x08, 0x83, 0x37, 0x52, 0x01, 0x63, 0x8c, 0x07, 0x06, 0x83, 0x67,
	0x22, 0x03, 0x9b, 0x87, 0x07, 0x00, 0x63, 0x86, 0x07, 0x06, 0xb7, 0x17, 0x0f, 0xc0,
	0x23, 0x20, 0xf2, 0x00, 0x23, 0x20, 0x02, 0x00, 0x23, 0x20, 0x02, 0x00, 0x23, 0x20,
	0x02, 0x00, 0x23, 0x20, 0x02, 0x00, 0x23, 0x20, 0x02, 0x00, 0x23, 0x20, 0x02, 0x00,
	0x23, 0x20, 0x02, 0x00, 0x23, 0x20, 0x02, 0x00, 0x23, 0x20, 0x02, 0x00, 0x23, 0x20,
	0x02, 0x00, 0x23, 0x20, 0x02, 0x00, 0x23, 0x20, 0x02, 0x00, 0x23, 0x20, 0x02, 0x00,
	0x23, 0x20, 0x02, 0x00, 0x23, 0x20, 0x02, 0x00, 0x23, 0x20, 0x02, 0x00, 0x13, 0x07,
	0x00, 0x40, 0xf3, 0x27, 0x40, 0xf1, 0x33, 0x17, 0xf7, 0x00, 0x83, 0x37, 0x42, 0x31,
	0xb3, 0x77, 0xf7, 0x00, 0xe3, 0x9c, 0x07, 0xfe, 0x83, 0xb7, 0x1b, 0x70, 0x63, 0x92,
	0x07, 0x0a, 0x6f, 0x60, 0x9f, 0x92, 0x73, 0x10, 0x00, 0xc0, 0xa3, 0x2b, 0x02, 0x00,
	0xb7, 0x17, 0x00, 0x00, 0x9b, 0x87, 0x07, 0xd0, 0x3b, 0x05, 0xf5, 0x00, 0x6f, 0xf0,
	0x9f, 0xec, 0xb7, 0x47, 0x00, 0x00, 0x93, 0x87, 0x07, 0x80, 0x37, 0x3f, 0x00, 0x00,
	0xb3, 0xf7, 0xe7, 0x00, 0x33, 0x7f, 0xe7, 0x01, 0xb7, 0x1f, 0x00, 0x00, 0x9b, 0x86,
	0x07, 0x00, 0x63, 0x00, 0xff, 0x09, 0xb7, 0x2f, 0x00, 0x00, 0xb3, 0x87, 0xf6, 0x41,
	0xb3, 0x37, 0xf0, 0x00, 0x9b, 0x56, 0xf7, 0x01, 0xb3, 0xe6, 0xf6, 0x00, 0x93, 0x17,
	0x17, 0x02, 0x93, 0xd7, 0x17, 0x02, 0x1b, 0x97, 0xf6, 0x01, 0xb3, 0xe7, 0xe7, 0x00,
	0x37, 0x47, 0x00, 0x00, 0x9b, 0x86, 0x07, 0x00, 0x13, 0x07, 0x07, 0x80, 0x33, 0xf7,
	0xe6, 0x00, 0x13, 0x8f, 0x07, 0x00, 0xe3, 0x16, 0xf7, 0xe7, 0x93, 0xe6, 0x56, 0x01,
	0xa3, 0x26, 0xd2, 0x06, 0x83, 0x37, 0x12, 0x05, 0xe3, 0x8e, 0x07, 0xe4, 0x83, 0x37,
	0x52, 0x01, 0xe3, 0x8a, 0x07, 0xfe, 0x83, 0x37, 0x22, 0x03, 0xe3, 0x86, 0x07, 0xfe,
	0x83, 0x37, 0x52, 0x03, 0xe3, 0x82, 0x07, 0xfe, 0x93, 0x15, 0x25, 0x02, 0x93, 0xd5,
	0x25, 0x03, 0x9b, 0x85, 0x25, 0x00, 0xef, 0x50, 0x5f, 0x92, 0x6f, 0x60, 0x9f, 0x87,
	0x73, 0x10, 0x00, 0xc0, 0x23, 0x2c, 0x02, 0x00, 0x83, 0x67, 0x12, 0x1f, 0x23, 0x20,
	0xf2, 0x00, 0x23, 0x20, 0x02, 0x00, 0xb7, 0x17, 0x0f, 0xc0, 0x23, 0x20, 0xf2, 0x00,
	0x23, 0x20, 0x02, 0x00, 0x23, 0x20, 0x02, 0x00, 0x23, 0x20, 0x02, 0x00, 0x23, 0x20,
	0x02, 0x00, 0x23, 0x20, 0x02, 0x00, 0x23, 0x20, 0x02, 0x00, 0x23, 0x20, 0x02, 0x00,
	0x23, 0x20, 0x02, 0x00, 0x23, 0x20, 0x02, 0x00, 0x23, 0x20, 0x02, 0x00, 0x23, 0x20,
	0x02, 0x00, 0x23, 0x20, 0x02, 0x00, 0x23, 0x20, 0x02, 0x00, 0x23, 0x20, 0x02, 0x00,
	0x23, 0x20, 0x02, 0x00, 0x23, 0x20, 0x02, 0x00, 0x13, 0x0f, 0x00, 0x40, 0xf3, 0x27,
	0x40, 0xf1, 0x33, 0x1f, 0xff, 0x00, 0x83, 0x37, 0x42, 0x31, 0xb3, 0x77, 0xff, 0x00,
	0xe3, 0x9c, 0x07, 0xfe, 0x6f, 0xf0, 0x5f, 0xf1, 0x13, 0x00, 0x00, 0x00, 0x03, 0x66,
	0x22, 0x30, 0x9b, 0x57, 0x56, 0x01, 0x13, 0x77, 0xf6, 0x03, 0x93, 0xf7, 0x07, 0x40,
	0xb3, 0xe7, 0xe7, 0x00, 0xa3, 0x26, 0xf2, 0x06, 0xb7, 0x17, 0x00, 0x00, 0x93, 0x87,
	0x07, 0xf0, 0xb3, 0xf7, 0xc7, 0x00, 0x9b, 0x87, 0x07, 0x00, 0x13, 0x07, 0x00, 0x50,
	0x63, 0x8a, 0xe7, 0x02, 0x83, 0x37, 0x22, 0x0a, 0x13, 0x07, 0x10, 0x00, 0x23, 0x22,
	0xe2, 0x08, 0x13, 0xd7, 0x07, 0x02, 0x23, 0x20, 0xe2, 0x00, 0x23, 0x20, 0xf2, 0x00,
	0x23, 0x20, 0xa2, 0x00, 0x23, 0x20, 0xc2, 0x00, 0x23, 0x30, 0x0c, 0x00, 0xa3, 0x25,
	0x02, 0x38, 0x6f, 0x60, 0x0f, 0xfa, 0x73, 0x10, 0x00, 0xc0, 0x93, 0x77, 0x06, 0x08,
	0x63, 0x80, 0x07, 0x08, 0x83, 0x37, 0x52, 0x01, 0x93, 0xf7, 0x37, 0x00, 0xb3, 0x06,
	0xf2, 0x00, 0x03, 0xe8, 0xb6, 0x00, 0x93, 0x85, 0x17, 0x04, 0x33, 0x07, 0xb2, 0x00,
	0x93, 0x07, 0x10, 0x00, 0x23, 0x20, 0xf7, 0x00, 0x83, 0x37, 0x32, 0x01, 0xe3, 0x9e,
	0x07, 0xfe, 0x83, 0xb7, 0xcc, 0xeb, 0x13, 0xd7, 0xc7, 0x00, 0x13, 0x77, 0x37, 0x00,
	0x63, 0x0a, 0x07, 0x02, 0x93, 0x06, 0xf0, 0x07, 0x73, 0x27, 0x00, 0xb0, 0x13, 0x00,
	0x00, 0x00, 0xf3, 0x27, 0x00, 0xb0, 0xb3, 0x87, 0xe7, 0x40, 0xe3, 0xfa, 0xf6, 0xfe,
	0x83, 0xa7, 0xcc, 0xeb, 0x1b, 0xd7, 0xc7, 0x00, 0x13, 0x77, 0x37, 0x00, 0x93, 0x97,
	0x07, 0x02, 0x93, 0xd7, 0x07, 0x02, 0xe3, 0x1c, 0x07, 0xfc, 0x93, 0xf7, 0x17, 0x00,
	0x63, 0x84, 0x07, 0x00, 0x23, 0xae, 0x0c, 0xea, 0xb3, 0x07, 0xb2, 0x00, 0x23, 0xa0,
	0x07, 0x01, 0x83, 0x67, 0x22, 0x30, 0x1b, 0xd7, 0x67, 0x01, 0x13, 0x77, 0x37, 0x00,
	0x93, 0x06, 0x10, 0x00, 0x63, 0xf0, 0xe6, 0x0e, 0x83, 0x66, 0x92, 0x0a, 0x73, 0x27,
	0x40, 0xf1, 0x03, 0x68, 0x32, 0x02, 0x9b, 0xd5, 0x87, 0x01, 0x9b, 0x96, 0x66, 0x00,
	0xb3, 0xe6, 0x06, 0x01, 0x9b, 0x18, 0x47, 0x00, 0x13, 0xf8, 0x85, 0x01, 0x93, 0x97,
	0x87, 0x02, 0xb3, 0xe6, 0x16, 0x01, 0x1b, 0x18, 0x88, 0x01, 0x93, 0xd7, 0x87, 0x02,
	0x9b, 0x86, 0x06, 0x00, 0x93, 0xf5, 0x75, 0x00, 0xb3, 0xe7, 0x07, 0x01, 0x83, 0x68,
	0x22, 0x30, 0x03, 0x68, 0x22, 0x30, 0x23, 0x20, 0xa2, 0x00, 0x23, 0x20, 0xc2, 0x00,
	0x23, 0x20, 0xf2, 0x00, 0x23, 0x20, 0x12, 0x01, 0x23, 0x20, 0x02, 0x01, 0x13, 0x08,
	0x30, 0x00, 0x93, 0x17, 0x25, 0x02, 0x13, 0xd6, 0x27, 0x03, 0x63, 0x84, 0x05, 0x07,
	0x83, 0x65, 0x92, 0x0a, 0x03, 0x35, 0xa2, 0x1f, 0x9b, 0x17, 0x27, 0x00, 0x1b, 0x97,
	0x45, 0x00, 0x13, 0x77, 0x07, 0x07, 0x93, 0xf7, 0xc7, 0x00, 0xb3, 0xe7, 0xe7, 0x00,
	0x93, 0x97, 0x47, 0x02, 0xb3, 0x87, 0xa7, 0x00, 0x37, 0xc7, 0x00, 0x00, 0xb3, 0x87,
	0xe7, 0x00, 0x83, 0xa7, 0x47, 0x3b, 0x9b, 0x87, 0x07, 0x00, 0x03, 0x67, 0x22, 0x30,
	0x23, 0x20, 0xe2, 0x00, 0x9b, 0x97, 0x47, 0x00, 0x9b, 0xd7, 0x67, 0x00, 0x23, 0x20,
	0xf2, 0x00, 0x9b, 0x07, 0xc6, 0xff, 0x23, 0x20, 0xd2, 0x00, 0xe3, 0x84, 0x07, 0xea,
	0x83, 0x37, 0x32, 0x1f, 0x23, 0xb0, 0x07, 0x00, 0xa3, 0x25, 0x02, 0x38, 0x6f, 0xf0,
	0x9f, 0xe9, 0x23, 0x20, 0x02, 0x00, 0x23, 0x20, 0x02, 0x00, 0x9b, 0x07, 0xd6, 0xff,
	0x6f, 0xf0, 0xdf, 0xfd, 0x23, 0x20, 0xa2, 0x00, 0x23, 0x20, 0xc2, 0x00, 0x23, 0x20,
	0xf2, 0x00, 0x23, 0x30, 0x0c, 0x00, 0xa3, 0x25, 0x02, 0x38, 0x6f, 0xf0, 0x1f, 0xe7,
	0x13, 0x00, 0x00, 0x00, 0x23, 0x20, 0xa2, 0x00, 0x03, 0x37, 0x22, 0x30, 0x83, 0x37,
	0x22, 0x30, 0x93, 0x97, 0x07, 0x02, 0xb3, 0xe7, 0xe7, 0x00, 0xb7, 0x06, 0x00, 0x08,
	0x93, 0x86, 0x06, 0xc0, 0x93, 0xd7, 0x57, 0x01, 0xb3, 0xf7, 0xd7, 0x00, 0x23, 0x20,
	0xf2, 0x00, 0x13, 0x57, 0x37, 0x00, 0x23, 0x20, 0xe2, 0x00, 0x6f, 0x60, 0x8f, 0xdd,
	0x73, 0x10, 0x00, 0xc0, 0x03, 0x67, 0x22, 0x30, 0x23, 0x20, 0xa2, 0x00, 0x23, 0x20,
	0xe2, 0x00, 0x9b, 0x57, 0x87, 0x00, 0x93, 0xf7, 0xf7, 0x00, 0x93, 0x06, 0x10, 0x00,
	0x63, 0x94, 0xd7, 0x04, 0x83, 0x36, 0x22, 0x30, 0x83, 0x37, 0x22, 0x30, 0x93, 0x97,
	0x07, 0x02, 0xb3, 0xe7, 0xd7, 0x00, 0x37, 0x06, 0x00, 0x08, 0x13, 0x06, 0x06, 0xc0,
	0x93, 0xd7, 0x57, 0x01, 0xb3, 0xf7, 0xc7, 0x00, 0x13, 0x77, 0xf7, 0x03, 0xb3, 0xe7,
	0xe7, 0x00, 0x37, 0x07, 0x00, 0x08, 0xb3, 0xe7, 0xe7, 0x00, 0x23, 0x20, 0xf2, 0x00,
	0x93, 0xd6, 0x36, 0x00, 0x23, 0x20, 0xd2, 0x00, 0x6f, 0x60, 0x8f, 0xd7, 0x73, 0x10,
	0x00, 0xc0, 0x93, 0x15, 0x25, 0x02, 0x93, 0xd5, 0x25, 0x03, 0x13, 0x07, 0x00, 0x00,
	0x63, 0x8a, 0x05, 0x00, 0x83, 0x66, 0x22, 0x30, 0x23, 0x20, 0xd2, 0x00, 0x13, 0x07,
	0x17, 0x00, 0xe3, 0x1a, 0xb7, 0xfe, 0x37, 0x17, 0x00, 0x00, 0x13, 0x07, 0x07, 0xf1,
	0xb3, 0x57, 0xf7, 0x00, 0x93, 0xf7, 0x17, 0x00, 0xe3, 0x84, 0x07, 0xfc, 0x83, 0x37,
	0x52, 0x01, 0xe3, 0x80, 0x07, 0xfc, 0x83, 0x67, 0x22, 0x03, 0x9b, 0x87, 0x07, 0x00,
	0xe3, 0x8a, 0x07, 0xfa, 0xb7, 0x17, 0x0f, 0xc0, 0x23, 0x20, 0xf2, 0x00, 0x23, 0x20,
	0x02, 0x00, 0x23, 0x20, 0x02, 0x00, 0x23, 0x20, 0x02, 0x00, 0x23, 0x20, 0x02, 0x00,
	0x23, 0x20, 0x02, 0x00, 0x23, 0x20, 0x02, 0x00, 0x23, 0x20, 0x02, 0x00, 0x23, 0x20,
	0x02, 0x00, 0x23, 0x20, 0x02, 0x00, 0x23, 0x20, 0x02, 0x00, 0x23, 0x20, 0x02, 0x00,
	0x23, 0x20, 0x02, 0x00, 0x23, 0x20, 0x02, 0x00, 0x23, 0x20, 0x02, 0x00, 0x23, 0x20,
	0x02, 0x00, 0x23, 0x20, 0x02, 0x00, 0x13, 0x07, 0x00, 0x40, 0xf3, 0x27, 0x40, 0xf1,
	0x33, 0x17, 0xf7, 0x00, 0x83, 0x37, 0x42, 0x31, 0xb3, 0x77, 0xf7, 0x00, 0xe3, 0x9c,
	0x07, 0xfe, 0x83, 0xb7, 0x1b, 0x70, 0xe3, 0x86, 0x07, 0xf4, 0x93, 0x85, 0x25, 0x00,
	0xef, 0x50, 0x4f, 0xd6, 0x6f, 0x60, 0x8f, 0xcb, 0x73, 0x10, 0x00, 0xc0, 0x83, 0x67,
	0x22, 0x30, 0xb7, 0x17, 0x0f, 0xc0, 0x23, 0x20, 0xf2, 0x00, 0x23, 0x20, 0x02, 0x00,
	0x23, 0x20, 0x02, 0x00, 0x23, 0x20, 0x02, 0x00, 0x23, 0x20, 0x02, 0x00, 0x23, 0x20,
	0x02, 0x00, 0x23, 0x20, 0x02, 0x00, 0x23, 0x20, 0x02, 0x00, 0x23, 0x20, 0x02, 0x00,
	0x23, 0x20, 0x02, 0x00, 0x23, 0x20, 0x02, 0x00, 0x23, 0x20, 0x02, 0x00, 0x23, 0x20,
	0x02, 0x00, 0x23, 0x20, 0x02, 0x00, 0x23, 0x20, 0x02, 0x00, 0x23, 0x20, 0x02, 0x00,
	0x23, 0x20, 0x02, 0x00, 0x13, 0x07, 0x00, 0x40, 0xf3, 0x27, 0x40, 0xf1, 0x33, 0x17,
	0xf7, 0x00, 0x83, 0x37, 0x42, 0x31, 0xb3, 0x77, 0xf7, 0x00, 0xe3, 0x9c, 0x07, 0xfe,
	0x6f, 0x60, 0xcf, 0xc4, 0x73, 0x10, 0x00, 0xc0, 0x13, 0x00, 0x00, 0x00, 0x93, 0x07,
	0x10, 0x00, 0x23, 0x25, 0xf2, 0x04, 0x03, 0x66, 0x22, 0x30, 0x9b, 0x57, 0x86, 0x00,
	0x93, 0xf7, 0x37, 0x00, 0x13, 0x07, 0x10, 0x00, 0x13, 0x78, 0x06, 0x03, 0x63, 0x82,
	0xe7, 0x0a, 0x63, 0x62, 0xf7, 0x2a, 0x23, 0x20, 0xa2, 0x00, 0x23, 0x20, 0xc2, 0x00,
	0x23, 0x30, 0x0c, 0x00, 0xa3, 0x25, 0x02, 0x38, 0x63, 0x00, 0x08, 0x08, 0x83, 0x37,
	0x52, 0x01, 0x63, 0x9c, 0x07, 0x28, 0x13, 0x76, 0x06, 0x0c, 0x93, 0x07, 0x00, 0x0c,
	0x63, 0x16, 0xf6, 0x06, 0xb7, 0x17, 0x0f, 0xc0, 0x23, 0x20, 0xf2, 0x00, 0x23, 0x20,
	0x02, 0x00, 0x23, 0x20, 0x02, 0x00, 0x23, 0x20, 0x02, 0x00, 0x23, 0x20, 0x02, 0x00,
	0x23, 0x20, 0x02, 0x00, 0x23, 0x20, 0x02, 0x00, 0x23, 0x20, 0x02, 0x00, 0x23, 0x20,
	0x02, 0x00, 0x23, 0x20, 0x02, 0x00, 0x23, 0x20, 0x02, 0x00, 0x23, 0x20, 0x02, 0x00,
	0x23, 0x20, 0x02, 0x00, 0x23, 0x20, 0x02, 0x00, 0x23, 0x20, 0x02, 0x00, 0x23, 0x20,
	0x02, 0x00, 0x23, 0x20, 0x02, 0x00, 0x13, 0x07, 0x00, 0x40, 0xf3, 0x27, 0x40, 0xf1,
	0x33, 0x17, 0xf7, 0x00, 0x83, 0x37, 0x42, 0x31, 0xb3, 0x77, 0xf7, 0x00, 0xe3, 0x9c,
	0x07, 0xfe, 0x83, 0xb7, 0x1b, 0x70, 0x63, 0x90, 0x07, 0x5e, 0xa3, 0x25, 0x02, 0x04,
	0x6f, 0x60, 0x8f, 0xb8, 0x73, 0x10, 0x00, 0xc0, 0x03, 0x67, 0x22, 0x30, 0x83, 0x68,
	0x22, 0x30, 0x83, 0x6e, 0x22, 0x30, 0x83, 0x66, 0x22, 0x30, 0x1b, 0x84, 0x06, 0x00,
	0x03, 0x63, 0x22, 0x30, 0x13, 0x0e, 0x00, 0x04, 0x93, 0x7a, 0x06, 0x0c, 0x9b, 0x05,
	0x03, 0x00, 0x63, 0x88, 0xca, 0x4f, 0x63, 0x18, 0x08, 0x3a, 0x13, 0x17, 0xe7, 0x02,
	0x93, 0x58, 0xe7, 0x02, 0x93, 0x09, 0x00, 0x00, 0x93, 0x97, 0x05, 0x03, 0x93, 0xd7,
	0x07, 0x03, 0x93, 0x05, 0x30, 0x00, 0x13, 0x07, 0x80, 0x00, 0x63, 0xf6, 0xf5, 0x00,
	0x13, 0x13, 0x03, 0x03, 0x13, 0x57, 0xf3, 0x02, 0x9b, 0x57, 0x86, 0x01, 0x93, 0xf7,
	0x17, 0x00, 0x23, 0xb6, 0xfb, 0x66, 0xa3, 0x2f, 0x02, 0x1e, 0x23, 0xb5, 0x0b, 0x66,
	0xb7, 0x07, 0x00, 0x01, 0xb3, 0xfe, 0xde, 0x00, 0xa3, 0x2f, 0x02, 0x1e, 0xb7, 0x86,
	0xff, 0xff, 0xb3, 0x77, 0xf6, 0x00, 0x13, 0x03, 0x02, 0x00, 0x9b, 0x8e, 0x0e, 0x00,
	0xb3, 0x8f, 0xdb, 0x00, 0x63, 0x88, 0x07, 0x0e, 0x83, 0x65, 0x92, 0x0a, 0xf3, 0x26,
	0x40, 0xf1, 0x03, 0x3e, 0xa2, 0x1f, 0x9b, 0x97, 0x26, 0x00, 0x9b, 0x95, 0x45, 0x00,
	0x93, 0xf5, 0x05, 0x07, 0x93, 0xf7, 0xc7, 0x00, 0xb3, 0xe7, 0xb7, 0x00, 0x93, 0x97,
	0x47, 0x02, 0xb3, 0x87, 0xc7, 0x01, 0xb7, 0xc5, 0x00, 0x00, 0xb3, 0x87, 0xb7, 0x00,
	0x83, 0xa7, 0x47, 0x3b, 0x13, 0x8e, 0x09, 0x00, 0x93, 0x97, 0x47, 0x02, 0x93, 0xd7,
	0x67, 0x02, 0x63, 0x16, 0x08, 0x00, 0x13, 0x9e, 0x08, 0x02, 0x13, 0x5e, 0x0e, 0x02,
	0x9b, 0x52, 0x66, 0x01, 0x93, 0x92, 0xe2, 0x03, 0x83, 0x33, 0x92, 0x0a, 0x03, 0x3f,
	0x32, 0x02, 0x93, 0x95, 0x46, 0x03, 0xb3, 0xe5, 0x55, 0x00, 0x93, 0x96, 0x63, 0x03,
	0xb3, 0xe5, 0xd5, 0x00, 0x93, 0x16, 0x0f, 0x03, 0xb3, 0xe5, 0xd5, 0x00, 0x93, 0x06,
	0x10, 0x00, 0xb3, 0xe3, 0xb7, 0x00, 0x37, 0x8f, 0x00, 0x00, 0x93, 0x96, 0xd6, 0x03,
	0x33, 0x8f, 0xef, 0x01, 0xb3, 0xe6, 0xd3, 0x00, 0x23, 0x32, 0xdf, 0x66, 0x93, 0x06,
	0x90, 0x00, 0x93, 0x96, 0xa6, 0x03, 0xb3, 0xe3, 0xd3, 0x00, 0xb3, 0xe6, 0x57, 0x00,
	0x93, 0x92, 0x0e, 0x02, 0x93, 0xd7, 0x62, 0x00, 0xa3, 0x2f, 0x03, 0x1e, 0xb3, 0xe6,
	0xf6, 0x00, 0x93, 0x17, 0x0e, 0x01, 0x13, 0x0e, 0x30, 0x00, 0x23, 0x33, 0x7f, 0x66,
	0x13, 0x1e, 0xbe, 0x03, 0xa3, 0x2f, 0x03, 0x1e, 0xb3, 0xe6, 0xc6, 0x01, 0x23, 0x30,
	0xdf, 0x66, 0x93, 0xd7, 0x07, 0x01, 0x93, 0x06, 0x70, 0x00, 0xb3, 0xe7, 0xb7, 0x00,
	0x93, 0x96, 0xa6, 0x03, 0xa3, 0x2f, 0x03, 0x1e, 0xb3, 0xe7, 0xd7, 0x00, 0x23, 0x31,
	0xff, 0x66, 0xa3, 0x2f, 0x03, 0x1e, 0x83, 0x67, 0x42, 0x07, 0x9b, 0x87, 0x07, 0x00,
	0xe3, 0x9a, 0x07, 0xe6, 0x93, 0x97, 0x08, 0x02, 0x93, 0xd8, 0xe7, 0x01, 0x93, 0x70,
	0x76, 0x00, 0x93, 0x07, 0x10, 0x00, 0x9b, 0x52, 0x96, 0x01, 0x13, 0x9f, 0x20, 0x00,
	0x97, 0xd3, 0x0e, 0x00, 0x93, 0x83, 0xc3, 0x12, 0x93, 0x97, 0x07, 0x03, 0x37, 0x8e,
	0x00, 0x00, 0x93, 0xf2, 0x32, 0x00, 0xb3, 0x88, 0xf8, 0x00, 0x13, 0x09, 0x10, 0x00,
	0x93, 0x04, 0x60, 0x00, 0x33, 0x0f, 0x7f, 0x00, 0x33, 0x8e, 0xcf, 0x01, 0x63, 0x1a,
	0x08, 0x10, 0x83, 0x36, 0x52, 0x01, 0x93, 0xf6, 0x36, 0x00, 0xb3, 0x07, 0xd3, 0x00,
	0x83, 0xe5, 0xb7, 0x00, 0x93, 0x86, 0x16, 0x04, 0xb3, 0x06, 0xd3, 0x00, 0x23, 0xa0,
	0x26, 0x01, 0x83, 0xa7, 0x08, 0x00, 0x9b, 0x87, 0x07, 0x00, 0x23, 0xa0, 0xb6, 0x00,
	0xb3, 0x77, 0xf4, 0x00, 0x63, 0xe6, 0x14, 0x28, 0x83, 0x26, 0x0f, 0x00, 0xb3, 0x86,
	0x76, 0x00, 0x67, 0x80, 0x06, 0x00, 0x83, 0x37, 0x32, 0x1f, 0x23, 0xb0, 0x07, 0x00,
	0xa3, 0x25, 0x02, 0x38, 0x6f, 0xf0, 0x9f, 0xde, 0x83, 0x67, 0x22, 0x03, 0x9b, 0x87,
	0x07, 0x00, 0xe3, 0x8c, 0x07, 0xdc, 0xb7, 0x17, 0x0f, 0xc0, 0x23, 0x20, 0xf2, 0x00,
	0x23, 0x20, 0x02, 0x00, 0x23, 0x20, 0x02, 0x00, 0x23, 0x20, 0x02, 0x00, 0x23, 0x20,
	0x02, 0x00, 0x23, 0x20, 0x02, 0x00, 0x23, 0x20, 0x02, 0x00, 0x23, 0x20, 0x02, 0x00,
	0x23, 0x20, 0x02, 0x00, 0x23, 0x20, 0x02, 0x00, 0x23, 0x20, 0x02, 0x00, 0x23, 0x20,
	0x02, 0x00, 0x23, 0x20, 0x02, 0x00, 0x23, 0x20, 0x02, 0x00, 0x23, 0x20, 0x02, 0x00,
	0x23, 0x20, 0x02, 0x00, 0x23, 0x20, 0x02, 0x00, 0x13, 0x07, 0x00, 0x40, 0xf3, 0x27,
	0x40, 0xf1, 0x33, 0x17, 0xf7, 0x00, 0x83, 0x37, 0x42, 0x31, 0xb3, 0x77, 0xf7, 0x00,
	0xe3, 0x9c, 0x07, 0xfe, 0x83, 0xb7, 0x1b, 0x70, 0xe3, 0x88, 0x07, 0xd6, 0x93, 0x05,
	0x70, 0x00, 0xef, 0x50, 0xcf, 0x99, 0x6f, 0xf0, 0x9f, 0xd6, 0xb3, 0xb7, 0xfe, 0x00,
	0x63, 0x94, 0x07, 0x1e, 0x63, 0x0a, 0x08, 0x00, 0x83, 0x37, 0x52, 0x01, 0x63, 0x9a,
	0x07, 0x14, 0x93, 0x07, 0x00, 0x0c, 0x63, 0x8c, 0xfa, 0x28, 0x83, 0x37, 0xce, 0x66,
	0x63, 0x9a, 0x07, 0x02, 0x93, 0x07, 0x00, 0x00, 0xa3, 0x2f, 0x02, 0x1e, 0x9b, 0x87,
	0x17, 0x00, 0xe3, 0x9c, 0xe7, 0xfe, 0x83, 0x67, 0x42, 0x07, 0x9b, 0x87, 0x07, 0x00,
	0xe3, 0x92, 0x07, 0xd2, 0xe3, 0x0a, 0x08, 0xee, 0xa3, 0x2d, 0x52, 0x30, 0x83, 0xa7,
	0x09, 0x00, 0x9b, 0x87, 0x07, 0x00, 0x6f, 0xf0, 0xdf, 0xf0, 0x93, 0x07, 0x10, 0x00,
	0x23, 0x35, 0xfe, 0x66, 0xa3, 0x2f, 0x03, 0x1e, 0x23, 0x36, 0x0e, 0x66, 0xa3, 0x2f,
	0x03, 0x1e, 0x03, 0x3a, 0x0e, 0x66, 0xf3, 0x27, 0x40, 0xf1, 0x9b, 0x87, 0x07, 0x00,
	0x63, 0x80, 0x07, 0x20, 0x93, 0x06, 0xc0, 0x01, 0x93, 0x05, 0xc0, 0x00, 0x23, 0x23,
	0xb2, 0x0a, 0x83, 0x67, 0x12, 0x02, 0x9b, 0x87, 0x07, 0x00, 0xbb, 0x16, 0xd9, 0x00,
	0x6f, 0x00, 0x40, 0x01, 0x83, 0x67, 0x12, 0x02, 0x9b, 0x87, 0x07, 0x00, 0x03, 0x3b,
	0x42, 0x07, 0x63, 0x10, 0x0b, 0x02, 0xb3, 0xf7, 0xf6, 0x00, 0xe3, 0x86, 0x07, 0xfe,
	0x83, 0x67, 0xf2, 0x0a, 0x93, 0xf7, 0x07, 0x01, 0xe3, 0x9c, 0x07, 0xfe, 0x23, 0x31,
	0x42, 0x0b, 0xa3, 0x23, 0xb2, 0x0a, 0x03, 0x3a, 0x2e, 0x66, 0x23, 0x23, 0xb2, 0x0a,
	0x83, 0x67, 0x12, 0x02, 0x9b, 0x87, 0x07, 0x00, 0x6f, 0x00, 0x40, 0x01, 0x83, 0x67,
	0x12, 0x02, 0x9b, 0x87, 0x07, 0x00, 0x03, 0x3b, 0x42, 0x07, 0xe3, 0x12, 0x0b, 0xf4,
	0xb3, 0xf7, 0xf6, 0x00, 0xe3, 0x86, 0x07, 0xfe, 0x83, 0x67, 0xf2, 0x0a, 0x93, 0xf7,
	0x07, 0x01, 0xe3, 0x9c, 0x07, 0xfe, 0x23, 0x31, 0x42, 0x0b, 0xa3, 0x23, 0xb2, 0x0a,
	0x6f, 0xf0, 0x5f, 0xf2, 0xb3, 0xb7, 0xd7, 0x01, 0x93, 0xc7, 0x17, 0x00, 0x93, 0xf7,
	0xf7, 0x0f, 0x6f, 0xf0, 0x5f, 0xef, 0xb3, 0x87, 0xfe, 0x40, 0xb3, 0x37, 0xf0, 0x00,
	0x6f, 0xf0, 0x9f, 0xee, 0xb3, 0x87, 0xfe, 0x40, 0x93, 0xb7, 0x17, 0x00, 0x6f, 0xf0,
	0xdf, 0xed, 0xb3, 0xb7, 0xfe, 0x00, 0x93, 0xc7, 0x17, 0x00, 0x93, 0xf7, 0xf7, 0x0f,
	0x6f, 0xf0, 0xdf, 0xec, 0xb3, 0xb7, 0xd7, 0x01, 0x6f, 0xf0, 0x5f, 0xec, 0x13, 0x17,
	0x07, 0x02, 0x93, 0x97, 0x08, 0x02, 0x13, 0x57, 0x07, 0x02, 0xb3, 0xe7, 0xe7, 0x00,
	0xa3, 0x39, 0xf2, 0x06, 0x83, 0x39, 0x32, 0x07, 0x93, 0x08, 0x00, 0x00, 0x6f, 0xf0,
	0x5f, 0xc4, 0x83, 0x37, 0x22, 0x03, 0xe3, 0x8a, 0x07, 0xea, 0x83, 0x37, 0x52, 0x03,
	0xe3, 0x86, 0x07, 0xea, 0x93, 0x05, 0x70, 0x00, 0xef, 0x50, 0xcf, 0x81, 0x03, 0xb7,
	0xab, 0x66, 0xe3, 0x02, 0x07, 0xbe, 0x23, 0xb5, 0x0b, 0x66, 0xa3, 0x2f, 0x02, 0x1e,
	0x83, 0xb5, 0x6b, 0x66, 0xf3, 0x27, 0x40, 0xf1, 0x9b, 0x87, 0x07, 0x00, 0x63, 0x86,
	0x07, 0x1a, 0x13, 0x07, 0xc0, 0x01, 0x13, 0x06, 0xc0, 0x00, 0x23, 0x23, 0xc2, 0x0a,
	0x83, 0x67, 0x12, 0x02, 0x93, 0x06, 0x10, 0x00, 0x9b, 0x87, 0x07, 0x00, 0xbb, 0x96,
	0xe6, 0x00, 0x6f, 0x00, 0x40, 0x01, 0x83, 0x67, 0x12, 0x02, 0x9b, 0x87, 0x07, 0x00,
	0x03, 0x37, 0x42, 0x07, 0xe3, 0x1e, 0x07, 0xb8, 0xb3, 0xf7, 0xf6, 0x00, 0xe3, 0x86,
	0x07, 0xfe, 0x83, 0x67, 0xf2, 0x0a, 0x93, 0xf7, 0x07, 0x01, 0xe3, 0x9c, 0x07, 0xfe,
	0x23, 0x31, 0xb2, 0x0a, 0xa3, 0x23, 0xc2, 0x0a, 0x6f, 0xf0, 0xdf, 0xb7, 0x13, 0x76,
	0x76, 0x0c, 0x93, 0x07, 0x30, 0x04, 0x63, 0x14, 0xf6, 0x00, 0x23, 0xa0, 0xd8, 0x01,
	0xb7, 0x87, 0x00, 0x00, 0xb3, 0x87, 0xff, 0x00, 0x03, 0xb7, 0xa7, 0x66, 0xe3, 0x0c,
	0x07, 0xb4, 0x23, 0xb5, 0x07, 0x66, 0xa3, 0x2f, 0x03, 0x1e, 0x83, 0xb5, 0x47, 0x66,
	0xf3, 0x27, 0x40, 0xf1, 0x9b, 0x87, 0x07, 0x00, 0x63, 0x88, 0x07, 0x10, 0x13, 0x07,
	0xc0, 0x01, 0x13, 0x06, 0xc0, 0x00, 0x23, 0x23, 0xc2, 0x0a, 0x83, 0x67, 0x12, 0x02,
	0x93, 0x06, 0x10, 0x00, 0x9b, 0x87, 0x07, 0x00, 0xbb, 0x96, 0xe6, 0x00, 0x6f, 0x00,
	0x40, 0x01, 0x83, 0x67, 0x12, 0x02, 0x9b, 0x87, 0x07, 0x00, 0x03, 0x37, 0x42, 0x07,
	0xe3, 0x18, 0x07, 0xb0, 0xb3, 0xf7, 0xd7, 0x00, 0xe3, 0x86, 0x07, 0xfe, 0x83, 0x67,
	0xf2, 0x0a, 0x93, 0xf7, 0x07, 0x01, 0xe3, 0x9c, 0x07, 0xfe, 0x23, 0x31, 0xb2, 0x0a,
	0xa3, 0x23, 0xc2, 0x0a, 0x6f, 0xf0, 0x1f, 0xaf, 0x93, 0x06, 0xb0, 0x01, 0x93, 0x05,
	0xb0, 0x00, 0x6f, 0xf0, 0x5f, 0xe0, 0x37, 0x0e, 0x04, 0x00, 0x13, 0x0e, 0xfe, 0xff,
	0x33, 0x77, 0xee, 0x00, 0x13, 0x1f, 0x07, 0x02, 0x13, 0x57, 0xef, 0x01, 0x93, 0x97,
	0x07, 0x03, 0xb3, 0x07, 0xf7, 0x00, 0x33, 0x7e, 0x1e, 0x01, 0x23, 0xa0, 0xd7, 0x01,
	0x9b, 0x08, 0x0e, 0x00, 0x93, 0x09, 0x00, 0x00, 0x6f, 0xf0, 0x9f, 0xaf, 0x83, 0x67,
	0x12, 0x03, 0x9b, 0x87, 0x07, 0x00, 0xe3, 0x82, 0x07, 0xd6, 0xef, 0x40, 0x9f, 0xe1,
	0x03, 0xb7, 0xab, 0x66, 0xe3, 0x00, 0x07, 0xaa, 0x23, 0xb5, 0x0b, 0x66, 0xa3, 0x2f,
	0x02, 0x1e, 0x83, 0xb5, 0x6b, 0x66, 0xf3, 0x27, 0x40, 0xf1, 0x9b, 0x87, 0x07, 0x00,
	0x63, 0x8a, 0x07, 0x06, 0x13, 0x06, 0xc0, 0x01, 0x13, 0x07, 0xc0, 0x00, 0x23, 0x23,
	0xe2, 0x0a, 0x83, 0x67, 0x12, 0x02, 0x93, 0x06, 0x10, 0x00, 0x9b, 0x87, 0x07, 0x00,
	0xbb, 0x96, 0xc6, 0x00, 0x6f, 0x00, 0x40, 0x01, 0x83, 0x67, 0x12, 0x02, 0x9b, 0x87,
	0x07, 0x00, 0x03, 0x36, 0x42, 0x07, 0xe3, 0x1c, 0x06, 0xa4, 0xb3, 0xf7, 0xd7, 0x00,
	0xe3, 0x86, 0x07, 0xfe, 0x83, 0x67, 0xf2, 0x0a, 0x93, 0xf7, 0x07, 0x01, 0xe3, 0x9c,
	0x07, 0xfe, 0x23, 0x31, 0xb2, 0x0a, 0xa3, 0x23, 0xe2, 0x0a, 0x6f, 0xf0, 0x9f, 0xa3,
	0x13, 0x07, 0xb0, 0x01, 0x13, 0x06, 0xb0, 0x00, 0x6f, 0xf0, 0x5f, 0xef, 0xef, 0x40,
	0x9f, 0xd9, 0x6f, 0xf0, 0x5f, 0xa2, 0x13, 0x07, 0xb0, 0x01, 0x13, 0x06, 0xb0, 0x00,
	0x6f, 0xf0, 0x9f, 0xe5, 0x13, 0x06, 0xb0, 0x01, 0x13, 0x07, 0xb0, 0x00, 0x6f, 0xf0,
	0x1f, 0xf9, 0x93, 0x07, 0x10, 0x00, 0x23, 0x25, 0xf2, 0x04, 0x03, 0x66, 0x22, 0x30,
	0x9b, 0x57, 0x86, 0x00, 0x93, 0xf7, 0x37, 0x00, 0x13, 0x07, 0x10, 0x00, 0x13, 0x78,
	0x06, 0x03, 0x63, 0x82, 0xe7, 0x0a, 0x63, 0x6a, 0xf7, 0x2a, 0x23, 0x20, 0xa2, 0x00,
	0x23, 0x20, 0xc2, 0x00, 0x23, 0x30, 0x0c, 0x00, 0xa3, 0x25, 0x02, 0x38, 0x63, 0x00,
	0x08, 0x08, 0x83, 0x37, 0x52, 0x01, 0x63, 0x94, 0x07, 0x2a, 0x13, 0x76, 0x06, 0x0c,
	0x93, 0x07, 0x00, 0x0c, 0x63, 0x16, 0xf6, 0x06, 0xb7, 0x17, 0x0f, 0xc0, 0x23, 0x20,
	0xf2, 0x00, 0x23, 0x20, 0x02, 0x00, 0x23, 0x20, 0x02, 0x00, 0x23, 0x20, 0x02, 0x00,
	0x23, 0x20, 0x02, 0x00, 0x23, 0x20, 0x02, 0x00, 0x23, 0x20, 0x02, 0x00, 0x23, 0x20,
	0x02, 0x00, 0x23, 0x20, 0x02, 0x00, 0x23, 0x20, 0x02, 0x00, 0x23, 0x20, 0x02, 0x00,
	0x23, 0x20, 0x02, 0x00, 0x23, 0x20, 0x02, 0x00, 0x23, 0x20, 0x02, 0x00, 0x23, 0x20,
	0x02, 0x00, 0x23, 0x20, 0x02, 0x00, 0x23, 0x20, 0x02, 0x00, 0x13, 0x07, 0x00, 0x40,
	0xf3, 0x27, 0x40, 0xf1, 0x33, 0x17, 0xf7, 0x00, 0x83, 0x37, 0x42, 0x31, 0xb3, 0x77,
	0xf7, 0x00, 0xe3, 0x9c, 0x07, 0xfe, 0x83, 0xb7, 0x1b, 0x70, 0x63, 0x9a, 0x07, 0x5e,
	0xa3, 0x25, 0x02, 0x04, 0x6f, 0x50, 0x9f, 0xcd, 0x73, 0x10, 0x00, 0xc0, 0x03, 0x67,
	0x22, 0x30, 0x83, 0x68, 0x22, 0x30, 0x83, 0x36, 0x22, 0x30, 0x03, 0x33, 0x22, 0x30,
	0x13, 0x13, 0x03, 0x02, 0x33, 0x63, 0xd3, 0x00, 0x83, 0x36, 0x22, 0x30, 0x83, 0x3e,
	0x22, 0x30, 0x93, 0x9e, 0x0e, 0x02, 0xb3, 0xee, 0xde, 0x00, 0x83, 0x65, 0x22, 0x30,
	0x13, 0x0e, 0x00, 0x04, 0x93, 0x7a, 0x06, 0x0c, 0x9b, 0x86, 0x05, 0x00, 0x63, 0x86,
	0xca, 0x4f, 0x63, 0x14, 0x08, 0x3a, 0x13, 0x17, 0xe7, 0x02, 0x93, 0x58, 0xe7, 0x02,
	0x93, 0x09, 0x00, 0x00, 0x93, 0x97, 0x06, 0x03, 0x93, 0xd7, 0x07, 0x03, 0x93, 0x06,
	0x30, 0x00, 0x13, 0x07, 0x80, 0x00, 0x63, 0xf6, 0xf6, 0x00, 0x93, 0x95, 0x05, 0x03,
	0x13, 0xd7, 0xf5, 0x02, 0x9b, 0x57, 0x86, 0x01, 0x93, 0xf7, 0x17, 0x00, 0x23, 0xb6,
	0xfb, 0x66, 0xa3, 0x2f, 0x02, 0x1e, 0x23, 0xb5, 0x0b, 0x66, 0xb7, 0x07, 0x00, 0x01,
	0xb7, 0x86, 0xff, 0xff, 0xa3, 0x2f, 0x02, 0x1e, 0xb3, 0x77, 0xf6, 0x00, 0x13, 0x0e,
	0x02, 0x00, 0x33, 0x73, 0xd3, 0x01, 0xb3, 0x82, 0xdb, 0x00, 0x63, 0x86, 0x07, 0x0e,
	0x83, 0x65, 0x92, 0x0a, 0xf3, 0x26, 0x40, 0xf1, 0x03, 0x3f, 0xa2, 0x1f, 0x9b, 0x97,
	0x26, 0x00, 0x9b, 0x95, 0x45, 0x00, 0x93, 0xf5, 0x05, 0x07, 0x93, 0xf7, 0xc7, 0x00,
	0xb3, 0xe7, 0xb7, 0x00, 0x93, 0x97, 0x47, 0x02, 0xb3, 0x87, 0xe7, 0x01, 0xb7, 0xc5,
	0x00, 0x00, 0xb3, 0x87, 0xb7, 0x00, 0x83, 0xa7, 0x47, 0x3b, 0x13, 0x8f, 0x09, 0x00,
	0x93, 0x97, 0x47, 0x02, 0x93, 0xd7, 0x67, 0x02, 0x63, 0x16, 0x08, 0x00, 0x13, 0x9f,
	0x08, 0x02, 0x13, 0x5f, 0x0f, 0x02, 0x9b, 0x53, 0x66, 0x01, 0x93, 0x93, 0xe3, 0x03,
	0x83, 0x30, 0x92, 0x0a, 0x83, 0x3f, 0x32, 0x02, 0x93, 0x95, 0x46, 0x03, 0xb3, 0xe5,
	0x75, 0x00, 0x93, 0x96, 0x60, 0x03, 0xb3, 0xe5, 0xd5, 0x00, 0x93, 0x96, 0x0f, 0x03,
	0xb3, 0xe5, 0xd5, 0x00, 0x93, 0x06, 0x10, 0x00, 0xb3, 0xe0, 0xb7, 0x00, 0xb7, 0x8f,
	0x00, 0x00, 0x93, 0x96, 0xd6, 0x03, 0xb3, 0x8f, 0xf2, 0x01, 0xb3, 0xe6, 0xd0, 0x00,
	0x23, 0xb2, 0xdf, 0x66, 0x93, 0x06, 0x90, 0x00, 0x93, 0x96, 0xa6, 0x03, 0xb3, 0xe0,
	0xd0, 0x00, 0xb3, 0xe6, 0x77, 0x00, 0x93, 0x17, 0xa3, 0x01, 0xa3, 0x2f, 0x0e, 0x1e,
	0xb3, 0xe6, 0xf6, 0x00, 0x93, 0x17, 0x0f, 0x01, 0x13, 0x0f, 0x30, 0x00, 0x23, 0xb3,
	0x1f, 0x66, 0x13, 0x1f, 0xbf, 0x03, 0xa3, 0x2f, 0x0e, 0x1e, 0xb3, 0xe6, 0xe6, 0x01,
	0x23, 0xb0, 0xdf, 0x66, 0x93, 0xd7, 0x07, 0x01, 0x93, 0x06, 0x70, 0x00, 0xb3, 0xe7,
	0xb7, 0x00, 0x93, 0x96, 0xa6, 0x03, 0xa3, 0x2f, 0x0e, 0x1e, 0xb3, 0xe7, 0xd7, 0x00,
	0x23, 0xb1, 0xff, 0x66, 0xa3, 0x2f, 0x0e, 0x1e, 0x83, 0x67, 0x42, 0x07, 0x9b, 0x87,
	0x07, 0x00, 0xe3, 0x94, 0x07, 0xe6, 0x93, 0x97, 0x08, 0x02, 0x93, 0xd8, 0xe7, 0x01,
	0x13, 0x74, 0x76, 0x00, 0x93, 0x07, 0x10, 0x00, 0x9b, 0x53, 0x96, 0x01, 0x93, 0x1f,
	0x24, 0x00, 0x97, 0xd0, 0x0e, 0x00, 0x93, 0x80, 0xc0, 0xa8, 0x93, 0x97, 0x07, 0x03,
	0x37, 0x8f, 0x00, 0x00, 0x93, 0xf3, 0x33, 0x00, 0xb3, 0x88, 0xf8, 0x00, 0x13, 0x09,
	0x10, 0x00, 0x93, 0x04, 0x60, 0x00, 0xb3, 0x8f, 0x1f, 0x00, 0x33, 0x8f, 0xe2, 0x01,
	0x63, 0x1c, 0x08, 0x10, 0x83, 0x36, 0x52, 0x01, 0x93, 0xf6, 0x36, 0x00, 0xb3, 0x07,
	0xde, 0x00, 0x83, 0xe5, 0xb7, 0x00, 0x93, 0x86, 0x16, 0x04, 0xb3, 0x06, 0xde, 0x00,
	0x23, 0xa0, 0x26, 0x01, 0x83, 0xa7, 0x08, 0x00, 0x93, 0x97, 0x07, 0x02, 0x93, 0xd7,
	0x07, 0x02, 0x23, 0xa0, 0xb6, 0x00, 0xb3, 0xf7, 0xfe, 0x00, 0x63, 0xe4, 0x84, 0x28,
	0x83, 0xa6, 0x0f, 0x00, 0xb3, 0x86, 0x16, 0x00, 0x67, 0x80, 0x06, 0x00, 0x83, 0x37,
	0x32, 0x1f, 0x23, 0xb0, 0x07, 0x00, 0xa3, 0x25, 0x02, 0x38, 0x6f, 0xf0, 0x9f, 0xdd,
	0x83, 0x67, 0x22, 0x03, 0x9b, 0x87, 0x07, 0x00, 0xe3, 0x84, 0x07, 0xdc, 0xb7, 0x17,
	0x0f, 0xc0, 0x23, 0x20, 0xf2, 0x00, 0x23, 0x20, 0x02, 0x00, 0x23, 0x20, 0x02, 0x00,
	0x23, 0x20, 0x02, 0x00, 0x23, 0x20, 0x02, 0x00, 0x23, 0x20, 0x02, 0x00, 0x23, 0x20,
	0x02, 0x00, 0x23, 0x20, 0x02, 0x00, 0x23, 0x20, 0x02, 0x00, 0x23, 0x20, 0x02, 0x00,
	0x23, 0x20, 0x02, 0x00, 0x23, 0x20, 0x02, 0x00, 0x23, 0x20, 0x02, 0x00, 0x23, 0x20,
	0x02, 0x00, 0x23, 0x20, 0x02, 0x00, 0x23, 0x20, 0x02, 0x00, 0x23, 0x20, 0x02, 0x00,
	0x13, 0x07, 0x00, 0x40, 0xf3, 0x27, 0x40, 0xf1, 0x33, 0x17, 0xf7, 0x00, 0x83, 0x37,
	0x42, 0x31, 0xb3, 0x77, 0xf7, 0x00, 0xe3, 0x9c, 0x07, 0xfe, 0x83, 0xb7, 0x1b, 0x70,
	0xe3, 0x80, 0x07, 0xd6, 0x93, 0x05, 0x90, 0x00, 0xef, 0x40, 0xdf, 0xad, 0x6f, 0xf0,
	0x9f, 0xd5, 0xb3, 0x37, 0xf3, 0x00, 0x63, 0x92, 0x07, 0x1e, 0x63, 0x0a, 0x08, 0x00,
	0x83, 0x37, 0x52, 0x01, 0x63, 0x98, 0x07, 0x14, 0x93, 0x07, 0x00, 0x0c, 0x63, 0x8e,
	0xfa, 0x28, 0x83, 0x37, 0xcf, 0x66, 0x63, 0x98, 0x07, 0x02, 0x93, 0x07, 0x00, 0x00,
	0xa3, 0x2f, 0x02, 0x1e, 0x9b, 0x87, 0x17, 0x00, 0xe3, 0x9c, 0xe7, 0xfe, 0x83, 0x67,
	0x42, 0x07, 0x9b, 0x87, 0x07, 0x00, 0xe3, 0x9a, 0x07, 0xd0, 0xe3, 0x08, 0x08, 0xee,
	0xa3, 0x2d, 0x72, 0x30, 0x83, 0xb7, 0x09, 0x00, 0x6f, 0xf0, 0x1f, 0xf1, 0x93, 0x07,
	0x10, 0x00, 0x23, 0x35, 0xff, 0x66, 0xa3, 0x2f, 0x0e, 0x1e, 0x23, 0x36, 0x0f, 0x66,
	0xa3, 0x2f, 0x0e, 0x1e, 0x03, 0x3a, 0x0f, 0x66, 0xf3, 0x27, 0x40, 0xf1, 0x9b, 0x87,
	0x07, 0x00, 0x63, 0x82, 0x07, 0x20, 0x93, 0x06, 0xc0, 0x01, 0x93, 0x05, 0xc0, 0x00,
	0x23, 0x23, 0xb2, 0x0a, 0x83, 0x67, 0x12, 0x02, 0x9b, 0x87, 0x07, 0x00, 0xbb, 0x16,
	0xd9, 0x00, 0x6f, 0x00, 0x40, 0x01, 0x83, 0x67, 0x12, 0x02, 0x9b, 0x87, 0x07, 0x00,
	0x03, 0x3b, 0x42, 0x07, 0x63, 0x10, 0x0b, 0x02, 0xb3, 0xf7, 0xf6, 0x00, 0xe3, 0x86,
	0x07, 0xfe, 0x83, 0x67, 0xf2, 0x0a, 0x93, 0xf7, 0x07, 0x01, 0xe3, 0x9c, 0x07, 0xfe,
	0x23, 0x31, 0x42, 0x0b, 0xa3, 0x23, 0xb2, 0x0a, 0x03, 0x3a, 0x2f, 0x66, 0x23, 0x23,
	0xb2, 0x0a, 0x83, 0x67, 0x12, 0x02, 0x9b, 0x87, 0x07, 0x00, 0x6f, 0x00, 0x40, 0x01,
	0x83, 0x67, 0x12, 0x02, 0x9b, 0x87, 0x07, 0x00, 0x03, 0x3b, 0x42, 0x07, 0xe3, 0x14,
	0x0b, 0xf4, 0xb3, 0xf7, 0xf6, 0x00, 0xe3, 0x86, 0x07, 0xfe, 0x83, 0x67, 0xf2, 0x0a,
	0x93, 0xf7, 0x07, 0x01, 0xe3, 0x9c, 0x07, 0xfe, 0x23, 0x31, 0x42, 0x0b, 0xa3, 0x23,
	0xb2, 0x0a, 0x6f, 0xf0, 0x9f, 0xf2, 0xb3, 0xb7, 0x67, 0x00, 0x93, 0xc7, 0x17, 0x00,
	0x93, 0xf7, 0xf7, 0x0f, 0x6f, 0xf0, 0x9f, 0xef, 0xb3, 0x07, 0xf3, 0x40, 0xb3, 0x37,
	0xf0, 0x00, 0x6f, 0xf0, 0xdf, 0xee, 0xb3, 0x07, 0xf3, 0x40, 0x93, 0xb7, 0x17, 0x00,
	0x6f, 0xf0, 0x1f, 0xee, 0xb3, 0x37, 0xf3, 0x00, 0x93, 0xc7, 0x17, 0x00, 0x93, 0xf7,
	0xf7, 0x0f, 0x6f, 0xf0, 0x1f, 0xed, 0xb3, 0xb7, 0x67, 0x00, 0x6f, 0xf0, 0x9f, 0xec,
	0x13, 0x17, 0x07, 0x02, 0x93, 0x97, 0x08, 0x02, 0x13, 0x57, 0x07, 0x02, 0xb3, 0xe7,
	0xe7, 0x00, 0xa3, 0x39, 0xf2, 0x06, 0x83, 0x39, 0x32, 0x07, 0x93, 0x08, 0x00, 0x00,
	0x6f, 0xf0, 0xdf, 0xc4, 0x83, 0x37, 0x22, 0x03, 0xe3, 0x8c, 0x07, 0xea, 0x83, 0x37,
	0x52, 0x03, 0xe3, 0x88, 0x07, 0xea, 0x93, 0x05, 0x90, 0x00, 0xef, 0x40, 0x1f, 0x96,
	0x03, 0xb7, 0xab, 0x66, 0xe3, 0x0c, 0x07, 0xbc, 0x23, 0xb5, 0x0b, 0x66, 0xa3, 0x2f,
	0x02, 0x1e, 0x83, 0xb5, 0x6b, 0x66, 0xf3, 0x27, 0x40, 0xf1, 0x9b, 0x87, 0x07, 0x00,
	0x63, 0x8a, 0x07, 0x1a, 0x13, 0x07, 0xc0, 0x01, 0x13, 0x06, 0xc0, 0x00, 0x23, 0x23,
	0xc2, 0x0a, 0x83, 0x67, 0x12, 0x02, 0x93, 0x06, 0x10, 0x00, 0x9b, 0x87, 0x07, 0x00,
	0xbb, 0x96, 0xe6, 0x00, 0x6f, 0x00, 0x40, 0x01, 0x83, 0x67, 0x12, 0x02, 0x9b, 0x87,
	0x07, 0x00, 0x03, 0x37, 0x42, 0x07, 0xe3, 0x18, 0x07, 0xb8, 0xb3, 0xf7, 0xf6, 0x00,
	0xe3, 0x86, 0x07, 0xfe, 0x83, 0x67, 0xf2, 0x0a, 0x93, 0xf7, 0x07, 0x01, 0xe3, 0x9c,
	0x07, 0xfe, 0x23, 0x31, 0xb2, 0x0a, 0xa3, 0x23, 0xc2, 0x0a, 0x6f, 0xf0, 0x1f, 0xb7,
	0x13, 0x76, 0x76, 0x0c, 0x93, 0x07, 0x30, 0x04, 0x63, 0x16, 0xf6, 0x00, 0x1b, 0x03,
	0x03, 0x00, 0x23, 0xa0, 0x68, 0x00, 0xb7, 0x87, 0x00, 0x00, 0xb3, 0x87, 0xf2, 0x00,
	0x03, 0xb7, 0xa7, 0x66, 0xe3, 0x04, 0x07, 0xb4, 0x23, 0xb5, 0x07, 0x66, 0xa3, 0x2f,
	0x0e, 0x1e, 0x83, 0xb5, 0x47, 0x66, 0xf3, 0x27, 0x40, 0xf1, 0x9b, 0x87, 0x07, 0x00,
	0x63, 0x8a, 0x07, 0x10, 0x13, 0x07, 0xc0, 0x01, 0x13, 0x06, 0xc0, 0x00, 0x23, 0x23,
	0xc2, 0x0a, 0x83, 0x67, 0x12, 0x02, 0x93, 0x06, 0x10, 0x00, 0x9b, 0x87, 0x07, 0x00,
	0xbb, 0x96, 0xe6, 0x00, 0x6f, 0x00, 0x40, 0x01, 0x83, 0x67, 0x12, 0x02, 0x9b, 0x87,
	0x07, 0x00, 0x03, 0x37, 0x42, 0x07, 0xe3, 0x10, 0x07, 0xb0, 0xb3, 0xf7, 0xd7, 0x00,
	0xe3, 0x86, 0x07, 0xfe, 0x83, 0x67, 0xf2, 0x0a, 0x93, 0xf7, 0x07, 0x01, 0xe3, 0x9c,
	0x07, 0xfe, 0x23, 0x31, 0xb2, 0x0a, 0xa3, 0x23, 0xc2, 0x0a, 0x6f, 0xf0, 0x1f, 0xae,
	0x93, 0x06, 0xb0, 0x01, 0x93, 0x05, 0xb0, 0x00, 0x6f, 0xf0, 0x1f, 0xe0, 0x37, 0x0e,
	0x04, 0x00, 0x13, 0x0e, 0xfe, 0xff, 0x33, 0x77, 0xee, 0x00, 0x13, 0x1f, 0x07, 0x02,
	0x13, 0x57, 0xef, 0x01, 0x93, 0x97, 0x07, 0x03, 0x1b, 0x0f, 0x03, 0x00, 0xb3, 0x07,
	0xf7, 0x00, 0x33, 0x7e, 0x1e, 0x01, 0x23, 0xa0, 0xe7, 0x01, 0x9b, 0x08, 0x0e, 0x00,
	0x93, 0x09, 0x00, 0x00, 0x6f, 0xf0, 0x9f, 0xaf, 0x83, 0x67, 0x12, 0x03, 0x9b, 0x87,
	0x07, 0x00, 0xe3, 0x80, 0x07, 0xd6, 0xef, 0x40, 0x4f, 0xf5, 0x03, 0xb7, 0xab, 0x66,
	0xe3, 0x06, 0x07, 0xa8, 0x23, 0xb5, 0x0b, 0x66, 0xa3, 0x2f, 0x02, 0x1e, 0x83, 0xb5,
	0x6b, 0x66, 0xf3, 0x27, 0x40, 0xf1, 0x9b, 0x87, 0x07, 0x00, 0x63, 0x8a, 0x07, 0x06,
	0x13, 0x06, 0xc0, 0x01, 0x13, 0x07, 0xc0, 0x00, 0x23, 0x23, 0xe2, 0x0a, 0x83, 0x67,
	0x12, 0x02, 0x93, 0x06, 0x10, 0x00, 0x9b, 0x87, 0x07, 0x00, 0xbb, 0x96, 0xc6, 0x00,
	0x6f, 0x00, 0x40, 0x01, 0x83, 0x67, 0x12, 0x02, 0x9b, 0x87, 0x07, 0x00, 0x03, 0x36,
	0x42, 0x07, 0xe3, 0x12, 0x06, 0xa4, 0xb3, 0xf7, 0xf6, 0x00, 0xe3, 0x86, 0x07, 0xfe,
	0x83, 0x67, 0xf2, 0x0a, 0x93, 0xf7, 0x07, 0x01, 0xe3, 0x9c, 0x07, 0xfe, 0x23, 0x31,
	0xb2, 0x0a, 0xa3, 0x23, 0xe2, 0x0a, 0x6f, 0xf0, 0x5f, 0xa2, 0x13, 0x07, 0xb0, 0x01,
	0x13, 0x06, 0xb0, 0x00, 0x6f, 0xf0, 0x1f, 0xef, 0xef, 0x40, 0x4f, 0xed, 0x6f, 0xf0,
	0x1f, 0xa1, 0x13, 0x07, 0xb0, 0x01, 0x13, 0x06, 0xb0, 0x00, 0x6f, 0xf0, 0x1f, 0xe5,
	0x13, 0x06, 0xb0, 0x01, 0x13, 0x07, 0xb0, 0x00, 0x6f, 0xf0, 0x1f, 0xf9, 0x13, 0x00,
	0x00, 0x00, 0x93, 0x1e, 0x25, 0x02, 0x93, 0xde, 0x2e, 0x03, 0x93, 0x06, 0x05, 0x00,
	0x93, 0x07, 0x10, 0x00, 0x23, 0x25, 0xf2, 0x04, 0x03, 0x68, 0x22, 0x30, 0x93, 0x74,
	0x18, 0x00, 0x9b, 0x08, 0x08, 0x00, 0x63, 0x92, 0x04, 0x14, 0x23, 0x20, 0xa2, 0x00,
	0x23, 0x20, 0x02, 0x01, 0x23, 0x30, 0x0c, 0x00, 0xa3, 0x25, 0x02, 0x38, 0x83, 0x37,
	0x52, 0x01, 0x63, 0x90, 0x07, 0x08, 0x13, 0x78, 0x28, 0x00, 0x63, 0x06, 0x08, 0x06,
	0xb7, 0x17, 0x0f, 0xc0, 0x23, 0x20, 0xf2, 0x00, 0x23, 0x20, 0x02, 0x00, 0x23, 0x20,
	0x02, 0x00, 0x23, 0x20, 0x02, 0x00, 0x23, 0x20, 0x02, 0x00, 0x23, 0x20, 0x02, 0x00,
	0x23, 0x20, 0x02, 0x00, 0x23, 0x20, 0x02, 0x00, 0x23, 0x20, 0x02, 0x00, 0x23, 0x20,
	0x02, 0x00, 0x23, 0x20, 0x02, 0x00, 0x23, 0x20, 0x02, 0x00, 0x23, 0x20, 0x02, 0x00,
	0x23, 0x20, 0x02, 0x00, 0x23, 0x20, 0x02, 0x00, 0x23, 0x20, 0x02, 0x00, 0x23, 0x20,
	0x02, 0x00, 0x13, 0x07, 0x00, 0x40, 0xf3, 0x27, 0x40, 0xf1, 0x33, 0x17, 0xf7, 0x00,
	0x83, 0x37, 0x42, 0x31, 0xb3, 0x77, 0xf7, 0x00, 0xe3, 0x9c, 0x07, 0xfe, 0x83, 0xb7,
	0x1b, 0x70, 0x63, 0x9a, 0x07, 0x0a, 0xa3, 0x25, 0x02, 0x04, 0x6f, 0x50, 0x8f, 0xe1,
	0x73, 0x10, 0x00, 0xc0, 0x83, 0x67, 0x22, 0x03, 0x9b, 0x87, 0x07, 0x00, 0xe3, 0x86,
	0x07, 0xfe, 0xb7, 0x17, 0x0f, 0xc0, 0x23, 0x20, 0xf2, 0x00, 0x23, 0x20, 0x02, 0x00,
	0x23, 0x20, 0x02, 0x00, 0x23, 0x20, 0x02, 0x00, 0x23, 0x20, 0x02, 0x00, 0x23, 0x20,
	0x02, 0x00, 0x23, 0x20, 0x02, 0x00, 0x23, 0x20, 0x02, 0x00, 0x23, 0x20, 0x02, 0x00,
	0x23, 0x20, 0x02, 0x00, 0x23, 0x20, 0x02, 0x00, 0x23, 0x20, 0x02, 0x00, 0x23, 0x20,
	0x02, 0x00, 0x23, 0x20, 0x02, 0x00, 0x23, 0x20, 0x02, 0x00, 0x23, 0x20, 0x02, 0x00,
	0x23, 0x20, 0x02, 0x00, 0x13, 0x07, 0x00, 0x40, 0xf3, 0x27, 0x40, 0xf1, 0x33, 0x17,
	0xf7, 0x00, 0x83, 0x37, 0x42, 0x31, 0xb3, 0x77, 0xf7, 0x00, 0xe3, 0x9c, 0x07, 0xfe,
	0x83, 0xb7, 0x1b, 0x70, 0xe3, 0x82, 0x07, 0xf8, 0x93, 0x05, 0x90, 0x00, 0xef, 0x40,
	0x0f, 0xe4, 0x6f, 0xf0, 0xdf, 0xf7, 0x33, 0xf5, 0xf6, 0x01, 0x33, 0x65, 0xd5, 0x01,
	0x93, 0x06, 0x05, 0x00, 0x83, 0x38, 0x52, 0x01, 0x63, 0x9c, 0x08, 0x1a, 0x63, 0x82,
	0x02, 0x1c, 0x03, 0x65, 0x12, 0x03, 0x1b, 0x05, 0x05, 0x00, 0x63, 0x0c, 0x05, 0x1a,
	0xef, 0x40, 0x4f, 0xd5, 0x6f, 0xf0, 0x1f, 0xf5, 0x93, 0xda, 0x2e, 0x00, 0x93, 0x07,
	0x00, 0x02, 0x93, 0x80, 0x0a, 0x00, 0x63, 0xe8, 0x57, 0x1b, 0x63, 0x88, 0x0a, 0x04,
	0x93, 0x85, 0x81, 0x89, 0x13, 0x86, 0x81, 0x99, 0x13, 0x07, 0x00, 0x00, 0x03, 0x35,
	0x22, 0x30, 0x83, 0x37, 0x22, 0x30, 0x93, 0x97, 0x07, 0x02, 0xb3, 0xe7, 0xa7, 0x00,
	0xa3, 0x39, 0xf2, 0x06, 0x83, 0x37, 0x32, 0x07, 0x23, 0xb0, 0xf5, 0x00, 0x03, 0x35,
	0x22, 0x30, 0x83, 0x37, 0x22, 0x30, 0x93, 0x97, 0x07, 0x02, 0xb3, 0xe7, 0xa7, 0x00,
	0x23, 0x30, 0xf6, 0x00, 0x13, 0x07, 0x17, 0x00, 0x93, 0x85, 0x85, 0x00, 0x13, 0x06,
	0x86, 0x00, 0xe3, 0x62, 0x17, 0xfc, 0x9b, 0xd8, 0x08, 0x01, 0x93, 0x07, 0x30, 0x00,
	0x13, 0x97, 0x18, 0x00, 0x63, 0xf4, 0x17, 0x15, 0x9b, 0x57, 0x28, 0x00, 0x93, 0xf7,
	0x37, 0x00, 0x1b, 0x58, 0x18, 0x00, 0xb7, 0x0f, 0x01, 0xc0, 0x13, 0x0e, 0x00, 0x00,
	0x13, 0x04, 0x00, 0x00, 0x23, 0x26, 0xf1, 0x00, 0x93, 0x72, 0x18, 0x00, 0x9b, 0x9e,
	0x0e, 0x01, 0x93, 0x8f, 0xff, 0xff, 0x83, 0x69, 0x42, 0x07, 0x9b, 0x89, 0x09, 0x00,
	0xe3, 0x94, 0x09, 0xea, 0x83, 0x27, 0xc1, 0x00, 0xa3, 0x2d, 0xf2, 0x30, 0x93, 0x07,
	0x30, 0x00, 0x63, 0xd0, 0x57, 0x33, 0x93, 0x85, 0x81, 0x99, 0x13, 0x86, 0x81, 0x89,
	0x13, 0x09, 0x30, 0x00, 0x93, 0x03, 0x00, 0x00, 0x13, 0x0a, 0xf0, 0x00, 0x33, 0x18,
	0x7a, 0x00, 0x83, 0x67, 0x42, 0x07, 0x9b, 0x87, 0x07, 0x00, 0x63, 0x94, 0x07, 0x06,
	0x33, 0x75, 0xc8, 0x01, 0x63, 0x00, 0xa8, 0x06, 0x03, 0x35, 0x06, 0x00, 0x03, 0x3f,
	0x86, 0x00, 0x03, 0x33, 0x06, 0x01, 0x83, 0x38, 0x86, 0x01, 0x03, 0x35, 0x05, 0x00,
	0x03, 0xbb, 0x05, 0x00, 0x03, 0x3f, 0x0f, 0x00, 0x03, 0x33, 0x03, 0x00, 0x83, 0xb8,
	0x08, 0x00, 0xe3, 0x68, 0x65, 0xed, 0x03, 0xb5, 0x85, 0x00, 0xe3, 0x64, 0xaf, 0xec,
	0x03, 0xb5, 0x05, 0x01, 0xe3, 0x60, 0xa3, 0xec, 0x03, 0xb5, 0x85, 0x01, 0xe3, 0xec,
	0xa8, 0xea, 0x33, 0x6e, 0x0e, 0x01, 0x13, 0x04, 0x44, 0x00, 0x13, 0x85, 0x04, 0x00,
	0xa3, 0x2f, 0x02, 0x1e, 0x9b, 0x87, 0x17, 0x00, 0xe3, 0x9c, 0xe7, 0xfe, 0xe3, 0x0a,
	0x05, 0xf8, 0x13, 0x09, 0x49, 0x00, 0x93, 0x83, 0x43, 0x00, 0x93, 0x85, 0x05, 0x02,
	0x13, 0x06, 0x06, 0x02, 0xe3, 0x6e, 0x19, 0xf6, 0x13, 0x88, 0x13, 0x00, 0x13, 0x8f,
	0x23, 0x00, 0x63, 0x8a, 0x20, 0x13, 0x63, 0x8e, 0xe0, 0x0b, 0x63, 0x82, 0x00, 0x07,
	0x33, 0xf5, 0xf6, 0x01, 0x33, 0x65, 0xd5, 0x01, 0x93, 0x06, 0x05, 0x00, 0xe3, 0x8c,
	0x80, 0xdc, 0x83, 0x37, 0x52, 0x01, 0x63, 0x92, 0x07, 0x26, 0x63, 0x88, 0x02, 0x00,
	0x83, 0x67, 0x12, 0x03, 0x9b, 0x87, 0x07, 0x00, 0xe3, 0x98, 0x07, 0xe6, 0xa3, 0x2f,
	0x02, 0x1e, 0x9b, 0x89, 0x19, 0x00, 0xe3, 0x1c, 0x37, 0xff, 0x6f, 0xf0, 0x1f, 0xf0,
	0x83, 0x38, 0x22, 0x03, 0x63, 0x86, 0x08, 0x00, 0x83, 0x38, 0x52, 0x03, 0xe3, 0x90,
	0x08, 0xe2, 0x13, 0x05, 0x00, 0x00, 0x6f, 0xf0, 0xdf, 0xf7, 0x13, 0x07, 0x80, 0x00,
	0x6f, 0xf0, 0x9f, 0xeb, 0x93, 0x00, 0x00, 0x02, 0x6f, 0xf0, 0x1f, 0xe5, 0x13, 0x06,
	0x10, 0x00, 0x93, 0x97, 0x33, 0x00, 0xb3, 0x18, 0x76, 0x00, 0x13, 0x86, 0x81, 0x89,
	0x33, 0x03, 0xf6, 0x00, 0x83, 0x67, 0x42, 0x07, 0x9b, 0x87, 0x07, 0x00, 0xe3, 0x92,
	0x07, 0xf8, 0x33, 0xf6, 0xc8, 0x01, 0xe3, 0x8e, 0xc8, 0xf6, 0x03, 0x36, 0x03, 0x00,
	0x83, 0x35, 0x03, 0x10, 0x03, 0x38, 0x06, 0x00, 0x63, 0x68, 0xb8, 0x16, 0x33, 0x6e,
	0x1e, 0x01, 0x13, 0x04, 0x14, 0x00, 0xa3, 0x2f, 0x02, 0x1e, 0x9b, 0x87, 0x17, 0x00,
	0xe3, 0x1c, 0xf7, 0xfe, 0xe3, 0x64, 0xb8, 0xfc, 0x6f, 0xf0, 0x1f, 0xf5, 0x93, 0x87,
	0x81, 0x89, 0x93, 0x98, 0x33, 0x00, 0x13, 0x16, 0x38, 0x00, 0x13, 0x03, 0x30, 0x00,
	0x33, 0x13, 0x73, 0x00, 0xb3, 0x88, 0x17, 0x01, 0x33, 0x86, 0xc7, 0x00, 0x83, 0x67,
	0x42, 0x07, 0x9b, 0x87, 0x07, 0x00, 0xe3, 0x92, 0x07, 0xf2, 0xb3, 0x75, 0xc3, 0x01,
	0xe3, 0x0e, 0xb3, 0xf0, 0x03, 0xbf, 0x08, 0x00, 0x03, 0x35, 0x06, 0x00, 0x83, 0xb5,
	0x08, 0x10, 0x03, 0x3f, 0x0f, 0x00, 0x03, 0x35, 0x05, 0x00, 0x63, 0x62, 0xbf, 0x0e,
	0x83, 0x35, 0x06, 0x10, 0x63, 0x6e, 0xb5, 0x0c, 0x33, 0x6e, 0x6e, 0x00, 0x13, 0x04,
	0x24, 0x00, 0x93, 0x85, 0x04, 0x00, 0xa3, 0x2f, 0x02, 0x1e, 0x9b, 0x87, 0x17, 0x00,
	0xe3, 0x1c, 0xf7, 0xfe, 0xe3, 0x8a, 0x05, 0xfa, 0xe3, 0x90, 0x00, 0xef, 0x6f, 0xf0,
	0xdf, 0xf3, 0x93, 0x87, 0x81, 0x89, 0x13, 0x96, 0x33, 0x00, 0x13, 0x13, 0x38, 0x00,
	0x93, 0x18, 0x3f, 0x00, 0x93, 0x05, 0x70, 0x00, 0xb3, 0x95, 0x75, 0x00, 0x33, 0x86,
	0xc7, 0x00, 0x33, 0x83, 0x67, 0x00, 0xb3, 0x88, 0x17, 0x01, 0x83, 0x67, 0x42, 0x07,
	0x9b, 0x87, 0x07, 0x00, 0xe3, 0x92, 0x07, 0xea, 0x33, 0xf5, 0xc5, 0x01, 0xe3, 0x8e,
	0xa5, 0xe8, 0x03, 0x3a, 0x06, 0x00, 0x03, 0x39, 0x03, 0x00, 0x03, 0xb5, 0x08, 0x00,
	0x03, 0x3a, 0x0a, 0x00, 0x03, 0x3b, 0x06, 0x10, 0x03, 0x39, 0x09, 0x00, 0x03, 0x35,
	0x05, 0x00, 0x63, 0x6c, 0x6a, 0x03, 0x03, 0x3a, 0x03, 0x10, 0x63, 0x68, 0x49, 0x03,
	0x03, 0xb9, 0x08, 0x10, 0x63, 0x64, 0x25, 0x03, 0x33, 0x6e, 0xbe, 0x00, 0x13, 0x04,
	0x34, 0x00, 0x13, 0x85, 0x04, 0x00, 0xa3, 0x2f, 0x02, 0x1e, 0x9b, 0x87, 0x17, 0x00,
	0xe3, 0x1c, 0xf7, 0xfe, 0xe3, 0x02, 0x05, 0xfa, 0xe3, 0x98, 0xe0, 0xe5, 0x6f, 0xf0,
	0x5f, 0xf0, 0x33, 0xf5, 0xf6, 0x01, 0x33, 0x65, 0xd5, 0x01, 0x93, 0x06, 0x05, 0x00,
	0x03, 0x39, 0x52, 0x01, 0x63, 0x14, 0x09, 0x06, 0x63, 0x8a, 0x02, 0x06, 0x03, 0x65,
	0x12, 0x03, 0x1b, 0x05, 0x05, 0x00, 0xe3, 0x04, 0x05, 0xfc, 0x6f, 0xf0, 0xdf, 0xcb,
	0x33, 0xf5, 0xf6, 0x01, 0x33, 0x65, 0xd5, 0x01, 0x93, 0x06, 0x05, 0x00, 0x83, 0x35,
	0x52, 0x01, 0x63, 0x96, 0x05, 0x06, 0xe3, 0x80, 0x02, 0xf2, 0x83, 0x65, 0x12, 0x03,
	0x9b, 0x85, 0x05, 0x00, 0xe3, 0x8a, 0x05, 0xf0, 0x6f, 0xf0, 0x5f, 0xc9, 0x33, 0xf5,
	0xf6, 0x01, 0x33, 0x65, 0xd5, 0x01, 0x93, 0x06, 0x05, 0x00, 0x03, 0x36, 0x52, 0x01,
	0x63, 0x18, 0x06, 0x02, 0xe3, 0x84, 0x02, 0xe8, 0x03, 0x66, 0x12, 0x03, 0x1b, 0x06,
	0x06, 0x00, 0xe3, 0x0e, 0x06, 0xe6, 0x6f, 0xf0, 0xdf, 0xc6, 0x03, 0x39, 0x22, 0x03,
	0x63, 0x06, 0x09, 0x00, 0x03, 0x39, 0x52, 0x03, 0xe3, 0x16, 0x09, 0xc2, 0x13, 0x05,
	0x00, 0x00, 0x6f, 0xf0, 0xdf, 0xf5, 0x03, 0x36, 0x22, 0x03, 0xe3, 0x0c, 0x06, 0xe4,
	0x03, 0x36, 0x52, 0x03, 0xe3, 0x08, 0x06, 0xe4, 0x6f, 0xf0, 0x1f, 0xc1, 0x83, 0x35,
	0x22, 0x03, 0xe3, 0x8a, 0x05, 0xea, 0x83, 0x35, 0x52, 0x03, 0xe3, 0x86, 0x05, 0xea,
	0x6f, 0xf0, 0xdf, 0xbf, 0x13, 0x09, 0x30, 0x00, 0x93, 0x03, 0x00, 0x00, 0x6f, 0xf0,
	0x9f, 0xd7, 0x83, 0x37, 0x22, 0x03, 0xe3, 0x86, 0x07, 0xda, 0x83, 0x37, 0x52, 0x03,
	0xe3, 0x82, 0x07, 0xda, 0x6f, 0xf0, 0xdf, 0xbd, 0x13, 0x00, 0x00, 0x00, 0x83, 0x67,
	0x22, 0x30, 0xa3, 0x26, 0x02, 0x06, 0x03, 0x36, 0x52, 0x01, 0x13, 0x76, 0x36, 0x00,
	0x33, 0x07, 0xc2, 0x00, 0x83, 0x65, 0xb7, 0x00, 0x13, 0x06, 0x16, 0x04, 0xb3, 0x07,
	0xc2, 0x00, 0x13, 0x07, 0x10, 0x00, 0x23, 0xa0, 0xe7, 0x00, 0x83, 0x37, 0x32, 0x01,
	0xe3, 0x9e, 0x07, 0xfe, 0x83, 0xb7, 0xcc, 0xeb, 0x13, 0xd7, 0xc7, 0x00, 0x13, 0x77,
	0x37, 0x00, 0x63, 0x0a, 0x07, 0x02, 0x93, 0x06, 0xf0, 0x07, 0x73, 0x27, 0x00, 0xb0,
	0x13, 0x00, 0x00, 0x00, 0xf3, 0x27, 0x00, 0xb0, 0xb3, 0x87, 0xe7, 0x40, 0xe3, 0xfa,
	0xf6, 0xfe, 0x83, 0xa7, 0xcc, 0xeb, 0x1b, 0xd7, 0xc7, 0x00, 0x13, 0x77, 0x37, 0x00,
	0x93, 0x97, 0x07, 0x02, 0x93, 0xd7, 0x07, 0x02, 0xe3, 0x1c, 0x07, 0xfc, 0x93, 0xf7,
	0x17, 0x00, 0x63, 0x84, 0x07, 0x00, 0x23, 0xae, 0x0c, 0xea, 0x33, 0x06, 0xc2, 0x00,
	0x23, 0x20, 0xb6, 0x00, 0x83, 0x66, 0x92, 0x0a, 0xf3, 0x27, 0x40, 0xf1, 0x03, 0x37,
	0xa2, 0x1f, 0x9b, 0x97, 0x27, 0x00, 0x9b, 0x96, 0x46, 0x00, 0x93, 0xf6, 0x06, 0x07,
	0x93, 0xf7, 0xc7, 0x00, 0xb3, 0xe7, 0xd7, 0x00, 0x93, 0x97, 0x47, 0x02, 0x33, 0x07,
	0xf7, 0x00, 0x37, 0xc8, 0x00, 0x00, 0x33, 0x07, 0x07, 0x01, 0x03, 0x27, 0x87, 0x3e,
	0x1b, 0x07, 0x07, 0x00, 0x83, 0x66, 0x02, 0x1f, 0x93, 0x96, 0x06, 0x02, 0x93, 0xd6,
	0x06, 0x02, 0x23, 0x3e, 0xd2, 0x00, 0x13, 0x77, 0xf7, 0x00, 0x13, 0x67, 0x07, 0x10,
	0xa3, 0x22, 0xe2, 0x0a, 0x03, 0x20, 0x42, 0x31, 0x03, 0xb7, 0x81, 0xba, 0x03, 0x43,
	0x97, 0x7f, 0x83, 0x48, 0xd7, 0x7f, 0x83, 0x4e, 0x87, 0x7f, 0x03, 0x45, 0xa7, 0x7f,
	0x03, 0x4e, 0xc7, 0x7f, 0x83, 0x45, 0xe7, 0x7f, 0x83, 0x46, 0xb7, 0x7f, 0x03, 0x46,
	0xf7, 0x7f, 0x13, 0x13, 0x83, 0x00, 0x93, 0x98, 0x88, 0x00, 0x33, 0x63, 0xd3, 0x01,
	0x13, 0x15, 0x05, 0x01, 0xb3, 0xe8, 0xc8, 0x01, 0x13, 0x97, 0x05, 0x01, 0x33, 0x67,
	0x17, 0x01, 0xb3, 0x65, 0x65, 0x00, 0x93, 0x96, 0x86, 0x01, 0x13, 0x16, 0x86, 0x01,
	0xb3, 0xe6, 0xb6, 0x00, 0x33, 0x66, 0xe6, 0x00, 0x9b, 0x86, 0x06, 0x00, 0x1b, 0x06,
	0x06, 0x00, 0x03, 0x37, 0xa2, 0x1f, 0x33, 0x07, 0xf7, 0x00, 0x33, 0x07, 0x07, 0x01,
	0x03, 0x27, 0xc7, 0x3b, 0x13, 0x05, 0x80, 0x00, 0x93, 0x75, 0xe7, 0x03, 0x1b, 0x07,
	0x07, 0x00, 0x63, 0x80, 0x05, 0x02, 0x13, 0x77, 0xf7, 0x03, 0x13, 0x05, 0x40, 0x01,
	0x93, 0x05, 0x07, 0x00, 0x63, 0x6c, 0xe5, 0x0e, 0x9b, 0x85, 0x15, 0x00, 0x13, 0x05,
	0x10, 0x00, 0x3b, 0x15, 0xb5, 0x00, 0x03, 0x37, 0xa2, 0x1f, 0x37, 0xc8, 0x00, 0x00,
	0x33, 0x07, 0xf7, 0x00, 0x33, 0x07, 0x07, 0x01, 0x03, 0x27, 0x47, 0x3c, 0x1b, 0x07,
	0x07, 0x00, 0x83, 0x35, 0xa2, 0x1f, 0xb3, 0x85, 0xf5, 0x00, 0xb3, 0x85, 0x05, 0x01,
	0x83, 0xa5, 0x85, 0x3c, 0x13, 0x17, 0x07, 0x02, 0x13, 0x57, 0x07, 0x02, 0x93, 0x95,
	0x05, 0x02, 0xb3, 0xe5, 0xe5, 0x00, 0x03, 0x37, 0xa2, 0x1f, 0x33, 0x07, 0xf7, 0x00,
	0x33, 0x07, 0x07, 0x01, 0x03, 0x28, 0x07, 0x3c, 0x3b, 0x07, 0xa0, 0x40, 0x13, 0x17,
	0x07, 0x02, 0x13, 0x57, 0x07, 0x02, 0x13, 0x18, 0x08, 0x02, 0x33, 0x77, 0xb7, 0x00,
	0x13, 0x58, 0x08, 0x02, 0x33, 0x67, 0x07, 0x01, 0x63, 0xf8, 0xe5, 0x00, 0x13, 0x15,
	0x05, 0x02, 0x13, 0x55, 0x05, 0x02, 0x33, 0x07, 0xa7, 0x40, 0x83, 0x35, 0xa2, 0x1f,
	0xb3, 0x87, 0xf5, 0x00, 0xb7, 0xc5, 0x00, 0x00, 0xb3, 0x87, 0xb7, 0x00, 0x83, 0xa7,
	0x47, 0x3b, 0x9b, 0x87, 0x07, 0x00, 0x83, 0x65, 0x02, 0x1f, 0x93, 0x95, 0x05, 0x02,
	0x93, 0xd5, 0x05, 0x02, 0x23, 0x3e, 0xb2, 0x00, 0xa3, 0x22, 0x02, 0x0a, 0x03, 0x20,
	0x42, 0x31, 0xb7, 0xd5, 0x06, 0xc0, 0x23, 0x20, 0xb2, 0x00, 0xb7, 0x35, 0xe0, 0x16,
	0x9b, 0x85, 0x45, 0x59, 0x23, 0x20, 0xb2, 0x00, 0xb7, 0x05, 0x00, 0x42, 0x23, 0x20,
	0xb2, 0x00, 0x23, 0x20, 0xd2, 0x00, 0x23, 0x20, 0xc2, 0x00, 0x23, 0x20, 0xe2, 0x00,
	0x13, 0x57, 0x07, 0x02, 0x23, 0x20, 0xe2, 0x00, 0x93, 0x97, 0x47, 0x02, 0x93, 0xd7,
	0x67, 0x02, 0x23, 0x20, 0xf2, 0x00, 0x6f, 0x40, 0xdf, 0xf1, 0x73, 0x10, 0x00, 0xc0,
	0x93, 0x05, 0x40, 0x01, 0x6f, 0xf0, 0x9f, 0xf0, 0x00, 0x00, 0x00, 0x00, 0x03, 0xb8,
	0x1b, 0x71, 0xb7, 0x87, 0xff, 0xff, 0x13, 0x07, 0x05, 0x00, 0xb3, 0x75, 0xa8, 0x00,
	0x9b, 0x85, 0x05, 0x00, 0xb3, 0x86, 0xfb, 0x00, 0x63, 0x92, 0xa5, 0x08, 0x03, 0xb5,
	0xfb, 0x70, 0x83, 0xb7, 0xdb, 0x70, 0x13, 0xd6, 0x07, 0x02, 0x9b, 0x87, 0x07, 0x00,
	0x63, 0x16, 0x06, 0x04, 0x93, 0x05, 0x10, 0x00, 0x13, 0x06, 0x00, 0x04, 0x93, 0x95,
	0x15, 0x02, 0x9b, 0x87, 0x17, 0x00, 0x93, 0x97, 0x07, 0x02, 0x93, 0xd7, 0x07, 0x02,
	0xb3, 0xe7, 0xb7, 0x00, 0xb7, 0x85, 0x00, 0x00, 0xb3, 0x86, 0xb6, 0x00, 0xa3, 0xb6,
	0xf6, 0x70, 0xa3, 0x2f, 0x02, 0x1e, 0x33, 0x05, 0xc5, 0x00, 0xf3, 0x27, 0x00, 0xb0,
	0x93, 0xd6, 0x07, 0x02, 0x23, 0x20, 0xe5, 0x00, 0x23, 0x22, 0xf5, 0x00, 0x23, 0x24,
	0xd5, 0x00, 0x67, 0x80, 0x00, 0x00, 0x1b, 0x06, 0x06, 0x00, 0x13, 0x58, 0x08, 0x42,
	0xe3, 0x78, 0x06, 0xfb, 0x9b, 0x05, 0x16, 0x00, 0x1b, 0x16, 0x66, 0x00, 0x13, 0x16,
	0x06, 0x02, 0x93, 0x95, 0x05, 0x02, 0x13, 0x56, 0x06, 0x02, 0x6f, 0xf0, 0x5f, 0xfa,
	0x13, 0x05, 0x00, 0x00, 0x67, 0x80, 0x00, 0x00, 0x13, 0x00, 0x00, 0x00, 0x1b, 0x06,
	0xf6, 0xff, 0x33, 0xf3, 0xc8, 0x00, 0x13, 0x9e, 0x06, 0x02, 0x93, 0x16, 0x03, 0x02,
	0x13, 0x5e, 0x0e, 0x02, 0x93, 0xd6, 0x06, 0x02, 0xb3, 0x86, 0xc6, 0x03, 0x13, 0x01,
	0x01, 0xfa, 0x13, 0x83, 0x81, 0xa9, 0x83, 0x5e, 0x43, 0x03, 0x83, 0x5f, 0x23, 0x03,
	0x23, 0x38, 0x91, 0x04, 0x23, 0x34, 0xc1, 0x01, 0x83, 0x54, 0x63, 0x03, 0x03, 0x5e,
	0x03, 0x03, 0x23, 0x3c, 0x81, 0x04, 0x37, 0x0f, 0x01, 0x00, 0x03, 0x54, 0x43, 0x01,
	0x13, 0x0f, 0xff, 0xff, 0x13, 0x65, 0x05, 0x10, 0x23, 0x3c, 0x41, 0x03, 0x23, 0x3c,
	0xb1, 0x00, 0x13, 0x8a, 0x05, 0x00, 0xb3, 0xff, 0xef, 0x01, 0x93, 0x75, 0x15, 0x10,
	0x33, 0x7f, 0xee, 0x01, 0x1b, 0x95, 0x0e, 0x01, 0x9b, 0x9e, 0x04, 0x01, 0x23, 0x34,
	0x21, 0x05, 0x23, 0x30, 0x31, 0x05, 0x83, 0x22, 0x01, 0x06, 0x83, 0x29, 0x81, 0x06,
	0x03, 0x29, 0x03, 0x02, 0x23, 0x38, 0x51, 0x03, 0x23, 0x34, 0x61, 0x03, 0x9b, 0x95,
	0x05, 0x01, 0xb3, 0xef, 0xaf, 0x00, 0x33, 0x6f, 0xdf, 0x01, 0x93, 0x03, 0x04, 0x00,
	0xb3, 0x86, 0x46, 0x01, 0x83, 0x6e, 0xa2, 0x00, 0x9b, 0xde, 0x0e, 0x01, 0x93, 0xfe,
	0x1e, 0x00, 0x63, 0x82, 0x0e, 0x02, 0x33, 0x35, 0xc0, 0x01, 0xb3, 0x3e, 0x80, 0x00,
	0xb3, 0x34, 0x90, 0x00, 0x33, 0x05, 0xa0, 0x40, 0xbb, 0x8e, 0x9e, 0x00, 0x13, 0x75,
	0x35, 0x00, 0x9b, 0x8e, 0x2e, 0x00, 0xbb, 0x8e, 0xae, 0x00, 0xa3, 0x2c, 0x02, 0x00,
	0x03, 0x20, 0x42, 0x31, 0x03, 0x35, 0x02, 0x32, 0x13, 0x75, 0x45, 0x00, 0xe3, 0x1c,
	0x05, 0xfe, 0x63, 0x84, 0x02, 0x10, 0x03, 0x25, 0x03, 0x01, 0x93, 0x94, 0x4e, 0x01,
	0x93, 0xe4, 0x14, 0x00, 0x23, 0x38, 0xa1, 0x00, 0xb7, 0xba, 0x08, 0xc0, 0x9b, 0x8f,
	0x0f, 0x00, 0x1b, 0x0f, 0x0f, 0x00, 0x9b, 0x83, 0x03, 0x00, 0xbb, 0x82, 0x58, 0x00,
	0x13, 0x03, 0x00, 0x00, 0x37, 0x0a, 0xff, 0xff, 0x33, 0x0e, 0xd8, 0x00, 0x03, 0x35,
	0x0e, 0x00, 0xa3, 0x39, 0xa2, 0x06, 0x03, 0x3b, 0x32, 0x07, 0x03, 0x65, 0x02, 0x1f,
	0x13, 0x15, 0x05, 0x02, 0x13, 0x55, 0x05, 0x02, 0x23, 0x3e, 0xa2, 0x00, 0xa3, 0x3e,
	0x62, 0x01, 0xa3, 0x25, 0x02, 0x02, 0x03, 0x65, 0x72, 0x01, 0x03, 0x2e, 0x8e, 0x00,
	0x3b, 0x5e, 0xae, 0x00, 0xa3, 0x27, 0xc2, 0x03, 0x33, 0x05, 0xd7, 0x00, 0xa3, 0x39,
	0xa2, 0x06, 0x03, 0x35, 0x32, 0x07, 0x23, 0x39, 0xa2, 0x08, 0x03, 0x65, 0xc2, 0x02,
	0x13, 0x65, 0x55, 0x00, 0x13, 0x15, 0x05, 0x02, 0x13, 0x55, 0x05, 0x02, 0x23, 0x39,
	0xa2, 0x08, 0xa3, 0x36, 0x92, 0x02, 0x13, 0xd5, 0x06, 0x02, 0x1b, 0x15, 0x05, 0x01,
	0x1b, 0x55, 0x05, 0x01, 0xb3, 0xf5, 0x45, 0x01, 0x33, 0x8b, 0xd7, 0x00, 0x1b, 0x8e,
	0x06, 0x00, 0xb3, 0xe5, 0xa5, 0x00, 0x63, 0x0a, 0x04, 0x00, 0x03, 0x23, 0x0b, 0x00,
	0x03, 0x35, 0x01, 0x01, 0x1b, 0x13, 0x43, 0x00, 0x3b, 0x03, 0xa3, 0x00, 0x23, 0x24,
	0xd2, 0x03, 0x23, 0x20, 0x52, 0x01, 0x23, 0x20, 0xc2, 0x01, 0x23, 0x20, 0xb2, 0x00,
	0x23, 0x20, 0xf2, 0x01, 0x23, 0x20, 0xe2, 0x01, 0x23, 0x20, 0x72, 0x00, 0x23, 0x20,
	0x12, 0x01, 0x23, 0x20, 0x22, 0x01, 0x23, 0x20, 0x62, 0x00, 0x23, 0x20, 0x32, 0x01,
	0x9b, 0x88, 0x18, 0x00, 0x33, 0x75, 0x16, 0x01, 0x1b, 0x05, 0x05, 0x00, 0x63, 0x0a,
	0x05, 0x02, 0x03, 0x35, 0x81, 0x00, 0xb3, 0x86, 0xa6, 0x00, 0xe3, 0x96, 0x58, 0xf2,
	0x03, 0x34, 0x81, 0x05, 0x83, 0x34, 0x01, 0x05, 0x03, 0x39, 0x81, 0x04, 0x83, 0x39,
	0x01, 0x04, 0x03, 0x3a, 0x81, 0x03, 0x83, 0x3a, 0x01, 0x03, 0x03, 0x3b, 0x81, 0x02,
	0x13, 0x01, 0x01, 0x06, 0x67, 0x80, 0x00, 0x00, 0x83, 0x36, 0x81, 0x01, 0xe3, 0x90,
	0x58, 0xf0, 0x6f, 0xf0, 0x5f, 0xfd, 0x13, 0x00, 0x00, 0x00, 0x37, 0x17, 0x00, 0x00,
	0x83, 0xe7, 0xc1, 0xab, 0x13, 0x07, 0x07, 0xa6, 0x33, 0x05, 0xe5, 0x00, 0x93, 0x97,
	0x47, 0x00, 0x33, 0x05, 0xf5, 0x00, 0x03, 0x27, 0xc5, 0x00, 0x93, 0x06, 0x85, 0x00,
	0x93, 0xd7, 0x06, 0x02, 0x9b, 0x97, 0x07, 0x01, 0xbb, 0x05, 0xb7, 0x00, 0x9b, 0xd7,
	0x07, 0x01, 0x37, 0x07, 0x00, 0x03, 0xb3, 0xe7, 0xe7, 0x00, 0x23, 0x26, 0xb5, 0x00,
	0x37, 0xb7, 0x02, 0xc0, 0x23, 0x20, 0xe2, 0x00, 0x23, 0x20, 0xd2, 0x00, 0x23, 0x20,
	0xf2, 0x00, 0x23, 0x20, 0xb2, 0x00, 0x67, 0x80, 0x00, 0x00, 0x13, 0x00, 0x00, 0x00,
	0x13, 0x88, 0x81, 0xa9, 0x1b, 0x05, 0x15, 0x00, 0x03, 0xa3, 0x46, 0x00, 0xa3, 0x0c,
	0xa8, 0x00, 0x13, 0xc5, 0x17, 0x00, 0x1b, 0x15, 0x25, 0x01, 0x9b, 0x97, 0x37, 0x01,
	0x83, 0x28, 0x88, 0x01, 0xb3, 0x67, 0xf5, 0x00, 0x37, 0x05, 0x0c, 0x00, 0xb3, 0xf7,
	0xa7, 0x00, 0x37, 0x05, 0xf1, 0xff, 0x13, 0x05, 0x05, 0xf0, 0x33, 0xf5, 0xa8, 0x00,
	0xb3, 0xe7, 0xa7, 0x00, 0x93, 0xd8, 0x06, 0x02, 0x23, 0x2c, 0xf8, 0x00, 0x93, 0x07,
	0xf0, 0xff, 0x23, 0x20, 0xd8, 0x00, 0x23, 0x12, 0x18, 0x01, 0x23, 0x13, 0x68, 0x00,
	0x23, 0x24, 0xb8, 0x00, 0x23, 0x26, 0xc8, 0x00, 0x23, 0x28, 0xe8, 0x00, 0x23, 0x20,
	0xf8, 0x02, 0x23, 0x1a, 0x08, 0x00, 0x23, 0x34, 0x08, 0x02, 0x23, 0x38, 0x08, 0x02,
	0x23, 0x3c, 0x08, 0x02, 0x67, 0x80, 0x00, 0x00, 0x1b, 0x06, 0xf6, 0xff, 0x33, 0x73,
	0xc8, 0x00, 0x13, 0x9e, 0x06, 0x02, 0x93, 0x16, 0x03, 0x02, 0x13, 0x5e, 0x0e, 0x02,
	0x93, 0xd6, 0x06, 0x02, 0xb3, 0x86, 0xc6, 0x03, 0x13, 0x01, 0x01, 0xfa, 0x13, 0x83,
	0x81, 0xa9, 0x83, 0x5f, 0x23, 0x03, 0x03, 0x5f, 0x03, 0x03, 0x83, 0x52, 0x63, 0x03,
	0x23, 0x34, 0xc1, 0x01, 0x03, 0x5e, 0x43, 0x03, 0x23, 0x3c, 0x81, 0x04, 0xb7, 0x0e,
	0x01, 0x00, 0x03, 0x54, 0x43, 0x01, 0x93, 0x8e, 0xfe, 0xff, 0x23, 0x30, 0x31, 0x05,
	0x23, 0x3c, 0xb1, 0x00, 0x93, 0x89, 0x05, 0x00, 0xb3, 0xff, 0xdf, 0x01, 0x9b, 0x15,
	0x0e, 0x01, 0xb3, 0x7e, 0xdf, 0x01, 0x1b, 0x9e, 0x02, 0x01, 0x13, 0x75, 0x15, 0x00,
	0x23, 0x38, 0x91, 0x04, 0x23, 0x34, 0x21, 0x05, 0x83, 0x24, 0x03, 0x02, 0x03, 0x29,
	0x01, 0x06, 0x23, 0x3c, 0x41, 0x03, 0x23, 0x38, 0x51, 0x03, 0x23, 0x34, 0x61, 0x03,
	0x1b, 0x15, 0x05, 0x01, 0xb3, 0xef, 0xbf, 0x00, 0xb3, 0xee, 0xce, 0x01, 0x93, 0x03,
	0x04, 0x00, 0xb3, 0x86, 0x36, 0x01, 0x03, 0x6e, 0xa2, 0x00, 0x1b, 0x5e, 0x0e, 0x01,
	0x13, 0x7e, 0x1e, 0x00, 0x63, 0x02, 0x0e, 0x02, 0xb3, 0x35, 0xe0, 0x01, 0x33, 0x3e,
	0x80, 0x00, 0xb3, 0x32, 0x50, 0x00, 0xb3, 0x05, 0xb0, 0x40, 0x3b, 0x0e, 0x5e, 0x00,
	0x93, 0xf5, 0x35, 0x00, 0x1b, 0x0e, 0x2e, 0x00, 0x3b, 0x0e, 0xbe, 0x00, 0xa3, 0x2c,
	0x02, 0x00, 0x03, 0x20, 0x42, 0x31, 0x83, 0x35, 0x02, 0x32, 0x93, 0xf5, 0x45, 0x00,
	0xe3, 0x9c, 0x05, 0xfe, 0x63, 0x80, 0x08, 0x0c, 0x83, 0x25, 0x03, 0x01, 0x13, 0x8b,
	0x0b, 0x00, 0xb7, 0xba, 0x08, 0xc0, 0x23, 0x38, 0xb1, 0x00, 0x9b, 0x8f, 0x0f, 0x00,
	0x9b, 0x8e, 0x0e, 0x00, 0x9b, 0x83, 0x03, 0x00, 0xbb, 0x08, 0x18, 0x01, 0x13, 0x03,
	0x00, 0x00, 0x13, 0x0a, 0x40, 0x00, 0xb7, 0x09, 0xff, 0xff, 0xb3, 0x05, 0xd7, 0x00,
	0xa3, 0x39, 0xb2, 0x06, 0x83, 0x35, 0x32, 0x07, 0x03, 0x3f, 0x1b, 0x71, 0xa3, 0x31,
	0xb2, 0x00, 0xa3, 0x31, 0x42, 0x01, 0x93, 0xd5, 0x06, 0x02, 0x9b, 0x95, 0x05, 0x01,
	0x9b, 0xd5, 0x05, 0x01, 0x33, 0x75, 0x35, 0x01, 0xb3, 0x82, 0xd7, 0x00, 0x1b, 0x8f,
	0x06, 0x00, 0x33, 0x65, 0xb5, 0x00, 0x63, 0x0a, 0x04, 0x00, 0x03, 0xa3, 0x02, 0x00,
	0x83, 0x35, 0x01, 0x01, 0x1b, 0x13, 0x43, 0x00, 0x3b, 0x03, 0xb3, 0x00, 0x23, 0x24,
	0xc2, 0x03, 0x23, 0x20, 0x52, 0x01, 0x23, 0x20, 0xe2, 0x01, 0x23, 0x20, 0xa2, 0x00,
	0x23, 0x20, 0xf2, 0x01, 0x23, 0x20, 0xd2, 0x01, 0x23, 0x20, 0x72, 0x00, 0x23, 0x20,
	0x02, 0x01, 0x23, 0x20, 0x92, 0x00, 0x23, 0x20, 0x62, 0x00, 0x23, 0x20, 0x22, 0x01,
	0x1b, 0x08, 0x18, 0x00, 0xb3, 0x75, 0x06, 0x01, 0x9b, 0x85, 0x05, 0x00, 0x63, 0x8a,
	0x05, 0x02, 0x83, 0x35, 0x81, 0x00, 0xb3, 0x86, 0xb6, 0x00, 0xe3, 0x1a, 0x18, 0xf7,
	0x03, 0x34, 0x81, 0x05, 0x83, 0x34, 0x01, 0x05, 0x03, 0x39, 0x81, 0x04, 0x83, 0x39,
	0x01, 0x04, 0x03, 0x3a, 0x81, 0x03, 0x83, 0x3a, 0x01, 0x03, 0x03, 0x3b, 0x81, 0x02,
	0x13, 0x01, 0x01, 0x06, 0x67, 0x80, 0x00, 0x00, 0x83, 0x36, 0x81, 0x01, 0xe3, 0x14,
	0x18, 0xf5, 0x6f, 0xf0, 0x5f, 0xfd, 0x13, 0x00, 0x00, 0x00, 0x83, 0x30, 0x05, 0x00,
	0x03, 0x34, 0x85, 0x00, 0x83, 0x34, 0x05, 0x01, 0x03, 0x39, 0x85, 0x01, 0x83, 0x39,
	0x05, 0x02, 0x03, 0x3a, 0x85, 0x02, 0x83, 0x3a, 0x05, 0x03, 0x03, 0x3b, 0x85, 0x03,
	0x83, 0x3b, 0x05, 0x04, 0x03, 0x3c, 0x85, 0x04, 0x83, 0x3c, 0x05, 0x05, 0x03, 0x3d,
	0x85, 0x05, 0x83, 0x3d, 0x05, 0x06, 0x03, 0x31, 0x85, 0x06, 0x13, 0xb5, 0x15, 0x00,
	0x33, 0x05, 0xb5, 0x00, 0x67, 0x80, 0x00, 0x00, 0x6f, 0x00, 0x00, 0x00, 0x23, 0x30,
	0x15, 0x00, 0x23, 0x34, 0x85, 0x00, 0x23, 0x38, 0x95, 0x00, 0x23, 0x3c, 0x25, 0x01,
	0x23, 0x30, 0x35, 0x03, 0x23, 0x34, 0x45, 0x03, 0x23, 0x38, 0x55, 0x03, 0x23, 0x3c,
	0x65, 0x03, 0x23, 0x30, 0x75, 0x05, 0x23, 0x34, 0x85, 0x05, 0x23, 0x38, 0x95, 0x05,
	0x23, 0x3c, 0xa5, 0x05, 0x23, 0x30, 0xb5, 0x07, 0x23, 0x34, 0x25, 0x06, 0x13, 0x05,
	0x00, 0x00, 0x67, 0x80, 0x00, 0x00, 0x13, 0x01, 0x01, 0xfe, 0x23, 0x3c, 0x11, 0x00,
	0x23, 0x38, 0x81, 0x00, 0xa3, 0x39, 0xa2, 0x06, 0x83, 0x37, 0x32, 0x07, 0x13, 0x07,
	0x20, 0x00, 0x23, 0x3d, 0xe2, 0x00, 0xa3, 0x26, 0x02, 0x08, 0x9b, 0xd5, 0x25, 0x00,
	0xa3, 0x28, 0xb2, 0x00, 0x23, 0x31, 0xf2, 0x00, 0x93, 0x07, 0x10, 0x00, 0x93, 0x95,
	0x05, 0x02, 0x93, 0x97, 0x07, 0x02, 0x93, 0xd5, 0x05, 0x02, 0xb3, 0xe5, 0xf5, 0x00,
	0x23, 0x31, 0xb2, 0x00, 0xb7, 0x47, 0x02, 0xc0, 0x9b, 0x87, 0x07, 0xf0, 0x23, 0x25,
	0xf2, 0x00, 0x23, 0x20, 0x02, 0x00, 0x23, 0x20, 0x02, 0x00, 0x23, 0x20, 0x02, 0x00,
	0x83, 0x67, 0x22, 0x03, 0x23, 0x26, 0xf1, 0x00, 0x23, 0x24, 0x02, 0x04, 0x03, 0x20,
	0x42, 0x31, 0x13, 0x85, 0x81, 0xad, 0xef, 0xf0, 0x1f, 0xf5, 0x63, 0x18, 0x05, 0x02,
	0x93, 0x07, 0x10, 0x00, 0xa3, 0xb5, 0xfb, 0x70, 0xa3, 0x2f, 0x02, 0x1e, 0x13, 0x04,
	0x20, 0x00, 0x83, 0x37, 0x52, 0x01, 0x63, 0x9c, 0x87, 0x00, 0x03, 0x65, 0x22, 0x30,
	0x83, 0x37, 0x72, 0x00, 0xe7, 0x80, 0x07, 0x00, 0x83, 0x37, 0x52, 0x01, 0xe3, 0x88,
	0x87, 0xfe, 0x83, 0x27, 0xc1, 0x00, 0x23, 0x24, 0xf2, 0x04, 0x03, 0x20, 0x42, 0x31,
	0x83, 0x30, 0x81, 0x01, 0x03, 0x34, 0x01, 0x01, 0x13, 0x01, 0x01, 0x02, 0x67, 0x80,
	0x00, 0x00, 0xa3, 0x39, 0xa2, 0x06, 0x83, 0x37, 0x32, 0x07, 0x03, 0xb7, 0x1b, 0x71,
	0xa3, 0x31, 0xf2, 0x00, 0x9b, 0xd5, 0x25, 0x00, 0xa3, 0x31, 0xb2, 0x00, 0x67, 0x80,
	0x00, 0x00, 0x13, 0x00, 0x00, 0x00, 0x1b, 0x0f, 0xf6, 0xff, 0x13, 0x01, 0x01, 0xf6,
	0x33, 0xf6, 0xe7, 0x01, 0x23, 0x34, 0x91, 0x08, 0x13, 0x16, 0x06, 0x02, 0x93, 0x84,
	0x07, 0x00, 0x93, 0x97, 0x06, 0x02, 0x93, 0xd7, 0x07, 0x02, 0x13, 0x56, 0x06, 0x02,
	0x33, 0x06, 0xf6, 0x02, 0x13, 0x83, 0x81, 0xa9, 0x23, 0x34, 0xf1, 0x04, 0x83, 0x27,
	0x03, 0x02, 0x83, 0x5e, 0x63, 0x03, 0x03, 0x5e, 0x23, 0x03, 0x83, 0x56, 0x03, 0x03,
	0x23, 0x34, 0xf1, 0x00, 0x13, 0x65, 0x05, 0x20, 0x9b, 0x07, 0x07, 0x00, 0x23, 0x30,
	0x21, 0x09, 0x13, 0x75, 0x15, 0x20, 0x1b, 0x99, 0x0e, 0x01, 0x23, 0x38, 0xf1, 0x00,
	0x9b, 0x07, 0x0f, 0x00, 0x23, 0x34, 0x51, 0x07, 0x23, 0x30, 0x61, 0x07, 0x9b, 0x1a,
	0x05, 0x01, 0x23, 0x3c, 0x11, 0x08, 0x23, 0x38, 0x81, 0x08, 0x23, 0x3c, 0x31, 0x07,
	0x23, 0x38, 0x41, 0x07, 0x23, 0x3c, 0xb1, 0x04, 0x23, 0x30, 0x11, 0x03, 0x13, 0x05,
	0x0e, 0x00, 0x33, 0xe9, 0x26, 0x01, 0x23, 0x3c, 0xf1, 0x00, 0x33, 0x0b, 0xb6, 0x00,
	0x03, 0x64, 0xa2, 0x00, 0x1b, 0x54, 0x04, 0x01, 0x13, 0x74, 0x14, 0x00, 0x63, 0x04,
	0x04, 0x02, 0xb3, 0x35, 0xc0, 0x01, 0xb3, 0x05, 0xb0, 0x40, 0xb3, 0x36, 0xd0, 0x00,
	0x93, 0xf5, 0x35, 0x00, 0xb3, 0x06, 0xd0, 0x40, 0xb3, 0x3e, 0xd0, 0x01, 0x93, 0xf6,
	0x36, 0x00, 0xbb, 0x8e, 0xbe, 0x00, 0x3b, 0x84, 0xde, 0x00, 0xa3, 0x2c, 0x02, 0x00,
	0x03, 0x20, 0x42, 0x31, 0x83, 0x36, 0x02, 0x32, 0x13, 0xfa, 0x46, 0x00, 0xe3, 0x1c,
	0x0a, 0xfe, 0xb7, 0x09, 0x20, 0x00, 0xb3, 0x79, 0x37, 0x01, 0x63, 0x84, 0x09, 0x02,
	0x83, 0x55, 0x63, 0x00, 0x03, 0x6e, 0x81, 0x00, 0x83, 0x56, 0x43, 0x00, 0x03, 0x63,
	0x03, 0x00, 0xb3, 0x85, 0xc5, 0x03, 0x93, 0x96, 0x06, 0x02, 0xb3, 0xe6, 0x66, 0x00,
	0xb3, 0x86, 0xb6, 0x00, 0x13, 0x8a, 0x46, 0x07, 0x63, 0x0a, 0x08, 0x0c, 0x9b, 0x07,
	0x09, 0x00, 0x23, 0x30, 0xf1, 0x04, 0x9b, 0x07, 0x05, 0x00, 0x23, 0x3c, 0xf1, 0x02,
	0xb7, 0xb7, 0x08, 0xc0, 0x23, 0x38, 0xf1, 0x02, 0xbb, 0x87, 0x04, 0x01, 0x23, 0x34,
	0xf1, 0x02, 0x93, 0x17, 0x07, 0x03, 0x9b, 0x55, 0xe7, 0x00, 0x93, 0xd7, 0x07, 0x03,
	0x13, 0xf9, 0xc5, 0x00, 0x23, 0x38, 0xf1, 0x04, 0x63, 0x96, 0x09, 0x00, 0x83, 0x37,
	0x01, 0x05, 0x33, 0x8a, 0x67, 0x01, 0x93, 0x05, 0x09, 0x00, 0x13, 0x75, 0xca, 0xff,
	0xef, 0xf0, 0x9f, 0xe8, 0x13, 0x57, 0x0b, 0x02, 0xb7, 0x07, 0xff, 0xff, 0x1b, 0x17,
	0x07, 0x01, 0x1b, 0x57, 0x07, 0x01, 0xb3, 0xf8, 0xfa, 0x00, 0xb3, 0xea, 0xe8, 0x00,
	0x23, 0x24, 0x82, 0x02, 0x83, 0x37, 0x01, 0x03, 0x23, 0x20, 0xf2, 0x00, 0x23, 0x20,
	0x62, 0x01, 0x23, 0x20, 0x52, 0x01, 0x83, 0x37, 0x81, 0x03, 0x23, 0x20, 0xf2, 0x00,
	0x83, 0x37, 0x01, 0x04, 0x23, 0x20, 0xf2, 0x00, 0x83, 0x37, 0x01, 0x01, 0x23, 0x20,
	0xf2, 0x00, 0x23, 0x20, 0x92, 0x00, 0x83, 0x37, 0x81, 0x00, 0x23, 0x20, 0xf2, 0x00,
	0x23, 0x20, 0x02, 0x00, 0x83, 0x37, 0x01, 0x02, 0x23, 0x20, 0xf2, 0x00, 0x03, 0x37,
	0x81, 0x01, 0x9b, 0x87, 0x14, 0x00, 0x9b, 0x84, 0x07, 0x00, 0x33, 0x77, 0xf7, 0x00,
	0x1b, 0x07, 0x07, 0x00, 0x63, 0x0e, 0x07, 0x02, 0x83, 0x37, 0x81, 0x04, 0x33, 0x0b,
	0xfb, 0x00, 0x83, 0x37, 0x81, 0x02, 0xe3, 0x94, 0x97, 0xf6, 0x83, 0x30, 0x81, 0x09,
	0x03, 0x34, 0x01, 0x09, 0x83, 0x34, 0x81, 0x08, 0x03, 0x39, 0x01, 0x08, 0x83, 0x39,
	0x81, 0x07, 0x03, 0x3a, 0x01, 0x07, 0x83, 0x3a, 0x81, 0x06, 0x03, 0x3b, 0x01, 0x06,
	0x13, 0x01, 0x01, 0x0a, 0x67, 0x80, 0x00, 0x00, 0x03, 0x3b, 0x81, 0x05, 0x6f, 0xf0,
	0xdf, 0xfc, 0x03, 0xb8, 0x1b, 0x71, 0x13, 0x01, 0x01, 0xf1, 0x23, 0x30, 0x81, 0x0e,
	0x23, 0x3c, 0x91, 0x0c, 0x23, 0x30, 0x41, 0x0d, 0x23, 0x34, 0x11, 0x0e, 0x23, 0x38,
	0x21, 0x0d, 0x23, 0x34, 0x31, 0x0d, 0x23, 0x3c, 0x51, 0x0b, 0x23, 0x38, 0x61, 0x0b,
	0x23, 0x3c, 0xd1, 0x06, 0x23, 0x30, 0xe1, 0x0a, 0x23, 0x34, 0xf1, 0x04, 0x13, 0x04,
	0x05, 0x00, 0x13, 0x8a, 0x05, 0x00, 0x93, 0x04, 0x06, 0x00, 0x63, 0x16, 0x08, 0x66,
	0x03, 0x26, 0x4a, 0x01, 0x83, 0x25, 0x0a, 0x01, 0x03, 0x25, 0x4a, 0x00, 0x93, 0x07,
	0x00, 0x00, 0x13, 0x87, 0x04, 0x00, 0x93, 0x06, 0x04, 0x00, 0xef, 0xf0, 0x5f, 0x9e,
	0xb7, 0x17, 0x00, 0x00, 0xb3, 0x07, 0xfa, 0x00, 0x03, 0xb7, 0x07, 0xa4, 0x83, 0xa7,
	0x87, 0xa4, 0x93, 0x89, 0x81, 0xa9, 0x23, 0x34, 0xe1, 0x06, 0x23, 0x38, 0xf1, 0x04,
	0xb7, 0x17, 0x00, 0x00, 0x13, 0x87, 0x87, 0xa5, 0x93, 0x07, 0x30, 0x00, 0x93, 0x97,
	0x17, 0x02, 0x33, 0x07, 0xea, 0x00, 0x93, 0x87, 0x17, 0x00, 0x23, 0x34, 0xe1, 0x0a,
	0x23, 0x3c, 0xf1, 0x00, 0x83, 0xb7, 0x1b, 0x71, 0x03, 0xa4, 0x89, 0x02, 0x83, 0xa4,
	0xc9, 0x02, 0x63, 0x9a, 0x07, 0x38, 0x63, 0x08, 0x94, 0x54, 0x83, 0x37, 0x01, 0x05,
	0x9b, 0x87, 0xf7, 0xff, 0xb3, 0x77, 0xf4, 0x00, 0x13, 0x97, 0x07, 0x02, 0x93, 0x57,
	0xe7, 0x01, 0x03, 0x37, 0x81, 0x06, 0xb3, 0x06, 0xf7, 0x00, 0x13, 0x07, 0x00, 0x00,
	0x83, 0x37, 0x01, 0x05, 0xb3, 0xf5, 0x87, 0x00, 0x9b, 0x85, 0x05, 0x00, 0x93, 0xb5,
	0x15, 0x00, 0x83, 0xa7, 0x06, 0x00, 0x1b, 0xd6, 0xf7, 0x01, 0x9b, 0x87, 0x07, 0x00,
	0xe3, 0x1a, 0xb6, 0xfe, 0x83, 0x36, 0x81, 0x0a, 0x1b, 0x06, 0x14, 0x00, 0xa3, 0x39,
	0xd2, 0x06, 0x03, 0x35, 0x32, 0x07, 0x93, 0x16, 0x06, 0x02, 0x13, 0x14, 0x04, 0x02,
	0x13, 0x54, 0x04, 0x02, 0x93, 0xd6, 0x06, 0x02, 0x03, 0x38, 0x81, 0x01, 0xb3, 0x86,
	0x86, 0x40, 0x93, 0x05, 0xf0, 0x02, 0xa3, 0x2d, 0xb2, 0x30, 0x23, 0x3e, 0xa2, 0x30,
	0xa3, 0x3e, 0xd2, 0x30, 0x23, 0x3f, 0x02, 0x30, 0x93, 0x05, 0x10, 0x00, 0x23, 0x38,
	0x02, 0x37, 0xa3, 0x30, 0xb2, 0x32, 0x83, 0x35, 0x12, 0x32, 0xe3, 0x9e, 0x05, 0xfe,
	0x83, 0x36, 0x22, 0x32, 0x93, 0xd6, 0x06, 0x02, 0x93, 0x97, 0x17, 0x02, 0x23, 0xa4,
	0xc9, 0x02, 0x23, 0xa6, 0xd9, 0x02, 0x93, 0xd7, 0x17, 0x02, 0x63, 0x04, 0x07, 0x00,
	0x23, 0x24, 0xf7, 0x02, 0x03, 0xa7, 0x09, 0x02, 0x13, 0x94, 0x07, 0x02, 0x13, 0x54,
	0x04, 0x02, 0x63, 0x02, 0xf7, 0x0a, 0x83, 0xd6, 0x69, 0x00, 0x03, 0xd7, 0x49, 0x00,
	0x03, 0xe6, 0x09, 0x00, 0xb3, 0x86, 0x86, 0x02, 0x13, 0x17, 0x07, 0x02, 0x33, 0x67,
	0xc7, 0x00, 0x13, 0x07, 0x07, 0x04, 0x23, 0xa0, 0xf9, 0x02, 0x03, 0xc5, 0xa9, 0x01,
	0x13, 0x75, 0xc5, 0xfc, 0xb3, 0x07, 0xd7, 0x00, 0x83, 0xb5, 0x87, 0x02, 0x83, 0xb6,
	0x07, 0x02, 0x03, 0xb6, 0x07, 0x04, 0x13, 0xd7, 0xc5, 0x01, 0x03, 0xe3, 0x47, 0x00,
	0x13, 0xf8, 0x36, 0x00, 0x13, 0x77, 0x07, 0x03, 0x33, 0x67, 0x07, 0x01, 0x13, 0xde,
	0x06, 0x01, 0x93, 0xd8, 0x06, 0x02, 0x13, 0xd8, 0x05, 0x01, 0x33, 0x67, 0xa7, 0x00,
	0x93, 0xd6, 0x06, 0x03, 0x13, 0x55, 0x06, 0x02, 0x23, 0x9b, 0xb9, 0x02, 0x23, 0xae,
	0xa9, 0x00, 0x23, 0xa2, 0x69, 0x02, 0x23, 0x98, 0xc9, 0x03, 0x23, 0x99, 0x19, 0x03,
	0x23, 0x9a, 0xd9, 0x02, 0x23, 0x9a, 0x09, 0x01, 0x23, 0x8d, 0xe9, 0x00, 0x1b, 0x06,
	0x06, 0x00, 0x03, 0xb5, 0x87, 0x04, 0x83, 0xb5, 0x07, 0x05, 0x63, 0x08, 0x06, 0x00,
	0x83, 0xb7, 0x1b, 0x71, 0x9b, 0x85, 0x05, 0x00, 0xef, 0xf0, 0x5f, 0xb0, 0x83, 0xe4,
	0xc9, 0x00, 0x93, 0x17, 0x54, 0x00, 0x13, 0x07, 0x00, 0x08, 0xb3, 0x84, 0x44, 0x01,
	0xb3, 0x86, 0xf4, 0x00, 0x03, 0xbb, 0x06, 0x00, 0x03, 0xb9, 0x86, 0x00, 0x83, 0xb7,
	0x06, 0x01, 0x23, 0x30, 0xd1, 0x04, 0x83, 0xb6, 0x86, 0x01, 0x13, 0xd6, 0x07, 0x02,
	0x13, 0x16, 0x06, 0x03, 0x1b, 0x05, 0x09, 0x00, 0x13, 0x56, 0x06, 0x03, 0x93, 0x96,
	0x06, 0x03, 0x93, 0x55, 0x39, 0x02, 0x23, 0x3c, 0xa1, 0x02, 0x1b, 0x8f, 0x07, 0x00,
	0x13, 0x55, 0x09, 0x42, 0x23, 0x30, 0xc1, 0x06, 0x93, 0xd6, 0x06, 0x03, 0x13, 0xd6,
	0x07, 0x03, 0x93, 0xd7, 0x07, 0x02, 0x23, 0x38, 0xb1, 0x02, 0x23, 0x34, 0xa1, 0x02,
	0x23, 0x38, 0xc1, 0x06, 0x23, 0x38, 0xd1, 0x08, 0x23, 0x3c, 0xf1, 0x08, 0x63, 0xf6,
	0xe5, 0x00, 0x93, 0x07, 0x00, 0x08, 0x23, 0x38, 0xf1, 0x02, 0x03, 0xe7, 0x89, 0x00,
	0x83, 0x36, 0x81, 0x02, 0x93, 0x17, 0x34, 0x00, 0x33, 0x04, 0xea, 0x00, 0xb3, 0x07,
	0xf4, 0x00, 0x1b, 0x83, 0xf6, 0xff, 0x13, 0x87, 0x06, 0x00, 0x3b, 0x0e, 0xd0, 0x40,
	0x93, 0x86, 0x07, 0x00, 0x23, 0x30, 0xf1, 0x02, 0x13, 0x19, 0x03, 0x02, 0x83, 0xa7,
	0x07, 0x00, 0x83, 0xa8, 0x46, 0x00, 0x13, 0x59, 0x09, 0x02, 0x93, 0x1a, 0x07, 0x02,
	0x13, 0x14, 0x0e, 0x02, 0x23, 0x30, 0x41, 0x09, 0x93, 0x04, 0x00, 0x00, 0x13, 0x0a,
	0x09, 0x00, 0x93, 0xda, 0x0a, 0x02, 0x13, 0x54, 0x04, 0x02, 0x13, 0x09, 0x0f, 0x00,
	0x13, 0x15, 0x09, 0x02, 0x93, 0x92, 0x07, 0x02, 0x13, 0x55, 0x05, 0x02, 0x93, 0xd2,
	0x02, 0x02, 0x63, 0x82, 0x28, 0x0b, 0x93, 0x03, 0x10, 0x00, 0x13, 0x98, 0x08, 0x02,
	0x93, 0x93, 0x03, 0x02, 0xb7, 0x0f, 0x01, 0x00, 0x13, 0x58, 0x08, 0x02, 0x93, 0x83,
	0x03, 0xfc, 0x93, 0x8f, 0xff, 0xff, 0xb3, 0x76, 0x45, 0x01, 0x93, 0xd6, 0x66, 0x00,
	0x33, 0x47, 0x05, 0x01, 0x93, 0x96, 0x36, 0x00, 0x33, 0x77, 0x57, 0x01, 0xb3, 0x86,
	0x66, 0x01, 0x13, 0x03, 0x08, 0x00, 0x63, 0x06, 0x07, 0x00, 0x33, 0x03, 0x55, 0x01,
	0x33, 0x73, 0x83, 0x00, 0x03, 0xb6, 0x06, 0x00, 0xb3, 0x75, 0x55, 0x01, 0x93, 0xb5,
	0x15, 0x00, 0xb3, 0x05, 0xb0, 0x40, 0x13, 0x77, 0xf5, 0x03, 0x33, 0xc6, 0xc5, 0x00,
	0x33, 0x56, 0xe6, 0x00, 0x33, 0x16, 0xe6, 0x00, 0x93, 0x86, 0x86, 0x00, 0x33, 0x77,
	0x75, 0x00, 0x63, 0x1e, 0x06, 0x00, 0x63, 0x7e, 0x67, 0x00, 0x03, 0xb6, 0x06, 0x00,
	0x13, 0x07, 0x07, 0x04, 0x93, 0x86, 0x86, 0x00, 0xe3, 0x88, 0xc5, 0xfe, 0x33, 0xc6,
	0xc5, 0x00, 0x63, 0x68, 0x67, 0x12, 0x1b, 0x09, 0x03, 0x00, 0x13, 0x05, 0x03, 0x00,
	0xe3, 0x94, 0x28, 0xf9, 0x03, 0x37, 0x01, 0x04, 0x23, 0x28, 0x27, 0x01, 0x3b, 0x08,
	0xf9, 0x40, 0x03, 0x37, 0x01, 0x02, 0x93, 0x0f, 0x08, 0x00, 0xa3, 0x39, 0xe2, 0x06,
	0x83, 0x36, 0x32, 0x07, 0x13, 0x07, 0xf0, 0x02, 0x03, 0x36, 0x81, 0x01, 0x33, 0x05,
	0x55, 0x40, 0xa3, 0x2d, 0xe2, 0x30, 0x23, 0x3e, 0xd2, 0x30, 0xa3, 0x3e, 0xa2, 0x30,
	0x23, 0x3f, 0x02, 0x30, 0x13, 0x07, 0x10, 0x00, 0x23, 0x38, 0xc2, 0x36, 0xa3, 0x30,
	0xe2, 0x32, 0x03, 0x37, 0x12, 0x32, 0xe3, 0x1e, 0x07, 0xfe, 0x83, 0x32, 0x22, 0x32,
	0x03, 0xb7, 0x89, 0x01, 0x93, 0x06, 0x10, 0x00, 0x13, 0x57, 0x07, 0x01, 0x13, 0x77,
	0x37, 0x00, 0x63, 0x0e, 0xd7, 0x1a, 0x93, 0x06, 0x20, 0x00, 0x63, 0x00, 0xd7, 0x18,
	0x63, 0x0c, 0x07, 0x10, 0x93, 0xd8, 0x02, 0x42, 0xbb, 0x84, 0x9f, 0x00, 0x63, 0x8c,
	0x28, 0x15, 0x93, 0x07, 0xf0, 0x01, 0x63, 0xe6, 0x97, 0x00, 0x93, 0x07, 0x09, 0x00,
	0x6f, 0xf0, 0xdf, 0xec, 0x03, 0x35, 0x01, 0x08, 0x93, 0x85, 0x04, 0x00, 0x23, 0x3c,
	0x11, 0x05, 0xef, 0xf0, 0x0f, 0xdc, 0x83, 0x38, 0x81, 0x05, 0x93, 0x04, 0x00, 0x00,
	0x93, 0x07, 0x09, 0x00, 0x6f, 0xf0, 0xdf, 0xea, 0x37, 0x45, 0x00, 0x00, 0x13, 0x05,
	0x05, 0x01, 0xef, 0xf0, 0xcf, 0xad, 0xe3, 0x02, 0x05, 0xc6, 0xb7, 0x17, 0x00, 0x00,
	0xb3, 0x07, 0xfa, 0x00, 0x03, 0xa6, 0x87, 0xa5, 0x83, 0xa6, 0xc7, 0xa5, 0x83, 0x27,
	0x0a, 0x00, 0x83, 0xc5, 0x89, 0x01, 0x23, 0x2e, 0xd5, 0x00, 0x23, 0x20, 0xf5, 0x02,
	0x83, 0x37, 0x01, 0x05, 0x23, 0x26, 0x85, 0x00, 0x23, 0x28, 0x95, 0x00, 0x23, 0x2a,
	0xb5, 0x00, 0x23, 0x2c, 0xc5, 0x00, 0x13, 0x07, 0x45, 0x00, 0x9b, 0x87, 0xf7, 0xff,
	0x63, 0x04, 0x94, 0x18, 0xb3, 0x77, 0xf4, 0x00, 0x93, 0x96, 0x07, 0x02, 0x93, 0xd7,
	0xe6, 0x01, 0x83, 0x36, 0x81, 0x06, 0xb3, 0x86, 0xf6, 0x00, 0x93, 0xd7, 0x06, 0x02,
	0x23, 0x20, 0xd7, 0x02, 0x23, 0x22, 0xf7, 0x02, 0x6f, 0xf0, 0x5f, 0xc2, 0xb3, 0x76,
	0xf6, 0x01, 0x63, 0x9a, 0x06, 0x00, 0x13, 0x56, 0x06, 0x01, 0xb3, 0x76, 0xf6, 0x01,
	0x13, 0x07, 0x07, 0x01, 0xe3, 0x8a, 0x06, 0xfe, 0x93, 0x76, 0xf6, 0x00, 0x63, 0x9a,
	0x06, 0x00, 0x13, 0x56, 0x46, 0x00, 0x93, 0x76, 0xf6, 0x00, 0x13, 0x07, 0x47, 0x00,
	0xe3, 0x8a, 0x06, 0xfe, 0x93, 0x76, 0x16, 0x00, 0x63, 0x9a, 0x06, 0x00, 0x13, 0x56,
	0x16, 0x00, 0x93, 0x76, 0x16, 0x00, 0x13, 0x07, 0x17, 0x00, 0xe3, 0x8a, 0x06, 0xfe,
	0x13, 0x05, 0x03, 0x00, 0x63, 0x74, 0x67, 0x00, 0x13, 0x05, 0x07, 0x00, 0x63, 0x18,
	0x55, 0x0e, 0x13, 0x89, 0x07, 0x00, 0xe3, 0x94, 0x28, 0xe1, 0x6f, 0xf0, 0x1f, 0xe8,
	0x03, 0x37, 0x81, 0x07, 0x83, 0x35, 0x01, 0x03, 0x93, 0x08, 0x08, 0x00, 0x23, 0x26,
	0x01, 0x09, 0x23, 0x30, 0xe1, 0x00, 0x13, 0x88, 0x07, 0x00, 0x03, 0x37, 0x01, 0x06,
	0x83, 0x37, 0x01, 0x07, 0x83, 0x36, 0x81, 0x03, 0x03, 0x36, 0x81, 0x02, 0x03, 0x35,
	0x81, 0x04, 0xb3, 0x85, 0x65, 0x01, 0x23, 0x3c, 0x51, 0x04, 0xef, 0xf0, 0x0f, 0xd7,
	0x83, 0x32, 0x81, 0x05, 0x83, 0x2f, 0xc1, 0x08, 0x93, 0xd8, 0x02, 0x42, 0xbb, 0x84,
	0x9f, 0x00, 0xe3, 0x98, 0x28, 0xeb, 0x03, 0x3a, 0x01, 0x08, 0xe3, 0x8c, 0x04, 0xb2,
	0x93, 0x85, 0x04, 0x00, 0x13, 0x05, 0x0a, 0x00, 0xef, 0xf0, 0x8f, 0xc7, 0x6f, 0xf0,
	0x9f, 0xb2, 0x83, 0x35, 0x01, 0x03, 0x83, 0x38, 0x81, 0x07, 0x03, 0x27, 0x81, 0x09,
	0x83, 0x36, 0x81, 0x03, 0x03, 0x36, 0x81, 0x02, 0x03, 0x35, 0x81, 0x04, 0xb3, 0x85,
	0x65, 0x01, 0x23, 0x3c, 0x51, 0x04, 0x23, 0x26, 0x01, 0x09, 0xef, 0xf0, 0x5f, 0x85,
	0x83, 0x2f, 0xc1, 0x08, 0x83, 0x32, 0x81, 0x05, 0x6f, 0xf0, 0x9f, 0xe5, 0x03, 0x37,
	0x01, 0x0a, 0x83, 0x35, 0x01, 0x03, 0x23, 0x26, 0x01, 0x09, 0x23, 0x34, 0xe1, 0x00,
	0x23, 0x30, 0x01, 0x01, 0x93, 0x88, 0x07, 0x00, 0x03, 0x38, 0x01, 0x09, 0x83, 0x37,
	0x01, 0x07, 0x03, 0x37, 0x01, 0x06, 0x83, 0x36, 0x81, 0x03, 0x03, 0x36, 0x81, 0x02,
	0x03, 0x35, 0x81, 0x04, 0xb3, 0x85, 0x65, 0x01, 0x23, 0x3c, 0x51, 0x04, 0xef, 0xf0,
	0x4f, 0x9e, 0x83, 0x32, 0x81, 0x05, 0x83, 0x2f, 0xc1, 0x08, 0x6f, 0xf0, 0x1f, 0xe1,
	0x1b, 0x09, 0x05, 0x00, 0x6f, 0xf0, 0x9f, 0xd9, 0xb7, 0x17, 0x00, 0x00, 0xb3, 0x07,
	0xfa, 0x00, 0x03, 0xa6, 0x87, 0xa5, 0x83, 0xa6, 0xc7, 0xa5, 0x13, 0x07, 0x00, 0x00,
	0xb7, 0x17, 0x00, 0x00, 0x13, 0x05, 0x20, 0x02, 0xb3, 0x05, 0xfa, 0x00, 0x63, 0x06,
	0x07, 0x00, 0x23, 0x2a, 0xc7, 0x00, 0x23, 0x2c, 0xd7, 0x00, 0x63, 0x12, 0xd6, 0x0c,
	0x83, 0xc7, 0x89, 0x01, 0x63, 0x84, 0xa7, 0x02, 0x83, 0x27, 0x0a, 0x00, 0x23, 0x8c,
	0xf9, 0x00, 0x93, 0xf7, 0xf7, 0x0f, 0x63, 0x04, 0x07, 0x00, 0x23, 0x2e, 0xf7, 0x00,
	0x0f, 0x00, 0x20, 0x02, 0x03, 0xa6, 0x85, 0xa5, 0x83, 0xa6, 0xc5, 0xa5, 0x6f, 0xf0,
	0x9f, 0xfc, 0x63, 0x0a, 0x07, 0x00, 0x93, 0x07, 0xf0, 0xff, 0x23, 0x20, 0xf7, 0x02,
	0x23, 0x22, 0xf7, 0x02, 0x23, 0x24, 0xf7, 0x02, 0x23, 0x20, 0x0a, 0x00, 0x83, 0xc7,
	0xa9, 0x01, 0x03, 0xb7, 0x1b, 0x71, 0x93, 0xf7, 0x37, 0xff, 0x23, 0x8d, 0xf9, 0x00,
	0x63, 0x1e, 0x07, 0x02, 0x83, 0x30, 0x81, 0x0e, 0x03, 0x34, 0x01, 0x0e, 0x83, 0x34,
	0x81, 0x0d, 0x03, 0x39, 0x01, 0x0d, 0x83, 0x39, 0x81, 0x0c, 0x03, 0x3a, 0x01, 0x0c,
	0x83, 0x3a, 0x81, 0x0b, 0x03, 0x3b, 0x01, 0x0b, 0x13, 0x01, 0x01, 0x0f, 0x67, 0x80,
	0x00, 0x00, 0x37, 0x45, 0x00, 0x00, 0x13, 0x05, 0x45, 0x00, 0xef, 0xf0, 0xcf, 0x86,
	0x6f, 0xf0, 0xdf, 0x98, 0x03, 0x34, 0x01, 0x0e, 0x83, 0x30, 0x81, 0x0e, 0x83, 0x34,
	0x81, 0x0d, 0x03, 0x39, 0x01, 0x0d, 0x83, 0x39, 0x81, 0x0c, 0x03, 0x3a, 0x01, 0x0c,
	0x83, 0x3a, 0x81, 0x0b, 0x03, 0x3b, 0x01, 0x0b, 0x37, 0x45, 0x00, 0x00, 0x13, 0x05,
	0x85, 0x00, 0x13, 0x01, 0x01, 0x0f, 0x6f, 0xf0, 0x8f, 0x83, 0x83, 0x37, 0x01, 0x05,
	0x13, 0x04, 0x06, 0x00, 0x9b, 0x87, 0xf7, 0xff, 0xb3, 0x76, 0xf6, 0x00, 0x93, 0x95,
	0x06, 0x02, 0x93, 0xd6, 0xe5, 0x01, 0x83, 0x35, 0x81, 0x06, 0xb3, 0x86, 0xd5, 0x00,
	0xe3, 0x02, 0x07, 0x9c, 0x6f, 0xf0, 0xdf, 0xd7, 0x13, 0x00, 0x00, 0x00, 0x13, 0x01,
	0x01, 0xf5, 0x03, 0x43, 0x81, 0x0b, 0x03, 0xbe, 0x1b, 0x71, 0x23, 0x30, 0x81, 0x0a,
	0x23, 0x3c, 0x91, 0x08, 0x23, 0x38, 0x21, 0x09, 0x23, 0x34, 0x31, 0x09, 0x23, 0x30,
	0x41, 0x09, 0x23, 0x3c, 0x51, 0x07, 0x23, 0x34, 0x11, 0x0a, 0x23, 0x38, 0x61, 0x07,
	0x23, 0x3c, 0x61, 0x04, 0x23, 0x3c, 0xa1, 0x00, 0x23, 0x30, 0xd1, 0x04, 0x23, 0x34,
	0xe1, 0x04, 0x83, 0x2a, 0x01, 0x0b, 0x03, 0x2a, 0x01, 0x0c, 0x93, 0x84, 0x05, 0x00,
	0x13, 0x04, 0x06, 0x00, 0x13, 0x8f, 0x07, 0x00, 0x93, 0x09, 0x08, 0x00, 0x13, 0x89,
	0x08, 0x00, 0x63, 0x18, 0x0e, 0x30, 0x03, 0xa6, 0x44, 0x01, 0x83, 0xa5, 0x04, 0x01,
	0x03, 0xa5, 0x44, 0x00, 0x83, 0x36, 0x81, 0x01, 0x93, 0x07, 0x10, 0x00, 0x13, 0x07,
	0x04, 0x00, 0x23, 0x30, 0xe1, 0x03, 0xef, 0xf0, 0x0f, 0xab, 0x93, 0x07, 0x10, 0x00,
	0x63, 0x0e, 0xfa, 0x32, 0x93, 0x07, 0x20, 0x00, 0x63, 0x0c, 0xfa, 0x2e, 0x03, 0x3f,
	0x01, 0x02, 0x63, 0x04, 0x0a, 0x2c, 0x93, 0x0a, 0x00, 0x00, 0x13, 0x09, 0x00, 0x00,
	0x93, 0x09, 0x00, 0x00, 0x13, 0x0f, 0x00, 0x00, 0x13, 0x07, 0x00, 0x00, 0x13, 0x0b,
	0x00, 0x00, 0x93, 0x07, 0x10, 0x00, 0x9b, 0x87, 0xf7, 0xff, 0x23, 0x30, 0xf1, 0x02,
	0x93, 0x17, 0x07, 0x02, 0x93, 0xd7, 0x07, 0x02, 0x23, 0x30, 0xf1, 0x06, 0xb7, 0x07,
	0xfd, 0xff, 0x93, 0x87, 0xf7, 0xff, 0x23, 0x34, 0xf1, 0x02, 0xb7, 0x07, 0xd0, 0xff,
	0x93, 0x87, 0xf7, 0xff, 0x23, 0x3c, 0x41, 0x03, 0x13, 0x84, 0x81, 0xa9, 0x13, 0x8a,
	0x04, 0x00, 0x23, 0x38, 0xf1, 0x02, 0x93, 0x84, 0x0a, 0x00, 0x93, 0x0a, 0x0b, 0x00,
	0x83, 0x37, 0x81, 0x03, 0x63, 0x88, 0x07, 0x00, 0x83, 0x36, 0x81, 0x01, 0x83, 0xa7,
	0x86, 0x00, 0x63, 0x92, 0x07, 0x20, 0x63, 0x8e, 0x04, 0x1a, 0x03, 0x37, 0x81, 0x01,
	0x83, 0x27, 0x07, 0x00, 0xbb, 0x07, 0xff, 0x40, 0x63, 0xc6, 0x07, 0x1a, 0x03, 0x27,
	0xc7, 0x00, 0x63, 0xd2, 0xe7, 0x1a, 0x03, 0x3b, 0x81, 0x05, 0x23, 0x34, 0x51, 0x07,
	0x6f, 0x00, 0x00, 0x01, 0x63, 0x86, 0x06, 0x2e, 0x1b, 0x8f, 0xfa, 0xff, 0x63, 0x86,
	0x0a, 0x14, 0x83, 0x27, 0x04, 0x02, 0x13, 0x16, 0x0f, 0x02, 0x13, 0x56, 0x06, 0x02,
	0x63, 0x8e, 0xe7, 0x2f, 0x03, 0x57, 0x64, 0x00, 0x83, 0x57, 0x44, 0x00, 0x83, 0x66,
	0x04, 0x00, 0x33, 0x07, 0xc7, 0x02, 0x93, 0x97, 0x07, 0x02, 0xb3, 0xe7, 0xd7, 0x00,
	0x93, 0x87, 0x07, 0x04, 0x83, 0x36, 0x81, 0x02, 0x03, 0x23, 0x84, 0x01, 0x23, 0x20,
	0xe4, 0x03, 0x33, 0x73, 0xd3, 0x00, 0xb3, 0x87, 0xe7, 0x00, 0x03, 0xb7, 0x07, 0x02,
	0x83, 0xb8, 0x87, 0x02, 0x03, 0xb5, 0x07, 0x04, 0x93, 0x76, 0x37, 0x00, 0x93, 0x96,
	0x06, 0x01, 0xb3, 0xe6, 0x66, 0x00, 0x03, 0x33, 0x01, 0x03, 0x93, 0xd5, 0x08, 0x02,
	0x03, 0xee, 0x47, 0x00, 0x93, 0xf5, 0x35, 0x00, 0x9b, 0x95, 0x45, 0x01, 0xb3, 0xf6,
	0x66, 0x00, 0xb3, 0xe6, 0xb6, 0x00, 0x93, 0xde, 0x08, 0x01, 0x93, 0x5a, 0x05, 0x42,
	0x93, 0x52, 0x07, 0x01, 0x93, 0x5f, 0x07, 0x02, 0x13, 0x5f, 0x07, 0x03, 0x23, 0x2c,
	0xd4, 0x00, 0x23, 0x1b, 0x14, 0x03, 0x23, 0x22, 0xc4, 0x03, 0x9b, 0x08, 0x05, 0x00,
	0x23, 0x18, 0x54, 0x02, 0x23, 0x19, 0xf4, 0x03, 0x23, 0x1a, 0xe4, 0x03, 0x23, 0x1a,
	0xd4, 0x01, 0x23, 0x2e, 0x54, 0x01, 0x03, 0xb5, 0x87, 0x04, 0x83, 0xb5, 0x07, 0x05,
	0x93, 0x76, 0x37, 0x00, 0x63, 0x84, 0x08, 0x02, 0x83, 0xb7, 0x1b, 0x71, 0x9b, 0x85,
	0x05, 0x00, 0x23, 0x38, 0xc1, 0x04, 0xef, 0xf0, 0x8f, 0xbf, 0x03, 0x37, 0x84, 0x01,
	0x83, 0x2a, 0xc4, 0x01, 0x03, 0x36, 0x01, 0x05, 0x13, 0x57, 0x07, 0x01, 0x93, 0x76,
	0x37, 0x00, 0x83, 0x67, 0xc4, 0x00, 0x13, 0x16, 0x56, 0x00, 0x93, 0x05, 0x10, 0x00,
	0xb3, 0x07, 0xfa, 0x00, 0xb3, 0x87, 0xc7, 0x00, 0x03, 0xb6, 0x07, 0x01, 0x03, 0xb8,
	0x87, 0x01, 0x13, 0x57, 0x06, 0x02, 0x13, 0x17, 0x07, 0x03, 0x93, 0x57, 0x06, 0x03,
	0x13, 0x57, 0x07, 0x03, 0x13, 0x56, 0x06, 0x42, 0x63, 0x80, 0xb6, 0x1a, 0x93, 0x05,
	0x20, 0x00, 0xe3, 0x9e, 0xb6, 0xec, 0x83, 0x38, 0x01, 0x04, 0x13, 0x07, 0x06, 0x00,
	0x13, 0x88, 0x04, 0x00, 0x93, 0x07, 0x00, 0x00, 0x93, 0x06, 0x09, 0x00, 0x13, 0x06,
	0x00, 0x00, 0x93, 0x85, 0x09, 0x00, 0x13, 0x05, 0x0b, 0x00, 0xef, 0xf0, 0x4f, 0xc6,
	0x1b, 0x8f, 0xfa, 0xff, 0xe3, 0x9e, 0x0a, 0xea, 0x83, 0x37, 0x01, 0x02, 0x83, 0x3a,
	0x81, 0x06, 0x63, 0x80, 0x07, 0x04, 0x83, 0x37, 0x01, 0x06, 0xb3, 0x8a, 0xfa, 0x00,
	0x83, 0xe9, 0xca, 0x00, 0x83, 0xe7, 0x8a, 0x00, 0x03, 0xaf, 0x0a, 0x00, 0x93, 0x99,
	0x09, 0x02, 0xb3, 0xe9, 0xf9, 0x00, 0x83, 0x37, 0x01, 0x02, 0x83, 0xa4, 0x4a, 0x00,
	0x03, 0xa9, 0x0a, 0x01, 0x9b, 0x87, 0xf7, 0xff, 0x23, 0x30, 0xf1, 0x02, 0x6f, 0xf0,
	0x5f, 0xe3, 0x83, 0x37, 0x01, 0x02, 0xe3, 0x94, 0x07, 0xfc, 0x83, 0x47, 0xa4, 0x01,
	0x03, 0xb7, 0x1b, 0x71, 0x93, 0xf7, 0x37, 0xff, 0x23, 0x0d, 0xf4, 0x00, 0x63, 0x18,
	0x07, 0x04, 0x83, 0x30, 0x81, 0x0a, 0x03, 0x34, 0x01, 0x0a, 0x83, 0x34, 0x81, 0x09,
	0x03, 0x39, 0x01, 0x09, 0x83, 0x39, 0x81, 0x08, 0x03, 0x3a, 0x01, 0x08, 0x83, 0x3a,
	0x81, 0x07, 0x03, 0x3b, 0x01, 0x07, 0x13, 0x01, 0x01, 0x0b, 0x67, 0x80, 0x00, 0x00,
	0x93, 0x97, 0x07, 0x02, 0x93, 0xd7, 0x07, 0x02, 0x13, 0x17, 0x0f, 0x02, 0x13, 0x5f,
	0xe7, 0x01, 0xb3, 0x87, 0xf6, 0x00, 0xb3, 0x87, 0xe7, 0x01, 0x03, 0xaf, 0x07, 0x00,
	0x1b, 0x0f, 0x0f, 0x00, 0x6f, 0xf0, 0x1f, 0xde, 0x03, 0x34, 0x01, 0x0a, 0x83, 0x30,
	0x81, 0x0a, 0x83, 0x34, 0x81, 0x09, 0x03, 0x39, 0x01, 0x09, 0x83, 0x39, 0x81, 0x08,
	0x03, 0x3a, 0x01, 0x08, 0x83, 0x3a, 0x81, 0x07, 0x03, 0x3b, 0x01, 0x07, 0x37, 0x45,
	0x00, 0x00, 0x13, 0x05, 0x25, 0x00, 0x13, 0x01, 0x01, 0x0b, 0x6f, 0xe0, 0x5f, 0xcb,
	0x13, 0x07, 0x00, 0x00, 0x13, 0x0b, 0x00, 0x00, 0x93, 0x07, 0x10, 0x00, 0x6f, 0xf0,
	0xdf, 0xd4, 0x37, 0x45, 0x00, 0x00, 0x13, 0x05, 0x15, 0x00, 0x23, 0x30, 0xf1, 0x02,
	0xef, 0xe0, 0x5f, 0xc9, 0x03, 0x3f, 0x01, 0x02, 0x6f, 0xf0, 0x1f, 0xce, 0x03, 0xee,
	0xc9, 0x00, 0x03, 0xe7, 0x89, 0x00, 0x83, 0xa7, 0x09, 0x00, 0x13, 0x1e, 0x0e, 0x02,
	0x33, 0x6b, 0xee, 0x00, 0x83, 0x66, 0xcb, 0x00, 0x03, 0x66, 0x8b, 0x00, 0x03, 0xa7,
	0x09, 0x01, 0x93, 0x96, 0x06, 0x02, 0x03, 0x2f, 0x0b, 0x00, 0x83, 0x2a, 0x4b, 0x00,
	0x03, 0x29, 0x0b, 0x01, 0xb3, 0xe9, 0xc6, 0x00, 0xe3, 0x84, 0x07, 0xf2, 0x6f, 0xf0,
	0x9f, 0xcf, 0x83, 0xe7, 0xc9, 0x00, 0x03, 0xe7, 0x89, 0x00, 0x03, 0xaf, 0x09, 0x00,
	0x93, 0x97, 0x07, 0x02, 0x83, 0xaa, 0x49, 0x00, 0x03, 0xa9, 0x09, 0x01, 0x13, 0x0b,
	0x00, 0x00, 0xb3, 0xe9, 0xe7, 0x00, 0x93, 0x07, 0x10, 0x00, 0x13, 0x07, 0x00, 0x00,
	0x6f, 0xf0, 0xdf, 0xcc, 0x83, 0x36, 0x81, 0x04, 0x13, 0x18, 0x08, 0x03, 0x23, 0x30,
	0x91, 0x00, 0x23, 0x34, 0xd1, 0x00, 0x93, 0x08, 0x00, 0x00, 0x13, 0x58, 0x08, 0x03,
	0x93, 0x06, 0x09, 0x00, 0x13, 0x06, 0x00, 0x00, 0x93, 0x85, 0x09, 0x00, 0x13, 0x05,
	0x0b, 0x00, 0xef, 0xe0, 0x1f, 0xca, 0x6f, 0xf0, 0xdf, 0xd1, 0x83, 0x36, 0x01, 0x04,
	0x93, 0x88, 0x04, 0x00, 0x13, 0x08, 0x00, 0x00, 0x23, 0x30, 0xd1, 0x00, 0x13, 0x06,
	0x00, 0x00, 0x93, 0x06, 0x09, 0x00, 0x93, 0x85, 0x09, 0x00, 0x13, 0x05, 0x0b, 0x00,
	0xef, 0xe0, 0x9f, 0xf6, 0x6f, 0xf0, 0x5f, 0xcf, 0x03, 0x37, 0x84, 0x01, 0x83, 0x2a,
	0xc4, 0x01, 0x13, 0x57, 0x07, 0x01, 0x93, 0x76, 0x37, 0x00, 0x6f, 0xf0, 0x9f, 0xdc,
	0x13, 0x00, 0x00, 0x00, 0x9b, 0x57, 0x85, 0x00, 0x93, 0xf7, 0xf7, 0x0f, 0x1b, 0x55,
	0x05, 0x01, 0x9b, 0x86, 0x05, 0x00, 0x63, 0x88, 0x07, 0x04, 0x13, 0x07, 0x10, 0x00,
	0x63, 0x9c, 0xe7, 0x00, 0x93, 0x87, 0x81, 0xa9, 0x03, 0xa7, 0xc7, 0x03, 0x63, 0x08,
	0xd7, 0x00, 0x23, 0xae, 0xb7, 0x02, 0x67, 0x80, 0x00, 0x00, 0x67, 0x80, 0x00, 0x00,
	0x83, 0x37, 0x52, 0x01, 0x93, 0xf7, 0x37, 0x00, 0x1b, 0x05, 0x05, 0x00, 0xb3, 0x07,
	0xf2, 0x00, 0x23, 0xaa, 0xa7, 0x00, 0x63, 0x0a, 0x05, 0x00, 0x93, 0x07, 0x00, 0x00,
	0x03, 0x67, 0x22, 0x30, 0x9b, 0x87, 0x17, 0x00, 0xe3, 0x1c, 0xf5, 0xfe, 0x67, 0x80,
	0x00, 0x00, 0x93, 0x87, 0x81, 0xa9, 0x03, 0xa7, 0x87, 0x03, 0xe3, 0x06, 0xd7, 0xfc,
	0x23, 0xac, 0xb7, 0x02, 0x67, 0x80, 0x00, 0x00, 0x13, 0x00, 0x00, 0x00, 0x13, 0x15,
	0x25, 0x02, 0x13, 0x57, 0x25, 0x03, 0x03, 0x65, 0x22, 0x30, 0x83, 0x65, 0x22, 0x30,
	0x93, 0x06, 0x20, 0x00, 0x93, 0x78, 0xf5, 0x03, 0x63, 0x90, 0xd8, 0x02, 0x1b, 0x07,
	0xf7, 0xff, 0x63, 0x5a, 0xe0, 0x00, 0x93, 0x07, 0x00, 0x00, 0x83, 0x66, 0x22, 0x30,
	0x9b, 0x87, 0x17, 0x00, 0xe3, 0xcc, 0xe7, 0xfe, 0x6f, 0xf0, 0x5f, 0xf5, 0x9b, 0x87,
	0x05, 0x00, 0x13, 0x75, 0x05, 0xfc, 0x93, 0x97, 0x07, 0x03, 0x93, 0xd7, 0x07, 0x03,
	0x13, 0x15, 0x05, 0x02, 0x13, 0x01, 0x01, 0xfd, 0x93, 0x97, 0x07, 0x02, 0x13, 0x55,
	0x05, 0x02, 0x23, 0x34, 0x11, 0x02, 0x33, 0x65, 0xf5, 0x00, 0x83, 0x37, 0x22, 0x30,
	0x03, 0x33, 0x22, 0x30, 0x13, 0x13, 0x03, 0x02, 0x33, 0x63, 0xf3, 0x00, 0x13, 0x13,
	0x03, 0x01, 0x13, 0x53, 0x03, 0x01, 0x03, 0x66, 0x22, 0x30, 0x1b, 0x06, 0x06, 0x00,
	0x83, 0x66, 0x22, 0x30, 0x9b, 0x86, 0x06, 0x00, 0x03, 0x67, 0x22, 0x30, 0x03, 0x58,
	0x03, 0x02, 0x83, 0x47, 0xf3, 0x01, 0x83, 0x2e, 0xc3, 0x01, 0x13, 0x18, 0x88, 0x00,
	0x33, 0x68, 0xf8, 0x00, 0x83, 0x5f, 0x23, 0x02, 0x13, 0x5e, 0x28, 0x00, 0x93, 0x9e,
	0x8e, 0x02, 0x13, 0x1e, 0x0e, 0x02, 0x9b, 0xd7, 0x05, 0x41, 0x13, 0xdf, 0x8e, 0x02,
	0xb3, 0x6e, 0xfe, 0x01, 0x37, 0x8e, 0xff, 0xff, 0x1b, 0x07, 0x07, 0x00, 0x93, 0xf7,
	0x17, 0x00, 0x33, 0x8e, 0xcb, 0x01, 0x63, 0x86, 0x0f, 0x00, 0x93, 0xdf, 0x0e, 0x02,
	0x63, 0x98, 0x0f, 0x0e, 0x37, 0x88, 0x00, 0x00, 0x33, 0x08, 0x0e, 0x01, 0xa3, 0x36,
	0x08, 0x70, 0xa3, 0x2f, 0x02, 0x1e, 0xa3, 0x37, 0x08, 0x70, 0xa3, 0x2f, 0x02, 0x1e,
	0xa3, 0x38, 0x08, 0x70, 0xa3, 0x2f, 0x02, 0x1e, 0x37, 0x88, 0x00, 0x00, 0x33, 0x0e,
	0x0e, 0x01, 0x03, 0x38, 0x1e, 0x71, 0x63, 0x14, 0x08, 0x08, 0x63, 0x92, 0x08, 0x0a,
	0x03, 0x6e, 0x22, 0x30, 0x1b, 0x0e, 0x0e, 0x00, 0x03, 0x3f, 0x22, 0x30, 0x03, 0x38,
	0x22, 0x30, 0x83, 0x68, 0x22, 0x30, 0x9b, 0x88, 0x08, 0x00, 0x83, 0x6e, 0x22, 0x30,
	0x13, 0x18, 0x08, 0x02, 0x33, 0x68, 0xe8, 0x01, 0x9b, 0xd5, 0x15, 0x01, 0x93, 0xf5,
	0x35, 0x00, 0x9b, 0x8e, 0x0e, 0x00, 0x13, 0x18, 0x08, 0x01, 0x23, 0x38, 0xb1, 0x00,
	0x23, 0x34, 0xf1, 0x00, 0x23, 0x30, 0xd1, 0x01, 0x13, 0x58, 0x08, 0x01, 0x93, 0x07,
	0x0e, 0x00, 0x93, 0x05, 0x03, 0x00, 0xef, 0xf0, 0x9f, 0x9d, 0x03, 0xb7, 0x1b, 0x71,
	0x63, 0x00, 0x07, 0x02, 0x03, 0xb7, 0xfb, 0x70, 0x63, 0x18, 0x07, 0x04, 0xb7, 0xb7,
	0x01, 0xc0, 0x23, 0x20, 0xf2, 0x00, 0x23, 0x20, 0x02, 0x00, 0xb7, 0x07, 0x00, 0x04,
	0x23, 0x20, 0xf2, 0x00, 0x83, 0x30, 0x81, 0x02, 0x13, 0x01, 0x01, 0x03, 0x67, 0x80,
	0x00, 0x00, 0x13, 0x58, 0x03, 0x02, 0x37, 0x0e, 0x00, 0x04, 0x33, 0x68, 0xc8, 0x01,
	0x37, 0xbe, 0x01, 0xc0, 0x23, 0x20, 0xc2, 0x01, 0x23, 0x20, 0x62, 0x00, 0x23, 0x20,
	0x02, 0x01, 0xe3, 0x82, 0x08, 0xf6, 0x93, 0x05, 0x03, 0x00, 0xef, 0xf0, 0x8f, 0xa6,
	0x6f, 0xf0, 0x9f, 0xfa, 0x83, 0xb7, 0xdb, 0x70, 0x23, 0x30, 0xf7, 0x00, 0x6f, 0xf0,
	0xdf, 0xfa, 0x13, 0x58, 0x18, 0x00, 0x33, 0x08, 0xe8, 0x01, 0x13, 0x18, 0x68, 0x00,
	0x33, 0x08, 0x68, 0x00, 0x83, 0x3f, 0x08, 0x00, 0xa3, 0xb6, 0xfb, 0x71, 0xa3, 0x2f,
	0x02, 0x1e, 0xa3, 0xb7, 0x0b, 0x71, 0xa3, 0x2f, 0x02, 0x1e, 0xa3, 0xb8, 0xdb, 0x71,
	0xa3, 0x2f, 0x02, 0x1e, 0x6f, 0xf0, 0x9f, 0xf0, 0x00, 0x00, 0x00, 0x00, 0x5b, 0x0a,
	0x0a, 0x6d, 0x93, 0xbf, 0xa4, 0x58, 0xb5, 0xd8, 0x41, 0xd5, 0x67, 0xf2, 0x78, 0xdf,
	0x38, 0x75, 0x83, 0xf0, 0xc1, 0x2e, 0xcb, 0x13, 0x82, 0x03, 0x8d, 0x52, 0x0e, 0x52,
	0x04, 0x4b, 0x9e, 0xe7, 0x2e, 0x47, 0xef, 0x2a, 0x33, 0x82, 0xac, 0x21, 0xf8, 0xcb,
	0xa7, 0x6e, 0x05, 0x1e, 0x04, 0x0a, 0x6b, 0x76, 0x3c, 0xe4, 0x10, 0xbf, 0x4f, 0x23,
	0x4e, 0xb4, 0x05, 0xf2, 0x79, 0xce, 0x1b, 0x5d, 0xf7, 0x1f, 0x9a, 0x34, 0xc1, 0x55,
	0xa2, 0x43, 0xb9, 0xa8, 0x34, 0x94, 0xc5, 0x44, 0x93, 0x15, 0x3f, 0xa0, 0x7a, 0xe9,
	0x9b, 0x9a, 0x52, 0x06, 0xe2, 0x59, 0x20, 0xb1, 0x1c, 0xda, 0x7e, 0xad, 0xb4, 0xca,
	0xb2, 0xfe, 0x9c, 0xc8, 0x4c, 0x14, 0xb8, 0x60, 0x4c, 0x2e, 0x91, 0xae, 0x75, 0xe6,
	0x71, 0x89, 0x5f, 0x8b, 0x1b, 0x16, 0x7c, 0x60, 0xeb, 0x7c, 0x7f, 0x9b, 0x8d, 0x4c,
	0x0e, 0x43, 0xc2, 0xfe, 0xd1, 0x88, 0x98, 0xdb, 0xa4, 0x70, 0x77, 0x24, 0xb0, 0x82,
	0x08, 0x0f, 0xc4, 0x00, 0x09, 0x7a, 0xf9, 0xf8, 0x54, 0xdb, 0xa3, 0x89, 0x2f, 0x40,
	0xdd, 0xf5, 0xa6, 0x8d, 0xbd, 0x8c, 0x48, 0x94, 0xed, 0x83, 0x58, 0x9b, 0x6b, 0x13,
	0x2b, 0x4d, 0x6f, 0x19, 0xb2, 0x24, 0xd4, 0xd7, 0x1f, 0xcb, 0x83, 0x1e, 0xab, 0x03,
	0xf7, 0x87, 0xb9, 0x39, 0x7b, 0xb1, 0x98, 0xbb, 0xb6, 0x93, 0x9e, 0x59, 0xb7, 0x6c,
	0xe7, 0x15, 0x63, 0x02, 0x22, 0x51, 0x29, 0xce, 0x4a, 0x49, 0xb8, 0xc3, 0x55, 0x70,
	0xa1, 0x12, 0xbf, 0x0a, 0x00, 0x38, 0xd1, 0x8f, 0x82, 0xc8, 0x36, 0x54, 0xca, 0x56,
	0x9c, 0xfb, 0xda, 0xd5, 0x18, 0x59, 0x2f, 0xb1, 0xf7, 0x09, 0xd8, 0xd6, 0x35, 0x82,
	0x54, 0xa3, 0x51, 0xa4, 0x4a, 0xac, 0x81, 0xc9, 0xba, 0x01, 0xd3, 0x78, 0x8e, 0xb1,
	0x5d, 0xce,
};

#endif