/*
 * Copyright (c) Advanced Micro Devices, Inc. All rights reserved.
 *
 * Permission is hereby granted, free of charge, to any person obtaining a
 * copy of this software and associated documentation files (the "Software"),
 * to deal in the Software without restriction, including without limitation
 * the rights to use, copy, modify, merge, publish, distribute, sublicense,
 * and/or sell copies of the Software, and to permit persons to whom the
 * Software is furnished to do so, subject to the following conditions:
 *
 * The above copyright notice and this permission notice shall be included in
 * all copies or substantial portions of the Software.
 *
 * THE SOFTWARE IS PROVIDED "AS IS", WITHOUT WARRANTY OF ANY KIND, EXPRESS OR
 * IMPLIED, INCLUDING BUT NOT LIMITED TO THE WARRANTIES OF MERCHANTABILITY,
 * FITNESS FOR A PARTICULAR PURPOSE AND NONINFRINGEMENT.  IN NO EVENT SHALL
 * THE COPYRIGHT HOLDER(S) OR AUTHOR(S) BE LIABLE FOR ANY CLAIM, DAMAGES OR
 * OTHER LIABILITY, WHETHER IN AN ACTION OF CONTRACT, TORT OR OTHERWISE,
 * ARISING FROM, OUT OF OR IN CONNECTION WITH THE SOFTWARE OR THE USE OR
 * OTHER DEALINGS IN THE SOFTWARE.
 *
 */

#ifndef RS64_KIQ_API_P1_UCODE_H
#define RS64_KIQ_API_P1_UCODE_H

//-------------------------------------------//
// Addresses are described as byte addresses //
// while offsets and sizes are in DWords.    //
//-------------------------------------------//
#define RS64_KIQ_API_P1_IRQ_START_ADDR_LO 4026540032
#define RS64_KIQ_API_P1_IRQ_START_ADDR_HI 4294967295

#define RS64_KIQ_API_P1_UC_START_ADDR_LO 4026552320
#define RS64_KIQ_API_P1_UC_START_ADDR_HI 4294967295

#ifndef RS64_KIQ_API_P1_UCODE_SIZE
#define RS64_KIQ_API_P1_UCODE_SIZE                                                            \
	21592 /* size in DWORDs of only ucode (signing overhead not included) */
#define RS64_KIQ_API_P1_UCODE_SIZE_SIGNED_BYTES 86880 /* size in bytes of signed ucode */
#define RS64_KIQ_API_P1_UCODE_SIZE_SIGNED_BODY_OFFSET                                         \
	256 /* size in bytes of signature header */
#endif

#ifdef RS64_KIQ_VERSION
#if RS64_KIQ_VERSION != 0x103
#error 'RS64_KIQ_VERSION is already defined but with value different than 0x103'
#endif
#else
#define RS64_KIQ_VERSION	 0x103
#define RS64_KIQ_VERSION_STR	 "0x103"
#define RS64_KIQ_QA_VERSION	 0
#define RS64_KIQ_FEATURE_VERSION 0x6
#define RS64_KIQ_CODELINE	 "gfx11"
#define RS64_KIQ_BRANCH		 "main"
#define RS64_KIQ_SCS_CHANGELIST	 7232170
#define RS64_KIQ_API_VERSION_STR "FAST_KIQ"
#endif

static const unsigned char aRS64_KIQ_API_P1_UCODE[RS64_KIQ_API_P1_UCODE_SIZE_SIGNED_BYTES] = {
	0x41, 0x0c, 0x63, 0x87, 0x10, 0x83, 0x6b, 0x8e, 0x1a, 0x00, 0x21, 0x29, 0x46, 0xde,
	0xa7, 0xad, 0x24, 0x50, 0x53, 0x31, 0x60, 0x51, 0x01, 0x00, 0x00, 0x00, 0x00, 0x00,
	0x00, 0x00, 0x00, 0x00, 0x00, 0x00, 0x00, 0x00, 0x00, 0x00, 0x00, 0x00, 0x00, 0x00,
	0x00, 0x00, 0x00, 0x00, 0x00, 0x00, 0x01, 0x00, 0x00, 0x00, 0x00, 0x00, 0x00, 0x00,
	0x29, 0x8b, 0x26, 0x88, 0x39, 0x74, 0x4d, 0x15, 0xaf, 0xef, 0x32, 0xe0, 0x2e, 0x25,
	0x43, 0x22, 0x00, 0x00, 0x00, 0x00, 0x01, 0x00, 0x00, 0x00, 0x00, 0x00, 0x00, 0x00,
	0x00, 0x00, 0x00, 0x00, 0x42, 0x20, 0x01, 0x81, 0x00, 0x00, 0x00, 0x00, 0x03, 0x01,
	0x00, 0x00, 0xff, 0xff, 0xff, 0xff, 0x00, 0x00, 0x00, 0x00, 0x60, 0x53, 0x01, 0x00,
	0x00, 0x00, 0x00, 0x00, 0x00, 0x00, 0x00, 0x00, 0x00, 0x00, 0x00, 0x00, 0x00, 0x00,
	0x00, 0x00, 0x00, 0x00, 0x00, 0x00, 0x00, 0x00, 0x00, 0x00, 0x00, 0x00, 0x00, 0x00,
	0x00, 0x00, 0x00, 0x00, 0x00, 0x00, 0x00, 0x00, 0x00, 0x00, 0x00, 0x00, 0x00, 0x00,
	0x00, 0x00, 0x00, 0x00, 0x00, 0x00, 0x00, 0x00, 0x00, 0x00, 0x00, 0x00, 0x00, 0x00,
	0x00, 0x00, 0x00, 0x00, 0x00, 0x00, 0x00, 0x00, 0x00, 0x00, 0x00, 0x00, 0x00, 0x00,
	0x00, 0x00, 0x00, 0x00, 0x00, 0x00, 0x00, 0x00, 0x00, 0x00, 0x00, 0x00, 0x00, 0x00,
	0x00, 0x00, 0x00, 0x00, 0x00, 0x00, 0x00, 0x00, 0x00, 0x00, 0x00, 0x00, 0xc9, 0xbf,
	0xba, 0x3c, 0xdb, 0x99, 0xdc, 0x5b, 0xe0, 0xf7, 0xb5, 0x71, 0x24, 0x0a, 0x44, 0xaf,
	0x5f, 0x52, 0xdb, 0xde, 0x1d, 0xb1, 0x0c, 0xa7, 0xf4, 0xb5, 0x9d, 0xfb, 0x5e, 0x26,
	0x53, 0xbd, 0x00, 0x00, 0x00, 0x00, 0x00, 0x00, 0x00, 0x00, 0x00, 0x00, 0x00, 0x00,
	0x00, 0x00, 0x00, 0x00, 0x00, 0x00, 0x00, 0x00, 0x00, 0x00, 0x00, 0x00, 0x00, 0x00,
	0x00, 0x00, 0x00, 0x00, 0x00, 0x00, 0x00, 0x00, 0x00, 0x00, 0x00, 0x00, 0x00, 0x00,
	0x00, 0x00, 0x00, 0x00, 0x00, 0x00, 0x00, 0x00, 0x00, 0x00, 0x00, 0x00, 0x00, 0x00,
	0x00, 0x00, 0x00, 0x00, 0x00, 0x00, 0x00, 0x00, 0x00, 0x00, 0x00, 0x00, 0x00, 0x00,
	0x00, 0x00, 0x00, 0x00, 0x00, 0x00, 0x00, 0x00, 0x00, 0x00, 0x00, 0x00, 0x00, 0x00,
	0x00, 0x00, 0x00, 0x00, 0x00, 0x00, 0x00, 0x00, 0x00, 0x00, 0x00, 0x00, 0x00, 0x00,
	0x00, 0x00, 0x00, 0x00, 0x00, 0x00, 0x00, 0x00, 0x00, 0x00, 0x00, 0x00, 0x00, 0x00,
	0x00, 0x00, 0x00, 0x00, 0x00, 0x00, 0x00, 0x00, 0x00, 0x00, 0x00, 0x00, 0x00, 0x00,
	0x00, 0x00, 0x00, 0x00, 0x00, 0x00, 0x00, 0x00, 0x00, 0x00, 0x00, 0x00, 0x00, 0x00,
	0x00, 0x00, 0x00, 0x00, 0x00, 0x00, 0x00, 0x00, 0x00, 0x00, 0x00, 0x00, 0x00, 0x00,
	0x00, 0x00, 0x00, 0x00, 0x00, 0x00, 0x00, 0x00, 0x00, 0x00, 0x00, 0x00, 0x00, 0x00,
	0x00, 0x00, 0x00, 0x00, 0x00, 0x00, 0x00, 0x00, 0x00, 0x00, 0x00, 0x00, 0x00, 0x00,
	0x00, 0x00, 0x00, 0x00, 0x00, 0x00, 0x00, 0x00, 0x00, 0x00, 0x00, 0x00, 0x00, 0x00,
	0x00, 0x00, 0x00, 0x00, 0x00, 0x00, 0x00, 0x00, 0x00, 0x00, 0x00, 0x00, 0x00, 0x00,
	0x00, 0x00, 0x00, 0x00, 0x00, 0x00, 0x00, 0x00, 0x00, 0x00, 0x00, 0x00, 0x00, 0x00,
	0x00, 0x00, 0x00, 0x00, 0x00, 0x00, 0x00, 0x00, 0x00, 0x00, 0x00, 0x00, 0x00, 0x00,
	0x00, 0x00, 0x00, 0x00, 0x00, 0x00, 0x00, 0x00, 0x00, 0x00, 0x00, 0x00, 0x00, 0x00,
	0x00, 0x00, 0x00, 0x00, 0x00, 0x00, 0x00, 0x00, 0x00, 0x00, 0x00, 0x00, 0x00, 0x00,
	0x00, 0x00, 0x00, 0x00, 0x00, 0x00, 0x00, 0x00, 0x00, 0x00, 0x00, 0x00, 0x00, 0x00,
	0x00, 0x00, 0x00, 0x00, 0x00, 0x00, 0x00, 0x00, 0x00, 0x00, 0x00, 0x00, 0x00, 0x00,
	0x00, 0x00, 0x00, 0x00, 0x00, 0x00, 0x00, 0x00, 0x00, 0x00, 0x00, 0x00, 0x00, 0x00,
	0x00, 0x00, 0x00, 0x00, 0x00, 0x00, 0x00, 0x00, 0x00, 0x00, 0x00, 0x00, 0x00, 0x00,
	0x00, 0x00, 0x00, 0x00, 0x00, 0x00, 0x00, 0x00, 0x00, 0x00, 0x00, 0x00, 0x00, 0x00,
	0x00, 0x00, 0x00, 0x00, 0x00, 0x00, 0x00, 0x00, 0x00, 0x00, 0x00, 0x00, 0x00, 0x00,
	0x00, 0x00, 0x00, 0x00, 0x00, 0x00, 0x00, 0x00, 0x00, 0x00, 0x00, 0x00, 0x00, 0x00,
	0x00, 0x00, 0x00, 0x00, 0x00, 0x00, 0x00, 0x00, 0x00, 0x00, 0x00, 0x00, 0x00, 0x00,
	0x00, 0x00, 0x00, 0x00, 0x00, 0x00, 0x00, 0x00, 0x00, 0x00, 0x00, 0x00, 0x00, 0x00,
	0x00, 0x00, 0x00, 0x00, 0x00, 0x00, 0x00, 0x00, 0x00, 0x00, 0x00, 0x00, 0x00, 0x00,
	0x00, 0x00, 0x00, 0x00, 0x00, 0x00, 0x00, 0x00, 0x00, 0x00, 0x00, 0x00, 0x00, 0x00,
	0x00, 0x00, 0x00, 0x00, 0x00, 0x00, 0x00, 0x00, 0x00, 0x00, 0x00, 0x00, 0x00, 0x00,
	0x00, 0x00, 0x00, 0x00, 0x00, 0x00, 0x00, 0x00, 0x00, 0x00, 0x00, 0x00, 0x00, 0x00,
	0x00, 0x00, 0x00, 0x00, 0x00, 0x00, 0x00, 0x00, 0x00, 0x00, 0x00, 0x00, 0x00, 0x00,
	0x00, 0x00, 0x00, 0x00, 0x00, 0x00, 0x00, 0x00, 0x00, 0x00, 0x00, 0x00, 0x00, 0x00,
	0x00, 0x00, 0x00, 0x00, 0x00, 0x00, 0x00, 0x00, 0x00, 0x00, 0x00, 0x00, 0x00, 0x00,
	0x00, 0x00, 0x00, 0x00, 0x00, 0x00, 0x00, 0x00, 0x00, 0x00, 0x00, 0x00, 0x00, 0x00,
	0x00, 0x00, 0x00, 0x00, 0x00, 0x00, 0x00, 0x00, 0x00, 0x00, 0x00, 0x00, 0x00, 0x00,
	0x00, 0x00, 0x00, 0x00, 0x00, 0x00, 0x00, 0x00, 0x00, 0x00, 0x00, 0x00, 0x00, 0x00,
	0x00, 0x00, 0x00, 0x00, 0x00, 0x00, 0x00, 0x00, 0x00, 0x00, 0x00, 0x00, 0x00, 0x00,
	0x00, 0x00, 0x00, 0x00, 0x00, 0x00, 0x00, 0x00, 0x00, 0x00, 0x00, 0x00, 0x00, 0x00,
	0x00, 0x00, 0x00, 0x00, 0x00, 0x00, 0x00, 0x00, 0x00, 0x00, 0x00, 0x00, 0x00, 0x00,
	0x00, 0x00, 0x00, 0x00, 0x00, 0x00, 0x00, 0x00, 0x00, 0x00, 0x00, 0x00, 0x00, 0x00,
	0x00, 0x00, 0x00, 0x00, 0x00, 0x00, 0x00, 0x00, 0x00, 0x00, 0x00, 0x00, 0x00, 0x00,
	0x00, 0x00, 0x00, 0x00, 0x00, 0x00, 0x00, 0x00, 0x00, 0x00, 0x00, 0x00, 0x00, 0x00,
	0x00, 0x00, 0x00, 0x00, 0x00, 0x00, 0x00, 0x00, 0x00, 0x00, 0x00, 0x00, 0x00, 0x00,
	0x00, 0x00, 0x00, 0x00, 0x00, 0x00, 0x00, 0x00, 0x00, 0x00, 0x00, 0x00, 0x00, 0x00,
	0x00, 0x00, 0x00, 0x00, 0x00, 0x00, 0x00, 0x00, 0x00, 0x00, 0x00, 0x00, 0x00, 0x00,
	0x00, 0x00, 0x00, 0x00, 0x00, 0x00, 0x00, 0x00, 0x00, 0x00, 0x00, 0x00, 0x00, 0x00,
	0x00, 0x00, 0x00, 0x00, 0x00, 0x00, 0x00, 0x00, 0x00, 0x00, 0x00, 0x00, 0x00, 0x00,
	0x00, 0x00, 0x00, 0x00, 0x00, 0x00, 0x00, 0x00, 0x00, 0x00, 0x00, 0x00, 0x00, 0x00,
	0x00, 0x00, 0x00, 0x00, 0x00, 0x00, 0x00, 0x00, 0x00, 0x00, 0x00, 0x00, 0x00, 0x00,
	0x00, 0x00, 0x00, 0x00, 0x00, 0x00, 0x00, 0x00, 0x00, 0x00, 0x00, 0x00, 0x00, 0x00,
	0x00, 0x00, 0x00, 0x00, 0x00, 0x00, 0x00, 0x00, 0x00, 0x00, 0x00, 0x00, 0x00, 0x00,
	0x00, 0x00, 0x00, 0x00, 0x00, 0x00, 0x00, 0x00, 0x00, 0x00, 0x00, 0x00, 0x00, 0x00,
	0x00, 0x00, 0x00, 0x00, 0x00, 0x00, 0x00, 0x00, 0x00, 0x00, 0x00, 0x00, 0x00, 0x00,
	0x00, 0x00, 0x00, 0x00, 0x00, 0x00, 0x00, 0x00, 0x00, 0x00, 0x00, 0x00, 0x00, 0x00,
	0x00, 0x00, 0x00, 0x00, 0x00, 0x00, 0x00, 0x00, 0x00, 0x00, 0x00, 0x00, 0x00, 0x00,
	0x00, 0x00, 0x00, 0x00, 0x00, 0x00, 0x00, 0x00, 0x00, 0x00, 0x00, 0x00, 0x00, 0x00,
	0x00, 0x00, 0x00, 0x00, 0x00, 0x00, 0x00, 0x00, 0x00, 0x00, 0x00, 0x00, 0x00, 0x00,
	0x00, 0x00, 0x00, 0x00, 0x00, 0x00, 0x00, 0x00, 0x00, 0x00, 0x00, 0x00, 0x00, 0x00,
	0x00, 0x00, 0x00, 0x00, 0x00, 0x00, 0x00, 0x00, 0x00, 0x00, 0x00, 0x00, 0x00, 0x00,
	0x00, 0x00, 0x00, 0x00, 0x00, 0x00, 0x00, 0x00, 0x00, 0x00, 0x00, 0x00, 0x00, 0x00,
	0x00, 0x00, 0x00, 0x00, 0x00, 0x00, 0x00, 0x00, 0x00, 0x00, 0x00, 0x00, 0x00, 0x00,
	0x00, 0x00, 0x00, 0x00, 0x00, 0x00, 0x00, 0x00, 0x00, 0x00, 0x00, 0x00, 0x00, 0x00,
	0x00, 0x00, 0x00, 0x00, 0x00, 0x00, 0x00, 0x00, 0x00, 0x00, 0x00, 0x00, 0x00, 0x00,
	0x00, 0x00, 0x00, 0x00, 0x00, 0x00, 0x00, 0x00, 0x00, 0x00, 0x00, 0x00, 0x00, 0x00,
	0x00, 0x00, 0x00, 0x00, 0x00, 0x00, 0x00, 0x00, 0x00, 0x00, 0x00, 0x00, 0x00, 0x00,
	0x00, 0x00, 0x00, 0x00, 0x00, 0x00, 0x00, 0x00, 0x00, 0x00, 0x00, 0x00, 0x00, 0x00,
	0x00, 0x00, 0x00, 0x00, 0x00, 0x00, 0x00, 0x00, 0x00, 0x00, 0x00, 0x00, 0x00, 0x00,
	0x00, 0x00, 0x00, 0x00, 0x00, 0x00, 0x00, 0x00, 0x00, 0x00, 0x00, 0x00, 0x00, 0x00,
	0x00, 0x00, 0x00, 0x00, 0x00, 0x00, 0x00, 0x00, 0x00, 0x00, 0x00, 0x00, 0x00, 0x00,
	0x00, 0x00, 0x00, 0x00, 0x00, 0x00, 0x00, 0x00, 0x00, 0x00, 0x00, 0x00, 0x00, 0x00,
	0x00, 0x00, 0x00, 0x00, 0x00, 0x00, 0x00, 0x00, 0x00, 0x00, 0x00, 0x00, 0x00, 0x00,
	0x00, 0x00, 0x00, 0x00, 0x00, 0x00, 0x00, 0x00, 0x00, 0x00, 0x00, 0x00, 0x00, 0x00,
	0x00, 0x00, 0x00, 0x00, 0x00, 0x00, 0x00, 0x00, 0x00, 0x00, 0x00, 0x00, 0x00, 0x00,
	0x00, 0x00, 0x00, 0x00, 0x00, 0x00, 0x00, 0x00, 0x00, 0x00, 0x00, 0x00, 0x00, 0x00,
	0x00, 0x00, 0x00, 0x00, 0x00, 0x00, 0x00, 0x00, 0x00, 0x00, 0x00, 0x00, 0x00, 0x00,
	0x00, 0x00, 0x00, 0x00, 0x00, 0x00, 0x00, 0x00, 0x00, 0x00, 0x00, 0x00, 0x00, 0x00,
	0x00, 0x00, 0x00, 0x00, 0x00, 0x00, 0x00, 0x00, 0x00, 0x00, 0x00, 0x00, 0x00, 0x00,
	0x00, 0x00, 0x00, 0x00, 0x00, 0x00, 0x00, 0x00, 0x00, 0x00, 0x00, 0x00, 0x00, 0x00,
	0x00, 0x00, 0x00, 0x00, 0x00, 0x00, 0x00, 0x00, 0x00, 0x00, 0x00, 0x00, 0x00, 0x00,
	0x00, 0x00, 0x00, 0x00, 0x00, 0x00, 0x00, 0x00, 0x00, 0x00, 0x00, 0x00, 0x00, 0x00,
	0x00, 0x00, 0x00, 0x00, 0x00, 0x00, 0x00, 0x00, 0x00, 0x00, 0x00, 0x00, 0x00, 0x00,
	0x00, 0x00, 0x00, 0x00, 0x00, 0x00, 0x00, 0x00, 0x00, 0x00, 0x00, 0x00, 0x00, 0x00,
	0x00, 0x00, 0x00, 0x00, 0x00, 0x00, 0x00, 0x00, 0x00, 0x00, 0x00, 0x00, 0x00, 0x00,
	0x00, 0x00, 0x00, 0x00, 0x00, 0x00, 0x00, 0x00, 0x00, 0x00, 0x00, 0x00, 0x00, 0x00,
	0x00, 0x00, 0x00, 0x00, 0x00, 0x00, 0x00, 0x00, 0x00, 0x00, 0x00, 0x00, 0x00, 0x00,
	0x00, 0x00, 0x00, 0x00, 0x00, 0x00, 0x00, 0x00, 0x00, 0x00, 0x00, 0x00, 0x00, 0x00,
	0x00, 0x00, 0x00, 0x00, 0x00, 0x00, 0x00, 0x00, 0x00, 0x00, 0x00, 0x00, 0x00, 0x00,
	0x00, 0x00, 0x00, 0x00, 0x00, 0x00, 0x00, 0x00, 0x00, 0x00, 0x00, 0x00, 0x00, 0x00,
	0x00, 0x00, 0x00, 0x00, 0x00, 0x00, 0x00, 0x00, 0x00, 0x00, 0x00, 0x00, 0x00, 0x00,
	0x00, 0x00, 0x00, 0x00, 0x00, 0x00, 0x00, 0x00, 0x00, 0x00, 0x00, 0x00, 0x00, 0x00,
	0x00, 0x00, 0x00, 0x00, 0x00, 0x00, 0x00, 0x00, 0x00, 0x00, 0x00, 0x00, 0x00, 0x00,
	0x00, 0x00, 0x00, 0x00, 0x00, 0x00, 0x00, 0x00, 0x00, 0x00, 0x00, 0x00, 0x00, 0x00,
	0x00, 0x00, 0x00, 0x00, 0x00, 0x00, 0x00, 0x00, 0x00, 0x00, 0x00, 0x00, 0x00, 0x00,
	0x00, 0x00, 0x00, 0x00, 0x00, 0x00, 0x00, 0x00, 0x00, 0x00, 0x00, 0x00, 0x00, 0x00,
	0x00, 0x00, 0x00, 0x00, 0x00, 0x00, 0x00, 0x00, 0x00, 0x00, 0x00, 0x00, 0x00, 0x00,
	0x00, 0x00, 0x00, 0x00, 0x00, 0x00, 0x00, 0x00, 0x00, 0x00, 0x00, 0x00, 0x00, 0x00,
	0x00, 0x00, 0x00, 0x00, 0x00, 0x00, 0x00, 0x00, 0x00, 0x00, 0x00, 0x00, 0x00, 0x00,
	0x00, 0x00, 0x00, 0x00, 0x00, 0x00, 0x00, 0x00, 0x00, 0x00, 0x00, 0x00, 0x00, 0x00,
	0x00, 0x00, 0x00, 0x00, 0x00, 0x00, 0x00, 0x00, 0x00, 0x00, 0x00, 0x00, 0x00, 0x00,
	0x00, 0x00, 0x00, 0x00, 0x00, 0x00, 0x00, 0x00, 0x00, 0x00, 0x00, 0x00, 0x00, 0x00,
	0x00, 0x00, 0x00, 0x00, 0x00, 0x00, 0x00, 0x00, 0x00, 0x00, 0x00, 0x00, 0x00, 0x00,
	0x00, 0x00, 0x00, 0x00, 0x00, 0x00, 0x00, 0x00, 0x00, 0x00, 0x00, 0x00, 0x00, 0x00,
	0x00, 0x00, 0x00, 0x00, 0x00, 0x00, 0x00, 0x00, 0x00, 0x00, 0x00, 0x00, 0x00, 0x00,
	0x00, 0x00, 0x00, 0x00, 0x00, 0x00, 0x00, 0x00, 0x00, 0x00, 0x00, 0x00, 0x00, 0x00,
	0x00, 0x00, 0x00, 0x00, 0x00, 0x00, 0x00, 0x00, 0x00, 0x00, 0x00, 0x00, 0x00, 0x00,
	0x00, 0x00, 0x00, 0x00, 0x00, 0x00, 0x00, 0x00, 0x00, 0x00, 0x00, 0x00, 0x00, 0x00,
	0x00, 0x00, 0x00, 0x00, 0x00, 0x00, 0x00, 0x00, 0x00, 0x00, 0x00, 0x00, 0x00, 0x00,
	0x00, 0x00, 0x00, 0x00, 0x00, 0x00, 0x00, 0x00, 0x00, 0x00, 0x00, 0x00, 0x00, 0x00,
	0x00, 0x00, 0x00, 0x00, 0x00, 0x00, 0x00, 0x00, 0x00, 0x00, 0x00, 0x00, 0x00, 0x00,
	0x00, 0x00, 0x00, 0x00, 0x00, 0x00, 0x00, 0x00, 0x00, 0x00, 0x00, 0x00, 0x00, 0x00,
	0x00, 0x00, 0x00, 0x00, 0x00, 0x00, 0x00, 0x00, 0x00, 0x00, 0x00, 0x00, 0x00, 0x00,
	0x00, 0x00, 0x00, 0x00, 0x00, 0x00, 0x00, 0x00, 0x00, 0x00, 0x00, 0x00, 0x00, 0x00,
	0x00, 0x00, 0x00, 0x00, 0x00, 0x00, 0x00, 0x00, 0x00, 0x00, 0x00, 0x00, 0x00, 0x00,
	0x00, 0x00, 0x00, 0x00, 0x00, 0x00, 0x00, 0x00, 0x00, 0x00, 0x00, 0x00, 0x00, 0x00,
	0x00, 0x00, 0x00, 0x00, 0x00, 0x00, 0x00, 0x00, 0x00, 0x00, 0x00, 0x00, 0x00, 0x00,
	0x00, 0x00, 0x00, 0x00, 0x00, 0x00, 0x00, 0x00, 0x00, 0x00, 0x00, 0x00, 0x00, 0x00,
	0x00, 0x00, 0x00, 0x00, 0x00, 0x00, 0x00, 0x00, 0x00, 0x00, 0x00, 0x00, 0x00, 0x00,
	0x00, 0x00, 0x00, 0x00, 0x00, 0x00, 0x00, 0x00, 0x00, 0x00, 0x00, 0x00, 0x00, 0x00,
	0x00, 0x00, 0x00, 0x00, 0x00, 0x00, 0x00, 0x00, 0x00, 0x00, 0x00, 0x00, 0x00, 0x00,
	0x00, 0x00, 0x00, 0x00, 0x00, 0x00, 0x00, 0x00, 0x00, 0x00, 0x00, 0x00, 0x00, 0x00,
	0x00, 0x00, 0x00, 0x00, 0x00, 0x00, 0x00, 0x00, 0x00, 0x00, 0x00, 0x00, 0x00, 0x00,
	0x00, 0x00, 0x00, 0x00, 0x00, 0x00, 0x00, 0x00, 0x00, 0x00, 0x00, 0x00, 0x00, 0x00,
	0x00, 0x00, 0x00, 0x00, 0x00, 0x00, 0x00, 0x00, 0x00, 0x00, 0x00, 0x00, 0x00, 0x00,
	0x00, 0x00, 0x00, 0x00, 0x00, 0x00, 0x00, 0x00, 0x00, 0x00, 0x00, 0x00, 0x00, 0x00,
	0x00, 0x00, 0x00, 0x00, 0x00, 0x00, 0x00, 0x00, 0x00, 0x00, 0x00, 0x00, 0x00, 0x00,
	0x00, 0x00, 0x00, 0x00, 0x00, 0x00, 0x00, 0x00, 0x00, 0x00, 0x00, 0x00, 0x00, 0x00,
	0x00, 0x00, 0x00, 0x00, 0x00, 0x00, 0x00, 0x00, 0x00, 0x00, 0x00, 0x00, 0x00, 0x00,
	0x00, 0x00, 0x00, 0x00, 0x00, 0x00, 0x00, 0x00, 0x00, 0x00, 0x00, 0x00, 0x00, 0x00,
	0x00, 0x00, 0x00, 0x00, 0x00, 0x00, 0x00, 0x00, 0x00, 0x00, 0x00, 0x00, 0x00, 0x00,
	0x00, 0x00, 0x00, 0x00, 0x00, 0x00, 0x00, 0x00, 0x00, 0x00, 0x00, 0x00, 0x00, 0x00,
	0x00, 0x00, 0x00, 0x00, 0x00, 0x00, 0x00, 0x00, 0x00, 0x00, 0x00, 0x00, 0x00, 0x00,
	0x00, 0x00, 0x00, 0x00, 0x00, 0x00, 0x00, 0x00, 0x00, 0x00, 0x00, 0x00, 0x00, 0x00,
	0x00, 0x00, 0x00, 0x00, 0x00, 0x00, 0x00, 0x00, 0x00, 0x00, 0x00, 0x00, 0x00, 0x00,
	0x00, 0x00, 0x00, 0x00, 0x00, 0x00, 0x00, 0x00, 0x00, 0x00, 0x00, 0x00, 0x00, 0x00,
	0x00, 0x00, 0x00, 0x00, 0x00, 0x00, 0x00, 0x00, 0x00, 0x00, 0x00, 0x00, 0x00, 0x00,
	0x00, 0x00, 0x00, 0x00, 0x00, 0x00, 0x00, 0x00, 0x00, 0x00, 0x00, 0x00, 0x00, 0x00,
	0x00, 0x00, 0x00, 0x00, 0x00, 0x00, 0x00, 0x00, 0x00, 0x00, 0x00, 0x00, 0x00, 0x00,
	0x00, 0x00, 0x00, 0x00, 0x00, 0x00, 0x00, 0x00, 0x00, 0x00, 0x00, 0x00, 0x00, 0x00,
	0x00, 0x00, 0x00, 0x00, 0x00, 0x00, 0x00, 0x00, 0x00, 0x00, 0x00, 0x00, 0x00, 0x00,
	0x00, 0x00, 0x00, 0x00, 0x00, 0x00, 0x00, 0x00, 0x00, 0x00, 0x00, 0x00, 0x00, 0x00,
	0x00, 0x00, 0x00, 0x00, 0x00, 0x00, 0x00, 0x00, 0x00, 0x00, 0x00, 0x00, 0x00, 0x00,
	0x00, 0x00, 0x00, 0x00, 0x00, 0x00, 0x00, 0x00, 0x00, 0x00, 0x00, 0x00, 0x00, 0x00,
	0x00, 0x00, 0x00, 0x00, 0x00, 0x00, 0x00, 0x00, 0x00, 0x00, 0x00, 0x00, 0x00, 0x00,
	0x00, 0x00, 0x00, 0x00, 0x00, 0x00, 0x00, 0x00, 0x00, 0x00, 0x00, 0x00, 0x00, 0x00,
	0x00, 0x00, 0x00, 0x00, 0x00, 0x00, 0x00, 0x00, 0x00, 0x00, 0x00, 0x00, 0x00, 0x00,
	0x00, 0x00, 0x00, 0x00, 0x00, 0x00, 0x00, 0x00, 0x00, 0x00, 0x00, 0x00, 0x00, 0x00,
	0x00, 0x00, 0x00, 0x00, 0x00, 0x00, 0x00, 0x00, 0x00, 0x00, 0x00, 0x00, 0x00, 0x00,
	0x00, 0x00, 0x00, 0x00, 0x00, 0x00, 0x00, 0x00, 0x00, 0x00, 0x00, 0x00, 0x00, 0x00,
	0x00, 0x00, 0x00, 0x00, 0x00, 0x00, 0x00, 0x00, 0x00, 0x00, 0x00, 0x00, 0x00, 0x00,
	0x00, 0x00, 0x00, 0x00, 0x00, 0x00, 0x00, 0x00, 0x00, 0x00, 0x00, 0x00, 0x00, 0x00,
	0x00, 0x00, 0x00, 0x00, 0x00, 0x00, 0x00, 0x00, 0x00, 0x00, 0x00, 0x00, 0x00, 0x00,
	0x00, 0x00, 0x00, 0x00, 0x00, 0x00, 0x00, 0x00, 0x00, 0x00, 0x00, 0x00, 0x00, 0x00,
	0x00, 0x00, 0x00, 0x00, 0x00, 0x00, 0x00, 0x00, 0x00, 0x00, 0x00, 0x00, 0x00, 0x00,
	0x00, 0x00, 0x00, 0x00, 0x00, 0x00, 0x00, 0x00, 0x00, 0x00, 0x00, 0x00, 0x00, 0x00,
	0x00, 0x00, 0x00, 0x00, 0x00, 0x00, 0x00, 0x00, 0x00, 0x00, 0x00, 0x00, 0x00, 0x00,
	0x00, 0x00, 0x00, 0x00, 0x00, 0x00, 0x00, 0x00, 0x00, 0x00, 0x00, 0x00, 0x00, 0x00,
	0x00, 0x00, 0x00, 0x00, 0x00, 0x00, 0x00, 0x00, 0x00, 0x00, 0x00, 0x00, 0x00, 0x00,
	0x00, 0x00, 0x00, 0x00, 0x00, 0x00, 0x00, 0x00, 0x00, 0x00, 0x00, 0x00, 0x00, 0x00,
	0x00, 0x00, 0x00, 0x00, 0x00, 0x00, 0x00, 0x00, 0x00, 0x00, 0x00, 0x00, 0x00, 0x00,
	0x00, 0x00, 0x00, 0x00, 0x00, 0x00, 0x00, 0x00, 0x00, 0x00, 0x00, 0x00, 0x00, 0x00,
	0x00, 0x00, 0x00, 0x00, 0x00, 0x00, 0x00, 0x00, 0x00, 0x00, 0x00, 0x00, 0x00, 0x00,
	0x00, 0x00, 0x00, 0x00, 0x00, 0x00, 0x00, 0x00, 0x00, 0x00, 0x00, 0x00, 0x00, 0x00,
	0x00, 0x00, 0x00, 0x00, 0x00, 0x00, 0x00, 0x00, 0x00, 0x00, 0x00, 0x00, 0x00, 0x00,
	0x00, 0x00, 0x00, 0x00, 0x00, 0x00, 0x00, 0x00, 0x00, 0x00, 0x00, 0x00, 0x00, 0x00,
	0x00, 0x00, 0x00, 0x00, 0x00, 0x00, 0x00, 0x00, 0x00, 0x00, 0x00, 0x00, 0x00, 0x00,
	0x00, 0x00, 0x00, 0x00, 0x00, 0x00, 0x00, 0x00, 0x00, 0x00, 0x00, 0x00, 0x00, 0x00,
	0x00, 0x00, 0x00, 0x00, 0x00, 0x00, 0x00, 0x00, 0x00, 0x00, 0x00, 0x00, 0x00, 0x00,
	0x00, 0x00, 0x00, 0x00, 0x00, 0x00, 0x00, 0x00, 0x00, 0x00, 0x00, 0x00, 0x00, 0x00,
	0x00, 0x00, 0x00, 0x00, 0x00, 0x00, 0x00, 0x00, 0x00, 0x00, 0x00, 0x00, 0x00, 0x00,
	0x00, 0x00, 0x00, 0x00, 0x00, 0x00, 0x00, 0x00, 0x00, 0x00, 0x00, 0x00, 0x00, 0x00,
	0x00, 0x00, 0x00, 0x00, 0x00, 0x00, 0x00, 0x00, 0x00, 0x00, 0x00, 0x00, 0x00, 0x00,
	0x00, 0x00, 0x00, 0x00, 0x00, 0x00, 0x00, 0x00, 0x00, 0x00, 0x00, 0x00, 0x00, 0x00,
	0x00, 0x00, 0x00, 0x00, 0x00, 0x00, 0x00, 0x00, 0x00, 0x00, 0x00, 0x00, 0x00, 0x00,
	0x00, 0x00, 0x00, 0x00, 0x00, 0x00, 0x00, 0x00, 0x00, 0x00, 0x00, 0x00, 0x00, 0x00,
	0x00, 0x00, 0x00, 0x00, 0x00, 0x00, 0x00, 0x00, 0x00, 0x00, 0x00, 0x00, 0x00, 0x00,
	0x00, 0x00, 0x00, 0x00, 0x00, 0x00, 0x00, 0x00, 0x00, 0x00, 0x00, 0x00, 0x00, 0x00,
	0x00, 0x00, 0x00, 0x00, 0x00, 0x00, 0x00, 0x00, 0x00, 0x00, 0x00, 0x00, 0x00, 0x00,
	0x00, 0x00, 0x00, 0x00, 0x00, 0x00, 0x00, 0x00, 0x00, 0x00, 0x00, 0x00, 0x00, 0x00,
	0x00, 0x00, 0x00, 0x00, 0x00, 0x00, 0x00, 0x00, 0x00, 0x00, 0x00, 0x00, 0x00, 0x00,
	0x00, 0x00, 0x00, 0x00, 0x00, 0x00, 0x00, 0x00, 0x00, 0x00, 0x00, 0x00, 0x00, 0x00,
	0x00, 0x00, 0x00, 0x00, 0x00, 0x00, 0x00, 0x00, 0x00, 0x00, 0x00, 0x00, 0x00, 0x00,
	0x00, 0x00, 0x00, 0x00, 0x00, 0x00, 0x00, 0x00, 0x00, 0x00, 0x00, 0x00, 0x00, 0x00,
	0x00, 0x00, 0x00, 0x00, 0x00, 0x00, 0x00, 0x00, 0x00, 0x00, 0x00, 0x00, 0x00, 0x00,
	0x00, 0x00, 0x00, 0x00, 0x00, 0x00, 0x00, 0x00, 0x00, 0x00, 0x00, 0x00, 0x00, 0x00,
	0x00, 0x00, 0x00, 0x00, 0x00, 0x00, 0x00, 0x00, 0x00, 0x00, 0x00, 0x00, 0x00, 0x00,
	0x00, 0x00, 0x00, 0x00, 0x00, 0x00, 0x00, 0x00, 0x00, 0x00, 0x00, 0x00, 0x00, 0x00,
	0x00, 0x00, 0x00, 0x00, 0x00, 0x00, 0x00, 0x00, 0x00, 0x00, 0x00, 0x00, 0x00, 0x00,
	0x00, 0x00, 0x00, 0x00, 0x00, 0x00, 0x00, 0x00, 0x00, 0x00, 0x00, 0x00, 0x00, 0x00,
	0x00, 0x00, 0x00, 0x00, 0x00, 0x00, 0x00, 0x00, 0x00, 0x00, 0x00, 0x00, 0x00, 0x00,
	0x00, 0x00, 0x00, 0x00, 0x00, 0x00, 0x00, 0x00, 0x00, 0x00, 0x00, 0x00, 0x00, 0x00,
	0x00, 0x00, 0x00, 0x00, 0x00, 0x00, 0x00, 0x00, 0x00, 0x00, 0x00, 0x00, 0x00, 0x00,
	0x00, 0x00, 0x00, 0x00, 0x00, 0x00, 0x00, 0x00, 0x00, 0x00, 0x00, 0x00, 0x00, 0x00,
	0x00, 0x00, 0x00, 0x00, 0x00, 0x00, 0x00, 0x00, 0x00, 0x00, 0x00, 0x00, 0x00, 0x00,
	0x00, 0x00, 0x00, 0x00, 0x00, 0x00, 0x00, 0x00, 0x00, 0x00, 0x00, 0x00, 0x00, 0x00,
	0x00, 0x00, 0x00, 0x00, 0x00, 0x00, 0x00, 0x00, 0x00, 0x00, 0x00, 0x00, 0x00, 0x00,
	0x00, 0x00, 0x00, 0x00, 0x00, 0x00, 0x00, 0x00, 0x00, 0x00, 0x00, 0x00, 0x00, 0x00,
	0x00, 0x00, 0x00, 0x00, 0x00, 0x00, 0x00, 0x00, 0x00, 0x00, 0x00, 0x00, 0x00, 0x00,
	0x00, 0x00, 0x00, 0x00, 0x00, 0x00, 0x00, 0x00, 0x00, 0x00, 0x00, 0x00, 0x00, 0x00,
	0x00, 0x00, 0x00, 0x00, 0x00, 0x00, 0x00, 0x00, 0x00, 0x00, 0x00, 0x00, 0x00, 0x00,
	0x00, 0x00, 0x00, 0x00, 0x00, 0x00, 0x00, 0x00, 0x00, 0x00, 0x00, 0x00, 0x00, 0x00,
	0x00, 0x00, 0x00, 0x00, 0x00, 0x00, 0x00, 0x00, 0x00, 0x00, 0x00, 0x00, 0x00, 0x00,
	0x00, 0x00, 0x00, 0x00, 0x00, 0x00, 0x00, 0x00, 0x00, 0x00, 0x00, 0x00, 0x00, 0x00,
	0x00, 0x00, 0x00, 0x00, 0x00, 0x00, 0x00, 0x00, 0x00, 0x00, 0x00, 0x00, 0x00, 0x00,
	0x00, 0x00, 0x00, 0x00, 0x00, 0x00, 0x00, 0x00, 0x00, 0x00, 0x00, 0x00, 0x00, 0x00,
	0x00, 0x00, 0x00, 0x00, 0x00, 0x00, 0x00, 0x00, 0x00, 0x00, 0x00, 0x00, 0x00, 0x00,
	0x00, 0x00, 0x00, 0x00, 0x00, 0x00, 0x00, 0x00, 0x00, 0x00, 0x00, 0x00, 0x00, 0x00,
	0x00, 0x00, 0x00, 0x00, 0x00, 0x00, 0x00, 0x00, 0x00, 0x00, 0x00, 0x00, 0x00, 0x00,
	0x00, 0x00, 0x00, 0x00, 0x00, 0x00, 0x00, 0x00, 0x00, 0x00, 0x00, 0x00, 0x00, 0x00,
	0x00, 0x00, 0x00, 0x00, 0x00, 0x00, 0x00, 0x00, 0x00, 0x00, 0x00, 0x00, 0x00, 0x00,
	0x00, 0x00, 0x00, 0x00, 0x00, 0x00, 0x00, 0x00, 0x00, 0x00, 0x00, 0x00, 0x00, 0x00,
	0x00, 0x00, 0x00, 0x00, 0x00, 0x00, 0x00, 0x00, 0x00, 0x00, 0x00, 0x00, 0x00, 0x00,
	0x00, 0x00, 0x00, 0x00, 0x00, 0x00, 0x00, 0x00, 0x00, 0x00, 0x00, 0x00, 0x00, 0x00,
	0x00, 0x00, 0x00, 0x00, 0x00, 0x00, 0x00, 0x00, 0x00, 0x00, 0x00, 0x00, 0x00, 0x00,
	0x00, 0x00, 0x00, 0x00, 0x00, 0x00, 0x00, 0x00, 0x00, 0x00, 0x00, 0x00, 0x00, 0x00,
	0x00, 0x00, 0x00, 0x00, 0x00, 0x00, 0x00, 0x00, 0x00, 0x00, 0x00, 0x00, 0x00, 0x00,
	0x00, 0x00, 0x00, 0x00, 0x00, 0x00, 0x00, 0x00, 0x00, 0x00, 0x00, 0x00, 0x00, 0x00,
	0x00, 0x00, 0x00, 0x00, 0x00, 0x00, 0x00, 0x00, 0x00, 0x00, 0x00, 0x00, 0x00, 0x00,
	0x00, 0x00, 0x00, 0x00, 0x00, 0x00, 0x00, 0x00, 0x00, 0x00, 0x00, 0x00, 0x00, 0x00,
	0x00, 0x00, 0x00, 0x00, 0x00, 0x00, 0x00, 0x00, 0x00, 0x00, 0x00, 0x00, 0x00, 0x00,
	0x00, 0x00, 0x00, 0x00, 0x00, 0x00, 0x00, 0x00, 0x00, 0x00, 0x00, 0x00, 0x00, 0x00,
	0x00, 0x00, 0x00, 0x00, 0x00, 0x00, 0x00, 0x00, 0x00, 0x00, 0x00, 0x00, 0x00, 0x00,
	0x00, 0x00, 0x00, 0x00, 0x00, 0x00, 0x00, 0x00, 0x00, 0x00, 0x00, 0x00, 0x00, 0x00,
	0x00, 0x00, 0x00, 0x00, 0x00, 0x00, 0x00, 0x00, 0x00, 0x00, 0x00, 0x00, 0x00, 0x00,
	0x00, 0x00, 0x00, 0x00, 0x00, 0x00, 0x00, 0x00, 0x00, 0x00, 0x00, 0x00, 0x00, 0x00,
	0x00, 0x00, 0x00, 0x00, 0x00, 0x00, 0x00, 0x00, 0x00, 0x00, 0x00, 0x00, 0x00, 0x00,
	0x00, 0x00, 0x00, 0x00, 0x00, 0x00, 0x00, 0x00, 0x00, 0x00, 0x00, 0x00, 0x00, 0x00,
	0x00, 0x00, 0x00, 0x00, 0x00, 0x00, 0x00, 0x00, 0x00, 0x00, 0x00, 0x00, 0x00, 0x00,
	0x00, 0x00, 0x00, 0x00, 0x00, 0x00, 0x00, 0x00, 0x00, 0x00, 0x00, 0x00, 0x00, 0x00,
	0x00, 0x00, 0x00, 0x00, 0x00, 0x00, 0x00, 0x00, 0x00, 0x00, 0x00, 0x00, 0x00, 0x00,
	0x00, 0x00, 0x00, 0x00, 0x00, 0x00, 0x00, 0x00, 0x00, 0x00, 0x00, 0x00, 0x00, 0x00,
	0x00, 0x00, 0x00, 0x00, 0x00, 0x00, 0x00, 0x00, 0x00, 0x00, 0x00, 0x00, 0x00, 0x00,
	0x00, 0x00, 0x00, 0x00, 0x00, 0x00, 0x00, 0x00, 0x00, 0x00, 0x00, 0x00, 0x00, 0x00,
	0x00, 0x00, 0x00, 0x00, 0x00, 0x00, 0x00, 0x00, 0x00, 0x00, 0x00, 0x00, 0x00, 0x00,
	0x00, 0x00, 0x00, 0x00, 0x00, 0x00, 0x00, 0x00, 0x00, 0x00, 0x00, 0x00, 0x00, 0x00,
	0x00, 0x00, 0x00, 0x00, 0x00, 0x00, 0x00, 0x00, 0x00, 0x00, 0x00, 0x00, 0x00, 0x00,
	0x00, 0x00, 0x00, 0x00, 0x00, 0x00, 0x00, 0x00, 0x00, 0x00, 0x00, 0x00, 0x00, 0x00,
	0x00, 0x00, 0x00, 0x00, 0x00, 0x00, 0x00, 0x00, 0x00, 0x00, 0x00, 0x00, 0x00, 0x00,
	0x00, 0x00, 0x00, 0x00, 0x00, 0x00, 0x00, 0x00, 0x00, 0x00, 0x00, 0x00, 0x00, 0x00,
	0x00, 0x00, 0x00, 0x00, 0x00, 0x00, 0x00, 0x00, 0x00, 0x00, 0x00, 0x00, 0x00, 0x00,
	0x00, 0x00, 0x00, 0x00, 0x00, 0x00, 0x00, 0x00, 0x00, 0x00, 0x00, 0x00, 0x00, 0x00,
	0x00, 0x00, 0x00, 0x00, 0x00, 0x00, 0x00, 0x00, 0x00, 0x00, 0x00, 0x00, 0x00, 0x00,
	0x00, 0x00, 0x00, 0x00, 0x00, 0x00, 0x00, 0x00, 0x00, 0x00, 0x00, 0x00, 0x00, 0x00,
	0x00, 0x00, 0x00, 0x00, 0x00, 0x00, 0x00, 0x00, 0x00, 0x00, 0x00, 0x00, 0x00, 0x00,
	0x00, 0x00, 0x00, 0x00, 0x00, 0x00, 0x00, 0x00, 0x00, 0x00, 0x00, 0x00, 0x00, 0x00,
	0x00, 0x00, 0x00, 0x00, 0x00, 0x00, 0x00, 0x00, 0x00, 0x00, 0x00, 0x00, 0x00, 0x00,
	0x00, 0x00, 0x00, 0x00, 0x00, 0x00, 0x00, 0x00, 0x00, 0x00, 0x00, 0x00, 0x00, 0x00,
	0x00, 0x00, 0x00, 0x00, 0x00, 0x00, 0x00, 0x00, 0x00, 0x00, 0x00, 0x00, 0x00, 0x00,
	0x00, 0x00, 0x00, 0x00, 0x00, 0x00, 0x00, 0x00, 0x00, 0x00, 0x00, 0x00, 0x00, 0x00,
	0x00, 0x00, 0x00, 0x00, 0x00, 0x00, 0x00, 0x00, 0x00, 0x00, 0x00, 0x00, 0x00, 0x00,
	0x00, 0x00, 0x00, 0x00, 0x00, 0x00, 0x00, 0x00, 0x00, 0x00, 0x00, 0x00, 0x00, 0x00,
	0x00, 0x00, 0x00, 0x00, 0x00, 0x00, 0x00, 0x00, 0x00, 0x00, 0x00, 0x00, 0x00, 0x00,
	0x00, 0x00, 0x00, 0x00, 0x00, 0x00, 0x00, 0x00, 0x00, 0x00, 0x00, 0x00, 0x00, 0x00,
	0x00, 0x00, 0x00, 0x00, 0x00, 0x00, 0x00, 0x00, 0x00, 0x00, 0x00, 0x00, 0x00, 0x00,
	0x00, 0x00, 0x00, 0x00, 0x00, 0x00, 0x00, 0x00, 0x00, 0x00, 0x00, 0x00, 0x00, 0x00,
	0x00, 0x00, 0x00, 0x00, 0x00, 0x00, 0x00, 0x00, 0x00, 0x00, 0x00, 0x00, 0x00, 0x00,
	0x00, 0x00, 0x00, 0x00, 0x00, 0x00, 0x00, 0x00, 0x00, 0x00, 0x00, 0x00, 0x00, 0x00,
	0x00, 0x00, 0x00, 0x00, 0x00, 0x00, 0x00, 0x00, 0x00, 0x00, 0x00, 0x00, 0x00, 0x00,
	0x00, 0x00, 0x00, 0x00, 0x00, 0x00, 0x00, 0x00, 0x00, 0x00, 0x00, 0x00, 0x00, 0x00,
	0x00, 0x00, 0x00, 0x00, 0x00, 0x00, 0x00, 0x00, 0x00, 0x00, 0x00, 0x00, 0x00, 0x00,
	0x00, 0x00, 0x00, 0x00, 0x00, 0x00, 0x00, 0x00, 0x00, 0x00, 0x00, 0x00, 0x00, 0x00,
	0x00, 0x00, 0x00, 0x00, 0x00, 0x00, 0x00, 0x00, 0x00, 0x00, 0x00, 0x00, 0x00, 0x00,
	0x00, 0x00, 0x00, 0x00, 0x00, 0x00, 0x00, 0x00, 0x00, 0x00, 0x00, 0x00, 0x00, 0x00,
	0x00, 0x00, 0x00, 0x00, 0x00, 0x00, 0x00, 0x00, 0x00, 0x00, 0x00, 0x00, 0x00, 0x00,
	0x00, 0x00, 0x00, 0x00, 0x00, 0x00, 0x00, 0x00, 0x00, 0x00, 0x00, 0x00, 0x00, 0x00,
	0x00, 0x00, 0x00, 0x00, 0x00, 0x00, 0x00, 0x00, 0x00, 0x00, 0x00, 0x00, 0x00, 0x00,
	0x00, 0x00, 0x00, 0x00, 0x00, 0x00, 0x00, 0x00, 0x00, 0x00, 0x00, 0x00, 0x00, 0x00,
	0x00, 0x00, 0x00, 0x00, 0x00, 0x00, 0x00, 0x00, 0x00, 0x00, 0x00, 0x00, 0x00, 0x00,
	0x00, 0x00, 0x00, 0x00, 0x00, 0x00, 0x00, 0x00, 0x00, 0x00, 0x00, 0x00, 0x00, 0x00,
	0x00, 0x00, 0x00, 0x00, 0x00, 0x00, 0x00, 0x00, 0x00, 0x00, 0x00, 0x00, 0x00, 0x00,
	0x00, 0x00, 0x00, 0x00, 0x00, 0x00, 0x00, 0x00, 0x00, 0x00, 0x00, 0x00, 0x00, 0x00,
	0x00, 0x00, 0x00, 0x00, 0x00, 0x00, 0x00, 0x00, 0x00, 0x00, 0x00, 0x00, 0x00, 0x00,
	0x00, 0x00, 0x00, 0x00, 0x00, 0x00, 0x00, 0x00, 0x00, 0x00, 0x00, 0x00, 0x00, 0x00,
	0x00, 0x00, 0x00, 0x00, 0x00, 0x00, 0x00, 0x00, 0x00, 0x00, 0x00, 0x00, 0x00, 0x00,
	0x00, 0x00, 0x00, 0x00, 0x00, 0x00, 0x00, 0x00, 0x00, 0x00, 0x00, 0x00, 0x00, 0x00,
	0x00, 0x00, 0x00, 0x00, 0x00, 0x00, 0x00, 0x00, 0x00, 0x00, 0x00, 0x00, 0x00, 0x00,
	0x00, 0x00, 0x00, 0x00, 0x00, 0x00, 0x00, 0x00, 0x00, 0x00, 0x00, 0x00, 0x00, 0x00,
	0x00, 0x00, 0x00, 0x00, 0x00, 0x00, 0x00, 0x00, 0x00, 0x00, 0x00, 0x00, 0x00, 0x00,
	0x00, 0x00, 0x00, 0x00, 0x00, 0x00, 0x00, 0x00, 0x00, 0x00, 0x00, 0x00, 0x00, 0x00,
	0x00, 0x00, 0x00, 0x00, 0x00, 0x00, 0x00, 0x00, 0x00, 0x00, 0x00, 0x00, 0x00, 0x00,
	0x00, 0x00, 0x00, 0x00, 0x00, 0x00, 0x00, 0x00, 0x00, 0x00, 0x00, 0x00, 0x00, 0x00,
	0x00, 0x00, 0x00, 0x00, 0x00, 0x00, 0x00, 0x00, 0x00, 0x00, 0x00, 0x00, 0x00, 0x00,
	0x00, 0x00, 0x00, 0x00, 0x00, 0x00, 0x00, 0x00, 0x00, 0x00, 0x00, 0x00, 0x00, 0x00,
	0x00, 0x00, 0x00, 0x00, 0x00, 0x00, 0x00, 0x00, 0x00, 0x00, 0x00, 0x00, 0x00, 0x00,
	0x00, 0x00, 0x00, 0x00, 0x00, 0x00, 0x00, 0x00, 0x00, 0x00, 0x00, 0x00, 0x00, 0x00,
	0x00, 0x00, 0x00, 0x00, 0x00, 0x00, 0x00, 0x00, 0x00, 0x00, 0x00, 0x00, 0x00, 0x00,
	0x00, 0x00, 0x00, 0x00, 0x00, 0x00, 0x00, 0x00, 0x00, 0x00, 0x00, 0x00, 0x00, 0x00,
	0x00, 0x00, 0x00, 0x00, 0x00, 0x00, 0x00, 0x00, 0x00, 0x00, 0x00, 0x00, 0x00, 0x00,
	0x00, 0x00, 0x00, 0x00, 0x00, 0x00, 0x00, 0x00, 0x00, 0x00, 0x00, 0x00, 0x00, 0x00,
	0x00, 0x00, 0x00, 0x00, 0x00, 0x00, 0x00, 0x00, 0x00, 0x00, 0x00, 0x00, 0x00, 0x00,
	0x00, 0x00, 0x00, 0x00, 0x00, 0x00, 0x00, 0x00, 0x00, 0x00, 0x00, 0x00, 0x00, 0x00,
	0x00, 0x00, 0x00, 0x00, 0x00, 0x00, 0x00, 0x00, 0x00, 0x00, 0x00, 0x00, 0x00, 0x00,
	0x00, 0x00, 0x00, 0x00, 0x00, 0x00, 0x00, 0x00, 0x00, 0x00, 0x00, 0x00, 0x00, 0x00,
	0x00, 0x00, 0x00, 0x00, 0x00, 0x00, 0x00, 0x00, 0x00, 0x00, 0x00, 0x00, 0x00, 0x00,
	0x00, 0x00, 0x00, 0x00, 0x00, 0x00, 0x00, 0x00, 0x00, 0x00, 0x00, 0x00, 0x00, 0x00,
	0x00, 0x00, 0x00, 0x00, 0x00, 0x00, 0x00, 0x00, 0x00, 0x00, 0x00, 0x00, 0x00, 0x00,
	0x00, 0x00, 0x00, 0x00, 0x00, 0x00, 0x00, 0x00, 0x00, 0x00, 0x00, 0x00, 0x00, 0x00,
	0x00, 0x00, 0x00, 0x00, 0x00, 0x00, 0x00, 0x00, 0x00, 0x00, 0x00, 0x00, 0x00, 0x00,
	0x00, 0x00, 0x00, 0x00, 0x00, 0x00, 0x00, 0x00, 0x00, 0x00, 0x00, 0x00, 0x00, 0x00,
	0x00, 0x00, 0x00, 0x00, 0x00, 0x00, 0x00, 0x00, 0x00, 0x00, 0x00, 0x00, 0x00, 0x00,
	0x00, 0x00, 0x00, 0x00, 0x00, 0x00, 0x00, 0x00, 0x00, 0x00, 0x00, 0x00, 0x00, 0x00,
	0x00, 0x00, 0x00, 0x00, 0x00, 0x00, 0x00, 0x00, 0x00, 0x00, 0x00, 0x00, 0x00, 0x00,
	0x00, 0x00, 0x00, 0x00, 0x00, 0x00, 0x00, 0x00, 0x00, 0x00, 0x00, 0x00, 0x00, 0x00,
	0x00, 0x00, 0x00, 0x00, 0x00, 0x00, 0x00, 0x00, 0x00, 0x00, 0x00, 0x00, 0x00, 0x00,
	0x00, 0x00, 0x00, 0x00, 0x00, 0x00, 0x00, 0x00, 0x00, 0x00, 0x00, 0x00, 0x00, 0x00,
	0x00, 0x00, 0x00, 0x00, 0x00, 0x00, 0x00, 0x00, 0x00, 0x00, 0x00, 0x00, 0x00, 0x00,
	0x00, 0x00, 0x00, 0x00, 0x00, 0x00, 0x00, 0x00, 0x00, 0x00, 0x00, 0x00, 0x00, 0x00,
	0x00, 0x00, 0x00, 0x00, 0x00, 0x00, 0x00, 0x00, 0x00, 0x00, 0x00, 0x00, 0x00, 0x00,
	0x00, 0x00, 0x00, 0x00, 0x00, 0x00, 0x00, 0x00, 0x00, 0x00, 0x00, 0x00, 0x00, 0x00,
	0x00, 0x00, 0x00, 0x00, 0x00, 0x00, 0x00, 0x00, 0x00, 0x00, 0x00, 0x00, 0x00, 0x00,
	0x00, 0x00, 0x00, 0x00, 0x00, 0x00, 0x00, 0x00, 0x00, 0x00, 0x00, 0x00, 0x00, 0x00,
	0x00, 0x00, 0x00, 0x00, 0x00, 0x00, 0x00, 0x00, 0x00, 0x00, 0x00, 0x00, 0x00, 0x00,
	0x00, 0x00, 0x00, 0x00, 0x00, 0x00, 0x00, 0x00, 0x00, 0x00, 0x00, 0x00, 0x00, 0x00,
	0x00, 0x00, 0x00, 0x00, 0x00, 0x00, 0x00, 0x00, 0x00, 0x00, 0x00, 0x00, 0x00, 0x00,
	0x00, 0x00, 0x00, 0x00, 0x00, 0x00, 0x00, 0x00, 0x00, 0x00, 0x00, 0x00, 0x00, 0x00,
	0x00, 0x00, 0x00, 0x00, 0x00, 0x00, 0x00, 0x00, 0x00, 0x00, 0x00, 0x00, 0x00, 0x00,
	0x00, 0x00, 0x00, 0x00, 0x00, 0x00, 0x00, 0x00, 0x00, 0x00, 0x00, 0x00, 0x00, 0x00,
	0x00, 0x00, 0x00, 0x00, 0x00, 0x00, 0x00, 0x00, 0x00, 0x00, 0x00, 0x00, 0x00, 0x00,
	0x00, 0x00, 0x00, 0x00, 0x00, 0x00, 0x00, 0x00, 0x00, 0x00, 0x00, 0x00, 0x00, 0x00,
	0x00, 0x00, 0x00, 0x00, 0x00, 0x00, 0x00, 0x00, 0x00, 0x00, 0x00, 0x00, 0x00, 0x00,
	0x00, 0x00, 0x00, 0x00, 0x00, 0x00, 0x00, 0x00, 0x00, 0x00, 0x00, 0x00, 0x00, 0x00,
	0x00, 0x00, 0x00, 0x00, 0x00, 0x00, 0x00, 0x00, 0x00, 0x00, 0x00, 0x00, 0x00, 0x00,
	0x00, 0x00, 0x00, 0x00, 0x00, 0x00, 0x00, 0x00, 0x00, 0x00, 0x00, 0x00, 0x00, 0x00,
	0x00, 0x00, 0x00, 0x00, 0x00, 0x00, 0x00, 0x00, 0x00, 0x00, 0x00, 0x00, 0x00, 0x00,
	0x00, 0x00, 0x00, 0x00, 0x00, 0x00, 0x00, 0x00, 0x00, 0x00, 0x00, 0x00, 0x00, 0x00,
	0x00, 0x00, 0x00, 0x00, 0x00, 0x00, 0x00, 0x00, 0x00, 0x00, 0x00, 0x00, 0x00, 0x00,
	0x00, 0x00, 0x00, 0x00, 0x00, 0x00, 0x00, 0x00, 0x00, 0x00, 0x00, 0x00, 0x00, 0x00,
	0x00, 0x00, 0x00, 0x00, 0x00, 0x00, 0x00, 0x00, 0x00, 0x00, 0x00, 0x00, 0x00, 0x00,
	0x00, 0x00, 0x00, 0x00, 0x00, 0x00, 0x00, 0x00, 0x00, 0x00, 0x00, 0x00, 0x00, 0x00,
	0x00, 0x00, 0x00, 0x00, 0x00, 0x00, 0x00, 0x00, 0x00, 0x00, 0x00, 0x00, 0x00, 0x00,
	0x00, 0x00, 0x00, 0x00, 0x00, 0x00, 0x00, 0x00, 0x00, 0x00, 0x00, 0x00, 0x00, 0x00,
	0x00, 0x00, 0x00, 0x00, 0x00, 0x00, 0x00, 0x00, 0x00, 0x00, 0x00, 0x00, 0x00, 0x00,
	0x00, 0x00, 0x00, 0x00, 0x00, 0x00, 0x00, 0x00, 0x00, 0x00, 0x00, 0x00, 0x00, 0x00,
	0x00, 0x00, 0x00, 0x00, 0x00, 0x00, 0x00, 0x00, 0x00, 0x00, 0x00, 0x00, 0x00, 0x00,
	0x00, 0x00, 0x00, 0x00, 0x00, 0x00, 0x00, 0x00, 0x00, 0x00, 0x00, 0x00, 0x00, 0x00,
	0x00, 0x00, 0x00, 0x00, 0x00, 0x00, 0x00, 0x00, 0x00, 0x00, 0x00, 0x00, 0x00, 0x00,
	0x00, 0x00, 0x00, 0x00, 0x00, 0x00, 0x00, 0x00, 0x00, 0x00, 0x00, 0x00, 0x00, 0x00,
	0x00, 0x00, 0x00, 0x00, 0x00, 0x00, 0x00, 0x00, 0x00, 0x00, 0x00, 0x00, 0x00, 0x00,
	0x00, 0x00, 0x00, 0x00, 0x00, 0x00, 0x00, 0x00, 0x00, 0x00, 0x00, 0x00, 0x00, 0x00,
	0x00, 0x00, 0x00, 0x00, 0x00, 0x00, 0x00, 0x00, 0x00, 0x00, 0x00, 0x00, 0x00, 0x00,
	0x00, 0x00, 0x00, 0x00, 0x00, 0x00, 0x00, 0x00, 0x00, 0x00, 0x00, 0x00, 0x00, 0x00,
	0x00, 0x00, 0x00, 0x00, 0x00, 0x00, 0x00, 0x00, 0x00, 0x00, 0x00, 0x00, 0x00, 0x00,
	0x00, 0x00, 0x00, 0x00, 0x00, 0x00, 0x00, 0x00, 0x00, 0x00, 0x00, 0x00, 0x00, 0x00,
	0x00, 0x00, 0x00, 0x00, 0x00, 0x00, 0x00, 0x00, 0x00, 0x00, 0x00, 0x00, 0x00, 0x00,
	0x00, 0x00, 0x00, 0x00, 0x00, 0x00, 0x00, 0x00, 0x00, 0x00, 0x00, 0x00, 0x00, 0x00,
	0x00, 0x00, 0x00, 0x00, 0x00, 0x00, 0x00, 0x00, 0x00, 0x00, 0x00, 0x00, 0x00, 0x00,
	0x00, 0x00, 0x00, 0x00, 0x00, 0x00, 0x00, 0x00, 0x00, 0x00, 0x00, 0x00, 0x00, 0x00,
	0x00, 0x00, 0x00, 0x00, 0x00, 0x00, 0x00, 0x00, 0x00, 0x00, 0x00, 0x00, 0x00, 0x00,
	0x00, 0x00, 0x00, 0x00, 0x00, 0x00, 0x00, 0x00, 0x00, 0x00, 0x00, 0x00, 0x00, 0x00,
	0x00, 0x00, 0x00, 0x00, 0x00, 0x00, 0x00, 0x00, 0x00, 0x00, 0x00, 0x00, 0x00, 0x00,
	0x00, 0x00, 0x00, 0x00, 0x00, 0x00, 0x00, 0x00, 0x00, 0x00, 0x00, 0x00, 0x00, 0x00,
	0x00, 0x00, 0x00, 0x00, 0x00, 0x00, 0x00, 0x00, 0x00, 0x00, 0x00, 0x00, 0x00, 0x00,
	0x00, 0x00, 0x00, 0x00, 0x00, 0x00, 0x00, 0x00, 0x00, 0x00, 0x00, 0x00, 0x00, 0x00,
	0x00, 0x00, 0x00, 0x00, 0x00, 0x00, 0x00, 0x00, 0x00, 0x00, 0x00, 0x00, 0x00, 0x00,
	0x00, 0x00, 0x00, 0x00, 0x00, 0x00, 0x00, 0x00, 0x00, 0x00, 0x00, 0x00, 0x00, 0x00,
	0x00, 0x00, 0x00, 0x00, 0x00, 0x00, 0x00, 0x00, 0x00, 0x00, 0x00, 0x00, 0x00, 0x00,
	0x00, 0x00, 0x00, 0x00, 0x00, 0x00, 0x00, 0x00, 0x00, 0x00, 0x00, 0x00, 0x00, 0x00,
	0x00, 0x00, 0x00, 0x00, 0x00, 0x00, 0x00, 0x00, 0x00, 0x00, 0x00, 0x00, 0x00, 0x00,
	0x00, 0x00, 0x00, 0x00, 0x00, 0x00, 0x00, 0x00, 0x00, 0x00, 0x00, 0x00, 0x00, 0x00,
	0x00, 0x00, 0x00, 0x00, 0x00, 0x00, 0x00, 0x00, 0x00, 0x00, 0x00, 0x00, 0x00, 0x00,
	0x00, 0x00, 0x00, 0x00, 0x00, 0x00, 0x00, 0x00, 0x00, 0x00, 0x00, 0x00, 0x00, 0x00,
	0x00, 0x00, 0x00, 0x00, 0x00, 0x00, 0x00, 0x00, 0x00, 0x00, 0x00, 0x00, 0x00, 0x00,
	0x00, 0x00, 0x00, 0x00, 0x00, 0x00, 0x00, 0x00, 0x00, 0x00, 0x00, 0x00, 0x00, 0x00,
	0x00, 0x00, 0x00, 0x00, 0x00, 0x00, 0x00, 0x00, 0x00, 0x00, 0x00, 0x00, 0x00, 0x00,
	0x00, 0x00, 0x00, 0x00, 0x00, 0x00, 0x00, 0x00, 0x00, 0x00, 0x00, 0x00, 0x00, 0x00,
	0x00, 0x00, 0x00, 0x00, 0x00, 0x00, 0x00, 0x00, 0x00, 0x00, 0x00, 0x00, 0x00, 0x00,
	0x00, 0x00, 0x00, 0x00, 0x00, 0x00, 0x00, 0x00, 0x00, 0x00, 0x00, 0x00, 0x00, 0x00,
	0x00, 0x00, 0x00, 0x00, 0x00, 0x00, 0x00, 0x00, 0x00, 0x00, 0x00, 0x00, 0x00, 0x00,
	0x00, 0x00, 0x00, 0x00, 0x00, 0x00, 0x00, 0x00, 0x00, 0x00, 0x00, 0x00, 0x00, 0x00,
	0x00, 0x00, 0x00, 0x00, 0x00, 0x00, 0x00, 0x00, 0x00, 0x00, 0x00, 0x00, 0x00, 0x00,
	0x00, 0x00, 0x00, 0x00, 0x00, 0x00, 0x00, 0x00, 0x00, 0x00, 0x00, 0x00, 0x00, 0x00,
	0x00, 0x00, 0x00, 0x00, 0x00, 0x00, 0x00, 0x00, 0x00, 0x00, 0x00, 0x00, 0x00, 0x00,
	0x00, 0x00, 0x00, 0x00, 0x00, 0x00, 0x00, 0x00, 0x00, 0x00, 0x00, 0x00, 0x00, 0x00,
	0x00, 0x00, 0x00, 0x00, 0x00, 0x00, 0x00, 0x00, 0x00, 0x00, 0x00, 0x00, 0x00, 0x00,
	0x00, 0x00, 0x00, 0x00, 0x00, 0x00, 0x00, 0x00, 0x00, 0x00, 0x00, 0x00, 0x00, 0x00,
	0x00, 0x00, 0x00, 0x00, 0x00, 0x00, 0x00, 0x00, 0x00, 0x00, 0x00, 0x00, 0x00, 0x00,
	0x00, 0x00, 0x00, 0x00, 0x00, 0x00, 0x00, 0x00, 0x00, 0x00, 0x00, 0x00, 0x00, 0x00,
	0x00, 0x00, 0x00, 0x00, 0x00, 0x00, 0x00, 0x00, 0x00, 0x00, 0x00, 0x00, 0x00, 0x00,
	0x00, 0x00, 0x00, 0x00, 0x00, 0x00, 0x00, 0x00, 0x00, 0x00, 0x00, 0x00, 0x00, 0x00,
	0x00, 0x00, 0x00, 0x00, 0x00, 0x00, 0x00, 0x00, 0x00, 0x00, 0x00, 0x00, 0x00, 0x00,
	0x00, 0x00, 0x00, 0x00, 0x00, 0x00, 0x00, 0x00, 0x00, 0x00, 0x00, 0x00, 0x00, 0x00,
	0x00, 0x00, 0x00, 0x00, 0x00, 0x00, 0x00, 0x00, 0x00, 0x00, 0x00, 0x00, 0x00, 0x00,
	0x00, 0x00, 0x00, 0x00, 0x00, 0x00, 0x00, 0x00, 0x00, 0x00, 0x00, 0x00, 0x00, 0x00,
	0x00, 0x00, 0x00, 0x00, 0x00, 0x00, 0x00, 0x00, 0x00, 0x00, 0x00, 0x00, 0x00, 0x00,
	0x00, 0x00, 0x00, 0x00, 0x00, 0x00, 0x00, 0x00, 0x00, 0x00, 0x00, 0x00, 0x00, 0x00,
	0x00, 0x00, 0x00, 0x00, 0x00, 0x00, 0x00, 0x00, 0x00, 0x00, 0x00, 0x00, 0x00, 0x00,
	0x00, 0x00, 0x00, 0x00, 0x00, 0x00, 0x00, 0x00, 0x00, 0x00, 0x00, 0x00, 0x00, 0x00,
	0x00, 0x00, 0x00, 0x00, 0x00, 0x00, 0x00, 0x00, 0x00, 0x00, 0x00, 0x00, 0x00, 0x00,
	0x00, 0x00, 0x00, 0x00, 0x00, 0x00, 0x00, 0x00, 0x00, 0x00, 0x00, 0x00, 0x00, 0x00,
	0x00, 0x00, 0x00, 0x00, 0x00, 0x00, 0x00, 0x00, 0x00, 0x00, 0x00, 0x00, 0x00, 0x00,
	0x00, 0x00, 0x00, 0x00, 0x00, 0x00, 0x00, 0x00, 0x00, 0x00, 0x00, 0x00, 0x00, 0x00,
	0x00, 0x00, 0x00, 0x00, 0x00, 0x00, 0x00, 0x00, 0x00, 0x00, 0x00, 0x00, 0x00, 0x00,
	0x00, 0x00, 0x00, 0x00, 0x00, 0x00, 0x00, 0x00, 0x00, 0x00, 0x00, 0x00, 0x00, 0x00,
	0x00, 0x00, 0x00, 0x00, 0x00, 0x00, 0x00, 0x00, 0x00, 0x00, 0x00, 0x00, 0x00, 0x00,
	0x00, 0x00, 0x00, 0x00, 0x00, 0x00, 0x00, 0x00, 0x00, 0x00, 0x00, 0x00, 0x00, 0x00,
	0x00, 0x00, 0x00, 0x00, 0x00, 0x00, 0x00, 0x00, 0x00, 0x00, 0x00, 0x00, 0x00, 0x00,
	0x00, 0x00, 0x00, 0x00, 0x00, 0x00, 0x00, 0x00, 0x00, 0x00, 0x00, 0x00, 0x00, 0x00,
	0x00, 0x00, 0x00, 0x00, 0x00, 0x00, 0x00, 0x00, 0x00, 0x00, 0x00, 0x00, 0x00, 0x00,
	0x00, 0x00, 0x00, 0x00, 0x00, 0x00, 0x00, 0x00, 0x00, 0x00, 0x00, 0x00, 0x00, 0x00,
	0x00, 0x00, 0x00, 0x00, 0x00, 0x00, 0x00, 0x00, 0x00, 0x00, 0x00, 0x00, 0x00, 0x00,
	0x00, 0x00, 0x00, 0x00, 0x00, 0x00, 0x00, 0x00, 0x00, 0x00, 0x00, 0x00, 0x00, 0x00,
	0x00, 0x00, 0x00, 0x00, 0x00, 0x00, 0x00, 0x00, 0x00, 0x00, 0x00, 0x00, 0x00, 0x00,
	0x00, 0x00, 0x00, 0x00, 0x00, 0x00, 0x00, 0x00, 0x00, 0x00, 0x00, 0x00, 0x00, 0x00,
	0x00, 0x00, 0x00, 0x00, 0x00, 0x00, 0x00, 0x00, 0x00, 0x00, 0x00, 0x00, 0x00, 0x00,
	0x00, 0x00, 0x00, 0x00, 0x00, 0x00, 0x00, 0x00, 0x00, 0x00, 0x00, 0x00, 0x00, 0x00,
	0x00, 0x00, 0x00, 0x00, 0x00, 0x00, 0x00, 0x00, 0x00, 0x00, 0x00, 0x00, 0x00, 0x00,
	0x00, 0x00, 0x00, 0x00, 0x00, 0x00, 0x00, 0x00, 0x00, 0x00, 0x00, 0x00, 0x00, 0x00,
	0x00, 0x00, 0x00, 0x00, 0x00, 0x00, 0x00, 0x00, 0x00, 0x00, 0x00, 0x00, 0x00, 0x00,
	0x00, 0x00, 0x00, 0x00, 0x00, 0x00, 0x00, 0x00, 0x00, 0x00, 0x00, 0x00, 0x00, 0x00,
	0x00, 0x00, 0x00, 0x00, 0x00, 0x00, 0x00, 0x00, 0x00, 0x00, 0x00, 0x00, 0x00, 0x00,
	0x00, 0x00, 0x00, 0x00, 0x00, 0x00, 0x00, 0x00, 0x00, 0x00, 0x00, 0x00, 0x00, 0x00,
	0x00, 0x00, 0x00, 0x00, 0x00, 0x00, 0x00, 0x00, 0x00, 0x00, 0x00, 0x00, 0x00, 0x00,
	0x00, 0x00, 0x00, 0x00, 0x00, 0x00, 0x00, 0x00, 0x00, 0x00, 0x00, 0x00, 0x00, 0x00,
	0x00, 0x00, 0x00, 0x00, 0x00, 0x00, 0x00, 0x00, 0x00, 0x00, 0x00, 0x00, 0x00, 0x00,
	0x00, 0x00, 0x00, 0x00, 0x00, 0x00, 0x00, 0x00, 0x00, 0x00, 0x00, 0x00, 0x00, 0x00,
	0x00, 0x00, 0x00, 0x00, 0x00, 0x00, 0x00, 0x00, 0x00, 0x00, 0x00, 0x00, 0x00, 0x00,
	0x00, 0x00, 0x00, 0x00, 0x00, 0x00, 0x00, 0x00, 0x00, 0x00, 0x00, 0x00, 0x00, 0x00,
	0x00, 0x00, 0x00, 0x00, 0x00, 0x00, 0x00, 0x00, 0x00, 0x00, 0x00, 0x00, 0x00, 0x00,
	0x00, 0x00, 0x00, 0x00, 0x00, 0x00, 0x00, 0x00, 0x00, 0x00, 0x00, 0x00, 0x00, 0x00,
	0x00, 0x00, 0x00, 0x00, 0x00, 0x00, 0x00, 0x00, 0x00, 0x00, 0x00, 0x00, 0x00, 0x00,
	0x00, 0x00, 0x00, 0x00, 0x00, 0x00, 0x00, 0x00, 0x00, 0x00, 0x00, 0x00, 0x00, 0x00,
	0x00, 0x00, 0x00, 0x00, 0x00, 0x00, 0x00, 0x00, 0x00, 0x00, 0x00, 0x00, 0x00, 0x00,
	0x00, 0x00, 0x00, 0x00, 0x00, 0x00, 0x00, 0x00, 0x00, 0x00, 0x00, 0x00, 0x00, 0x00,
	0x00, 0x00, 0x00, 0x00, 0x00, 0x00, 0x00, 0x00, 0x00, 0x00, 0x00, 0x00, 0x00, 0x00,
	0x00, 0x00, 0x00, 0x00, 0x00, 0x00, 0x00, 0x00, 0x00, 0x00, 0x00, 0x00, 0x00, 0x00,
	0x00, 0x00, 0x00, 0x00, 0x00, 0x00, 0x00, 0x00, 0x00, 0x00, 0x00, 0x00, 0x00, 0x00,
	0x00, 0x00, 0x00, 0x00, 0x00, 0x00, 0x00, 0x00, 0x00, 0x00, 0x00, 0x00, 0x00, 0x00,
	0x00, 0x00, 0x00, 0x00, 0x00, 0x00, 0x00, 0x00, 0x00, 0x00, 0x00, 0x00, 0x00, 0x00,
	0x00, 0x00, 0x00, 0x00, 0x00, 0x00, 0x00, 0x00, 0x00, 0x00, 0x00, 0x00, 0x00, 0x00,
	0x00, 0x00, 0x00, 0x00, 0x00, 0x00, 0x00, 0x00, 0x00, 0x00, 0x00, 0x00, 0x00, 0x00,
	0x00, 0x00, 0x00, 0x00, 0x00, 0x00, 0x00, 0x00, 0x00, 0x00, 0x00, 0x00, 0x00, 0x00,
	0x00, 0x00, 0x00, 0x00, 0x00, 0x00, 0x00, 0x00, 0x00, 0x00, 0x00, 0x00, 0x00, 0x00,
	0x00, 0x00, 0x00, 0x00, 0x00, 0x00, 0x00, 0x00, 0x00, 0x00, 0x00, 0x00, 0x00, 0x00,
	0x00, 0x00, 0x00, 0x00, 0x00, 0x00, 0x00, 0x00, 0x00, 0x00, 0x00, 0x00, 0x00, 0x00,
	0x00, 0x00, 0x00, 0x00, 0x00, 0x00, 0x00, 0x00, 0x00, 0x00, 0x00, 0x00, 0x00, 0x00,
	0x00, 0x00, 0x00, 0x00, 0x00, 0x00, 0x00, 0x00, 0x00, 0x00, 0x00, 0x00, 0x00, 0x00,
	0x00, 0x00, 0x00, 0x00, 0x00, 0x00, 0x00, 0x00, 0x00, 0x00, 0x00, 0x00, 0x00, 0x00,
	0x00, 0x00, 0x00, 0x00, 0x00, 0x00, 0x00, 0x00, 0x00, 0x00, 0x00, 0x00, 0x00, 0x00,
	0x00, 0x00, 0x00, 0x00, 0x00, 0x00, 0x00, 0x00, 0x00, 0x00, 0x00, 0x00, 0x00, 0x00,
	0x00, 0x00, 0x00, 0x00, 0x00, 0x00, 0x00, 0x00, 0x00, 0x00, 0x00, 0x00, 0x00, 0x00,
	0x00, 0x00, 0x00, 0x00, 0x00, 0x00, 0x00, 0x00, 0x00, 0x00, 0x00, 0x00, 0x00, 0x00,
	0x00, 0x00, 0x00, 0x00, 0x00, 0x00, 0x00, 0x00, 0x00, 0x00, 0x00, 0x00, 0x00, 0x00,
	0x00, 0x00, 0x00, 0x00, 0x00, 0x00, 0x00, 0x00, 0x00, 0x00, 0x00, 0x00, 0x00, 0x00,
	0x00, 0x00, 0x00, 0x00, 0x00, 0x00, 0x00, 0x00, 0x00, 0x00, 0x00, 0x00, 0x00, 0x00,
	0x00, 0x00, 0x00, 0x00, 0x00, 0x00, 0x00, 0x00, 0x00, 0x00, 0x00, 0x00, 0x00, 0x00,
	0x00, 0x00, 0x00, 0x00, 0x00, 0x00, 0x00, 0x00, 0x00, 0x00, 0x00, 0x00, 0x00, 0x00,
	0x00, 0x00, 0x00, 0x00, 0x00, 0x00, 0x00, 0x00, 0x00, 0x00, 0x00, 0x00, 0x00, 0x00,
	0x00, 0x00, 0x00, 0x00, 0x00, 0x00, 0x00, 0x00, 0x00, 0x00, 0x00, 0x00, 0x00, 0x00,
	0x00, 0x00, 0x00, 0x00, 0x00, 0x00, 0x00, 0x00, 0x00, 0x00, 0x00, 0x00, 0x00, 0x00,
	0x00, 0x00, 0x00, 0x00, 0x00, 0x00, 0x00, 0x00, 0x00, 0x00, 0x00, 0x00, 0x00, 0x00,
	0x00, 0x00, 0x00, 0x00, 0x00, 0x00, 0x00, 0x00, 0x00, 0x00, 0x00, 0x00, 0x00, 0x00,
	0x00, 0x00, 0x00, 0x00, 0x00, 0x00, 0x00, 0x00, 0x00, 0x00, 0x00, 0x00, 0x00, 0x00,
	0x00, 0x00, 0x00, 0x00, 0x00, 0x00, 0x00, 0x00, 0x00, 0x00, 0x00, 0x00, 0x00, 0x00,
	0x00, 0x00, 0x00, 0x00, 0x00, 0x00, 0x00, 0x00, 0x00, 0x00, 0x00, 0x00, 0x00, 0x00,
	0x00, 0x00, 0x00, 0x00, 0x00, 0x00, 0x00, 0x00, 0x00, 0x00, 0x00, 0x00, 0x00, 0x00,
	0x00, 0x00, 0x00, 0x00, 0x00, 0x00, 0x00, 0x00, 0x00, 0x00, 0x00, 0x00, 0x00, 0x00,
	0x00, 0x00, 0x00, 0x00, 0x00, 0x00, 0x00, 0x00, 0x00, 0x00, 0x00, 0x00, 0x00, 0x00,
	0x00, 0x00, 0x00, 0x00, 0x00, 0x00, 0x00, 0x00, 0x00, 0x00, 0x00, 0x00, 0x00, 0x00,
	0x00, 0x00, 0x00, 0x00, 0x00, 0x00, 0x00, 0x00, 0x00, 0x00, 0x00, 0x00, 0x00, 0x00,
	0x00, 0x00, 0x00, 0x00, 0x00, 0x00, 0x00, 0x00, 0x00, 0x00, 0x00, 0x00, 0x00, 0x00,
	0x00, 0x00, 0x00, 0x00, 0x00, 0x00, 0x00, 0x00, 0x00, 0x00, 0x00, 0x00, 0x00, 0x00,
	0x00, 0x00, 0x00, 0x00, 0x00, 0x00, 0x00, 0x00, 0x00, 0x00, 0x00, 0x00, 0x00, 0x00,
	0x00, 0x00, 0x00, 0x00, 0x00, 0x00, 0x00, 0x00, 0x00, 0x00, 0x00, 0x00, 0x00, 0x00,
	0x00, 0x00, 0x00, 0x00, 0x00, 0x00, 0x00, 0x00, 0x00, 0x00, 0x00, 0x00, 0x00, 0x00,
	0x00, 0x00, 0x00, 0x00, 0x00, 0x00, 0x00, 0x00, 0x00, 0x00, 0x00, 0x00, 0x00, 0x00,
	0x00, 0x00, 0x00, 0x00, 0x00, 0x00, 0x00, 0x00, 0x00, 0x00, 0x00, 0x00, 0x00, 0x00,
	0x00, 0x00, 0x00, 0x00, 0x00, 0x00, 0x00, 0x00, 0x00, 0x00, 0x00, 0x00, 0x00, 0x00,
	0x00, 0x00, 0x00, 0x00, 0x00, 0x00, 0x00, 0x00, 0x00, 0x00, 0x00, 0x00, 0x00, 0x00,
	0x00, 0x00, 0x00, 0x00, 0x00, 0x00, 0x00, 0x00, 0x00, 0x00, 0x00, 0x00, 0x00, 0x00,
	0x00, 0x00, 0x00, 0x00, 0x00, 0x00, 0x00, 0x00, 0x00, 0x00, 0x00, 0x00, 0x00, 0x00,
	0x00, 0x00, 0x00, 0x00, 0x00, 0x00, 0x00, 0x00, 0x00, 0x00, 0x00, 0x00, 0x00, 0x00,
	0x00, 0x00, 0x00, 0x00, 0x00, 0x00, 0x00, 0x00, 0x00, 0x00, 0x00, 0x00, 0x00, 0x00,
	0x00, 0x00, 0x00, 0x00, 0x00, 0x00, 0x00, 0x00, 0x00, 0x00, 0x00, 0x00, 0x00, 0x00,
	0x00, 0x00, 0x00, 0x00, 0x00, 0x00, 0x00, 0x00, 0x00, 0x00, 0x00, 0x00, 0x00, 0x00,
	0x00, 0x00, 0x00, 0x00, 0x00, 0x00, 0x00, 0x00, 0x00, 0x00, 0x00, 0x00, 0x00, 0x00,
	0x00, 0x00, 0x00, 0x00, 0x00, 0x00, 0x00, 0x00, 0x00, 0x00, 0x00, 0x00, 0x00, 0x00,
	0x00, 0x00, 0x00, 0x00, 0x00, 0x00, 0x00, 0x00, 0x00, 0x00, 0x00, 0x00, 0x00, 0x00,
	0x00, 0x00, 0x00, 0x00, 0x00, 0x00, 0x00, 0x00, 0x00, 0x00, 0x00, 0x00, 0x00, 0x00,
	0x00, 0x00, 0x00, 0x00, 0x00, 0x00, 0x00, 0x00, 0x00, 0x00, 0x00, 0x00, 0x00, 0x00,
	0x00, 0x00, 0x00, 0x00, 0x00, 0x00, 0x00, 0x00, 0x00, 0x00, 0x00, 0x00, 0x00, 0x00,
	0x00, 0x00, 0x00, 0x00, 0x00, 0x00, 0x00, 0x00, 0x00, 0x00, 0x00, 0x00, 0x00, 0x00,
	0x00, 0x00, 0x00, 0x00, 0x00, 0x00, 0x00, 0x00, 0x00, 0x00, 0x00, 0x00, 0x00, 0x00,
	0x00, 0x00, 0x00, 0x00, 0x00, 0x00, 0x00, 0x00, 0x00, 0x00, 0x00, 0x00, 0x00, 0x00,
	0x00, 0x00, 0x00, 0x00, 0x00, 0x00, 0x00, 0x00, 0x00, 0x00, 0x00, 0x00, 0x00, 0x00,
	0x00, 0x00, 0x00, 0x00, 0x00, 0x00, 0x00, 0x00, 0x00, 0x00, 0x00, 0x00, 0x00, 0x00,
	0x00, 0x00, 0x00, 0x00, 0x00, 0x00, 0x00, 0x00, 0x00, 0x00, 0x00, 0x00, 0x00, 0x00,
	0x00, 0x00, 0x00, 0x00, 0x00, 0x00, 0x00, 0x00, 0x00, 0x00, 0x00, 0x00, 0x00, 0x00,
	0x00, 0x00, 0x00, 0x00, 0x00, 0x00, 0x00, 0x00, 0x00, 0x00, 0x00, 0x00, 0x00, 0x00,
	0x00, 0x00, 0x00, 0x00, 0x00, 0x00, 0x00, 0x00, 0x00, 0x00, 0x00, 0x00, 0x00, 0x00,
	0x00, 0x00, 0x00, 0x00, 0x00, 0x00, 0x00, 0x00, 0x00, 0x00, 0x00, 0x00, 0x00, 0x00,
	0x00, 0x00, 0x00, 0x00, 0x00, 0x00, 0x00, 0x00, 0x00, 0x00, 0x00, 0x00, 0x00, 0x00,
	0x00, 0x00, 0x00, 0x00, 0x00, 0x00, 0x00, 0x00, 0x00, 0x00, 0x00, 0x00, 0x00, 0x00,
	0x00, 0x00, 0x00, 0x00, 0x00, 0x00, 0x00, 0x00, 0x00, 0x00, 0x00, 0x00, 0x00, 0x00,
	0x00, 0x00, 0x00, 0x00, 0x00, 0x00, 0x00, 0x00, 0x00, 0x00, 0x00, 0x00, 0x00, 0x00,
	0x00, 0x00, 0x00, 0x00, 0x00, 0x00, 0x00, 0x00, 0x00, 0x00, 0x00, 0x00, 0x00, 0x00,
	0x00, 0x00, 0x00, 0x00, 0x00, 0x00, 0x00, 0x00, 0x00, 0x00, 0x00, 0x00, 0x00, 0x00,
	0x00, 0x00, 0x00, 0x00, 0x00, 0x00, 0x00, 0x00, 0x00, 0x00, 0x00, 0x00, 0x00, 0x00,
	0x00, 0x00, 0x00, 0x00, 0x00, 0x00, 0x00, 0x00, 0x00, 0x00, 0x00, 0x00, 0x00, 0x00,
	0x00, 0x00, 0x00, 0x00, 0x00, 0x00, 0x00, 0x00, 0x00, 0x00, 0x00, 0x00, 0x00, 0x00,
	0x00, 0x00, 0x00, 0x00, 0x00, 0x00, 0x00, 0x00, 0x00, 0x00, 0x00, 0x00, 0x00, 0x00,
	0x00, 0x00, 0x00, 0x00, 0x00, 0x00, 0x00, 0x00, 0x00, 0x00, 0x00, 0x00, 0x00, 0x00,
	0x00, 0x00, 0x00, 0x00, 0x00, 0x00, 0x00, 0x00, 0x00, 0x00, 0x00, 0x00, 0x00, 0x00,
	0x00, 0x00, 0x00, 0x00, 0x00, 0x00, 0x00, 0x00, 0x00, 0x00, 0x00, 0x00, 0x00, 0x00,
	0x00, 0x00, 0x00, 0x00, 0x00, 0x00, 0x00, 0x00, 0x00, 0x00, 0x00, 0x00, 0x00, 0x00,
	0x00, 0x00, 0x00, 0x00, 0x00, 0x00, 0x00, 0x00, 0x00, 0x00, 0x00, 0x00, 0x00, 0x00,
	0x00, 0x00, 0x00, 0x00, 0x00, 0x00, 0x00, 0x00, 0x00, 0x00, 0x00, 0x00, 0x00, 0x00,
	0x00, 0x00, 0x00, 0x00, 0x00, 0x00, 0x00, 0x00, 0x00, 0x00, 0x00, 0x00, 0x00, 0x00,
	0x00, 0x00, 0x00, 0x00, 0x00, 0x00, 0x00, 0x00, 0x00, 0x00, 0x00, 0x00, 0x00, 0x00,
	0x00, 0x00, 0x00, 0x00, 0x00, 0x00, 0x00, 0x00, 0x00, 0x00, 0x00, 0x00, 0x00, 0x00,
	0x00, 0x00, 0x00, 0x00, 0x00, 0x00, 0x00, 0x00, 0x00, 0x00, 0x00, 0x00, 0x00, 0x00,
	0x00, 0x00, 0x00, 0x00, 0x00, 0x00, 0x00, 0x00, 0x00, 0x00, 0x00, 0x00, 0x00, 0x00,
	0x00, 0x00, 0x00, 0x00, 0x00, 0x00, 0x00, 0x00, 0x00, 0x00, 0x00, 0x00, 0x00, 0x00,
	0x00, 0x00, 0x00, 0x00, 0x00, 0x00, 0x00, 0x00, 0x00, 0x00, 0x00, 0x00, 0x00, 0x00,
	0x00, 0x00, 0x00, 0x00, 0x00, 0x00, 0x00, 0x00, 0x00, 0x00, 0x00, 0x00, 0x00, 0x00,
	0x00, 0x00, 0x00, 0x00, 0x00, 0x00, 0x00, 0x00, 0x00, 0x00, 0x00, 0x00, 0x00, 0x00,
	0x00, 0x00, 0x00, 0x00, 0x00, 0x00, 0x00, 0x00, 0x00, 0x00, 0x00, 0x00, 0x00, 0x00,
	0x00, 0x00, 0x00, 0x00, 0x00, 0x00, 0x00, 0x00, 0x00, 0x00, 0x00, 0x00, 0x00, 0x00,
	0x00, 0x00, 0x00, 0x00, 0x00, 0x00, 0x00, 0x00, 0x00, 0x00, 0x00, 0x00, 0x00, 0x00,
	0x00, 0x00, 0x00, 0x00, 0x00, 0x00, 0x00, 0x00, 0x00, 0x00, 0x00, 0x00, 0x00, 0x00,
	0x00, 0x00, 0x00, 0x00, 0x00, 0x00, 0x00, 0x00, 0x00, 0x00, 0x00, 0x00, 0x00, 0x00,
	0x00, 0x00, 0x00, 0x00, 0x00, 0x00, 0x00, 0x00, 0x00, 0x00, 0x00, 0x00, 0x00, 0x00,
	0x00, 0x00, 0x00, 0x00, 0x00, 0x00, 0x00, 0x00, 0x00, 0x00, 0x00, 0x00, 0x00, 0x00,
	0x00, 0x00, 0x00, 0x00, 0x00, 0x00, 0x00, 0x00, 0x00, 0x00, 0x00, 0x00, 0x00, 0x00,
	0x00, 0x00, 0x00, 0x00, 0x00, 0x00, 0x00, 0x00, 0x00, 0x00, 0x00, 0x00, 0x00, 0x00,
	0x00, 0x00, 0x00, 0x00, 0x00, 0x00, 0x00, 0x00, 0x00, 0x00, 0x00, 0x00, 0x00, 0x00,
	0x00, 0x00, 0x00, 0x00, 0x00, 0x00, 0x00, 0x00, 0x00, 0x00, 0x00, 0x00, 0x00, 0x00,
	0x00, 0x00, 0x00, 0x00, 0x00, 0x00, 0x00, 0x00, 0x00, 0x00, 0x00, 0x00, 0x00, 0x00,
	0x00, 0x00, 0x00, 0x00, 0x00, 0x00, 0x00, 0x00, 0x00, 0x00, 0x00, 0x00, 0x00, 0x00,
	0x00, 0x00, 0x00, 0x00, 0x00, 0x00, 0x00, 0x00, 0x00, 0x00, 0x00, 0x00, 0x00, 0x00,
	0x00, 0x00, 0x00, 0x00, 0x00, 0x00, 0x00, 0x00, 0x00, 0x00, 0x00, 0x00, 0x00, 0x00,
	0x00, 0x00, 0x00, 0x00, 0x00, 0x00, 0x00, 0x00, 0x00, 0x00, 0x00, 0x00, 0x00, 0x00,
	0x00, 0x00, 0x00, 0x00, 0x00, 0x00, 0x00, 0x00, 0x00, 0x00, 0x00, 0x00, 0x00, 0x00,
	0x00, 0x00, 0x00, 0x00, 0x00, 0x00, 0x00, 0x00, 0x00, 0x00, 0x00, 0x00, 0x00, 0x00,
	0x00, 0x00, 0x00, 0x00, 0x00, 0x00, 0x00, 0x00, 0x00, 0x00, 0x00, 0x00, 0x00, 0x00,
	0x00, 0x00, 0x00, 0x00, 0x00, 0x00, 0x00, 0x00, 0x00, 0x00, 0x00, 0x00, 0x00, 0x00,
	0x00, 0x00, 0x00, 0x00, 0x00, 0x00, 0x00, 0x00, 0x00, 0x00, 0x00, 0x00, 0x00, 0x00,
	0x00, 0x00, 0x00, 0x00, 0x00, 0x00, 0x00, 0x00, 0x00, 0x00, 0x00, 0x00, 0x00, 0x00,
	0x00, 0x00, 0x00, 0x00, 0x00, 0x00, 0x00, 0x00, 0x00, 0x00, 0x00, 0x00, 0x00, 0x00,
	0x00, 0x00, 0x00, 0x00, 0x00, 0x00, 0x00, 0x00, 0x00, 0x00, 0x00, 0x00, 0x00, 0x00,
	0x00, 0x00, 0x00, 0x00, 0x00, 0x00, 0x00, 0x00, 0x00, 0x00, 0x00, 0x00, 0x00, 0x00,
	0x00, 0x00, 0x00, 0x00, 0x00, 0x00, 0x00, 0x00, 0x00, 0x00, 0x00, 0x00, 0x00, 0x00,
	0x00, 0x00, 0x00, 0x00, 0x00, 0x00, 0x00, 0x00, 0x00, 0x00, 0x00, 0x00, 0x00, 0x00,
	0x00, 0x00, 0x00, 0x00, 0x00, 0x00, 0x00, 0x00, 0x00, 0x00, 0x00, 0x00, 0x00, 0x00,
	0x00, 0x00, 0x00, 0x00, 0x00, 0x00, 0x00, 0x00, 0x00, 0x00, 0x00, 0x00, 0x00, 0x00,
	0x00, 0x00, 0x00, 0x00, 0x00, 0x00, 0x00, 0x00, 0x00, 0x00, 0x00, 0x00, 0x00, 0x00,
	0x00, 0x00, 0x00, 0x00, 0x00, 0x00, 0x00, 0x00, 0x00, 0x00, 0x00, 0x00, 0x00, 0x00,
	0x00, 0x00, 0x00, 0x00, 0x00, 0x00, 0x00, 0x00, 0x00, 0x00, 0x00, 0x00, 0x00, 0x00,
	0x00, 0x00, 0x00, 0x00, 0x00, 0x00, 0x00, 0x00, 0x00, 0x00, 0x00, 0x00, 0x00, 0x00,
	0x00, 0x00, 0x00, 0x00, 0x00, 0x00, 0x00, 0x00, 0x00, 0x00, 0x00, 0x00, 0x00, 0x00,
	0x00, 0x00, 0x00, 0x00, 0x00, 0x00, 0x00, 0x00, 0x00, 0x00, 0x00, 0x00, 0x00, 0x00,
	0x00, 0x00, 0x00, 0x00, 0x00, 0x00, 0x00, 0x00, 0x00, 0x00, 0x00, 0x00, 0x00, 0x00,
	0x00, 0x00, 0x00, 0x00, 0x00, 0x00, 0x00, 0x00, 0x00, 0x00, 0x00, 0x00, 0x00, 0x00,
	0x00, 0x00, 0x00, 0x00, 0x00, 0x00, 0x00, 0x00, 0x00, 0x00, 0x00, 0x00, 0x00, 0x00,
	0x00, 0x00, 0x00, 0x00, 0x00, 0x00, 0x00, 0x00, 0x00, 0x00, 0x00, 0x00, 0x00, 0x00,
	0x00, 0x00, 0x00, 0x00, 0x00, 0x00, 0x00, 0x00, 0x00, 0x00, 0x00, 0x00, 0x00, 0x00,
	0x00, 0x00, 0x00, 0x00, 0x00, 0x00, 0x00, 0x00, 0x00, 0x00, 0x00, 0x00, 0x00, 0x00,
	0x00, 0x00, 0x00, 0x00, 0x00, 0x00, 0x00, 0x00, 0x00, 0x00, 0x00, 0x00, 0x00, 0x00,
	0x00, 0x00, 0x00, 0x00, 0x00, 0x00, 0x00, 0x00, 0x00, 0x00, 0x00, 0x00, 0x00, 0x00,
	0x00, 0x00, 0x00, 0x00, 0x00, 0x00, 0x00, 0x00, 0x00, 0x00, 0x00, 0x00, 0x00, 0x00,
	0x00, 0x00, 0x00, 0x00, 0x00, 0x00, 0x00, 0x00, 0x00, 0x00, 0x00, 0x00, 0x00, 0x00,
	0x00, 0x00, 0x00, 0x00, 0x00, 0x00, 0x00, 0x00, 0x00, 0x00, 0x00, 0x00, 0x00, 0x00,
	0x00, 0x00, 0x00, 0x00, 0x00, 0x00, 0x00, 0x00, 0x00, 0x00, 0x00, 0x00, 0x00, 0x00,
	0x00, 0x00, 0x00, 0x00, 0x00, 0x00, 0x00, 0x00, 0x00, 0x00, 0x00, 0x00, 0x00, 0x00,
	0x00, 0x00, 0x00, 0x00, 0x00, 0x00, 0x00, 0x00, 0x00, 0x00, 0x00, 0x00, 0x00, 0x00,
	0x00, 0x00, 0x00, 0x00, 0x00, 0x00, 0x00, 0x00, 0x00, 0x00, 0x00, 0x00, 0x00, 0x00,
	0x00, 0x00, 0x00, 0x00, 0x00, 0x00, 0x00, 0x00, 0x00, 0x00, 0x00, 0x00, 0x00, 0x00,
	0x00, 0x00, 0x00, 0x00, 0x00, 0x00, 0x00, 0x00, 0x00, 0x00, 0x00, 0x00, 0x00, 0x00,
	0x00, 0x00, 0x00, 0x00, 0x00, 0x00, 0x00, 0x00, 0x00, 0x00, 0x00, 0x00, 0x00, 0x00,
	0x00, 0x00, 0x00, 0x00, 0x00, 0x00, 0x00, 0x00, 0x00, 0x00, 0x00, 0x00, 0x00, 0x00,
	0x00, 0x00, 0x00, 0x00, 0x00, 0x00, 0x00, 0x00, 0x00, 0x00, 0x00, 0x00, 0x00, 0x00,
	0x00, 0x00, 0x00, 0x00, 0x00, 0x00, 0x00, 0x00, 0x00, 0x00, 0x00, 0x00, 0x00, 0x00,
	0x00, 0x00, 0x00, 0x00, 0x00, 0x00, 0x00, 0x00, 0x00, 0x00, 0x00, 0x00, 0x00, 0x00,
	0x00, 0x00, 0x00, 0x00, 0x00, 0x00, 0x00, 0x00, 0x00, 0x00, 0x00, 0x00, 0x00, 0x00,
	0x00, 0x00, 0x00, 0x00, 0x00, 0x00, 0x00, 0x00, 0x00, 0x00, 0x00, 0x00, 0x00, 0x00,
	0x00, 0x00, 0x00, 0x00, 0x00, 0x00, 0x00, 0x00, 0x00, 0x00, 0x00, 0x00, 0x00, 0x00,
	0x00, 0x00, 0x00, 0x00, 0x00, 0x00, 0x00, 0x00, 0x00, 0x00, 0x00, 0x00, 0x00, 0x00,
	0x00, 0x00, 0x00, 0x00, 0x00, 0x00, 0x00, 0x00, 0x00, 0x00, 0x00, 0x00, 0x00, 0x00,
	0x00, 0x00, 0x00, 0x00, 0x00, 0x00, 0x00, 0x00, 0x00, 0x00, 0x00, 0x00, 0x00, 0x00,
	0x00, 0x00, 0x00, 0x00, 0x00, 0x00, 0x00, 0x00, 0x00, 0x00, 0x00, 0x00, 0x00, 0x00,
	0x00, 0x00, 0x00, 0x00, 0x00, 0x00, 0x00, 0x00, 0x00, 0x00, 0x00, 0x00, 0x00, 0x00,
	0x00, 0x00, 0x00, 0x00, 0x00, 0x00, 0x00, 0x00, 0x00, 0x00, 0x00, 0x00, 0x00, 0x00,
	0x00, 0x00, 0x00, 0x00, 0x00, 0x00, 0x00, 0x00, 0x00, 0x00, 0x00, 0x00, 0x00, 0x00,
	0x00, 0x00, 0x00, 0x00, 0x00, 0x00, 0x00, 0x00, 0x00, 0x00, 0x00, 0x00, 0x00, 0x00,
	0x00, 0x00, 0x00, 0x00, 0x00, 0x00, 0x00, 0x00, 0x00, 0x00, 0x00, 0x00, 0x00, 0x00,
	0x00, 0x00, 0x00, 0x00, 0x00, 0x00, 0x00, 0x00, 0x00, 0x00, 0x00, 0x00, 0x00, 0x00,
	0x00, 0x00, 0x00, 0x00, 0x00, 0x00, 0x13, 0x01, 0x01, 0xf1, 0x23, 0x3c, 0x91, 0x0c,
	0x9b, 0x04, 0x20, 0x00, 0x93, 0x94, 0x04, 0x03, 0x23, 0x30, 0x81, 0x0e, 0x23, 0x38,
	0x21, 0x0d, 0x23, 0x34, 0x31, 0x0d, 0x23, 0x30, 0x41, 0x0d, 0x23, 0x3c, 0x51, 0x0b,
	0x23, 0x38, 0x61, 0x0b, 0x23, 0x34, 0x71, 0x0b, 0x23, 0x30, 0x81, 0x0b, 0x23, 0x3c,
	0x91, 0x09, 0x23, 0x38, 0xa1, 0x09, 0x23, 0x34, 0xb1, 0x09, 0x23, 0x30, 0xa1, 0x08,
	0x23, 0x3c, 0xb1, 0x06, 0x23, 0x38, 0xc1, 0x06, 0x23, 0x34, 0xd1, 0x06, 0x23, 0x30,
	0xe1, 0x06, 0x23, 0x3c, 0xf1, 0x04, 0x23, 0x38, 0x01, 0x05, 0x23, 0x34, 0x11, 0x05,
	0x23, 0x30, 0x51, 0x04, 0x23, 0x3c, 0x61, 0x02, 0x23, 0x38, 0x71, 0x02, 0x23, 0x34,
	0xc1, 0x03, 0x23, 0x30, 0xd1, 0x03, 0x23, 0x3c, 0xe1, 0x01, 0x23, 0x38, 0xf1, 0x01,
	0x9b, 0x02, 0x10, 0x00, 0x93, 0x92, 0x02, 0x03, 0x03, 0xb3, 0x04, 0x07, 0xb7, 0x23,
	0x00, 0x00, 0x9b, 0x83, 0x13, 0x00, 0x33, 0x63, 0x73, 0x00, 0x23, 0xbc, 0x64, 0x08,
	0x37, 0x8f, 0x00, 0x00, 0x83, 0xbf, 0x84, 0x00, 0x33, 0x7e, 0xff, 0x01, 0xe3, 0x0c,
	0x0e, 0xfe, 0x93, 0xf3, 0xff, 0x01, 0x13, 0x0f, 0x40, 0x01, 0xe3, 0x04, 0x7f, 0x20,
	0x13, 0x0f, 0x50, 0x01, 0xe3, 0x00, 0x7f, 0x20, 0x13, 0x0f, 0x70, 0x00, 0x63, 0x02,
	0x7f, 0x02, 0x13, 0x0f, 0xb0, 0x00, 0x63, 0x0c, 0x7f, 0x5c, 0x13, 0x85, 0x0f, 0x00,
	0x83, 0xb5, 0x84, 0x4c, 0x23, 0x34, 0x11, 0x00, 0xef, 0x00, 0x11, 0x09, 0x83, 0x30,
	0x81, 0x00, 0x6f, 0x00, 0x10, 0x16, 0x13, 0x03, 0x20, 0x00, 0x93, 0x0e, 0x80, 0x00,
	0x03, 0xee, 0x84, 0x2f, 0x93, 0x59, 0x0e, 0x01, 0x63, 0xd8, 0x69, 0x00, 0x63, 0x88,
	0x09, 0x00, 0x23, 0xac, 0xd4, 0x1b, 0x6f, 0x00, 0x40, 0x05, 0x23, 0xac, 0x64, 0x1a,
	0x37, 0xef, 0x02, 0x00, 0x1b, 0x0f, 0x8f, 0x08, 0x33, 0x0f, 0x5f, 0x00, 0x03, 0x6f,
	0x0f, 0x00, 0x93, 0x7e, 0xff, 0x01, 0x13, 0x09, 0x20, 0x00, 0x63, 0x8a, 0x2e, 0x19,
	0x13, 0x09, 0x50, 0x00, 0x63, 0x84, 0x2e, 0x1f, 0x13, 0x09, 0x60, 0x00, 0x63, 0x80,
	0x2e, 0x1f, 0x13, 0x09, 0xc0, 0x00, 0x63, 0x88, 0x2e, 0x1b, 0x13, 0x09, 0xf0, 0x00,
	0x63, 0x84, 0x2e, 0x1f, 0x13, 0x09, 0x10, 0x01, 0x63, 0x8a, 0x2e, 0x1f, 0xe3, 0xd2,
	0x69, 0x0e, 0x6f, 0x00, 0xc0, 0x02, 0x93, 0x7e, 0xfe, 0x0f, 0x13, 0x0f, 0xc0, 0x00,
	0x63, 0x8c, 0xee, 0x13, 0x13, 0x0f, 0x20, 0x01, 0x63, 0x88, 0xee, 0x13, 0x13, 0x0f,
	0xe0, 0x00, 0x63, 0x86, 0xee, 0x09, 0x13, 0x0f, 0x80, 0x00, 0x63, 0x88, 0xee, 0x25,
	0x6f, 0x00, 0x00, 0x52, 0x37, 0x29, 0x03, 0x00, 0x1b, 0x09, 0x09, 0x0f, 0x33, 0x09,
	0x59, 0x00, 0xb7, 0x2a, 0x03, 0x00, 0x9b, 0x8a, 0x4a, 0x10, 0xb3, 0x8a, 0x5a, 0x00,
	0x13, 0x0b, 0x00, 0x00, 0x83, 0x69, 0x09, 0x00, 0x93, 0xd9, 0xf9, 0x01, 0x33, 0x6b,
	0x3b, 0x01, 0x13, 0x09, 0x49, 0x00, 0xe3, 0x48, 0x59, 0xff, 0x63, 0x16, 0x0b, 0x04,
	0x13, 0x5f, 0x4e, 0x00, 0x13, 0x7f, 0x0f, 0x7f, 0xb7, 0x2e, 0x00, 0x00, 0x9b, 0x8e,
	0x8e, 0x00, 0xb3, 0xee, 0xee, 0x01, 0x23, 0xac, 0xd4, 0x09, 0x37, 0xd9, 0x00, 0x00,
	0x1b, 0x09, 0x49, 0x88, 0x33, 0x09, 0x59, 0x00, 0x83, 0x69, 0x09, 0x00, 0x93, 0xf9,
	0x79, 0x00, 0x63, 0x90, 0x09, 0x22, 0x37, 0xd9, 0x00, 0x00, 0x1b, 0x09, 0x49, 0x8b,
	0x33, 0x09, 0x59, 0x00, 0x83, 0x69, 0x09, 0x00, 0x63, 0x92, 0x09, 0x0a, 0x6f, 0x00,
	0xd0, 0x03, 0x13, 0x05, 0xf0, 0x01, 0x37, 0x29, 0x03, 0x00, 0x1b, 0x09, 0x09, 0x0f,
	0x33, 0x09, 0x59, 0x00, 0xb7, 0x2a, 0x03, 0x00, 0x9b, 0x8a, 0x4a, 0x10, 0xb3, 0x8a,
	0x5a, 0x00, 0xb3, 0x05, 0x00, 0x00, 0x37, 0x29, 0x03, 0x00, 0x1b, 0x09, 0x09, 0x0f,
	0x33, 0x09, 0x59, 0x00, 0x33, 0x0c, 0x00, 0x00, 0x13, 0x0a, 0x10, 0x00, 0x83, 0x69,
	0x09, 0x00, 0x13, 0xdb, 0xf9, 0x01, 0x63, 0x04, 0x0b, 0x02, 0xb3, 0xe5, 0x45, 0x01,
	0xb7, 0x0b, 0x00, 0x80, 0x9b, 0x8b, 0xfb, 0xff, 0xb3, 0xf9, 0x79, 0x01, 0x23, 0x20,
	0x39, 0x01, 0x13, 0x6c, 0x1c, 0x00, 0x83, 0x69, 0x09, 0x00, 0x13, 0xdb, 0xf9, 0x01,
	0xe3, 0x10, 0x0b, 0xfc, 0x13, 0x1a, 0x1a, 0x00, 0x13, 0x09, 0x49, 0x00, 0x63, 0xc4,
	0x2a, 0x01, 0x6f, 0xf0, 0x5f, 0xfc, 0xe3, 0x16, 0x0c, 0xfa, 0x03, 0xbf, 0x84, 0x02,
	0x63, 0x02, 0x0f, 0x00, 0x63, 0x8c, 0x05, 0x7a, 0x37, 0xc9, 0x00, 0x00, 0x1b, 0x09,
	0x09, 0x2e, 0x33, 0x09, 0x59, 0x00, 0x93, 0x09, 0x20, 0x00, 0x23, 0x20, 0x39, 0x01,
	0x6f, 0x00, 0x00, 0x7a, 0x13, 0x85, 0x0f, 0x00, 0x93, 0x05, 0x0e, 0x00, 0x83, 0xbe,
	0x84, 0x02, 0x63, 0x82, 0x0e, 0x00, 0x23, 0x34, 0x11, 0x00, 0xef, 0x00, 0x01, 0x6c,
	0x83, 0x30, 0x81, 0x00, 0x6f, 0x00, 0x00, 0x79, 0x13, 0x09, 0x50, 0x00, 0x93, 0x09,
	0x00, 0x00, 0x23, 0xa8, 0x24, 0x1b, 0x13, 0x59, 0x5f, 0x00, 0x13, 0x79, 0x39, 0x00,
	0x23, 0xa4, 0x24, 0x05, 0x13, 0x09, 0x80, 0x3e, 0x13, 0x09, 0xf9, 0xff, 0xe3, 0x1e,
	0x09, 0xfe, 0x23, 0xa8, 0x34, 0x1b, 0x83, 0xb9, 0x84, 0x02, 0x63, 0x82, 0x09, 0x00,
	0x6f, 0x00, 0xc0, 0x74, 0x13, 0x09, 0x70, 0x00, 0x23, 0xa8, 0x24, 0x1b, 0x03, 0xb9,
	0x84, 0x02, 0x63, 0x02, 0x09, 0x00, 0x37, 0xc9, 0x00, 0x00, 0x1b, 0x09, 0x09, 0x2e,
	0x33, 0x09, 0x59, 0x00, 0x93, 0x09, 0x20, 0x00, 0x23, 0x20, 0x39, 0x01, 0x6f, 0x00,
	0x40, 0x72, 0x13, 0x09, 0x00, 0x00, 0x23, 0xa8, 0x24, 0x1b, 0x93, 0x59, 0x5f, 0x00,
	0x93, 0xf9, 0x39, 0x00, 0x23, 0xa4, 0x34, 0x05, 0x6f, 0x00, 0xc0, 0x70, 0x13, 0x09,
	0x20, 0x00, 0x23, 0xa8, 0x24, 0x1b, 0x03, 0xb9, 0x84, 0x02, 0x63, 0x02, 0x09, 0x00,
	0x6f, 0x00, 0x80, 0x6f, 0x13, 0x09, 0x30, 0x00, 0x23, 0xa8, 0x24, 0x1b, 0x03, 0xb9,
	0x84, 0x02, 0x63, 0x02, 0x09, 0x00, 0x13, 0x09, 0x80, 0x0c, 0x13, 0x09, 0xf9, 0xff,
	0xe3, 0x1e, 0x09, 0xfe, 0x37, 0xef, 0x02, 0x00, 0x1b, 0x0f, 0x8f, 0x08, 0x33, 0x0f,
	0x5f, 0x00, 0x03, 0x6f, 0x0f, 0x00, 0x93, 0x7e, 0xff, 0x01, 0x13, 0x09, 0x40, 0x01,
	0xe3, 0x9e, 0x2e, 0xfd, 0x13, 0x09, 0x70, 0x00, 0x03, 0xb3, 0x84, 0x2f, 0x13, 0x53,
	0x13, 0x01, 0x13, 0x73, 0x13, 0x00, 0x63, 0x04, 0x03, 0x00, 0x23, 0xac, 0x24, 0x1b,
	0x03, 0xb9, 0x84, 0x02, 0x63, 0x02, 0x09, 0x00, 0x23, 0x34, 0x11, 0x00, 0xef, 0x00,
	0x80, 0x72, 0x83, 0x30, 0x81, 0x00, 0x03, 0xef, 0x04, 0x09, 0xe3, 0x1e, 0x0f, 0xfe,
	0x93, 0x03, 0x00, 0x0c, 0x23, 0xb4, 0x74, 0x02, 0x03, 0xb9, 0x84, 0x02, 0x63, 0x02,
	0x09, 0x00, 0x13, 0x09, 0x40, 0x00, 0x23, 0xa8, 0x24, 0x1b, 0x6f, 0x00, 0x00, 0x68,
	0x13, 0x5f, 0x4e, 0x00, 0x13, 0x7f, 0x0f, 0x7f, 0x37, 0x2e, 0x00, 0x00, 0x1b, 0x0e,
	0x8e, 0x00, 0x33, 0x6e, 0xee, 0x01, 0x23, 0xac, 0xc4, 0x09, 0x37, 0xd9, 0x00, 0x00,
	0x1b, 0x09, 0x49, 0x88, 0x33, 0x09, 0x59, 0x00, 0x83, 0x69, 0x09, 0x00, 0x93, 0xf9,
	0x79, 0x00, 0x63, 0x96, 0x09, 0x00, 0x13, 0x09, 0x80, 0x00, 0x6f, 0x00, 0x80, 0x63,
	0x37, 0xda, 0x00, 0x00, 0x1b, 0x0a, 0xca, 0x82, 0x33, 0x0a, 0x5a, 0x00, 0x83, 0x69,
	0x0a, 0x00, 0x93, 0xf9, 0x79, 0x00, 0x63, 0x9c, 0x09, 0x00, 0x23, 0x20, 0x09, 0x00,
	0x13, 0x09, 0x80, 0x00, 0x03, 0xb9, 0x84, 0x02, 0x63, 0x02, 0x09, 0x00, 0x6f, 0x00,
	0xc0, 0x60, 0x03, 0xbd, 0x84, 0x02, 0x93, 0x5c, 0x6d, 0x02, 0x93, 0xfc, 0xfc, 0x00,
	0x93, 0x5d, 0x0d, 0x02, 0x93, 0xfd, 0x3d, 0x00, 0x13, 0x5d, 0x1d, 0x03, 0x13, 0x7d,
	0x0d, 0x0c, 0xb3, 0x6d, 0xbd, 0x01, 0x03, 0xbd, 0x84, 0x02, 0x37, 0xd9, 0x00, 0x00,
	0x1b, 0x09, 0xc9, 0x8a, 0x33, 0x09, 0x59, 0x00, 0x37, 0x3e, 0x00, 0x00, 0x23, 0x20,
	0xc9, 0x01, 0x83, 0x6e, 0x09, 0x00, 0x13, 0xdf, 0x8e, 0x01, 0x13, 0x7f, 0x3f, 0x00,
	0x23, 0xa0, 0xe4, 0x13, 0x13, 0x1f, 0x6f, 0x00, 0x23, 0xac, 0xe4, 0x0d, 0x13, 0xff,
	0xfe, 0x00, 0x23, 0xac, 0xe4, 0x39, 0x37, 0xd9, 0x00, 0x00, 0x1b, 0x09, 0x49, 0x82,
	0x33, 0x09, 0x59, 0x00, 0x83, 0x69, 0x09, 0x00, 0x13, 0x09, 0x49, 0x00, 0x03, 0x6a,
	0x09, 0x00, 0x13, 0x1a, 0x0a, 0x02, 0xb3, 0x69, 0x3a, 0x01, 0x13, 0x8f, 0x09, 0x20,
	0x23, 0x30, 0x3f, 0x01, 0x13, 0x0a, 0x8f, 0x00, 0x23, 0x20, 0x0a, 0x00, 0x13, 0x0a,
	0x4a, 0x00, 0x37, 0xd9, 0x00, 0x00, 0x1b, 0x09, 0x09, 0x83, 0x33, 0x09, 0x59, 0x00,
	0x93, 0x09, 0xd0, 0x00, 0x83, 0x6a, 0x09, 0x00, 0x23, 0x20, 0x5a, 0x01, 0x13, 0x0a,
	0x4a, 0x00, 0x13, 0x09, 0x49, 0x00, 0x93, 0x89, 0xf9, 0xff, 0xe3, 0x96, 0x09, 0xfe,
	0x13, 0x0a, 0x4f, 0x04, 0x37, 0xd9, 0x00, 0x00, 0x1b, 0x09, 0x89, 0x86, 0x33, 0x09,
	0x59, 0x00, 0x83, 0x6a, 0x09, 0x00, 0x23, 0x20, 0x5a, 0x01, 0x13, 0x0a, 0x0f, 0x07,
	0x37, 0xd9, 0x00, 0x00, 0x1b, 0x09, 0x49, 0x89, 0x33, 0x09, 0x59, 0x00, 0x93, 0x09,
	0x60, 0x00, 0x83, 0x6a, 0x09, 0x00, 0x23, 0x20, 0x5a, 0x01, 0x13, 0x0a, 0x4a, 0x00,
	0x13, 0x09, 0x49, 0x00, 0x93, 0x89, 0xf9, 0xff, 0xe3, 0x96, 0x09, 0xfe, 0xb7, 0x0a,
	0x10, 0x00, 0x9b, 0x8a, 0xfa, 0xff, 0x93, 0x9a, 0xca, 0x00, 0x93, 0x8a, 0xfa, 0xff,
	0xb3, 0xfa, 0x5e, 0x01, 0x23, 0x20, 0x5a, 0x01, 0x13, 0x0a, 0x4a, 0x00, 0x13, 0x09,
	0x49, 0x00, 0x83, 0x6a, 0x09, 0x00, 0x23, 0x20, 0x5a, 0x01, 0x13, 0x0a, 0xcf, 0x0c,
	0x37, 0xd9, 0x00, 0x00, 0x1b, 0x09, 0x09, 0x8f, 0x33, 0x09, 0x59, 0x00, 0x83, 0x6a,
	0x09, 0x00, 0x23, 0x20, 0x5a, 0x01, 0x13, 0x0a, 0xca, 0x00, 0x13, 0x09, 0xc9, 0x00,
	0x83, 0x6a, 0x09, 0x00, 0x23, 0x20, 0x5a, 0x01, 0x13, 0x0a, 0x4a, 0x00, 0x13, 0x09,
	0x49, 0x00, 0x83, 0x6a, 0x09, 0x00, 0x23, 0x20, 0x5a, 0x01, 0x13, 0x0a, 0x4a, 0x00,
	0x13, 0x09, 0x10, 0x00, 0x23, 0xa8, 0x24, 0x47, 0x37, 0xc9, 0x00, 0x00, 0x1b, 0x09,
	0xc9, 0x3f, 0x33, 0x09, 0x59, 0x00, 0x83, 0x6a, 0x09, 0x00, 0x23, 0x20, 0x5a, 0x01,
	0x23, 0xa8, 0x04, 0x46, 0x03, 0xeb, 0x04, 0x09, 0xe3, 0x1e, 0x0b, 0xfe, 0x37, 0xd9,
	0x00, 0x00, 0x1b, 0x09, 0xc9, 0x87, 0x33, 0x09, 0x59, 0x00, 0x23, 0x20, 0x09, 0x00,
	0x37, 0xd9, 0x00, 0x00, 0x1b, 0x09, 0x09, 0x86, 0x33, 0x09, 0x59, 0x00, 0x83, 0x69,
	0x09, 0x00, 0x37, 0x0a, 0x00, 0x40, 0xb3, 0x7a, 0x3a, 0x01, 0x63, 0x80, 0x0a, 0x02,
	0x13, 0x0b, 0x20, 0x00, 0x33, 0x0a, 0x6a, 0x01, 0x23, 0x20, 0x49, 0x01, 0x23, 0x20,
	0x69, 0x01, 0x83, 0x69, 0x09, 0x00, 0x93, 0xd9, 0xf9, 0x01, 0xe3, 0x98, 0x09, 0xfe,
	0x37, 0xd9, 0x00, 0x00, 0x1b, 0x09, 0xc9, 0x8a, 0x33, 0x09, 0x59, 0x00, 0x37, 0x2e,
	0x00, 0x00, 0x23, 0x20, 0xc9, 0x01, 0x13, 0xfd, 0x3d, 0x00, 0x23, 0xa0, 0xa4, 0x13,
	0x13, 0xfd, 0x0d, 0x0c, 0x23, 0xac, 0xa4, 0x0d, 0x23, 0xac, 0x94, 0x39, 0x37, 0xd9,
	0x00, 0x00, 0x1b, 0x09, 0xc9, 0x82, 0x33, 0x09, 0x59, 0x00, 0x23, 0x20, 0x09, 0x00,
	0x37, 0xd9, 0x00, 0x00, 0x1b, 0x09, 0xc9, 0x8f, 0x33, 0x09, 0x59, 0x00, 0x23, 0x20,
	0x09, 0x00, 0x13, 0x09, 0x49, 0x00, 0x23, 0x20, 0x09, 0x00, 0x37, 0xd9, 0x00, 0x00,
	0x1b, 0x09, 0xc9, 0x84, 0x33, 0x09, 0x59, 0x00, 0x23, 0x20, 0x09, 0x00, 0x37, 0xd9,
	0x00, 0x00, 0x1b, 0x09, 0x49, 0x88, 0x33, 0x09, 0x59, 0x00, 0x23, 0x20, 0x09, 0x00,
	0x37, 0xd9, 0x00, 0x00, 0x1b, 0x09, 0x09, 0x92, 0x33, 0x09, 0x59, 0x00, 0x23, 0x20,
	0x09, 0x00, 0x37, 0xc9, 0x00, 0x00, 0x1b, 0x09, 0x09, 0x2e, 0x33, 0x09, 0x59, 0x00,
	0x93, 0x09, 0x20, 0x00, 0x23, 0x20, 0x39, 0x01, 0x13, 0x09, 0x80, 0x00, 0x03, 0xb9,
	0x84, 0x02, 0x63, 0x02, 0x09, 0x00, 0x6f, 0x00, 0xc0, 0x39, 0x6f, 0x00, 0x00, 0x00,
	0x6f, 0x00, 0x00, 0x00, 0x23, 0x34, 0x11, 0x00, 0x83, 0xee, 0x04, 0x06, 0x03, 0xe6,
	0x04, 0x07, 0x83, 0xe6, 0x84, 0x42, 0x03, 0xb7, 0x04, 0x4e, 0x13, 0x17, 0x17, 0x00,
	0x13, 0x07, 0x17, 0x00, 0xb7, 0x1f, 0x00, 0x00, 0x9b, 0x8f, 0x0f, 0x80, 0x63, 0x84,
	0xf6, 0x05, 0x03, 0xb3, 0x84, 0x02, 0x13, 0x53, 0xf3, 0x03, 0x13, 0x13, 0xf3, 0x03,
	0x23, 0xa8, 0x04, 0x52, 0x97, 0x03, 0x00, 0x00, 0x93, 0x83, 0xc3, 0x02, 0x93, 0xd3,
	0x23, 0x00, 0x23, 0xb4, 0x74, 0x52, 0x83, 0xb3, 0x84, 0x02, 0x63, 0x82, 0x03, 0x00,
	0x93, 0x03, 0xb0, 0x00, 0x23, 0xb0, 0x74, 0x02, 0x03, 0xb9, 0x84, 0x02, 0x63, 0x02,
	0x09, 0x00, 0x73, 0x00, 0x20, 0x30, 0x83, 0xe6, 0x84, 0x42, 0xe3, 0x9e, 0x06, 0xfe,
	0xb7, 0x23, 0x00, 0x00, 0x9b, 0x83, 0x13, 0x00, 0x33, 0x6f, 0x76, 0x00, 0x23, 0xac,
	0xe4, 0x09, 0xb7, 0xa3, 0x02, 0x00, 0x9b, 0x83, 0x83, 0x62, 0x33, 0x8f, 0x72, 0x00,
	0x83, 0x63, 0x0f, 0x00, 0x13, 0xdf, 0x33, 0x00, 0x93, 0x7f, 0x3f, 0x00, 0x13, 0xff,
	0x3e, 0x00, 0x63, 0x0e, 0xff, 0x13, 0x37, 0x2f, 0x00, 0x00, 0x1b, 0x0f, 0x8f, 0x00,
	0x93, 0x9f, 0x6f, 0x00, 0x33, 0x6f, 0xff, 0x01, 0x93, 0xff, 0x73, 0x00, 0x93, 0x9f,
	0x8f, 0x00, 0x33, 0x6f, 0xff, 0x01, 0x93, 0xdf, 0x53, 0x00, 0x93, 0xff, 0x3f, 0x00,
	0x93, 0x9f, 0x4f, 0x00, 0x33, 0x6f, 0xff, 0x01, 0x23, 0xac, 0xe4, 0x09, 0xb7, 0xd3,
	0x00, 0x00, 0x9b, 0x83, 0x43, 0x8b, 0xb3, 0x83, 0x72, 0x00, 0x83, 0xb3, 0x03, 0x00,
	0x13, 0xdf, 0xe3, 0x01, 0x93, 0x73, 0x1f, 0x00, 0x63, 0x98, 0x03, 0x0e, 0x13, 0x01,
	0x01, 0xf1, 0x23, 0x3c, 0x91, 0x0c, 0x23, 0x30, 0x81, 0x0e, 0x23, 0x38, 0x21, 0x0d,
	0x23, 0x34, 0x31, 0x0d, 0x23, 0x30, 0x41, 0x0d, 0x23, 0x3c, 0x51, 0x0b, 0x23, 0x38,
	0x61, 0x0b, 0x23, 0x34, 0x71, 0x0b, 0x23, 0x30, 0x81, 0x0b, 0x23, 0x3c, 0x91, 0x09,
	0x23, 0x38, 0xa1, 0x09, 0x23, 0x34, 0xb1, 0x09, 0x23, 0x30, 0xa1, 0x08, 0x23, 0x3c,
	0xb1, 0x06, 0x23, 0x38, 0xc1, 0x06, 0x23, 0x34, 0xd1, 0x06, 0x23, 0x30, 0xe1, 0x06,
	0x23, 0x3c, 0xf1, 0x04, 0x23, 0x38, 0x01, 0x05, 0x23, 0x34, 0x11, 0x05, 0x23, 0x30,
	0x51, 0x04, 0x23, 0x3c, 0x61, 0x02, 0x23, 0x38, 0x71, 0x02, 0x23, 0x34, 0xc1, 0x03,
	0x23, 0x30, 0xd1, 0x03, 0x23, 0x3c, 0xe1, 0x01, 0x23, 0x38, 0xf1, 0x01, 0x23, 0x34,
	0x11, 0x00, 0xef, 0x00, 0x91, 0x5a, 0x03, 0x35, 0x01, 0x08, 0x83, 0x35, 0x81, 0x07,
	0x03, 0x36, 0x01, 0x07, 0x83, 0x36, 0x81, 0x06, 0x03, 0x37, 0x01, 0x06, 0x83, 0x37,
	0x81, 0x05, 0x03, 0x38, 0x01, 0x05, 0x83, 0x38, 0x81, 0x04, 0x03, 0x34, 0x01, 0x0e,
	0x83, 0x34, 0x81, 0x0d, 0x03, 0x39, 0x01, 0x0d, 0x83, 0x39, 0x81, 0x0c, 0x03, 0x3a,
	0x01, 0x0c, 0x83, 0x3a, 0x81, 0x0b, 0x03, 0x3b, 0x01, 0x0b, 0x83, 0x3b, 0x81, 0x0a,
	0x03, 0x3c, 0x01, 0x0a, 0x83, 0x3c, 0x81, 0x09, 0x03, 0x3d, 0x01, 0x09, 0x83, 0x3d,
	0x81, 0x08, 0x83, 0x32, 0x01, 0x04, 0x03, 0x33, 0x81, 0x03, 0x83, 0x33, 0x01, 0x03,
	0x03, 0x3e, 0x81, 0x02, 0x83, 0x3e, 0x01, 0x02, 0x03, 0x3f, 0x81, 0x01, 0x83, 0x3f,
	0x01, 0x01, 0x83, 0x30, 0x81, 0x00, 0x13, 0x01, 0x01, 0x0f, 0xb7, 0x23, 0x00, 0x00,
	0x9b, 0x83, 0x83, 0x00, 0x33, 0x6f, 0x76, 0x00, 0x23, 0xac, 0xe4, 0x09, 0xb7, 0x13,
	0x00, 0x00, 0x9b, 0x83, 0x03, 0xc1, 0xb3, 0x83, 0x72, 0x00, 0x13, 0x0f, 0x00, 0x00,
	0x23, 0xb0, 0xe3, 0x01, 0x83, 0xbf, 0x03, 0x00, 0x83, 0xbf, 0x03, 0x00, 0x63, 0x92,
	0xef, 0x01, 0xb7, 0x23, 0x00, 0x00, 0x9b, 0x83, 0x83, 0x00, 0x33, 0x6f, 0x76, 0x00,
	0x23, 0xac, 0xe4, 0x09, 0x63, 0x9a, 0x0e, 0x00, 0x9b, 0x0f, 0xf0, 0x03, 0x93, 0x9f,
	0xaf, 0x01, 0x93, 0x8f, 0xff, 0xff, 0x6f, 0x00, 0x00, 0x01, 0x9b, 0x0f, 0xf0, 0x01,
	0x93, 0x9f, 0xbf, 0x01, 0x93, 0x8f, 0xff, 0xff, 0xb7, 0x23, 0x00, 0x00, 0x9b, 0x83,
	0x03, 0xf1, 0xb3, 0x83, 0x72, 0x00, 0x23, 0xb0, 0xe3, 0x00, 0x03, 0xbf, 0x03, 0x00,
	0x03, 0xbf, 0x03, 0x00, 0x63, 0x12, 0xe7, 0x01, 0x93, 0x83, 0x43, 0x00, 0x83, 0xbe,
	0x84, 0x02, 0xb3, 0xee, 0x6e, 0x00, 0x23, 0xb0, 0xd3, 0x01, 0x03, 0xbf, 0x03, 0x00,
	0x03, 0xbf, 0x03, 0x00, 0x63, 0x92, 0xee, 0x01, 0x93, 0x83, 0x43, 0x00, 0x23, 0xb0,
	0x23, 0x00, 0x03, 0xbf, 0x03, 0x00, 0x03, 0xbf, 0x03, 0x00, 0x63, 0x12, 0xe1, 0x01,
	0x93, 0x83, 0x03, 0x01, 0x93, 0x0e, 0x10, 0x00, 0x23, 0xa8, 0xd4, 0x47, 0xb7, 0xfe,
	0x03, 0x00, 0x9b, 0x8e, 0x0e, 0x05, 0xb3, 0x8e, 0xd2, 0x01, 0x03, 0xef, 0x0e, 0x00,
	0x23, 0xa0, 0xe3, 0x01, 0x23, 0xa8, 0x04, 0x46, 0x83, 0xbe, 0x03, 0x00, 0x83, 0xbe,
	0x03, 0x00, 0x63, 0x92, 0xee, 0x01, 0xb7, 0x23, 0x00, 0x00, 0x9b, 0x83, 0x13, 0x00,
	0x33, 0x6f, 0x76, 0x00, 0x23, 0xac, 0xe4, 0x09, 0x37, 0x2f, 0x03, 0x00, 0x1b, 0x0f,
	0x0f, 0x0e, 0x33, 0x0f, 0x5f, 0x00, 0x83, 0x6e, 0x0f, 0x00, 0x63, 0x8e, 0x0e, 0x02,
	0x13, 0x0f, 0x4f, 0x00, 0x83, 0x63, 0x0f, 0x00, 0x93, 0x93, 0x03, 0x02, 0xb3, 0xee,
	0xd3, 0x01, 0x83, 0xb3, 0x84, 0x0f, 0x63, 0xd6, 0xd3, 0x01, 0xb3, 0x83, 0x7e, 0x40,
	0x6f, 0x00, 0x80, 0x00, 0xb3, 0x83, 0xd3, 0x41, 0x93, 0x83, 0x13, 0x00, 0x37, 0x2f,
	0x03, 0x00, 0x1b, 0x0f, 0xcf, 0x12, 0x33, 0x0f, 0x5f, 0x00, 0x23, 0x20, 0x7f, 0x00,
	0x83, 0xe3, 0x04, 0x09, 0xe3, 0x9e, 0x03, 0xfe, 0xb7, 0xc3, 0x01, 0x00, 0x9b, 0x83,
	0x13, 0x3f, 0x23, 0xb8, 0x74, 0x50, 0x83, 0xb3, 0x84, 0x4b, 0xe3, 0x9e, 0x03, 0xfe,
	0xb7, 0x23, 0x00, 0x00, 0x9b, 0x83, 0x13, 0x00, 0x33, 0x6f, 0x76, 0x00, 0x23, 0xac,
	0xe4, 0x09, 0xb7, 0x23, 0x03, 0x00, 0x9b, 0x83, 0xc3, 0x0d, 0xb3, 0x83, 0x72, 0x00,
	0x93, 0x0e, 0x10, 0x00, 0x23, 0xa0, 0xd3, 0x01, 0x03, 0xef, 0x03, 0x00, 0x13, 0x7f,
	0x2f, 0x00, 0xe3, 0x0c, 0x0f, 0xfe, 0xb7, 0x23, 0x03, 0x00, 0x9b, 0x83, 0xc3, 0x01,
	0xb3, 0x83, 0x72, 0x00, 0x03, 0xef, 0x03, 0x00, 0x33, 0x7f, 0xff, 0x01, 0x93, 0x0e,
	0xb0, 0x00, 0x23, 0xb0, 0xd4, 0x03, 0xb7, 0x1e, 0x00, 0x00, 0x9b, 0x8e, 0x0e, 0x80,
	0x23, 0xb0, 0xd4, 0x5b, 0x83, 0xbe, 0x84, 0x02, 0x63, 0x82, 0x0e, 0x00, 0x23, 0xa0,
	0xe3, 0x01, 0x6f, 0x00, 0x00, 0x00, 0x93, 0xf3, 0xff, 0x01, 0x23, 0xb0, 0x74, 0x02,
	0x03, 0xb9, 0x84, 0x02, 0x63, 0x02, 0x09, 0x00, 0x03, 0x35, 0x01, 0x08, 0x83, 0x35,
	0x81, 0x07, 0x03, 0x36, 0x01, 0x07, 0x83, 0x36, 0x81, 0x06, 0x03, 0x37, 0x01, 0x06,
	0x83, 0x37, 0x81, 0x05, 0x03, 0x38, 0x01, 0x05, 0x83, 0x38, 0x81, 0x04, 0x03, 0x34,
	0x01, 0x0e, 0x83, 0x34, 0x81, 0x0d, 0x03, 0x39, 0x01, 0x0d, 0x83, 0x39, 0x81, 0x0c,
	0x03, 0x3a, 0x01, 0x0c, 0x83, 0x3a, 0x81, 0x0b, 0x03, 0x3b, 0x01, 0x0b, 0x83, 0x3b,
	0x81, 0x0a, 0x03, 0x3c, 0x01, 0x0a, 0x83, 0x3c, 0x81, 0x09, 0x03, 0x3d, 0x01, 0x09,
	0x83, 0x3d, 0x81, 0x08, 0x83, 0x32, 0x01, 0x04, 0x03, 0x33, 0x81, 0x03, 0x83, 0x33,
	0x01, 0x03, 0x03, 0x3e, 0x81, 0x02, 0x83, 0x3e, 0x01, 0x02, 0x03, 0x3f, 0x81, 0x01,
	0x83, 0x3f, 0x01, 0x01, 0x13, 0x01, 0x01, 0x0f, 0x73, 0x00, 0x20, 0x30, 0x73, 0x00,
	0x20, 0x30, 0x13, 0x0f, 0x10, 0x00, 0xe3, 0x1e, 0x0f, 0xfe, 0x93, 0x03, 0x10, 0x00,
	0x23, 0xa0, 0x74, 0x14, 0x23, 0xa4, 0x74, 0x14, 0x83, 0xe3, 0x84, 0x19, 0x63, 0x88,
	0x03, 0x00, 0x03, 0xe0, 0x04, 0x04, 0x93, 0x83, 0xf3, 0xff, 0xe3, 0x9c, 0x03, 0xfe,
	0x23, 0xa0, 0x04, 0x14, 0x23, 0xa4, 0x04, 0x14, 0x67, 0x80, 0x00, 0x00, 0x1b, 0x03,
	0x10, 0x00, 0x13, 0x13, 0x13, 0x03, 0x13, 0x0f, 0x60, 0x00, 0x63, 0x56, 0xe5, 0x01,
	0x13, 0x0f, 0x10, 0x00, 0x23, 0x2c, 0xe3, 0x51, 0x23, 0x30, 0xa3, 0x02, 0x83, 0x33,
	0x83, 0x02, 0x63, 0x82, 0x03, 0x00, 0x67, 0x80, 0x00, 0x00, 0x1b, 0x03, 0x10, 0x00,
	0x13, 0x13, 0x13, 0x03, 0x13, 0x0f, 0x60, 0x00, 0x93, 0x0f, 0x50, 0x04, 0x63, 0x8a,
	0xbf, 0x00, 0xe3, 0x5e, 0xe5, 0xfd, 0x13, 0x0f, 0x10, 0x00, 0x23, 0x2c, 0xe3, 0x51,
	0x6f, 0xf0, 0x1f, 0xfd, 0x63, 0x58, 0xe5, 0x01, 0x13, 0x0f, 0x10, 0x00, 0x23, 0x2c,
	0xe3, 0x51, 0x6f, 0x00, 0x40, 0x00, 0x13, 0x0f, 0x10, 0x00, 0x33, 0x15, 0xaf, 0x00,
	0x23, 0x30, 0xa3, 0x5a, 0x67, 0x80, 0x00, 0x00, 0x00, 0x00, 0x00, 0x00, 0x00, 0x00,
	0x00, 0x00, 0x00, 0x00, 0x00, 0x00, 0x00, 0x00, 0x00, 0x00, 0x00, 0x00, 0x00, 0x00,
	0x00, 0x00, 0x00, 0x00, 0x00, 0x00, 0x00, 0x00, 0x00, 0x00, 0x00, 0x00, 0x00, 0x00,
	0x00, 0x00, 0x00, 0x00, 0x00, 0x00, 0x00, 0x00, 0x00, 0x00, 0x00, 0x00, 0x00, 0x00,
	0x00, 0x00, 0x00, 0x00, 0x00, 0x00, 0x00, 0x00, 0x00, 0x00, 0x00, 0x00, 0x00, 0x00,
	0x00, 0x00, 0x00, 0x00, 0x00, 0x00, 0x00, 0x00, 0x00, 0x00, 0x00, 0x00, 0x00, 0x00,
	0x00, 0x00, 0x00, 0x00, 0x00, 0x00, 0x00, 0x00, 0x00, 0x00, 0x00, 0x00, 0x00, 0x00,
	0x00, 0x00, 0x00, 0x00, 0x00, 0x00, 0x00, 0x00, 0x00, 0x00, 0x00, 0x00, 0x00, 0x00,
	0x00, 0x00, 0x00, 0x00, 0x00, 0x00, 0x00, 0x00, 0x00, 0x00, 0x00, 0x00, 0x00, 0x00,
	0x00, 0x00, 0x00, 0x00, 0x00, 0x00, 0x00, 0x00, 0x00, 0x00, 0x00, 0x00, 0x00, 0x00,
	0x00, 0x00, 0x00, 0x00, 0x00, 0x00, 0x00, 0x00, 0x00, 0x00, 0x00, 0x00, 0x00, 0x00,
	0x00, 0x00, 0x00, 0x00, 0x00, 0x00, 0x00, 0x00, 0x00, 0x00, 0x00, 0x00, 0x00, 0x00,
	0x00, 0x00, 0x00, 0x00, 0x00, 0x00, 0x00, 0x00, 0x00, 0x00, 0x00, 0x00, 0x00, 0x00,
	0x00, 0x00, 0x00, 0x00, 0x00, 0x00, 0x00, 0x00, 0x00, 0x00, 0x00, 0x00, 0x00, 0x00,
	0x00, 0x00, 0x00, 0x00, 0x00, 0x00, 0x00, 0x00, 0x00, 0x00, 0x00, 0x00, 0x00, 0x00,
	0x00, 0x00, 0x00, 0x00, 0x00, 0x00, 0x00, 0x00, 0x00, 0x00, 0x00, 0x00, 0x00, 0x00,
	0x00, 0x00, 0x00, 0x00, 0x00, 0x00, 0x00, 0x00, 0x00, 0x00, 0x00, 0x00, 0x00, 0x00,
	0x00, 0x00, 0x00, 0x00, 0x00, 0x00, 0x00, 0x00, 0x00, 0x00, 0x00, 0x00, 0x00, 0x00,
	0x00, 0x00, 0x00, 0x00, 0x00, 0x00, 0x00, 0x00, 0x00, 0x00, 0x00, 0x00, 0x00, 0x00,
	0x00, 0x00, 0x00, 0x00, 0x00, 0x00, 0x00, 0x00, 0x00, 0x00, 0x00, 0x00, 0x00, 0x00,
	0x00, 0x00, 0x00, 0x00, 0x00, 0x00, 0x00, 0x00, 0x00, 0x00, 0x00, 0x00, 0x00, 0x00,
	0x00, 0x00, 0x00, 0x00, 0x00, 0x00, 0x00, 0x00, 0x00, 0x00, 0x00, 0x00, 0x00, 0x00,
	0x00, 0x00, 0x00, 0x00, 0x00, 0x00, 0x00, 0x00, 0x00, 0x00, 0x00, 0x00, 0x00, 0x00,
	0x00, 0x00, 0x00, 0x00, 0x00, 0x00, 0x00, 0x00, 0x00, 0x00, 0x00, 0x00, 0x00, 0x00,
	0x00, 0x00, 0x00, 0x00, 0x00, 0x00, 0x00, 0x00, 0x00, 0x00, 0x00, 0x00, 0x00, 0x00,
	0x00, 0x00, 0x00, 0x00, 0x00, 0x00, 0x00, 0x00, 0x00, 0x00, 0x00, 0x00, 0x00, 0x00,
	0x00, 0x00, 0x00, 0x00, 0x00, 0x00, 0x00, 0x00, 0x00, 0x00, 0x00, 0x00, 0x00, 0x00,
	0x00, 0x00, 0x00, 0x00, 0x00, 0x00, 0x00, 0x00, 0x00, 0x00, 0x00, 0x00, 0x00, 0x00,
	0x00, 0x00, 0x00, 0x00, 0x00, 0x00, 0x00, 0x00, 0x00, 0x00, 0x00, 0x00, 0x00, 0x00,
	0x00, 0x00, 0x00, 0x00, 0x00, 0x00, 0x00, 0x00, 0x00, 0x00, 0x00, 0x00, 0x00, 0x00,
	0x00, 0x00, 0x00, 0x00, 0x00, 0x00, 0x00, 0x00, 0x00, 0x00, 0x00, 0x00, 0x00, 0x00,
	0x00, 0x00, 0x00, 0x00, 0x00, 0x00, 0x00, 0x00, 0x00, 0x00, 0x00, 0x00, 0x00, 0x00,
	0x00, 0x00, 0x00, 0x00, 0x00, 0x00, 0x00, 0x00, 0x00, 0x00, 0x00, 0x00, 0x00, 0x00,
	0x00, 0x00, 0x00, 0x00, 0x00, 0x00, 0x00, 0x00, 0x00, 0x00, 0x00, 0x00, 0x00, 0x00,
	0x00, 0x00, 0x00, 0x00, 0x00, 0x00, 0x00, 0x00, 0x00, 0x00, 0x00, 0x00, 0x00, 0x00,
	0x00, 0x00, 0x00, 0x00, 0x00, 0x00, 0x00, 0x00, 0x00, 0x00, 0x00, 0x00, 0x00, 0x00,
	0x00, 0x00, 0x00, 0x00, 0x00, 0x00, 0x00, 0x00, 0x00, 0x00, 0x00, 0x00, 0x00, 0x00,
	0x00, 0x00, 0x00, 0x00, 0x00, 0x00, 0x00, 0x00, 0x00, 0x00, 0x00, 0x00, 0x00, 0x00,
	0x00, 0x00, 0x00, 0x00, 0x00, 0x00, 0x00, 0x00, 0x00, 0x00, 0x00, 0x00, 0x00, 0x00,
	0x00, 0x00, 0x00, 0x00, 0x00, 0x00, 0x00, 0x00, 0x00, 0x00, 0x00, 0x00, 0x00, 0x00,
	0x00, 0x00, 0x00, 0x00, 0x00, 0x00, 0x00, 0x00, 0x00, 0x00, 0x00, 0x00, 0x00, 0x00,
	0x00, 0x00, 0x00, 0x00, 0x00, 0x00, 0x00, 0x00, 0x00, 0x00, 0x00, 0x00, 0x00, 0x00,
	0x00, 0x00, 0x00, 0x00, 0x00, 0x00, 0x00, 0x00, 0x00, 0x00, 0x00, 0x00, 0x00, 0x00,
	0x00, 0x00, 0x00, 0x00, 0x00, 0x00, 0x00, 0x00, 0x00, 0x00, 0x00, 0x00, 0x00, 0x00,
	0x00, 0x00, 0x00, 0x00, 0x00, 0x00, 0x00, 0x00, 0x00, 0x00, 0x00, 0x00, 0x00, 0x00,
	0x00, 0x00, 0x00, 0x00, 0x00, 0x00, 0x00, 0x00, 0x00, 0x00, 0x00, 0x00, 0x00, 0x00,
	0x00, 0x00, 0x00, 0x00, 0x00, 0x00, 0x00, 0x00, 0x00, 0x00, 0x00, 0x00, 0x00, 0x00,
	0x00, 0x00, 0x00, 0x00, 0x00, 0x00, 0x00, 0x00, 0x00, 0x00, 0x00, 0x00, 0x00, 0x00,
	0x00, 0x00, 0x00, 0x00, 0x00, 0x00, 0x00, 0x00, 0x00, 0x00, 0x00, 0x00, 0x00, 0x00,
	0x00, 0x00, 0x00, 0x00, 0x00, 0x00, 0x00, 0x00, 0x00, 0x00, 0x00, 0x00, 0x00, 0x00,
	0x00, 0x00, 0x00, 0x00, 0x00, 0x00, 0x00, 0x00, 0x00, 0x00, 0x00, 0x00, 0x00, 0x00,
	0x00, 0x00, 0x00, 0x00, 0x00, 0x00, 0x00, 0x00, 0x00, 0x00, 0x00, 0x00, 0x00, 0x00,
	0x00, 0x00, 0x00, 0x00, 0x00, 0x00, 0x00, 0x00, 0x00, 0x00, 0x00, 0x00, 0x00, 0x00,
	0x00, 0x00, 0x00, 0x00, 0x00, 0x00, 0x00, 0x00, 0x00, 0x00, 0x00, 0x00, 0x00, 0x00,
	0x00, 0x00, 0x00, 0x00, 0x00, 0x00, 0x00, 0x00, 0x00, 0x00, 0x00, 0x00, 0x00, 0x00,
	0x00, 0x00, 0x00, 0x00, 0x00, 0x00, 0x00, 0x00, 0x00, 0x00, 0x00, 0x00, 0x00, 0x00,
	0x00, 0x00, 0x00, 0x00, 0x00, 0x00, 0x00, 0x00, 0x00, 0x00, 0x00, 0x00, 0x00, 0x00,
	0x00, 0x00, 0x00, 0x00, 0x00, 0x00, 0x00, 0x00, 0x00, 0x00, 0x00, 0x00, 0x00, 0x00,
	0x00, 0x00, 0x00, 0x00, 0x00, 0x00, 0x00, 0x00, 0x00, 0x00, 0x00, 0x00, 0x00, 0x00,
	0x00, 0x00, 0x00, 0x00, 0x00, 0x00, 0x00, 0x00, 0x00, 0x00, 0x00, 0x00, 0x00, 0x00,
	0x00, 0x00, 0x00, 0x00, 0x00, 0x00, 0x00, 0x00, 0x00, 0x00, 0x00, 0x00, 0x00, 0x00,
	0x00, 0x00, 0x00, 0x00, 0x00, 0x00, 0x00, 0x00, 0x00, 0x00, 0x00, 0x00, 0x00, 0x00,
	0x00, 0x00, 0x00, 0x00, 0x00, 0x00, 0x00, 0x00, 0x00, 0x00, 0x00, 0x00, 0x00, 0x00,
	0x00, 0x00, 0x00, 0x00, 0x00, 0x00, 0x00, 0x00, 0x00, 0x00, 0x00, 0x00, 0x00, 0x00,
	0x00, 0x00, 0x00, 0x00, 0x00, 0x00, 0x00, 0x00, 0x00, 0x00, 0x00, 0x00, 0x00, 0x00,
	0x00, 0x00, 0x00, 0x00, 0x00, 0x00, 0x00, 0x00, 0x00, 0x00, 0x00, 0x00, 0x00, 0x00,
	0x00, 0x00, 0x00, 0x00, 0x00, 0x00, 0x00, 0x00, 0x00, 0x00, 0x00, 0x00, 0x00, 0x00,
	0x00, 0x00, 0x00, 0x00, 0x00, 0x00, 0x00, 0x00, 0x00, 0x00, 0x00, 0x00, 0x00, 0x00,
	0x00, 0x00, 0x00, 0x00, 0x00, 0x00, 0x00, 0x00, 0x00, 0x00, 0x00, 0x00, 0x00, 0x00,
	0x00, 0x00, 0x00, 0x00, 0x00, 0x00, 0x00, 0x00, 0x00, 0x00, 0x00, 0x00, 0x00, 0x00,
	0x00, 0x00, 0x00, 0x00, 0x00, 0x00, 0x00, 0x00, 0x00, 0x00, 0x00, 0x00, 0x00, 0x00,
	0x00, 0x00, 0x00, 0x00, 0x00, 0x00, 0x00, 0x00, 0x00, 0x00, 0x00, 0x00, 0x00, 0x00,
	0x00, 0x00, 0x00, 0x00, 0x00, 0x00, 0x00, 0x00, 0x00, 0x00, 0x00, 0x00, 0x00, 0x00,
	0x00, 0x00, 0x00, 0x00, 0x00, 0x00, 0x00, 0x00, 0x00, 0x00, 0x00, 0x00, 0x00, 0x00,
	0x00, 0x00, 0x00, 0x00, 0x00, 0x00, 0x00, 0x00, 0x00, 0x00, 0x00, 0x00, 0x00, 0x00,
	0x00, 0x00, 0x00, 0x00, 0x00, 0x00, 0x00, 0x00, 0x00, 0x00, 0x00, 0x00, 0x00, 0x00,
	0x00, 0x00, 0x00, 0x00, 0x00, 0x00, 0x00, 0x00, 0x00, 0x00, 0x00, 0x00, 0x00, 0x00,
	0x00, 0x00, 0x00, 0x00, 0x00, 0x00, 0x00, 0x00, 0x00, 0x00, 0x00, 0x00, 0x00, 0x00,
	0x00, 0x00, 0x00, 0x00, 0x00, 0x00, 0x00, 0x00, 0x00, 0x00, 0x00, 0x00, 0x00, 0x00,
	0x00, 0x00, 0x00, 0x00, 0x00, 0x00, 0x00, 0x00, 0x00, 0x00, 0x00, 0x00, 0x00, 0x00,
	0x00, 0x00, 0x00, 0x00, 0x00, 0x00, 0x00, 0x00, 0x00, 0x00, 0x00, 0x00, 0x00, 0x00,
	0x00, 0x00, 0x00, 0x00, 0x00, 0x00, 0x00, 0x00, 0x00, 0x00, 0x00, 0x00, 0x00, 0x00,
	0x00, 0x00, 0x00, 0x00, 0x00, 0x00, 0x00, 0x00, 0x00, 0x00, 0x00, 0x00, 0x00, 0x00,
	0x00, 0x00, 0x00, 0x00, 0x00, 0x00, 0x00, 0x00, 0x00, 0x00, 0x00, 0x00, 0x00, 0x00,
	0x00, 0x00, 0x00, 0x00, 0x00, 0x00, 0x00, 0x00, 0x00, 0x00, 0x00, 0x00, 0x00, 0x00,
	0x00, 0x00, 0x00, 0x00, 0x00, 0x00, 0x00, 0x00, 0x00, 0x00, 0x00, 0x00, 0x00, 0x00,
	0x00, 0x00, 0x00, 0x00, 0x00, 0x00, 0x00, 0x00, 0x00, 0x00, 0x00, 0x00, 0x00, 0x00,
	0x00, 0x00, 0x00, 0x00, 0x00, 0x00, 0x00, 0x00, 0x00, 0x00, 0x00, 0x00, 0x00, 0x00,
	0x00, 0x00, 0x00, 0x00, 0x00, 0x00, 0x00, 0x00, 0x00, 0x00, 0x00, 0x00, 0x00, 0x00,
	0x00, 0x00, 0x00, 0x00, 0x00, 0x00, 0x00, 0x00, 0x00, 0x00, 0x00, 0x00, 0x00, 0x00,
	0x00, 0x00, 0x00, 0x00, 0x00, 0x00, 0x00, 0x00, 0x00, 0x00, 0x00, 0x00, 0x00, 0x00,
	0x00, 0x00, 0x00, 0x00, 0x00, 0x00, 0x00, 0x00, 0x00, 0x00, 0x00, 0x00, 0x00, 0x00,
	0x00, 0x00, 0x00, 0x00, 0x00, 0x00, 0x00, 0x00, 0x00, 0x00, 0x00, 0x00, 0x00, 0x00,
	0x00, 0x00, 0x00, 0x00, 0x00, 0x00, 0x00, 0x00, 0x00, 0x00, 0x00, 0x00, 0x00, 0x00,
	0x00, 0x00, 0x00, 0x00, 0x00, 0x00, 0x00, 0x00, 0x00, 0x00, 0x00, 0x00, 0x00, 0x00,
	0x00, 0x00, 0x00, 0x00, 0x00, 0x00, 0x00, 0x00, 0x00, 0x00, 0x00, 0x00, 0x00, 0x00,
	0x00, 0x00, 0x00, 0x00, 0x00, 0x00, 0x00, 0x00, 0x00, 0x00, 0x00, 0x00, 0x00, 0x00,
	0x00, 0x00, 0x00, 0x00, 0x00, 0x00, 0x00, 0x00, 0x00, 0x00, 0x00, 0x00, 0x00, 0x00,
	0x00, 0x00, 0x00, 0x00, 0x00, 0x00, 0x00, 0x00, 0x00, 0x00, 0x00, 0x00, 0x00, 0x00,
	0x00, 0x00, 0x00, 0x00, 0x00, 0x00, 0x00, 0x00, 0x00, 0x00, 0x00, 0x00, 0x00, 0x00,
	0x00, 0x00, 0x00, 0x00, 0x00, 0x00, 0x00, 0x00, 0x00, 0x00, 0x00, 0x00, 0x00, 0x00,
	0x00, 0x00, 0x00, 0x00, 0x00, 0x00, 0x00, 0x00, 0x00, 0x00, 0x00, 0x00, 0x00, 0x00,
	0x00, 0x00, 0x00, 0x00, 0x00, 0x00, 0x00, 0x00, 0x00, 0x00, 0x00, 0x00, 0x00, 0x00,
	0x00, 0x00, 0x00, 0x00, 0x00, 0x00, 0x00, 0x00, 0x00, 0x00, 0x00, 0x00, 0x00, 0x00,
	0x00, 0x00, 0x00, 0x00, 0x00, 0x00, 0x00, 0x00, 0x00, 0x00, 0x00, 0x00, 0x00, 0x00,
	0x00, 0x00, 0x00, 0x00, 0x00, 0x00, 0x00, 0x00, 0x00, 0x00, 0x00, 0x00, 0x00, 0x00,
	0x00, 0x00, 0x00, 0x00, 0x00, 0x00, 0x00, 0x00, 0x00, 0x00, 0x00, 0x00, 0x00, 0x00,
	0x00, 0x00, 0x00, 0x00, 0x00, 0x00, 0x00, 0x00, 0x00, 0x00, 0x00, 0x00, 0x00, 0x00,
	0x00, 0x00, 0x00, 0x00, 0x00, 0x00, 0x00, 0x00, 0x00, 0x00, 0x00, 0x00, 0x00, 0x00,
	0x00, 0x00, 0x00, 0x00, 0x00, 0x00, 0x00, 0x00, 0x00, 0x00, 0x00, 0x00, 0x00, 0x00,
	0x00, 0x00, 0x00, 0x00, 0x00, 0x00, 0x00, 0x00, 0x00, 0x00, 0x00, 0x00, 0x00, 0x00,
	0x00, 0x00, 0x00, 0x00, 0x00, 0x00, 0x00, 0x00, 0x00, 0x00, 0x00, 0x00, 0x00, 0x00,
	0x00, 0x00, 0x00, 0x00, 0x00, 0x00, 0x00, 0x00, 0x00, 0x00, 0x00, 0x00, 0x00, 0x00,
	0x00, 0x00, 0x00, 0x00, 0x00, 0x00, 0x00, 0x00, 0x00, 0x00, 0x00, 0x00, 0x00, 0x00,
	0x00, 0x00, 0x00, 0x00, 0x00, 0x00, 0x00, 0x00, 0x00, 0x00, 0x00, 0x00, 0x00, 0x00,
	0x00, 0x00, 0x00, 0x00, 0x00, 0x00, 0x00, 0x00, 0x00, 0x00, 0x00, 0x00, 0x00, 0x00,
	0x00, 0x00, 0x00, 0x00, 0x00, 0x00, 0x00, 0x00, 0x00, 0x00, 0x00, 0x00, 0x00, 0x00,
	0x00, 0x00, 0x00, 0x00, 0x00, 0x00, 0x00, 0x00, 0x00, 0x00, 0x00, 0x00, 0x00, 0x00,
	0x00, 0x00, 0x00, 0x00, 0x00, 0x00, 0x00, 0x00, 0x00, 0x00, 0x00, 0x00, 0x00, 0x00,
	0x00, 0x00, 0x00, 0x00, 0x00, 0x00, 0x00, 0x00, 0x00, 0x00, 0x00, 0x00, 0x00, 0x00,
	0x00, 0x00, 0x00, 0x00, 0x00, 0x00, 0x00, 0x00, 0x00, 0x00, 0x00, 0x00, 0x00, 0x00,
	0x00, 0x00, 0x00, 0x00, 0x00, 0x00, 0x00, 0x00, 0x00, 0x00, 0x00, 0x00, 0x00, 0x00,
	0x00, 0x00, 0x00, 0x00, 0x00, 0x00, 0x00, 0x00, 0x00, 0x00, 0x00, 0x00, 0x00, 0x00,
	0x00, 0x00, 0x00, 0x00, 0x00, 0x00, 0x00, 0x00, 0x00, 0x00, 0x00, 0x00, 0x00, 0x00,
	0x00, 0x00, 0x00, 0x00, 0x00, 0x00, 0x00, 0x00, 0x00, 0x00, 0x00, 0x00, 0x00, 0x00,
	0x00, 0x00, 0x00, 0x00, 0x00, 0x00, 0x00, 0x00, 0x00, 0x00, 0x00, 0x00, 0x00, 0x00,
	0x00, 0x00, 0x00, 0x00, 0x00, 0x00, 0x00, 0x00, 0x00, 0x00, 0x00, 0x00, 0x00, 0x00,
	0x00, 0x00, 0x00, 0x00, 0x00, 0x00, 0x00, 0x00, 0x00, 0x00, 0x00, 0x00, 0x00, 0x00,
	0x00, 0x00, 0x00, 0x00, 0x00, 0x00, 0x00, 0x00, 0x00, 0x00, 0x00, 0x00, 0x00, 0x00,
	0x00, 0x00, 0x00, 0x00, 0x00, 0x00, 0x00, 0x00, 0x00, 0x00, 0x00, 0x00, 0x00, 0x00,
	0x00, 0x00, 0x00, 0x00, 0x00, 0x00, 0x00, 0x00, 0x00, 0x00, 0x00, 0x00, 0x00, 0x00,
	0x00, 0x00, 0x00, 0x00, 0x00, 0x00, 0x00, 0x00, 0x00, 0x00, 0x00, 0x00, 0x00, 0x00,
	0x00, 0x00, 0x00, 0x00, 0x00, 0x00, 0x00, 0x00, 0x00, 0x00, 0x00, 0x00, 0x00, 0x00,
	0x00, 0x00, 0x00, 0x00, 0x00, 0x00, 0x00, 0x00, 0x00, 0x00, 0x00, 0x00, 0x00, 0x00,
	0x00, 0x00, 0x00, 0x00, 0x00, 0x00, 0x00, 0x00, 0x00, 0x00, 0x00, 0x00, 0x00, 0x00,
	0x00, 0x00, 0x00, 0x00, 0x00, 0x00, 0x00, 0x00, 0x00, 0x00, 0x00, 0x00, 0x00, 0x00,
	0x00, 0x00, 0x00, 0x00, 0x00, 0x00, 0x00, 0x00, 0x00, 0x00, 0x00, 0x00, 0x00, 0x00,
	0x00, 0x00, 0x00, 0x00, 0x00, 0x00, 0x00, 0x00, 0x00, 0x00, 0x00, 0x00, 0x00, 0x00,
	0x00, 0x00, 0x00, 0x00, 0x00, 0x00, 0x00, 0x00, 0x00, 0x00, 0x00, 0x00, 0x00, 0x00,
	0x00, 0x00, 0x00, 0x00, 0x00, 0x00, 0x00, 0x00, 0x00, 0x00, 0x00, 0x00, 0x00, 0x00,
	0x00, 0x00, 0x00, 0x00, 0x00, 0x00, 0x00, 0x00, 0x00, 0x00, 0x00, 0x00, 0x00, 0x00,
	0x00, 0x00, 0x00, 0x00, 0x00, 0x00, 0x00, 0x00, 0x00, 0x00, 0x00, 0x00, 0x00, 0x00,
	0x00, 0x00, 0x00, 0x00, 0x00, 0x00, 0x00, 0x00, 0x00, 0x00, 0x00, 0x00, 0x00, 0x00,
	0x00, 0x00, 0x00, 0x00, 0x00, 0x00, 0x00, 0x00, 0x00, 0x00, 0x00, 0x00, 0x00, 0x00,
	0x00, 0x00, 0x00, 0x00, 0x00, 0x00, 0x00, 0x00, 0x00, 0x00, 0x00, 0x00, 0x00, 0x00,
	0x00, 0x00, 0x00, 0x00, 0x00, 0x00, 0x00, 0x00, 0x00, 0x00, 0x00, 0x00, 0x00, 0x00,
	0x00, 0x00, 0x00, 0x00, 0x00, 0x00, 0x00, 0x00, 0x00, 0x00, 0x00, 0x00, 0x00, 0x00,
	0x00, 0x00, 0x00, 0x00, 0x00, 0x00, 0x00, 0x00, 0x00, 0x00, 0x00, 0x00, 0x00, 0x00,
	0x00, 0x00, 0x00, 0x00, 0x00, 0x00, 0x00, 0x00, 0x00, 0x00, 0x00, 0x00, 0x00, 0x00,
	0x00, 0x00, 0x00, 0x00, 0x00, 0x00, 0x00, 0x00, 0x00, 0x00, 0x00, 0x00, 0x00, 0x00,
	0x00, 0x00, 0x00, 0x00, 0x00, 0x00, 0x00, 0x00, 0x00, 0x00, 0x00, 0x00, 0x00, 0x00,
	0x00, 0x00, 0x00, 0x00, 0x00, 0x00, 0x00, 0x00, 0x00, 0x00, 0x00, 0x00, 0x00, 0x00,
	0x00, 0x00, 0x00, 0x00, 0x00, 0x00, 0x00, 0x00, 0x00, 0x00, 0x00, 0x00, 0x00, 0x00,
	0x00, 0x00, 0x00, 0x00, 0x00, 0x00, 0x00, 0x00, 0x00, 0x00, 0x00, 0x00, 0x00, 0x00,
	0x00, 0x00, 0x00, 0x00, 0x00, 0x00, 0x00, 0x00, 0x00, 0x00, 0x00, 0x00, 0x00, 0x00,
	0x00, 0x00, 0x00, 0x00, 0x00, 0x00, 0x00, 0x00, 0x00, 0x00, 0x00, 0x00, 0x00, 0x00,
	0x00, 0x00, 0x00, 0x00, 0x00, 0x00, 0x00, 0x00, 0x00, 0x00, 0x00, 0x00, 0x00, 0x00,
	0x00, 0x00, 0x00, 0x00, 0x00, 0x00, 0x00, 0x00, 0x00, 0x00, 0x00, 0x00, 0x00, 0x00,
	0x00, 0x00, 0x00, 0x00, 0x00, 0x00, 0x00, 0x00, 0x00, 0x00, 0x00, 0x00, 0x00, 0x00,
	0x00, 0x00, 0x00, 0x00, 0x00, 0x00, 0x00, 0x00, 0x00, 0x00, 0x00, 0x00, 0x00, 0x00,
	0x00, 0x00, 0x00, 0x00, 0x00, 0x00, 0x00, 0x00, 0x00, 0x00, 0x00, 0x00, 0x00, 0x00,
	0x00, 0x00, 0x00, 0x00, 0x00, 0x00, 0x00, 0x00, 0x00, 0x00, 0x00, 0x00, 0x00, 0x00,
	0x00, 0x00, 0x00, 0x00, 0x00, 0x00, 0x00, 0x00, 0x00, 0x00, 0x00, 0x00, 0x00, 0x00,
	0x00, 0x00, 0x00, 0x00, 0x00, 0x00, 0x00, 0x00, 0x00, 0x00, 0x00, 0x00, 0x00, 0x00,
	0x00, 0x00, 0x00, 0x00, 0x00, 0x00, 0x00, 0x00, 0x00, 0x00, 0x00, 0x00, 0x00, 0x00,
	0x00, 0x00, 0x00, 0x00, 0x00, 0x00, 0x00, 0x00, 0x00, 0x00, 0x00, 0x00, 0x00, 0x00,
	0x00, 0x00, 0x00, 0x00, 0x00, 0x00, 0x00, 0x00, 0x00, 0x00, 0x00, 0x00, 0x00, 0x00,
	0x00, 0x00, 0x00, 0x00, 0x00, 0x00, 0x00, 0x00, 0x00, 0x00, 0x00, 0x00, 0x00, 0x00,
	0x00, 0x00, 0x00, 0x00, 0x00, 0x00, 0x00, 0x00, 0x00, 0x00, 0x00, 0x00, 0x00, 0x00,
	0x00, 0x00, 0x00, 0x00, 0x00, 0x00, 0x00, 0x00, 0x00, 0x00, 0x00, 0x00, 0x00, 0x00,
	0x00, 0x00, 0x00, 0x00, 0x00, 0x00, 0x00, 0x00, 0x00, 0x00, 0x00, 0x00, 0x00, 0x00,
	0x00, 0x00, 0x00, 0x00, 0x00, 0x00, 0x00, 0x00, 0x00, 0x00, 0x00, 0x00, 0x00, 0x00,
	0x00, 0x00, 0x00, 0x00, 0x00, 0x00, 0x00, 0x00, 0x00, 0x00, 0x00, 0x00, 0x00, 0x00,
	0x00, 0x00, 0x00, 0x00, 0x00, 0x00, 0x00, 0x00, 0x00, 0x00, 0x00, 0x00, 0x00, 0x00,
	0x00, 0x00, 0x00, 0x00, 0x00, 0x00, 0x00, 0x00, 0x00, 0x00, 0x00, 0x00, 0x00, 0x00,
	0x00, 0x00, 0x00, 0x00, 0x00, 0x00, 0x00, 0x00, 0x00, 0x00, 0x00, 0x00, 0x00, 0x00,
	0x00, 0x00, 0x00, 0x00, 0x00, 0x00, 0x00, 0x00, 0x00, 0x00, 0x00, 0x00, 0x00, 0x00,
	0x00, 0x00, 0x00, 0x00, 0x00, 0x00, 0x00, 0x00, 0x00, 0x00, 0x00, 0x00, 0x00, 0x00,
	0x00, 0x00, 0x00, 0x00, 0x00, 0x00, 0x00, 0x00, 0x00, 0x00, 0x00, 0x00, 0x00, 0x00,
	0x00, 0x00, 0x00, 0x00, 0x00, 0x00, 0x00, 0x00, 0x00, 0x00, 0x00, 0x00, 0x00, 0x00,
	0x00, 0x00, 0x00, 0x00, 0x00, 0x00, 0x00, 0x00, 0x00, 0x00, 0x00, 0x00, 0x00, 0x00,
	0x00, 0x00, 0x00, 0x00, 0x00, 0x00, 0x00, 0x00, 0x00, 0x00, 0x00, 0x00, 0x00, 0x00,
	0x00, 0x00, 0x00, 0x00, 0x00, 0x00, 0x00, 0x00, 0x00, 0x00, 0x00, 0x00, 0x00, 0x00,
	0x00, 0x00, 0x00, 0x00, 0x00, 0x00, 0x00, 0x00, 0x00, 0x00, 0x00, 0x00, 0x00, 0x00,
	0x00, 0x00, 0x00, 0x00, 0x00, 0x00, 0x00, 0x00, 0x00, 0x00, 0x00, 0x00, 0x00, 0x00,
	0x00, 0x00, 0x00, 0x00, 0x00, 0x00, 0x00, 0x00, 0x00, 0x00, 0x00, 0x00, 0x00, 0x00,
	0x00, 0x00, 0x00, 0x00, 0x00, 0x00, 0x00, 0x00, 0x00, 0x00, 0x00, 0x00, 0x00, 0x00,
	0x00, 0x00, 0x00, 0x00, 0x00, 0x00, 0x00, 0x00, 0x00, 0x00, 0x00, 0x00, 0x00, 0x00,
	0x00, 0x00, 0x00, 0x00, 0x00, 0x00, 0x00, 0x00, 0x00, 0x00, 0x00, 0x00, 0x00, 0x00,
	0x00, 0x00, 0x00, 0x00, 0x00, 0x00, 0x00, 0x00, 0x00, 0x00, 0x00, 0x00, 0x00, 0x00,
	0x00, 0x00, 0x00, 0x00, 0x00, 0x00, 0x00, 0x00, 0x00, 0x00, 0x00, 0x00, 0x00, 0x00,
	0x00, 0x00, 0x00, 0x00, 0x00, 0x00, 0x00, 0x00, 0x00, 0x00, 0x00, 0x00, 0x00, 0x00,
	0x00, 0x00, 0x00, 0x00, 0x00, 0x00, 0x00, 0x00, 0x00, 0x00, 0x00, 0x00, 0x00, 0x00,
	0x00, 0x00, 0x00, 0x00, 0x00, 0x00, 0x00, 0x00, 0x00, 0x00, 0x00, 0x00, 0x00, 0x00,
	0x00, 0x00, 0x00, 0x00, 0x00, 0x00, 0x00, 0x00, 0x00, 0x00, 0x00, 0x00, 0x00, 0x00,
	0x00, 0x00, 0x00, 0x00, 0x00, 0x00, 0x00, 0x00, 0x00, 0x00, 0x00, 0x00, 0x00, 0x00,
	0x00, 0x00, 0x00, 0x00, 0x00, 0x00, 0x00, 0x00, 0x00, 0x00, 0x00, 0x00, 0x00, 0x00,
	0x00, 0x00, 0x00, 0x00, 0x00, 0x00, 0x00, 0x00, 0x00, 0x00, 0x00, 0x00, 0x00, 0x00,
	0x00, 0x00, 0x00, 0x00, 0x00, 0x00, 0x00, 0x00, 0x00, 0x00, 0x00, 0x00, 0x00, 0x00,
	0x00, 0x00, 0x00, 0x00, 0x00, 0x00, 0x00, 0x00, 0x00, 0x00, 0x00, 0x00, 0x00, 0x00,
	0x00, 0x00, 0x00, 0x00, 0x00, 0x00, 0x00, 0x00, 0x00, 0x00, 0x00, 0x00, 0x00, 0x00,
	0x00, 0x00, 0x00, 0x00, 0x00, 0x00, 0x00, 0x00, 0x00, 0x00, 0x00, 0x00, 0x00, 0x00,
	0x00, 0x00, 0x00, 0x00, 0x00, 0x00, 0x00, 0x00, 0x00, 0x00, 0x00, 0x00, 0x00, 0x00,
	0x00, 0x00, 0x00, 0x00, 0x00, 0x00, 0x00, 0x00, 0x00, 0x00, 0x00, 0x00, 0x00, 0x00,
	0x00, 0x00, 0x00, 0x00, 0x00, 0x00, 0x00, 0x00, 0x00, 0x00, 0x00, 0x00, 0x00, 0x00,
	0x00, 0x00, 0x00, 0x00, 0x00, 0x00, 0x00, 0x00, 0x00, 0x00, 0x00, 0x00, 0x00, 0x00,
	0x00, 0x00, 0x00, 0x00, 0x00, 0x00, 0x00, 0x00, 0x00, 0x00, 0x00, 0x00, 0x00, 0x00,
	0x00, 0x00, 0x00, 0x00, 0x00, 0x00, 0x00, 0x00, 0x00, 0x00, 0x00, 0x00, 0x00, 0x00,
	0x00, 0x00, 0x00, 0x00, 0x00, 0x00, 0x00, 0x00, 0x00, 0x00, 0x00, 0x00, 0x00, 0x00,
	0x00, 0x00, 0x00, 0x00, 0x00, 0x00, 0x00, 0x00, 0x00, 0x00, 0x00, 0x00, 0x00, 0x00,
	0x00, 0x00, 0x00, 0x00, 0x00, 0x00, 0x00, 0x00, 0x00, 0x00, 0x00, 0x00, 0x00, 0x00,
	0x00, 0x00, 0x00, 0x00, 0x00, 0x00, 0x00, 0x00, 0x00, 0x00, 0x00, 0x00, 0x00, 0x00,
	0x00, 0x00, 0x00, 0x00, 0x00, 0x00, 0x00, 0x00, 0x00, 0x00, 0x00, 0x00, 0x00, 0x00,
	0x00, 0x00, 0x00, 0x00, 0x00, 0x00, 0x00, 0x00, 0x00, 0x00, 0x00, 0x00, 0x00, 0x00,
	0x00, 0x00, 0x00, 0x00, 0x00, 0x00, 0x00, 0x00, 0x00, 0x00, 0x00, 0x00, 0x00, 0x00,
	0x00, 0x00, 0x00, 0x00, 0x00, 0x00, 0x00, 0x00, 0x00, 0x00, 0x00, 0x00, 0x00, 0x00,
	0x00, 0x00, 0x00, 0x00, 0x00, 0x00, 0x00, 0x00, 0x00, 0x00, 0x00, 0x00, 0x00, 0x00,
	0x00, 0x00, 0x00, 0x00, 0x00, 0x00, 0x00, 0x00, 0x00, 0x00, 0x00, 0x00, 0x00, 0x00,
	0x00, 0x00, 0x00, 0x00, 0x00, 0x00, 0x00, 0x00, 0x00, 0x00, 0x00, 0x00, 0x00, 0x00,
	0x00, 0x00, 0x00, 0x00, 0x00, 0x00, 0x00, 0x00, 0x00, 0x00, 0x00, 0x00, 0x00, 0x00,
	0x00, 0x00, 0x00, 0x00, 0x00, 0x00, 0x00, 0x00, 0x00, 0x00, 0x00, 0x00, 0x00, 0x00,
	0x00, 0x00, 0x00, 0x00, 0x00, 0x00, 0x00, 0x00, 0x00, 0x00, 0x00, 0x00, 0x00, 0x00,
	0x00, 0x00, 0x00, 0x00, 0x00, 0x00, 0x00, 0x00, 0x00, 0x00, 0x00, 0x00, 0x00, 0x00,
	0x00, 0x00, 0x00, 0x00, 0x00, 0x00, 0x00, 0x00, 0x00, 0x00, 0x00, 0x00, 0x00, 0x00,
	0x00, 0x00, 0x00, 0x00, 0x00, 0x00, 0x00, 0x00, 0x00, 0x00, 0x00, 0x00, 0x00, 0x00,
	0x00, 0x00, 0x00, 0x00, 0x00, 0x00, 0x00, 0x00, 0x00, 0x00, 0x00, 0x00, 0x00, 0x00,
	0x00, 0x00, 0x00, 0x00, 0x00, 0x00, 0x00, 0x00, 0x00, 0x00, 0x00, 0x00, 0x00, 0x00,
	0x00, 0x00, 0x00, 0x00, 0x00, 0x00, 0x00, 0x00, 0x00, 0x00, 0x00, 0x00, 0x00, 0x00,
	0x00, 0x00, 0x00, 0x00, 0x00, 0x00, 0x00, 0x00, 0x00, 0x00, 0x00, 0x00, 0x00, 0x00,
	0x00, 0x00, 0x00, 0x00, 0x00, 0x00, 0x00, 0x00, 0x00, 0x00, 0x00, 0x00, 0x00, 0x00,
	0x00, 0x00, 0x00, 0x00, 0x00, 0x00, 0x00, 0x00, 0x00, 0x00, 0x00, 0x00, 0x00, 0x00,
	0x00, 0x00, 0x00, 0x00, 0x00, 0x00, 0x00, 0x00, 0x00, 0x00, 0x00, 0x00, 0x00, 0x00,
	0x00, 0x00, 0x00, 0x00, 0x00, 0x00, 0x00, 0x00, 0x00, 0x00, 0x00, 0x00, 0x00, 0x00,
	0x00, 0x00, 0x00, 0x00, 0x00, 0x00, 0x00, 0x00, 0x00, 0x00, 0x00, 0x00, 0x00, 0x00,
	0x00, 0x00, 0x00, 0x00, 0x00, 0x00, 0x00, 0x00, 0x00, 0x00, 0x00, 0x00, 0x00, 0x00,
	0x00, 0x00, 0x00, 0x00, 0x00, 0x00, 0x00, 0x00, 0x00, 0x00, 0x00, 0x00, 0x00, 0x00,
	0x00, 0x00, 0x00, 0x00, 0x00, 0x00, 0x00, 0x00, 0x00, 0x00, 0x00, 0x00, 0x00, 0x00,
	0x00, 0x00, 0x00, 0x00, 0x00, 0x00, 0x00, 0x00, 0x00, 0x00, 0x00, 0x00, 0x00, 0x00,
	0x00, 0x00, 0x00, 0x00, 0x00, 0x00, 0x00, 0x00, 0x00, 0x00, 0x00, 0x00, 0x00, 0x00,
	0x00, 0x00, 0x00, 0x00, 0x00, 0x00, 0x00, 0x00, 0x00, 0x00, 0x00, 0x00, 0x00, 0x00,
	0x00, 0x00, 0x00, 0x00, 0x00, 0x00, 0x00, 0x00, 0x00, 0x00, 0x00, 0x00, 0x00, 0x00,
	0x00, 0x00, 0x00, 0x00, 0x00, 0x00, 0x00, 0x00, 0x00, 0x00, 0x00, 0x00, 0x00, 0x00,
	0x00, 0x00, 0x00, 0x00, 0x00, 0x00, 0x00, 0x00, 0x00, 0x00, 0x00, 0x00, 0x00, 0x00,
	0x00, 0x00, 0x00, 0x00, 0x00, 0x00, 0x00, 0x00, 0x00, 0x00, 0x00, 0x00, 0x00, 0x00,
	0x00, 0x00, 0x00, 0x00, 0x00, 0x00, 0x00, 0x00, 0x00, 0x00, 0x00, 0x00, 0x00, 0x00,
	0x00, 0x00, 0x00, 0x00, 0x00, 0x00, 0x00, 0x00, 0x00, 0x00, 0x00, 0x00, 0x00, 0x00,
	0x00, 0x00, 0x00, 0x00, 0x00, 0x00, 0x00, 0x00, 0x00, 0x00, 0x00, 0x00, 0x00, 0x00,
	0x00, 0x00, 0x00, 0x00, 0x00, 0x00, 0x00, 0x00, 0x00, 0x00, 0x00, 0x00, 0x00, 0x00,
	0x00, 0x00, 0x00, 0x00, 0x00, 0x00, 0x00, 0x00, 0x00, 0x00, 0x00, 0x00, 0x00, 0x00,
	0x00, 0x00, 0x00, 0x00, 0x00, 0x00, 0x00, 0x00, 0x00, 0x00, 0x00, 0x00, 0x00, 0x00,
	0x00, 0x00, 0x00, 0x00, 0x00, 0x00, 0x00, 0x00, 0x00, 0x00, 0x00, 0x00, 0x00, 0x00,
	0x00, 0x00, 0x00, 0x00, 0x00, 0x00, 0x00, 0x00, 0x00, 0x00, 0x00, 0x00, 0x00, 0x00,
	0x00, 0x00, 0x00, 0x00, 0x00, 0x00, 0x00, 0x00, 0x00, 0x00, 0x00, 0x00, 0x00, 0x00,
	0x00, 0x00, 0x00, 0x00, 0x00, 0x00, 0x00, 0x00, 0x00, 0x00, 0x00, 0x00, 0x00, 0x00,
	0x00, 0x00, 0x00, 0x00, 0x00, 0x00, 0x00, 0x00, 0x00, 0x00, 0x00, 0x00, 0x00, 0x00,
	0x00, 0x00, 0x00, 0x00, 0x00, 0x00, 0x00, 0x00, 0x00, 0x00, 0x00, 0x00, 0x00, 0x00,
	0x00, 0x00, 0x00, 0x00, 0x00, 0x00, 0x00, 0x00, 0x00, 0x00, 0x00, 0x00, 0x00, 0x00,
	0x00, 0x00, 0x00, 0x00, 0x00, 0x00, 0x00, 0x00, 0x00, 0x00, 0x00, 0x00, 0x00, 0x00,
	0x00, 0x00, 0x00, 0x00, 0x00, 0x00, 0x00, 0x00, 0x00, 0x00, 0x00, 0x00, 0x00, 0x00,
	0x00, 0x00, 0x00, 0x00, 0x00, 0x00, 0x00, 0x00, 0x00, 0x00, 0x00, 0x00, 0x00, 0x00,
	0x00, 0x00, 0x00, 0x00, 0x00, 0x00, 0x00, 0x00, 0x00, 0x00, 0x00, 0x00, 0x00, 0x00,
	0x00, 0x00, 0x00, 0x00, 0x00, 0x00, 0x00, 0x00, 0x00, 0x00, 0x00, 0x00, 0x00, 0x00,
	0x00, 0x00, 0x00, 0x00, 0x00, 0x00, 0x00, 0x00, 0x00, 0x00, 0x00, 0x00, 0x00, 0x00,
	0x00, 0x00, 0x00, 0x00, 0x00, 0x00, 0x00, 0x00, 0x00, 0x00, 0x00, 0x00, 0x00, 0x00,
	0x00, 0x00, 0x00, 0x00, 0x00, 0x00, 0x00, 0x00, 0x00, 0x00, 0x00, 0x00, 0x00, 0x00,
	0x00, 0x00, 0x00, 0x00, 0x00, 0x00, 0x00, 0x00, 0x00, 0x00, 0x00, 0x00, 0x00, 0x00,
	0x00, 0x00, 0x00, 0x00, 0x00, 0x00, 0x00, 0x00, 0x00, 0x00, 0x00, 0x00, 0x00, 0x00,
	0x00, 0x00, 0x00, 0x00, 0x00, 0x00, 0x00, 0x00, 0x00, 0x00, 0x00, 0x00, 0x00, 0x00,
	0x00, 0x00, 0x00, 0x00, 0x00, 0x00, 0x00, 0x00, 0x00, 0x00, 0x00, 0x00, 0x00, 0x00,
	0x00, 0x00, 0x00, 0x00, 0x00, 0x00, 0x00, 0x00, 0x00, 0x00, 0x00, 0x00, 0x00, 0x00,
	0x00, 0x00, 0x00, 0x00, 0x00, 0x00, 0x00, 0x00, 0x00, 0x00, 0x00, 0x00, 0x00, 0x00,
	0x00, 0x00, 0x00, 0x00, 0x00, 0x00, 0x00, 0x00, 0x00, 0x00, 0x00, 0x00, 0x00, 0x00,
	0x00, 0x00, 0x00, 0x00, 0x00, 0x00, 0x00, 0x00, 0x00, 0x00, 0x00, 0x00, 0x00, 0x00,
	0x00, 0x00, 0x00, 0x00, 0x00, 0x00, 0x00, 0x00, 0x00, 0x00, 0x00, 0x00, 0x00, 0x00,
	0x00, 0x00, 0x00, 0x00, 0x00, 0x00, 0x00, 0x00, 0x00, 0x00, 0x00, 0x00, 0x00, 0x00,
	0x00, 0x00, 0x00, 0x00, 0x00, 0x00, 0x00, 0x00, 0x00, 0x00, 0x00, 0x00, 0x00, 0x00,
	0x00, 0x00, 0x00, 0x00, 0x00, 0x00, 0x00, 0x00, 0x00, 0x00, 0x00, 0x00, 0x00, 0x00,
	0x00, 0x00, 0x00, 0x00, 0x00, 0x00, 0x00, 0x00, 0x00, 0x00, 0x00, 0x00, 0x00, 0x00,
	0x00, 0x00, 0x00, 0x00, 0x00, 0x00, 0x00, 0x00, 0x00, 0x00, 0x00, 0x00, 0x00, 0x00,
	0x00, 0x00, 0x00, 0x00, 0x00, 0x00, 0x00, 0x00, 0x00, 0x00, 0x00, 0x00, 0x00, 0x00,
	0x00, 0x00, 0x00, 0x00, 0x00, 0x00, 0x00, 0x00, 0x00, 0x00, 0x00, 0x00, 0x00, 0x00,
	0x00, 0x00, 0x00, 0x00, 0x00, 0x00, 0x00, 0x00, 0x00, 0x00, 0x00, 0x00, 0x00, 0x00,
	0x00, 0x00, 0x00, 0x00, 0x00, 0x00, 0x00, 0x00, 0x00, 0x00, 0x00, 0x00, 0x00, 0x00,
	0x00, 0x00, 0x00, 0x00, 0x00, 0x00, 0x00, 0x00, 0x00, 0x00, 0x00, 0x00, 0x00, 0x00,
	0x00, 0x00, 0x00, 0x00, 0x00, 0x00, 0x00, 0x00, 0x00, 0x00, 0x00, 0x00, 0x00, 0x00,
	0x00, 0x00, 0x00, 0x00, 0x00, 0x00, 0x00, 0x00, 0x00, 0x00, 0x00, 0x00, 0x00, 0x00,
	0x00, 0x00, 0x00, 0x00, 0x00, 0x00, 0x00, 0x00, 0x00, 0x00, 0x00, 0x00, 0x00, 0x00,
	0x00, 0x00, 0x00, 0x00, 0x00, 0x00, 0x00, 0x00, 0x00, 0x00, 0x00, 0x00, 0x00, 0x00,
	0x00, 0x00, 0x00, 0x00, 0x00, 0x00, 0x00, 0x00, 0x00, 0x00, 0x00, 0x00, 0x00, 0x00,
	0x00, 0x00, 0x00, 0x00, 0x00, 0x00, 0x00, 0x00, 0x00, 0x00, 0x00, 0x00, 0x00, 0x00,
	0x00, 0x00, 0x00, 0x00, 0x00, 0x00, 0x00, 0x00, 0x00, 0x00, 0x00, 0x00, 0x00, 0x00,
	0x00, 0x00, 0x00, 0x00, 0x00, 0x00, 0x00, 0x00, 0x00, 0x00, 0x00, 0x00, 0x00, 0x00,
	0x00, 0x00, 0x00, 0x00, 0x00, 0x00, 0x00, 0x00, 0x00, 0x00, 0x00, 0x00, 0x00, 0x00,
	0x00, 0x00, 0x00, 0x00, 0x00, 0x00, 0x00, 0x00, 0x00, 0x00, 0x00, 0x00, 0x00, 0x00,
	0x00, 0x00, 0x00, 0x00, 0x00, 0x00, 0x00, 0x00, 0x00, 0x00, 0x00, 0x00, 0x00, 0x00,
	0x00, 0x00, 0x00, 0x00, 0x00, 0x00, 0x00, 0x00, 0x00, 0x00, 0x00, 0x00, 0x00, 0x00,
	0x00, 0x00, 0x00, 0x00, 0x00, 0x00, 0x00, 0x00, 0x00, 0x00, 0x00, 0x00, 0x00, 0x00,
	0x00, 0x00, 0x00, 0x00, 0x00, 0x00, 0x00, 0x00, 0x00, 0x00, 0x00, 0x00, 0x00, 0x00,
	0x00, 0x00, 0x00, 0x00, 0x00, 0x00, 0x00, 0x00, 0x00, 0x00, 0x00, 0x00, 0x00, 0x00,
	0x00, 0x00, 0x00, 0x00, 0x00, 0x00, 0x00, 0x00, 0x00, 0x00, 0x00, 0x00, 0x00, 0x00,
	0x00, 0x00, 0x00, 0x00, 0x00, 0x00, 0x00, 0x00, 0x00, 0x00, 0x00, 0x00, 0x00, 0x00,
	0x00, 0x00, 0x00, 0x00, 0x00, 0x00, 0x00, 0x00, 0x00, 0x00, 0x00, 0x00, 0x00, 0x00,
	0x00, 0x00, 0x00, 0x00, 0x00, 0x00, 0x00, 0x00, 0x00, 0x00, 0x00, 0x00, 0x00, 0x00,
	0x00, 0x00, 0x00, 0x00, 0x00, 0x00, 0x00, 0x00, 0x00, 0x00, 0x00, 0x00, 0x00, 0x00,
	0x00, 0x00, 0x00, 0x00, 0x00, 0x00, 0x00, 0x00, 0x00, 0x00, 0x00, 0x00, 0x00, 0x00,
	0x00, 0x00, 0x00, 0x00, 0x00, 0x00, 0x00, 0x00, 0x00, 0x00, 0x00, 0x00, 0x00, 0x00,
	0x00, 0x00, 0x00, 0x00, 0x00, 0x00, 0x00, 0x00, 0x00, 0x00, 0x00, 0x00, 0x00, 0x00,
	0x00, 0x00, 0x00, 0x00, 0x00, 0x00, 0x00, 0x00, 0x00, 0x00, 0x00, 0x00, 0x00, 0x00,
	0x00, 0x00, 0x00, 0x00, 0x00, 0x00, 0x00, 0x00, 0x00, 0x00, 0x00, 0x00, 0x00, 0x00,
	0x00, 0x00, 0x00, 0x00, 0x00, 0x00, 0x00, 0x00, 0x00, 0x00, 0x00, 0x00, 0x00, 0x00,
	0x00, 0x00, 0x00, 0x00, 0x00, 0x00, 0x00, 0x00, 0x00, 0x00, 0x00, 0x00, 0x00, 0x00,
	0x00, 0x00, 0x00, 0x00, 0x00, 0x00, 0x00, 0x00, 0x00, 0x00, 0x00, 0x00, 0x00, 0x00,
	0x00, 0x00, 0x00, 0x00, 0x00, 0x00, 0x00, 0x00, 0x00, 0x00, 0x00, 0x00, 0x00, 0x00,
	0x00, 0x00, 0x00, 0x00, 0x00, 0x00, 0x00, 0x00, 0x00, 0x00, 0x00, 0x00, 0x00, 0x00,
	0x00, 0x00, 0x00, 0x00, 0x00, 0x00, 0x00, 0x00, 0x00, 0x00, 0x00, 0x00, 0x00, 0x00,
	0x00, 0x00, 0x00, 0x00, 0x00, 0x00, 0x00, 0x00, 0x00, 0x00, 0x00, 0x00, 0x00, 0x00,
	0x00, 0x00, 0x00, 0x00, 0x00, 0x00, 0x00, 0x00, 0x00, 0x00, 0x00, 0x00, 0x00, 0x00,
	0x00, 0x00, 0x00, 0x00, 0x00, 0x00, 0x00, 0x00, 0x00, 0x00, 0x00, 0x00, 0x00, 0x00,
	0x00, 0x00, 0x00, 0x00, 0x00, 0x00, 0x00, 0x00, 0x00, 0x00, 0x00, 0x00, 0x00, 0x00,
	0x00, 0x00, 0x00, 0x00, 0x00, 0x00, 0x00, 0x00, 0x00, 0x00, 0x00, 0x00, 0x00, 0x00,
	0x00, 0x00, 0x00, 0x00, 0x00, 0x00, 0x00, 0x00, 0x00, 0x00, 0x00, 0x00, 0x00, 0x00,
	0x00, 0x00, 0x00, 0x00, 0x00, 0x00, 0x00, 0x00, 0x00, 0x00, 0x00, 0x00, 0x00, 0x00,
	0x00, 0x00, 0x00, 0x00, 0x00, 0x00, 0x00, 0x00, 0x00, 0x00, 0x00, 0x00, 0x00, 0x00,
	0x00, 0x00, 0x00, 0x00, 0x00, 0x00, 0x00, 0x00, 0x00, 0x00, 0x00, 0x00, 0x00, 0x00,
	0x00, 0x00, 0x00, 0x00, 0x00, 0x00, 0x00, 0x00, 0x00, 0x00, 0x00, 0x00, 0x00, 0x00,
	0x00, 0x00, 0x00, 0x00, 0x00, 0x00, 0x00, 0x00, 0x00, 0x00, 0x00, 0x00, 0x00, 0x00,
	0x00, 0x00, 0x00, 0x00, 0x00, 0x00, 0x00, 0x00, 0x00, 0x00, 0x00, 0x00, 0x00, 0x00,
	0x00, 0x00, 0x00, 0x00, 0x00, 0x00, 0x00, 0x00, 0x00, 0x00, 0x00, 0x00, 0x00, 0x00,
	0x00, 0x00, 0x00, 0x00, 0x00, 0x00, 0x00, 0x00, 0x00, 0x00, 0x00, 0x00, 0x00, 0x00,
	0x00, 0x00, 0x00, 0x00, 0x00, 0x00, 0x00, 0x00, 0x00, 0x00, 0x00, 0x00, 0x00, 0x00,
	0x00, 0x00, 0x00, 0x00, 0x00, 0x00, 0x00, 0x00, 0x00, 0x00, 0x00, 0x00, 0x00, 0x00,
	0x00, 0x00, 0x00, 0x00, 0x00, 0x00, 0x00, 0x00, 0x00, 0x00, 0x00, 0x00, 0x00, 0x00,
	0x00, 0x00, 0x00, 0x00, 0x00, 0x00, 0x00, 0x00, 0x00, 0x00, 0x00, 0x00, 0x00, 0x00,
	0x00, 0x00, 0x00, 0x00, 0x00, 0x00, 0x00, 0x00, 0x00, 0x00, 0x00, 0x00, 0x00, 0x00,
	0x00, 0x00, 0x00, 0x00, 0x00, 0x00, 0x00, 0x00, 0x00, 0x00, 0x00, 0x00, 0x00, 0x00,
	0x00, 0x00, 0x00, 0x00, 0x00, 0x00, 0x00, 0x00, 0x00, 0x00, 0x00, 0x00, 0x00, 0x00,
	0x00, 0x00, 0x00, 0x00, 0x00, 0x00, 0x00, 0x00, 0x00, 0x00, 0x00, 0x00, 0x00, 0x00,
	0x00, 0x00, 0x00, 0x00, 0x00, 0x00, 0x00, 0x00, 0x00, 0x00, 0x00, 0x00, 0x00, 0x00,
	0x00, 0x00, 0x00, 0x00, 0x00, 0x00, 0x00, 0x00, 0x00, 0x00, 0x00, 0x00, 0x00, 0x00,
	0x00, 0x00, 0x00, 0x00, 0x00, 0x00, 0x00, 0x00, 0x00, 0x00, 0x00, 0x00, 0x00, 0x00,
	0x00, 0x00, 0x00, 0x00, 0x00, 0x00, 0x00, 0x00, 0x00, 0x00, 0x00, 0x00, 0x00, 0x00,
	0x00, 0x00, 0x00, 0x00, 0x00, 0x00, 0x00, 0x00, 0x00, 0x00, 0x00, 0x00, 0x00, 0x00,
	0x00, 0x00, 0x00, 0x00, 0x00, 0x00, 0x00, 0x00, 0x00, 0x00, 0x00, 0x00, 0x00, 0x00,
	0x00, 0x00, 0x00, 0x00, 0x00, 0x00, 0x00, 0x00, 0x00, 0x00, 0x00, 0x00, 0x00, 0x00,
	0x00, 0x00, 0x00, 0x00, 0x00, 0x00, 0x00, 0x00, 0x00, 0x00, 0x00, 0x00, 0x00, 0x00,
	0x00, 0x00, 0x00, 0x00, 0x00, 0x00, 0x00, 0x00, 0x00, 0x00, 0x00, 0x00, 0x00, 0x00,
	0x00, 0x00, 0x00, 0x00, 0x00, 0x00, 0x00, 0x00, 0x00, 0x00, 0x00, 0x00, 0x00, 0x00,
	0x00, 0x00, 0x00, 0x00, 0x00, 0x00, 0x00, 0x00, 0x00, 0x00, 0x00, 0x00, 0x00, 0x00,
	0x00, 0x00, 0x00, 0x00, 0x00, 0x00, 0x00, 0x00, 0x00, 0x00, 0x00, 0x00, 0x00, 0x00,
	0x00, 0x00, 0x00, 0x00, 0x00, 0x00, 0x00, 0x00, 0x00, 0x00, 0x00, 0x00, 0x00, 0x00,
	0x00, 0x00, 0x00, 0x00, 0x00, 0x00, 0x00, 0x00, 0x00, 0x00, 0x00, 0x00, 0x00, 0x00,
	0x00, 0x00, 0x00, 0x00, 0x00, 0x00, 0x00, 0x00, 0x00, 0x00, 0x00, 0x00, 0x00, 0x00,
	0x00, 0x00, 0x00, 0x00, 0x00, 0x00, 0x00, 0x00, 0x00, 0x00, 0x00, 0x00, 0x00, 0x00,
	0x00, 0x00, 0x00, 0x00, 0x00, 0x00, 0x00, 0x00, 0x00, 0x00, 0x00, 0x00, 0x00, 0x00,
	0x00, 0x00, 0x00, 0x00, 0x00, 0x00, 0x00, 0x00, 0x00, 0x00, 0x00, 0x00, 0x00, 0x00,
	0x00, 0x00, 0x00, 0x00, 0x00, 0x00, 0x00, 0x00, 0x00, 0x00, 0x00, 0x00, 0x00, 0x00,
	0x00, 0x00, 0x00, 0x00, 0x00, 0x00, 0x00, 0x00, 0x00, 0x00, 0x00, 0x00, 0x00, 0x00,
	0x00, 0x00, 0x00, 0x00, 0x00, 0x00, 0x00, 0x00, 0x00, 0x00, 0x00, 0x00, 0x00, 0x00,
	0x00, 0x00, 0x00, 0x00, 0x00, 0x00, 0x00, 0x00, 0x00, 0x00, 0x00, 0x00, 0x00, 0x00,
	0x00, 0x00, 0x00, 0x00, 0x00, 0x00, 0x00, 0x00, 0x00, 0x00, 0x00, 0x00, 0x00, 0x00,
	0x00, 0x00, 0x00, 0x00, 0x00, 0x00, 0x00, 0x00, 0x00, 0x00, 0x00, 0x00, 0x00, 0x00,
	0x00, 0x00, 0x00, 0x00, 0x00, 0x00, 0x00, 0x00, 0x00, 0x00, 0x00, 0x00, 0x00, 0x00,
	0x00, 0x00, 0x00, 0x00, 0x00, 0x00, 0x00, 0x00, 0x00, 0x00, 0x00, 0x00, 0x00, 0x00,
	0x00, 0x00, 0x00, 0x00, 0x00, 0x00, 0x00, 0x00, 0x00, 0x00, 0x00, 0x00, 0x00, 0x00,
	0x00, 0x00, 0x00, 0x00, 0x00, 0x00, 0x00, 0x00, 0x00, 0x00, 0x00, 0x00, 0x00, 0x00,
	0x00, 0x00, 0x00, 0x00, 0x00, 0x00, 0x00, 0x00, 0x00, 0x00, 0x00, 0x00, 0x00, 0x00,
	0x00, 0x00, 0x00, 0x00, 0x00, 0x00, 0x00, 0x00, 0x00, 0x00, 0x00, 0x00, 0x00, 0x00,
	0x00, 0x00, 0x00, 0x00, 0x00, 0x00, 0x00, 0x00, 0x00, 0x00, 0x00, 0x00, 0x00, 0x00,
	0x00, 0x00, 0x00, 0x00, 0x00, 0x00, 0x00, 0x00, 0x00, 0x00, 0x00, 0x00, 0x00, 0x00,
	0x00, 0x00, 0x00, 0x00, 0x00, 0x00, 0x00, 0x00, 0x00, 0x00, 0x00, 0x00, 0x00, 0x00,
	0x00, 0x00, 0x00, 0x00, 0x00, 0x00, 0x00, 0x00, 0x00, 0x00, 0x00, 0x00, 0x00, 0x00,
	0x00, 0x00, 0x00, 0x00, 0x00, 0x00, 0x00, 0x00, 0x00, 0x00, 0x00, 0x00, 0x00, 0x00,
	0x00, 0x00, 0x00, 0x00, 0x00, 0x00, 0x00, 0x00, 0x00, 0x00, 0x00, 0x00, 0x00, 0x00,
	0x00, 0x00, 0x00, 0x00, 0x00, 0x00, 0x00, 0x00, 0x00, 0x00, 0x00, 0x00, 0x00, 0x00,
	0x00, 0x00, 0x00, 0x00, 0x00, 0x00, 0x00, 0x00, 0x00, 0x00, 0x00, 0x00, 0x00, 0x00,
	0x00, 0x00, 0x00, 0x00, 0x00, 0x00, 0x00, 0x00, 0x00, 0x00, 0x00, 0x00, 0x00, 0x00,
	0x00, 0x00, 0x00, 0x00, 0x00, 0x00, 0x00, 0x00, 0x00, 0x00, 0x00, 0x00, 0x00, 0x00,
	0x00, 0x00, 0x00, 0x00, 0x00, 0x00, 0x00, 0x00, 0x00, 0x00, 0x00, 0x00, 0x00, 0x00,
	0x00, 0x00, 0x00, 0x00, 0x00, 0x00, 0x00, 0x00, 0x00, 0x00, 0x00, 0x00, 0x00, 0x00,
	0x00, 0x00, 0x00, 0x00, 0x00, 0x00, 0x00, 0x00, 0x00, 0x00, 0x00, 0x00, 0x00, 0x00,
	0x00, 0x00, 0x00, 0x00, 0x00, 0x00, 0x00, 0x00, 0x00, 0x00, 0x00, 0x00, 0x00, 0x00,
	0x00, 0x00, 0x00, 0x00, 0x00, 0x00, 0x00, 0x00, 0x00, 0x00, 0x00, 0x00, 0x00, 0x00,
	0x00, 0x00, 0x00, 0x00, 0x00, 0x00, 0x00, 0x00, 0x00, 0x00, 0x00, 0x00, 0x00, 0x00,
	0x00, 0x00, 0x00, 0x00, 0x00, 0x00, 0x00, 0x00, 0x00, 0x00, 0x00, 0x00, 0x00, 0x00,
	0x00, 0x00, 0x00, 0x00, 0x00, 0x00, 0x00, 0x00, 0x00, 0x00, 0x00, 0x00, 0x00, 0x00,
	0x00, 0x00, 0x00, 0x00, 0x00, 0x00, 0x00, 0x00, 0x00, 0x00, 0x00, 0x00, 0x00, 0x00,
	0x00, 0x00, 0x00, 0x00, 0x00, 0x00, 0x00, 0x00, 0x00, 0x00, 0x00, 0x00, 0x00, 0x00,
	0x00, 0x00, 0x00, 0x00, 0x00, 0x00, 0x00, 0x00, 0x00, 0x00, 0x00, 0x00, 0x00, 0x00,
	0x00, 0x00, 0x00, 0x00, 0x00, 0x00, 0x00, 0x00, 0x00, 0x00, 0x00, 0x00, 0x00, 0x00,
	0x00, 0x00, 0x00, 0x00, 0x00, 0x00, 0x00, 0x00, 0x00, 0x00, 0x00, 0x00, 0x00, 0x00,
	0x00, 0x00, 0x00, 0x00, 0x00, 0x00, 0x00, 0x00, 0x00, 0x00, 0x00, 0x00, 0x00, 0x00,
	0x00, 0x00, 0x00, 0x00, 0x00, 0x00, 0x00, 0x00, 0x00, 0x00, 0x00, 0x00, 0x00, 0x00,
	0x00, 0x00, 0x00, 0x00, 0x00, 0x00, 0x00, 0x00, 0x00, 0x00, 0x00, 0x00, 0x00, 0x00,
	0x00, 0x00, 0x00, 0x00, 0x00, 0x00, 0x00, 0x00, 0x00, 0x00, 0x00, 0x00, 0x00, 0x00,
	0x00, 0x00, 0x00, 0x00, 0x00, 0x00, 0x00, 0x00, 0x00, 0x00, 0x00, 0x00, 0x00, 0x00,
	0x00, 0x00, 0x00, 0x00, 0x00, 0x00, 0x00, 0x00, 0x00, 0x00, 0x00, 0x00, 0x00, 0x00,
	0x00, 0x00, 0x00, 0x00, 0x00, 0x00, 0x00, 0x00, 0x00, 0x00, 0x00, 0x00, 0x00, 0x00,
	0x00, 0x00, 0x00, 0x00, 0x00, 0x00, 0x00, 0x00, 0x00, 0x00, 0x00, 0x00, 0x00, 0x00,
	0x00, 0x00, 0x00, 0x00, 0x00, 0x00, 0x00, 0x00, 0x00, 0x00, 0x00, 0x00, 0x00, 0x00,
	0x00, 0x00, 0x00, 0x00, 0x00, 0x00, 0x00, 0x00, 0x00, 0x00, 0x00, 0x00, 0x00, 0x00,
	0x00, 0x00, 0x00, 0x00, 0x00, 0x00, 0x00, 0x00, 0x00, 0x00, 0x00, 0x00, 0x00, 0x00,
	0x00, 0x00, 0x00, 0x00, 0x00, 0x00, 0x00, 0x00, 0x00, 0x00, 0x00, 0x00, 0x00, 0x00,
	0x00, 0x00, 0x00, 0x00, 0x00, 0x00, 0x00, 0x00, 0x00, 0x00, 0x00, 0x00, 0x00, 0x00,
	0x00, 0x00, 0x00, 0x00, 0x00, 0x00, 0x00, 0x00, 0x00, 0x00, 0x00, 0x00, 0x00, 0x00,
	0x00, 0x00, 0x00, 0x00, 0x00, 0x00, 0x00, 0x00, 0x00, 0x00, 0x00, 0x00, 0x00, 0x00,
	0x00, 0x00, 0x00, 0x00, 0x00, 0x00, 0x00, 0x00, 0x00, 0x00, 0x00, 0x00, 0x00, 0x00,
	0x00, 0x00, 0x00, 0x00, 0x00, 0x00, 0x00, 0x00, 0x00, 0x00, 0x00, 0x00, 0x00, 0x00,
	0x00, 0x00, 0x00, 0x00, 0x00, 0x00, 0x00, 0x00, 0x00, 0x00, 0x00, 0x00, 0x00, 0x00,
	0x00, 0x00, 0x00, 0x00, 0x00, 0x00, 0x00, 0x00, 0x00, 0x00, 0x00, 0x00, 0x00, 0x00,
	0x00, 0x00, 0x00, 0x00, 0x00, 0x00, 0x00, 0x00, 0x00, 0x00, 0x00, 0x00, 0x00, 0x00,
	0x00, 0x00, 0x00, 0x00, 0x00, 0x00, 0x00, 0x00, 0x00, 0x00, 0x00, 0x00, 0x00, 0x00,
	0x00, 0x00, 0x00, 0x00, 0x00, 0x00, 0x00, 0x00, 0x00, 0x00, 0x00, 0x00, 0x00, 0x00,
	0x00, 0x00, 0x00, 0x00, 0x00, 0x00, 0x00, 0x00, 0x00, 0x00, 0x00, 0x00, 0x00, 0x00,
	0x00, 0x00, 0x00, 0x00, 0x00, 0x00, 0x00, 0x00, 0x00, 0x00, 0x00, 0x00, 0x00, 0x00,
	0x00, 0x00, 0x00, 0x00, 0x00, 0x00, 0x00, 0x00, 0x00, 0x00, 0x00, 0x00, 0x00, 0x00,
	0x00, 0x00, 0x00, 0x00, 0x00, 0x00, 0x00, 0x00, 0x00, 0x00, 0x00, 0x00, 0x00, 0x00,
	0x00, 0x00, 0x00, 0x00, 0x00, 0x00, 0x00, 0x00, 0x00, 0x00, 0x00, 0x00, 0x00, 0x00,
	0x00, 0x00, 0x00, 0x00, 0x00, 0x00, 0x00, 0x00, 0x00, 0x00, 0x00, 0x00, 0x00, 0x00,
	0x00, 0x00, 0x00, 0x00, 0x00, 0x00, 0x00, 0x00, 0x00, 0x00, 0x00, 0x00, 0x00, 0x00,
	0x00, 0x00, 0x00, 0x00, 0x00, 0x00, 0x00, 0x00, 0x00, 0x00, 0x00, 0x00, 0x00, 0x00,
	0x00, 0x00, 0x00, 0x00, 0x00, 0x00, 0x00, 0x00, 0x00, 0x00, 0x00, 0x00, 0x00, 0x00,
	0x00, 0x00, 0x00, 0x00, 0x00, 0x00, 0x00, 0x00, 0x00, 0x00, 0x00, 0x00, 0x00, 0x00,
	0x00, 0x00, 0x00, 0x00, 0x00, 0x00, 0x00, 0x00, 0x00, 0x00, 0x00, 0x00, 0x00, 0x00,
	0x00, 0x00, 0x00, 0x00, 0x00, 0x00, 0x00, 0x00, 0x00, 0x00, 0x00, 0x00, 0x00, 0x00,
	0x00, 0x00, 0x00, 0x00, 0x00, 0x00, 0x00, 0x00, 0x00, 0x00, 0x00, 0x00, 0x00, 0x00,
	0x00, 0x00, 0x00, 0x00, 0x00, 0x00, 0x00, 0x00, 0x00, 0x00, 0x00, 0x00, 0x00, 0x00,
	0x00, 0x00, 0x00, 0x00, 0x00, 0x00, 0x00, 0x00, 0x00, 0x00, 0x00, 0x00, 0x00, 0x00,
	0x00, 0x00, 0x00, 0x00, 0x00, 0x00, 0x00, 0x00, 0x00, 0x00, 0x00, 0x00, 0x00, 0x00,
	0x00, 0x00, 0x00, 0x00, 0x00, 0x00, 0x00, 0x00, 0x00, 0x00, 0x00, 0x00, 0x00, 0x00,
	0x00, 0x00, 0x00, 0x00, 0x00, 0x00, 0x00, 0x00, 0x00, 0x00, 0x00, 0x00, 0x00, 0x00,
	0x00, 0x00, 0x00, 0x00, 0x00, 0x00, 0x00, 0x00, 0x00, 0x00, 0x00, 0x00, 0x00, 0x00,
	0x00, 0x00, 0x00, 0x00, 0x00, 0x00, 0x00, 0x00, 0x00, 0x00, 0x00, 0x00, 0x00, 0x00,
	0x00, 0x00, 0x00, 0x00, 0x00, 0x00, 0x00, 0x00, 0x00, 0x00, 0x00, 0x00, 0x00, 0x00,
	0x00, 0x00, 0x00, 0x00, 0x00, 0x00, 0x00, 0x00, 0x00, 0x00, 0x00, 0x00, 0x00, 0x00,
	0x00, 0x00, 0x00, 0x00, 0x00, 0x00, 0x00, 0x00, 0x00, 0x00, 0x00, 0x00, 0x00, 0x00,
	0x00, 0x00, 0x00, 0x00, 0x00, 0x00, 0x00, 0x00, 0x00, 0x00, 0x00, 0x00, 0x00, 0x00,
	0x00, 0x00, 0x00, 0x00, 0x00, 0x00, 0x00, 0x00, 0x00, 0x00, 0x00, 0x00, 0x00, 0x00,
	0x00, 0x00, 0x00, 0x00, 0x00, 0x00, 0x00, 0x00, 0x00, 0x00, 0x00, 0x00, 0x00, 0x00,
	0x00, 0x00, 0x00, 0x00, 0x00, 0x00, 0x00, 0x00, 0x00, 0x00, 0x00, 0x00, 0x00, 0x00,
	0x00, 0x00, 0x00, 0x00, 0x00, 0x00, 0x00, 0x00, 0x00, 0x00, 0x00, 0x00, 0x00, 0x00,
	0x00, 0x00, 0x00, 0x00, 0x00, 0x00, 0x00, 0x00, 0x00, 0x00, 0x00, 0x00, 0x00, 0x00,
	0x00, 0x00, 0x00, 0x00, 0x00, 0x00, 0x00, 0x00, 0x00, 0x00, 0x00, 0x00, 0x00, 0x00,
	0x00, 0x00, 0x00, 0x00, 0x00, 0x00, 0x00, 0x00, 0x00, 0x00, 0x00, 0x00, 0x00, 0x00,
	0x00, 0x00, 0x00, 0x00, 0x00, 0x00, 0x00, 0x00, 0x00, 0x00, 0x00, 0x00, 0x00, 0x00,
	0x00, 0x00, 0x00, 0x00, 0x00, 0x00, 0x00, 0x00, 0x00, 0x00, 0x00, 0x00, 0x00, 0x00,
	0x00, 0x00, 0x00, 0x00, 0x00, 0x00, 0x00, 0x00, 0x00, 0x00, 0x00, 0x00, 0x00, 0x00,
	0x00, 0x00, 0x00, 0x00, 0x00, 0x00, 0x00, 0x00, 0x00, 0x00, 0x00, 0x00, 0x00, 0x00,
	0x00, 0x00, 0x00, 0x00, 0x00, 0x00, 0x00, 0x00, 0x00, 0x00, 0x00, 0x00, 0x00, 0x00,
	0x00, 0x00, 0x00, 0x00, 0x00, 0x00, 0x00, 0x00, 0x00, 0x00, 0x00, 0x00, 0x00, 0x00,
	0x00, 0x00, 0x00, 0x00, 0x00, 0x00, 0x00, 0x00, 0x00, 0x00, 0x00, 0x00, 0x00, 0x00,
	0x00, 0x00, 0x00, 0x00, 0x00, 0x00, 0x00, 0x00, 0x00, 0x00, 0x00, 0x00, 0x00, 0x00,
	0x00, 0x00, 0x00, 0x00, 0x00, 0x00, 0x00, 0x00, 0x00, 0x00, 0x00, 0x00, 0x00, 0x00,
	0x00, 0x00, 0x00, 0x00, 0x00, 0x00, 0x00, 0x00, 0x00, 0x00, 0x00, 0x00, 0x00, 0x00,
	0x00, 0x00, 0x00, 0x00, 0x00, 0x00, 0x00, 0x00, 0x00, 0x00, 0x00, 0x00, 0x00, 0x00,
	0x00, 0x00, 0x00, 0x00, 0x00, 0x00, 0x00, 0x00, 0x00, 0x00, 0x00, 0x00, 0x00, 0x00,
	0x00, 0x00, 0x00, 0x00, 0x00, 0x00, 0x00, 0x00, 0x00, 0x00, 0x00, 0x00, 0x00, 0x00,
	0x00, 0x00, 0x00, 0x00, 0x00, 0x00, 0x00, 0x00, 0x00, 0x00, 0x00, 0x00, 0x00, 0x00,
	0x00, 0x00, 0x00, 0x00, 0x00, 0x00, 0x00, 0x00, 0x00, 0x00, 0x00, 0x00, 0x00, 0x00,
	0x00, 0x00, 0x00, 0x00, 0x00, 0x00, 0x00, 0x00, 0x00, 0x00, 0x00, 0x00, 0x00, 0x00,
	0x00, 0x00, 0x00, 0x00, 0x00, 0x00, 0x00, 0x00, 0x00, 0x00, 0x00, 0x00, 0x00, 0x00,
	0x00, 0x00, 0x00, 0x00, 0x00, 0x00, 0x00, 0x00, 0x00, 0x00, 0x00, 0x00, 0x00, 0x00,
	0x00, 0x00, 0x00, 0x00, 0x00, 0x00, 0x00, 0x00, 0x00, 0x00, 0x00, 0x00, 0x00, 0x00,
	0x00, 0x00, 0x00, 0x00, 0x00, 0x00, 0x00, 0x00, 0x00, 0x00, 0x00, 0x00, 0x00, 0x00,
	0x00, 0x00, 0x00, 0x00, 0x00, 0x00, 0x00, 0x00, 0x00, 0x00, 0x00, 0x00, 0x00, 0x00,
	0x00, 0x00, 0x00, 0x00, 0x00, 0x00, 0x00, 0x00, 0x00, 0x00, 0x00, 0x00, 0x00, 0x00,
	0x00, 0x00, 0x00, 0x00, 0x00, 0x00, 0x00, 0x00, 0x00, 0x00, 0x00, 0x00, 0x00, 0x00,
	0x00, 0x00, 0x00, 0x00, 0x00, 0x00, 0x00, 0x00, 0x00, 0x00, 0x00, 0x00, 0x00, 0x00,
	0x00, 0x00, 0x00, 0x00, 0x00, 0x00, 0x00, 0x00, 0x00, 0x00, 0x00, 0x00, 0x00, 0x00,
	0x00, 0x00, 0x00, 0x00, 0x00, 0x00, 0x00, 0x00, 0x00, 0x00, 0x00, 0x00, 0x00, 0x00,
	0x00, 0x00, 0x00, 0x00, 0x00, 0x00, 0x00, 0x00, 0x00, 0x00, 0x00, 0x00, 0x00, 0x00,
	0x00, 0x00, 0x00, 0x00, 0x00, 0x00, 0x00, 0x00, 0x00, 0x00, 0x00, 0x00, 0x00, 0x00,
	0x00, 0x00, 0x00, 0x00, 0x00, 0x00, 0x00, 0x00, 0x00, 0x00, 0x00, 0x00, 0x00, 0x00,
	0x00, 0x00, 0x00, 0x00, 0x00, 0x00, 0x00, 0x00, 0x00, 0x00, 0x00, 0x00, 0x00, 0x00,
	0x00, 0x00, 0x00, 0x00, 0x00, 0x00, 0x00, 0x00, 0x00, 0x00, 0x00, 0x00, 0x00, 0x00,
	0x00, 0x00, 0x00, 0x00, 0x00, 0x00, 0x00, 0x00, 0x00, 0x00, 0x00, 0x00, 0x00, 0x00,
	0x00, 0x00, 0x00, 0x00, 0x00, 0x00, 0x00, 0x00, 0x00, 0x00, 0x00, 0x00, 0x00, 0x00,
	0x00, 0x00, 0x00, 0x00, 0x00, 0x00, 0x00, 0x00, 0x00, 0x00, 0x00, 0x00, 0x00, 0x00,
	0x00, 0x00, 0x00, 0x00, 0x00, 0x00, 0x00, 0x00, 0x00, 0x00, 0x00, 0x00, 0x00, 0x00,
	0x00, 0x00, 0x00, 0x00, 0x00, 0x00, 0x00, 0x00, 0x00, 0x00, 0x00, 0x00, 0x00, 0x00,
	0x00, 0x00, 0x00, 0x00, 0x00, 0x00, 0x00, 0x00, 0x00, 0x00, 0x00, 0x00, 0x00, 0x00,
	0x00, 0x00, 0x00, 0x00, 0x00, 0x00, 0x00, 0x00, 0x00, 0x00, 0x00, 0x00, 0x00, 0x00,
	0x00, 0x00, 0x00, 0x00, 0x00, 0x00, 0x00, 0x00, 0x00, 0x00, 0x00, 0x00, 0x00, 0x00,
	0x00, 0x00, 0x00, 0x00, 0x00, 0x00, 0x00, 0x00, 0x00, 0x00, 0x00, 0x00, 0x00, 0x00,
	0x00, 0x00, 0x00, 0x00, 0x00, 0x00, 0x00, 0x00, 0x00, 0x00, 0x00, 0x00, 0x00, 0x00,
	0x00, 0x00, 0x00, 0x00, 0x00, 0x00, 0x00, 0x00, 0x00, 0x00, 0x00, 0x00, 0x00, 0x00,
	0x00, 0x00, 0x00, 0x00, 0x00, 0x00, 0x00, 0x00, 0x00, 0x00, 0x00, 0x00, 0x00, 0x00,
	0x00, 0x00, 0x00, 0x00, 0x00, 0x00, 0x00, 0x00, 0x00, 0x00, 0x00, 0x00, 0x00, 0x00,
	0x00, 0x00, 0x00, 0x00, 0x00, 0x00, 0x00, 0x00, 0x00, 0x00, 0x00, 0x00, 0x00, 0x00,
	0x00, 0x00, 0x00, 0x00, 0x00, 0x00, 0x00, 0x00, 0x00, 0x00, 0x00, 0x00, 0x00, 0x00,
	0x00, 0x00, 0x00, 0x00, 0x00, 0x00, 0x00, 0x00, 0x00, 0x00, 0x00, 0x00, 0x00, 0x00,
	0x00, 0x00, 0x00, 0x00, 0x00, 0x00, 0x00, 0x00, 0x00, 0x00, 0x00, 0x00, 0x00, 0x00,
	0x00, 0x00, 0x00, 0x00, 0x00, 0x00, 0x00, 0x00, 0x00, 0x00, 0x00, 0x00, 0x00, 0x00,
	0x00, 0x00, 0x00, 0x00, 0x00, 0x00, 0x00, 0x00, 0x00, 0x00, 0x00, 0x00, 0x00, 0x00,
	0x00, 0x00, 0x00, 0x00, 0x00, 0x00, 0x00, 0x00, 0x00, 0x00, 0x00, 0x00, 0x00, 0x00,
	0x00, 0x00, 0x00, 0x00, 0x00, 0x00, 0x00, 0x00, 0x00, 0x00, 0x00, 0x00, 0x00, 0x00,
	0x00, 0x00, 0x00, 0x00, 0x00, 0x00, 0x00, 0x00, 0x00, 0x00, 0x00, 0x00, 0x00, 0x00,
	0x00, 0x00, 0x00, 0x00, 0x00, 0x00, 0x00, 0x00, 0x00, 0x00, 0x00, 0x00, 0x00, 0x00,
	0x00, 0x00, 0x00, 0x00, 0x00, 0x00, 0x00, 0x00, 0x00, 0x00, 0x00, 0x00, 0x00, 0x00,
	0x00, 0x00, 0x00, 0x00, 0x00, 0x00, 0x00, 0x00, 0x00, 0x00, 0x00, 0x00, 0x00, 0x00,
	0x00, 0x00, 0x00, 0x00, 0x00, 0x00, 0x00, 0x00, 0x00, 0x00, 0x00, 0x00, 0x00, 0x00,
	0x00, 0x00, 0x00, 0x00, 0x00, 0x00, 0x00, 0x00, 0x00, 0x00, 0x00, 0x00, 0x00, 0x00,
	0x00, 0x00, 0x00, 0x00, 0x00, 0x00, 0x00, 0x00, 0x00, 0x00, 0x00, 0x00, 0x00, 0x00,
	0x00, 0x00, 0x00, 0x00, 0x00, 0x00, 0x00, 0x00, 0x00, 0x00, 0x00, 0x00, 0x00, 0x00,
	0x00, 0x00, 0x00, 0x00, 0x00, 0x00, 0x00, 0x00, 0x00, 0x00, 0x00, 0x00, 0x00, 0x00,
	0x00, 0x00, 0x00, 0x00, 0x00, 0x00, 0x00, 0x00, 0x00, 0x00, 0x00, 0x00, 0x00, 0x00,
	0x00, 0x00, 0x00, 0x00, 0x00, 0x00, 0x00, 0x00, 0x00, 0x00, 0x00, 0x00, 0x00, 0x00,
	0x00, 0x00, 0x00, 0x00, 0x00, 0x00, 0x00, 0x00, 0x00, 0x00, 0x00, 0x00, 0x00, 0x00,
	0x00, 0x00, 0x00, 0x00, 0x00, 0x00, 0x00, 0x00, 0x00, 0x00, 0x00, 0x00, 0x00, 0x00,
	0x00, 0x00, 0x00, 0x00, 0x00, 0x00, 0x00, 0x00, 0x00, 0x00, 0x00, 0x00, 0x00, 0x00,
	0x00, 0x00, 0x00, 0x00, 0x00, 0x00, 0x00, 0x00, 0x00, 0x00, 0x00, 0x00, 0x00, 0x00,
	0x00, 0x00, 0x00, 0x00, 0x00, 0x00, 0x00, 0x00, 0x00, 0x00, 0x00, 0x00, 0x00, 0x00,
	0x00, 0x00, 0x00, 0x00, 0x00, 0x00, 0x00, 0x00, 0x00, 0x00, 0x00, 0x00, 0x00, 0x00,
	0x00, 0x00, 0x00, 0x00, 0x00, 0x00, 0x00, 0x00, 0x00, 0x00, 0x00, 0x00, 0x00, 0x00,
	0x00, 0x00, 0x00, 0x00, 0x00, 0x00, 0x00, 0x00, 0x00, 0x00, 0x00, 0x00, 0x00, 0x00,
	0x00, 0x00, 0x00, 0x00, 0x00, 0x00, 0x00, 0x00, 0x00, 0x00, 0x00, 0x00, 0x00, 0x00,
	0x00, 0x00, 0x00, 0x00, 0x00, 0x00, 0x00, 0x00, 0x00, 0x00, 0x00, 0x00, 0x00, 0x00,
	0x00, 0x00, 0x00, 0x00, 0x00, 0x00, 0x00, 0x00, 0x00, 0x00, 0x00, 0x00, 0x00, 0x00,
	0x00, 0x00, 0x00, 0x00, 0x00, 0x00, 0x00, 0x00, 0x00, 0x00, 0x00, 0x00, 0x00, 0x00,
	0x00, 0x00, 0x00, 0x00, 0x00, 0x00, 0x00, 0x00, 0x00, 0x00, 0x00, 0x00, 0x00, 0x00,
	0x00, 0x00, 0x00, 0x00, 0x00, 0x00, 0x00, 0x00, 0x00, 0x00, 0x00, 0x00, 0x00, 0x00,
	0x00, 0x00, 0x00, 0x00, 0x00, 0x00, 0x00, 0x00, 0x00, 0x00, 0x00, 0x00, 0x00, 0x00,
	0x00, 0x00, 0x00, 0x00, 0x00, 0x00, 0x00, 0x00, 0x00, 0x00, 0x00, 0x00, 0x00, 0x00,
	0x00, 0x00, 0x00, 0x00, 0x00, 0x00, 0x00, 0x00, 0x00, 0x00, 0x00, 0x00, 0x00, 0x00,
	0x00, 0x00, 0x00, 0x00, 0x00, 0x00, 0x00, 0x00, 0x00, 0x00, 0x00, 0x00, 0x00, 0x00,
	0x00, 0x00, 0x00, 0x00, 0x00, 0x00, 0x00, 0x00, 0x00, 0x00, 0x00, 0x00, 0x00, 0x00,
	0x00, 0x00, 0x00, 0x00, 0x00, 0x00, 0x00, 0x00, 0x00, 0x00, 0x00, 0x00, 0x00, 0x00,
	0x00, 0x00, 0x00, 0x00, 0x00, 0x00, 0x00, 0x00, 0x00, 0x00, 0x00, 0x00, 0x00, 0x00,
	0x00, 0x00, 0x00, 0x00, 0x00, 0x00, 0x00, 0x00, 0x00, 0x00, 0x00, 0x00, 0x00, 0x00,
	0x00, 0x00, 0x00, 0x00, 0x00, 0x00, 0x00, 0x00, 0x00, 0x00, 0x00, 0x00, 0x00, 0x00,
	0x00, 0x00, 0x00, 0x00, 0x00, 0x00, 0x00, 0x00, 0x00, 0x00, 0x00, 0x00, 0x00, 0x00,
	0x00, 0x00, 0x00, 0x00, 0x00, 0x00, 0x00, 0x00, 0x00, 0x00, 0x00, 0x00, 0x00, 0x00,
	0x00, 0x00, 0x00, 0x00, 0x00, 0x00, 0x00, 0x00, 0x00, 0x00, 0x00, 0x00, 0x00, 0x00,
	0x00, 0x00, 0x00, 0x00, 0x00, 0x00, 0x00, 0x00, 0x00, 0x00, 0x00, 0x00, 0x00, 0x00,
	0x00, 0x00, 0x00, 0x00, 0x00, 0x00, 0x00, 0x00, 0x00, 0x00, 0x00, 0x00, 0x00, 0x00,
	0x00, 0x00, 0x00, 0x00, 0x00, 0x00, 0x00, 0x00, 0x00, 0x00, 0x00, 0x00, 0x00, 0x00,
	0x00, 0x00, 0x00, 0x00, 0x00, 0x00, 0x00, 0x00, 0x00, 0x00, 0x00, 0x00, 0x00, 0x00,
	0x00, 0x00, 0x00, 0x00, 0x00, 0x00, 0x00, 0x00, 0x00, 0x00, 0x00, 0x00, 0x00, 0x00,
	0x00, 0x00, 0x00, 0x00, 0x00, 0x00, 0x00, 0x00, 0x00, 0x00, 0x00, 0x00, 0x00, 0x00,
	0x00, 0x00, 0x00, 0x00, 0x00, 0x00, 0x00, 0x00, 0x00, 0x00, 0x00, 0x00, 0x00, 0x00,
	0x00, 0x00, 0x00, 0x00, 0x00, 0x00, 0x00, 0x00, 0x00, 0x00, 0x00, 0x00, 0x00, 0x00,
	0x00, 0x00, 0x00, 0x00, 0x00, 0x00, 0x00, 0x00, 0x00, 0x00, 0x00, 0x00, 0x00, 0x00,
	0x00, 0x00, 0x00, 0x00, 0x00, 0x00, 0x00, 0x00, 0x00, 0x00, 0x00, 0x00, 0x00, 0x00,
	0x00, 0x00, 0x00, 0x00, 0x00, 0x00, 0x00, 0x00, 0x00, 0x00, 0x00, 0x00, 0x00, 0x00,
	0x00, 0x00, 0x00, 0x00, 0x00, 0x00, 0x00, 0x00, 0x00, 0x00, 0x00, 0x00, 0x00, 0x00,
	0x00, 0x00, 0x00, 0x00, 0x00, 0x00, 0x00, 0x00, 0x00, 0x00, 0x00, 0x00, 0x00, 0x00,
	0x00, 0x00, 0x00, 0x00, 0x00, 0x00, 0x00, 0x00, 0x00, 0x00, 0x00, 0x00, 0x00, 0x00,
	0x00, 0x00, 0x00, 0x00, 0x00, 0x00, 0x00, 0x00, 0x00, 0x00, 0x00, 0x00, 0x00, 0x00,
	0x00, 0x00, 0x00, 0x00, 0x00, 0x00, 0x00, 0x00, 0x00, 0x00, 0x00, 0x00, 0x00, 0x00,
	0x00, 0x00, 0x00, 0x00, 0x00, 0x00, 0x00, 0x00, 0x00, 0x00, 0x00, 0x00, 0x00, 0x00,
	0x00, 0x00, 0x00, 0x00, 0x00, 0x00, 0x00, 0x00, 0x00, 0x00, 0x00, 0x00, 0x00, 0x00,
	0x00, 0x00, 0x00, 0x00, 0x00, 0x00, 0x00, 0x00, 0x00, 0x00, 0x00, 0x00, 0x00, 0x00,
	0x00, 0x00, 0x00, 0x00, 0x00, 0x00, 0x00, 0x00, 0x00, 0x00, 0x00, 0x00, 0x00, 0x00,
	0x00, 0x00, 0x00, 0x00, 0x00, 0x00, 0x00, 0x00, 0x00, 0x00, 0x00, 0x00, 0x00, 0x00,
	0x00, 0x00, 0x00, 0x00, 0x00, 0x00, 0x00, 0x00, 0x00, 0x00, 0x00, 0x00, 0x00, 0x00,
	0x00, 0x00, 0x00, 0x00, 0x00, 0x00, 0x00, 0x00, 0x00, 0x00, 0x00, 0x00, 0x00, 0x00,
	0x00, 0x00, 0x00, 0x00, 0x00, 0x00, 0x00, 0x00, 0x00, 0x00, 0x00, 0x00, 0x00, 0x00,
	0x00, 0x00, 0x00, 0x00, 0x00, 0x00, 0x00, 0x00, 0x00, 0x00, 0x00, 0x00, 0x00, 0x00,
	0x00, 0x00, 0x00, 0x00, 0x00, 0x00, 0x00, 0x00, 0x00, 0x00, 0x00, 0x00, 0x00, 0x00,
	0x00, 0x00, 0x00, 0x00, 0x00, 0x00, 0x00, 0x00, 0x00, 0x00, 0x00, 0x00, 0x00, 0x00,
	0x00, 0x00, 0x00, 0x00, 0x00, 0x00, 0x00, 0x00, 0x00, 0x00, 0x00, 0x00, 0x00, 0x00,
	0x00, 0x00, 0x00, 0x00, 0x00, 0x00, 0x00, 0x00, 0x00, 0x00, 0x00, 0x00, 0x00, 0x00,
	0x00, 0x00, 0x00, 0x00, 0x00, 0x00, 0x00, 0x00, 0x00, 0x00, 0x00, 0x00, 0x00, 0x00,
	0x00, 0x00, 0x00, 0x00, 0x00, 0x00, 0x00, 0x00, 0x00, 0x00, 0x00, 0x00, 0x00, 0x00,
	0x00, 0x00, 0x00, 0x00, 0x00, 0x00, 0x00, 0x00, 0x00, 0x00, 0x00, 0x00, 0x00, 0x00,
	0x00, 0x00, 0x00, 0x00, 0x00, 0x00, 0x00, 0x00, 0x00, 0x00, 0x00, 0x00, 0x00, 0x00,
	0x00, 0x00, 0x00, 0x00, 0x00, 0x00, 0x00, 0x00, 0x00, 0x00, 0x00, 0x00, 0x00, 0x00,
	0x00, 0x00, 0x00, 0x00, 0x00, 0x00, 0x00, 0x00, 0x00, 0x00, 0x00, 0x00, 0x00, 0x00,
	0x00, 0x00, 0x00, 0x00, 0x00, 0x00, 0x00, 0x00, 0x00, 0x00, 0x00, 0x00, 0x00, 0x00,
	0x00, 0x00, 0x00, 0x00, 0x00, 0x00, 0x00, 0x00, 0x00, 0x00, 0x00, 0x00, 0x00, 0x00,
	0x00, 0x00, 0x00, 0x00, 0x00, 0x00, 0x00, 0x00, 0x00, 0x00, 0x00, 0x00, 0x00, 0x00,
	0x00, 0x00, 0x00, 0x00, 0x00, 0x00, 0x00, 0x00, 0x00, 0x00, 0x00, 0x00, 0x00, 0x00,
	0x00, 0x00, 0x00, 0x00, 0x00, 0x00, 0x00, 0x00, 0x00, 0x00, 0x00, 0x00, 0x00, 0x00,
	0x00, 0x00, 0x00, 0x00, 0x00, 0x00, 0x00, 0x00, 0x00, 0x00, 0x00, 0x00, 0x00, 0x00,
	0x00, 0x00, 0x00, 0x00, 0x00, 0x00, 0x00, 0x00, 0x00, 0x00, 0x00, 0x00, 0x00, 0x00,
	0x00, 0x00, 0x00, 0x00, 0x00, 0x00, 0x00, 0x00, 0x00, 0x00, 0x00, 0x00, 0x00, 0x00,
	0x00, 0x00, 0x00, 0x00, 0x00, 0x00, 0x00, 0x00, 0x00, 0x00, 0x00, 0x00, 0x00, 0x00,
	0x00, 0x00, 0x00, 0x00, 0x00, 0x00, 0x00, 0x00, 0x00, 0x00, 0x00, 0x00, 0x00, 0x00,
	0x00, 0x00, 0x00, 0x00, 0x00, 0x00, 0x00, 0x00, 0x00, 0x00, 0x00, 0x00, 0x00, 0x00,
	0x00, 0x00, 0x00, 0x00, 0x00, 0x00, 0x00, 0x00, 0x00, 0x00, 0x00, 0x00, 0x00, 0x00,
	0x00, 0x00, 0x00, 0x00, 0x00, 0x00, 0x00, 0x00, 0x00, 0x00, 0x00, 0x00, 0x00, 0x00,
	0x00, 0x00, 0x00, 0x00, 0x00, 0x00, 0x00, 0x00, 0x00, 0x00, 0x00, 0x00, 0x00, 0x00,
	0x00, 0x00, 0x00, 0x00, 0x00, 0x00, 0x00, 0x00, 0x00, 0x00, 0x00, 0x00, 0x00, 0x00,
	0x00, 0x00, 0x00, 0x00, 0x00, 0x00, 0x00, 0x00, 0x00, 0x00, 0x00, 0x00, 0x00, 0x00,
	0x00, 0x00, 0x00, 0x00, 0x00, 0x00, 0x00, 0x00, 0x00, 0x00, 0x00, 0x00, 0x00, 0x00,
	0x00, 0x00, 0x00, 0x00, 0x00, 0x00, 0x00, 0x00, 0x00, 0x00, 0x00, 0x00, 0x00, 0x00,
	0x00, 0x00, 0x00, 0x00, 0x00, 0x00, 0x00, 0x00, 0x00, 0x00, 0x00, 0x00, 0x00, 0x00,
	0x00, 0x00, 0x00, 0x00, 0x00, 0x00, 0x00, 0x00, 0x00, 0x00, 0x00, 0x00, 0x00, 0x00,
	0x00, 0x00, 0x00, 0x00, 0x00, 0x00, 0x00, 0x00, 0x00, 0x00, 0x00, 0x00, 0x00, 0x00,
	0x00, 0x00, 0x00, 0x00, 0x00, 0x00, 0x00, 0x00, 0x00, 0x00, 0x00, 0x00, 0x00, 0x00,
	0x00, 0x00, 0x00, 0x00, 0x00, 0x00, 0x00, 0x00, 0x00, 0x00, 0x00, 0x00, 0x00, 0x00,
	0x00, 0x00, 0x00, 0x00, 0x00, 0x00, 0x00, 0x00, 0x00, 0x00, 0x00, 0x00, 0x00, 0x00,
	0x00, 0x00, 0x00, 0x00, 0x00, 0x00, 0x00, 0x00, 0x00, 0x00, 0x00, 0x00, 0x00, 0x00,
	0x00, 0x00, 0x00, 0x00, 0x00, 0x00, 0x00, 0x00, 0x00, 0x00, 0x00, 0x00, 0x00, 0x00,
	0x00, 0x00, 0x00, 0x00, 0x00, 0x00, 0x00, 0x00, 0x00, 0x00, 0x00, 0x00, 0x00, 0x00,
	0x00, 0x00, 0x00, 0x00, 0x00, 0x00, 0x00, 0x00, 0x00, 0x00, 0x00, 0x00, 0x00, 0x00,
	0x00, 0x00, 0x00, 0x00, 0x00, 0x00, 0x00, 0x00, 0x00, 0x00, 0x00, 0x00, 0x00, 0x00,
	0x00, 0x00, 0x00, 0x00, 0x00, 0x00, 0x00, 0x00, 0x00, 0x00, 0x00, 0x00, 0x00, 0x00,
	0x00, 0x00, 0x00, 0x00, 0x00, 0x00, 0x00, 0x00, 0x00, 0x00, 0x00, 0x00, 0x00, 0x00,
	0x00, 0x00, 0x00, 0x00, 0x00, 0x00, 0x00, 0x00, 0x00, 0x00, 0x00, 0x00, 0x00, 0x00,
	0x00, 0x00, 0x00, 0x00, 0x00, 0x00, 0x00, 0x00, 0x00, 0x00, 0x00, 0x00, 0x00, 0x00,
	0x00, 0x00, 0x00, 0x00, 0x00, 0x00, 0x00, 0x00, 0x00, 0x00, 0x00, 0x00, 0x00, 0x00,
	0x00, 0x00, 0x00, 0x00, 0x00, 0x00, 0x00, 0x00, 0x00, 0x00, 0x00, 0x00, 0x00, 0x00,
	0x00, 0x00, 0x00, 0x00, 0x00, 0x00, 0x00, 0x00, 0x00, 0x00, 0x00, 0x00, 0x00, 0x00,
	0x00, 0x00, 0x00, 0x00, 0x00, 0x00, 0x00, 0x00, 0x00, 0x00, 0x00, 0x00, 0x00, 0x00,
	0x00, 0x00, 0x00, 0x00, 0x00, 0x00, 0x00, 0x00, 0x00, 0x00, 0x00, 0x00, 0x00, 0x00,
	0x00, 0x00, 0x00, 0x00, 0x00, 0x00, 0x00, 0x00, 0x00, 0x00, 0x00, 0x00, 0x00, 0x00,
	0x00, 0x00, 0x00, 0x00, 0x00, 0x00, 0x00, 0x00, 0x00, 0x00, 0x00, 0x00, 0x00, 0x00,
	0x00, 0x00, 0x00, 0x00, 0x00, 0x00, 0x00, 0x00, 0x00, 0x00, 0x00, 0x00, 0x00, 0x00,
	0x00, 0x00, 0x00, 0x00, 0x00, 0x00, 0x00, 0x00, 0x00, 0x00, 0x00, 0x00, 0x00, 0x00,
	0x00, 0x00, 0x00, 0x00, 0x00, 0x00, 0x00, 0x00, 0x00, 0x00, 0x00, 0x00, 0x00, 0x00,
	0x00, 0x00, 0x00, 0x00, 0x00, 0x00, 0x00, 0x00, 0x00, 0x00, 0x00, 0x00, 0x00, 0x00,
	0x00, 0x00, 0x00, 0x00, 0x00, 0x00, 0x00, 0x00, 0x00, 0x00, 0x00, 0x00, 0x00, 0x00,
	0x00, 0x00, 0x00, 0x00, 0x00, 0x00, 0x00, 0x00, 0x00, 0x00, 0x00, 0x00, 0x00, 0x00,
	0x00, 0x00, 0x00, 0x00, 0x00, 0x00, 0x00, 0x00, 0x00, 0x00, 0x00, 0x00, 0x00, 0x00,
	0x00, 0x00, 0x00, 0x00, 0x00, 0x00, 0x00, 0x00, 0x00, 0x00, 0x00, 0x00, 0x00, 0x00,
	0x00, 0x00, 0x00, 0x00, 0x00, 0x00, 0x00, 0x00, 0x00, 0x00, 0x00, 0x00, 0x00, 0x00,
	0x00, 0x00, 0x00, 0x00, 0x00, 0x00, 0x00, 0x00, 0x00, 0x00, 0x00, 0x00, 0x00, 0x00,
	0x00, 0x00, 0x00, 0x00, 0x00, 0x00, 0x00, 0x00, 0x00, 0x00, 0x00, 0x00, 0x00, 0x00,
	0x00, 0x00, 0x00, 0x00, 0x00, 0x00, 0x00, 0x00, 0x00, 0x00, 0x00, 0x00, 0x00, 0x00,
	0x00, 0x00, 0x00, 0x00, 0x00, 0x00, 0x00, 0x00, 0x00, 0x00, 0x00, 0x00, 0x00, 0x00,
	0x00, 0x00, 0x00, 0x00, 0x00, 0x00, 0x00, 0x00, 0x00, 0x00, 0x00, 0x00, 0x00, 0x00,
	0x00, 0x00, 0x00, 0x00, 0x00, 0x00, 0x00, 0x00, 0x00, 0x00, 0x00, 0x00, 0x00, 0x00,
	0x00, 0x00, 0x00, 0x00, 0x00, 0x00, 0x00, 0x00, 0x00, 0x00, 0x00, 0x00, 0x00, 0x00,
	0x00, 0x00, 0x00, 0x00, 0x00, 0x00, 0x00, 0x00, 0x00, 0x00, 0x00, 0x00, 0x00, 0x00,
	0x00, 0x00, 0x00, 0x00, 0x00, 0x00, 0x00, 0x00, 0x00, 0x00, 0x00, 0x00, 0x00, 0x00,
	0x00, 0x00, 0x00, 0x00, 0x00, 0x00, 0x00, 0x00, 0x00, 0x00, 0x00, 0x00, 0x00, 0x00,
	0x00, 0x00, 0x00, 0x00, 0x00, 0x00, 0x00, 0x00, 0x00, 0x00, 0x00, 0x00, 0x00, 0x00,
	0x00, 0x00, 0x00, 0x00, 0x00, 0x00, 0x00, 0x00, 0x00, 0x00, 0x00, 0x00, 0x00, 0x00,
	0x00, 0x00, 0x00, 0x00, 0x00, 0x00, 0x00, 0x00, 0x00, 0x00, 0x00, 0x00, 0x00, 0x00,
	0x00, 0x00, 0x00, 0x00, 0x00, 0x00, 0x00, 0x00, 0x00, 0x00, 0x00, 0x00, 0x00, 0x00,
	0x00, 0x00, 0x00, 0x00, 0x00, 0x00, 0x00, 0x00, 0x00, 0x00, 0x00, 0x00, 0x00, 0x00,
	0x00, 0x00, 0x00, 0x00, 0x00, 0x00, 0x00, 0x00, 0x00, 0x00, 0x00, 0x00, 0x00, 0x00,
	0x00, 0x00, 0x00, 0x00, 0x00, 0x00, 0x00, 0x00, 0x00, 0x00, 0x00, 0x00, 0x00, 0x00,
	0x00, 0x00, 0x00, 0x00, 0x00, 0x00, 0x00, 0x00, 0x00, 0x00, 0x00, 0x00, 0x00, 0x00,
	0x00, 0x00, 0x00, 0x00, 0x00, 0x00, 0x00, 0x00, 0x00, 0x00, 0x00, 0x00, 0x00, 0x00,
	0x00, 0x00, 0x00, 0x00, 0x00, 0x00, 0x00, 0x00, 0x00, 0x00, 0x00, 0x00, 0x00, 0x00,
	0x00, 0x00, 0x00, 0x00, 0x00, 0x00, 0x00, 0x00, 0x00, 0x00, 0x00, 0x00, 0x00, 0x00,
	0x00, 0x00, 0x00, 0x00, 0x00, 0x00, 0x00, 0x00, 0x00, 0x00, 0x00, 0x00, 0x00, 0x00,
	0x00, 0x00, 0x00, 0x00, 0x00, 0x00, 0x00, 0x00, 0x00, 0x00, 0x00, 0x00, 0x00, 0x00,
	0x00, 0x00, 0x00, 0x00, 0x00, 0x00, 0x00, 0x00, 0x00, 0x00, 0x00, 0x00, 0x00, 0x00,
	0x00, 0x00, 0x00, 0x00, 0x00, 0x00, 0x00, 0x00, 0x00, 0x00, 0x00, 0x00, 0x00, 0x00,
	0x00, 0x00, 0x00, 0x00, 0x00, 0x00, 0x00, 0x00, 0x00, 0x00, 0x00, 0x00, 0x00, 0x00,
	0x00, 0x00, 0x00, 0x00, 0x00, 0x00, 0x00, 0x00, 0x00, 0x00, 0x00, 0x00, 0x00, 0x00,
	0x00, 0x00, 0x00, 0x00, 0x00, 0x00, 0x00, 0x00, 0x00, 0x00, 0x00, 0x00, 0x00, 0x00,
	0x00, 0x00, 0x00, 0x00, 0x00, 0x00, 0x00, 0x00, 0x00, 0x00, 0x00, 0x00, 0x00, 0x00,
	0x00, 0x00, 0x00, 0x00, 0x00, 0x00, 0x00, 0x00, 0x00, 0x00, 0x00, 0x00, 0x00, 0x00,
	0x00, 0x00, 0x00, 0x00, 0x00, 0x00, 0x00, 0x00, 0x00, 0x00, 0x00, 0x00, 0x00, 0x00,
	0x00, 0x00, 0x00, 0x00, 0x00, 0x00, 0x00, 0x00, 0x00, 0x00, 0x00, 0x00, 0x00, 0x00,
	0x00, 0x00, 0x00, 0x00, 0x00, 0x00, 0x00, 0x00, 0x00, 0x00, 0x00, 0x00, 0x00, 0x00,
	0x00, 0x00, 0x00, 0x00, 0x00, 0x00, 0x00, 0x00, 0x00, 0x00, 0x00, 0x00, 0x00, 0x00,
	0x00, 0x00, 0x00, 0x00, 0x00, 0x00, 0x00, 0x00, 0x00, 0x00, 0x00, 0x00, 0x00, 0x00,
	0x00, 0x00, 0x00, 0x00, 0x00, 0x00, 0x00, 0x00, 0x00, 0x00, 0x00, 0x00, 0x00, 0x00,
	0x00, 0x00, 0x00, 0x00, 0x00, 0x00, 0x00, 0x00, 0x00, 0x00, 0x00, 0x00, 0x00, 0x00,
	0x00, 0x00, 0x00, 0x00, 0x00, 0x00, 0x00, 0x00, 0x00, 0x00, 0x00, 0x00, 0x00, 0x00,
	0x00, 0x00, 0x00, 0x00, 0x00, 0x00, 0x00, 0x00, 0x00, 0x00, 0x00, 0x00, 0x00, 0x00,
	0x00, 0x00, 0x00, 0x00, 0x00, 0x00, 0x00, 0x00, 0x00, 0x00, 0x00, 0x00, 0x00, 0x00,
	0x00, 0x00, 0x00, 0x00, 0x00, 0x00, 0x00, 0x00, 0x00, 0x00, 0x00, 0x00, 0x00, 0x00,
	0x00, 0x00, 0x00, 0x00, 0x00, 0x00, 0x00, 0x00, 0x00, 0x00, 0x00, 0x00, 0x00, 0x00,
	0x00, 0x00, 0x00, 0x00, 0x00, 0x00, 0x00, 0x00, 0x00, 0x00, 0x00, 0x00, 0x00, 0x00,
	0x00, 0x00, 0x00, 0x00, 0x00, 0x00, 0x00, 0x00, 0x00, 0x00, 0x00, 0x00, 0x00, 0x00,
	0x00, 0x00, 0x00, 0x00, 0x00, 0x00, 0x00, 0x00, 0x00, 0x00, 0x00, 0x00, 0x00, 0x00,
	0x00, 0x00, 0x00, 0x00, 0x00, 0x00, 0x00, 0x00, 0x00, 0x00, 0x00, 0x00, 0x00, 0x00,
	0x00, 0x00, 0x00, 0x00, 0x00, 0x00, 0x00, 0x00, 0x00, 0x00, 0x00, 0x00, 0x00, 0x00,
	0x00, 0x00, 0x00, 0x00, 0x00, 0x00, 0x00, 0x00, 0x00, 0x00, 0x00, 0x00, 0x00, 0x00,
	0x00, 0x00, 0x00, 0x00, 0x00, 0x00, 0x00, 0x00, 0x00, 0x00, 0x00, 0x00, 0x00, 0x00,
	0x00, 0x00, 0x00, 0x00, 0x00, 0x00, 0x00, 0x00, 0x00, 0x00, 0x00, 0x00, 0x00, 0x00,
	0x00, 0x00, 0x00, 0x00, 0x00, 0x00, 0x00, 0x00, 0x00, 0x00, 0x00, 0x00, 0x00, 0x00,
	0x00, 0x00, 0x00, 0x00, 0x00, 0x00, 0x00, 0x00, 0x00, 0x00, 0x00, 0x00, 0x00, 0x00,
	0x00, 0x00, 0x00, 0x00, 0x00, 0x00, 0x00, 0x00, 0x00, 0x00, 0x00, 0x00, 0x00, 0x00,
	0x00, 0x00, 0x00, 0x00, 0x00, 0x00, 0x00, 0x00, 0x00, 0x00, 0x00, 0x00, 0x00, 0x00,
	0x00, 0x00, 0x00, 0x00, 0x00, 0x00, 0x00, 0x00, 0x00, 0x00, 0x00, 0x00, 0x00, 0x00,
	0x00, 0x00, 0x1b, 0x0f, 0x20, 0x00, 0x13, 0x1f, 0x0f, 0x03, 0x9b, 0x0f, 0x10, 0x00,
	0x93, 0x9f, 0x0f, 0x03, 0x83, 0x3a, 0x0f, 0x07, 0x37, 0x29, 0x00, 0x00, 0x1b, 0x09,
	0x89, 0x00, 0x33, 0x69, 0x59, 0x01, 0xb7, 0x29, 0x00, 0x00, 0x9b, 0x89, 0x19, 0x00,
	0xb3, 0xe9, 0x59, 0x01, 0x23, 0x3c, 0x3f, 0x09, 0xb7, 0x23, 0x03, 0x00, 0x9b, 0x83,
	0xc3, 0x01, 0xb3, 0x82, 0x7f, 0x00, 0x83, 0xae, 0x02, 0x00, 0x23, 0x3c, 0x2f, 0x09,
	0xb7, 0x13, 0x00, 0x00, 0x9b, 0x83, 0x03, 0xc1, 0xb3, 0x82, 0x7f, 0x00, 0x23, 0xb0,
	0x02, 0x00, 0x97, 0xc1, 0x10, 0x00, 0x93, 0x81, 0x41, 0x70, 0x97, 0x00, 0x00, 0x00,
	0x93, 0x80, 0x40, 0x60, 0x17, 0xb1, 0x17, 0x00, 0x13, 0x01, 0xc1, 0xf4, 0x93, 0xde,
	0xae, 0x01, 0x93, 0xfe, 0x3e, 0x00, 0x93, 0xce, 0x3e, 0x00, 0x63, 0x98, 0x0e, 0x00,
	0x03, 0x33, 0x0f, 0x06, 0x13, 0x7e, 0x13, 0x00, 0x63, 0x16, 0x0e, 0x0e, 0x13, 0x03,
	0x70, 0x00, 0xb7, 0x23, 0x03, 0x00, 0x9b, 0x83, 0xc3, 0x21, 0xb3, 0x82, 0x7f, 0x00,
	0x23, 0xa0, 0x62, 0x00, 0x17, 0xb3, 0x0f, 0x00, 0x13, 0x03, 0x43, 0xf6, 0x17, 0xbe,
	0x17, 0x00, 0x13, 0x0e, 0xce, 0xf5, 0x33, 0x0e, 0x6e, 0x40, 0x13, 0x0e, 0xfe, 0xff,
	0xb7, 0x23, 0x03, 0x00, 0x9b, 0x83, 0xc3, 0x20, 0xb3, 0x82, 0x7f, 0x00, 0x23, 0xa0,
	0x62, 0x00, 0x17, 0xb3, 0x0f, 0x00, 0x13, 0x03, 0xc3, 0xf3, 0xb7, 0x23, 0x03, 0x00,
	0x9b, 0x83, 0x03, 0x21, 0xb3, 0x82, 0x7f, 0x00, 0x23, 0xb0, 0x62, 0x00, 0xb7, 0x23,
	0x03, 0x00, 0x9b, 0x83, 0x43, 0x21, 0xb3, 0x82, 0x7f, 0x00, 0x23, 0xa0, 0xc2, 0x01,
	0xb7, 0x23, 0x03, 0x00, 0x9b, 0x83, 0x83, 0x21, 0xb3, 0x82, 0x7f, 0x00, 0x23, 0xa0,
	0x02, 0x00, 0x13, 0x03, 0x70, 0x00, 0xb7, 0x23, 0x03, 0x00, 0x9b, 0x83, 0x03, 0x23,
	0xb3, 0x82, 0x7f, 0x00, 0x23, 0xa0, 0x62, 0x00, 0x17, 0xb3, 0xff, 0xff, 0x13, 0x03,
	0x03, 0xef, 0x17, 0xbe, 0x03, 0x00, 0x13, 0x0e, 0x8e, 0xee, 0x33, 0x0e, 0x6e, 0x40,
	0x13, 0x0e, 0xfe, 0xff, 0xb7, 0x23, 0x03, 0x00, 0x9b, 0x83, 0x03, 0x22, 0xb3, 0x82,
	0x7f, 0x00, 0x23, 0xa0, 0x62, 0x00, 0x17, 0xb3, 0xff, 0xff, 0x13, 0x03, 0x83, 0xec,
	0xb7, 0x23, 0x03, 0x00, 0x9b, 0x83, 0x43, 0x22, 0xb3, 0x82, 0x7f, 0x00, 0x23, 0xb0,
	0x62, 0x00, 0xb7, 0x23, 0x03, 0x00, 0x9b, 0x83, 0x83, 0x22, 0xb3, 0x82, 0x7f, 0x00,
	0x23, 0xa0, 0xc2, 0x01, 0xb7, 0x23, 0x03, 0x00, 0x9b, 0x83, 0xc3, 0x22, 0xb3, 0x82,
	0x7f, 0x00, 0x23, 0xa0, 0x02, 0x00, 0x17, 0xd3, 0xff, 0xff, 0x13, 0x03, 0x03, 0xe9,
	0x13, 0x53, 0x23, 0x00, 0xb7, 0x13, 0x00, 0x00, 0x9b, 0x83, 0x43, 0xc1, 0xb3, 0x82,
	0x7f, 0x00, 0x23, 0xb0, 0x62, 0x00, 0x13, 0x0e, 0x00, 0x00, 0x93, 0x0e, 0x00, 0x00,
	0x93, 0x02, 0x00, 0x01, 0xb7, 0x23, 0x03, 0x00, 0x9b, 0x83, 0x03, 0x2c, 0xb3, 0x83,
	0xc3, 0x01, 0xb3, 0x83, 0x7f, 0x00, 0x1b, 0x03, 0x10, 0x00, 0x13, 0x13, 0x03, 0x02,
	0x13, 0x03, 0xf3, 0xff, 0x23, 0xb0, 0x63, 0x00, 0x93, 0x83, 0x43, 0x00, 0x13, 0x03,
	0x00, 0x01, 0x23, 0xb0, 0x63, 0x00, 0x13, 0x0e, 0xce, 0x00, 0x93, 0x8e, 0x1e, 0x00,
	0xe3, 0xc6, 0x5e, 0xfc, 0x23, 0x3c, 0x3f, 0x09, 0x17, 0xb3, 0xff, 0xff, 0x13, 0x03,
	0xc3, 0xe2, 0x13, 0x53, 0x23, 0x00, 0xb7, 0x23, 0x03, 0x00, 0x9b, 0x83, 0x83, 0x10,
	0xb3, 0x82, 0x7f, 0x00, 0x23, 0xa0, 0x62, 0x00, 0x13, 0x53, 0x03, 0x02, 0xb7, 0x23,
	0x03, 0x00, 0x9b, 0x83, 0x83, 0x27, 0xb3, 0x82, 0x7f, 0x00, 0x23, 0xa0, 0x62, 0x00,
	0x13, 0x02, 0x00, 0x00, 0x93, 0x02, 0x00, 0x00, 0x13, 0x03, 0x00, 0x00, 0x93, 0x03,
	0x00, 0x00, 0x13, 0x05, 0x00, 0x00, 0x93, 0x05, 0x00, 0x00, 0x13, 0x06, 0x00, 0x00,
	0x93, 0x06, 0x00, 0x00, 0x13, 0x07, 0x00, 0x00, 0x93, 0x07, 0x00, 0x00, 0x13, 0x08,
	0x00, 0x00, 0x93, 0x08, 0x00, 0x00, 0x13, 0x04, 0x00, 0x00, 0x93, 0x04, 0x00, 0x00,
	0x13, 0x0a, 0x00, 0x00, 0x93, 0x0a, 0x00, 0x00, 0x13, 0x0b, 0x00, 0x00, 0x93, 0x0b,
	0x00, 0x00, 0x13, 0x0c, 0x00, 0x00, 0x93, 0x0c, 0x00, 0x00, 0x13, 0x0d, 0x00, 0x00,
	0x93, 0x0d, 0x00, 0x00, 0x13, 0x0e, 0x00, 0x00, 0x93, 0x0e, 0x00, 0x00, 0x23, 0x3c,
	0x2f, 0x09, 0x37, 0x23, 0x00, 0x00, 0x1b, 0x03, 0x03, 0xf1, 0x33, 0x8e, 0x6f, 0x00,
	0x03, 0x33, 0x0e, 0x00, 0x93, 0x76, 0x13, 0x00, 0x63, 0x80, 0x06, 0x2a, 0x13, 0x53,
	0x13, 0x00, 0x23, 0x34, 0x6f, 0x52, 0x13, 0x13, 0x23, 0x00, 0x73, 0x10, 0x23, 0x7b,
	0x13, 0x0e, 0x4e, 0x00, 0x83, 0x3a, 0x0e, 0x00, 0x13, 0xdb, 0x0a, 0x02, 0x13, 0x0e,
	0x4e, 0x00, 0x83, 0x33, 0x0e, 0x00, 0x33, 0x01, 0x70, 0x00, 0x13, 0x0e, 0x0e, 0x01,
	0x03, 0x63, 0x0e, 0x00, 0x93, 0x03, 0x10, 0x00, 0x23, 0x28, 0x7f, 0x46, 0xb7, 0xf3,
	0x03, 0x00, 0x9b, 0x83, 0x03, 0x05, 0xb3, 0x83, 0x7f, 0x00, 0x23, 0xa0, 0x63, 0x00,
	0x13, 0x0e, 0x8e, 0x00, 0x03, 0x63, 0x0e, 0x00, 0xb7, 0xf3, 0x03, 0x00, 0x9b, 0x83,
	0x83, 0x05, 0xb3, 0x83, 0x7f, 0x00, 0x23, 0xa0, 0x63, 0x00, 0x23, 0x28, 0x0f, 0x46,
	0x93, 0x5e, 0x6b, 0x00, 0x93, 0xfe, 0xfe, 0x00, 0x23, 0x2c, 0xdf, 0x39, 0x93, 0x7e,
	0x3b, 0x00, 0x23, 0x20, 0xdf, 0x13, 0x93, 0x5e, 0x0b, 0x01, 0x93, 0xfe, 0x0e, 0x18,
	0x23, 0x2c, 0xdf, 0x0d, 0x23, 0x2c, 0x5f, 0x09, 0x93, 0x03, 0x10, 0x00, 0x23, 0x28,
	0x7f, 0x52, 0x83, 0x33, 0x8f, 0x02, 0x63, 0x82, 0x03, 0x00, 0xef, 0x00, 0x80, 0x31,
	0x33, 0x02, 0xe0, 0x01, 0x23, 0x3c, 0x2f, 0x09, 0x37, 0x23, 0x00, 0x00, 0x1b, 0x03,
	0x03, 0xf1, 0x33, 0x8e, 0x6f, 0x00, 0x13, 0x0e, 0x4e, 0x01, 0x93, 0x0e, 0x10, 0x00,
	0x23, 0x30, 0xde, 0x01, 0x23, 0x3c, 0x3f, 0x09, 0x37, 0xa3, 0x02, 0x00, 0x1b, 0x03,
	0x83, 0x62, 0x33, 0x8e, 0x6f, 0x00, 0x83, 0x63, 0x0e, 0x00, 0x13, 0xd3, 0x33, 0x00,
	0x93, 0x73, 0x13, 0x00, 0x03, 0x33, 0x0f, 0x06, 0x13, 0x7e, 0x13, 0x00, 0x63, 0x04,
	0x7e, 0x02, 0x23, 0x3c, 0x2f, 0x09, 0x37, 0x23, 0x00, 0x00, 0x1b, 0x03, 0x03, 0xf1,
	0xb3, 0x8e, 0x6f, 0x00, 0x93, 0x8e, 0xce, 0x01, 0x83, 0xe3, 0x0e, 0x00, 0x93, 0xf3,
	0x13, 0x00, 0xe3, 0x82, 0x03, 0xfe, 0x23, 0xb0, 0x0e, 0x00, 0x03, 0x33, 0x0f, 0x06,
	0x33, 0x63, 0x33, 0x01, 0x23, 0x3c, 0x6f, 0x08, 0xb7, 0x22, 0x03, 0x00, 0x9b, 0x82,
	0xc2, 0x12, 0xb3, 0x82, 0x5f, 0x00, 0x83, 0xe3, 0x02, 0x00, 0x63, 0x8e, 0x03, 0x04,
	0x93, 0xd3, 0x33, 0x00, 0x63, 0x94, 0x03, 0x00, 0x93, 0x83, 0x13, 0x00, 0x93, 0x93,
	0x33, 0x00, 0x37, 0x23, 0x03, 0x00, 0x1b, 0x03, 0x03, 0x0e, 0x33, 0x03, 0xf3, 0x01,
	0x03, 0x3e, 0x8f, 0x0f, 0x33, 0x0e, 0x7e, 0x00, 0x23, 0x20, 0xc3, 0x01, 0x93, 0x5e,
	0x0e, 0x02, 0x13, 0x03, 0x43, 0x00, 0x23, 0x20, 0xd3, 0x01, 0xb7, 0xa3, 0x02, 0x00,
	0x9b, 0x83, 0x43, 0x40, 0xb3, 0x83, 0xf3, 0x01, 0x93, 0x0e, 0x00, 0x00, 0x23, 0xa0,
	0xd3, 0x01, 0x83, 0x63, 0x03, 0x00, 0x63, 0x82, 0x03, 0x00, 0x93, 0x03, 0x00, 0x00,
	0x23, 0xa0, 0x72, 0x00, 0x23, 0x2c, 0x5f, 0x09, 0x93, 0x03, 0x10, 0x00, 0x23, 0x20,
	0x7f, 0x58, 0x23, 0x20, 0x7f, 0x04, 0x63, 0xc4, 0x0a, 0x00, 0x6f, 0x00, 0x40, 0x08,
	0x03, 0x34, 0x01, 0x0e, 0x83, 0x34, 0x81, 0x0d, 0x03, 0x39, 0x01, 0x0d, 0x83, 0x39,
	0x81, 0x0c, 0x03, 0x3a, 0x01, 0x0c, 0x83, 0x3a, 0x81, 0x0b, 0x03, 0x3b, 0x01, 0x0b,
	0x83, 0x3b, 0x81, 0x0a, 0x03, 0x3c, 0x01, 0x0a, 0x83, 0x3c, 0x81, 0x09, 0x03, 0x3d,
	0x01, 0x09, 0x83, 0x3d, 0x81, 0x08, 0x03, 0x35, 0x01, 0x08, 0x83, 0x35, 0x81, 0x07,
	0x03, 0x36, 0x01, 0x07, 0x83, 0x36, 0x81, 0x06, 0x03, 0x37, 0x01, 0x06, 0x83, 0x37,
	0x81, 0x05, 0x03, 0x38, 0x01, 0x05, 0x83, 0x38, 0x81, 0x04, 0x83, 0x32, 0x01, 0x04,
	0x03, 0x33, 0x81, 0x03, 0x83, 0x33, 0x01, 0x03, 0x03, 0x3e, 0x81, 0x02, 0x83, 0x3e,
	0x01, 0x02, 0x03, 0x3f, 0x81, 0x01, 0x83, 0x3f, 0x01, 0x01, 0x83, 0x30, 0x81, 0x00,
	0x13, 0x01, 0x01, 0x0f, 0x63, 0x82, 0x00, 0x00, 0x73, 0x22, 0x20, 0x7b, 0x67, 0x00,
	0x02, 0x00, 0x03, 0x34, 0x01, 0x0e, 0x83, 0x34, 0x81, 0x0d, 0x03, 0x39, 0x01, 0x0d,
	0x83, 0x39, 0x81, 0x0c, 0x03, 0x3a, 0x01, 0x0c, 0x83, 0x3a, 0x81, 0x0b, 0x03, 0x3b,
	0x01, 0x0b, 0x83, 0x3b, 0x81, 0x0a, 0x03, 0x3c, 0x01, 0x0a, 0x83, 0x3c, 0x81, 0x09,
	0x03, 0x3d, 0x01, 0x09, 0x83, 0x3d, 0x81, 0x08, 0x03, 0x35, 0x01, 0x08, 0x83, 0x35,
	0x81, 0x07, 0x03, 0x36, 0x01, 0x07, 0x83, 0x36, 0x81, 0x06, 0x03, 0x37, 0x01, 0x06,
	0x83, 0x37, 0x81, 0x05, 0x03, 0x38, 0x01, 0x05, 0x83, 0x38, 0x81, 0x04, 0x83, 0x32,
	0x01, 0x04, 0x03, 0x33, 0x81, 0x03, 0x83, 0x33, 0x01, 0x03, 0x03, 0x3e, 0x81, 0x02,
	0x83, 0x3e, 0x01, 0x02, 0x03, 0x3f, 0x81, 0x01, 0x83, 0x3f, 0x01, 0x01, 0x83, 0x30,
	0x81, 0x00, 0x13, 0x01, 0x01, 0x0f, 0x63, 0x82, 0x00, 0x00, 0x23, 0x28, 0x02, 0x52,
	0x73, 0x22, 0x20, 0x7b, 0x67, 0x00, 0x02, 0x00, 0x13, 0x04, 0x01, 0x05, 0x23, 0x34,
	0x11, 0x04, 0xef, 0x00, 0x40, 0x09, 0xef, 0x00, 0x80, 0x0b, 0xef, 0x00, 0x00, 0x02,
	0xef, 0x00, 0x00, 0x10, 0x03, 0x25, 0x01, 0x00, 0x93, 0x05, 0x11, 0x00, 0x13, 0x06,
	0x00, 0x00, 0xef, 0xf0, 0x10, 0x3b, 0x83, 0x30, 0x81, 0x04, 0x67, 0x80, 0x00, 0x00,
	0x13, 0x01, 0x01, 0xfe, 0x23, 0x3c, 0x81, 0x00, 0x23, 0x38, 0x91, 0x00, 0x23, 0x34,
	0x11, 0x00, 0x17, 0xb4, 0x0f, 0x00, 0x13, 0x04, 0x44, 0xc4, 0x97, 0xb4, 0x0f, 0x00,
	0x93, 0x84, 0xc4, 0xc3, 0x63, 0x7a, 0x94, 0x00, 0x83, 0x32, 0x04, 0x00, 0xe7, 0x80,
	0x02, 0x00, 0x13, 0x04, 0x84, 0x00, 0x6f, 0xf0, 0x1f, 0xff, 0x17, 0xb4, 0x0f, 0x00,
	0x13, 0x04, 0x04, 0xc2, 0x97, 0xb4, 0x0f, 0x00, 0x93, 0x84, 0x04, 0xc2, 0x63, 0x7a,
	0x94, 0x00, 0x83, 0x32, 0x04, 0x00, 0xe7, 0x80, 0x02, 0x00, 0x13, 0x04, 0x84, 0x00,
	0x6f, 0xf0, 0x1f, 0xff, 0x83, 0x30, 0x81, 0x00, 0x83, 0x34, 0x01, 0x01, 0x03, 0x34,
	0x81, 0x01, 0x13, 0x01, 0x01, 0x02, 0x67, 0x80, 0x00, 0x00, 0x13, 0x85, 0x81, 0x82,
	0x93, 0x85, 0x81, 0xe4, 0x63, 0x7e, 0xb5, 0x00, 0x23, 0x30, 0x05, 0x00, 0x23, 0x34,
	0x05, 0x00, 0x23, 0x38, 0x05, 0x00, 0x23, 0x3c, 0x05, 0x00, 0x13, 0x05, 0x05, 0x02,
	0x6f, 0xf0, 0x9f, 0xfe, 0x67, 0x80, 0x00, 0x00, 0x17, 0xb5, 0x10, 0x00, 0x13, 0x05,
	0x05, 0xa2, 0x97, 0xb5, 0x10, 0x00, 0x93, 0x85, 0x85, 0xa1, 0x13, 0x86, 0x81, 0x82,
	0x63, 0x14, 0xb5, 0x00, 0x67, 0x80, 0x00, 0x00, 0x63, 0xf8, 0xc5, 0x02, 0x83, 0x32,
	0x05, 0x00, 0x03, 0x33, 0x85, 0x00, 0x83, 0x33, 0x05, 0x01, 0x03, 0x3e, 0x85, 0x01,
	0x13, 0x05, 0x05, 0x02, 0x23, 0xb0, 0x55, 0x00, 0x23, 0xb4, 0x65, 0x00, 0x23, 0xb8,
	0x75, 0x00, 0x23, 0xbc, 0xc5, 0x01, 0x93, 0x85, 0x05, 0x02, 0x6f, 0xf0, 0x5f, 0xfd,
	0x67, 0x80, 0x00, 0x00, 0x63, 0x88, 0x06, 0x00, 0x37, 0x23, 0x00, 0x00, 0x1b, 0x03,
	0xe3, 0xff, 0x6f, 0x00, 0xc0, 0x00, 0x37, 0x23, 0x00, 0x00, 0x1b, 0x03, 0xe3, 0xfb,
	0x23, 0x3c, 0x2f, 0x09, 0xb7, 0x13, 0x00, 0x00, 0x9b, 0x83, 0x03, 0xc1, 0xb3, 0x82,
	0x7f, 0x00, 0x23, 0xb0, 0x62, 0x00, 0x67, 0x80, 0x00, 0x00, 0x6f, 0x00, 0x00, 0x00,
	0x67, 0x80, 0x00, 0x00, 0x67, 0x80, 0x00, 0x00, 0x6f, 0xe0, 0xd0, 0x24, 0x6f, 0xe0,
	0x90, 0x24, 0x13, 0x01, 0x01, 0xf8, 0x23, 0x3c, 0x11, 0x06, 0x23, 0x3c, 0xb1, 0x00,
	0x23, 0x38, 0x81, 0x06, 0x23, 0x34, 0x91, 0x06, 0x23, 0x30, 0x21, 0x07, 0x23, 0x3c,
	0x31, 0x05, 0x23, 0x38, 0x41, 0x05, 0x23, 0x34, 0x51, 0x05, 0x23, 0x30, 0x61, 0x05,
	0x23, 0x3c, 0x71, 0x03, 0x23, 0x38, 0x81, 0x03, 0x23, 0x38, 0xa1, 0x00, 0xef, 0xd0,
	0xc0, 0x0d, 0x13, 0x05, 0x81, 0x02, 0x9b, 0x07, 0x10, 0x00, 0x93, 0x97, 0x17, 0x03,
	0x13, 0x82, 0x07, 0x00, 0x23, 0x24, 0x01, 0x02, 0xb7, 0x0d, 0x01, 0x00, 0x9b, 0x8d,
	0x1d, 0x00, 0x93, 0x9d, 0x0d, 0x02, 0x37, 0x4d, 0x00, 0x00, 0x1b, 0x0d, 0x1d, 0x00,
	0x13, 0x1d, 0x2d, 0x02, 0xb7, 0x2c, 0x00, 0x00, 0x9b, 0x8c, 0x1c, 0x10, 0x93, 0x9c,
	0x3c, 0x02, 0xef, 0xc0, 0x10, 0x25, 0x13, 0x05, 0x00, 0x00, 0xef, 0xc0, 0xd0, 0x22,
	0x13, 0x85, 0x41, 0x98, 0x13, 0x84, 0x81, 0x82, 0xef, 0xd0, 0x00, 0x60, 0x03, 0x27,
	0xc4, 0x15, 0x9b, 0x57, 0x87, 0x00, 0x93, 0xf7, 0xf7, 0x0f, 0x23, 0x26, 0xf4, 0x36,
	0x9b, 0x55, 0xe7, 0x01, 0x93, 0x06, 0x30, 0x00, 0x13, 0x06, 0x00, 0x00, 0x63, 0x80,
	0xd5, 0x5e, 0x23, 0x24, 0xc4, 0x36, 0x93, 0x06, 0x00, 0x0a, 0x63, 0x84, 0xd7, 0x60,
	0x63, 0xe0, 0xf6, 0x0e, 0x93, 0x06, 0x00, 0x04, 0x63, 0x94, 0xd7, 0x00, 0x6f, 0x10,
	0x40, 0x2b, 0x63, 0xf2, 0xf6, 0x4c, 0x13, 0x07, 0x80, 0x09, 0x63, 0x9a, 0xe7, 0x06,
	0x83, 0x25, 0x04, 0x16, 0x93, 0xf7, 0x75, 0x00, 0x63, 0x80, 0x07, 0x7c, 0x37, 0x05,
	0x01, 0x00, 0x1b, 0xd8, 0x55, 0x00, 0x13, 0x06, 0x00, 0x01, 0x93, 0x06, 0x00, 0x00,
	0x13, 0x05, 0xf5, 0xff, 0x93, 0x87, 0xc6, 0x05, 0x93, 0x97, 0x27, 0x00, 0xb3, 0x07,
	0xf4, 0x00, 0x03, 0xa7, 0x07, 0x37, 0x93, 0x97, 0x06, 0x02, 0x93, 0xd7, 0x07, 0x02,
	0x1b, 0x57, 0xf7, 0x01, 0x63, 0x02, 0x07, 0x02, 0x93, 0x87, 0xc7, 0x04, 0x93, 0x97,
	0x27, 0x00, 0xb3, 0x07, 0xf4, 0x00, 0x83, 0xa7, 0x07, 0x37, 0xb3, 0xc7, 0x07, 0x01,
	0xb3, 0xf7, 0xa7, 0x00, 0x63, 0x94, 0x07, 0x00, 0x6f, 0x30, 0x40, 0x4c, 0x9b, 0x86,
	0x16, 0x00, 0x1b, 0x06, 0xf6, 0xff, 0x93, 0xf6, 0xf6, 0x00, 0xe3, 0x1a, 0x06, 0xfa,
	0xb7, 0xc7, 0x00, 0x00, 0x03, 0x25, 0x81, 0x02, 0xb3, 0x87, 0xfd, 0x00, 0x13, 0x07,
	0x40, 0x00, 0x23, 0xa0, 0xe7, 0x2e, 0xef, 0xc0, 0x10, 0x15, 0x13, 0x05, 0x60, 0x00,
	0xef, 0xd0, 0x00, 0x57, 0xef, 0xc0, 0x50, 0x7d, 0x83, 0x30, 0x81, 0x07, 0x03, 0x34,
	0x01, 0x07, 0x83, 0x34, 0x81, 0x06, 0x03, 0x39, 0x01, 0x06, 0x83, 0x39, 0x81, 0x05,
	0x03, 0x3a, 0x01, 0x05, 0x83, 0x3a, 0x81, 0x04, 0x03, 0x3b, 0x01, 0x04, 0x83, 0x3b,
	0x81, 0x03, 0x03, 0x3c, 0x01, 0x03, 0x13, 0x01, 0x01, 0x08, 0x67, 0x80, 0x00, 0x00,
	0x13, 0x07, 0x40, 0x0a, 0x63, 0x94, 0xe7, 0x00, 0x6f, 0x10, 0xc0, 0x28, 0x63, 0x7a,
	0xf7, 0x12, 0x13, 0x07, 0x20, 0x0d, 0xe3, 0x9c, 0xe7, 0xf8, 0x13, 0x07, 0x10, 0x00,
	0x23, 0x28, 0xe2, 0x46, 0x83, 0x67, 0x82, 0x02, 0x63, 0x82, 0x07, 0x00, 0xb7, 0xd7,
	0x00, 0x00, 0x93, 0x15, 0x47, 0x02, 0xb3, 0x87, 0xfd, 0x00, 0x33, 0x86, 0xbc, 0x00,
	0x37, 0xe5, 0x02, 0x00, 0x23, 0xae, 0xe7, 0xde, 0x93, 0x06, 0x70, 0x0c, 0x33, 0x06,
	0xa6, 0x00, 0x73, 0x27, 0x00, 0xb0, 0x13, 0x00, 0x00, 0x00, 0xf3, 0x27, 0x00, 0xb0,
	0xb3, 0x87, 0xe7, 0x40, 0xe3, 0xfa, 0xf6, 0xfe, 0x83, 0x27, 0x06, 0x08, 0x9b, 0xd7,
	0xe7, 0x01, 0xe3, 0x92, 0x07, 0xfe, 0x13, 0x06, 0x10, 0x00, 0xb3, 0x87, 0xbc, 0x00,
	0x13, 0x16, 0x46, 0x02, 0x37, 0x07, 0x00, 0x80, 0xb3, 0x87, 0xa7, 0x00, 0xb3, 0x85,
	0xcc, 0x00, 0x37, 0xe8, 0x02, 0x00, 0x13, 0x07, 0x67, 0x00, 0x23, 0xa0, 0xe7, 0x08,
	0x93, 0x06, 0x70, 0x0c, 0xb3, 0x85, 0x05, 0x01, 0x13, 0x05, 0x30, 0x00, 0x73, 0x27,
	0x00, 0xb0, 0x13, 0x00, 0x00, 0x00, 0xf3, 0x27, 0x00, 0xb0, 0xb3, 0x87, 0xe7, 0x40,
	0xe3, 0xfa, 0xf6, 0xfe, 0x83, 0xa7, 0x05, 0x08, 0x1b, 0xd7, 0xe7, 0x01, 0x9b, 0x87,
	0x07, 0x00, 0xe3, 0x10, 0xa7, 0xfe, 0x33, 0x87, 0xcc, 0x00, 0x93, 0x97, 0x17, 0x02,
	0x93, 0x06, 0x10, 0x00, 0x93, 0xd7, 0x17, 0x02, 0x93, 0x96, 0x46, 0x02, 0x33, 0x07,
	0x07, 0x01, 0x33, 0x86, 0xdc, 0x00, 0x23, 0x20, 0xf7, 0x08, 0xb7, 0xe7, 0x02, 0x00,
	0x93, 0x06, 0x70, 0x0c, 0x33, 0x06, 0xf6, 0x00, 0x73, 0x27, 0x00, 0xb0, 0x13, 0x00,
	0x00, 0x00, 0xf3, 0x27, 0x00, 0xb0, 0xb3, 0x87, 0xe7, 0x40, 0xe3, 0xfa, 0xf6, 0xfe,
	0x83, 0x27, 0x06, 0x08, 0xe3, 0x94, 0x07, 0xfe, 0x37, 0xd6, 0x00, 0x00, 0x93, 0x06,
	0x70, 0x0c, 0x33, 0x86, 0xcd, 0x00, 0x73, 0x27, 0x00, 0xb0, 0x13, 0x00, 0x00, 0x00,
	0xf3, 0x27, 0x00, 0xb0, 0xb3, 0x87, 0xe7, 0x40, 0xe3, 0xfa, 0xf6, 0xfe, 0x83, 0x27,
	0xc6, 0xdf, 0x93, 0xf7, 0x27, 0x00, 0xe3, 0x82, 0x07, 0xfe, 0x23, 0x38, 0x02, 0x46,
	0x83, 0x67, 0x82, 0x02, 0x63, 0x82, 0x07, 0x00, 0x6f, 0xf0, 0x1f, 0xe7, 0x13, 0x07,
	0x20, 0x0a, 0x63, 0x88, 0xe7, 0x72, 0x13, 0x07, 0x30, 0x0a, 0xe3, 0x90, 0xe7, 0xe6,
	0x83, 0x27, 0x04, 0x16, 0x9b, 0xd5, 0x27, 0x00, 0x93, 0xf5, 0x35, 0x00, 0x9b, 0xd6,
	0xa7, 0x01, 0x23, 0x2a, 0xb4, 0x14, 0x13, 0xf7, 0x76, 0x00, 0x63, 0x8c, 0x05, 0x68,
	0x23, 0x20, 0xe4, 0x10, 0x13, 0x07, 0x30, 0x0a, 0x13, 0xf8, 0x37, 0x00, 0x23, 0x24,
	0xe4, 0x10, 0x23, 0x22, 0x04, 0x11, 0x13, 0x07, 0x30, 0x00, 0x63, 0x14, 0xe8, 0x00,
	0x6f, 0x20, 0x00, 0x72, 0x1b, 0xd7, 0x47, 0x00, 0x13, 0x77, 0x37, 0x00, 0x93, 0x06,
	0x10, 0x00, 0xe3, 0x0a, 0xd7, 0xe0, 0x1b, 0x07, 0xe7, 0xff, 0x63, 0xf4, 0xe6, 0x00,
	0x6f, 0x10, 0xd0, 0x7b, 0x83, 0x37, 0x02, 0x07, 0x13, 0x97, 0x07, 0x02, 0xb7, 0xd6,
	0x00, 0x00, 0x33, 0x07, 0x97, 0x01, 0x33, 0x07, 0xd7, 0x00, 0x83, 0x26, 0x47, 0x82,
	0x03, 0x27, 0x87, 0x82, 0x9b, 0x87, 0x07, 0x00, 0x93, 0x96, 0x06, 0x02, 0x93, 0xd6,
	0x06, 0x02, 0x13, 0x17, 0x07, 0x02, 0x33, 0x67, 0xd7, 0x00, 0x93, 0x88, 0x0c, 0x00,
	0x23, 0x22, 0xf4, 0x52, 0x23, 0x34, 0xe4, 0x52, 0x13, 0x03, 0x00, 0x00, 0x37, 0xde,
	0x00, 0x00, 0x13, 0x0f, 0x10, 0x00, 0xb7, 0x0f, 0x00, 0x40, 0x93, 0x0e, 0x00, 0x40,
	0x93, 0x02, 0x00, 0x10, 0x93, 0x05, 0x00, 0x00, 0xb3, 0x66, 0xb3, 0x00, 0x93, 0xe6,
	0x06, 0x01, 0x93, 0x96, 0x06, 0x02, 0x33, 0x86, 0x16, 0x01, 0x33, 0x06, 0xc6, 0x01,
	0x03, 0x25, 0xc6, 0x82, 0x13, 0x75, 0x15, 0x00, 0x63, 0x0a, 0x05, 0x02, 0x13, 0x05,
	0x20, 0x50, 0x63, 0x0e, 0xe8, 0x01, 0x03, 0x26, 0x46, 0x83, 0x13, 0x05, 0x10, 0x50,
	0x33, 0x76, 0xf6, 0x01, 0x1b, 0x06, 0x06, 0x00, 0x63, 0x04, 0x06, 0x00, 0x13, 0x05,
	0x30, 0x50, 0xb3, 0x86, 0x16, 0x01, 0xb3, 0x86, 0xc6, 0x01, 0x23, 0xa2, 0xa6, 0x88,
	0x83, 0xa6, 0x46, 0x88, 0x9b, 0x85, 0x05, 0x10, 0xe3, 0x96, 0xd5, 0xfb, 0x1b, 0x03,
	0x03, 0x04, 0xe3, 0x10, 0x53, 0xfa, 0xb7, 0x05, 0x00, 0x80, 0x93, 0xc5, 0xf5, 0xff,
	0x23, 0x30, 0xb1, 0x00, 0xb7, 0x05, 0x00, 0x10, 0x37, 0x29, 0x00, 0x00, 0xb7, 0x90,
	0x98, 0x00, 0x93, 0x85, 0xc5, 0xff, 0x93, 0x0b, 0x00, 0x00, 0x13, 0x0c, 0x00, 0x00,
	0x93, 0x04, 0x00, 0x00, 0x13, 0x06, 0x02, 0x00, 0x93, 0x8f, 0x0c, 0x00, 0x37, 0xdf,
	0x00, 0x00, 0x93, 0x80, 0x00, 0x68, 0x93, 0x06, 0x70, 0x0c, 0x23, 0x34, 0xb1, 0x00,
	0x13, 0x0b, 0x89, 0x01, 0x9b, 0x93, 0x4b, 0x00, 0x93, 0x02, 0x0c, 0x00, 0x13, 0x0e,
	0x00, 0x00, 0xb7, 0x3a, 0x00, 0x00, 0x13, 0x0a, 0x10, 0x00, 0xb7, 0xf9, 0x03, 0x00,
	0xb3, 0xe5, 0xc3, 0x01, 0x93, 0xee, 0x05, 0x01, 0x83, 0x38, 0x86, 0x0f, 0x13, 0x95,
	0x07, 0x02, 0x33, 0x05, 0xf5, 0x01, 0x33, 0x05, 0xe5, 0x01, 0x83, 0x27, 0xc5, 0x8a,
	0x23, 0x26, 0x55, 0x8b, 0x03, 0x25, 0xc5, 0x8a, 0x13, 0x07, 0x07, 0x4e, 0x9b, 0x87,
	0x07, 0x00, 0x63, 0x02, 0x05, 0x00, 0x9b, 0xd7, 0x87, 0x01, 0x93, 0xf7, 0x37, 0x00,
	0x23, 0x30, 0xf6, 0x12, 0x93, 0x97, 0x77, 0x00, 0x23, 0x3c, 0xf6, 0x0c, 0x23, 0x30,
	0x96, 0x12, 0x33, 0x07, 0x57, 0x00, 0x23, 0x20, 0x07, 0x00, 0x83, 0x67, 0x44, 0x52,
	0x93, 0x97, 0x07, 0x02, 0xb3, 0x87, 0xf7, 0x01, 0xb3, 0x87, 0xe7, 0x01, 0x23, 0xa6,
	0x27, 0x8b, 0x83, 0xa7, 0xc7, 0x8a, 0x63, 0x82, 0x07, 0x00, 0x03, 0x65, 0x04, 0x52,
	0x13, 0x93, 0x0e, 0x02, 0x33, 0x08, 0xf3, 0x01, 0x33, 0x05, 0x15, 0x02, 0x33, 0x08,
	0xe8, 0x01, 0x83, 0x37, 0x86, 0x0f, 0xb3, 0x87, 0x17, 0x41, 0x63, 0x74, 0xf5, 0x00,
	0x6f, 0x20, 0xc0, 0x0c, 0x73, 0x27, 0x00, 0xb0, 0x13, 0x00, 0x00, 0x00, 0xf3, 0x27,
	0x00, 0xb0, 0xb3, 0x87, 0xe7, 0x40, 0xe3, 0xfa, 0xf6, 0xfe, 0x83, 0x27, 0xc8, 0x82,
	0x93, 0xf7, 0x17, 0x00, 0xe3, 0x9a, 0x07, 0xfc, 0xb3, 0xe7, 0x65, 0x01, 0x37, 0x27,
	0x00, 0x00, 0x1b, 0x07, 0x17, 0x10, 0x13, 0x17, 0x37, 0x02, 0x93, 0x97, 0x07, 0x02,
	0xb3, 0xe7, 0xe7, 0x00, 0x23, 0x28, 0x46, 0x47, 0x03, 0x67, 0x86, 0x02, 0x63, 0x02,
	0x07, 0x00, 0xb3, 0x87, 0x37, 0x01, 0x03, 0xa7, 0x07, 0x05, 0x9b, 0x05, 0x07, 0x00,
	0x63, 0x06, 0x07, 0x02, 0x1b, 0xd7, 0x3e, 0x00, 0x13, 0x77, 0x87, 0x01, 0x9b, 0xde,
	0x8e, 0x00, 0x33, 0x67, 0xd7, 0x01, 0x13, 0x05, 0x10, 0x00, 0x3b, 0x17, 0xe5, 0x00,
	0x13, 0x47, 0xf7, 0xff, 0x33, 0x77, 0xb7, 0x00, 0x1b, 0x07, 0x07, 0x00, 0x23, 0xa8,
	0xe7, 0x04, 0x23, 0x38, 0x06, 0x46, 0x83, 0x67, 0x86, 0x02, 0x63, 0x82, 0x07, 0x00,
	0x93, 0x07, 0x00, 0x40, 0x1b, 0x0e, 0x0e, 0x10, 0x93, 0x82, 0xc2, 0x01, 0x63, 0x14,
	0xfe, 0x00, 0x6f, 0x20, 0x80, 0x0b, 0x03, 0x37, 0x84, 0x52, 0x83, 0x27, 0x44, 0x52,
	0x6f, 0xf0, 0xdf, 0xec, 0x93, 0x06, 0x70, 0x03, 0x63, 0x94, 0xd7, 0x00, 0x6f, 0x10,
	0xc0, 0x03, 0x13, 0x07, 0xc0, 0x03, 0xe3, 0x94, 0xe7, 0xba, 0x83, 0x25, 0x04, 0x16,
	0x83, 0x67, 0x84, 0x16, 0x83, 0x26, 0x44, 0x16, 0x03, 0x65, 0x44, 0x16, 0x93, 0x97,
	0x07, 0x02, 0x1b, 0xd3, 0x65, 0x00, 0x9b, 0xd8, 0x45, 0x00, 0x33, 0xe8, 0xa7, 0x00,
	0x13, 0x73, 0x33, 0x00, 0x93, 0x97, 0x06, 0x02, 0x13, 0x06, 0x10, 0x00, 0x13, 0xf7,
	0x75, 0x00, 0x93, 0xf8, 0x38, 0x00, 0x93, 0xd7, 0x07, 0x02, 0x63, 0x14, 0xc3, 0x00,
	0x6f, 0x10, 0xc0, 0x37, 0x83, 0x56, 0x64, 0x17, 0xb7, 0xa0, 0x0f, 0x00, 0x1b, 0x86,
	0x06, 0x00, 0x63, 0x0a, 0x06, 0x00, 0x93, 0x96, 0x06, 0x02, 0x93, 0xd6, 0x06, 0x02,
	0xb7, 0x90, 0x01, 0x00, 0xb3, 0x80, 0x16, 0x02, 0x13, 0x06, 0x02, 0x00, 0x03, 0x39,
	0x82, 0x0f, 0x13, 0x95, 0x27, 0x00, 0xb3, 0x84, 0xad, 0x00, 0x93, 0x09, 0x00, 0x00,
	0xb7, 0x4a, 0x00, 0x00, 0x37, 0x0a, 0xf0, 0x00, 0x93, 0x03, 0x30, 0x00, 0x93, 0xf5,
	0x45, 0x00, 0x93, 0x02, 0x50, 0x00, 0x93, 0x0f, 0x60, 0x00, 0x13, 0x0f, 0x40, 0x00,
	0x93, 0x0e, 0x10, 0x00, 0x13, 0x0e, 0x20, 0x00, 0x63, 0x84, 0x08, 0x00, 0x6f, 0x10,
	0x00, 0x2a, 0x83, 0xa6, 0x04, 0x00, 0x9b, 0x86, 0x06, 0x00, 0x03, 0x2b, 0xc4, 0x16,
	0x83, 0x27, 0x04, 0x17, 0xb3, 0xf7, 0xd7, 0x00, 0x63, 0x14, 0x77, 0x00, 0x6f, 0x20,
	0xd0, 0x21, 0x63, 0x98, 0x05, 0x38, 0x63, 0x14, 0xd7, 0x01, 0x6f, 0x20, 0x90, 0x22,
	0x63, 0x18, 0xc7, 0x37, 0x63, 0x68, 0xfb, 0x36, 0x93, 0x07, 0x10, 0x00, 0xe3, 0x18,
	0xf3, 0xac, 0x63, 0x94, 0x08, 0x00, 0x6f, 0x20, 0xd0, 0x76, 0x23, 0x20, 0x68, 0x01,
	0x6f, 0xf0, 0x1f, 0xac, 0xb7, 0x45, 0x00, 0x00, 0x9b, 0x56, 0x07, 0x01, 0x93, 0x85,
	0xf5, 0xff, 0xb3, 0xf6, 0xb6, 0x00, 0x13, 0x86, 0x07, 0xff, 0x9b, 0x86, 0x06, 0x00,
	0x63, 0x16, 0x06, 0x00, 0x13, 0x06, 0x10, 0x00, 0xe3, 0x82, 0xb6, 0xa0, 0x13, 0x86,
	0x26, 0x00, 0x23, 0x24, 0xc4, 0x36, 0x93, 0x06, 0x00, 0x0a, 0xe3, 0x90, 0xd7, 0xa0,
	0x23, 0x24, 0xf4, 0x10, 0x03, 0x35, 0x02, 0x07, 0x93, 0x16, 0x05, 0x02, 0xb3, 0x86,
	0xdc, 0x00, 0x37, 0xd8, 0x00, 0x00, 0xb3, 0x86, 0x06, 0x01, 0x83, 0xa5, 0x46, 0x82,
	0x83, 0xa7, 0x86, 0x82, 0x03, 0xa7, 0xc6, 0x8a, 0x93, 0x95, 0x05, 0x02, 0x93, 0xd5,
	0x05, 0x02, 0x93, 0x97, 0x07, 0x02, 0xb3, 0xe7, 0xb7, 0x00, 0xb7, 0x35, 0x00, 0x00,
	0x23, 0xa6, 0xb6, 0x8a, 0x83, 0xa6, 0xc6, 0x8a, 0x23, 0x22, 0xa4, 0x52, 0x23, 0x34,
	0xf4, 0x52, 0x1b, 0x07, 0x07, 0x00, 0x63, 0x82, 0x06, 0x00, 0x1b, 0x57, 0x87, 0x01,
	0x13, 0x77, 0x37, 0x00, 0x23, 0x30, 0xe2, 0x12, 0x13, 0x17, 0x77, 0x00, 0x23, 0x3c,
	0xe2, 0x0c, 0x13, 0x07, 0x00, 0x00, 0x23, 0x30, 0xe2, 0x12, 0x03, 0x27, 0xc4, 0x15,
	0x23, 0xa8, 0xe7, 0x38, 0x03, 0x27, 0x04, 0x16, 0x23, 0xaa, 0xe7, 0x38, 0x03, 0x27,
	0x44, 0x16, 0x23, 0xac, 0xe7, 0x38, 0x03, 0x27, 0x84, 0x16, 0x23, 0xae, 0xe7, 0x38,
	0x03, 0x27, 0xc4, 0x16, 0x23, 0xa0, 0xe7, 0x3a, 0x03, 0x27, 0x04, 0x17, 0x23, 0xa2,
	0xe7, 0x3a, 0x03, 0x27, 0x44, 0x17, 0x23, 0xa4, 0xe7, 0x3a, 0x03, 0x27, 0x84, 0x17,
	0x23, 0xa6, 0xe7, 0x3a, 0x83, 0x67, 0x44, 0x52, 0x37, 0x27, 0x00, 0x00, 0x93, 0x97,
	0x07, 0x02, 0xb3, 0x87, 0x97, 0x01, 0xb3, 0x87, 0x07, 0x01, 0x23, 0xa6, 0xe7, 0x8a,
	0x83, 0xa7, 0xc7, 0x8a, 0x63, 0x82, 0x07, 0x00, 0x03, 0x27, 0x04, 0x16, 0x9b, 0x57,
	0xd7, 0x01, 0xe3, 0x9a, 0x07, 0x9a, 0x9b, 0x57, 0x07, 0x01, 0x93, 0xf7, 0xf7, 0x0f,
	0x63, 0x84, 0x07, 0x00, 0x23, 0x20, 0xf4, 0x52, 0x83, 0x67, 0x44, 0x52, 0x37, 0xd6,
	0x00, 0x00, 0x83, 0x66, 0x84, 0x16, 0x93, 0x97, 0x07, 0x02, 0xb3, 0x87, 0x97, 0x01,
	0xb3, 0x87, 0xc7, 0x00, 0x83, 0xa5, 0x47, 0x8a, 0x03, 0x65, 0x44, 0x16, 0x93, 0x96,
	0x06, 0x02, 0x9b, 0x85, 0x05, 0x00, 0x23, 0xa2, 0xb7, 0x8a, 0x13, 0x17, 0x07, 0x03,
	0xb7, 0x35, 0x00, 0x00, 0x13, 0x57, 0x07, 0x03, 0xb3, 0xe6, 0xa6, 0x00, 0x23, 0xa6,
	0xb7, 0x8a, 0x23, 0x24, 0xe4, 0x38, 0x83, 0xa7, 0xc7, 0x8a, 0x23, 0x3c, 0xd4, 0x36,
	0x23, 0xb4, 0x01, 0xba, 0x63, 0x82, 0x07, 0x00, 0x83, 0x37, 0x84, 0x52, 0x93, 0x06,
	0x00, 0x00, 0x93, 0x87, 0x87, 0x1f, 0x23, 0x30, 0xd2, 0x12, 0x23, 0x3c, 0xd2, 0x0c,
	0x83, 0x66, 0x82, 0x30, 0xb7, 0x45, 0x00, 0x00, 0x23, 0x2c, 0xb2, 0x08, 0x83, 0x65,
	0x82, 0x02, 0x63, 0x82, 0x05, 0x00, 0x83, 0xe5, 0x07, 0x00, 0x83, 0xe7, 0x47, 0x00,
	0x93, 0x97, 0x07, 0x02, 0xb3, 0xe7, 0xb7, 0x00, 0x23, 0x2c, 0xd2, 0x08, 0x03, 0x67,
	0x82, 0x02, 0x63, 0x02, 0x07, 0x00, 0xb7, 0xc6, 0x00, 0x00, 0xb3, 0x86, 0xdd, 0x00,
	0x9b, 0x85, 0x07, 0x00, 0x23, 0xa4, 0xb6, 0x0c, 0x03, 0x67, 0x44, 0x52, 0x93, 0xd7,
	0x07, 0x42, 0x23, 0xa6, 0xf6, 0x0c, 0x03, 0x25, 0xc4, 0x16, 0xb7, 0x87, 0x00, 0x00,
	0xb7, 0x06, 0x00, 0x80, 0xb3, 0x87, 0xfd, 0x00, 0x83, 0x25, 0x04, 0x17, 0x93, 0x86,
	0x56, 0x00, 0x23, 0xa0, 0xd7, 0x24, 0x13, 0x17, 0x07, 0x02, 0x23, 0xa2, 0xa7, 0x24,
	0x33, 0x07, 0x97, 0x01, 0x23, 0xa2, 0xb7, 0x24, 0xb3, 0x07, 0xc7, 0x00, 0x37, 0x27,
	0x00, 0x00, 0x23, 0xa6, 0xe7, 0x8a, 0x83, 0xa7, 0xc7, 0x8a, 0x63, 0x82, 0x07, 0x00,
	0x6f, 0xf0, 0xdf, 0x8a, 0x83, 0x67, 0x44, 0x52, 0x37, 0xd7, 0x00, 0x00, 0x9b, 0xd5,
	0xd5, 0x01, 0x93, 0x97, 0x07, 0x02, 0xb3, 0x87, 0x97, 0x01, 0xb3, 0x87, 0xe7, 0x00,
	0x03, 0xa6, 0x07, 0x83, 0x13, 0x76, 0xf6, 0x00, 0x93, 0x07, 0x50, 0x00, 0x13, 0x07,
	0x02, 0x00, 0x23, 0x3c, 0xf2, 0x18, 0x83, 0x37, 0x87, 0x04, 0x93, 0xf7, 0x07, 0x02,
	0xe3, 0x8c, 0x07, 0xfe, 0x03, 0x65, 0x82, 0x30, 0x83, 0x36, 0x02, 0x07, 0x37, 0x38,
	0x00, 0x00, 0x13, 0x08, 0x18, 0x80, 0xb3, 0xe6, 0x06, 0x01, 0x23, 0x2c, 0xd2, 0x08,
	0x83, 0x67, 0x82, 0x02, 0x63, 0x82, 0x07, 0x00, 0x37, 0xa8, 0x00, 0x00, 0x33, 0x88,
	0x0d, 0x01, 0x13, 0x07, 0xf0, 0xff, 0x23, 0x2a, 0xe8, 0x50, 0x93, 0x07, 0xf0, 0x01,
	0x23, 0x2c, 0xf8, 0x50, 0x23, 0x2a, 0xe8, 0x50, 0x23, 0x2c, 0xf8, 0x50, 0x83, 0x26,
	0x88, 0x47, 0x83, 0x27, 0xc8, 0x47, 0x1b, 0x97, 0x05, 0x01, 0x93, 0x96, 0x06, 0x02,
	0x93, 0xd6, 0x06, 0x02, 0x93, 0x97, 0x07, 0x02, 0xb3, 0xe7, 0xd7, 0x00, 0xb7, 0xf6,
	0xff, 0x01, 0x93, 0x96, 0x76, 0x00, 0xb3, 0xf7, 0xd7, 0x00, 0xb3, 0xe7, 0xe7, 0x00,
	0x13, 0x07, 0x10, 0x00, 0x3b, 0x17, 0xc7, 0x00, 0xb3, 0xe7, 0xe7, 0x00, 0x9b, 0x87,
	0x07, 0x00, 0x23, 0x2c, 0xf8, 0x46, 0x83, 0x27, 0x88, 0x47, 0x93, 0x06, 0x10, 0x00,
	0xb3, 0x96, 0xc6, 0x00, 0x03, 0x27, 0x08, 0x4c, 0x83, 0x27, 0x48, 0x4c, 0x13, 0x17,
	0x07, 0x02, 0x13, 0x57, 0x07, 0x02, 0x93, 0x97, 0x07, 0x02, 0xb3, 0xe7, 0xe7, 0x00,
	0xb3, 0xf7, 0xd7, 0x00, 0xe3, 0x82, 0x07, 0xfe, 0x13, 0x07, 0x50, 0x00, 0x23, 0x30,
	0xe2, 0x1a, 0x23, 0x2c, 0xa2, 0x08, 0x83, 0x67, 0x82, 0x02, 0x63, 0x82, 0x07, 0x00,
	0x6f, 0xf0, 0x0f, 0xfb, 0x13, 0x06, 0x30, 0x00, 0xe3, 0x04, 0xc7, 0x96, 0x93, 0xf6,
	0x46, 0x00, 0x63, 0x80, 0x06, 0x02, 0x93, 0x06, 0x40, 0x00, 0x63, 0x14, 0xd7, 0x00,
	0x6f, 0x10, 0x50, 0x12, 0x93, 0x06, 0x50, 0x00, 0xe3, 0x18, 0xd7, 0x94, 0x13, 0x07,
	0x40, 0x00, 0x6f, 0xf0, 0x5f, 0x94, 0x63, 0x14, 0x07, 0x00, 0x6f, 0x10, 0x10, 0x10,
	0x93, 0x06, 0x20, 0x00, 0xe3, 0x0a, 0xd7, 0x92, 0x6f, 0xf0, 0x5f, 0x93, 0xe3, 0x0c,
	0x07, 0xc8, 0x83, 0x37, 0x86, 0x0f, 0xb3, 0x87, 0x27, 0x41, 0xe3, 0xea, 0x17, 0xc4,
	0x6f, 0xf0, 0xcf, 0xf5, 0x63, 0x14, 0x57, 0x00, 0x6f, 0x20, 0x00, 0x69, 0x63, 0x16,
	0xf7, 0x01, 0xe3, 0x72, 0xfb, 0xfe, 0x6f, 0xf0, 0x5f, 0xc7, 0xe3, 0x1e, 0xe7, 0xfd,
	0xe3, 0x16, 0xfb, 0xc6, 0x6f, 0xf0, 0x5f, 0xfd, 0x03, 0x27, 0x04, 0x16, 0x9b, 0x50,
	0x27, 0x00, 0x93, 0xf0, 0x30, 0x00, 0x9b, 0x57, 0xa7, 0x01, 0x23, 0x2a, 0x14, 0x14,
	0x13, 0xf8, 0x77, 0x00, 0xe3, 0x96, 0x00, 0x14, 0x93, 0x06, 0x30, 0x00, 0xe3, 0x02,
	0xd8, 0x14, 0x93, 0xf7, 0x47, 0x00, 0xe3, 0x80, 0x07, 0x12, 0x93, 0x07, 0x40, 0x00,
	0x63, 0x14, 0xf8, 0x00, 0x6f, 0x10, 0xd0, 0x0a, 0x93, 0x07, 0x50, 0x00, 0x63, 0x04,
	0xf8, 0x00, 0x6f, 0x20, 0x10, 0x4a, 0x93, 0x07, 0x40, 0x00, 0x23, 0x20, 0xf4, 0x10,
	0x13, 0x08, 0x40, 0x00, 0x83, 0x36, 0x84, 0x16, 0x83, 0x35, 0x04, 0x17, 0x03, 0x25,
	0x44, 0x16, 0x9b, 0x54, 0xd7, 0x00, 0x1b, 0x53, 0x57, 0x01, 0x1b, 0x59, 0x87, 0x00,
	0x1b, 0x5f, 0x07, 0x01, 0x1b, 0x57, 0x87, 0x01, 0x13, 0x79, 0xf9, 0x00, 0x93, 0xfe,
	0x74, 0x00, 0x13, 0x7f, 0x3f, 0x00, 0x93, 0x73, 0x73, 0x00, 0x93, 0x72, 0x37, 0x00,
	0x93, 0x07, 0x20, 0x0a, 0x23, 0x24, 0xf4, 0x10, 0x23, 0x28, 0x24, 0x11, 0x23, 0x2a,
	0xd4, 0x11, 0x23, 0x2c, 0xe4, 0x11, 0x23, 0x2e, 0x74, 0x10, 0x23, 0x20, 0x54, 0x12,
	0x23, 0x22, 0xa4, 0x12, 0x23, 0x34, 0xd4, 0x12, 0x23, 0x38, 0xb4, 0x12, 0x83, 0x3f,
	0x02, 0x07, 0x13, 0x9e, 0x0f, 0x02, 0x33, 0x86, 0xcc, 0x01, 0x37, 0xd3, 0x00, 0x00,
	0x33, 0x06, 0x66, 0x00, 0x83, 0x27, 0x46, 0x82, 0x83, 0x28, 0x86, 0x82, 0x1b, 0x86,
	0x0f, 0x00, 0x93, 0x97, 0x07, 0x02, 0x93, 0xd7, 0x07, 0x02, 0x93, 0x98, 0x08, 0x02,
	0xb3, 0xe8, 0xf8, 0x00, 0x23, 0x22, 0xc4, 0x52, 0x23, 0x34, 0x14, 0x53, 0x63, 0x84,
	0x00, 0x00, 0x6f, 0x20, 0x80, 0x12, 0x93, 0x07, 0x30, 0x00, 0xe3, 0xea, 0x07, 0x5d,
	0x93, 0x0f, 0x10, 0x00, 0x63, 0xf4, 0x0f, 0x01, 0x6f, 0x10, 0x40, 0x3f, 0xe3, 0x0a,
	0x08, 0x68, 0x1b, 0x17, 0x89, 0x00, 0x1b, 0x1f, 0x0f, 0x01, 0x33, 0x67, 0xe7, 0x01,
	0x9b, 0x9e, 0xde, 0x00, 0x33, 0x67, 0xd7, 0x01, 0x1b, 0x93, 0x53, 0x01, 0x9b, 0x97,
	0x82, 0x01, 0x33, 0x67, 0x67, 0x00, 0x33, 0x67, 0xf7, 0x00, 0x93, 0x07, 0x40, 0x00,
	0x1b, 0x07, 0x07, 0x00, 0x63, 0x14, 0xf8, 0x00, 0x6f, 0x30, 0x00, 0x64, 0xb7, 0x07,
	0x00, 0x20, 0x33, 0x63, 0xf7, 0x00, 0xb7, 0x27, 0x00, 0x00, 0x9b, 0x87, 0x17, 0x10,
	0x93, 0x97, 0x37, 0x02, 0x13, 0x16, 0x06, 0x02, 0x33, 0x66, 0xf6, 0x00, 0x9b, 0x5e,
	0x23, 0x01, 0x93, 0xfe, 0x2e, 0x00, 0x1b, 0x58, 0xd3, 0x00, 0x9b, 0x57, 0x03, 0x01,
	0x63, 0x84, 0x0e, 0x00, 0x6f, 0x30, 0xc0, 0x5d, 0x93, 0xf7, 0x37, 0x00, 0x13, 0x77,
	0x78, 0x00, 0x9b, 0x97, 0x27, 0x00, 0xbb, 0x87, 0xe7, 0x00, 0x1b, 0x97, 0x37, 0x00,
	0xbb, 0x07, 0xf7, 0x40, 0x9b, 0x97, 0x27, 0x00, 0x93, 0x97, 0x07, 0x02, 0x93, 0xd7,
	0x07, 0x02, 0x93, 0x88, 0x08, 0x4e, 0xb3, 0x87, 0x17, 0x01, 0x33, 0x87, 0xcc, 0x01,
	0xb7, 0xd8, 0x00, 0x00, 0x33, 0x07, 0x17, 0x01, 0x03, 0x2e, 0xc7, 0x8a, 0xb7, 0x3f,
	0x00, 0x00, 0x23, 0x26, 0xf7, 0x8b, 0x03, 0x2f, 0xc7, 0x8a, 0x1b, 0x07, 0x0e, 0x00,
	0x63, 0x02, 0x0f, 0x00, 0x1b, 0x57, 0x87, 0x01, 0x13, 0x77, 0x37, 0x00, 0x23, 0x30,
	0xe2, 0x12, 0x13, 0x17, 0x77, 0x00, 0x23, 0x3c, 0xe2, 0x0c, 0x13, 0x07, 0x00, 0x00,
	0x23, 0x30, 0xe2, 0x12, 0x37, 0xa7, 0x05, 0xc0, 0x13, 0x07, 0x07, 0x20, 0x23, 0xa0,
	0xe7, 0x00, 0x23, 0xa2, 0x67, 0x00, 0x23, 0xa4, 0xa7, 0x00, 0x23, 0xa6, 0xd7, 0x00,
	0x13, 0xde, 0x06, 0x02, 0x23, 0xa8, 0xc7, 0x01, 0x23, 0xaa, 0xb7, 0x00, 0x13, 0xdf,
	0x05, 0x02, 0x23, 0xac, 0xe7, 0x01, 0x83, 0x67, 0x44, 0x52, 0x37, 0x27, 0x00, 0x00,
	0x93, 0x97, 0x07, 0x02, 0xb3, 0x87, 0x97, 0x01, 0xb3, 0x87, 0x17, 0x01, 0x23, 0xa6,
	0xe7, 0x8a, 0x83, 0xa7, 0xc7, 0x8a, 0x63, 0x82, 0x07, 0x00, 0x93, 0x77, 0xf8, 0x05,
	0x9b, 0x92, 0x87, 0x00, 0x13, 0x77, 0x08, 0x04, 0x9b, 0x97, 0x37, 0x00, 0x13, 0xf8,
	0x02, 0x70, 0x93, 0xf7, 0x07, 0x0c, 0x1b, 0x07, 0x07, 0x02, 0xb3, 0xe7, 0x07, 0x01,
	0x1b, 0x57, 0x17, 0x00, 0xb3, 0xe7, 0xe7, 0x00, 0x13, 0x97, 0x07, 0x02, 0x33, 0x07,
	0x97, 0x01, 0x33, 0x07, 0x17, 0x01, 0x37, 0x08, 0x00, 0x80, 0x9b, 0x87, 0x07, 0x00,
	0x23, 0x24, 0x07, 0x87, 0x37, 0x27, 0x00, 0x00, 0x1b, 0x07, 0x17, 0x10, 0x13, 0x17,
	0x37, 0x02, 0x13, 0x98, 0x07, 0x02, 0x33, 0x68, 0xe8, 0x00, 0x9b, 0x57, 0x83, 0x00,
	0x1b, 0x07, 0x0e, 0x00, 0x13, 0x8e, 0x07, 0x00, 0x9b, 0x82, 0x06, 0x00, 0x13, 0x7e,
	0xfe, 0x00, 0x63, 0x84, 0x0e, 0x00, 0x6f, 0x30, 0x00, 0x0f, 0xb3, 0x07, 0x18, 0x01,
	0x23, 0xa2, 0x57, 0x82, 0x23, 0xa4, 0xe7, 0x82, 0x93, 0x07, 0x30, 0x00, 0x37, 0xc7,
	0xad, 0xde, 0x93, 0x97, 0x07, 0x03, 0x13, 0x07, 0xf7, 0xee, 0x23, 0xa4, 0xe7, 0x1e,
	0xb7, 0x27, 0x03, 0x00, 0xb3, 0x87, 0xfd, 0x00, 0x23, 0xa2, 0x07, 0x04, 0xb3, 0x08,
	0x16, 0x01, 0x23, 0xa6, 0xf8, 0x8b, 0x83, 0xa7, 0xc8, 0x8a, 0x93, 0x86, 0xc6, 0x20,
	0x13, 0x07, 0x02, 0x00, 0x83, 0x37, 0x07, 0x03, 0xe3, 0x9e, 0x07, 0xfe, 0x13, 0x07,
	0x02, 0x00, 0x93, 0x07, 0x10, 0x00, 0x23, 0x38, 0xf2, 0x0c, 0xb7, 0x07, 0x03, 0x00,
	0xb3, 0x87, 0xfd, 0x00, 0x9b, 0x8e, 0x06, 0x00, 0x23, 0xa0, 0xd7, 0x21, 0x93, 0xd6,
	0x06, 0x42, 0xb7, 0x28, 0x03, 0x00, 0x23, 0xa2, 0xd7, 0x20, 0x93, 0x88, 0x88, 0x04,
	0x23, 0xa4, 0x17, 0x21, 0x23, 0xa6, 0x07, 0x20, 0xb7, 0x28, 0x00, 0x62, 0x23, 0xa0,
	0x17, 0x1f, 0x83, 0x38, 0x02, 0x4b, 0x1b, 0x8f, 0x08, 0x00, 0x23, 0xa8, 0xe7, 0x27,
	0x93, 0xd8, 0x08, 0x42, 0x23, 0xaa, 0x17, 0x27, 0xb7, 0x08, 0x00, 0x68, 0x93, 0x88,
	0x48, 0x0f, 0x23, 0xa8, 0x17, 0x21, 0x83, 0x37, 0x07, 0x03, 0xe3, 0x9e, 0x07, 0xfe,
	0x93, 0x07, 0x10, 0x00, 0x23, 0x38, 0xf2, 0x0c, 0xb7, 0x07, 0x03, 0x00, 0xb3, 0x87,
	0xfd, 0x00, 0x23, 0xa0, 0xd7, 0x21, 0x37, 0x27, 0x03, 0x00, 0x23, 0xa2, 0xd7, 0x20,
	0x13, 0x07, 0x87, 0x04, 0x23, 0xa4, 0xe7, 0x20, 0x23, 0xa6, 0x07, 0x20, 0x37, 0x27,
	0x00, 0x62, 0x23, 0xa0, 0xe7, 0x1e, 0x03, 0x37, 0x02, 0x4b, 0x9b, 0x06, 0x07, 0x00,
	0x23, 0xa8, 0xd7, 0x26, 0x13, 0x57, 0x07, 0x42, 0x23, 0xaa, 0xe7, 0x26, 0x37, 0x07,
	0x00, 0x68, 0x13, 0x07, 0x47, 0x00, 0x13, 0x0f, 0x30, 0x00, 0xb7, 0xce, 0xad, 0xde,
	0x23, 0xa8, 0xe7, 0x20, 0x13, 0x1f, 0x0f, 0x03, 0x93, 0x06, 0xd0, 0x01, 0x93, 0x8e,
	0xfe, 0xee, 0x83, 0x28, 0x8f, 0x1e, 0x9b, 0x88, 0x08, 0x00, 0x73, 0x27, 0x00, 0xb0,
	0x13, 0x00, 0x00, 0x00, 0xf3, 0x27, 0x00, 0xb0, 0xb3, 0x87, 0xe7, 0x40, 0xe3, 0xfa,
	0xf6, 0xfe, 0xe3, 0x82, 0xd8, 0xff, 0x93, 0x07, 0x00, 0x00, 0x23, 0x38, 0xf2, 0x0c,
	0x37, 0xd7, 0x00, 0x00, 0xb3, 0x07, 0xe6, 0x00, 0xb7, 0x26, 0x00, 0x00, 0x23, 0xa6,
	0xd7, 0x8a, 0x93, 0x0e, 0x30, 0x00, 0x83, 0xa7, 0xc7, 0x8a, 0x93, 0x96, 0x0e, 0x03,
	0x83, 0xa7, 0x06, 0x00, 0x33, 0x07, 0xe8, 0x00, 0x9b, 0x87, 0x07, 0x00, 0x23, 0x28,
	0xf7, 0x82, 0x83, 0x28, 0x47, 0x8b, 0x83, 0xa7, 0x86, 0x00, 0x93, 0xf8, 0xf8, 0x00,
	0x9b, 0x87, 0x07, 0x00, 0x23, 0x2a, 0xf7, 0x82, 0x83, 0xa7, 0x06, 0x01, 0x9b, 0x87,
	0x07, 0x00, 0x23, 0x2c, 0xf7, 0x82, 0x83, 0xa7, 0x86, 0x01, 0x9b, 0x87, 0x07, 0x00,
	0x23, 0x2e, 0xf7, 0x82, 0x83, 0xa7, 0x06, 0x02, 0x9b, 0x87, 0x07, 0x00, 0x23, 0x20,
	0xf7, 0x84, 0x83, 0xa7, 0x86, 0x02, 0x9b, 0x87, 0x07, 0x00, 0x23, 0x22, 0xf7, 0x84,
	0x83, 0xa7, 0x06, 0x03, 0x9b, 0x87, 0x07, 0x00, 0x23, 0x24, 0xf7, 0x84, 0x83, 0xa7,
	0x86, 0x03, 0x9b, 0x87, 0x07, 0x00, 0x23, 0x26, 0xf7, 0x84, 0x83, 0xa7, 0x06, 0x04,
	0x9b, 0x87, 0x07, 0x00, 0x23, 0x28, 0xf7, 0x84, 0x83, 0xa7, 0x86, 0x04, 0x9b, 0x87,
	0x07, 0x00, 0x23, 0x2a, 0xf7, 0x84, 0x83, 0xa7, 0x06, 0x05, 0x9b, 0x87, 0x07, 0x00,
	0x23, 0x2c, 0xf7, 0x84, 0x83, 0xa7, 0x86, 0x05, 0x9b, 0x87, 0x07, 0x00, 0x23, 0x2e,
	0xf7, 0x84, 0x83, 0xa7, 0x06, 0x06, 0x93, 0x97, 0x27, 0x02, 0x93, 0xd7, 0x27, 0x02,
	0x23, 0x20, 0xf7, 0x86, 0x83, 0xa7, 0x06, 0x07, 0x9b, 0x87, 0x07, 0x00, 0x23, 0x24,
	0xf7, 0x86, 0x83, 0xa7, 0x86, 0x07, 0x9b, 0x87, 0x07, 0x00, 0x23, 0x26, 0xf7, 0x86,
	0x83, 0xa7, 0x06, 0x08, 0x9b, 0x87, 0x07, 0x00, 0x23, 0x28, 0xf7, 0x86, 0x83, 0xa7,
	0x86, 0x08, 0x9b, 0x87, 0x07, 0x00, 0x23, 0x2a, 0xf7, 0x86, 0x83, 0xa7, 0x06, 0x09,
	0x9b, 0x87, 0x07, 0x00, 0x23, 0x2c, 0xf7, 0x86, 0x83, 0xa7, 0x86, 0x09, 0x9b, 0x87,
	0x07, 0x00, 0x23, 0x2e, 0xf7, 0x86, 0x83, 0xa7, 0x06, 0x0a, 0x9b, 0x87, 0x07, 0x00,
	0x23, 0x20, 0xf7, 0x88, 0x83, 0xa7, 0x86, 0x0a, 0x9b, 0x87, 0x07, 0x00, 0x23, 0x22,
	0xf7, 0x88, 0x83, 0xa7, 0x06, 0x0b, 0x9b, 0x87, 0x07, 0x00, 0x23, 0x24, 0xf7, 0x88,
	0x83, 0xa7, 0x06, 0x0c, 0x9b, 0x87, 0x07, 0x00, 0x23, 0x28, 0xf7, 0x88, 0x83, 0xa7,
	0x86, 0x0c, 0x9b, 0x87, 0x07, 0x00, 0x23, 0x2a, 0xf7, 0x88, 0x83, 0xa7, 0x06, 0x0d,
	0x9b, 0x87, 0x07, 0x00, 0x23, 0x2c, 0xf7, 0x88, 0x83, 0xa7, 0x86, 0x0d, 0x9b, 0x87,
	0x07, 0x00, 0x23, 0x2e, 0xf7, 0x88, 0x83, 0xa7, 0x06, 0x0e, 0x9b, 0x87, 0x07, 0x00,
	0x23, 0x20, 0xf7, 0x8a, 0x83, 0xa7, 0x86, 0x0e, 0x9b, 0x87, 0x07, 0x00, 0x23, 0x22,
	0xf7, 0x8a, 0x83, 0xa7, 0x06, 0x0f, 0x9b, 0x87, 0x07, 0x00, 0x23, 0x24, 0xf7, 0x8a,
	0x63, 0x8e, 0xd8, 0x01, 0x83, 0xa7, 0x06, 0x10, 0x9b, 0x87, 0x07, 0x00, 0x23, 0x28,
	0xf7, 0x8a, 0x83, 0xa7, 0x86, 0x10, 0x9b, 0x87, 0x07, 0x00, 0x23, 0x2a, 0xf7, 0x8a,
	0x13, 0x57, 0x08, 0x02, 0x13, 0x77, 0x07, 0x7f, 0x93, 0x66, 0x87, 0x00, 0x93, 0x07,
	0x80, 0x01, 0x63, 0x8c, 0xf6, 0x00, 0xb7, 0xd7, 0x00, 0x00, 0xb3, 0x07, 0xf8, 0x00,
	0x83, 0xa6, 0x47, 0x8a, 0x93, 0xe6, 0x06, 0x08, 0x23, 0xa2, 0xd7, 0x8a, 0x93, 0x06,
	0x30, 0x00, 0x93, 0x96, 0x06, 0x03, 0x83, 0xa8, 0x06, 0x11, 0xb7, 0xd7, 0x00, 0x00,
	0xb3, 0x07, 0xf8, 0x00, 0x9b, 0x88, 0x08, 0x00, 0x23, 0xac, 0x17, 0x8b, 0x83, 0xae,
	0x86, 0x11, 0x9b, 0x58, 0x53, 0x01, 0x93, 0xf8, 0x78, 0x00, 0x9b, 0x8e, 0x0e, 0x00,
	0x23, 0xae, 0xd7, 0x8b, 0x83, 0xae, 0x06, 0x12, 0x13, 0x0f, 0x20, 0x00, 0x9b, 0x8e,
	0x0e, 0x00, 0x23, 0xa0, 0xd7, 0x8d, 0x83, 0xae, 0x86, 0x12, 0x9b, 0x8e, 0x0e, 0x00,
	0x23, 0xa2, 0xd7, 0x8d, 0x83, 0xae, 0x06, 0x13, 0x9b, 0x8e, 0x0e, 0x00, 0x23, 0xa4,
	0xd7, 0x8d, 0x83, 0xae, 0x86, 0x13, 0x9b, 0x8e, 0x0e, 0x00, 0x23, 0xa6, 0xd7, 0x8d,
	0x83, 0xae, 0x06, 0x14, 0x9b, 0x8e, 0x0e, 0x00, 0x23, 0xa8, 0xd7, 0x8d, 0x83, 0xae,
	0x86, 0x14, 0x9b, 0x8e, 0x0e, 0x00, 0x23, 0xaa, 0xd7, 0x8d, 0x83, 0xae, 0x06, 0x15,
	0x9b, 0x8e, 0x0e, 0x00, 0x23, 0xac, 0xd7, 0x8d, 0x83, 0xae, 0x86, 0x15, 0x9b, 0x8e,
	0x0e, 0x00, 0x23, 0xae, 0xd7, 0x8d, 0x83, 0xae, 0x06, 0x16, 0x9b, 0x8e, 0x0e, 0x00,
	0x23, 0xa0, 0xd7, 0x8f, 0x83, 0xae, 0x86, 0x16, 0x9b, 0x8e, 0x0e, 0x00, 0x23, 0xa2,
	0xd7, 0x8f, 0x83, 0xae, 0x06, 0x17, 0x9b, 0x8e, 0x0e, 0x00, 0x23, 0xa4, 0xd7, 0x8f,
	0x83, 0xae, 0x86, 0x17, 0x9b, 0x8e, 0x0e, 0x00, 0x23, 0xa6, 0xd7, 0x8f, 0x83, 0xae,
	0x06, 0x18, 0x9b, 0x8e, 0x0e, 0x00, 0x23, 0xa8, 0xd7, 0x8f, 0x83, 0xae, 0x86, 0x18,
	0x9b, 0x8e, 0x0e, 0x00, 0x23, 0xaa, 0xd7, 0x8f, 0x83, 0xae, 0x06, 0x19, 0x9b, 0x8e,
	0x0e, 0x00, 0x23, 0xac, 0xd7, 0x8f, 0x83, 0xae, 0x86, 0x19, 0x9b, 0x8e, 0x0e, 0x00,
	0x23, 0xae, 0xd7, 0x8f, 0x83, 0xae, 0x06, 0x1a, 0x9b, 0x8e, 0x0e, 0x00, 0x23, 0xa0,
	0xd7, 0x91, 0x83, 0xae, 0x86, 0x1a, 0x9b, 0x8e, 0x0e, 0x00, 0x23, 0xa2, 0xd7, 0x91,
	0x83, 0xae, 0x06, 0x1b, 0x9b, 0x8e, 0x0e, 0x00, 0x23, 0xa4, 0xd7, 0x91, 0x83, 0xae,
	0x86, 0x1b, 0x9b, 0x8e, 0x0e, 0x00, 0x23, 0xa6, 0xd7, 0x91, 0x83, 0xae, 0x06, 0x1c,
	0x9b, 0x8e, 0x0e, 0x00, 0x23, 0xa8, 0xd7, 0x91, 0x83, 0xae, 0x86, 0x1c, 0x9b, 0x8e,
	0x0e, 0x00, 0x23, 0xaa, 0xd7, 0x91, 0x83, 0xae, 0x06, 0x1d, 0x9b, 0x8e, 0x0e, 0x00,
	0x23, 0xac, 0xd7, 0x91, 0x83, 0xae, 0x86, 0x1d, 0x9b, 0x8e, 0x0e, 0x00, 0x23, 0xae,
	0xd7, 0x91, 0x83, 0xae, 0x06, 0x1e, 0x9b, 0x8e, 0x0e, 0x00, 0x23, 0xa0, 0xd7, 0x93,
	0x83, 0xa6, 0x06, 0x00, 0x9b, 0x86, 0x06, 0x00, 0x23, 0xa8, 0xd7, 0x82, 0x83, 0xa7,
	0x47, 0x8a, 0x9b, 0x87, 0x07, 0x00, 0x63, 0x98, 0xe8, 0x01, 0x93, 0x56, 0x53, 0x01,
	0x93, 0xf6, 0x86, 0x01, 0xb3, 0xe7, 0xf6, 0x00, 0xb7, 0x06, 0x72, 0x20, 0x93, 0x86,
	0x86, 0xfb, 0xb7, 0xd8, 0x00, 0x00, 0xb3, 0x08, 0x18, 0x01, 0xb3, 0xf7, 0xd7, 0x00,
	0x23, 0xa2, 0xf8, 0x8a, 0x83, 0xa7, 0x48, 0x8c, 0xb7, 0x06, 0x00, 0x80, 0xb3, 0xe7,
	0xd7, 0x00, 0x23, 0xa2, 0xf8, 0x8c, 0x93, 0x07, 0x30, 0x00, 0x93, 0x97, 0x07, 0x03,
	0x83, 0xa7, 0x07, 0x06, 0xb7, 0x06, 0x00, 0x10, 0x93, 0x86, 0xc6, 0xff, 0x93, 0xf7,
	0x37, 0x00, 0xb3, 0x76, 0xd5, 0x00, 0xb3, 0xe6, 0xf6, 0x00, 0xb7, 0x07, 0x00, 0x60,
	0xb3, 0xe6, 0xf6, 0x00, 0x23, 0xa0, 0xd8, 0x86, 0x83, 0xa7, 0x08, 0x83, 0x83, 0xa6,
	0x48, 0x8a, 0x93, 0xf7, 0x07, 0xff, 0x9b, 0xd6, 0x96, 0x00, 0x93, 0xf6, 0x16, 0x00,
	0xb3, 0xe7, 0xc7, 0x01, 0x63, 0x80, 0x06, 0x02, 0xb7, 0xf6, 0xff, 0xff, 0x93, 0x86,
	0xf6, 0x0f, 0xb3, 0xf7, 0xd7, 0x00, 0xb7, 0x16, 0x00, 0x00, 0x93, 0x86, 0x06, 0xf0,
	0x33, 0x73, 0xd3, 0x00, 0xb3, 0x67, 0xf3, 0x00, 0xb7, 0xd8, 0x00, 0x00, 0xb3, 0x08,
	0x18, 0x01, 0x23, 0xa8, 0xf8, 0x82, 0x83, 0xa7, 0x08, 0x83, 0x63, 0x82, 0x07, 0x00,
	0x93, 0x57, 0x37, 0x00, 0x1b, 0x55, 0x87, 0x00, 0x93, 0xf7, 0x87, 0x01, 0xb3, 0xe7,
	0xa7, 0x00, 0x93, 0x06, 0x10, 0x00, 0xbb, 0x96, 0xf6, 0x00, 0x9b, 0x85, 0x05, 0x00,
	0xb7, 0xc7, 0x00, 0x00, 0x23, 0xac, 0xb8, 0x84, 0xb3, 0x07, 0xf8, 0x00, 0x23, 0xa8,
	0xd7, 0x20, 0x93, 0x06, 0x10, 0x00, 0x23, 0x28, 0xd2, 0x46, 0x83, 0x67, 0x82, 0x02,
	0x63, 0x82, 0x07, 0x00, 0xb7, 0xf7, 0x03, 0x00, 0xb3, 0x07, 0xf8, 0x00, 0x83, 0xa5,
	0x07, 0x05, 0x9b, 0x56, 0x37, 0x00, 0x93, 0xf6, 0x86, 0x01, 0xb3, 0xe6, 0xa6, 0x00,
	0x83, 0xa7, 0x48, 0x83, 0xbb, 0xd5, 0xd5, 0x00, 0x93, 0xf5, 0x15, 0x00, 0x1b, 0x85,
	0x06, 0x00, 0x9b, 0x87, 0x07, 0x00, 0x63, 0x84, 0x05, 0x00, 0x6f, 0x20, 0x80, 0x4a,
	0x83, 0xa5, 0xc8, 0x83, 0x93, 0x06, 0xe0, 0x00, 0x63, 0xe4, 0xb6, 0x00, 0x6f, 0x20,
	0x80, 0x49, 0xb7, 0x06, 0x08, 0x00, 0xb3, 0xe7, 0xd7, 0x00, 0xb7, 0xd5, 0x00, 0x00,
	0xb3, 0x05, 0xb8, 0x00, 0x23, 0xaa, 0xf5, 0x82, 0x23, 0x38, 0x02, 0x46, 0x83, 0x67,
	0x82, 0x02, 0x63, 0x82, 0x07, 0x00, 0x83, 0xa7, 0x85, 0x82, 0x83, 0xa6, 0x45, 0x82,
	0x93, 0x97, 0x07, 0x02, 0x93, 0x96, 0x06, 0x02, 0x93, 0xd6, 0x06, 0x02, 0xb3, 0xe7,
	0xd7, 0x00, 0x83, 0xa7, 0xc7, 0x1f, 0x63, 0x80, 0x07, 0x06, 0xb7, 0x27, 0x00, 0x00,
	0x93, 0x87, 0x87, 0x00, 0x33, 0x67, 0xf7, 0x00, 0xb7, 0x27, 0x00, 0x00, 0x9b, 0x87,
	0x17, 0x10, 0x93, 0x97, 0x37, 0x02, 0x13, 0x17, 0x07, 0x02, 0x33, 0x67, 0xf7, 0x00,
	0x93, 0x06, 0x10, 0x00, 0x23, 0x28, 0xd2, 0x46, 0x83, 0x66, 0x82, 0x02, 0x63, 0x82,
	0x06, 0x00, 0xb7, 0xf6, 0x03, 0x00, 0x33, 0x07, 0xd7, 0x00, 0x83, 0x26, 0x07, 0x05,
	0x93, 0x05, 0x10, 0x00, 0xbb, 0x95, 0xa5, 0x00, 0xb3, 0xe6, 0xb6, 0x00, 0x9b, 0x86,
	0x06, 0x00, 0x23, 0x28, 0xd7, 0x04, 0x23, 0x38, 0x02, 0x46, 0x83, 0x67, 0x82, 0x02,
	0x63, 0x82, 0x07, 0x00, 0x37, 0xd7, 0x00, 0x00, 0xb3, 0x07, 0xe8, 0x00, 0x13, 0x05,
	0x10, 0x00, 0x23, 0xa6, 0xa7, 0x82, 0x33, 0x07, 0xe6, 0x00, 0xb7, 0x36, 0x00, 0x00,
	0x23, 0x26, 0xd7, 0x8a, 0x03, 0x27, 0xc7, 0x8a, 0x03, 0xa7, 0x87, 0x82, 0x83, 0xa6,
	0x47, 0x82, 0x93, 0x05, 0x02, 0x00, 0x9b, 0x07, 0x07, 0x00, 0x1b, 0x87, 0x06, 0x00,
	0x93, 0x06, 0x00, 0x00, 0x23, 0x30, 0xd2, 0x12, 0x13, 0x17, 0x07, 0x02, 0x93, 0x97,
	0x07, 0x02, 0x13, 0x57, 0x07, 0x02, 0xb3, 0xe7, 0xe7, 0x00, 0x23, 0xa8, 0xa7, 0x40,
	0x83, 0xb7, 0x05, 0x09, 0xe3, 0x9e, 0x07, 0xfe, 0xb7, 0xd7, 0x00, 0x00, 0x33, 0x06,
	0xf6, 0x00, 0xb7, 0x27, 0x00, 0x00, 0x23, 0x26, 0xf6, 0x8a, 0x83, 0x27, 0xc6, 0x8a,
	0x6f, 0xe0, 0x5f, 0xdf, 0xe3, 0x04, 0x08, 0x78, 0x93, 0x07, 0x20, 0x00, 0x63, 0x04,
	0xf8, 0x00, 0x6f, 0x20, 0xc0, 0x38, 0x93, 0x07, 0x20, 0x00, 0x23, 0x20, 0xf4, 0x10,
	0x6f, 0xf0, 0x0f, 0xef, 0x23, 0x20, 0x04, 0x11, 0x6f, 0xf0, 0x8f, 0xee, 0x83, 0x27,
	0x04, 0x16, 0x13, 0x06, 0x50, 0x00, 0x1b, 0xd8, 0x87, 0x00, 0x1b, 0xd5, 0x07, 0x01,
	0x9b, 0xd6, 0x47, 0x01, 0x13, 0xf7, 0xf7, 0x00, 0x93, 0x75, 0xf8, 0x00, 0x13, 0x75,
	0x15, 0x00, 0x93, 0xf6, 0x16, 0x00, 0x63, 0x14, 0xc7, 0x00, 0x6f, 0x20, 0x00, 0x5e,
	0x63, 0x68, 0xe6, 0x38, 0x13, 0x03, 0x30, 0x00, 0x63, 0x14, 0x67, 0x00, 0x6f, 0x20,
	0xc0, 0x52, 0x13, 0xf6, 0xc7, 0x00, 0x63, 0x0a, 0x06, 0x2c, 0x93, 0x07, 0x40, 0x00,
	0x63, 0x1e, 0xf7, 0x56, 0x83, 0x27, 0x44, 0x16, 0x13, 0x96, 0x07, 0x02, 0x13, 0x57,
	0xe6, 0x01, 0x63, 0x04, 0x05, 0x00, 0x6f, 0x10, 0x40, 0x0a, 0x33, 0x87, 0xed, 0x00,
	0x03, 0x26, 0x07, 0x00, 0x1b, 0x06, 0x06, 0x00, 0x93, 0x07, 0x30, 0x00, 0x63, 0x94,
	0xf5, 0x00, 0x6f, 0x20, 0x80, 0x56, 0x93, 0x78, 0xc8, 0x00, 0x63, 0x84, 0x08, 0x00,
	0x6f, 0x10, 0x10, 0x6a, 0x63, 0x9c, 0x05, 0x3a, 0x83, 0x67, 0xc4, 0x16, 0x93, 0x97,
	0x27, 0x00, 0xb3, 0x87, 0xfd, 0x00, 0x23, 0xa0, 0xc7, 0x00, 0x63, 0x94, 0x06, 0x00,
	0x6f, 0xe0, 0x1f, 0xd3, 0x83, 0x67, 0xc4, 0x16, 0x93, 0x97, 0x27, 0x00, 0xb3, 0x87,
	0xfd, 0x00, 0x83, 0xa7, 0x07, 0x00, 0x6f, 0xe0, 0xdf, 0xd1, 0x03, 0x26, 0x44, 0x16,
	0x83, 0x26, 0x04, 0x16, 0x83, 0x35, 0x84, 0x16, 0x03, 0x35, 0x04, 0x17, 0x1b, 0x57,
	0xc6, 0x01, 0x23, 0x24, 0xf4, 0x10, 0x23, 0x26, 0xd4, 0x10, 0x23, 0x3c, 0xb4, 0x12,
	0x23, 0x30, 0xa4, 0x14, 0x93, 0x77, 0x77, 0x00, 0x63, 0x9a, 0x07, 0x4e, 0x93, 0x07,
	0x10, 0x00, 0x23, 0x20, 0xf4, 0x10, 0x37, 0x07, 0x00, 0x10, 0x93, 0x07, 0xf7, 0xff,
	0x33, 0x76, 0xf6, 0x00, 0x23, 0x22, 0xc4, 0x12, 0x83, 0x37, 0x84, 0x10, 0x93, 0xd7,
	0xc7, 0x03, 0x93, 0xf7, 0x37, 0x00, 0x63, 0x94, 0x07, 0x00, 0x6f, 0x10, 0x10, 0x35,
	0x93, 0x06, 0x20, 0x00, 0x63, 0x84, 0xd7, 0x00, 0x6f, 0xe0, 0x9f, 0xcb, 0x83, 0x27,
	0x04, 0x10, 0x93, 0x06, 0x10, 0x00, 0xe3, 0x8a, 0xd7, 0x74, 0x63, 0x84, 0x07, 0x00,
	0x6f, 0xe0, 0x5f, 0xca, 0x83, 0x66, 0x44, 0x52, 0x37, 0xd6, 0x00, 0x00, 0x93, 0x96,
	0x06, 0x02, 0xb3, 0x86, 0x96, 0x01, 0xb3, 0x86, 0xc6, 0x00, 0x37, 0x36, 0x00, 0x00,
	0x23, 0xa6, 0xc6, 0x8a, 0x83, 0xa6, 0xc6, 0x8a, 0x63, 0x82, 0x06, 0x00, 0x83, 0x25,
	0x44, 0x12, 0xb7, 0xc6, 0x00, 0x00, 0x33, 0x86, 0xdc, 0x00, 0x03, 0x26, 0x06, 0x38,
	0x63, 0x0e, 0x06, 0x00, 0xb3, 0x86, 0xdc, 0x00, 0x83, 0xa6, 0x46, 0x3b, 0x13, 0x07,
	0xc7, 0xff, 0x33, 0xf7, 0xe6, 0x00, 0x63, 0x94, 0xe5, 0x00, 0x6f, 0x20, 0x90, 0x7f,
	0x13, 0x07, 0x10, 0x00, 0x13, 0x17, 0x87, 0x02, 0xb3, 0x86, 0xec, 0x00, 0x37, 0xc6,
	0x00, 0x00, 0xb3, 0x86, 0xc6, 0x00, 0x83, 0xa6, 0x06, 0x38, 0x63, 0x82, 0x06, 0x02,
	0x33, 0x87, 0xec, 0x00, 0x33, 0x07, 0xc7, 0x00, 0x03, 0x27, 0x47, 0x3b, 0xb7, 0x06,
	0x00, 0x10, 0x93, 0x86, 0xc6, 0xff, 0x33, 0x77, 0xd7, 0x00, 0x63, 0x94, 0xe5, 0x00,
	0x6f, 0x30, 0x40, 0x3a, 0x13, 0x07, 0x10, 0x00, 0x13, 0x17, 0x67, 0x02, 0xb3, 0x86,
	0xec, 0x00, 0x37, 0xc6, 0x00, 0x00, 0xb3, 0x86, 0xc6, 0x00, 0x83, 0xa6, 0x06, 0x38,
	0x63, 0x82, 0x06, 0x02, 0x33, 0x87, 0xec, 0x00, 0x33, 0x07, 0xc7, 0x00, 0x03, 0x27,
	0x47, 0x3b, 0xb7, 0x06, 0x00, 0x10, 0x93, 0x86, 0xc6, 0xff, 0x33, 0x77, 0xd7, 0x00,
	0x63, 0x94, 0xe5, 0x00, 0x6f, 0x30, 0xc0, 0x55, 0x93, 0x07, 0x50, 0x00, 0x93, 0x97,
	0x67, 0x02, 0x33, 0x87, 0xfc, 0x00, 0xb7, 0xc6, 0x00, 0x00, 0x33, 0x07, 0xd7, 0x00,
	0x03, 0x27, 0x07, 0x38, 0x63, 0x02, 0x07, 0x02, 0xb3, 0x87, 0xfc, 0x00, 0xb3, 0x87,
	0xd7, 0x00, 0x83, 0xa7, 0x47, 0x3b, 0x37, 0x07, 0x00, 0x10, 0x13, 0x07, 0xc7, 0xff,
	0xb3, 0xf7, 0xe7, 0x00, 0x63, 0x94, 0xf5, 0x00, 0x6f, 0x30, 0x80, 0x52, 0x83, 0x67,
	0x44, 0x52, 0x37, 0xd7, 0x00, 0x00, 0x93, 0x97, 0x07, 0x02, 0xb3, 0x87, 0x97, 0x01,
	0xb3, 0x87, 0xe7, 0x00, 0x37, 0x27, 0x00, 0x00, 0x23, 0xa6, 0xe7, 0x8a, 0x83, 0xa7,
	0xc7, 0x8a, 0x63, 0x82, 0x07, 0x00, 0x6f, 0xe0, 0x9f, 0xb7, 0x83, 0x26, 0x04, 0x16,
	0x93, 0x17, 0x27, 0x02, 0x93, 0xd7, 0x27, 0x03, 0x1b, 0xd6, 0x86, 0x00, 0x9b, 0xd5,
	0x06, 0x01, 0x1b, 0xd8, 0x46, 0x01, 0x13, 0x77, 0xf6, 0x00, 0x93, 0x08, 0x30, 0x00,
	0x93, 0xf5, 0x15, 0x00, 0x13, 0x78, 0x18, 0x00, 0x1b, 0x85, 0xe7, 0xff, 0x63, 0x14,
	0x17, 0x01, 0x6f, 0x10, 0x10, 0x44, 0x13, 0x76, 0xc6, 0x00, 0x63, 0x14, 0x06, 0x22,
	0x63, 0x14, 0x07, 0x00, 0x6f, 0x10, 0x10, 0x31, 0x93, 0x07, 0x20, 0x00, 0x63, 0x04,
	0xf7, 0x00, 0x6f, 0xe0, 0x9f, 0xb2, 0x9b, 0xd7, 0x96, 0x01, 0x93, 0xf7, 0x37, 0x00,
	0x23, 0x30, 0xf2, 0x12, 0x83, 0x67, 0x84, 0x16, 0x83, 0x66, 0x44, 0x16, 0x93, 0x97,
	0x07, 0x02, 0xb3, 0x86, 0xf6, 0x00, 0xe3, 0x98, 0x05, 0x62, 0x63, 0x0a, 0x05, 0x02,
	0x1b, 0x87, 0x45, 0x00, 0x93, 0x17, 0x07, 0x02, 0x13, 0xd7, 0xe7, 0x01, 0x33, 0x07,
	0xe4, 0x00, 0x9b, 0x97, 0x25, 0x00, 0x03, 0x27, 0xc7, 0x15, 0x93, 0x97, 0x07, 0x02,
	0x93, 0xd7, 0x07, 0x02, 0xb3, 0x87, 0xd7, 0x00, 0x23, 0xa0, 0xe7, 0x00, 0x9b, 0x85,
	0x15, 0x00, 0xe3, 0x1a, 0xb5, 0xfc, 0x63, 0x14, 0x08, 0x00, 0x6f, 0xe0, 0xdf, 0xac,
	0x13, 0x07, 0x02, 0x00, 0x83, 0x37, 0x07, 0x09, 0xe3, 0x9e, 0x07, 0xfe, 0x6f, 0xe0,
	0xdf, 0xab, 0xe3, 0x0e, 0x07, 0x68, 0x63, 0x14, 0x67, 0x00, 0x6f, 0x20, 0x00, 0x04,
	0x03, 0x67, 0x84, 0x16, 0x03, 0x66, 0x44, 0x16, 0x9b, 0xd7, 0xd7, 0x00, 0x13, 0x17,
	0x07, 0x02, 0x33, 0x67, 0xc7, 0x00, 0x93, 0xf7, 0x37, 0x00, 0x23, 0x30, 0xf2, 0x12,
	0x93, 0x97, 0x77, 0x00, 0x23, 0x3c, 0xf2, 0x0c, 0x93, 0x08, 0x02, 0x00, 0xe3, 0x04,
	0x05, 0x60, 0x03, 0x36, 0x82, 0x02, 0xb7, 0x47, 0x00, 0x00, 0x13, 0x56, 0x66, 0x02,
	0x23, 0x2c, 0xf2, 0x08, 0x83, 0x67, 0x82, 0x02, 0x63, 0x82, 0x07, 0x00, 0x83, 0x67,
	0x82, 0x02, 0x63, 0x82, 0x07, 0x00, 0x03, 0x63, 0x07, 0x00, 0x83, 0x67, 0x47, 0x00,
	0x93, 0x97, 0x07, 0x02, 0xb3, 0xe7, 0x67, 0x00, 0x03, 0xb7, 0x08, 0x09, 0xe3, 0x1e,
	0x07, 0xfe, 0x1b, 0x17, 0x46, 0x01, 0x37, 0x06, 0xf0, 0x00, 0x33, 0x77, 0xc7, 0x00,
	0x13, 0x67, 0x87, 0x00, 0x13, 0x17, 0x07, 0x02, 0x13, 0x57, 0x07, 0x02, 0x23, 0x2c,
	0xe2, 0x08, 0x03, 0x67, 0x82, 0x02, 0x63, 0x02, 0x07, 0x00, 0x03, 0x66, 0x82, 0x02,
	0x63, 0x02, 0x06, 0x00, 0x1b, 0x86, 0x07, 0x00, 0x93, 0xd8, 0x07, 0x42, 0x6f, 0x00,
	0xd0, 0x57, 0x13, 0x06, 0x90, 0x00, 0x63, 0x14, 0xc7, 0x00, 0x6f, 0x20, 0xc0, 0x25,
	0x63, 0x7a, 0xe6, 0x0a, 0x93, 0x07, 0xa0, 0x00, 0x63, 0x1a, 0xf7, 0x1e, 0x83, 0x37,
	0x02, 0x10, 0x13, 0x06, 0x00, 0x00, 0x13, 0x07, 0x30, 0x00, 0x63, 0x94, 0xe5, 0x00,
	0x6f, 0x20, 0x00, 0x1c, 0x93, 0x78, 0xc8, 0x00, 0x63, 0x86, 0x08, 0x04, 0x13, 0x07,
	0x40, 0x00, 0x63, 0x80, 0xe5, 0x74, 0x93, 0x07, 0x50, 0x00, 0x63, 0x84, 0xf5, 0x00,
	0x6f, 0xe0, 0xdf, 0x9c, 0x83, 0x67, 0x04, 0x17, 0x03, 0x67, 0xc4, 0x16, 0x93, 0x97,
	0x07, 0x02, 0xb3, 0xe7, 0xe7, 0x00, 0x63, 0x04, 0x05, 0x00, 0x6f, 0x20, 0x90, 0x49,
	0x23, 0xa0, 0xc7, 0x00, 0x63, 0x94, 0x06, 0x00, 0x6f, 0xe0, 0x9f, 0x9a, 0x13, 0x07,
	0x02, 0x00, 0x83, 0x37, 0x07, 0x09, 0xe3, 0x9e, 0x07, 0xfe, 0x6f, 0xe0, 0x9f, 0x99,
	0x63, 0x88, 0x05, 0x72, 0x93, 0x07, 0x20, 0x00, 0x63, 0x84, 0xf5, 0x00, 0x6f, 0xe0,
	0x9f, 0x98, 0x83, 0x67, 0x04, 0x17, 0x03, 0x67, 0xc4, 0x16, 0x93, 0x97, 0x07, 0x02,
	0xb3, 0xe7, 0xe7, 0x00, 0x13, 0x87, 0x07, 0x00, 0xe3, 0x16, 0x05, 0x5c, 0x23, 0x20,
	0xc7, 0x00, 0x63, 0x94, 0x06, 0x00, 0x6f, 0xe0, 0x5f, 0x96, 0x13, 0x07, 0x02, 0x00,
	0x83, 0x37, 0x07, 0x09, 0xe3, 0x9e, 0x07, 0xfe, 0x6f, 0xe0, 0x5f, 0x95, 0x93, 0xf7,
	0x87, 0x00, 0x63, 0x98, 0x07, 0x0a, 0x83, 0x67, 0x44, 0x52, 0x37, 0xd7, 0x00, 0x00,
	0x93, 0x97, 0x07, 0x02, 0xb3, 0x87, 0x97, 0x01, 0xb3, 0x87, 0xe7, 0x00, 0x03, 0xa7,
	0x87, 0x89, 0x03, 0xa6, 0x47, 0x89, 0x93, 0x17, 0x06, 0x02, 0x13, 0x17, 0x07, 0x02,
	0x93, 0xd7, 0x07, 0x02, 0x1b, 0x06, 0x06, 0x00, 0xb3, 0xe7, 0xe7, 0x00, 0x6f, 0xf0,
	0x9f, 0xf2, 0x93, 0x07, 0x50, 0x00, 0x63, 0x04, 0xf7, 0x00, 0x6f, 0xe0, 0xdf, 0x90,
	0x9b, 0xd7, 0x96, 0x01, 0x93, 0xf7, 0x37, 0x00, 0x23, 0x30, 0xf2, 0x12, 0x83, 0x67,
	0x84, 0x16, 0x83, 0x66, 0x44, 0x16, 0x93, 0x97, 0x07, 0x02, 0xb3, 0x86, 0xf6, 0x00,
	0xe3, 0x94, 0x05, 0x40, 0x63, 0x0a, 0x05, 0x02, 0x1b, 0x87, 0x45, 0x00, 0x93, 0x17,
	0x07, 0x02, 0x13, 0xd7, 0xe7, 0x01, 0x33, 0x07, 0xe4, 0x00, 0x9b, 0x97, 0x25, 0x00,
	0x03, 0x27, 0xc7, 0x15, 0x93, 0x97, 0x07, 0x02, 0x93, 0xd7, 0x07, 0x02, 0xb3, 0x87,
	0xd7, 0x00, 0x23, 0xa0, 0xe7, 0x00, 0x9b, 0x85, 0x15, 0x00, 0xe3, 0x1a, 0xb5, 0xfc,
	0x63, 0x14, 0x08, 0x00, 0x6f, 0xe0, 0x1f, 0x8b, 0x13, 0x07, 0x02, 0x00, 0x83, 0x37,
	0x07, 0x09, 0xe3, 0x9e, 0x07, 0xfe, 0x6f, 0xe0, 0x1f, 0x8a, 0x93, 0x07, 0x80, 0x00,
	0x63, 0x18, 0xf7, 0x08, 0x83, 0x67, 0x44, 0x52, 0x37, 0xd7, 0x00, 0x00, 0x93, 0x97,
	0x07, 0x02, 0xb3, 0x87, 0x97, 0x01, 0xb3, 0x87, 0xe7, 0x00, 0x03, 0xa7, 0x07, 0x8a,
	0x03, 0xa6, 0xc7, 0x89, 0x6f, 0xf0, 0xdf, 0xf4, 0x93, 0x07, 0x40, 0x00, 0x63, 0x0e,
	0xf8, 0xa2, 0x6f, 0xe0, 0xdf, 0x86, 0x23, 0x30, 0x36, 0x13, 0x23, 0x3c, 0x36, 0x0d,
	0x83, 0x37, 0x86, 0x02, 0x13, 0xdb, 0x67, 0x02, 0x23, 0x2c, 0x56, 0x09, 0x83, 0x67,
	0x86, 0x02, 0x63, 0x82, 0x07, 0x00, 0x83, 0x67, 0x86, 0x02, 0x63, 0x82, 0x07, 0x00,
	0x83, 0x66, 0x08, 0x00, 0x9b, 0x86, 0x06, 0x00, 0x83, 0x37, 0x06, 0x09, 0xe3, 0x9e,
	0x07, 0xfe, 0x9b, 0x17, 0x4b, 0x01, 0xb3, 0xf7, 0x47, 0x01, 0x93, 0xe7, 0x87, 0x00,
	0x93, 0x97, 0x07, 0x02, 0x93, 0xd7, 0x07, 0x02, 0x23, 0x2c, 0xf6, 0x08, 0x83, 0x67,
	0x86, 0x02, 0x63, 0x82, 0x07, 0x00, 0x83, 0x67, 0x86, 0x02, 0x63, 0x82, 0x07, 0x00,
	0x6f, 0xe0, 0x1f, 0xd1, 0x13, 0x06, 0x00, 0x00, 0x93, 0x07, 0x00, 0x00, 0x6f, 0xf0,
	0x1f, 0xe1, 0x13, 0x07, 0x40, 0x00, 0xe3, 0x9a, 0xe7, 0xb0, 0x23, 0xa4, 0x01, 0x92,
	0x6f, 0xf0, 0xdf, 0xb0, 0x37, 0x16, 0x00, 0x00, 0x13, 0x06, 0xc6, 0xbc, 0x63, 0x94,
	0xc6, 0x00, 0x6f, 0x10, 0x40, 0x77, 0x13, 0x06, 0xf0, 0x51, 0x63, 0x64, 0xd6, 0x00,
	0x6f, 0x10, 0xc0, 0x75, 0x37, 0xf6, 0xff, 0xff, 0x1b, 0x06, 0x96, 0xac, 0xbb, 0x06,
	0xd6, 0x00, 0x63, 0x64, 0xd3, 0x00, 0x6f, 0x10, 0x40, 0x75, 0x83, 0x26, 0xc4, 0x16,
	0x93, 0x97, 0x27, 0x00, 0xb3, 0x87, 0xfd, 0x00, 0x23, 0xa0, 0xd7, 0x00, 0x83, 0x67,
	0x84, 0x16, 0x6f, 0xe0, 0x5f, 0xc4, 0xb3, 0x86, 0xcc, 0x01, 0xb3, 0x86, 0x66, 0x00,
	0x03, 0xa7, 0xc6, 0x8a, 0x37, 0x3e, 0x00, 0x00, 0x23, 0xa6, 0xc6, 0x8b, 0x1b, 0x07,
	0x07, 0x00, 0x83, 0xa6, 0xc6, 0x8a, 0x63, 0x82, 0x06, 0x00, 0x1b, 0x57, 0x87, 0x01,
	0x13, 0x77, 0x37, 0x00, 0x13, 0x06, 0x02, 0x00, 0x23, 0x30, 0xe2, 0x12, 0x13, 0x17,
	0x77, 0x00, 0x23, 0x3c, 0xe2, 0x0c, 0x03, 0x25, 0x84, 0x11, 0x83, 0x25, 0x44, 0x11,
	0x83, 0x26, 0x04, 0x11, 0x9b, 0x1e, 0x15, 0x00, 0xbb, 0x8e, 0xbe, 0x00, 0x1b, 0x97,
	0x3e, 0x00, 0x3b, 0x07, 0xd7, 0x41, 0x1b, 0x15, 0x05, 0x01, 0x9b, 0x96, 0x86, 0x00,
	0x1b, 0x17, 0x27, 0x00, 0xb3, 0xe6, 0xa6, 0x00, 0x9b, 0x95, 0xd5, 0x00, 0x13, 0x17,
	0x07, 0x02, 0xb3, 0xe6, 0xb6, 0x00, 0x13, 0x57, 0x07, 0x02, 0xb7, 0x05, 0x00, 0x30,
	0xb3, 0xe6, 0xb6, 0x00, 0x13, 0x07, 0x07, 0x47, 0x33, 0x07, 0x17, 0x01, 0x9b, 0x86,
	0x06, 0x00, 0x83, 0x28, 0x44, 0x12, 0x83, 0x3f, 0x84, 0x12, 0x03, 0x35, 0x04, 0x13,
	0x23, 0x30, 0x02, 0x13, 0xb7, 0xa5, 0x05, 0xc0, 0x93, 0x85, 0x05, 0x20, 0x23, 0x20,
	0xb7, 0x00, 0x23, 0x22, 0xd7, 0x00, 0x23, 0x24, 0x17, 0x01, 0x23, 0x26, 0xf7, 0x01,
	0x13, 0xdf, 0x0f, 0x02, 0x23, 0x28, 0xe7, 0x01, 0x23, 0x2a, 0xa7, 0x00, 0x93, 0x5e,
	0x05, 0x02, 0x23, 0x2c, 0xd7, 0x01, 0x83, 0x66, 0x44, 0x52, 0x37, 0x27, 0x00, 0x00,
	0x93, 0x96, 0x06, 0x02, 0xb3, 0x86, 0x96, 0x01, 0xb3, 0x86, 0x66, 0x00, 0x23, 0xa6,
	0xe6, 0x8a, 0x03, 0xa7, 0xc6, 0x8a, 0x63, 0x02, 0x07, 0x00, 0x83, 0x25, 0x44, 0x11,
	0x03, 0x27, 0x84, 0x11, 0x9b, 0x95, 0x85, 0x00, 0x1b, 0x17, 0x67, 0x00, 0xb3, 0xe5,
	0xe5, 0x00, 0x37, 0x27, 0x00, 0x00, 0x1b, 0x07, 0x17, 0x10, 0x13, 0x17, 0x37, 0x02,
	0x93, 0x95, 0x05, 0x02, 0xb3, 0xe5, 0xe5, 0x00, 0x03, 0x28, 0x44, 0x52, 0x37, 0x27,
	0x00, 0x00, 0x1b, 0x07, 0x17, 0x10, 0x13, 0x17, 0x37, 0x02, 0x13, 0x18, 0x08, 0x02,
	0x33, 0x68, 0xe8, 0x00, 0xb7, 0xc6, 0x00, 0x00, 0xb3, 0x86, 0xd5, 0x00, 0x1b, 0x87,
	0x0f, 0x00, 0x23, 0xac, 0xe6, 0x36, 0x1b, 0x0f, 0x0f, 0x00, 0x23, 0xae, 0xe6, 0x37,
	0x1b, 0x07, 0x05, 0x00, 0x23, 0xa6, 0xe6, 0x3a, 0x9b, 0x8e, 0x0e, 0x00, 0x23, 0xa8,
	0xd6, 0x3b, 0xb7, 0x06, 0x00, 0x40, 0x13, 0x87, 0x0f, 0x20, 0xb3, 0xe8, 0xd8, 0x00,
	0xb7, 0xc6, 0xad, 0xde, 0x93, 0x97, 0x07, 0x03, 0x93, 0x86, 0xf6, 0xee, 0x23, 0xac,
	0xd7, 0x10, 0xb7, 0x27, 0x03, 0x00, 0xb3, 0x87, 0xfd, 0x00, 0x23, 0xa2, 0x07, 0x04,
	0x33, 0x03, 0x68, 0x00, 0x23, 0x26, 0xc3, 0x8b, 0x83, 0x27, 0xc3, 0x8a, 0x83, 0x37,
	0x06, 0x03, 0xe3, 0x9e, 0x07, 0xfe, 0x93, 0x06, 0x02, 0x00, 0x93, 0x07, 0x10, 0x00,
	0x23, 0x38, 0xf2, 0x0c, 0xb7, 0x07, 0x03, 0x00, 0xb3, 0x87, 0xfd, 0x00, 0x1b, 0x03,
	0x07, 0x00, 0x23, 0xa0, 0x67, 0x20, 0x13, 0x57, 0x07, 0x42, 0x37, 0x26, 0x03, 0x00,
	0x23, 0xa2, 0xe7, 0x20, 0x13, 0x06, 0x86, 0x04, 0x23, 0xa4, 0xc7, 0x20, 0x23, 0xa6,
	0x07, 0x20, 0x37, 0x26, 0x00, 0x62, 0x23, 0xa0, 0xc7, 0x1e, 0x03, 0x36, 0x02, 0x4b,
	0x1b, 0x0e, 0x06, 0x00, 0x23, 0xa8, 0xc7, 0x27, 0x13, 0x56, 0x06, 0x42, 0x23, 0xaa,
	0xc7, 0x26, 0x37, 0x06, 0x00, 0x68, 0x13, 0x06, 0xc6, 0x08, 0x23, 0xa8, 0xc7, 0x20,
	0x83, 0xb7, 0x06, 0x03, 0xe3, 0x9e, 0x07, 0xfe, 0x93, 0x07, 0x10, 0x00, 0x23, 0x38,
	0xf2, 0x0c, 0xb7, 0x07, 0x03, 0x00, 0xb3, 0x87, 0xfd, 0x00, 0x23, 0xa0, 0x67, 0x20,
	0x23, 0xa2, 0xe7, 0x20, 0x37, 0x27, 0x03, 0x00, 0x13, 0x07, 0x87, 0x04, 0x23, 0xa4,
	0xe7, 0x20, 0x23, 0xa6, 0x07, 0x20, 0x37, 0x27, 0x00, 0x62, 0x23, 0xa0, 0xe7, 0x1e,
	0x03, 0x37, 0x02, 0x4b, 0x9b, 0x06, 0x07, 0x00, 0x23, 0xa8, 0xd7, 0x26, 0x13, 0x57,
	0x07, 0x42, 0x23, 0xaa, 0xe7, 0x26, 0x37, 0x07, 0x00, 0x68, 0x13, 0x07, 0x47, 0x00,
	0x13, 0x0e, 0x30, 0x00, 0x37, 0xc3, 0xad, 0xde, 0x23, 0xa8, 0xe7, 0x20, 0x13, 0x1e,
	0x0e, 0x03, 0x93, 0x06, 0xd0, 0x01, 0x13, 0x03, 0xf3, 0xee, 0x03, 0x26, 0x8e, 0x11,
	0x1b, 0x06, 0x06, 0x00, 0x73, 0x27, 0x00, 0xb0, 0x13, 0x00, 0x00, 0x00, 0xf3, 0x27,
	0x00, 0xb0, 0xb3, 0x87, 0xe7, 0x40, 0xe3, 0xfa, 0xf6, 0xfe, 0xe3, 0x02, 0x66, 0xfe,
	0x93, 0x07, 0x00, 0x00, 0x23, 0x38, 0xf2, 0x0c, 0xb7, 0xd7, 0x00, 0x00, 0xb3, 0x07,
	0xf8, 0x00, 0x37, 0x27, 0x00, 0x00, 0x23, 0xa6, 0xe7, 0x8a, 0x93, 0x06, 0x30, 0x00,
	0x83, 0xa7, 0xc7, 0x8a, 0x93, 0x96, 0x06, 0x03, 0x83, 0xa7, 0x86, 0x01, 0x37, 0xc7,
	0x00, 0x00, 0x33, 0x87, 0xe5, 0x00, 0x9b, 0x87, 0x07, 0x00, 0x23, 0x22, 0xf7, 0x38,
	0x83, 0xa7, 0x06, 0x03, 0x9b, 0x87, 0x07, 0x00, 0x23, 0x28, 0xf7, 0x38, 0x83, 0xa7,
	0x86, 0x03, 0x9b, 0x87, 0x07, 0x00, 0x23, 0x2a, 0xf7, 0x38, 0x83, 0xa7, 0x06, 0x04,
	0x9b, 0x87, 0x07, 0x00, 0x23, 0x2c, 0xf7, 0x38, 0x83, 0xa7, 0x86, 0x04, 0x9b, 0x87,
	0x07, 0x00, 0x23, 0x2e, 0xf7, 0x38, 0x83, 0xa7, 0x86, 0x05, 0x9b, 0x87, 0x07, 0x00,
	0x23, 0x22, 0xf7, 0x3a, 0x83, 0xa7, 0x06, 0x06, 0x9b, 0x87, 0x07, 0x00, 0x23, 0x24,
	0xf7, 0x3a, 0x83, 0xa7, 0x86, 0x07, 0x9b, 0x87, 0x07, 0x00, 0x23, 0x2a, 0xf7, 0x3a,
	0x83, 0xa7, 0x06, 0x08, 0x9b, 0x87, 0x07, 0x00, 0x23, 0x2c, 0xf7, 0x3a, 0x83, 0xa7,
	0x86, 0x08, 0x9b, 0xd7, 0x67, 0x00, 0x93, 0xf7, 0x17, 0x00, 0x63, 0x82, 0x07, 0x06,
	0x93, 0xd7, 0x05, 0x02, 0x93, 0xf7, 0x07, 0x7f, 0x37, 0x26, 0x03, 0x00, 0x33, 0x86,
	0xcd, 0x00, 0x9b, 0xd6, 0x67, 0x00, 0x03, 0x27, 0xc6, 0x14, 0x93, 0xf6, 0x36, 0x00,
	0x9b, 0xd7, 0x87, 0x00, 0xb3, 0xe7, 0xf6, 0x00, 0x93, 0x06, 0x10, 0x00, 0xbb, 0x97,
	0xf6, 0x00, 0x33, 0x67, 0xf7, 0x00, 0x1b, 0x07, 0x07, 0x00, 0x23, 0x26, 0xe6, 0x14,
	0x93, 0x06, 0x10, 0x00, 0x23, 0x28, 0xd2, 0x46, 0x83, 0x66, 0x82, 0x02, 0x63, 0x82,
	0x06, 0x00, 0xb7, 0xf6, 0x03, 0x00, 0xb3, 0x86, 0xd5, 0x00, 0x23, 0xac, 0xe6, 0x04,
	0x23, 0x38, 0x02, 0x46, 0x83, 0x67, 0x82, 0x02, 0x63, 0x82, 0x07, 0x00, 0xb7, 0x37,
	0x03, 0x00, 0xb3, 0x87, 0xfd, 0x00, 0x83, 0xa7, 0x07, 0x80, 0x93, 0x06, 0x02, 0x00,
	0x13, 0x06, 0x10, 0x00, 0x9b, 0x87, 0x07, 0x00, 0x23, 0x28, 0xc2, 0x46, 0x03, 0x67,
	0x82, 0x02, 0x63, 0x02, 0x07, 0x00, 0x13, 0x07, 0x30, 0x00, 0x13, 0x17, 0x07, 0x03,
	0x03, 0x23, 0x87, 0x08, 0x9b, 0x97, 0x77, 0x00, 0x93, 0xf7, 0xf7, 0x0f, 0x37, 0xce,
	0x00, 0x00, 0xb3, 0xe7, 0x67, 0x00, 0x33, 0x8e, 0xc5, 0x01, 0x23, 0x2e, 0xfe, 0x3a,
	0x23, 0x38, 0x02, 0x46, 0x83, 0x67, 0x82, 0x02, 0x63, 0x82, 0x07, 0x00, 0x83, 0x27,
	0x07, 0x0a, 0x13, 0x03, 0x00, 0x00, 0x9b, 0x87, 0x07, 0x00, 0x23, 0x20, 0xfe, 0x3c,
	0x83, 0x27, 0x07, 0x0e, 0x9b, 0x87, 0x07, 0x00, 0x23, 0x28, 0xfe, 0x3c, 0x83, 0x27,
	0x87, 0x0e, 0x9b, 0x87, 0x07, 0x00, 0x23, 0x2a, 0xfe, 0x3c, 0x83, 0x27, 0x07, 0x10,
	0x9b, 0x87, 0x07, 0x00, 0x23, 0x20, 0xfe, 0x3e, 0x83, 0x27, 0x87, 0x10, 0x9b, 0x87,
	0x07, 0x00, 0x23, 0x22, 0xfe, 0x3e, 0x83, 0x27, 0x07, 0x11, 0x9b, 0x87, 0x07, 0x00,
	0x23, 0x24, 0xfe, 0x3e, 0x03, 0x27, 0x87, 0x01, 0x23, 0x2a, 0x1e, 0x3b, 0x1b, 0x07,
	0x07, 0x00, 0x23, 0x30, 0x62, 0x12, 0x23, 0x3c, 0x62, 0x0c, 0x83, 0x68, 0x82, 0x30,
	0xb7, 0x07, 0xf0, 0x00, 0x1b, 0x17, 0x47, 0x01, 0x33, 0x77, 0xf7, 0x00, 0xb7, 0x47,
	0x00, 0x00, 0x33, 0x67, 0xf7, 0x00, 0x13, 0x17, 0x07, 0x02, 0x13, 0x57, 0x07, 0x02,
	0x23, 0x2c, 0xe2, 0x08, 0x83, 0x67, 0x82, 0x02, 0x63, 0x82, 0x07, 0x00, 0x03, 0x67,
	0x05, 0x00, 0x83, 0x67, 0x45, 0x00, 0x93, 0x97, 0x07, 0x02, 0xb3, 0xe7, 0xe7, 0x00,
	0x23, 0x2c, 0x12, 0x09, 0x03, 0x67, 0x82, 0x02, 0x63, 0x02, 0x07, 0x00, 0x1b, 0x87,
	0x07, 0x00, 0x23, 0x22, 0xee, 0x3c, 0x93, 0xd7, 0x07, 0x42, 0x23, 0x24, 0xfe, 0x3c,
	0xb7, 0xd7, 0x00, 0x00, 0xb3, 0x07, 0xf8, 0x00, 0x37, 0x37, 0x00, 0x00, 0x23, 0xa6,
	0xe7, 0x8a, 0x83, 0xa7, 0xc7, 0x8a, 0x83, 0x27, 0x8e, 0x3e, 0x9b, 0xd7, 0x87, 0x01,
	0x93, 0xf7, 0x37, 0x00, 0x23, 0x30, 0xf2, 0x12, 0x93, 0x97, 0x77, 0x00, 0x23, 0x3c,
	0xf2, 0x0c, 0x83, 0x27, 0xce, 0x37, 0x03, 0x27, 0x8e, 0x37, 0x9b, 0x87, 0x07, 0x00,
	0x1b, 0x07, 0x07, 0x00, 0x23, 0x30, 0x62, 0x12, 0x13, 0x17, 0x07, 0x02, 0x93, 0x97,
	0x07, 0x02, 0x13, 0x57, 0x07, 0x02, 0xb3, 0xe7, 0xe7, 0x00, 0x23, 0xa4, 0xc7, 0x20,
	0x83, 0xb7, 0x06, 0x09, 0xe3, 0x9e, 0x07, 0xfe, 0xb7, 0xd7, 0x00, 0x00, 0x33, 0x08,
	0xf8, 0x00, 0xb7, 0x27, 0x00, 0x00, 0x23, 0x26, 0xf8, 0x8a, 0xb7, 0xc7, 0x00, 0x00,
	0xb3, 0x85, 0xf5, 0x00, 0x83, 0x27, 0xc8, 0x8a, 0x93, 0x07, 0x10, 0x00, 0x23, 0xa0,
	0xf5, 0x38, 0x6f, 0xe0, 0x0f, 0xaa, 0x93, 0x07, 0x00, 0x00, 0x03, 0x67, 0xc4, 0x16,
	0x13, 0x17, 0x27, 0x00, 0x33, 0x87, 0xed, 0x00, 0x23, 0x20, 0xc7, 0x00, 0x63, 0x0a,
	0x05, 0xd4, 0x03, 0x27, 0xc4, 0x16, 0x93, 0xd7, 0x07, 0x42, 0x1b, 0x07, 0x17, 0x00,
	0x13, 0x16, 0x07, 0x02, 0x13, 0x57, 0xe6, 0x01, 0x33, 0x87, 0xed, 0x00, 0x23, 0x20,
	0xf7, 0x00, 0x6f, 0xf0, 0x4f, 0xd3, 0x63, 0x00, 0x05, 0xd2, 0x03, 0x67, 0xc4, 0x16,
	0x1b, 0x86, 0x07, 0x00, 0x13, 0x17, 0x27, 0x00, 0x33, 0x87, 0xed, 0x00, 0x23, 0x20,
	0xc7, 0x00, 0x6f, 0xf0, 0x9f, 0xfc, 0x9b, 0x05, 0xe8, 0xff, 0x93, 0x87, 0x05, 0x00,
	0x23, 0x20, 0xb4, 0x10, 0x13, 0xf7, 0xf4, 0x0f, 0x63, 0x94, 0xf5, 0x01, 0x6f, 0x20,
	0x00, 0x33, 0x13, 0x06, 0x80, 0x05, 0x3b, 0x06, 0xe6, 0x02, 0x37, 0x15, 0x00, 0x00,
	0x1b, 0x0f, 0x05, 0x2e, 0x9b, 0x97, 0x37, 0x00, 0x3b, 0x8e, 0xe7, 0x00, 0x9b, 0x0e,
	0x25, 0x2f, 0x9b, 0x08, 0x65, 0x31, 0x1b, 0x08, 0xb5, 0x30, 0x13, 0x03, 0x70, 0x0c,
	0x3b, 0x06, 0xb6, 0x00, 0xbb, 0x05, 0xe6, 0x01, 0x93, 0x97, 0x05, 0x02, 0x93, 0xd5,
	0xe7, 0x01, 0x33, 0x87, 0xbd, 0x00, 0x83, 0x27, 0x07, 0x00, 0x3b, 0x05, 0xd6, 0x01,
	0x93, 0x1e, 0x05, 0x02, 0x13, 0xd5, 0xee, 0x01, 0x93, 0xf7, 0xe7, 0xff, 0x23, 0x20,
	0xf7, 0x00, 0x3b, 0x08, 0x06, 0x01, 0xb3, 0x87, 0xad, 0x00, 0x23, 0xa0, 0x07, 0x00,
	0x13, 0x17, 0x08, 0x02, 0x83, 0x2e, 0x44, 0x12, 0x93, 0x57, 0xe7, 0x01, 0x3b, 0x07,
	0x16, 0x01, 0x93, 0x18, 0x07, 0x02, 0xb3, 0x87, 0xfd, 0x00, 0x13, 0xd7, 0xe8, 0x01,
	0x23, 0xa0, 0xd7, 0x01, 0xb3, 0x86, 0xed, 0x00, 0x83, 0xa7, 0x06, 0x00, 0x93, 0xe7,
	0x17, 0x00, 0x23, 0xa0, 0xf6, 0x00, 0x73, 0x27, 0x00, 0xb0, 0x13, 0x00, 0x00, 0x00,
	0xf3, 0x27, 0x00, 0xb0, 0xb3, 0x87, 0xe7, 0x40, 0xe3, 0x7a, 0xf3, 0xfe, 0x03, 0xa7,
	0x06, 0x00, 0x13, 0x77, 0x17, 0x00, 0xe3, 0x12, 0x07, 0xfe, 0x83, 0x36, 0x84, 0x12,
	0x93, 0x18, 0x0e, 0x02, 0x93, 0xd7, 0xd8, 0x01, 0xb3, 0x07, 0xf4, 0x00, 0x23, 0xb8,
	0xd7, 0x38, 0x03, 0x23, 0x04, 0x11, 0x83, 0x67, 0x44, 0x52, 0xb7, 0xd8, 0x00, 0x00,
	0x93, 0x97, 0x07, 0x02, 0xb3, 0x87, 0x97, 0x01, 0xb3, 0x87, 0x17, 0x01, 0xb7, 0x38,
	0x00, 0x00, 0x23, 0xa6, 0x17, 0x8b, 0x83, 0xa7, 0xc7, 0x8a, 0x63, 0x82, 0x07, 0x00,
	0x23, 0x30, 0xe2, 0x12, 0x23, 0x3c, 0xe2, 0x0c, 0x13, 0x84, 0x81, 0x82, 0x93, 0x07,
	0x04, 0x00, 0x93, 0x88, 0xc1, 0x8d, 0x33, 0x87, 0x86, 0x40, 0xb3, 0x86, 0xe7, 0x00,
	0x83, 0xa6, 0x06, 0x00, 0x93, 0x87, 0x47, 0x00, 0x23, 0xae, 0xd7, 0xfe, 0xe3, 0x98,
	0x17, 0xff, 0x13, 0x07, 0x02, 0x00, 0x83, 0x37, 0x07, 0x09, 0xe3, 0x9e, 0x07, 0xfe,
	0x03, 0x27, 0x04, 0x00, 0xb7, 0x06, 0x00, 0xf1, 0x93, 0x86, 0xf6, 0xff, 0x33, 0x77,
	0xd7, 0x00, 0x9b, 0x17, 0x83, 0x01, 0xbb, 0x87, 0xe7, 0x00, 0x33, 0x87, 0xbd, 0x00,
	0x23, 0x20, 0xf7, 0x00, 0xb7, 0x17, 0x00, 0x00, 0x9b, 0x87, 0x17, 0x2e, 0x13, 0x8e,
	0x0d, 0x00, 0xbb, 0x07, 0xf6, 0x00, 0x93, 0x8e, 0x01, 0x84, 0x13, 0x07, 0x04, 0x00,
	0x03, 0x23, 0x47, 0x00, 0x13, 0x9f, 0x07, 0x02, 0x93, 0x56, 0xef, 0x01, 0xb3, 0x06,
	0xde, 0x00, 0x23, 0xa0, 0x66, 0x00, 0x13, 0x07, 0x47, 0x00, 0x9b, 0x87, 0x17, 0x00,
	0xe3, 0x92, 0xee, 0xfe, 0x37, 0x17, 0x00, 0x00, 0x1b, 0x07, 0x87, 0x2e, 0x3b, 0x07,
	0xe6, 0x00, 0x93, 0x87, 0x41, 0x84, 0x93, 0x8e, 0x01, 0x87, 0x13, 0x8e, 0x0d, 0x00,
	0x03, 0xa3, 0x07, 0x00, 0x13, 0x1f, 0x07, 0x02, 0x93, 0x56, 0xef, 0x01, 0xb3, 0x06,
	0xde, 0x00, 0x23, 0xa0, 0x66, 0x00, 0x93, 0x87, 0x47, 0x00, 0x1b, 0x07, 0x17, 0x00,
	0xe3, 0x92, 0xfe, 0xfe, 0xb7, 0x17, 0x00, 0x00, 0x9b, 0x87, 0x97, 0x30, 0xbb, 0x07,
	0xf6, 0x00, 0x03, 0x27, 0x84, 0x04, 0x93, 0x96, 0x07, 0x02, 0x93, 0xd7, 0xe6, 0x01,
	0xb3, 0x87, 0xfd, 0x00, 0x23, 0xa0, 0xe7, 0x00, 0x13, 0x8e, 0x0d, 0x00, 0x93, 0x87,
	0x41, 0x87, 0x13, 0x83, 0x41, 0x8a, 0x83, 0xa6, 0x07, 0x00, 0x93, 0x1e, 0x08, 0x02,
	0x13, 0xd7, 0xee, 0x01, 0x33, 0x07, 0xee, 0x00, 0x23, 0x20, 0xd7, 0x00, 0x93, 0x87,
	0x47, 0x00, 0x1b, 0x08, 0x18, 0x00, 0xe3, 0x12, 0xf3, 0xfe, 0xb7, 0x16, 0x00, 0x00,
	0x9b, 0x86, 0x06, 0x32, 0xbb, 0x06, 0xd6, 0x00, 0x93, 0x87, 0x41, 0x8a, 0x13, 0x83,
	0x0d, 0x00, 0x03, 0xa8, 0x07, 0x00, 0x13, 0x9e, 0x06, 0x02, 0x13, 0x57, 0xee, 0x01,
	0x33, 0x07, 0xe3, 0x00, 0x23, 0x20, 0x07, 0x01, 0x93, 0x87, 0x47, 0x00, 0x9b, 0x86,
	0x16, 0x00, 0xe3, 0x92, 0xf8, 0xfe, 0x83, 0x67, 0x44, 0x52, 0xb7, 0xd8, 0x00, 0x00,
	0x37, 0x27, 0x00, 0x00, 0x93, 0x97, 0x07, 0x02, 0xb3, 0x87, 0x97, 0x01, 0xb3, 0x87,
	0x17, 0x01, 0x23, 0xa6, 0xe7, 0x8a, 0x83, 0xa7, 0xc7, 0x8a, 0x63, 0x82, 0x07, 0x00,
	0xb7, 0x17, 0x00, 0x00, 0x9b, 0x86, 0x37, 0x31, 0x03, 0x38, 0x04, 0x13, 0xbb, 0x06,
	0xd6, 0x00, 0x9b, 0x87, 0x27, 0x31, 0xbb, 0x07, 0xf6, 0x00, 0x13, 0x97, 0x06, 0x02,
	0x93, 0x56, 0xe7, 0x01, 0x13, 0x93, 0x07, 0x02, 0x1b, 0x07, 0x08, 0x00, 0xb3, 0x86,
	0xdd, 0x00, 0x93, 0x57, 0xe3, 0x01, 0x23, 0xa0, 0xe6, 0x00, 0xb3, 0x87, 0xfd, 0x00,
	0x13, 0x57, 0x08, 0x42, 0x23, 0xa0, 0xe7, 0x00, 0xb3, 0x87, 0xad, 0x00, 0x37, 0x07,
	0x00, 0x10, 0x23, 0xa0, 0xe7, 0x00, 0x83, 0x67, 0x44, 0x52, 0x13, 0x05, 0x02, 0x00,
	0x13, 0x07, 0x00, 0x00, 0x93, 0x97, 0x07, 0x02, 0xb3, 0x87, 0x97, 0x01, 0xb3, 0x87,
	0x17, 0x01, 0x83, 0xa7, 0x87, 0x86, 0x23, 0x30, 0xe2, 0x12, 0x23, 0x3c, 0xe2, 0x0c,
	0x83, 0x37, 0x82, 0x02, 0x03, 0x27, 0x04, 0x11, 0xb7, 0x06, 0xf0, 0x00, 0x93, 0xd7,
	0x67, 0x02, 0x1b, 0x17, 0x47, 0x01, 0x33, 0x77, 0xd7, 0x00, 0xb7, 0x46, 0x00, 0x00,
	0x33, 0x67, 0xd7, 0x00, 0x13, 0x17, 0x07, 0x02, 0x13, 0x57, 0x07, 0x02, 0x23, 0x2c,
	0xe2, 0x08, 0x03, 0x67, 0x82, 0x02, 0x63, 0x02, 0x07, 0x00, 0x03, 0x67, 0x82, 0x02,
	0x63, 0x02, 0x07, 0x00, 0x83, 0x66, 0x08, 0x00, 0x03, 0x67, 0x48, 0x00, 0x13, 0x17,
	0x07, 0x02, 0x33, 0x67, 0xd7, 0x00, 0x83, 0x36, 0x05, 0x09, 0xe3, 0x9e, 0x06, 0xfe,
	0xb7, 0x06, 0xf0, 0x00, 0x9b, 0x97, 0x47, 0x01, 0xb3, 0xf7, 0xd7, 0x00, 0x93, 0xe7,
	0x87, 0x00, 0x93, 0x97, 0x07, 0x02, 0x93, 0xd7, 0x07, 0x02, 0x23, 0x2c, 0xf2, 0x08,
	0x83, 0x67, 0x82, 0x02, 0x63, 0x82, 0x07, 0x00, 0x83, 0x66, 0x82, 0x02, 0x63, 0x82,
	0x06, 0x00, 0xb7, 0x17, 0x00, 0x00, 0x9b, 0x86, 0x57, 0x2e, 0xbb, 0x06, 0xd6, 0x00,
	0x13, 0x95, 0x06, 0x02, 0x9b, 0x87, 0x67, 0x2e, 0xbb, 0x07, 0xf6, 0x00, 0x93, 0x56,
	0xe5, 0x01, 0x1b, 0x06, 0x07, 0x00, 0xb3, 0x86, 0xdd, 0x00, 0x13, 0x95, 0x07, 0x02,
	0x93, 0x57, 0xe5, 0x01, 0x23, 0xa0, 0xc6, 0x00, 0x13, 0x57, 0x07, 0x42, 0xb3, 0x87,
	0xfd, 0x00, 0x23, 0xa0, 0xe7, 0x00, 0xb3, 0x87, 0xbd, 0x00, 0x03, 0xa7, 0x07, 0x00,
	0x13, 0x67, 0x17, 0x00, 0x23, 0xa0, 0xe7, 0x00, 0x83, 0x67, 0x04, 0x10, 0x93, 0x87,
	0x87, 0x04, 0x93, 0x97, 0x27, 0x00, 0xb3, 0x07, 0xf4, 0x00, 0x03, 0xa7, 0x07, 0x37,
	0x1b, 0x07, 0xf7, 0xff, 0x23, 0xa8, 0xe7, 0x36, 0x6f, 0xd0, 0x1f, 0xe8, 0x13, 0x07,
	0x10, 0x00, 0x23, 0x20, 0xe4, 0x10, 0x6f, 0xe0, 0x8f, 0x83, 0x23, 0xa4, 0x01, 0x92,
	0x6f, 0xe0, 0x0f, 0x83, 0x93, 0x07, 0x10, 0x00, 0x23, 0x20, 0xf4, 0x10, 0x13, 0x08,
	0x10, 0x00, 0x6f, 0xe0, 0x4f, 0xf7, 0x23, 0xa4, 0x01, 0x92, 0x13, 0x08, 0x00, 0x00,
	0x6f, 0xe0, 0x8f, 0xf6, 0x1b, 0xd7, 0xd7, 0x01, 0x9b, 0xd4, 0xd7, 0x01, 0x63, 0x14,
	0x07, 0x00, 0x6f, 0xd0, 0x1f, 0xe4, 0x9b, 0x84, 0xf4, 0xff, 0x93, 0x97, 0x04, 0x02,
	0x37, 0x0a, 0x00, 0x10, 0x13, 0x89, 0x81, 0x92, 0x93, 0xd4, 0xe7, 0x01, 0x93, 0x09,
	0xfa, 0xff, 0xb3, 0x84, 0x24, 0x01, 0x13, 0x0a, 0xca, 0xff, 0x83, 0x28, 0x49, 0x06,
	0x23, 0x22, 0x14, 0x13, 0x83, 0x36, 0x02, 0x07, 0x13, 0x95, 0x06, 0x02, 0xb3, 0x87,
	0xac, 0x00, 0x37, 0xd6, 0x00, 0x00, 0xb3, 0x87, 0xc7, 0x00, 0x03, 0xa7, 0x47, 0x82,
	0x83, 0xa7, 0x87, 0x82, 0x23, 0x22, 0xd4, 0x52, 0x13, 0x17, 0x07, 0x02, 0x13, 0x57,
	0x07, 0x02, 0x93, 0x97, 0x07, 0x02, 0xb3, 0xe7, 0xe7, 0x00, 0x23, 0x34, 0xf4, 0x52,
	0x83, 0x2a, 0x04, 0x10, 0x63, 0x86, 0x05, 0x2e, 0x93, 0x07, 0x10, 0x00, 0x93, 0x06,
	0x00, 0x00, 0x63, 0x94, 0xfa, 0x00, 0x93, 0x06, 0x00, 0x60, 0xb7, 0x1f, 0x00, 0x00,
	0x13, 0x06, 0x00, 0x00, 0x9b, 0x8e, 0x0f, 0x2e, 0x13, 0x88, 0x0d, 0x00, 0x1b, 0x8f,
	0xbf, 0x30, 0x13, 0x0e, 0x80, 0x00, 0x3b, 0x87, 0xd6, 0x01, 0x93, 0x17, 0x07, 0x02,
	0x13, 0xd5, 0xe7, 0x01, 0xb3, 0x07, 0xa8, 0x00, 0x83, 0xa7, 0x07, 0x00, 0x93, 0xf7,
	0x17, 0x00, 0x63, 0x80, 0x07, 0x02, 0xbb, 0x85, 0xe6, 0x01, 0x93, 0x97, 0x05, 0x02,
	0x13, 0xd3, 0xe7, 0x01, 0xb3, 0x07, 0x68, 0x00, 0x83, 0xa7, 0x07, 0x00, 0xb3, 0xf7,
	0x37, 0x01, 0x63, 0x84, 0xf8, 0x36, 0x1b, 0x06, 0x16, 0x00, 0x9b, 0x86, 0x86, 0x05,
	0xe3, 0x10, 0xc6, 0xfd, 0x63, 0x94, 0x24, 0x01, 0x6f, 0xd0, 0x9f, 0xd6, 0x83, 0x25,
	0x44, 0x15, 0x13, 0x09, 0x49, 0x00, 0x6f, 0xf0, 0x1f, 0xf4, 0x13, 0x05, 0x00, 0x00,
	0x13, 0x8e, 0x0c, 0x00, 0xb7, 0xd5, 0x00, 0x00, 0xb7, 0x0e, 0x00, 0x40, 0x93, 0x0f,
	0xc7, 0xff, 0x13, 0x03, 0x00, 0x40, 0x13, 0x0f, 0x00, 0x10, 0x13, 0x07, 0x00, 0x00,
	0x33, 0x68, 0xe5, 0x00, 0x13, 0x68, 0x08, 0x01, 0x93, 0x18, 0x08, 0x02, 0xb3, 0x87,
	0xc8, 0x01, 0xb3, 0x87, 0xb7, 0x00, 0x83, 0xa6, 0xc7, 0x82, 0x93, 0xf6, 0x16, 0x00,
	0x63, 0x82, 0x06, 0x02, 0x83, 0xa7, 0x07, 0x86, 0xb3, 0xf6, 0xd7, 0x01, 0x9b, 0x86,
	0x06, 0x00, 0x9b, 0x87, 0x07, 0x00, 0x63, 0x88, 0x06, 0x00, 0xb3, 0xf7, 0xf7, 0x01,
	0x63, 0x14, 0xf6, 0x00, 0x6f, 0x10, 0x10, 0x07, 0x1b, 0x07, 0x07, 0x10, 0xe3, 0x1e,
	0x67, 0xfa, 0x1b, 0x05, 0x05, 0x04, 0xe3, 0x18, 0xe5, 0xfb, 0x6f, 0xd0, 0x9f, 0xce,
	0x83, 0x27, 0xc4, 0x16, 0x23, 0xa0, 0xf6, 0x00, 0x6f, 0xf0, 0x8f, 0xc2, 0x83, 0x27,
	0xc4, 0x16, 0x23, 0xa0, 0xf6, 0x00, 0x6f, 0xf0, 0x0f, 0xa0, 0x9b, 0x87, 0x17, 0x00,
	0x13, 0x96, 0x07, 0x02, 0x93, 0x57, 0xe6, 0x01, 0x33, 0x87, 0xed, 0x00, 0xb3, 0x87,
	0xfd, 0x00, 0x83, 0xa7, 0x07, 0x00, 0x03, 0x26, 0x07, 0x00, 0x93, 0x08, 0x00, 0x00,
	0x13, 0x97, 0x07, 0x02, 0x93, 0x17, 0x06, 0x02, 0x93, 0xd7, 0x07, 0x02, 0x1b, 0x06,
	0x06, 0x00, 0xb3, 0xe7, 0xe7, 0x00, 0x13, 0x07, 0x30, 0x00, 0x63, 0x94, 0xe5, 0x00,
	0x6f, 0x10, 0x10, 0x5f, 0x13, 0x78, 0xc8, 0x00, 0xe3, 0x1e, 0x08, 0x3c, 0x63, 0x9a,
	0x05, 0xae, 0x6f, 0xf0, 0x1f, 0xa2, 0x83, 0x37, 0x82, 0x02, 0x37, 0x46, 0x00, 0x00,
	0x93, 0xd7, 0x67, 0x02, 0x23, 0x2c, 0xc2, 0x08, 0x03, 0x66, 0x82, 0x02, 0x63, 0x02,
	0x06, 0x00, 0x03, 0x66, 0x82, 0x02, 0x63, 0x02, 0x06, 0x00, 0x03, 0x67, 0x07, 0x00,
	0x1b, 0x06, 0x07, 0x00, 0x03, 0xb7, 0x08, 0x09, 0xe3, 0x1e, 0x07, 0xfe, 0x37, 0x07,
	0xf0, 0x00, 0x9b, 0x97, 0x47, 0x01, 0xb3, 0xf7, 0xe7, 0x00, 0x93, 0xe7, 0x87, 0x00,
	0x93, 0x97, 0x07, 0x02, 0x93, 0xd7, 0x07, 0x02, 0x23, 0x2c, 0xf2, 0x08, 0x83, 0x67,
	0x82, 0x02, 0x63, 0x82, 0x07, 0x00, 0x03, 0x67, 0x82, 0x02, 0x63, 0x02, 0x07, 0x00,
	0x6f, 0xe0, 0x1f, 0xec, 0x83, 0x27, 0x44, 0x16, 0x13, 0x96, 0x07, 0x02, 0x13, 0x57,
	0xe6, 0x01, 0x63, 0x14, 0x05, 0x00, 0x6f, 0x10, 0x10, 0x51, 0x9b, 0x87, 0x17, 0x00,
	0x13, 0x96, 0x07, 0x02, 0x93, 0x57, 0xe6, 0x01, 0xb3, 0x87, 0xfd, 0x00, 0x33, 0x87,
	0xed, 0x00, 0x83, 0xa8, 0x07, 0x00, 0x03, 0x26, 0x07, 0x00, 0x13, 0x97, 0x08, 0x02,
	0x93, 0x17, 0x06, 0x02, 0x93, 0xd7, 0x07, 0x02, 0x9b, 0x88, 0x08, 0x00, 0x1b, 0x06,
	0x06, 0x00, 0xb3, 0xe7, 0xe7, 0x00, 0x63, 0x94, 0x65, 0x00, 0x6f, 0x10, 0x10, 0x53,
	0x13, 0x78, 0xc8, 0x00, 0xe3, 0x1e, 0x08, 0x30, 0xe3, 0x82, 0x05, 0x96, 0x93, 0x07,
	0x20, 0x00, 0x63, 0x84, 0xf5, 0x00, 0x6f, 0xd0, 0x9f, 0xbb, 0x83, 0x67, 0x04, 0x17,
	0x03, 0x67, 0xc4, 0x16, 0x93, 0x97, 0x07, 0x02, 0xb3, 0xe7, 0xe7, 0x00, 0x23, 0xa0,
	0xc7, 0x00, 0x23, 0xa2, 0x17, 0x01, 0x6f, 0xf0, 0x4f, 0xa3, 0xb3, 0x87, 0x6f, 0x00,
	0xb3, 0x87, 0xe7, 0x01, 0x23, 0xa2, 0x07, 0x88, 0x03, 0xa7, 0xc7, 0x87, 0x03, 0x35,
	0x01, 0x00, 0x33, 0x77, 0xa7, 0x00, 0x23, 0xae, 0xe7, 0x86, 0x03, 0xa7, 0xc7, 0x82,
	0x13, 0x77, 0x17, 0x00, 0x63, 0x14, 0x07, 0x00, 0x6f, 0xd0, 0x1f, 0xf3, 0x03, 0xa5,
	0x07, 0x86, 0x03, 0xa8, 0x47, 0x82, 0x83, 0xa8, 0x87, 0x82, 0x03, 0xa7, 0xc7, 0x8a,
	0x83, 0x37, 0x81, 0x00, 0x1b, 0x08, 0x08, 0x00, 0x1b, 0x57, 0x87, 0x01, 0x33, 0x75,
	0xf5, 0x00, 0xb7, 0x07, 0x00, 0x80, 0x33, 0x65, 0xf5, 0x00, 0x1b, 0x05, 0x05, 0x00,
	0x9b, 0x87, 0x08, 0x00, 0x13, 0x77, 0x37, 0x00, 0x23, 0x30, 0xe6, 0x12, 0x13, 0x17,
	0x77, 0x00, 0x23, 0x3c, 0xe6, 0x0c, 0x23, 0x30, 0x96, 0x12, 0x13, 0x18, 0x08, 0x02,
	0x93, 0x97, 0x07, 0x02, 0x13, 0x58, 0x08, 0x02, 0xb3, 0xe7, 0x07, 0x01, 0x23, 0xa0,
	0xa7, 0x3c, 0x6f, 0xd0, 0x5f, 0xed, 0x9b, 0x8b, 0x4b, 0x00, 0x93, 0x07, 0x00, 0x01,
	0x13, 0x0c, 0x0c, 0x07, 0x63, 0x94, 0xfb, 0x00, 0x6f, 0xd0, 0x1f, 0xb0, 0x03, 0x37,
	0x84, 0x52, 0x83, 0x27, 0x44, 0x52, 0x6f, 0xd0, 0xdf, 0xde, 0x13, 0x07, 0x30, 0x00,
	0x63, 0x64, 0x57, 0x09, 0x13, 0x07, 0x10, 0x00, 0xe3, 0x66, 0x57, 0x69, 0xe3, 0x82,
	0x0a, 0x46, 0x13, 0x0e, 0x00, 0x00, 0x93, 0x82, 0x0c, 0x00, 0x37, 0xdf, 0x00, 0x00,
	0xb7, 0x03, 0x00, 0x40, 0x93, 0x0f, 0x40, 0x00, 0x13, 0x03, 0x00, 0x00, 0x9b, 0x1e,
	0x6e, 0x00, 0x1b, 0x16, 0x83, 0x00, 0x33, 0xe6, 0xce, 0x00, 0x1b, 0x06, 0x06, 0x00,
	0x13, 0x68, 0x06, 0x01, 0x93, 0x15, 0x08, 0x02, 0x33, 0x87, 0x55, 0x00, 0x33, 0x07,
	0xe7, 0x01, 0x83, 0x26, 0xc7, 0x82, 0x93, 0xf6, 0x16, 0x00, 0x63, 0x82, 0x06, 0x02,
	0x03, 0x27, 0x07, 0x86, 0xb3, 0x76, 0x77, 0x00, 0x9b, 0x86, 0x06, 0x00, 0x1b, 0x07,
	0x07, 0x00, 0x63, 0x88, 0x06, 0x00, 0x33, 0x77, 0x47, 0x01, 0x63, 0x94, 0xe8, 0x00,
	0x6f, 0x10, 0xc0, 0x02, 0x1b, 0x03, 0x13, 0x00, 0xe3, 0x1a, 0xf3, 0xfb, 0x1b, 0x0e,
	0x1e, 0x00, 0xe3, 0x12, 0xfe, 0xfb, 0x6f, 0xf0, 0xdf, 0xcf, 0x93, 0x07, 0x40, 0x00,
	0xe3, 0x9a, 0xfa, 0xce, 0x13, 0x17, 0x47, 0x02, 0xb3, 0x87, 0xec, 0x00, 0xb3, 0x87,
	0xc7, 0x00, 0x83, 0xa7, 0xc7, 0x82, 0xe3, 0x80, 0x07, 0xce, 0x33, 0x87, 0xec, 0x00,
	0x33, 0x06, 0xc7, 0x00, 0x93, 0x07, 0x10, 0x00, 0x23, 0x22, 0xf6, 0x88, 0x93, 0x06,
	0x70, 0x0c, 0x73, 0x27, 0x00, 0xb0, 0x13, 0x00, 0x00, 0x00, 0xf3, 0x27, 0x00, 0xb0,
	0xb3, 0x87, 0xe7, 0x40, 0xe3, 0xfa, 0xf6, 0xfe, 0x83, 0x27, 0xc6, 0x82, 0xe3, 0x94,
	0x07, 0xfe, 0x6f, 0xf0, 0xdf, 0xca, 0x9b, 0x87, 0x2f, 0x2f, 0xbb, 0x87, 0xf6, 0x00,
	0x13, 0x98, 0x07, 0x02, 0x93, 0x57, 0xe8, 0x01, 0x33, 0x88, 0xfd, 0x00, 0x03, 0x28,
	0x08, 0x00, 0xe3, 0x08, 0x08, 0xc8, 0xb3, 0x8e, 0xad, 0x00, 0x83, 0xa8, 0x0e, 0x00,
	0x1b, 0x88, 0x6f, 0x31, 0x3b, 0x88, 0x06, 0x01, 0x93, 0xf8, 0xe8, 0xff, 0x23, 0xa0,
	0x1e, 0x01, 0x93, 0x18, 0x08, 0x02, 0xb3, 0x87, 0xfd, 0x00, 0x13, 0xd8, 0xe8, 0x01,
	0x23, 0xa0, 0x07, 0x00, 0x33, 0x8e, 0x0d, 0x01, 0x83, 0x27, 0x0e, 0x00, 0x93, 0x08,
	0x70, 0x0c, 0x93, 0xe7, 0x17, 0x00, 0x23, 0x20, 0xfe, 0x00, 0x73, 0x28, 0x00, 0xb0,
	0x13, 0x00, 0x00, 0x00, 0xf3, 0x27, 0x00, 0xb0, 0xb3, 0x87, 0x07, 0x41, 0xe3, 0xfa,
	0xf8, 0xfe, 0x83, 0x27, 0x0e, 0x00, 0x93, 0xf7, 0x17, 0x00, 0xe3, 0x92, 0x07, 0xfe,
	0x03, 0x68, 0x44, 0x52, 0xb7, 0xd8, 0x00, 0x00, 0x13, 0x18, 0x08, 0x02, 0x33, 0x08,
	0x98, 0x01, 0x33, 0x08, 0x18, 0x01, 0xb7, 0x38, 0x00, 0x00, 0x23, 0x26, 0x18, 0x8b,
	0x03, 0x28, 0xc8, 0x8a, 0x63, 0x02, 0x08, 0x00, 0x1b, 0x98, 0x3a, 0x00, 0x3b, 0x06,
	0xc8, 0x00, 0x13, 0x18, 0x06, 0x02, 0x13, 0x56, 0xd8, 0x01, 0x33, 0x06, 0xc4, 0x00,
	0x03, 0x38, 0x06, 0x39, 0x23, 0x30, 0xf2, 0x12, 0xb7, 0x18, 0x00, 0x00, 0x9b, 0x88,
	0x78, 0x2e, 0xbb, 0x88, 0xd8, 0x00, 0x13, 0x06, 0x08, 0x00, 0x13, 0x8e, 0x0d, 0x00,
	0x93, 0x1e, 0x07, 0x02, 0x93, 0xd7, 0xee, 0x01, 0xb3, 0x07, 0xfe, 0x00, 0x83, 0xa7,
	0x07, 0x00, 0x13, 0x06, 0x46, 0x00, 0x1b, 0x07, 0x17, 0x00, 0x9b, 0x87, 0x07, 0x00,
	0x23, 0x2e, 0xf6, 0xfe, 0xe3, 0x10, 0x17, 0xff, 0x37, 0x17, 0x00, 0x00, 0x9b, 0x07,
	0x87, 0x2e, 0x9b, 0x08, 0x37, 0x2f, 0xbb, 0x87, 0xd7, 0x00, 0x13, 0x07, 0xc8, 0x01,
	0xbb, 0x88, 0xd8, 0x00, 0x13, 0x8e, 0x0d, 0x00, 0x93, 0x9e, 0x07, 0x02, 0x13, 0xd6,
	0xee, 0x01, 0x33, 0x06, 0xce, 0x00, 0x03, 0x26, 0x06, 0x00, 0x13, 0x07, 0x47, 0x00,
	0x9b, 0x87, 0x17, 0x00, 0x1b, 0x06, 0x06, 0x00, 0x23, 0x2e, 0xc7, 0xfe, 0xe3, 0x90,
	0x17, 0xff, 0xb7, 0x17, 0x00, 0x00, 0x1b, 0x87, 0x97, 0x30, 0x3b, 0x87, 0xe6, 0x00,
	0x13, 0x16, 0x07, 0x02, 0x13, 0x57, 0xe6, 0x01, 0x33, 0x87, 0xed, 0x00, 0x03, 0x26,
	0x07, 0x00, 0x9b, 0x87, 0x77, 0x31, 0x93, 0x88, 0x0d, 0x00, 0x1b, 0x06, 0x06, 0x00,
	0x23, 0x24, 0xc8, 0x04, 0x13, 0x07, 0xc8, 0x04, 0x3b, 0x86, 0xd7, 0x00, 0x13, 0x9e,
	0x05, 0x02, 0x93, 0x57, 0xee, 0x01, 0xb3, 0x87, 0xf8, 0x00, 0x83, 0xa7, 0x07, 0x00,
	0x13, 0x07, 0x47, 0x00, 0x9b, 0x85, 0x15, 0x00, 0x9b, 0x87, 0x07, 0x00, 0x23, 0x2e,
	0xf7, 0xfe, 0xe3, 0x90, 0xc5, 0xfe, 0x37, 0x17, 0x00, 0x00, 0x9b, 0x07, 0x07, 0x32,
	0x9b, 0x05, 0xe7, 0x32, 0xbb, 0x87, 0xd7, 0x00, 0x13, 0x07, 0xc8, 0x07, 0xbb, 0x85,
	0xd5, 0x00, 0x13, 0x88, 0x0d, 0x00, 0x93, 0x98, 0x07, 0x02, 0x13, 0xd6, 0xe8, 0x01,
	0x33, 0x06, 0xc8, 0x00, 0x03, 0x26, 0x06, 0x00, 0x13, 0x07, 0x47, 0x00, 0x9b, 0x87,
	0x17, 0x00, 0x1b, 0x06, 0x06, 0x00, 0x23, 0x2e, 0xc7, 0xfe, 0xe3, 0x90, 0xb7, 0xfe,
	0x13, 0x96, 0x0a, 0x02, 0x83, 0x67, 0x44, 0x52, 0x13, 0x57, 0xe6, 0x01, 0x13, 0x07,
	0x07, 0x12, 0x33, 0x07, 0xe4, 0x00, 0x03, 0x26, 0x07, 0x37, 0x93, 0x97, 0x07, 0x02,
	0xb3, 0x87, 0x97, 0x01, 0xb7, 0xd5, 0x00, 0x00, 0xb3, 0x87, 0xb7, 0x00, 0xb7, 0x25,
	0x00, 0x00, 0x1b, 0x06, 0x16, 0x00, 0x23, 0xa6, 0xb7, 0x8a, 0x23, 0x28, 0xc7, 0x36,
	0x83, 0xa7, 0xc7, 0x8a, 0x63, 0x82, 0x07, 0x00, 0xb7, 0x17, 0x00, 0x00, 0x1b, 0x87,
	0x37, 0x2e, 0x3b, 0x87, 0xe6, 0x00, 0x1b, 0x88, 0x47, 0x2e, 0x3b, 0x88, 0x06, 0x01,
	0x13, 0x16, 0x07, 0x02, 0x13, 0x57, 0xe6, 0x01, 0x93, 0x15, 0x08, 0x02, 0x1b, 0x86,
	0x57, 0x31, 0x3b, 0x86, 0xc6, 0x00, 0x33, 0x87, 0xed, 0x00, 0x13, 0xd8, 0xe5, 0x01,
	0x9b, 0x85, 0x57, 0x2e, 0x23, 0x20, 0x07, 0x00, 0x93, 0x18, 0x06, 0x02, 0xbb, 0x85,
	0xb6, 0x00, 0x33, 0x88, 0x0d, 0x01, 0x1b, 0x86, 0x67, 0x2e, 0x23, 0x20, 0x08, 0x00,
	0x3b, 0x86, 0xc6, 0x00, 0x13, 0xd7, 0xe8, 0x01, 0x13, 0x98, 0x05, 0x02, 0x33, 0x87,
	0xed, 0x00, 0x93, 0x08, 0x10, 0x00, 0x93, 0x55, 0xe8, 0x01, 0x13, 0x18, 0x06, 0x02,
	0x23, 0x20, 0x17, 0x01, 0xb3, 0x85, 0xbd, 0x00, 0x13, 0x56, 0xe8, 0x01, 0x1b, 0x88,
	0x17, 0x2e, 0x23, 0xa0, 0x05, 0x00, 0x3b, 0x88, 0x06, 0x01, 0x33, 0x86, 0xcd, 0x00,
	0x9b, 0x85, 0x37, 0x31, 0x23, 0x20, 0x06, 0x00, 0xbb, 0x85, 0xb6, 0x00, 0x13, 0x16,
	0x08, 0x02, 0x23, 0x20, 0x07, 0x00, 0x13, 0x58, 0xe6, 0x01, 0x13, 0x97, 0x05, 0x02,
	0x1b, 0x86, 0x27, 0x31, 0x93, 0x55, 0xe7, 0x01, 0x9b, 0x87, 0xa7, 0x2e, 0x3b, 0x87,
	0xc6, 0x00, 0xbb, 0x87, 0xf6, 0x00, 0x33, 0x86, 0xbd, 0x00, 0x33, 0x88, 0x0d, 0x01,
	0x93, 0x15, 0x07, 0x02, 0x23, 0x20, 0x08, 0x00, 0x13, 0xd7, 0xe5, 0x01, 0x93, 0x96,
	0x07, 0x02, 0x23, 0x20, 0x16, 0x01, 0x33, 0x87, 0xed, 0x00, 0x93, 0xd7, 0xe6, 0x01,
	0x23, 0x20, 0x07, 0x00, 0xb3, 0x87, 0xfd, 0x00, 0x23, 0xa0, 0x07, 0x00, 0x33, 0x83,
	0x6d, 0x00, 0x23, 0x20, 0x03, 0x00, 0xb3, 0x87, 0xad, 0x00, 0x23, 0xa0, 0x07, 0x00,
	0x13, 0x07, 0x02, 0x00, 0x83, 0x37, 0x07, 0x09, 0x9b, 0x87, 0x07, 0x00, 0xe3, 0x9c,
	0x07, 0xfe, 0x6f, 0xf0, 0xdf, 0x99, 0x83, 0x26, 0x44, 0x16, 0x83, 0x27, 0x04, 0x17,
	0x03, 0x36, 0x84, 0x16, 0x03, 0x27, 0x04, 0x10, 0x23, 0x22, 0xd4, 0x12, 0x23, 0x34,
	0xc4, 0x14, 0x23, 0x28, 0xf4, 0x14, 0x63, 0x04, 0x07, 0x00, 0x6f, 0xd0, 0x4f, 0xee,
	0x83, 0x25, 0x04, 0x52, 0xb7, 0xc7, 0x00, 0x00, 0x33, 0x86, 0xfc, 0x00, 0x03, 0x26,
	0x06, 0x38, 0x63, 0x00, 0x06, 0x02, 0xb3, 0x87, 0xfc, 0x00, 0x83, 0xa7, 0x47, 0x3b,
	0x37, 0x06, 0x00, 0x10, 0x13, 0x06, 0xc6, 0xff, 0xb3, 0xf7, 0xc7, 0x00, 0x63, 0x94,
	0xf6, 0x00, 0x6f, 0x20, 0x00, 0x02, 0x93, 0x07, 0x10, 0x00, 0x93, 0x97, 0x87, 0x02,
	0x33, 0x86, 0xfc, 0x00, 0x37, 0xc5, 0x00, 0x00, 0x33, 0x06, 0xa6, 0x00, 0x03, 0x26,
	0x06, 0x38, 0x63, 0x02, 0x06, 0x02, 0xb3, 0x87, 0xfc, 0x00, 0xb3, 0x87, 0xa7, 0x00,
	0x83, 0xa7, 0x47, 0x3b, 0x37, 0x06, 0x00, 0x10, 0x13, 0x06, 0xc6, 0xff, 0xb3, 0xf7,
	0xc7, 0x00, 0x63, 0x94, 0xf6, 0x00, 0x6f, 0x10, 0xd0, 0x7e, 0x93, 0x07, 0x10, 0x00,
	0x93, 0x97, 0x67, 0x02, 0x33, 0x86, 0xfc, 0x00, 0x37, 0xc5, 0x00, 0x00, 0x33, 0x06,
	0xa6, 0x00, 0x03, 0x26, 0x06, 0x38, 0x63, 0x02, 0x06, 0x02, 0xb3, 0x87, 0xfc, 0x00,
	0xb3, 0x87, 0xa7, 0x00, 0x83, 0xa7, 0x47, 0x3b, 0x37, 0x06, 0x00, 0x10, 0x13, 0x06,
	0xc6, 0xff, 0xb3, 0xf7, 0xc7, 0x00, 0x63, 0x94, 0xf6, 0x00, 0x6f, 0x10, 0x90, 0x11,
	0x93, 0x07, 0x50, 0x00, 0x93, 0x97, 0x67, 0x02, 0x33, 0x87, 0xfc, 0x00, 0x37, 0xc6,
	0x00, 0x00, 0x33, 0x07, 0xc7, 0x00, 0x03, 0x27, 0x07, 0x38, 0x63, 0x14, 0x07, 0x00,
	0x6f, 0xd0, 0xcf, 0xe1, 0xb3, 0x87, 0xfc, 0x00, 0xb3, 0x87, 0xc7, 0x00, 0x83, 0xa7,
	0x47, 0x3b, 0x37, 0x07, 0x00, 0x10, 0x13, 0x07, 0xc7, 0xff, 0xb3, 0xf7, 0xe7, 0x00,
	0x63, 0x84, 0xf6, 0x00, 0x6f, 0xd0, 0xcf, 0xdf, 0x93, 0x07, 0x10, 0x00, 0x13, 0x07,
	0x10, 0x00, 0x9b, 0x97, 0x67, 0x00, 0x1b, 0x17, 0x87, 0x00, 0x33, 0x67, 0xf7, 0x00,
	0x13, 0x15, 0x07, 0x02, 0xb3, 0x08, 0x95, 0x01, 0xb7, 0xc7, 0x00, 0x00, 0xb3, 0x88,
	0xf8, 0x00, 0x93, 0x07, 0x80, 0x01, 0x23, 0xa2, 0xf8, 0x3e, 0x83, 0xa7, 0x48, 0x3e,
	0x93, 0x95, 0x05, 0x02, 0x93, 0x07, 0x90, 0x01, 0x23, 0xa2, 0xf8, 0x3e, 0xb7, 0x97,
	0x98, 0x00, 0x93, 0x87, 0x07, 0x68, 0x93, 0xd5, 0x05, 0x02, 0xb3, 0x85, 0xf5, 0x02,
	0x1b, 0x06, 0x07, 0x00, 0x83, 0xa7, 0x48, 0x3e, 0x13, 0x03, 0x02, 0x00, 0x03, 0x3e,
	0x82, 0x0f, 0x93, 0x06, 0x70, 0x0c, 0x37, 0xc8, 0x00, 0x00, 0x73, 0x27, 0x00, 0xb0,
	0x13, 0x00, 0x00, 0x00, 0xf3, 0x27, 0x00, 0xb0, 0xb3, 0x87, 0xe7, 0x40, 0xe3, 0xfa,
	0xf6, 0xfe, 0x83, 0x37, 0x83, 0x0f, 0xb3, 0x87, 0xc7, 0x41, 0x63, 0xf4, 0xf5, 0x00,
	0x6f, 0x10, 0xc0, 0x6e, 0x83, 0xa7, 0x08, 0x3e, 0x13, 0xf7, 0x07, 0x04, 0x9b, 0x87,
	0x07, 0x00, 0xe3, 0x08, 0x07, 0xfc, 0x9b, 0xd7, 0x47, 0x00, 0x93, 0xf7, 0x37, 0x00,
	0x13, 0x07, 0x10, 0x00, 0x63, 0x94, 0xe7, 0x00, 0x6f, 0x10, 0xd0, 0x03, 0x13, 0x07,
	0x20, 0x00, 0x63, 0x94, 0xe7, 0x00, 0x6f, 0x10, 0xd0, 0x5c, 0x63, 0x94, 0x07, 0x00,
	0x6f, 0x10, 0x10, 0x4e, 0xb3, 0x07, 0x95, 0x01, 0xb3, 0x87, 0x07, 0x01, 0x23, 0xa2,
	0x07, 0x3e, 0x6f, 0xd0, 0xcf, 0xd2, 0x13, 0xf7, 0xf4, 0x0f, 0x93, 0x07, 0x10, 0x00,
	0x93, 0x0e, 0x00, 0x00, 0x63, 0x14, 0xf8, 0x00, 0x93, 0x0e, 0x00, 0x60, 0x13, 0x06,
	0x80, 0x05, 0x3b, 0x06, 0xe6, 0x02, 0xb7, 0x17, 0x00, 0x00, 0x9b, 0x85, 0x07, 0x2e,
	0x1b, 0x18, 0x38, 0x00, 0x1b, 0x85, 0x27, 0x2f, 0x3b, 0x03, 0xe8, 0x00, 0x1b, 0x8e,
	0xb7, 0x30, 0x9b, 0x87, 0x67, 0x31, 0x93, 0x06, 0x70, 0x0c, 0x3b, 0x06, 0xd6, 0x01,
	0xbb, 0x05, 0xb6, 0x00, 0x93, 0x95, 0x05, 0x02, 0x93, 0xd5, 0xe5, 0x01, 0x33, 0x88,
	0xbd, 0x00, 0x03, 0x27, 0x08, 0x00, 0x3b, 0x05, 0xa6, 0x00, 0x13, 0x15, 0x05, 0x02,
	0x13, 0x55, 0x05, 0x02, 0x13, 0x77, 0xe7, 0xff, 0x13, 0x15, 0x25, 0x00, 0x23, 0x20,
	0xe8, 0x00, 0x33, 0x87, 0xad, 0x00, 0x3b, 0x08, 0xc6, 0x01, 0x23, 0x20, 0x07, 0x00,
	0xbb, 0x07, 0xf6, 0x00, 0x13, 0x17, 0x08, 0x02, 0x03, 0x2e, 0x44, 0x12, 0x13, 0x57,
	0x07, 0x02, 0x93, 0x97, 0x07, 0x02, 0x13, 0x17, 0x27, 0x00, 0x93, 0xd7, 0x07, 0x02,
	0x93, 0x97, 0x27, 0x00, 0x33, 0x87, 0xed, 0x00, 0x23, 0x20, 0xc7, 0x01, 0xb3, 0x88,
	0xfd, 0x00, 0x83, 0xa7, 0x08, 0x00, 0x93, 0xe7, 0x17, 0x00, 0x23, 0xa0, 0xf8, 0x00,
	0x73, 0x27, 0x00, 0xb0, 0x13, 0x00, 0x00, 0x00, 0xf3, 0x27, 0x00, 0xb0, 0xb3, 0x87,
	0xe7, 0x40, 0xe3, 0xfa, 0xf6, 0xfe, 0x83, 0xa7, 0x08, 0x00, 0x93, 0xf7, 0x17, 0x00,
	0xe3, 0x92, 0x07, 0xfe, 0x93, 0x18, 0x03, 0x02, 0x83, 0x36, 0x84, 0x12, 0x13, 0xd7,
	0xd8, 0x01, 0x33, 0x07, 0xe4, 0x00, 0x23, 0x38, 0xd7, 0x38, 0x03, 0x23, 0x04, 0x11,
	0x03, 0x67, 0x44, 0x52, 0xb7, 0xd8, 0x00, 0x00, 0x13, 0x17, 0x07, 0x02, 0x33, 0x07,
	0x97, 0x01, 0x33, 0x07, 0x17, 0x01, 0xb7, 0x38, 0x00, 0x00, 0x23, 0x26, 0x17, 0x8b,
	0x03, 0x27, 0xc7, 0x8a, 0x63, 0x02, 0x07, 0x00, 0x23, 0x30, 0xf2, 0x12, 0x23, 0x3c,
	0xf2, 0x0c, 0x13, 0x84, 0x81, 0x82, 0x93, 0x07, 0x04, 0x00, 0x93, 0x88, 0xc1, 0x8d,
	0xb3, 0x86, 0x86, 0x40, 0x33, 0x87, 0xd7, 0x00, 0x03, 0x27, 0x07, 0x00, 0x93, 0x87,
	0x47, 0x00, 0x23, 0xae, 0xe7, 0xfe, 0xe3, 0x98, 0x17, 0xff, 0x13, 0x07, 0x02, 0x00,
	0x83, 0x37, 0x07, 0x09, 0xe3, 0x9e, 0x07, 0xfe, 0x03, 0x27, 0x04, 0x00, 0xb7, 0x06,
	0x00, 0xf1, 0x93, 0x86, 0xf6, 0xff, 0x33, 0x77, 0xd7, 0x00, 0x9b, 0x17, 0x83, 0x01,
	0xb7, 0x16, 0x00, 0x00, 0xbb, 0x87, 0xe7, 0x00, 0x9b, 0x86, 0x16, 0x2e, 0x33, 0x87,
	0xbd, 0x00, 0x23, 0x20, 0xf7, 0x00, 0x13, 0x8e, 0x0d, 0x00, 0xbb, 0x06, 0xd6, 0x00,
	0x93, 0x8e, 0x01, 0x84, 0x93, 0x07, 0x04, 0x00, 0x03, 0xa3, 0x47, 0x00, 0x13, 0x9f,
	0x06, 0x02, 0x13, 0x57, 0xef, 0x01, 0x33, 0x07, 0xee, 0x00, 0x23, 0x20, 0x67, 0x00,
	0x93, 0x87, 0x47, 0x00, 0x9b, 0x86, 0x16, 0x00, 0xe3, 0x92, 0xfe, 0xfe, 0xb7, 0x16,
	0x00, 0x00, 0x9b, 0x86, 0x86, 0x2e, 0xbb, 0x06, 0xd6, 0x00, 0x93, 0x87, 0x41, 0x84,
	0x93, 0x8e, 0x01, 0x87, 0x13, 0x8e, 0x0d, 0x00, 0x03, 0xa3, 0x07, 0x00, 0x13, 0x9f,
	0x06, 0x02, 0x13, 0x57, 0xef, 0x01, 0x33, 0x07, 0xee, 0x00, 0x23, 0x20, 0x67, 0x00,
	0x93, 0x87, 0x47, 0x00, 0x9b, 0x86, 0x16, 0x00, 0xe3, 0x92, 0xfe, 0xfe, 0xb7, 0x17,
	0x00, 0x00, 0x9b, 0x87, 0x97, 0x30, 0xbb, 0x07, 0xf6, 0x00, 0x93, 0x97, 0x07, 0x02,
	0x03, 0x27, 0x84, 0x04, 0x93, 0xd7, 0x07, 0x02, 0x93, 0x97, 0x27, 0x00, 0xb3, 0x87,
	0xfd, 0x00, 0x23, 0xa0, 0xe7, 0x00, 0x13, 0x8e, 0x0d, 0x00, 0x93, 0x87, 0x41, 0x87,
	0x13, 0x83, 0x41, 0x8a, 0x83, 0xa6, 0x07, 0x00, 0x93, 0x1e, 0x08, 0x02, 0x13, 0xd7,
	0xee, 0x01, 0x33, 0x07, 0xee, 0x00, 0x23, 0x20, 0xd7, 0x00, 0x93, 0x87, 0x47, 0x00,
	0x1b, 0x08, 0x18, 0x00, 0xe3, 0x12, 0xf3, 0xfe, 0xb7, 0x16, 0x00, 0x00, 0x9b, 0x86,
	0x06, 0x32, 0xbb, 0x06, 0xd6, 0x00, 0x93, 0x87, 0x41, 0x8a, 0x13, 0x83, 0x0d, 0x00,
	0x03, 0xa8, 0x07, 0x00, 0x13, 0x9e, 0x06, 0x02, 0x13, 0x57, 0xee, 0x01, 0x33, 0x07,
	0xe3, 0x00, 0x23, 0x20, 0x07, 0x01, 0x93, 0x87, 0x47, 0x00, 0x9b, 0x86, 0x16, 0x00,
	0xe3, 0x92, 0xf8, 0xfe, 0x83, 0x67, 0x44, 0x52, 0xb7, 0xd6, 0x00, 0x00, 0x37, 0x27,
	0x00, 0x00, 0x93, 0x97, 0x07, 0x02, 0xb3, 0x87, 0x97, 0x01, 0xb3, 0x87, 0xd7, 0x00,
	0x23, 0xa6, 0xe7, 0x8a, 0x83, 0xa7, 0xc7, 0x8a, 0x63, 0x82, 0x07, 0x00, 0xb7, 0x17,
	0x00, 0x00, 0x1b, 0x87, 0x37, 0x31, 0x3b, 0x07, 0xe6, 0x00, 0x9b, 0x87, 0x27, 0x31,
	0x03, 0x38, 0x04, 0x13, 0xbb, 0x07, 0xf6, 0x00, 0x13, 0x17, 0x07, 0x02, 0x13, 0x57,
	0x07, 0x02, 0x93, 0x97, 0x07, 0x02, 0x13, 0x17, 0x27, 0x00, 0x93, 0xd7, 0x07, 0x02,
	0x33, 0x87, 0xed, 0x00, 0x9b, 0x08, 0x08, 0x00, 0x93, 0x97, 0x27, 0x00, 0x23, 0x20,
	0x17, 0x01, 0xb3, 0x87, 0xfd, 0x00, 0x13, 0x57, 0x08, 0x42, 0x23, 0xa0, 0xe7, 0x00,
	0xb3, 0x87, 0xad, 0x00, 0x37, 0x07, 0x00, 0x10, 0x23, 0xa0, 0xe7, 0x00, 0x83, 0x67,
	0x44, 0x52, 0x13, 0x05, 0x02, 0x00, 0x13, 0x07, 0x00, 0x00, 0x93, 0x97, 0x07, 0x02,
	0xb3, 0x87, 0x97, 0x01, 0xb3, 0x87, 0xd7, 0x00, 0x83, 0xa7, 0x87, 0x86, 0x23, 0x30,
	0xe2, 0x12, 0x23, 0x3c, 0xe2, 0x0c, 0x83, 0x37, 0x82, 0x02, 0x83, 0x26, 0x04, 0x11,
	0x37, 0x07, 0xf0, 0x00, 0x9b, 0x96, 0x46, 0x01, 0xb3, 0xf6, 0xe6, 0x00, 0x37, 0x47,
	0x00, 0x00, 0xb3, 0xe6, 0xe6, 0x00, 0x13, 0xd7, 0x67, 0x02, 0x93, 0x97, 0x06, 0x02,
	0x93, 0xd7, 0x07, 0x02, 0x23, 0x2c, 0xf2, 0x08, 0x83, 0x67, 0x82, 0x02, 0x63, 0x82,
	0x07, 0x00, 0x83, 0x67, 0x82, 0x02, 0x63, 0x82, 0x07, 0x00, 0x83, 0x66, 0x08, 0x00,
	0x83, 0x67, 0x48, 0x00, 0x93, 0x97, 0x07, 0x02, 0x33, 0xe8, 0xd7, 0x00, 0x83, 0x37,
	0x05, 0x09, 0xe3, 0x9e, 0x07, 0xfe, 0x9b, 0x17, 0x47, 0x01, 0x37, 0x07, 0xf0, 0x00,
	0xb3, 0xf7, 0xe7, 0x00, 0x93, 0xe7, 0x87, 0x00, 0x93, 0x97, 0x07, 0x02, 0x93, 0xd7,
	0x07, 0x02, 0x23, 0x2c, 0xf2, 0x08, 0x83, 0x67, 0x82, 0x02, 0x63, 0x82, 0x07, 0x00,
	0x03, 0x67, 0x82, 0x02, 0x63, 0x02, 0x07, 0x00, 0xb7, 0x16, 0x00, 0x00, 0x1b, 0x87,
	0x56, 0x2e, 0x3b, 0x07, 0xe6, 0x00, 0x9b, 0x86, 0x66, 0x2e, 0x13, 0x17, 0x07, 0x02,
	0xbb, 0x07, 0xd6, 0x00, 0x13, 0x57, 0x07, 0x02, 0x13, 0x17, 0x27, 0x00, 0x93, 0x97,
	0x07, 0x02, 0x33, 0x87, 0xed, 0x00, 0x93, 0xd7, 0x07, 0x02, 0x9b, 0x06, 0x08, 0x00,
	0x23, 0x20, 0xd7, 0x00, 0x93, 0x97, 0x27, 0x00, 0x13, 0x57, 0x08, 0x42, 0x6f, 0xf0,
	0x4f, 0xac, 0x37, 0x07, 0x00, 0xc0, 0xb3, 0xf6, 0xe6, 0x00, 0x63, 0x90, 0x06, 0x58,
	0x37, 0xc6, 0x00, 0x00, 0x93, 0x06, 0x70, 0x0c, 0xb3, 0x85, 0xcd, 0x00, 0x73, 0x27,
	0x00, 0xb0, 0x13, 0x00, 0x00, 0x00, 0xf3, 0x27, 0x00, 0xb0, 0xb3, 0x87, 0xe7, 0x40,
	0xe3, 0xfa, 0xf6, 0xfe, 0x83, 0xa7, 0x45, 0x2d, 0xe3, 0x94, 0x07, 0xfe, 0x03, 0x35,
	0x82, 0x06, 0x83, 0x25, 0xc4, 0x10, 0x33, 0x87, 0xcd, 0x00, 0x83, 0x67, 0x44, 0x52,
	0x13, 0x96, 0x45, 0x02, 0x13, 0x56, 0x46, 0x02, 0x23, 0x2e, 0xc7, 0x2c, 0x1b, 0x16,
	0xc5, 0x01, 0x23, 0x2e, 0xc7, 0x0c, 0x03, 0x26, 0x04, 0x4e, 0x93, 0x97, 0x07, 0x02,
	0xb3, 0x87, 0x97, 0x01, 0x23, 0x22, 0xd7, 0x0e, 0x37, 0xd7, 0x00, 0x00, 0xb3, 0x87,
	0xe7, 0x00, 0x83, 0xa7, 0x07, 0x83, 0x1b, 0x57, 0xf6, 0x01, 0x9b, 0x87, 0x07, 0x00,
	0xe3, 0x10, 0x07, 0x06, 0xb7, 0x07, 0x01, 0x00, 0xb3, 0xe5, 0xf5, 0x00, 0x23, 0x26,
	0xb4, 0x10, 0xb7, 0xc7, 0x00, 0x00, 0xb3, 0x87, 0xfd, 0x00, 0x23, 0xa4, 0xe7, 0x0e,
	0x37, 0x07, 0x00, 0x04, 0x23, 0xaa, 0xe7, 0x2c, 0x6f, 0xd0, 0x4f, 0x8d, 0x63, 0x04,
	0xfb, 0x00, 0x6f, 0xd0, 0x5f, 0x96, 0x6f, 0xd0, 0x4f, 0xdf, 0x63, 0xe4, 0x67, 0x01,
	0x6f, 0xd0, 0xcf, 0xde, 0x6f, 0xd0, 0x5f, 0x95, 0x63, 0xf4, 0x67, 0x01, 0x6f, 0xd0,
	0x0f, 0xde, 0x6f, 0xd0, 0x9f, 0x94, 0x13, 0x07, 0x40, 0x00, 0x63, 0x94, 0xe5, 0x00,
	0x6f, 0xe0, 0xdf, 0xe0, 0x93, 0x07, 0x50, 0x00, 0x63, 0x84, 0xf5, 0x00, 0x6f, 0xd0,
	0x8f, 0x89, 0x83, 0x67, 0x04, 0x17, 0x03, 0x67, 0xc4, 0x16, 0x93, 0x97, 0x07, 0x02,
	0xb3, 0xe7, 0xe7, 0x00, 0x23, 0xa0, 0xc7, 0x00, 0x23, 0xa2, 0x17, 0x01, 0x6f, 0xe0,
	0x0f, 0xed, 0x13, 0x06, 0xd0, 0x50, 0x63, 0x64, 0xd6, 0x00, 0x6f, 0xe0, 0x5f, 0x8b,
	0x03, 0x65, 0x82, 0x30, 0x83, 0x36, 0x02, 0x07, 0x37, 0x36, 0x00, 0x00, 0x13, 0x06,
	0x16, 0x80, 0xb3, 0xe6, 0xc6, 0x00, 0x23, 0x2c, 0xd2, 0x08, 0x83, 0x66, 0x82, 0x02,
	0x63, 0x82, 0x06, 0x00, 0x83, 0x66, 0x44, 0x16, 0x03, 0x26, 0xc4, 0x16, 0x93, 0x96,
	0x26, 0x00, 0xb3, 0x86, 0xdd, 0x00, 0x23, 0xa0, 0xc6, 0x00, 0x23, 0x2c, 0xa2, 0x08,
	0x83, 0x67, 0x82, 0x02, 0x63, 0x82, 0x07, 0x00, 0x83, 0x67, 0x84, 0x16, 0x6f, 0xd0,
	0x4f, 0xcc, 0x83, 0x27, 0x44, 0x16, 0x37, 0x17, 0x00, 0x00, 0x13, 0x07, 0xc7, 0xbc,
	0x63, 0x86, 0xe7, 0x08, 0x13, 0x07, 0xf0, 0x51, 0x63, 0x7e, 0xf7, 0x06, 0x37, 0xf7,
	0xff, 0xff, 0x1b, 0x07, 0x97, 0xac, 0x3b, 0x07, 0xf7, 0x00, 0x93, 0x06, 0x10, 0x00,
	0x63, 0xf8, 0xe6, 0x06, 0x63, 0x84, 0x05, 0x00, 0x6f, 0x10, 0xc0, 0x13, 0x93, 0x86,
	0x0d, 0x00, 0x63, 0x16, 0x05, 0x00, 0x6f, 0x00, 0x80, 0x03, 0x83, 0x27, 0x44, 0x16,
	0x1b, 0x87, 0x45, 0x00, 0x13, 0x16, 0x07, 0x02, 0x13, 0x57, 0xe6, 0x01, 0xbb, 0x87,
	0xf5, 0x00, 0x33, 0x07, 0xe4, 0x00, 0x03, 0x27, 0xc7, 0x15, 0x13, 0x96, 0x07, 0x02,
	0x93, 0x57, 0xe6, 0x01, 0xb3, 0x87, 0xf6, 0x00, 0x23, 0xa0, 0xe7, 0x00, 0x9b, 0x85,
	0x15, 0x00, 0xe3, 0x18, 0xb5, 0xfc, 0x63, 0x14, 0x08, 0x00, 0x6f, 0xc0, 0xdf, 0xfa,
	0x83, 0x67, 0x44, 0x16, 0x93, 0x97, 0x27, 0x00, 0xb3, 0x87, 0xfd, 0x00, 0x83, 0xa7,
	0x07, 0x00, 0x6f, 0xc0, 0x9f, 0xf9, 0x13, 0x07, 0xd0, 0x50, 0xe3, 0x7c, 0xf7, 0xf8,
	0x03, 0x66, 0x82, 0x30, 0x03, 0x37, 0x02, 0x07, 0xb7, 0x36, 0x00, 0x00, 0x93, 0x86,
	0x16, 0x80, 0x33, 0x67, 0xd7, 0x00, 0x23, 0x2c, 0xe2, 0x08, 0x83, 0x67, 0x82, 0x02,
	0x63, 0x82, 0x07, 0x00, 0x63, 0x84, 0x05, 0x00, 0x6f, 0x10, 0xc0, 0x04, 0x93, 0x86,
	0x0d, 0x00, 0x63, 0x0c, 0x05, 0x02, 0x1b, 0x87, 0x45, 0x00, 0x83, 0x27, 0x44, 0x16,
	0x93, 0x18, 0x07, 0x02, 0x13, 0xd7, 0xe8, 0x01, 0xbb, 0x87, 0xb7, 0x00, 0x33, 0x07,
	0xe4, 0x00, 0x03, 0x27, 0xc7, 0x15, 0x93, 0x98, 0x07, 0x02, 0x93, 0xd7, 0xe8, 0x01,
	0xb3, 0x87, 0xf6, 0x00, 0x23, 0xa0, 0xe7, 0x00, 0x9b, 0x85, 0x15, 0x00, 0xe3, 0x18,
	0xb5, 0xfc, 0x63, 0x0a, 0x08, 0x00, 0x83, 0x67, 0x44, 0x16, 0x93, 0x97, 0x27, 0x00,
	0xb3, 0x87, 0xfd, 0x00, 0x83, 0xa7, 0x07, 0x00, 0x23, 0x2c, 0xc2, 0x08, 0x83, 0x67,
	0x82, 0x02, 0x63, 0x82, 0x07, 0x00, 0x6f, 0xc0, 0x9f, 0xf0, 0x03, 0x27, 0x44, 0x16,
	0x9b, 0x56, 0x27, 0x00, 0x1b, 0x57, 0x27, 0x00, 0x63, 0x9c, 0x05, 0x66, 0xb7, 0x15,
	0x03, 0x00, 0x93, 0x87, 0x27, 0x00, 0x93, 0x06, 0x40, 0x00, 0xb3, 0x85, 0xbd, 0x00,
	0x63, 0x04, 0x05, 0x02, 0x13, 0x95, 0x06, 0x02, 0x13, 0x56, 0xe5, 0x01, 0x33, 0x06,
	0xc4, 0x00, 0x03, 0x26, 0xc6, 0x15, 0x23, 0xaa, 0xe5, 0x00, 0x9b, 0x86, 0x16, 0x00,
	0x23, 0xac, 0xc5, 0x00, 0x1b, 0x07, 0x47, 0x00, 0xe3, 0x90, 0xd7, 0xfe, 0xb7, 0x17,
	0x03, 0x00, 0xb3, 0x87, 0xfd, 0x00, 0x83, 0xa7, 0x47, 0x02, 0x6f, 0xc0, 0x1f, 0xeb,
	0x93, 0x07, 0x40, 0x00, 0x63, 0x94, 0xf5, 0x00, 0x6f, 0xe0, 0x9f, 0xc0, 0x93, 0x07,
	0x50, 0x00, 0x63, 0x84, 0xf5, 0x00, 0x6f, 0xc0, 0x9f, 0xe9, 0x83, 0x67, 0x04, 0x17,
	0x03, 0x67, 0xc4, 0x16, 0x93, 0x97, 0x07, 0x02, 0xb3, 0xe7, 0xe7, 0x00, 0x23, 0xa0,
	0xc7, 0x00, 0x6f, 0xe0, 0x4f, 0xcd, 0x03, 0x28, 0x04, 0x52, 0xb7, 0xc7, 0x00, 0x00,
	0x33, 0x87, 0xfc, 0x00, 0x03, 0x27, 0x07, 0x38, 0x63, 0x0c, 0x07, 0x00, 0xb3, 0x87,
	0xfc, 0x00, 0x83, 0xa7, 0x47, 0x3b, 0xb3, 0xf7, 0x47, 0x01, 0x63, 0x94, 0xf8, 0x00,
	0x6f, 0x10, 0x00, 0x1e, 0x93, 0x07, 0x10, 0x00, 0x93, 0x97, 0x87, 0x02, 0x33, 0x87,
	0xfc, 0x00, 0xb7, 0xc6, 0x00, 0x00, 0x33, 0x07, 0xd7, 0x00, 0x03, 0x27, 0x07, 0x38,
	0x63, 0x0e, 0x07, 0x00, 0xb3, 0x87, 0xfc, 0x00, 0xb3, 0x87, 0xd7, 0x00, 0x83, 0xa7,
	0x47, 0x3b, 0xb3, 0xf7, 0x47, 0x01, 0x63, 0x94, 0xf8, 0x00, 0x6f, 0x10, 0x40, 0x1b,
	0x93, 0x07, 0x10, 0x00, 0x93, 0x97, 0x67, 0x02, 0x33, 0x87, 0xfc, 0x00, 0xb7, 0xc6,
	0x00, 0x00, 0x33, 0x07, 0xd7, 0x00, 0x03, 0x27, 0x07, 0x38, 0x63, 0x0e, 0x07, 0x00,
	0xb3, 0x87, 0xfc, 0x00, 0xb3, 0x87, 0xd7, 0x00, 0x83, 0xa7, 0x47, 0x3b, 0xb3, 0xf7,
	0x47, 0x01, 0x63, 0x94, 0xf8, 0x00, 0x6f, 0x10, 0xc0, 0x18, 0x93, 0x07, 0x50, 0x00,
	0x93, 0x97, 0x67, 0x02, 0x33, 0x87, 0xfc, 0x00, 0xb7, 0xc6, 0x00, 0x00, 0x33, 0x07,
	0xd7, 0x00, 0x03, 0x27, 0x07, 0x38, 0x63, 0x04, 0x07, 0x86, 0xb3, 0x87, 0xfc, 0x00,
	0xb3, 0x87, 0xd7, 0x00, 0x83, 0xa7, 0x47, 0x3b, 0x93, 0x0b, 0x10, 0x00, 0x93, 0x0a,
	0x10, 0x00, 0xb3, 0xf7, 0x47, 0x01, 0x63, 0x96, 0xf8, 0x84, 0x37, 0xc5, 0x00, 0x00,
	0xb3, 0x87, 0xad, 0x00, 0x83, 0xa6, 0xc7, 0x68, 0x13, 0x18, 0x08, 0x02, 0x13, 0x58,
	0x08, 0x02, 0x13, 0xe7, 0x16, 0x00, 0x23, 0xa6, 0xe7, 0x68, 0x37, 0x97, 0x98, 0x00,
	0x13, 0x07, 0x07, 0x68, 0x33, 0x08, 0xe8, 0x02, 0x03, 0xa7, 0xc7, 0x68, 0x9b, 0x86,
	0x06, 0x00, 0x13, 0x06, 0x02, 0x00, 0x13, 0x07, 0x10, 0x00, 0x23, 0x28, 0xe2, 0x46,
	0x83, 0x65, 0x82, 0x02, 0x63, 0x82, 0x05, 0x00, 0x9b, 0x95, 0x6b, 0x00, 0x1b, 0x9b,
	0x8a, 0x00, 0x33, 0x6b, 0xbb, 0x00, 0x13, 0x1b, 0x0b, 0x02, 0xb3, 0x05, 0x9b, 0x01,
	0xb3, 0x85, 0xa5, 0x00, 0x03, 0xa5, 0xc5, 0x3b, 0x1b, 0x05, 0x05, 0x00, 0x23, 0x38,
	0x02, 0x46, 0x83, 0x68, 0x82, 0x02, 0x63, 0x82, 0x08, 0x00, 0x23, 0xa6, 0xe5, 0x3c,
	0x03, 0xa7, 0xc5, 0x3c, 0x23, 0xa6, 0xd7, 0x68, 0x13, 0x75, 0x05, 0x04, 0x83, 0xa7,
	0xc7, 0x68, 0x83, 0x38, 0x82, 0x0f, 0x83, 0x67, 0x44, 0x52, 0x37, 0xd7, 0x00, 0x00,
	0x03, 0x3c, 0x84, 0x52, 0x93, 0x97, 0x07, 0x02, 0xb3, 0x87, 0x97, 0x01, 0x33, 0x87,
	0xe7, 0x00, 0x83, 0x27, 0xc7, 0x8a, 0xb7, 0x36, 0x00, 0x00, 0x23, 0x26, 0xd7, 0x8a,
	0x13, 0x0c, 0x0c, 0x47, 0x9b, 0x87, 0x07, 0x00, 0x03, 0x27, 0xc7, 0x8a, 0x63, 0x02,
	0x07, 0x00, 0x9b, 0xd7, 0x87, 0x01, 0x93, 0xf7, 0x37, 0x00, 0x23, 0x30, 0xf2, 0x12,
	0x93, 0x97, 0x77, 0x00, 0x23, 0x3c, 0xf2, 0x0c, 0x93, 0x06, 0x70, 0x0c, 0x73, 0x27,
	0x00, 0xb0, 0x13, 0x00, 0x00, 0x00, 0xf3, 0x27, 0x00, 0xb0, 0xb3, 0x87, 0xe7, 0x40,
	0xe3, 0xfa, 0xf6, 0xfe, 0x83, 0xa7, 0xc5, 0x3c, 0x63, 0x90, 0x07, 0x06, 0x83, 0x37,
	0x82, 0x0f, 0xe3, 0x16, 0x05, 0x70, 0x93, 0x07, 0x00, 0x00, 0x23, 0x30, 0xf2, 0x12,
	0x9b, 0x97, 0x1b, 0x00, 0xbb, 0x87, 0x57, 0x01, 0x1b, 0x97, 0x37, 0x00, 0xbb, 0x07,
	0xf7, 0x40, 0x9b, 0x97, 0x27, 0x00, 0x93, 0x97, 0x07, 0x02, 0x93, 0xd7, 0x07, 0x02,
	0xb3, 0x87, 0x87, 0x01, 0x23, 0xa0, 0x07, 0x00, 0x83, 0x67, 0x44, 0x52, 0x37, 0xd7,
	0x00, 0x00, 0x93, 0x97, 0x07, 0x02, 0xb3, 0x87, 0x97, 0x01, 0xb3, 0x87, 0xe7, 0x00,
	0x37, 0x27, 0x00, 0x00, 0x23, 0xa6, 0xe7, 0x8a, 0x83, 0xa7, 0xc7, 0x8a, 0x63, 0x82,
	0x07, 0x00, 0x6f, 0xe0, 0x1f, 0xf0, 0x83, 0x37, 0x86, 0x0f, 0xb3, 0x87, 0x17, 0x41,
	0xe3, 0x70, 0xf8, 0xf8, 0x6f, 0xf0, 0xdf, 0xf9, 0x9b, 0x8a, 0xea, 0xff, 0x9b, 0x87,
	0x0a, 0x00, 0x63, 0x94, 0xe7, 0x00, 0x93, 0x07, 0x00, 0x60, 0x37, 0x13, 0x00, 0x00,
	0x1b, 0x0f, 0x03, 0x2e, 0x13, 0x8e, 0x0d, 0x00, 0x9b, 0x0f, 0xb3, 0x30, 0x93, 0x0e,
	0x80, 0x00, 0xbb, 0x86, 0xe7, 0x01, 0x13, 0x97, 0x06, 0x02, 0x13, 0x56, 0xe7, 0x01,
	0x33, 0x07, 0xce, 0x00, 0x03, 0x27, 0x07, 0x00, 0x13, 0x77, 0x17, 0x00, 0x63, 0x00,
	0x07, 0x02, 0x3b, 0x85, 0xf7, 0x01, 0x13, 0x17, 0x05, 0x02, 0x13, 0x58, 0xe7, 0x01,
	0x33, 0x07, 0x0e, 0x01, 0x03, 0x27, 0x07, 0x00, 0x33, 0x77, 0x37, 0x01, 0x63, 0x80,
	0xe8, 0x46, 0x9b, 0x85, 0x15, 0x00, 0x9b, 0x87, 0x87, 0x05, 0xe3, 0x90, 0xd5, 0xfd,
	0x6f, 0xe0, 0x5f, 0xe8, 0x23, 0x30, 0xf2, 0x12, 0xb7, 0x07, 0x00, 0x40, 0x23, 0xb0,
	0xa5, 0x00, 0x63, 0x94, 0xf6, 0x00, 0x6f, 0xc0, 0xdf, 0xbd, 0x13, 0x07, 0x02, 0x00,
	0x83, 0x37, 0x07, 0x09, 0x9b, 0x87, 0x07, 0x00, 0xe3, 0x9c, 0x07, 0xfe, 0xb7, 0x07,
	0x00, 0x80, 0x63, 0x94, 0xf6, 0x00, 0x6f, 0xc0, 0x1f, 0xbc, 0x37, 0xc6, 0x00, 0x00,
	0x13, 0x07, 0x70, 0x0c, 0xb3, 0x85, 0xcd, 0x00, 0xf3, 0x26, 0x00, 0xb0, 0x13, 0x00,
	0x00, 0x00, 0xf3, 0x27, 0x00, 0xb0, 0xb3, 0x87, 0xd7, 0x40, 0xe3, 0x7a, 0xf7, 0xfe,
	0x83, 0xa7, 0x45, 0x2d, 0xe3, 0x94, 0x07, 0xfe, 0x03, 0x35, 0x82, 0x06, 0x83, 0x25,
	0xc4, 0x10, 0x83, 0x67, 0x44, 0x52, 0xb3, 0x86, 0xcd, 0x00, 0x13, 0x96, 0x45, 0x02,
	0x13, 0x56, 0x46, 0x02, 0x23, 0xae, 0xc6, 0x2c, 0x1b, 0x16, 0xc5, 0x01, 0x23, 0xae,
	0xc6, 0x0c, 0x93, 0x97, 0x07, 0x02, 0x03, 0x26, 0x04, 0x4e, 0xb3, 0x87, 0x97, 0x01,
	0x23, 0xa2, 0xe6, 0x0e, 0x6f, 0xf0, 0x5f, 0xa5, 0xb3, 0x87, 0xad, 0x00, 0x23, 0xa0,
	0x67, 0x01, 0x6f, 0xc0, 0x5f, 0xb5, 0x1b, 0xd7, 0xd5, 0x01, 0x93, 0x07, 0x50, 0x00,
	0x13, 0x06, 0x02, 0x00, 0x23, 0x3c, 0xf2, 0x18, 0x83, 0x37, 0x86, 0x04, 0x93, 0xf7,
	0x07, 0x02, 0xe3, 0x8c, 0x07, 0xfe, 0x83, 0x65, 0x82, 0x30, 0x03, 0x36, 0x02, 0x07,
	0x37, 0x35, 0x00, 0x00, 0x13, 0x05, 0x15, 0x80, 0x33, 0x66, 0xa6, 0x00, 0x23, 0x2c,
	0xc2, 0x08, 0x83, 0x67, 0x82, 0x02, 0x63, 0x82, 0x07, 0x00, 0x37, 0xa6, 0x00, 0x00,
	0x33, 0x86, 0xcd, 0x00, 0x13, 0x05, 0xf0, 0xff, 0x23, 0x2a, 0xa6, 0x50, 0x93, 0x07,
	0xf0, 0x01, 0x23, 0x2c, 0xf6, 0x50, 0x23, 0x2a, 0xa6, 0x50, 0x23, 0x2c, 0xf6, 0x50,
	0x03, 0x25, 0x86, 0x47, 0x83, 0x27, 0xc6, 0x47, 0x1b, 0x17, 0x07, 0x01, 0x13, 0x15,
	0x05, 0x02, 0x13, 0x55, 0x05, 0x02, 0x93, 0x97, 0x07, 0x02, 0xb3, 0xe7, 0xa7, 0x00,
	0x37, 0xf5, 0xff, 0x01, 0x13, 0x15, 0x75, 0x00, 0xb3, 0xf7, 0xa7, 0x00, 0xb3, 0xe7,
	0xe7, 0x00, 0x13, 0x07, 0x10, 0x00, 0x3b, 0x17, 0xd7, 0x00, 0xb3, 0xe7, 0xe7, 0x00,
	0x9b, 0x87, 0x07, 0x00, 0x23, 0x2c, 0xf6, 0x46, 0x83, 0x27, 0x86, 0x47, 0x93, 0x07,
	0x10, 0x00, 0xb3, 0x96, 0xd7, 0x00, 0x03, 0x27, 0x06, 0x4c, 0x83, 0x27, 0x46, 0x4c,
	0x13, 0x17, 0x07, 0x02, 0x13, 0x57, 0x07, 0x02, 0x93, 0x97, 0x07, 0x02, 0xb3, 0xe7,
	0xe7, 0x00, 0xb3, 0xf7, 0xd7, 0x00, 0xe3, 0x82, 0x07, 0xfe, 0x13, 0x07, 0x50, 0x00,
	0x23, 0x30, 0xe2, 0x1a, 0x23, 0x2c, 0xb2, 0x08, 0x83, 0x67, 0x82, 0x02, 0x63, 0x82,
	0x07, 0x00, 0x6f, 0xc0, 0x5f, 0xa7, 0x93, 0x07, 0x00, 0x00, 0x6f, 0xe0, 0xcf, 0x87,
	0xb7, 0x06, 0xf8, 0xff, 0x93, 0x86, 0xf6, 0xff, 0xb3, 0xf7, 0xd7, 0x00, 0x6f, 0xd0,
	0x9f, 0xb6, 0x03, 0x28, 0x04, 0x10, 0x6f, 0xd0, 0xcf, 0xb6, 0x83, 0x28, 0x44, 0x10,
	0x93, 0x06, 0x10, 0x00, 0x13, 0x07, 0x20, 0x00, 0x63, 0x84, 0xd8, 0x02, 0x33, 0x87,
	0x95, 0x01, 0x33, 0x07, 0xe7, 0x01, 0x83, 0x26, 0x47, 0x83, 0xb7, 0x08, 0x00, 0x40,
	0x13, 0x07, 0x10, 0x00, 0xb3, 0xf6, 0x16, 0x01, 0x9b, 0x86, 0x06, 0x00, 0x63, 0x84,
	0x06, 0x00, 0x13, 0x07, 0x30, 0x00, 0xb3, 0x86, 0x95, 0x01, 0xb7, 0xd8, 0x00, 0x00,
	0xb3, 0x86, 0x16, 0x01, 0x83, 0xa6, 0xc6, 0x82, 0x13, 0x67, 0x07, 0x50, 0x93, 0xf6,
	0x16, 0x00, 0x63, 0x8c, 0x06, 0x00, 0xb3, 0x86, 0x95, 0x01, 0xb3, 0x86, 0x16, 0x01,
	0x1b, 0x07, 0x07, 0x00, 0x23, 0xa2, 0xe6, 0x88, 0x03, 0xa7, 0x46, 0x88, 0x93, 0x08,
	0x02, 0x00, 0x83, 0x3e, 0x82, 0x0f, 0x37, 0xdf, 0x00, 0x00, 0xb3, 0x86, 0xac, 0x00,
	0xb3, 0x86, 0xe6, 0x01, 0x03, 0xa7, 0xc6, 0x8a, 0x37, 0x35, 0x00, 0x00, 0x23, 0xa6,
	0xa6, 0x8a, 0x03, 0xa5, 0xc6, 0x8a, 0x1b, 0x07, 0x07, 0x00, 0x93, 0x86, 0x07, 0x4e,
	0x63, 0x02, 0x05, 0x00, 0x1b, 0x57, 0x87, 0x01, 0x13, 0x77, 0x37, 0x00, 0x23, 0x30,
	0xe2, 0x12, 0x13, 0x17, 0x77, 0x00, 0x23, 0x3c, 0xe2, 0x0c, 0x93, 0x07, 0x00, 0x00,
	0x23, 0x30, 0xf2, 0x12, 0x1b, 0x17, 0x2e, 0x00, 0x3b, 0x07, 0x67, 0x00, 0x9b, 0x17,
	0x37, 0x00, 0xbb, 0x87, 0xe7, 0x40, 0x9b, 0x97, 0x27, 0x00, 0x93, 0x97, 0x07, 0x02,
	0x93, 0xd7, 0x07, 0x02, 0xb3, 0x87, 0xd7, 0x00, 0x23, 0xa0, 0x07, 0x00, 0x83, 0x67,
	0x44, 0x52, 0x37, 0x27, 0x00, 0x00, 0x93, 0x97, 0x07, 0x02, 0xb3, 0x87, 0x97, 0x01,
	0xb3, 0x87, 0xe7, 0x01, 0x23, 0xa6, 0xe7, 0x8a, 0x83, 0xa7, 0xc7, 0x8a, 0x63, 0x82,
	0x07, 0x00, 0x03, 0x63, 0x04, 0x52, 0xb7, 0x97, 0x98, 0x00, 0x93, 0x87, 0x07, 0x68,
	0x33, 0x03, 0xf3, 0x02, 0x33, 0x85, 0x95, 0x01, 0x93, 0x06, 0x70, 0x0c, 0x33, 0x05,
	0xe5, 0x01, 0x83, 0xb7, 0x88, 0x0f, 0xb3, 0x87, 0xd7, 0x41, 0xe3, 0x68, 0xf3, 0x18,
	0x73, 0x27, 0x00, 0xb0, 0x13, 0x00, 0x00, 0x00, 0xf3, 0x27, 0x00, 0xb0, 0xb3, 0x87,
	0xe7, 0x40, 0xe3, 0xfa, 0xf6, 0xfe, 0x83, 0x27, 0xc5, 0x82, 0x93, 0xf7, 0x17, 0x00,
	0xe3, 0x9c, 0x07, 0xfc, 0xb7, 0x27, 0x00, 0x00, 0x93, 0x87, 0x87, 0x01, 0xb3, 0x67,
	0xf6, 0x00, 0x37, 0x27, 0x00, 0x00, 0x1b, 0x07, 0x17, 0x10, 0x13, 0x17, 0x37, 0x02,
	0x93, 0x97, 0x07, 0x02, 0xb3, 0xe7, 0xe7, 0x00, 0x93, 0x06, 0x10, 0x00, 0x23, 0x28,
	0xd2, 0x46, 0x03, 0x67, 0x82, 0x02, 0x63, 0x02, 0x07, 0x00, 0x37, 0xf7, 0x03, 0x00,
	0xb3, 0x87, 0xe7, 0x00, 0x03, 0xa7, 0x07, 0x05, 0x1b, 0x06, 0x07, 0x00, 0x63, 0x06,
	0x07, 0x02, 0x9b, 0x56, 0x38, 0x00, 0x93, 0xf6, 0x86, 0x01, 0x1b, 0x58, 0x88, 0x00,
	0xb3, 0xe6, 0x06, 0x01, 0x13, 0x07, 0x10, 0x00, 0x3b, 0x17, 0xd7, 0x00, 0x13, 0x47,
	0xf7, 0xff, 0x33, 0x77, 0xc7, 0x00, 0x1b, 0x07, 0x07, 0x00, 0x23, 0xa8, 0xe7, 0x04,
	0x23, 0x38, 0x02, 0x46, 0x83, 0x67, 0x82, 0x02, 0x63, 0x82, 0x07, 0x00, 0x6f, 0xe0,
	0x1f, 0xb3, 0x93, 0xf7, 0xf7, 0x00, 0x93, 0x87, 0xc7, 0x04, 0x93, 0x97, 0x27, 0x00,
	0xb3, 0x07, 0xf4, 0x00, 0x03, 0xd7, 0x07, 0x37, 0x6f, 0xf0, 0xcf, 0xf9, 0x03, 0x27,
	0xc4, 0x16, 0xb7, 0x17, 0x03, 0x00, 0xb3, 0x87, 0xfd, 0x00, 0x23, 0xaa, 0xd7, 0x00,
	0x23, 0xac, 0xe7, 0x00, 0x6f, 0xf0, 0x1f, 0x9b, 0x03, 0x27, 0x44, 0x16, 0xb7, 0x17,
	0x03, 0x00, 0x33, 0x86, 0xfd, 0x00, 0x1b, 0x57, 0x27, 0x00, 0x23, 0x20, 0xe6, 0x00,
	0xe3, 0x0e, 0x05, 0x08, 0x93, 0x07, 0x06, 0x00, 0x03, 0x26, 0x46, 0x00, 0x83, 0xa8,
	0x47, 0x00, 0x93, 0x17, 0x06, 0x02, 0x13, 0x97, 0x08, 0x02, 0x93, 0xd7, 0x07, 0x02,
	0x1b, 0x06, 0x06, 0x00, 0x9b, 0x88, 0x08, 0x00, 0xb3, 0xe7, 0xe7, 0x00, 0x6f, 0xe0,
	0x5f, 0xb9, 0x03, 0x27, 0xc4, 0x16, 0xb7, 0x17, 0x03, 0x00, 0xb3, 0x87, 0xfd, 0x00,
	0x1b, 0x57, 0x27, 0x00, 0x23, 0xaa, 0xe7, 0x00, 0x63, 0x0c, 0x05, 0x02, 0x93, 0x08,
	0x00, 0x00, 0xb7, 0x17, 0x03, 0x00, 0xb3, 0x87, 0xfd, 0x00, 0x23, 0xac, 0xc7, 0x00,
	0x23, 0xac, 0x17, 0x01, 0x63, 0x94, 0x06, 0x00, 0x6f, 0xc0, 0x8f, 0xff, 0x6f, 0xf0,
	0x9f, 0x93, 0x03, 0x27, 0xc4, 0x16, 0xb7, 0x17, 0x03, 0x00, 0xb3, 0x87, 0xfd, 0x00,
	0x1b, 0x57, 0x27, 0x00, 0x23, 0xaa, 0xe7, 0x00, 0xb7, 0x17, 0x03, 0x00, 0xb3, 0x87,
	0xfd, 0x00, 0x83, 0xa7, 0x87, 0x01, 0x63, 0x94, 0x06, 0x00, 0x6f, 0xc0, 0xcf, 0xfc,
	0x6f, 0xf0, 0xdf, 0x90, 0x83, 0x67, 0x84, 0x16, 0x03, 0x67, 0x44, 0x16, 0x13, 0x06,
	0x00, 0x00, 0x93, 0x97, 0x07, 0x02, 0xb3, 0xe7, 0xe7, 0x00, 0x6f, 0xd0, 0x1f, 0xdc,
	0x83, 0x37, 0x82, 0x0f, 0x13, 0x06, 0x00, 0x00, 0x6f, 0xd0, 0x5f, 0xdb, 0x1b, 0x07,
	0x23, 0x2f, 0x3b, 0x87, 0xe7, 0x00, 0x93, 0x18, 0x07, 0x02, 0x13, 0xd7, 0xe8, 0x01,
	0xb3, 0x88, 0xed, 0x00, 0x83, 0xa8, 0x08, 0x00, 0x63, 0x94, 0x08, 0x00, 0x6f, 0xe0,
	0x9f, 0xa1, 0xb3, 0x8e, 0xcd, 0x00, 0x03, 0xae, 0x0e, 0x00, 0x1b, 0x03, 0x63, 0x31,
	0x3b, 0x83, 0x67, 0x00, 0x13, 0x7e, 0xee, 0xff, 0x23, 0xa0, 0xce, 0x01, 0x13, 0x1e,
	0x03, 0x02, 0x33, 0x87, 0xed, 0x00, 0x13, 0x53, 0xee, 0x01, 0xb3, 0x88, 0x6d, 0x00,
	0x23, 0x20, 0x07, 0x00, 0x03, 0xa7, 0x08, 0x00, 0x13, 0x03, 0x70, 0x0c, 0x13, 0x67,
	0x17, 0x00, 0x23, 0xa0, 0xe8, 0x00, 0x73, 0x2e, 0x00, 0xb0, 0x13, 0x00, 0x00, 0x00,
	0x73, 0x27, 0x00, 0xb0, 0x33, 0x07, 0xc7, 0x41, 0xe3, 0x7a, 0xe3, 0xfe, 0x03, 0xae,
	0x08, 0x00, 0x13, 0x7e, 0x1e, 0x00, 0xe3, 0x12, 0x0e, 0xfe, 0x03, 0x67, 0x44, 0x52,
	0xb7, 0xd8, 0x00, 0x00, 0x13, 0x17, 0x07, 0x02, 0x33, 0x07, 0x97, 0x01, 0x33, 0x07,
	0x17, 0x01, 0xb7, 0x38, 0x00, 0x00, 0x23, 0x26, 0x17, 0x8b, 0x03, 0x27, 0xc7, 0x8a,
	0x63, 0x02, 0x07, 0x00, 0x1b, 0x97, 0x3a, 0x00, 0x3b, 0x07, 0xb7, 0x00, 0x93, 0x15,
	0x07, 0x02, 0x13, 0xd7, 0xd5, 0x01, 0x33, 0x07, 0xe4, 0x00, 0x03, 0x37, 0x07, 0x39,
	0x23, 0x30, 0xc2, 0x13, 0xb7, 0x15, 0x00, 0x00, 0x9b, 0x85, 0x75, 0x2e, 0xbb, 0x85,
	0xf5, 0x00, 0x93, 0x08, 0x07, 0x00, 0x13, 0x8e, 0x0d, 0x00, 0x93, 0x9e, 0x06, 0x02,
	0x13, 0xd3, 0xee, 0x01, 0x33, 0x03, 0x6e, 0x00, 0x03, 0x23, 0x03, 0x00, 0x93, 0x88,
	0x48, 0x00, 0x9b, 0x86, 0x16, 0x00, 0x1b, 0x03, 0x03, 0x00, 0x23, 0xae, 0x68, 0xfe,
	0xe3, 0x90, 0xb6, 0xfe, 0xb7, 0x16, 0x00, 0x00, 0x9b, 0x85, 0x86, 0x2e, 0x9b, 0x86,
	0x36, 0x2f, 0x93, 0x08, 0xc7, 0x01, 0xbb, 0x85, 0xf5, 0x00, 0xbb, 0x86, 0xf6, 0x00,
	0x13, 0x8e, 0x0d, 0x00, 0x93, 0x9e, 0x05, 0x02, 0x13, 0xd3, 0xee, 0x01, 0x33, 0x03,
	0x6e, 0x00, 0x03, 0x23, 0x03, 0x00, 0x93, 0x88, 0x48, 0x00, 0x9b, 0x85, 0x15, 0x00,
	0x1b, 0x03, 0x03, 0x00, 0x23, 0xae, 0x68, 0xfe, 0xe3, 0x90, 0xb6, 0xfe, 0xb7, 0x15,
	0x00, 0x00, 0x9b, 0x86, 0x95, 0x30, 0xbb, 0x86, 0xd7, 0x00, 0x93, 0x98, 0x06, 0x02,
	0x93, 0xd6, 0xe8, 0x01, 0xb3, 0x86, 0xdd, 0x00, 0x83, 0xa8, 0x06, 0x00, 0x9b, 0x86,
	0x75, 0x31, 0x13, 0x8e, 0x0d, 0x00, 0x9b, 0x85, 0x08, 0x00, 0x13, 0x03, 0xc7, 0x04,
	0x23, 0x24, 0xb7, 0x04, 0xbb, 0x86, 0xf6, 0x00, 0x93, 0x18, 0x05, 0x02, 0x93, 0xd5,
	0xe8, 0x01, 0xb3, 0x05, 0xbe, 0x00, 0x83, 0xa5, 0x05, 0x00, 0x13, 0x03, 0x43, 0x00,
	0x1b, 0x05, 0x15, 0x00, 0x9b, 0x85, 0x05, 0x00, 0x23, 0x2e, 0xb3, 0xfe, 0xe3, 0x90,
	0xa6, 0xfe, 0xb7, 0x16, 0x00, 0x00, 0x9b, 0x85, 0x06, 0x32, 0x9b, 0x86, 0xe6, 0x32,
	0x13, 0x07, 0xc7, 0x07, 0xbb, 0x85, 0xf5, 0x00, 0xbb, 0x86, 0xf6, 0x00, 0x93, 0x88,
	0x0d, 0x00, 0x13, 0x93, 0x05, 0x02, 0x13, 0x55, 0xe3, 0x01, 0x33, 0x85, 0xa8, 0x00,
	0x03, 0x25, 0x05, 0x00, 0x13, 0x07, 0x47, 0x00, 0x9b, 0x85, 0x15, 0x00, 0x1b, 0x05,
	0x05, 0x00, 0x23, 0x2e, 0xa7, 0xfe, 0xe3, 0x90, 0xb6, 0xfe, 0x93, 0x95, 0x0a, 0x02,
	0x03, 0x67, 0x44, 0x52, 0x93, 0xd6, 0xe5, 0x01, 0x93, 0x86, 0x06, 0x12, 0xb3, 0x06,
	0xd4, 0x00, 0x83, 0xa5, 0x06, 0x37, 0x13, 0x17, 0x07, 0x02, 0x33, 0x07, 0x97, 0x01,
	0x37, 0xd5, 0x00, 0x00, 0x33, 0x07, 0xa7, 0x00, 0x37, 0x25, 0x00, 0x00, 0x9b, 0x85,
	0x15, 0x00, 0x23, 0x26, 0xa7, 0x8a, 0x23, 0xa8, 0xb6, 0x36, 0x03, 0x27, 0xc7, 0x8a,
	0x63, 0x02, 0x07, 0x00, 0x37, 0x17, 0x00, 0x00, 0x9b, 0x06, 0x37, 0x2e, 0xbb, 0x86,
	0xd7, 0x00, 0x9b, 0x08, 0x47, 0x2e, 0xbb, 0x88, 0x17, 0x01, 0x93, 0x95, 0x06, 0x02,
	0x93, 0xd6, 0xe5, 0x01, 0x13, 0x95, 0x08, 0x02, 0x9b, 0x05, 0x57, 0x31, 0xbb, 0x85,
	0xb7, 0x00, 0xb3, 0x86, 0xdd, 0x00, 0x93, 0x58, 0xe5, 0x01, 0x1b, 0x05, 0x57, 0x2e,
	0x23, 0xa0, 0x06, 0x00, 0x13, 0x93, 0x05, 0x02, 0x3b, 0x85, 0xa7, 0x00, 0xb3, 0x88,
	0x1d, 0x01, 0x9b, 0x05, 0x67, 0x2e, 0x23, 0xa0, 0x08, 0x00, 0xbb, 0x85, 0xb7, 0x00,
	0x93, 0x56, 0xe3, 0x01, 0x93, 0x18, 0x05, 0x02, 0xb3, 0x86, 0xdd, 0x00, 0x13, 0x03,
	0x10, 0x00, 0x13, 0xd5, 0xe8, 0x01, 0x93, 0x98, 0x05, 0x02, 0x23, 0xa0, 0x66, 0x00,
	0x33, 0x85, 0xad, 0x00, 0x93, 0xd5, 0xe8, 0x01, 0x9b, 0x08, 0x17, 0x2e, 0x23, 0x20,
	0x05, 0x00, 0xbb, 0x88, 0x17, 0x01, 0xb3, 0x85, 0xbd, 0x00, 0x1b, 0x05, 0x37, 0x31,
	0x23, 0xa0, 0x05, 0x00, 0x3b, 0x85, 0xa7, 0x00, 0x93, 0x95, 0x08, 0x02, 0x23, 0xa0,
	0x06, 0x00, 0x93, 0xd8, 0xe5, 0x01, 0x93, 0x16, 0x05, 0x02, 0x9b, 0x05, 0x27, 0x31,
	0x13, 0xd5, 0xe6, 0x01, 0xbb, 0x86, 0xb7, 0x00, 0x1b, 0x07, 0xa7, 0x2e, 0xb3, 0x85,
	0xad, 0x00, 0x13, 0x95, 0x06, 0x02, 0xbb, 0x87, 0xe7, 0x00, 0x93, 0x56, 0xe5, 0x01,
	0xb3, 0x88, 0x1d, 0x01, 0x23, 0xa0, 0x08, 0x00, 0x33, 0x87, 0xdd, 0x00, 0x93, 0x96,
	0x07, 0x02, 0x23, 0xa0, 0x65, 0x00, 0x93, 0xd7, 0xe6, 0x01, 0x23, 0x20, 0x07, 0x00,
	0xb3, 0x87, 0xfd, 0x00, 0x23, 0xa0, 0x07, 0x00, 0x33, 0x88, 0x0d, 0x01, 0x23, 0x20,
	0x08, 0x00, 0xb3, 0x87, 0xcd, 0x00, 0x23, 0xa0, 0x07, 0x00, 0x13, 0x07, 0x02, 0x00,
	0x83, 0x37, 0x07, 0x09, 0x9b, 0x87, 0x07, 0x00, 0xe3, 0x9c, 0x07, 0xfe, 0x6f, 0xe0,
	0x4f, 0xf2, 0x03, 0x65, 0x04, 0x52, 0x37, 0x97, 0x98, 0x00, 0xb3, 0x87, 0x98, 0x01,
	0x13, 0x07, 0x07, 0x68, 0x33, 0x05, 0xe5, 0x02, 0xb3, 0x85, 0xb7, 0x00, 0x13, 0x07,
	0x40, 0x40, 0x23, 0xa2, 0xe5, 0x88, 0x13, 0x03, 0x02, 0x00, 0x03, 0x3e, 0x82, 0x0f,
	0xb7, 0xd5, 0x00, 0x00, 0x13, 0x07, 0x70, 0x0c, 0x33, 0x86, 0xb7, 0x00, 0xf3, 0x26,
	0x00, 0xb0, 0x13, 0x00, 0x00, 0x00, 0xf3, 0x27, 0x00, 0xb0, 0xb3, 0x87, 0xd7, 0x40,
	0xe3, 0x7a, 0xf7, 0xfe, 0x83, 0x27, 0x46, 0x88, 0x93, 0xf7, 0xf7, 0x00, 0x63, 0x8e,
	0x07, 0x00, 0x83, 0x37, 0x83, 0x0f, 0xb3, 0x87, 0xc7, 0x41, 0xe3, 0x7c, 0xf5, 0xfc,
	0xb3, 0x87, 0x98, 0x01, 0xb3, 0x87, 0xb7, 0x00, 0x23, 0xa2, 0x07, 0x88, 0x9b, 0x57,
	0x68, 0x00, 0x9b, 0x97, 0x37, 0x00, 0x1b, 0x58, 0x88, 0x00, 0x93, 0xf7, 0x87, 0x01,
	0xb3, 0xe7, 0x07, 0x01, 0x13, 0x07, 0x10, 0x00, 0x3b, 0x17, 0xf7, 0x00, 0xb3, 0x88,
	0x98, 0x01, 0xb7, 0xc7, 0x00, 0x00, 0xb3, 0x87, 0xf8, 0x00, 0x23, 0xa8, 0xe7, 0x20,
	0x83, 0x27, 0xc4, 0x10, 0x37, 0x07, 0x00, 0xc0, 0xb3, 0xf7, 0xe7, 0x00, 0x63, 0x9a,
	0x07, 0x56, 0x37, 0xc6, 0x00, 0x00, 0x13, 0x07, 0x70, 0x0c, 0xb3, 0x85, 0xcd, 0x00,
	0xf3, 0x26, 0x00, 0xb0, 0x13, 0x00, 0x00, 0x00, 0xf3, 0x27, 0x00, 0xb0, 0xb3, 0x87,
	0xd7, 0x40, 0xe3, 0x7a, 0xf7, 0xfe, 0x83, 0xa7, 0x45, 0x2d, 0xe3, 0x94, 0x07, 0xfe,
	0x6f, 0xf0, 0x9f, 0x82, 0xb7, 0x07, 0x00, 0xa0, 0x93, 0x87, 0xc7, 0xff, 0x33, 0x03,
	0x18, 0x01, 0xb3, 0x77, 0xf5, 0x00, 0x37, 0x05, 0x00, 0x60, 0x23, 0x22, 0x53, 0x82,
	0xb3, 0xe7, 0xa7, 0x00, 0x23, 0x24, 0xe3, 0x82, 0x93, 0x86, 0x06, 0x20, 0x1b, 0x85,
	0x07, 0x00, 0x93, 0x07, 0x30, 0x00, 0x37, 0xc7, 0xad, 0xde, 0x93, 0x97, 0x07, 0x03,
	0x13, 0x07, 0xf7, 0xee, 0x23, 0xa4, 0xe7, 0x1c, 0xb7, 0x27, 0x03, 0x00, 0xb3, 0x87,
	0xfd, 0x00, 0x23, 0xa2, 0x07, 0x04, 0xb3, 0x08, 0x16, 0x01, 0x23, 0xa6, 0xf8, 0x8b,
	0x83, 0xa7, 0xc8, 0x8a, 0x93, 0x07, 0x02, 0x00, 0x03, 0xb7, 0x07, 0x03, 0xe3, 0x1e,
	0x07, 0xfe, 0x93, 0x08, 0x02, 0x00, 0x93, 0x07, 0x10, 0x00, 0x23, 0x38, 0xf2, 0x0c,
	0xb7, 0x07, 0x03, 0x00, 0xb3, 0x87, 0xfd, 0x00, 0x1b, 0x83, 0x06, 0x00, 0x23, 0xa0,
	0x67, 0x20, 0x13, 0xd7, 0x06, 0x42, 0xb7, 0x26, 0x03, 0x00, 0x23, 0xa2, 0xe7, 0x20,
	0x93, 0x86, 0x86, 0x04, 0x23, 0xa4, 0xd7, 0x20, 0x23, 0xa6, 0x07, 0x20, 0xb7, 0x26,
	0x00, 0x62, 0x23, 0xa0, 0xd7, 0x1e, 0x83, 0x36, 0x02, 0x4b, 0x9b, 0x8e, 0x06, 0x00,
	0x23, 0xa8, 0xd7, 0x27, 0x93, 0xd6, 0x06, 0x42, 0x23, 0xaa, 0xd7, 0x26, 0xb7, 0x06,
	0x00, 0x68, 0x93, 0x86, 0x46, 0x0e, 0x23, 0xa8, 0xd7, 0x20, 0x83, 0xb7, 0x08, 0x03,
	0xe3, 0x9e, 0x07, 0xfe, 0x93, 0x07, 0x10, 0x00, 0x23, 0x38, 0xf2, 0x0c, 0xb7, 0x07,
	0x03, 0x00, 0xb3, 0x87, 0xfd, 0x00, 0x23, 0xa0, 0x67, 0x20, 0x23, 0xa2, 0xe7, 0x20,
	0x37, 0x27, 0x03, 0x00, 0x13, 0x07, 0x87, 0x04, 0x23, 0xa4, 0xe7, 0x20, 0x23, 0xa6,
	0x07, 0x20, 0x37, 0x27, 0x00, 0x62, 0x23, 0xa0, 0xe7, 0x1e, 0x03, 0x37, 0x02, 0x4b,
	0x9b, 0x06, 0x07, 0x00, 0x23, 0xa8, 0xd7, 0x26, 0x13, 0x57, 0x07, 0x42, 0x23, 0xaa,
	0xe7, 0x26, 0x37, 0x07, 0x00, 0x68, 0x13, 0x07, 0x47, 0x00, 0x13, 0x03, 0x30, 0x00,
	0xb7, 0xc8, 0xad, 0xde, 0x23, 0xa8, 0xe7, 0x20, 0x13, 0x13, 0x03, 0x03, 0x13, 0x07,
	0xd0, 0x01, 0x93, 0x88, 0xf8, 0xee, 0x83, 0x2e, 0x83, 0x1c, 0x9b, 0x8e, 0x0e, 0x00,
	0xf3, 0x26, 0x00, 0xb0, 0x13, 0x00, 0x00, 0x00, 0xf3, 0x27, 0x00, 0xb0, 0xb3, 0x87,
	0xd7, 0x40, 0xe3, 0x7a, 0xf7, 0xfe, 0xe3, 0x82, 0x1e, 0xff, 0x93, 0x08, 0x02, 0x00,
	0x93, 0x07, 0x00, 0x00, 0x23, 0x38, 0xf2, 0x0c, 0xb7, 0xd7, 0x00, 0x00, 0x33, 0x07,
	0xf6, 0x00, 0xb7, 0x26, 0x00, 0x00, 0x23, 0x26, 0xd7, 0x8a, 0x93, 0x06, 0x30, 0x00,
	0x03, 0x27, 0xc7, 0x8a, 0x93, 0x96, 0x06, 0x03, 0x03, 0xa7, 0x86, 0x01, 0xb3, 0x07,
	0xf8, 0x00, 0x13, 0x77, 0x07, 0xff, 0x33, 0x67, 0xc7, 0x01, 0x23, 0xa8, 0xe7, 0x82,
	0x03, 0xa7, 0x07, 0x83, 0x63, 0x02, 0x07, 0x00, 0x03, 0xa7, 0x06, 0x02, 0x1b, 0x07,
	0x07, 0x00, 0x23, 0xaa, 0xe7, 0x82, 0x03, 0xa7, 0x86, 0x02, 0x1b, 0x07, 0x07, 0x00,
	0x23, 0xac, 0xe7, 0x82, 0x03, 0xa7, 0x06, 0x03, 0x1b, 0x07, 0x07, 0x00, 0x23, 0xae,
	0xe7, 0x82, 0x03, 0xa7, 0x86, 0x03, 0x1b, 0x07, 0x07, 0x00, 0x23, 0xa0, 0xe7, 0x84,
	0x03, 0xa7, 0x06, 0x04, 0x1b, 0x07, 0x07, 0x00, 0x23, 0xa2, 0xe7, 0x84, 0x03, 0xa7,
	0x86, 0x04, 0x1b, 0x07, 0x07, 0x00, 0x23, 0xa4, 0xe7, 0x84, 0x03, 0xa7, 0x06, 0x05,
	0x1b, 0x07, 0x07, 0x00, 0x23, 0xa6, 0xe7, 0x84, 0x03, 0xa7, 0x86, 0x05, 0x1b, 0x07,
	0x07, 0x00, 0x23, 0xa8, 0xe7, 0x84, 0x03, 0xa7, 0x06, 0x06, 0x1b, 0x07, 0x07, 0x00,
	0x23, 0xaa, 0xe7, 0x84, 0x03, 0xa7, 0x86, 0x06, 0x1b, 0x07, 0x07, 0x00, 0x23, 0xac,
	0xe7, 0x84, 0x03, 0xa7, 0x06, 0x07, 0x1b, 0x07, 0x07, 0x00, 0x23, 0xae, 0xe7, 0x84,
	0x03, 0xa7, 0x86, 0x08, 0x1b, 0x07, 0x07, 0x00, 0x23, 0xa4, 0xe7, 0x86, 0x23, 0xa0,
	0xa7, 0x86, 0x03, 0xa7, 0x06, 0x0e, 0x1b, 0x07, 0x07, 0x00, 0x23, 0xaa, 0xe7, 0x88,
	0x03, 0xa7, 0x86, 0x0e, 0x1b, 0x07, 0x07, 0x00, 0x23, 0xac, 0xe7, 0x88, 0x03, 0xa7,
	0x06, 0x0f, 0x1b, 0x07, 0x07, 0x00, 0x23, 0xae, 0xe7, 0x88, 0x03, 0xa7, 0x86, 0x0f,
	0x1b, 0x07, 0x07, 0x00, 0x23, 0xa0, 0xe7, 0x8a, 0x03, 0xa7, 0x06, 0x10, 0x1b, 0x07,
	0x07, 0x00, 0x23, 0xa2, 0xe7, 0x8a, 0x03, 0xa7, 0x86, 0x10, 0x1b, 0x07, 0x07, 0x00,
	0x23, 0xa4, 0xe7, 0x8a, 0x03, 0xa7, 0x86, 0x11, 0x1b, 0x07, 0x07, 0x00, 0x23, 0xa8,
	0xe7, 0x8a, 0x03, 0xa7, 0x86, 0x19, 0x1b, 0x07, 0x07, 0x00, 0x23, 0xa8, 0xe7, 0x8e,
	0x83, 0xb7, 0x08, 0x09, 0xe3, 0x9e, 0x07, 0xfe, 0x37, 0xd7, 0x00, 0x00, 0x33, 0x07,
	0xe8, 0x00, 0x9b, 0x86, 0x05, 0x00, 0x23, 0x2c, 0xd7, 0x84, 0x1b, 0x0f, 0x0f, 0x00,
	0x23, 0x2e, 0xe7, 0x85, 0x03, 0x27, 0x87, 0x86, 0x13, 0x07, 0x02, 0x00, 0x23, 0x30,
	0xf2, 0x12, 0x23, 0x3c, 0xf2, 0x0c, 0x23, 0x30, 0xf2, 0x12, 0x23, 0x3c, 0xf2, 0x0c,
	0x83, 0x37, 0x82, 0x02, 0x37, 0x45, 0x00, 0x00, 0x9b, 0x16, 0x4e, 0x01, 0xb3, 0xe6,
	0xa6, 0x00, 0x93, 0x96, 0x06, 0x02, 0x93, 0xd7, 0x67, 0x02, 0x93, 0xd6, 0x06, 0x02,
	0x23, 0x2c, 0xd2, 0x08, 0x83, 0x66, 0x82, 0x02, 0x63, 0x82, 0x06, 0x00, 0x83, 0x66,
	0x82, 0x02, 0x63, 0x82, 0x06, 0x00, 0x03, 0xe5, 0x05, 0x00, 0x83, 0xe6, 0x45, 0x00,
	0x93, 0x96, 0x06, 0x02, 0xb3, 0xe6, 0xa6, 0x00, 0x03, 0x35, 0x07, 0x09, 0xe3, 0x1e,
	0x05, 0xfe, 0x37, 0x07, 0xf0, 0x00, 0x9b, 0x97, 0x47, 0x01, 0xb3, 0xf7, 0xe7, 0x00,
	0x93, 0xe7, 0x87, 0x00, 0x93, 0x97, 0x07, 0x02, 0x93, 0x05, 0x02, 0x00, 0x93, 0xd7,
	0x07, 0x02, 0x23, 0x2c, 0xf2, 0x08, 0x83, 0x67, 0x82, 0x02, 0x63, 0x82, 0x07, 0x00,
	0x83, 0x67, 0x82, 0x02, 0x63, 0x82, 0x07, 0x00, 0xb7, 0xd7, 0x00, 0x00, 0x33, 0x08,
	0xf8, 0x00, 0x1b, 0x87, 0x06, 0x00, 0x23, 0x2e, 0xe8, 0x8e, 0x93, 0xd6, 0x06, 0x42,
	0x23, 0x20, 0xd8, 0x90, 0x93, 0x06, 0x10, 0x00, 0x23, 0x26, 0xd8, 0x82, 0x03, 0x27,
	0x88, 0x86, 0xb3, 0x07, 0xf6, 0x00, 0xb7, 0x38, 0x00, 0x00, 0x23, 0xa6, 0x17, 0x8b,
	0x1b, 0x57, 0x87, 0x01, 0x83, 0xa7, 0xc7, 0x8a, 0x13, 0x77, 0x37, 0x00, 0x23, 0x30,
	0xe2, 0x12, 0x13, 0x17, 0x77, 0x00, 0x23, 0x3c, 0xe2, 0x0c, 0x83, 0x27, 0x88, 0x82,
	0x03, 0x27, 0x48, 0x82, 0x9b, 0x87, 0x07, 0x00, 0x1b, 0x07, 0x07, 0x00, 0x23, 0x30,
	0xa2, 0x12, 0x13, 0x17, 0x07, 0x02, 0x13, 0x57, 0x07, 0x02, 0x93, 0x97, 0x07, 0x02,
	0xb3, 0xe7, 0xe7, 0x00, 0x93, 0x87, 0x87, 0x20, 0x23, 0xa0, 0xd7, 0x00, 0x83, 0xb7,
	0x05, 0x09, 0xe3, 0x9e, 0x07, 0xfe, 0xb7, 0xd7, 0x00, 0x00, 0xb3, 0x07, 0xf6, 0x00,
	0x37, 0x27, 0x00, 0x00, 0x23, 0xa6, 0xe7, 0x8a, 0x83, 0xa7, 0xc7, 0x8a, 0x6f, 0xb0,
	0x9f, 0xff, 0x9b, 0x97, 0x17, 0x00, 0x13, 0x77, 0x38, 0x00, 0x93, 0xf7, 0x67, 0x00,
	0xbb, 0x87, 0xe7, 0x00, 0x1b, 0x97, 0x37, 0x00, 0xbb, 0x07, 0xf7, 0x40, 0x9b, 0x97,
	0x27, 0x00, 0x93, 0x97, 0x07, 0x02, 0x93, 0xd7, 0x07, 0x02, 0x93, 0x88, 0x08, 0x40,
	0xb3, 0x87, 0x17, 0x01, 0x6f, 0xc0, 0x9f, 0xa2, 0xb7, 0x07, 0x08, 0x34, 0x33, 0x63,
	0xf7, 0x00, 0x6f, 0xc0, 0x5f, 0x9c, 0xb3, 0x87, 0xfd, 0x00, 0x03, 0xa6, 0x47, 0x00,
	0x1b, 0x06, 0x06, 0x00, 0x6f, 0xd0, 0xcf, 0xa4, 0xb3, 0x87, 0x95, 0x01, 0xb7, 0xd6,
	0x00, 0x00, 0xb3, 0x87, 0xd7, 0x00, 0x23, 0xa2, 0x07, 0x88, 0x03, 0xa7, 0xc7, 0x87,
	0x13, 0x17, 0x17, 0x02, 0x13, 0x57, 0x17, 0x02, 0x23, 0xae, 0xe7, 0x86, 0x83, 0xa7,
	0xc7, 0x82, 0x93, 0xf7, 0x17, 0x00, 0x63, 0x86, 0x07, 0xe6, 0xb3, 0x87, 0x95, 0x01,
	0xb3, 0x87, 0xd7, 0x00, 0x83, 0xa6, 0x07, 0x86, 0x83, 0xa5, 0x47, 0x82, 0x03, 0xa7,
	0x87, 0x82, 0x83, 0xa7, 0xc7, 0x8a, 0xb3, 0xf6, 0x46, 0x01, 0x37, 0x05, 0x00, 0x80,
	0x9b, 0xd7, 0x87, 0x01, 0xb3, 0xe6, 0xa6, 0x00, 0x9b, 0x85, 0x05, 0x00, 0x1b, 0x07,
	0x07, 0x00, 0x93, 0xf7, 0x37, 0x00, 0x23, 0x30, 0xf2, 0x12, 0x93, 0x97, 0x77, 0x00,
	0x23, 0x3c, 0xf2, 0x0c, 0x93, 0x07, 0x00, 0x00, 0x23, 0x30, 0xf2, 0x12, 0x93, 0x17,
	0x07, 0x02, 0x13, 0x97, 0x05, 0x02, 0x13, 0x57, 0x07, 0x02, 0xb3, 0xe7, 0xe7, 0x00,
	0x23, 0xa0, 0xd7, 0x3c, 0x6f, 0xf0, 0xcf, 0xe0, 0x83, 0x67, 0x44, 0x16, 0x03, 0x27,
	0xc4, 0x16, 0x93, 0x97, 0x27, 0x00, 0xb3, 0x87, 0xfd, 0x00, 0x23, 0xa0, 0xe7, 0x00,
	0x6f, 0xe0, 0x1f, 0xfe, 0x93, 0x05, 0x00, 0x60, 0x6f, 0xd0, 0x1f, 0xcd, 0x33, 0x87,
	0xed, 0x00, 0x03, 0x26, 0x07, 0x00, 0x1b, 0x06, 0x06, 0x00, 0x63, 0x80, 0x65, 0xf0,
	0x13, 0x78, 0xc8, 0x00, 0x63, 0x1e, 0x08, 0x82, 0x63, 0x94, 0x05, 0x00, 0x6f, 0xd0,
	0xcf, 0x99, 0x93, 0x07, 0x20, 0x00, 0x63, 0x84, 0xf5, 0x00, 0x6f, 0xb0, 0x5f, 0xed,
	0x03, 0x67, 0x04, 0x17, 0x83, 0x67, 0xc4, 0x16, 0x13, 0x17, 0x07, 0x02, 0x33, 0x67,
	0xf7, 0x00, 0x23, 0x20, 0xc7, 0x00, 0x6f, 0xd0, 0x4f, 0xd5, 0x03, 0x27, 0xc4, 0x16,
	0x93, 0x96, 0x07, 0x02, 0x93, 0xd7, 0xe6, 0x01, 0xb3, 0x87, 0xfd, 0x00, 0x23, 0xa0,
	0xe7, 0x00, 0x6f, 0xe0, 0x5f, 0xef, 0x03, 0x27, 0xc4, 0x16, 0xb7, 0x17, 0x03, 0x00,
	0xb3, 0x87, 0xfd, 0x00, 0x1b, 0x57, 0x27, 0x00, 0x23, 0xaa, 0xe7, 0x00, 0x6f, 0xf0,
	0x0f, 0xe8, 0x37, 0xc7, 0x00, 0x00, 0xb3, 0x07, 0x95, 0x01, 0xb3, 0x87, 0xe7, 0x00,
	0x23, 0xa2, 0x07, 0x3e, 0x6f, 0xb0, 0x9f, 0xe7, 0x13, 0x07, 0x00, 0x00, 0x23, 0x30,
	0xe2, 0x12, 0x83, 0x36, 0x84, 0x13, 0x03, 0x36, 0x04, 0x14, 0x37, 0x07, 0x00, 0x40,
	0x23, 0xb0, 0xc6, 0x00, 0x63, 0x94, 0xe7, 0x00, 0x6f, 0xb0, 0x9f, 0xe5, 0x93, 0x06,
	0x02, 0x00, 0x03, 0xb7, 0x06, 0x09, 0x1b, 0x07, 0x07, 0x00, 0xe3, 0x1c, 0x07, 0xfe,
	0x37, 0x07, 0x00, 0x80, 0x63, 0x94, 0xe7, 0x00, 0x6f, 0xb0, 0xdf, 0xe3, 0x37, 0xc7,
	0x00, 0x00, 0x93, 0x05, 0x70, 0x0c, 0x33, 0x86, 0xed, 0x00, 0xf3, 0x26, 0x00, 0xb0,
	0x13, 0x00, 0x00, 0x00, 0xf3, 0x27, 0x00, 0xb0, 0xb3, 0x87, 0xd7, 0x40, 0xe3, 0xfa,
	0xf5, 0xfe, 0x83, 0x27, 0x46, 0x2d, 0xe3, 0x94, 0x07, 0xfe, 0x83, 0x36, 0x82, 0x06,
	0x03, 0x26, 0xc4, 0x10, 0x83, 0x67, 0x44, 0x52, 0x33, 0x87, 0xed, 0x00, 0x13, 0x15,
	0x46, 0x02, 0x13, 0x55, 0x45, 0x02, 0x23, 0x2e, 0xa7, 0x2c, 0x9b, 0x96, 0xc6, 0x01,
	0x23, 0x2e, 0xd7, 0x0c, 0x93, 0x97, 0x07, 0x02, 0x23, 0x22, 0xb7, 0x0e, 0xb3, 0x87,
	0x97, 0x01, 0x37, 0xd7, 0x00, 0x00, 0xb3, 0x87, 0xe7, 0x00, 0x83, 0x26, 0x04, 0x4e,
	0x83, 0xa7, 0x07, 0x83, 0x1b, 0xd7, 0xf6, 0x01, 0x9b, 0x87, 0x07, 0x00, 0x63, 0x18,
	0x07, 0xd2, 0xb7, 0x07, 0x01, 0x00, 0x33, 0x66, 0xf6, 0x00, 0x23, 0x26, 0xc4, 0x10,
	0x6f, 0xe0, 0x1f, 0xcd, 0x37, 0xd6, 0x00, 0x00, 0x93, 0x05, 0xc1, 0x02, 0x13, 0x05,
	0x36, 0x85, 0x23, 0x26, 0x01, 0x02, 0xef, 0x80, 0x90, 0x0d, 0x13, 0x07, 0x10, 0x00,
	0x23, 0x28, 0xe2, 0x46, 0x83, 0x67, 0x82, 0x02, 0x63, 0x82, 0x07, 0x00, 0xb7, 0xc7,
	0x00, 0x00, 0xb3, 0x06, 0x9b, 0x01, 0x1b, 0x97, 0x3b, 0x00, 0xb3, 0x86, 0xf6, 0x00,
	0x33, 0xe7, 0xea, 0x00, 0x93, 0x07, 0x10, 0x00, 0x03, 0xa5, 0xc6, 0x3b, 0x83, 0x25,
	0xc1, 0x02, 0xbb, 0x97, 0xe7, 0x00, 0x93, 0xc7, 0xf7, 0xff, 0x9b, 0x87, 0x07, 0x00,
	0xb3, 0xf5, 0xf5, 0x00, 0x37, 0xd6, 0x00, 0x00, 0x93, 0x77, 0xf5, 0xfb, 0x23, 0xae,
	0xf6, 0x3a, 0x13, 0x05, 0x36, 0x85, 0x23, 0x30, 0xb1, 0x00, 0xef, 0x80, 0x40, 0x76,
	0x83, 0x35, 0x01, 0x00, 0xb3, 0x07, 0x9b, 0x01, 0x37, 0xf7, 0x03, 0x00, 0xb3, 0x87,
	0xe7, 0x00, 0x23, 0xac, 0xb7, 0x04, 0x23, 0x38, 0x02, 0x46, 0x83, 0x67, 0x82, 0x02,
	0x63, 0x82, 0x07, 0x00, 0x6f, 0xf0, 0xcf, 0x86, 0x93, 0x07, 0x10, 0x00, 0x6f, 0xe0,
	0x0f, 0xf3, 0x93, 0x08, 0x00, 0x00, 0x6f, 0xe0, 0x5f, 0xc9, 0x03, 0x23, 0x84, 0x14,
	0x03, 0x27, 0x44, 0x12, 0x83, 0x28, 0xc4, 0x14, 0xb3, 0x86, 0x0d, 0x01, 0x83, 0x25,
	0x04, 0x15, 0x23, 0xa8, 0x66, 0x34, 0x1b, 0x56, 0x86, 0x00, 0x1b, 0x17, 0x17, 0x00,
	0x23, 0xaa, 0x16, 0x35, 0x33, 0x67, 0xc7, 0x00, 0x23, 0xac, 0xb6, 0x34, 0x1b, 0x07,
	0x07, 0x00, 0x33, 0x06, 0x95, 0x01, 0x23, 0xae, 0xe6, 0x34, 0x33, 0x07, 0x06, 0x01,
	0x83, 0xa6, 0xc6, 0x35, 0x23, 0x22, 0xf7, 0x3e, 0x83, 0x27, 0x47, 0x3e, 0x03, 0x66,
	0x04, 0x52, 0xb7, 0x97, 0x98, 0x00, 0x93, 0x87, 0x07, 0x68, 0x33, 0x06, 0xf6, 0x02,
	0x13, 0x05, 0x02, 0x00, 0x03, 0x38, 0x82, 0x0f, 0xb7, 0xc7, 0x00, 0x00, 0x93, 0x06,
	0x70, 0x0c, 0x33, 0x87, 0xfd, 0x00, 0xf3, 0x25, 0x00, 0xb0, 0x13, 0x00, 0x00, 0x00,
	0xf3, 0x27, 0x00, 0xb0, 0xb3, 0x87, 0xb7, 0x40, 0xe3, 0xfa, 0xf6, 0xfe, 0x83, 0x37,
	0x85, 0x0f, 0xb3, 0x87, 0x07, 0x41, 0x63, 0x74, 0xf6, 0x00, 0x6f, 0xb0, 0x9f, 0xc8,
	0x83, 0x27, 0xc7, 0x35, 0xe3, 0x9c, 0x07, 0xfc, 0x6f, 0xb0, 0xdf, 0xc7, 0x93, 0x0b,
	0x00, 0x00, 0x6f, 0xe0, 0x1f, 0xec, 0x93, 0x0b, 0x00, 0x00, 0x93, 0x0a, 0x10, 0x00,
	0x6f, 0xe0, 0x5f, 0xeb, 0x93, 0x0b, 0x10, 0x00, 0x6f, 0xe0, 0xdf, 0xea, 0x13, 0x07,
	0x00, 0x00, 0x1b, 0x17, 0x67, 0x00, 0x9b, 0x97, 0x87, 0x00, 0xb3, 0xe7, 0xe7, 0x00,
	0x93, 0x97, 0x07, 0x02, 0xb3, 0x87, 0x97, 0x01, 0xb7, 0xc6, 0x00, 0x00, 0x37, 0x97,
	0x00, 0x00, 0x33, 0x87, 0xed, 0x00, 0xb3, 0x87, 0xd7, 0x00, 0x93, 0x06, 0x00, 0x01,
	0x83, 0xa5, 0xc7, 0x37, 0x03, 0xa6, 0x87, 0x37, 0x03, 0x25, 0x47, 0x10, 0x23, 0x22,
	0xd7, 0x10, 0x83, 0x26, 0x47, 0x10, 0x13, 0x08, 0x20, 0x01, 0x83, 0x26, 0x87, 0x11,
	0x23, 0x22, 0x07, 0x11, 0x03, 0x28, 0x47, 0x10, 0x83, 0x28, 0x87, 0x11, 0x13, 0x08,
	0x40, 0x01, 0x23, 0x22, 0x07, 0x11, 0x03, 0x28, 0x47, 0x10, 0x13, 0x03, 0x80, 0x01,
	0x03, 0x28, 0x87, 0x11, 0x23, 0x22, 0x67, 0x10, 0x03, 0x23, 0x47, 0x10, 0x03, 0x2e,
	0x87, 0x11, 0x13, 0x03, 0xc0, 0x01, 0x23, 0x22, 0x67, 0x10, 0x03, 0x23, 0x47, 0x10,
	0x1b, 0x05, 0x05, 0x00, 0x03, 0x23, 0x87, 0x11, 0x93, 0xf6, 0xf6, 0x3f, 0x23, 0x22,
	0xa7, 0x10, 0x93, 0xf8, 0xf8, 0x3f, 0x03, 0xa5, 0x87, 0x3b, 0x3b, 0x87, 0x16, 0x01,
	0x83, 0xa8, 0x07, 0x3c, 0x93, 0x76, 0xf8, 0x3f, 0x03, 0xa8, 0x47, 0x3c, 0xbb, 0x07,
	0xd7, 0x00, 0x13, 0x77, 0xfe, 0x3f, 0xbb, 0x87, 0xe7, 0x00, 0x13, 0x73, 0xf3, 0x3f,
	0x9b, 0x86, 0x05, 0x00, 0x1b, 0x07, 0x06, 0x00, 0x9b, 0x05, 0x08, 0x00, 0x1b, 0x06,
	0x05, 0x00, 0xbb, 0x87, 0x67, 0x00, 0x1b, 0x85, 0x08, 0x00, 0x13, 0x08, 0x02, 0x00,
	0x83, 0x38, 0x82, 0x0f, 0x13, 0x17, 0x07, 0x02, 0x13, 0x57, 0x07, 0x02, 0x93, 0x96,
	0x06, 0x02, 0xb3, 0xe6, 0xe6, 0x00, 0x13, 0x07, 0x00, 0x00, 0x23, 0x30, 0xe2, 0x12,
	0x23, 0xbc, 0x16, 0x15, 0x03, 0x37, 0x08, 0x09, 0x1b, 0x07, 0x07, 0x00, 0xe3, 0x1c,
	0x07, 0xfe, 0x23, 0xa8, 0xf6, 0x16, 0x23, 0xaa, 0xa6, 0x16, 0x23, 0xac, 0xb6, 0x16,
	0x23, 0xae, 0xc6, 0x16, 0x13, 0x07, 0x02, 0x00, 0x83, 0x37, 0x07, 0x09, 0x9b, 0x87,
	0x07, 0x00, 0xe3, 0x9c, 0x07, 0xfe, 0x37, 0x16, 0x03, 0x00, 0xb3, 0x87, 0xcd, 0x00,
	0x23, 0xa0, 0x07, 0x80, 0x83, 0x37, 0x02, 0x2f, 0x9b, 0x87, 0x07, 0x00, 0x63, 0x80,
	0x07, 0x2c, 0xb7, 0xd7, 0x00, 0x00, 0x33, 0x85, 0xfd, 0x00, 0x33, 0x87, 0xcd, 0x00,
	0x93, 0x05, 0x00, 0x10, 0x03, 0x28, 0x85, 0xe0, 0x03, 0x25, 0xc5, 0xe0, 0x23, 0x20,
	0xb7, 0x80, 0x03, 0x37, 0x02, 0x2f, 0x1b, 0x07, 0x07, 0x00, 0x63, 0x0c, 0x07, 0x28,
	0x33, 0x87, 0xfd, 0x00, 0x03, 0x25, 0x87, 0xe0, 0x03, 0x27, 0xc7, 0xe0, 0x33, 0x87,
	0xcd, 0x00, 0x23, 0x20, 0x07, 0x80, 0x03, 0x37, 0x02, 0x2f, 0x1b, 0x07, 0x07, 0x00,
	0x63, 0x0c, 0x07, 0x26, 0x33, 0x88, 0xfd, 0x00, 0x33, 0x87, 0xcd, 0x00, 0x13, 0x05,
	0x10, 0x00, 0x03, 0x28, 0xc8, 0xe2, 0x23, 0x20, 0xa7, 0x80, 0x03, 0x37, 0x02, 0x2f,
	0x1b, 0x07, 0x07, 0x00, 0x63, 0x0c, 0x07, 0x24, 0x33, 0x88, 0xfd, 0x00, 0x33, 0x87,
	0xcd, 0x00, 0x03, 0x28, 0xc8, 0xe2, 0x23, 0x20, 0xb7, 0x80, 0x03, 0x37, 0x02, 0x2f,
	0x1b, 0x07, 0x07, 0x00, 0x63, 0x0e, 0x07, 0x22, 0x33, 0x88, 0xfd, 0x00, 0x03, 0x28,
	0xc8, 0xe2, 0x33, 0x87, 0xcd, 0x00, 0x13, 0x08, 0x10, 0x10, 0x23, 0x20, 0x07, 0x81,
	0x03, 0x37, 0x02, 0x2f, 0x1b, 0x07, 0x07, 0x00, 0x63, 0x0e, 0x07, 0x20, 0x33, 0x87,
	0xfd, 0x00, 0x03, 0x27, 0xc7, 0xe2, 0x33, 0x87, 0xcd, 0x00, 0x23, 0x20, 0x07, 0x80,
	0x03, 0x37, 0x02, 0x2f, 0x1b, 0x07, 0x07, 0x00, 0x63, 0x00, 0x07, 0x20, 0x33, 0x88,
	0xfd, 0x00, 0x33, 0x87, 0xcd, 0x00, 0x03, 0x28, 0x48, 0xe7, 0x23, 0x20, 0xa7, 0x80,
	0x03, 0x37, 0x02, 0x2f, 0x1b, 0x07, 0x07, 0x00, 0x63, 0x02, 0x07, 0x1e, 0xb3, 0x87,
	0xfd, 0x00, 0x33, 0x87, 0xcd, 0x00, 0x83, 0xa7, 0x47, 0xe7, 0x23, 0x20, 0xb7, 0x80,
	0x83, 0x37, 0x02, 0x2f, 0x9b, 0x87, 0x07, 0x00, 0x63, 0x84, 0x07, 0x1c, 0xb7, 0xd7,
	0x00, 0x00, 0x37, 0x16, 0x03, 0x00, 0xb3, 0x85, 0xfd, 0x00, 0x33, 0x87, 0xcd, 0x00,
	0x13, 0x05, 0x10, 0x10, 0x83, 0xa5, 0x45, 0xe7, 0x23, 0x20, 0xa7, 0x80, 0x03, 0x37,
	0x02, 0x2f, 0x1b, 0x07, 0x07, 0x00, 0x63, 0x00, 0x07, 0x1a, 0x33, 0x87, 0xfd, 0x00,
	0x03, 0x27, 0x47, 0xe7, 0x33, 0x87, 0xcd, 0x00, 0x23, 0x20, 0x07, 0x80, 0x03, 0x37,
	0x02, 0x2f, 0x1b, 0x07, 0x07, 0x00, 0x63, 0x02, 0x07, 0x18, 0xb3, 0x85, 0xfd, 0x00,
	0x83, 0xa5, 0xc5, 0xe3, 0x33, 0x87, 0xcd, 0x00, 0x93, 0x05, 0x10, 0x00, 0x23, 0x20,
	0xb7, 0x80, 0x03, 0x37, 0x02, 0x2f, 0x1b, 0x07, 0x07, 0x00, 0x63, 0x02, 0x07, 0x16,
	0x33, 0x88, 0xfd, 0x00, 0x33, 0x87, 0xcd, 0x00, 0x93, 0x05, 0x00, 0x10, 0x03, 0x28,
	0xc8, 0xe3, 0x23, 0x20, 0xb7, 0x80, 0x03, 0x37, 0x02, 0x2f, 0x1b, 0x07, 0x07, 0x00,
	0x63, 0x02, 0x07, 0x14, 0x33, 0x88, 0xfd, 0x00, 0x33, 0x87, 0xcd, 0x00, 0x03, 0x28,
	0xc8, 0xe3, 0x23, 0x20, 0xa7, 0x80, 0x03, 0x37, 0x02, 0x2f, 0x1b, 0x07, 0x07, 0x00,
	0x63, 0x04, 0x07, 0x12, 0x33, 0x87, 0xfd, 0x00, 0x03, 0x27, 0xc7, 0xe3, 0x33, 0x87,
	0xcd, 0x00, 0x23, 0x20, 0x07, 0x80, 0x03, 0x37, 0x02, 0x2f, 0x1b, 0x07, 0x07, 0x00,
	0x63, 0x06, 0x07, 0x10, 0x33, 0x85, 0xfd, 0x00, 0x33, 0x87, 0xcd, 0x00, 0x03, 0x25,
	0xc5, 0xe4, 0x23, 0x20, 0xb7, 0x80, 0x03, 0x37, 0x02, 0x2f, 0x1b, 0x07, 0x07, 0x00,
	0x63, 0x08, 0x07, 0x0e, 0x33, 0x87, 0xfd, 0x00, 0x03, 0x27, 0xc7, 0xe4, 0x33, 0x87,
	0xcd, 0x00, 0x23, 0x20, 0x07, 0x80, 0x03, 0x37, 0x02, 0x2f, 0x1b, 0x07, 0x07, 0x00,
	0x63, 0x0a, 0x07, 0x0c, 0x33, 0x85, 0xfd, 0x00, 0x33, 0x87, 0xcd, 0x00, 0x03, 0x25,
	0x05, 0xe3, 0x23, 0x20, 0xb7, 0x80, 0x03, 0x37, 0x02, 0x2f, 0x1b, 0x07, 0x07, 0x00,
	0x63, 0x0c, 0x07, 0x0a, 0xb3, 0x87, 0xfd, 0x00, 0x33, 0x87, 0xcd, 0x00, 0x83, 0xa7,
	0x07, 0xe3, 0x23, 0x20, 0x07, 0x80, 0x83, 0x37, 0x02, 0x2f, 0x9b, 0x87, 0x07, 0x00,
	0x63, 0x8e, 0x07, 0x08, 0xb7, 0xd7, 0x00, 0x00, 0x33, 0x87, 0xfd, 0x00, 0x03, 0x27,
	0x07, 0xeb, 0x37, 0x16, 0x03, 0x00, 0x33, 0x87, 0xcd, 0x00, 0x23, 0x20, 0x07, 0x80,
	0x03, 0x37, 0x02, 0x2f, 0x1b, 0x07, 0x07, 0x00, 0x63, 0x0c, 0x07, 0x06, 0xb3, 0x85,
	0xfd, 0x00, 0x83, 0xa5, 0x45, 0xe6, 0x33, 0x87, 0xcd, 0x00, 0xb7, 0x05, 0x01, 0x00,
	0x23, 0x20, 0xb7, 0x80, 0x03, 0x37, 0x02, 0x2f, 0x1b, 0x07, 0x07, 0x00, 0x63, 0x0c,
	0x07, 0x04, 0xb3, 0x87, 0xfd, 0x00, 0x83, 0xa7, 0x47, 0xe6, 0x33, 0x87, 0xcd, 0x00,
	0xb7, 0x07, 0x00, 0xe0, 0x23, 0x20, 0xf7, 0x80, 0x13, 0x06, 0x02, 0x00, 0x93, 0x07,
	0x00, 0x00, 0x23, 0x30, 0xf2, 0x12, 0xb7, 0x17, 0x87, 0xd7, 0x93, 0x87, 0x27, 0xf4,
	0x23, 0xa0, 0xf6, 0x16, 0xb7, 0x57, 0x6c, 0xc9, 0x93, 0x87, 0x57, 0x79, 0x23, 0xa2,
	0xf6, 0x16, 0x83, 0x37, 0x06, 0x09, 0x9b, 0x87, 0x07, 0x00, 0xe3, 0x9c, 0x07, 0xfe,
	0x6f, 0xc0, 0xdf, 0xcd, 0x13, 0x07, 0x00, 0x00, 0x93, 0x07, 0x10, 0x00, 0x6f, 0xf0,
	0x5f, 0xc1, 0x37, 0x15, 0x00, 0x00, 0x13, 0x05, 0x25, 0x1c, 0xef, 0x80, 0xd0, 0x1c,
	0xb3, 0x85, 0x0d, 0x01, 0x03, 0xa3, 0xc5, 0x68, 0xb3, 0x06, 0x95, 0x01, 0xb3, 0x86,
	0x06, 0x01, 0x13, 0x67, 0x13, 0x00, 0x23, 0xa6, 0xe5, 0x68, 0x83, 0xa7, 0xc5, 0x68,
	0x03, 0xa5, 0xc6, 0x3b, 0x93, 0x07, 0x20, 0x00, 0x03, 0xa7, 0x46, 0x3c, 0xbb, 0x97,
	0xa7, 0x00, 0x9b, 0x87, 0xf7, 0xff, 0x33, 0x77, 0xf7, 0x00, 0x1b, 0x07, 0x07, 0x00,
	0x23, 0xac, 0xe6, 0x3a, 0x03, 0xa5, 0x86, 0x3b, 0x83, 0x28, 0x84, 0x14, 0x23, 0xa0,
	0xe6, 0x3c, 0x83, 0x27, 0x44, 0x12, 0x03, 0xa7, 0x05, 0x3c, 0x03, 0x28, 0xc4, 0x14,
	0x03, 0x25, 0x04, 0x15, 0x23, 0xa8, 0x15, 0x35, 0x1b, 0x57, 0x86, 0x00, 0x9b, 0x97,
	0x17, 0x00, 0x23, 0xaa, 0x05, 0x35, 0xb3, 0xe7, 0xe7, 0x00, 0x23, 0xac, 0xa5, 0x34,
	0x9b, 0x87, 0x07, 0x00, 0x23, 0xae, 0xf5, 0x34, 0x83, 0xa7, 0xc5, 0x35, 0x23, 0xa2,
	0x06, 0x3e, 0x9b, 0x07, 0x03, 0x00, 0x03, 0xa7, 0x46, 0x3e, 0x23, 0xa6, 0xf5, 0x68,
	0x83, 0xa7, 0xc5, 0x68, 0x03, 0x66, 0x04, 0x52, 0xb7, 0x97, 0x98, 0x00, 0x93, 0x87,
	0x07, 0x68, 0x33, 0x06, 0xf6, 0x02, 0x13, 0x05, 0x02, 0x00, 0x03, 0x38, 0x82, 0x0f,
	0xb7, 0xc7, 0x00, 0x00, 0x93, 0x06, 0x70, 0x0c, 0x33, 0x87, 0xfd, 0x00, 0xf3, 0x25,
	0x00, 0xb0, 0x13, 0x00, 0x00, 0x00, 0xf3, 0x27, 0x00, 0xb0, 0xb3, 0x87, 0xb7, 0x40,
	0xe3, 0xfa, 0xf6, 0xfe, 0x83, 0x37, 0x85, 0x0f, 0xb3, 0x87, 0x07, 0x41, 0x63, 0x74,
	0xf6, 0x00, 0x6f, 0xb0, 0x8f, 0xf8, 0x83, 0x27, 0xc7, 0x35, 0xe3, 0x9c, 0x07, 0xfc,
	0x6f, 0xb0, 0xcf, 0xf7, 0xb3, 0x85, 0x0d, 0x01, 0x03, 0xa3, 0xc5, 0x68, 0xb3, 0x06,
	0x95, 0x01, 0xb3, 0x86, 0x06, 0x01, 0x13, 0x67, 0x13, 0x00, 0x23, 0xa6, 0xe5, 0x68,
	0x83, 0xa7, 0xc5, 0x68, 0x03, 0xa5, 0xc6, 0x3b, 0x93, 0x07, 0x20, 0x00, 0x03, 0xa7,
	0x46, 0x3c, 0xbb, 0x97, 0xa7, 0x00, 0x9b, 0x87, 0xf7, 0xff, 0x33, 0x77, 0xf7, 0x00,
	0x1b, 0x07, 0x07, 0x00, 0x23, 0xac, 0xe6, 0x3a, 0x03, 0xa5, 0x86, 0x3b, 0x83, 0x28,
	0x84, 0x14, 0x23, 0xa0, 0xe6, 0x3c, 0x83, 0x27, 0x44, 0x12, 0x03, 0xa7, 0x05, 0x3c,
	0x03, 0x28, 0xc4, 0x14, 0x03, 0x25, 0x04, 0x15, 0x23, 0xa8, 0x15, 0x35, 0x1b, 0x57,
	0x86, 0x00, 0x9b, 0x97, 0x17, 0x00, 0x23, 0xaa, 0x05, 0x35, 0xb3, 0xe7, 0xe7, 0x00,
	0x23, 0xac, 0xa5, 0x34, 0x9b, 0x87, 0x07, 0x00, 0x23, 0xae, 0xf5, 0x34, 0x83, 0xa7,
	0xc5, 0x35, 0x23, 0xa2, 0x06, 0x3e, 0x9b, 0x07, 0x03, 0x00, 0x03, 0xa7, 0x46, 0x3e,
	0x23, 0xa6, 0xf5, 0x68, 0x83, 0xa7, 0xc5, 0x68, 0x03, 0x66, 0x04, 0x52, 0xb7, 0x97,
	0x98, 0x00, 0x93, 0x87, 0x07, 0x68, 0x33, 0x06, 0xf6, 0x02, 0x13, 0x05, 0x02, 0x00,
	0x03, 0x38, 0x82, 0x0f, 0xb7, 0xc7, 0x00, 0x00, 0x93, 0x06, 0x70, 0x0c, 0x33, 0x87,
	0xfd, 0x00, 0xf3, 0x25, 0x00, 0xb0, 0x13, 0x00, 0x00, 0x00, 0xf3, 0x27, 0x00, 0xb0,
	0xb3, 0x87, 0xb7, 0x40, 0xe3, 0xfa, 0xf6, 0xfe, 0x83, 0x37, 0x85, 0x0f, 0xb3, 0x87,
	0x07, 0x41, 0x63, 0x74, 0xf6, 0x00, 0x6f, 0xb0, 0x4f, 0xea, 0x83, 0x27, 0xc7, 0x35,
	0xe3, 0x9c, 0x07, 0xfc, 0x6f, 0xb0, 0x8f, 0xe9, 0x93, 0x07, 0x00, 0x00, 0x6f, 0xe0,
	0x0f, 0x8a, 0x93, 0x07, 0x00, 0x00, 0x13, 0x07, 0x10, 0x00, 0x6f, 0xe0, 0x4f, 0x89,
	0x13, 0x07, 0x10, 0x00, 0x6f, 0xf0, 0x5f, 0xa2, 0x13, 0x07, 0x10, 0x00, 0x93, 0x07,
	0x10, 0x00, 0x6f, 0xf0, 0x9f, 0xa1, 0x13, 0x01, 0x01, 0xf5, 0x23, 0x30, 0x81, 0x0a,
	0x23, 0x34, 0xb1, 0x04, 0x13, 0x84, 0x05, 0x00, 0x23, 0x34, 0x11, 0x0a, 0x23, 0x3c,
	0x91, 0x08, 0x23, 0x38, 0x21, 0x09, 0x23, 0x34, 0x31, 0x09, 0x23, 0x30, 0x41, 0x09,
	0x23, 0x3c, 0x51, 0x07, 0x23, 0x38, 0x61, 0x07, 0x23, 0x34, 0x71, 0x07, 0x23, 0x30,
	0x81, 0x07, 0x23, 0x30, 0xa1, 0x04, 0xef, 0x80, 0x40, 0x60, 0x13, 0x76, 0xf4, 0x0f,
	0x93, 0x05, 0xc0, 0x00, 0x9b, 0x07, 0x10, 0x00, 0x93, 0x97, 0x17, 0x03, 0x37, 0x07,
	0x01, 0x00, 0x1b, 0x07, 0x17, 0x00, 0x13, 0x17, 0x07, 0x02, 0xb7, 0x26, 0x00, 0x00,
	0x9b, 0x86, 0x16, 0x10, 0x93, 0x96, 0x36, 0x02, 0x13, 0x82, 0x07, 0x00, 0x93, 0x0d,
	0x07, 0x00, 0x93, 0x8c, 0x06, 0x00, 0x37, 0x4d, 0x00, 0x00, 0x1b, 0x0d, 0x1d, 0x00,
	0x13, 0x1d, 0x2d, 0x02, 0x63, 0x02, 0xb6, 0x62, 0x93, 0x05, 0x20, 0x01, 0x63, 0x12,
	0xb6, 0x1a, 0xb7, 0xc5, 0x00, 0x00, 0xb3, 0x05, 0xb7, 0x00, 0x03, 0xa6, 0xc5, 0x60,
	0x13, 0x05, 0x10, 0x00, 0x13, 0x84, 0x81, 0x82, 0x1b, 0x56, 0x46, 0x00, 0x13, 0x76,
	0xf6, 0x0f, 0xe3, 0x06, 0xa6, 0x1c, 0x13, 0x08, 0x10, 0x00, 0x23, 0xa8, 0x07, 0x47,
	0x03, 0xe6, 0x87, 0x02, 0x63, 0x02, 0x06, 0x00, 0x37, 0xc6, 0x00, 0x00, 0x33, 0x06,
	0xc7, 0x00, 0xb7, 0x05, 0x00, 0x40, 0x23, 0x26, 0xb6, 0x60, 0x23, 0xb8, 0x07, 0x46,
	0x03, 0xe6, 0x87, 0x02, 0x63, 0x02, 0x06, 0x00, 0x03, 0x26, 0xc4, 0x36, 0x93, 0x05,
	0x00, 0x0a, 0x63, 0x14, 0xb6, 0x00, 0x6f, 0x10, 0x10, 0x50, 0x63, 0xfa, 0xc5, 0x16,
	0x93, 0x05, 0x40, 0x0a, 0x63, 0x14, 0xb6, 0x00, 0x6f, 0x10, 0x50, 0x07, 0x63, 0xfc,
	0xc5, 0x2e, 0x93, 0x05, 0x20, 0x0d, 0x63, 0x12, 0xb6, 0x12, 0x23, 0xa8, 0x07, 0x47,
	0x03, 0xe6, 0x87, 0x02, 0x63, 0x02, 0x06, 0x00, 0x37, 0xd6, 0x00, 0x00, 0x93, 0x18,
	0x48, 0x02, 0x33, 0x07, 0xc7, 0x00, 0x33, 0x85, 0x1c, 0x01, 0x37, 0xe3, 0x02, 0x00,
	0x23, 0x2e, 0x07, 0xdf, 0x93, 0x05, 0x70, 0x0c, 0x33, 0x05, 0x65, 0x00, 0x73, 0x26,
	0x00, 0xb0, 0x13, 0x00, 0x00, 0x00, 0x73, 0x27, 0x00, 0xb0, 0x33, 0x07, 0xc7, 0x40,
	0xe3, 0xfa, 0xe5, 0xfe, 0x03, 0x27, 0x05, 0x08, 0x1b, 0x57, 0xe7, 0x01, 0xe3, 0x12,
	0x07, 0xfe, 0x13, 0x05, 0x10, 0x00, 0x33, 0x87, 0x16, 0x01, 0x13, 0x15, 0x45, 0x02,
	0x37, 0x06, 0x00, 0x80, 0x33, 0x07, 0x67, 0x00, 0x33, 0x88, 0xac, 0x00, 0x37, 0xe3,
	0x02, 0x00, 0x13, 0x06, 0x66, 0x00, 0x23, 0x20, 0xc7, 0x08, 0x93, 0x05, 0x70, 0x0c,
	0x33, 0x08, 0x68, 0x00, 0x93, 0x08, 0x30, 0x00, 0x73, 0x26, 0x00, 0xb0, 0x13, 0x00,
	0x00, 0x00, 0x73, 0x27, 0x00, 0xb0, 0x33, 0x07, 0xc7, 0x40, 0xe3, 0xfa, 0xe5, 0xfe,
	0x03, 0x27, 0x08, 0x08, 0x1b, 0x56, 0xe7, 0x01, 0x1b, 0x07, 0x07, 0x00, 0xe3, 0x10,
	0x16, 0xff, 0x13, 0x17, 0x17, 0x02, 0xb3, 0x86, 0xa6, 0x00, 0x93, 0x05, 0x10, 0x00,
	0x13, 0x57, 0x17, 0x02, 0xb3, 0x86, 0x66, 0x00, 0x93, 0x95, 0x45, 0x02, 0xb3, 0x85,
	0xbc, 0x00, 0x23, 0xa0, 0xe6, 0x08, 0x37, 0xe7, 0x02, 0x00, 0x13, 0x06, 0x70, 0x0c,
	0xb3, 0x85, 0xe5, 0x00, 0xf3, 0x26, 0x00, 0xb0, 0x13, 0x00, 0x00, 0x00, 0x73, 0x27,
	0x00, 0xb0, 0x33, 0x07, 0xd7, 0x40, 0xe3, 0x7a, 0xe6, 0xfe, 0x03, 0xa7, 0x05, 0x08,
	0xe3, 0x14, 0x07, 0xfe, 0xb7, 0xd5, 0x00, 0x00, 0x13, 0x06, 0x70, 0x0c, 0xb3, 0x85,
	0xbd, 0x00, 0xf3, 0x26, 0x00, 0xb0, 0x13, 0x00, 0x00, 0x00, 0x73, 0x27, 0x00, 0xb0,
	0x33, 0x07, 0xd7, 0x40, 0xe3, 0x7a, 0xe6, 0xfe, 0x03, 0xa7, 0xc5, 0xdf, 0x13, 0x77,
	0x27, 0x00, 0xe3, 0x02, 0x07, 0xfe, 0x23, 0xb8, 0x07, 0x46, 0x83, 0xe7, 0x87, 0x02,
	0x63, 0x82, 0x07, 0x00, 0x13, 0x05, 0x70, 0x00, 0xef, 0x80, 0x50, 0x1d, 0x03, 0x34,
	0x01, 0x0a, 0x83, 0x30, 0x81, 0x0a, 0x83, 0x34, 0x81, 0x09, 0x03, 0x39, 0x01, 0x09,
	0x83, 0x39, 0x81, 0x08, 0x03, 0x3a, 0x01, 0x08, 0x83, 0x3a, 0x81, 0x07, 0x03, 0x3b,
	0x01, 0x07, 0x83, 0x3b, 0x81, 0x06, 0x03, 0x3c, 0x01, 0x06, 0x13, 0x01, 0x01, 0x0b,
	0x6f, 0x80, 0xc0, 0x40, 0x93, 0x05, 0x00, 0x04, 0x63, 0x14, 0xb6, 0x00, 0x6f, 0x10,
	0x10, 0x09, 0x63, 0xf2, 0xc5, 0x08, 0x93, 0x05, 0x80, 0x09, 0xe3, 0x1a, 0xb6, 0xfa,
	0x03, 0x28, 0x04, 0x16, 0x13, 0x76, 0x78, 0x00, 0x63, 0x14, 0x06, 0x00, 0x6f, 0x10,
	0x40, 0x45, 0xb7, 0x08, 0x01, 0x00, 0x1b, 0x53, 0x58, 0x00, 0x13, 0x05, 0x00, 0x01,
	0x13, 0x06, 0x00, 0x00, 0x93, 0x88, 0xf8, 0xff, 0x93, 0x06, 0xc6, 0x05, 0x93, 0x96,
	0x26, 0x00, 0xb3, 0x06, 0xd4, 0x00, 0x83, 0xa5, 0x06, 0x37, 0x93, 0x16, 0x06, 0x02,
	0x93, 0xd6, 0x06, 0x02, 0x9b, 0xd5, 0xf5, 0x01, 0x63, 0x82, 0x05, 0x02, 0x93, 0x86,
	0xc6, 0x04, 0x93, 0x96, 0x26, 0x00, 0xb3, 0x06, 0xd4, 0x00, 0x83, 0xa6, 0x06, 0x37,
	0xb3, 0xc6, 0x66, 0x00, 0xb3, 0xf6, 0x16, 0x01, 0x63, 0x94, 0x06, 0x00, 0x6f, 0x50,
	0x40, 0x65, 0x1b, 0x06, 0x16, 0x00, 0x1b, 0x05, 0xf5, 0xff, 0x13, 0x76, 0xf6, 0x00,
	0xe3, 0x1a, 0x05, 0xfa, 0x6f, 0xf0, 0xdf, 0xf3, 0x93, 0x06, 0x70, 0x03, 0x63, 0x14,
	0xd6, 0x00, 0x6f, 0x10, 0xc0, 0x2e, 0x93, 0x06, 0xc0, 0x03, 0xe3, 0x14, 0xd6, 0xf2,
	0x83, 0x28, 0x04, 0x16, 0x03, 0x63, 0x84, 0x16, 0x83, 0x26, 0x44, 0x16, 0x83, 0x65,
	0x44, 0x16, 0x9b, 0xde, 0x68, 0x00, 0x1b, 0xde, 0x48, 0x00, 0x13, 0x13, 0x03, 0x02,
	0x13, 0x95, 0x06, 0x02, 0x93, 0xfe, 0x3e, 0x00, 0x13, 0xf6, 0x78, 0x00, 0x13, 0x7e,
	0x3e, 0x00, 0x33, 0x63, 0xb3, 0x00, 0x13, 0x55, 0x05, 0x02, 0x63, 0x94, 0x0e, 0x01,
	0x6f, 0x10, 0xc0, 0x49, 0x83, 0x56, 0x64, 0x17, 0x37, 0xaf, 0x0f, 0x00, 0x9b, 0x85,
	0x06, 0x00, 0x63, 0x8a, 0x05, 0x00, 0x93, 0x96, 0x06, 0x02, 0x93, 0xd6, 0x06, 0x02,
	0x37, 0x9f, 0x01, 0x00, 0x33, 0x8f, 0xe6, 0x03, 0x83, 0xb7, 0x87, 0x0f, 0x13, 0x15,
	0x25, 0x00, 0x33, 0x8a, 0xad, 0x00, 0x93, 0x05, 0x02, 0x00, 0x93, 0x09, 0x00, 0x00,
	0x37, 0x4b, 0x00, 0x00, 0xb7, 0x0a, 0xf0, 0x00, 0x13, 0x09, 0x30, 0x00, 0x93, 0xf8,
	0x48, 0x00, 0x93, 0x04, 0x50, 0x00, 0x93, 0x00, 0x60, 0x00, 0x93, 0x03, 0x40, 0x00,
	0x93, 0x02, 0x10, 0x00, 0x93, 0x0f, 0x20, 0x00, 0x63, 0x04, 0x0e, 0x00, 0x6f, 0x30,
	0xd0, 0x04, 0x03, 0x28, 0x0a, 0x00, 0x1b, 0x08, 0x08, 0x00, 0x83, 0x2b, 0xc4, 0x16,
	0x83, 0x26, 0x04, 0x17, 0xb3, 0xf6, 0x06, 0x01, 0x63, 0x14, 0x26, 0x01, 0x6f, 0x40,
	0x80, 0x5b, 0x63, 0x84, 0x08, 0x00, 0x6f, 0x10, 0x00, 0x48, 0x63, 0x14, 0x56, 0x00,
	0x6f, 0x40, 0x40, 0x5b, 0x63, 0x04, 0xf6, 0x01, 0x6f, 0x10, 0x40, 0x45, 0x63, 0xf4,
	0xdb, 0x00, 0x6f, 0x10, 0x40, 0x45, 0x93, 0x07, 0x10, 0x00, 0xe3, 0x94, 0xfe, 0xe4,
	0x63, 0x14, 0x0e, 0x00, 0x6f, 0x50, 0x40, 0x4e, 0x23, 0x20, 0x73, 0x01, 0x6f, 0xf0,
	0x9f, 0xe3, 0x93, 0x05, 0x20, 0x0a, 0xe3, 0x0e, 0xb6, 0x08, 0x93, 0x05, 0x30, 0x0a,
	0xe3, 0x14, 0xb6, 0xe2, 0x83, 0x25, 0x04, 0x16, 0x1b, 0xd6, 0x25, 0x00, 0x13, 0x76,
	0x36, 0x00, 0x1b, 0xd8, 0xa5, 0x01, 0x23, 0x2a, 0xc4, 0x14, 0x13, 0x75, 0x78, 0x00,
	0x63, 0x14, 0x06, 0x00, 0x6f, 0x10, 0x80, 0x28, 0x23, 0x20, 0xa4, 0x10, 0x13, 0x08,
	0x30, 0x0a, 0x13, 0xf5, 0x35, 0x00, 0x23, 0x24, 0x04, 0x11, 0x23, 0x22, 0xa4, 0x10,
	0x13, 0x08, 0x30, 0x00, 0x63, 0x14, 0x05, 0x01, 0x6f, 0x30, 0x90, 0x49, 0x1b, 0xd7,
	0x45, 0x00, 0x13, 0x77, 0x37, 0x00, 0x13, 0x08, 0x10, 0x00, 0xe3, 0x0c, 0x07, 0xdd,
	0x1b, 0x07, 0xe7, 0xff, 0x63, 0x74, 0xe8, 0x00, 0x6f, 0x40, 0xc0, 0x52, 0x83, 0xb7,
	0x07, 0x07, 0x13, 0x97, 0x07, 0x02, 0x33, 0x07, 0xd7, 0x00, 0xb7, 0xd6, 0x00, 0x00,
	0x33, 0x07, 0xd7, 0x00, 0x83, 0x26, 0x47, 0x82, 0x03, 0x27, 0x87, 0x82, 0x9b, 0x87,
	0x07, 0x00, 0x93, 0x96, 0x06, 0x02, 0x93, 0xd6, 0x06, 0x02, 0x13, 0x17, 0x07, 0x02,
	0x33, 0x67, 0xd7, 0x00, 0x23, 0x22, 0xf4, 0x52, 0x23, 0x34, 0xe4, 0x52, 0x13, 0x0e,
	0x00, 0x00, 0x13, 0x83, 0x0c, 0x00, 0xb7, 0xd8, 0x00, 0x00, 0x13, 0x0f, 0x10, 0x00,
	0xb7, 0x0f, 0x00, 0x40, 0x93, 0x0e, 0x00, 0x40, 0x93, 0x02, 0x00, 0x10, 0x13, 0x08,
	0x00, 0x00, 0xb3, 0x66, 0x0e, 0x01, 0x93, 0xe6, 0x06, 0x01, 0x93, 0x96, 0x06, 0x02,
	0x33, 0x86, 0x66, 0x00, 0x33, 0x06, 0x16, 0x01, 0x83, 0x25, 0xc6, 0x82, 0x93, 0xf5,
	0x15, 0x00, 0x63, 0x8a, 0x05, 0x02, 0x93, 0x05, 0x20, 0x50, 0x63, 0x0e, 0xe5, 0x01,
	0x03, 0x26, 0x46, 0x83, 0x93, 0x05, 0x10, 0x50, 0x33, 0x76, 0xf6, 0x01, 0x1b, 0x06,
	0x06, 0x00, 0x63, 0x04, 0x06, 0x00, 0x93, 0x05, 0x30, 0x50, 0xb3, 0x86, 0x66, 0x00,
	0xb3, 0x86, 0x16, 0x01, 0x23, 0xa2, 0xb6, 0x88, 0x83, 0xa6, 0x46, 0x88, 0x1b, 0x08,
	0x08, 0x10, 0xe3, 0x16, 0xd8, 0xfb, 0x1b, 0x0e, 0x0e, 0x04, 0xe3, 0x10, 0x5e, 0xfa,
	0xb7, 0x05, 0x00, 0x80, 0x13, 0xcc, 0xf5, 0xff, 0xb7, 0x05, 0x00, 0x10, 0xb7, 0x24,
	0x00, 0x00, 0xb7, 0x93, 0x98, 0x00, 0x93, 0x85, 0xc5, 0xff, 0x93, 0x0b, 0x00, 0x00,
	0x23, 0x30, 0x01, 0x00, 0x13, 0x09, 0x00, 0x00, 0x13, 0x06, 0x02, 0x00, 0x93, 0x8f,
	0x0c, 0x00, 0x37, 0xdf, 0x00, 0x00, 0x93, 0x83, 0x03, 0x68, 0x93, 0x06, 0x70, 0x0c,
	0x23, 0x34, 0xb1, 0x00, 0x93, 0x89, 0x84, 0x01, 0x83, 0x32, 0x01, 0x00, 0x9b, 0x90,
	0x4b, 0x00, 0x13, 0x0e, 0x00, 0x00, 0x37, 0x3b, 0x00, 0x00, 0x93, 0x0a, 0x10, 0x00,
	0x37, 0xfa, 0x03, 0x00, 0xb3, 0xe5, 0xc0, 0x01, 0x93, 0xee, 0x05, 0x01, 0x83, 0x38,
	0x86, 0x0f, 0x13, 0x95, 0x07, 0x02, 0x33, 0x05, 0xf5, 0x01, 0x33, 0x05, 0xe5, 0x01,
	0x83, 0x27, 0xc5, 0x8a, 0x23, 0x26, 0x65, 0x8b, 0x03, 0x25, 0xc5, 0x8a, 0x13, 0x07,
	0x07, 0x4e, 0x9b, 0x87, 0x07, 0x00, 0x63, 0x02, 0x05, 0x00, 0x9b, 0xd7, 0x87, 0x01,
	0x93, 0xf7, 0x37, 0x00, 0x23, 0x30, 0xf6, 0x12, 0x93, 0x97, 0x77, 0x00, 0x23, 0x3c,
	0xf6, 0x0c, 0x23, 0x30, 0x26, 0x13, 0x33, 0x87, 0xe2, 0x00, 0x23, 0x20, 0x07, 0x00,
	0x83, 0x67, 0x44, 0x52, 0x93, 0x97, 0x07, 0x02, 0xb3, 0x87, 0xf7, 0x01, 0xb3, 0x87,
	0xe7, 0x01, 0x23, 0xa6, 0x97, 0x8a, 0x83, 0xa7, 0xc7, 0x8a, 0x63, 0x82, 0x07, 0x00,
	0x03, 0x65, 0x04, 0x52, 0x13, 0x93, 0x0e, 0x02, 0x33, 0x08, 0xf3, 0x01, 0x33, 0x05,
	0x75, 0x02, 0x33, 0x08, 0xe8, 0x01, 0x83, 0x37, 0x86, 0x0f, 0xb3, 0x87, 0x17, 0x41,
	0x63, 0x74, 0xf5, 0x00, 0x6f, 0x10, 0x80, 0x26, 0x73, 0x27, 0x00, 0xb0, 0x13, 0x00,
	0x00, 0x00, 0xf3, 0x27, 0x00, 0xb0, 0xb3, 0x87, 0xe7, 0x40, 0xe3, 0xfa, 0xf6, 0xfe,
	0x83, 0x27, 0xc8, 0x82, 0x93, 0xf7, 0x17, 0x00, 0xe3, 0x9a, 0x07, 0xfc, 0xb3, 0xe7,
	0x35, 0x01, 0x37, 0x27, 0x00, 0x00, 0x1b, 0x07, 0x17, 0x10, 0x13, 0x17, 0x37, 0x02,
	0x93, 0x97, 0x07, 0x02, 0xb3, 0xe7, 0xe7, 0x00, 0x23, 0x28, 0x56, 0x47, 0x03, 0x67,
	0x86, 0x02, 0x63, 0x02, 0x07, 0x00, 0xb3, 0x87, 0x47, 0x01, 0x03, 0xa7, 0x07, 0x05,
	0x9b, 0x05, 0x07, 0x00, 0x63, 0x06, 0x07, 0x02, 0x1b, 0xd7, 0x3e, 0x00, 0x13, 0x77,
	0x87, 0x01, 0x9b, 0xde, 0x8e, 0x00, 0x33, 0x67, 0xd7, 0x01, 0x13, 0x05, 0x10, 0x00,
	0x3b, 0x17, 0xe5, 0x00, 0x13, 0x47, 0xf7, 0xff, 0x33, 0x77, 0xb7, 0x00, 0x1b, 0x07,
	0x07, 0x00, 0x23, 0xa8, 0xe7, 0x04, 0x23, 0x38, 0x06, 0x46, 0x83, 0x67, 0x86, 0x02,
	0x63, 0x82, 0x07, 0x00, 0x93, 0x07, 0x00, 0x40, 0x1b, 0x0e, 0x0e, 0x10, 0x93, 0x82,
	0xc2, 0x01, 0x63, 0x14, 0xfe, 0x00, 0x6f, 0x10, 0x10, 0x16, 0x03, 0x37, 0x84, 0x52,
	0x83, 0x27, 0x44, 0x52, 0x6f, 0xf0, 0xdf, 0xec, 0x1b, 0x04, 0x04, 0x00, 0x03, 0xbe,
	0x07, 0x07, 0x1b, 0x54, 0x44, 0x00, 0x13, 0x15, 0x0e, 0x02, 0x13, 0x76, 0x04, 0x7f,
	0xb7, 0xde, 0x00, 0x00, 0x33, 0x05, 0xd5, 0x00, 0x93, 0x15, 0x06, 0x02, 0x33, 0x05,
	0xd5, 0x01, 0x03, 0x23, 0x45, 0x82, 0xb3, 0x85, 0xd5, 0x00, 0x03, 0x25, 0x85, 0x82,
	0xb3, 0x85, 0xd5, 0x01, 0x83, 0xa8, 0x45, 0x8b, 0x03, 0xa8, 0x45, 0x8b, 0x13, 0x13,
	0x03, 0x02, 0x13, 0x53, 0x03, 0x02, 0x13, 0x15, 0x05, 0x02, 0x13, 0x84, 0x81, 0x82,
	0x33, 0x65, 0x65, 0x00, 0x9b, 0xd8, 0x08, 0x01, 0x13, 0x73, 0xf8, 0x03, 0x23, 0x38,
	0xc4, 0x52, 0x23, 0x22, 0xc4, 0x53, 0x23, 0x34, 0xa4, 0x52, 0x13, 0xf6, 0x38, 0x00,
	0x23, 0xa8, 0x65, 0x8a, 0x1b, 0x08, 0x08, 0x00, 0x63, 0x1a, 0x06, 0x34, 0x13, 0x73,
	0xf8, 0x00, 0x93, 0x08, 0x30, 0x00, 0x63, 0x14, 0x13, 0x01, 0x6f, 0x20, 0x40, 0x7a,
	0x13, 0x78, 0xc8, 0x00, 0x63, 0x1c, 0x08, 0x3c, 0x13, 0x06, 0x10, 0x00, 0x63, 0x14,
	0xc3, 0x00, 0x6f, 0x20, 0x00, 0x52, 0x13, 0x06, 0x20, 0x00, 0x63, 0x1c, 0xc3, 0x36,
	0x03, 0xae, 0x45, 0x8b, 0x1b, 0x5e, 0x0e, 0x01, 0x13, 0x7e, 0x3e, 0x00, 0x63, 0x14,
	0x6e, 0x00, 0x6f, 0x10, 0x80, 0x0c, 0x63, 0x14, 0x1e, 0x01, 0x6f, 0x50, 0x90, 0x39,
	0x63, 0x14, 0x0e, 0x30, 0x03, 0xa6, 0xc5, 0x8a, 0x03, 0xa8, 0xc5, 0x8a, 0xb7, 0x38,
	0x00, 0x00, 0x23, 0xa6, 0x15, 0x8b, 0x83, 0xa8, 0xc5, 0x8a, 0x1b, 0x06, 0x06, 0x00,
	0x9b, 0x05, 0x08, 0x00, 0x63, 0x82, 0x08, 0x00, 0x9b, 0xd5, 0x85, 0x01, 0x93, 0xf5,
	0x35, 0x00, 0x23, 0xb0, 0xb7, 0x12, 0x93, 0x95, 0x75, 0x00, 0x23, 0xbc, 0xb7, 0x0c,
	0x23, 0xbc, 0xc7, 0x0d, 0x03, 0x33, 0x05, 0x1e, 0x63, 0x04, 0x03, 0x00, 0x6f, 0x50,
	0xd0, 0x74, 0x83, 0x38, 0x04, 0x53, 0x13, 0x97, 0x08, 0x02, 0x33, 0x07, 0xd7, 0x00,
	0x37, 0xd6, 0x00, 0x00, 0x33, 0x07, 0xc7, 0x00, 0x37, 0x26, 0x00, 0x00, 0x23, 0x26,
	0xc7, 0x8a, 0x03, 0x27, 0xc7, 0x8a, 0x63, 0x02, 0x07, 0x00, 0x03, 0x38, 0x04, 0x38,
	0x63, 0x14, 0x08, 0x00, 0x6f, 0x40, 0x50, 0x16, 0x03, 0x33, 0x04, 0x53, 0xb7, 0xde,
	0x00, 0x00, 0x13, 0x8f, 0x0c, 0x00, 0x13, 0x13, 0x03, 0x02, 0x33, 0x03, 0x93, 0x01,
	0x93, 0x0f, 0x00, 0x40, 0x93, 0x05, 0x00, 0x00, 0x13, 0x05, 0x08, 0x00, 0x33, 0x03,
	0xd3, 0x01, 0x13, 0x0e, 0x00, 0x02, 0x13, 0x77, 0x15, 0x00, 0x63, 0x08, 0x07, 0x04,
	0x03, 0x26, 0x43, 0x8b, 0x9b, 0x98, 0x85, 0x00, 0x1b, 0x97, 0x35, 0x00, 0x93, 0xf8,
	0x08, 0x70, 0x13, 0x77, 0x07, 0x0c, 0x13, 0x76, 0xf6, 0x03, 0x33, 0x67, 0x17, 0x01,
	0x13, 0x06, 0xe6, 0xfd, 0x13, 0x36, 0x16, 0x00, 0x13, 0x67, 0x07, 0x01, 0x93, 0xff,
	0x0f, 0xff, 0x13, 0x06, 0x66, 0x00, 0x13, 0x17, 0x07, 0x02, 0x33, 0xe6, 0xcf, 0x00,
	0x33, 0x07, 0xe7, 0x01, 0x9b, 0x08, 0x06, 0x00, 0x33, 0x07, 0xd7, 0x01, 0x93, 0x0f,
	0x06, 0x00, 0x23, 0x22, 0x17, 0x89, 0x9b, 0x85, 0x15, 0x00, 0x13, 0x55, 0x15, 0x00,
	0xe3, 0x92, 0xc5, 0xfb, 0x93, 0x08, 0x00, 0x00, 0x93, 0x05, 0x70, 0x0c, 0x93, 0x8e,
	0x0c, 0x00, 0x37, 0xde, 0x00, 0x00, 0x13, 0x03, 0x00, 0x02, 0x6f, 0x00, 0x40, 0x01,
	0x9b, 0x88, 0x18, 0x00, 0x13, 0x58, 0x18, 0x00, 0x63, 0x94, 0x68, 0x00, 0x6f, 0x40,
	0x10, 0x0b, 0x13, 0x77, 0x18, 0x00, 0xe3, 0x06, 0x07, 0xfe, 0x1b, 0x97, 0x88, 0x00,
	0x1b, 0x95, 0x38, 0x00, 0x13, 0x77, 0x07, 0x70, 0x13, 0x75, 0x05, 0x0c, 0x33, 0x65,
	0xe5, 0x00, 0x13, 0x65, 0x05, 0x01, 0x13, 0x15, 0x05, 0x02, 0x33, 0x05, 0xd5, 0x01,
	0x33, 0x05, 0xc5, 0x01, 0x73, 0x26, 0x00, 0xb0, 0x13, 0x00, 0x00, 0x00, 0x73, 0x27,
	0x00, 0xb0, 0x33, 0x07, 0xc7, 0x40, 0xe3, 0xfa, 0xe5, 0xfe, 0x03, 0x27, 0xc5, 0x82,
	0x13, 0x77, 0x37, 0x00, 0xe3, 0x12, 0x07, 0xfe, 0x6f, 0xf0, 0x5f, 0xfa, 0x03, 0x36,
	0x04, 0x53, 0xb7, 0xd5, 0x00, 0x00, 0x37, 0x88, 0x00, 0x00, 0x13, 0x16, 0x06, 0x02,
	0x33, 0x06, 0xd6, 0x00, 0x33, 0x06, 0xb6, 0x00, 0x93, 0x05, 0x20, 0x00, 0x23, 0x26,
	0xb6, 0x82, 0x83, 0x25, 0x06, 0x8b, 0x37, 0xee, 0x03, 0x74, 0x13, 0x03, 0x00, 0x03,
	0x93, 0xe5, 0x05, 0x01, 0x23, 0x28, 0xb6, 0x8a, 0x13, 0x05, 0x70, 0x0c, 0x33, 0x88,
	0x0d, 0x01, 0x13, 0x0e, 0x0e, 0xe0, 0xf3, 0x25, 0x00, 0xb0, 0x13, 0x00, 0x00, 0x00,
	0x73, 0x26, 0x00, 0xb0, 0x33, 0x06, 0xb6, 0x40, 0xe3, 0x7a, 0xc5, 0xfe, 0x03, 0x26,
	0xc8, 0x21, 0x83, 0x25, 0x08, 0x68, 0x83, 0x28, 0x48, 0x21, 0x1b, 0x56, 0xa6, 0x01,
	0xb3, 0xf5, 0xc5, 0x01, 0x13, 0x76, 0x56, 0x00, 0xb3, 0xe5, 0x15, 0x01, 0x33, 0x66,
	0xb6, 0x00, 0x1b, 0x06, 0x06, 0x00, 0xe3, 0x14, 0x06, 0xfc, 0x1b, 0x03, 0xf3, 0xff,
	0xe3, 0x10, 0x03, 0xfc, 0x37, 0x25, 0x03, 0x00, 0x33, 0x07, 0xa7, 0x00, 0x03, 0x26,
	0xc7, 0x01, 0x1b, 0x06, 0x06, 0x00, 0x03, 0xe8, 0x87, 0x30, 0x83, 0x35, 0x04, 0x53,
	0x93, 0xd5, 0x65, 0x00, 0x93, 0xf5, 0x15, 0x00, 0x63, 0x94, 0x05, 0x00, 0x6f, 0x30,
	0x90, 0x11, 0x1b, 0x56, 0xa6, 0x01, 0x13, 0x76, 0x16, 0x00, 0x63, 0x08, 0x06, 0x04,
	0x37, 0x16, 0x00, 0x00, 0x93, 0x05, 0x16, 0x00, 0x23, 0xac, 0xb7, 0x08, 0x83, 0xe5,
	0x87, 0x02, 0x63, 0x82, 0x05, 0x00, 0x13, 0x06, 0x06, 0x80, 0xb3, 0x88, 0xad, 0x00,
	0x23, 0x20, 0xc7, 0x04, 0x93, 0x05, 0x70, 0x0c, 0x37, 0x05, 0x00, 0x04, 0x73, 0x26,
	0x00, 0xb0, 0x13, 0x00, 0x00, 0x00, 0x73, 0x27, 0x00, 0xb0, 0x33, 0x07, 0xc7, 0x40,
	0xe3, 0xfa, 0xe5, 0xfe, 0x03, 0xa7, 0xc8, 0x01, 0x33, 0x77, 0xa7, 0x00, 0x1b, 0x07,
	0x07, 0x00, 0xe3, 0x10, 0x07, 0xfe, 0x23, 0xac, 0x07, 0x09, 0x83, 0xe7, 0x87, 0x02,
	0x63, 0x82, 0x07, 0x00, 0x83, 0x39, 0x04, 0x53, 0xb7, 0xd7, 0x00, 0x00, 0x13, 0x07,
	0x10, 0x01, 0x93, 0x99, 0x09, 0x02, 0xb3, 0x89, 0xd9, 0x00, 0xb3, 0x87, 0xf9, 0x00,
	0x83, 0xa7, 0x47, 0x8b, 0x93, 0xf7, 0xf7, 0x03, 0x63, 0x94, 0xe7, 0x00, 0x6f, 0x30,
	0xd0, 0x0e, 0xb7, 0xd7, 0x00, 0x00, 0xb3, 0x89, 0xf9, 0x00, 0xb7, 0x07, 0x00, 0x80,
	0x23, 0xa8, 0xf9, 0x8a, 0x13, 0x06, 0x70, 0x0c, 0x13, 0x85, 0x0c, 0x00, 0xb7, 0xd5,
	0x00, 0x00, 0x73, 0x27, 0x00, 0xb0, 0x13, 0x00, 0x00, 0x00, 0xf3, 0x27, 0x00, 0xb0,
	0xb3, 0x87, 0xe7, 0x40, 0xe3, 0x7a, 0xf6, 0xfe, 0x83, 0x37, 0x04, 0x53, 0x93, 0x97,
	0x07, 0x02, 0x33, 0x87, 0xa7, 0x00, 0x33, 0x07, 0xb7, 0x00, 0x03, 0x27, 0x47, 0x8b,
	0x13, 0x77, 0xf7, 0x00, 0xe3, 0x1a, 0x07, 0xfc, 0xb3, 0x87, 0xd7, 0x00, 0xb3, 0x87,
	0xb7, 0x00, 0x23, 0xa8, 0x07, 0x8a, 0x13, 0x05, 0x70, 0x00, 0xef, 0x80, 0x00, 0x19,
	0x6f, 0xf0, 0xcf, 0xfb, 0x03, 0xa5, 0x05, 0x61, 0x03, 0xa8, 0x45, 0x61, 0x83, 0xa5,
	0x85, 0x61, 0x1b, 0x05, 0x05, 0x00, 0x9b, 0x08, 0x08, 0x00, 0x9b, 0x85, 0x05, 0x00,
	0x1b, 0xd8, 0x85, 0x00, 0x13, 0x78, 0xf8, 0x0f, 0x13, 0x84, 0x81, 0x82, 0x23, 0x26,
	0x04, 0x37, 0x1b, 0xde, 0xe5, 0x01, 0x13, 0x03, 0x30, 0x00, 0xe3, 0x00, 0x6e, 0x64,
	0x23, 0xa8, 0x01, 0xb8, 0x13, 0x06, 0x00, 0x00, 0x23, 0xbc, 0xc7, 0x0c, 0x6f, 0xf0,
	0x8f, 0xdf, 0xe3, 0x18, 0x03, 0xfa, 0xb7, 0x07, 0x00, 0x80, 0x23, 0xa8, 0xf5, 0x8a,
	0x13, 0x06, 0x70, 0x0c, 0x13, 0x85, 0x0c, 0x00, 0xb7, 0xd5, 0x00, 0x00, 0x73, 0x27,
	0x00, 0xb0, 0x13, 0x00, 0x00, 0x00, 0xf3, 0x27, 0x00, 0xb0, 0xb3, 0x87, 0xe7, 0x40,
	0xe3, 0x7a, 0xf6, 0xfe, 0x83, 0x37, 0x04, 0x53, 0x93, 0x97, 0x07, 0x02, 0x33, 0x87,
	0xa7, 0x00, 0x33, 0x07, 0xb7, 0x00, 0x03, 0x27, 0x47, 0x8b, 0x13, 0x77, 0xf7, 0x00,
	0xe3, 0x1a, 0x07, 0xfc, 0x6f, 0xf0, 0xdf, 0xf5, 0x13, 0x06, 0x40, 0x00, 0x63, 0x14,
	0xc3, 0x00, 0x6f, 0x10, 0x00, 0x51, 0x13, 0x06, 0x50, 0x00, 0xe3, 0x1a, 0xc3, 0xf4,
	0x13, 0x06, 0x10, 0x00, 0x23, 0xa8, 0xc7, 0x46, 0x83, 0xe5, 0x87, 0x02, 0x63, 0x82,
	0x05, 0x00, 0x13, 0x18, 0x46, 0x02, 0x33, 0x07, 0xd7, 0x01, 0x33, 0x85, 0x0c, 0x01,
	0xb7, 0xe8, 0x02, 0x00, 0x23, 0x2e, 0xc7, 0xde, 0x93, 0x05, 0x70, 0x0c, 0x33, 0x05,
	0x15, 0x01, 0x73, 0x26, 0x00, 0xb0, 0x13, 0x00, 0x00, 0x00, 0x73, 0x27, 0x00, 0xb0,
	0x33, 0x07, 0xc7, 0x40, 0xe3, 0xfa, 0xe5, 0xfe, 0x03, 0x27, 0x05, 0x08, 0x1b, 0x57,
	0xe7, 0x01, 0xe3, 0x12, 0x07, 0xfe, 0x13, 0x05, 0x10, 0x00, 0x33, 0x87, 0x06, 0x01,
	0x13, 0x15, 0x45, 0x02, 0x37, 0x06, 0x00, 0x80, 0x33, 0x07, 0x17, 0x01, 0x33, 0x88,
	0xac, 0x00, 0x37, 0xe3, 0x02, 0x00, 0x13, 0x06, 0x66, 0x00, 0x23, 0x20, 0xc7, 0x08,
	0x93, 0x05, 0x70, 0x0c, 0x33, 0x08, 0x68, 0x00, 0x93, 0x08, 0x30, 0x00, 0x73, 0x26,
	0x00, 0xb0, 0x13, 0x00, 0x00, 0x00, 0x73, 0x27, 0x00, 0xb0, 0x33, 0x07, 0xc7, 0x40,
	0xe3, 0xfa, 0xe5, 0xfe, 0x03, 0x27, 0x08, 0x08, 0x1b, 0x56, 0xe7, 0x01, 0x1b, 0x07,
	0x07, 0x00, 0xe3, 0x10, 0x16, 0xff, 0x33, 0x86, 0xa6, 0x00, 0x13, 0x17, 0x17, 0x02,
	0x13, 0x05, 0x10, 0x00, 0x13, 0x57, 0x17, 0x02, 0x33, 0x06, 0x66, 0x00, 0x13, 0x15,
	0x45, 0x02, 0x33, 0x85, 0xac, 0x00, 0x23, 0x20, 0xe6, 0x08, 0x37, 0xe7, 0x02, 0x00,
	0x93, 0x05, 0x70, 0x0c, 0x33, 0x05, 0xe5, 0x00, 0x73, 0x26, 0x00, 0xb0, 0x13, 0x00,
	0x00, 0x00, 0x73, 0x27, 0x00, 0xb0, 0x33, 0x07, 0xc7, 0x40, 0xe3, 0xfa, 0xe5, 0xfe,
	0x03, 0x27, 0x05, 0x08, 0xe3, 0x14, 0x07, 0xfe, 0x37, 0xd8, 0x00, 0x00, 0x93, 0x05,
	0x70, 0x0c, 0x33, 0x85, 0x0d, 0x01, 0x73, 0x26, 0x00, 0xb0, 0x13, 0x00, 0x00, 0x00,
	0x73, 0x27, 0x00, 0xb0, 0x33, 0x07, 0xc7, 0x40, 0xe3, 0xfa, 0xe5, 0xfe, 0x03, 0x27,
	0xc5, 0xdf, 0x13, 0x77, 0x27, 0x00, 0xe3, 0x02, 0x07, 0xfe, 0x23, 0xb8, 0x07, 0x46,
	0x83, 0xe7, 0x87, 0x02, 0x63, 0x82, 0x07, 0x00, 0x83, 0x37, 0x04, 0x53, 0x37, 0x07,
	0x00, 0x80, 0x13, 0x06, 0x70, 0x0c, 0x93, 0x97, 0x07, 0x02, 0xb3, 0x87, 0xd7, 0x00,
	0xb3, 0x87, 0x07, 0x01, 0x23, 0xa8, 0xe7, 0x8a, 0x13, 0x85, 0x0c, 0x00, 0xb7, 0xd5,
	0x00, 0x00, 0x73, 0x27, 0x00, 0xb0, 0x13, 0x00, 0x00, 0x00, 0xf3, 0x27, 0x00, 0xb0,
	0xb3, 0x87, 0xe7, 0x40, 0xe3, 0x7a, 0xf6, 0xfe, 0x83, 0x37, 0x04, 0x53, 0x93, 0x97,
	0x07, 0x02, 0x33, 0x87, 0xa7, 0x00, 0x33, 0x07, 0xb7, 0x00, 0x03, 0x27, 0x47, 0x8b,
	0x13, 0x77, 0xf7, 0x00, 0xe3, 0x1a, 0x07, 0xfc, 0x6f, 0xf0, 0x1f, 0xdd, 0x83, 0x25,
	0x04, 0x16, 0x1b, 0xda, 0x25, 0x00, 0x13, 0x7a, 0x3a, 0x00, 0x1b, 0xd5, 0xa5, 0x01,
	0x23, 0x2a, 0x44, 0x15, 0x13, 0x76, 0x75, 0x00, 0x63, 0x04, 0x0a, 0x00, 0x6f, 0x20,
	0x90, 0x32, 0x93, 0x08, 0x30, 0x00, 0x63, 0x14, 0x16, 0x01, 0x6f, 0x20, 0xd0, 0x31,
	0x13, 0x75, 0x45, 0x00, 0x63, 0x04, 0x05, 0x00, 0x6f, 0x20, 0x50, 0x2f, 0x63, 0x14,
	0x06, 0x00, 0x6f, 0x60, 0xc0, 0x07, 0x13, 0x05, 0x20, 0x00, 0x63, 0x04, 0xa6, 0x00,
	0x6f, 0x60, 0x80, 0x06, 0x13, 0x05, 0x20, 0x00, 0x23, 0x20, 0xa4, 0x10, 0x03, 0x3e,
	0x84, 0x16, 0x03, 0x38, 0x04, 0x17, 0x03, 0x23, 0x44, 0x16, 0x9b, 0xd4, 0xd5, 0x00,
	0x9b, 0xdf, 0x55, 0x01, 0x1b, 0xd5, 0x85, 0x01, 0x9b, 0xd8, 0x85, 0x00, 0x9b, 0xd3,
	0x05, 0x01, 0x93, 0x70, 0x35, 0x00, 0x93, 0xf5, 0xf8, 0x00, 0x93, 0xf2, 0x74, 0x00,
	0x93, 0xf3, 0x33, 0x00, 0x13, 0xf9, 0x7f, 0x00, 0x13, 0x05, 0x20, 0x0a, 0x23, 0x24,
	0xa4, 0x10, 0x23, 0x28, 0xb4, 0x10, 0x23, 0x2a, 0x54, 0x10, 0x23, 0x2c, 0x74, 0x10,
	0x23, 0x2e, 0x24, 0x11, 0x23, 0x20, 0x14, 0x12, 0x23, 0x22, 0x64, 0x12, 0x23, 0x34,
	0xc4, 0x13, 0x23, 0x38, 0x04, 0x13, 0x03, 0xb5, 0x07, 0x07, 0x93, 0x1e, 0x05, 0x02,
	0xb3, 0x8e, 0xd6, 0x01, 0x37, 0xdf, 0x00, 0x00, 0xb3, 0x89, 0xee, 0x01, 0x83, 0xaf,
	0x49, 0x82, 0x83, 0xa8, 0x89, 0x82, 0x1b, 0x05, 0x05, 0x00, 0x93, 0x9f, 0x0f, 0x02,
	0x93, 0xdf, 0x0f, 0x02, 0x93, 0x98, 0x08, 0x02, 0xb3, 0xe8, 0xf8, 0x01, 0x23, 0x22,
	0xa4, 0x52, 0x23, 0x34, 0x14, 0x53, 0x63, 0x04, 0x0a, 0x00, 0x6f, 0x20, 0x10, 0x78,
	0x93, 0x0f, 0x30, 0x00, 0x63, 0xf4, 0xcf, 0x00, 0x6f, 0x20, 0x10, 0x22, 0x13, 0x0a,
	0x10, 0x00, 0x63, 0x74, 0xca, 0x00, 0x6f, 0x50, 0x80, 0x1c, 0x63, 0x14, 0x06, 0x00,
	0x6f, 0x40, 0x10, 0x4c, 0x9b, 0x95, 0x85, 0x00, 0x9b, 0x93, 0x03, 0x01, 0xb3, 0xe5,
	0x75, 0x00, 0x9b, 0x92, 0xd2, 0x00, 0xb3, 0xe5, 0x55, 0x00, 0x9b, 0x1f, 0x59, 0x01,
	0x1b, 0x9f, 0x80, 0x01, 0xb3, 0xe5, 0xf5, 0x01, 0xb3, 0xe5, 0xe5, 0x01, 0x13, 0x0f,
	0x40, 0x00, 0x9b, 0x85, 0x05, 0x00, 0x63, 0x14, 0xe6, 0x01, 0x6f, 0x50, 0x50, 0x74,
	0x37, 0x06, 0x00, 0x20, 0xb3, 0xe5, 0xc5, 0x00, 0x37, 0x26, 0x00, 0x00, 0x1b, 0x06,
	0x16, 0x10, 0x13, 0x16, 0x36, 0x02, 0x13, 0x15, 0x05, 0x02, 0x33, 0x65, 0xc5, 0x00,
	0x9b, 0xdf, 0x25, 0x01, 0x93, 0xff, 0x2f, 0x00, 0x9b, 0xd3, 0xd5, 0x00, 0x1b, 0xd6,
	0x05, 0x01, 0x63, 0x84, 0x0f, 0x00, 0x6f, 0x50, 0x10, 0x6e, 0x13, 0x76, 0x36, 0x00,
	0x13, 0xff, 0x73, 0x00, 0x1b, 0x16, 0x26, 0x00, 0x3b, 0x06, 0xe6, 0x01, 0x1b, 0x1f,
	0x36, 0x00, 0x3b, 0x06, 0xcf, 0x40, 0x1b, 0x16, 0x26, 0x00, 0x13, 0x16, 0x06, 0x02,
	0x13, 0x56, 0x06, 0x02, 0x93, 0x88, 0x08, 0x4e, 0x33, 0x06, 0x16, 0x01, 0x37, 0xdf,
	0x00, 0x00, 0xb3, 0x8e, 0xee, 0x01, 0x83, 0xa8, 0xce, 0x8a, 0xb7, 0x30, 0x00, 0x00,
	0x23, 0xa6, 0x1e, 0x8a, 0x83, 0xae, 0xce, 0x8a, 0x9b, 0x88, 0x08, 0x00, 0x63, 0x82,
	0x0e, 0x00, 0x9b, 0xd8, 0x88, 0x01, 0x93, 0xf8, 0x38, 0x00, 0x23, 0xb0, 0x17, 0x13,
	0x93, 0x98, 0x78, 0x00, 0x23, 0xbc, 0x17, 0x0d, 0x93, 0x08, 0x00, 0x00, 0x23, 0xb0,
	0x17, 0x13, 0xb7, 0xa8, 0x05, 0xc0, 0x93, 0x88, 0x08, 0x20, 0x23, 0x20, 0x16, 0x01,
	0x23, 0x22, 0xb6, 0x00, 0x23, 0x24, 0x66, 0x00, 0x23, 0x26, 0xc6, 0x01, 0x93, 0x5e,
	0x0e, 0x02, 0x23, 0x28, 0xd6, 0x01, 0x23, 0x2a, 0x06, 0x01, 0x93, 0x52, 0x08, 0x02,
	0x23, 0x2c, 0x56, 0x00, 0x03, 0x66, 0x44, 0x52, 0xb7, 0x28, 0x00, 0x00, 0x13, 0x16,
	0x06, 0x02, 0x33, 0x06, 0xd6, 0x00, 0x33, 0x06, 0xe6, 0x01, 0x23, 0x26, 0x16, 0x8b,
	0x03, 0x26, 0xc6, 0x8a, 0x63, 0x02, 0x06, 0x00, 0x13, 0xf6, 0xf3, 0x05, 0x1b, 0x14,
	0x86, 0x00, 0x93, 0xf8, 0x03, 0x04, 0x1b, 0x16, 0x36, 0x00, 0x93, 0x73, 0x04, 0x70,
	0x13, 0x76, 0x06, 0x0c, 0x9b, 0x88, 0x08, 0x02, 0x33, 0x66, 0x76, 0x00, 0x9b, 0xd8,
	0x18, 0x00, 0x33, 0x66, 0x16, 0x01, 0x93, 0x18, 0x06, 0x02, 0xb3, 0x86, 0xd8, 0x00,
	0xb3, 0x86, 0xe6, 0x01, 0xb7, 0x08, 0x00, 0x80, 0x1b, 0x06, 0x06, 0x00, 0x23, 0xa4,
	0x16, 0x87, 0xb7, 0x26, 0x00, 0x00, 0x9b, 0x86, 0x16, 0x10, 0x93, 0x96, 0x36, 0x02,
	0x93, 0x18, 0x06, 0x02, 0xb3, 0xe8, 0xd8, 0x00, 0x9b, 0xd6, 0x85, 0x00, 0x1b, 0x86,
	0x0e, 0x00, 0x93, 0x8e, 0x06, 0x00, 0x9b, 0x03, 0x0e, 0x00, 0x93, 0xfe, 0xfe, 0x00,
	0x63, 0x84, 0x0f, 0x00, 0x6f, 0x50, 0x90, 0x1f, 0xb3, 0x86, 0xe8, 0x01, 0x23, 0xa2,
	0x76, 0x82, 0x23, 0xa4, 0xc6, 0x82, 0x93, 0x06, 0x30, 0x00, 0x37, 0xc6, 0xad, 0xde,
	0x93, 0x96, 0x06, 0x03, 0x13, 0x06, 0xf6, 0xee, 0x23, 0xa4, 0xc6, 0x1e, 0xb7, 0x26,
	0x03, 0x00, 0xb3, 0x06, 0xd7, 0x00, 0x23, 0xa2, 0x06, 0x04, 0x33, 0x0f, 0xe5, 0x01,
	0x23, 0x26, 0x1f, 0x8a, 0x83, 0x26, 0xcf, 0x8a, 0x13, 0x06, 0x02, 0x00, 0x93, 0x06,
	0xce, 0x20, 0x03, 0x3e, 0x06, 0x03, 0xe3, 0x1e, 0x0e, 0xfe, 0x13, 0x06, 0x10, 0x00,
	0x23, 0xb8, 0xc7, 0x0c, 0x37, 0x06, 0x03, 0x00, 0x33, 0x06, 0xc7, 0x00, 0x1b, 0x8f,
	0x06, 0x00, 0x23, 0x20, 0xe6, 0x21, 0x93, 0xd6, 0x06, 0x42, 0x37, 0x2e, 0x03, 0x00,
	0x23, 0x22, 0xd6, 0x20, 0x13, 0x0e, 0x8e, 0x04, 0x23, 0x24, 0xc6, 0x21, 0x23, 0x26,
	0x06, 0x20, 0x37, 0x2e, 0x00, 0x62, 0x23, 0x20, 0xc6, 0x1f, 0x03, 0xbe, 0x07, 0x4b,
	0x9b, 0x0f, 0x0e, 0x00, 0x23, 0x28, 0xf6, 0x27, 0x13, 0x5e, 0x0e, 0x42, 0x23, 0x2a,
	0xc6, 0x27, 0x37, 0x0e, 0x00, 0x68, 0x13, 0x0e, 0x4e, 0x0f, 0x23, 0x28, 0xc6, 0x21,
	0x13, 0x06, 0x02, 0x00, 0x03, 0x3e, 0x06, 0x03, 0xe3, 0x1e, 0x0e, 0xfe, 0x13, 0x06,
	0x10, 0x00, 0x23, 0xb8, 0xc7, 0x0c, 0x37, 0x06, 0x03, 0x00, 0x33, 0x07, 0xc7, 0x00,
	0x23, 0x20, 0xe7, 0x21, 0x23, 0x22, 0xd7, 0x20, 0xb7, 0x26, 0x03, 0x00, 0x93, 0x86,
	0x86, 0x04, 0x23, 0x24, 0xd7, 0x20, 0x23, 0x26, 0x07, 0x20, 0xb7, 0x26, 0x00, 0x62,
	0x23, 0x20, 0xd7, 0x1e, 0x83, 0xb6, 0x07, 0x4b, 0x1b, 0x86, 0x06, 0x00, 0x23, 0x28,
	0xc7, 0x26, 0x93, 0xd6, 0x06, 0x42, 0x23, 0x2a, 0xd7, 0x26, 0xb7, 0x06, 0x00, 0x68,
	0x93, 0x86, 0x46, 0x00, 0x13, 0x0f, 0x30, 0x00, 0x37, 0xce, 0xad, 0xde, 0x23, 0x28,
	0xd7, 0x20, 0x13, 0x1f, 0x0f, 0x03, 0x93, 0x06, 0xd0, 0x01, 0x13, 0x0e, 0xfe, 0xee,
	0x83, 0x2f, 0x8f, 0x1e, 0x9b, 0x8f, 0x0f, 0x00, 0x73, 0x26, 0x00, 0xb0, 0x13, 0x00,
	0x00, 0x00, 0x73, 0x27, 0x00, 0xb0, 0x33, 0x07, 0xc7, 0x40, 0xe3, 0xfa, 0xe6, 0xfe,
	0xe3, 0x82, 0xcf, 0xff, 0x13, 0x07, 0x00, 0x00, 0x23, 0xb8, 0xe7, 0x0c, 0xb7, 0xd6,
	0x00, 0x00, 0x33, 0x07, 0xd5, 0x00, 0x37, 0x26, 0x00, 0x00, 0x23, 0x26, 0xc7, 0x8a,
	0x13, 0x0f, 0x30, 0x00, 0x03, 0x27, 0xc7, 0x8a, 0x13, 0x16, 0x0f, 0x03, 0x03, 0x27,
	0x06, 0x00, 0xb3, 0x86, 0xd8, 0x00, 0x1b, 0x07, 0x07, 0x00, 0x23, 0xa8, 0xe6, 0x82,
	0x03, 0xae, 0x46, 0x8b, 0x03, 0x27, 0x86, 0x00, 0x13, 0x7e, 0xfe, 0x00, 0x1b, 0x07,
	0x07, 0x00, 0x23, 0xaa, 0xe6, 0x82, 0x03, 0x27, 0x06, 0x01, 0x1b, 0x07, 0x07, 0x00,
	0x23, 0xac, 0xe6, 0x82, 0x03, 0x27, 0x86, 0x01, 0x1b, 0x07, 0x07, 0x00, 0x23, 0xae,
	0xe6, 0x82, 0x03, 0x27, 0x06, 0x02, 0x1b, 0x07, 0x07, 0x00, 0x23, 0xa0, 0xe6, 0x84,
	0x03, 0x27, 0x86, 0x02, 0x1b, 0x07, 0x07, 0x00, 0x23, 0xa2, 0xe6, 0x84, 0x03, 0x27,
	0x06, 0x03, 0x1b, 0x07, 0x07, 0x00, 0x23, 0xa4, 0xe6, 0x84, 0x03, 0x27, 0x86, 0x03,
	0x1b, 0x07, 0x07, 0x00, 0x23, 0xa6, 0xe6, 0x84, 0x03, 0x27, 0x06, 0x04, 0x1b, 0x07,
	0x07, 0x00, 0x23, 0xa8, 0xe6, 0x84, 0x03, 0x27, 0x86, 0x04, 0x1b, 0x07, 0x07, 0x00,
	0x23, 0xaa, 0xe6, 0x84, 0x03, 0x27, 0x06, 0x05, 0x1b, 0x07, 0x07, 0x00, 0x23, 0xac,
	0xe6, 0x84, 0x03, 0x27, 0x86, 0x05, 0x1b, 0x07, 0x07, 0x00, 0x23, 0xae, 0xe6, 0x84,
	0x03, 0x27, 0x06, 0x06, 0x13, 0x17, 0x27, 0x02, 0x13, 0x57, 0x27, 0x02, 0x23, 0xa0,
	0xe6, 0x86, 0x03, 0x27, 0x06, 0x07, 0x1b, 0x07, 0x07, 0x00, 0x23, 0xa4, 0xe6, 0x86,
	0x03, 0x27, 0x86, 0x07, 0x1b, 0x07, 0x07, 0x00, 0x23, 0xa6, 0xe6, 0x86, 0x03, 0x27,
	0x06, 0x08, 0x1b, 0x07, 0x07, 0x00, 0x23, 0xa8, 0xe6, 0x86, 0x03, 0x27, 0x86, 0x08,
	0x1b, 0x07, 0x07, 0x00, 0x23, 0xaa, 0xe6, 0x86, 0x03, 0x27, 0x06, 0x09, 0x1b, 0x07,
	0x07, 0x00, 0x23, 0xac, 0xe6, 0x86, 0x03, 0x27, 0x86, 0x09, 0x1b, 0x07, 0x07, 0x00,
	0x23, 0xae, 0xe6, 0x86, 0x03, 0x27, 0x06, 0x0a, 0x1b, 0x07, 0x07, 0x00, 0x23, 0xa0,
	0xe6, 0x88, 0x03, 0x27, 0x86, 0x0a, 0x1b, 0x07, 0x07, 0x00, 0x23, 0xa2, 0xe6, 0x88,
	0x03, 0x27, 0x06, 0x0b, 0x1b, 0x07, 0x07, 0x00, 0x23, 0xa4, 0xe6, 0x88, 0x03, 0x27,
	0x06, 0x0c, 0x1b, 0x07, 0x07, 0x00, 0x23, 0xa8, 0xe6, 0x88, 0x03, 0x27, 0x86, 0x0c,
	0x1b, 0x07, 0x07, 0x00, 0x23, 0xaa, 0xe6, 0x88, 0x03, 0x27, 0x06, 0x0d, 0x1b, 0x07,
	0x07, 0x00, 0x23, 0xac, 0xe6, 0x88, 0x03, 0x27, 0x86, 0x0d, 0x1b, 0x07, 0x07, 0x00,
	0x23, 0xae, 0xe6, 0x88, 0x03, 0x27, 0x06, 0x0e, 0x1b, 0x07, 0x07, 0x00, 0x23, 0xa0,
	0xe6, 0x8a, 0x03, 0x27, 0x86, 0x0e, 0x1b, 0x07, 0x07, 0x00, 0x23, 0xa2, 0xe6, 0x8a,
	0x03, 0x27, 0x06, 0x0f, 0x1b, 0x07, 0x07, 0x00, 0x23, 0xa4, 0xe6, 0x8a, 0x63, 0x0e,
	0xee, 0x01, 0x03, 0x27, 0x06, 0x10, 0x1b, 0x07, 0x07, 0x00, 0x23, 0xa8, 0xe6, 0x8a,
	0x03, 0x27, 0x86, 0x10, 0x1b, 0x07, 0x07, 0x00, 0x23, 0xaa, 0xe6, 0x8a, 0x93, 0xd6,
	0x08, 0x02, 0x93, 0xf6, 0x06, 0x7f, 0x13, 0xe6, 0x86, 0x00, 0x13, 0x07, 0x80, 0x01,
	0x63, 0x0c, 0xe6, 0x00, 0x37, 0xd7, 0x00, 0x00, 0x33, 0x87, 0xe8, 0x00, 0x03, 0x26,
	0x47, 0x8a, 0x13, 0x66, 0x06, 0x08, 0x23, 0x22, 0xc7, 0x8a, 0x13, 0x06, 0x30, 0x00,
	0x13, 0x16, 0x06, 0x03, 0x03, 0x2e, 0x06, 0x11, 0x37, 0xd7, 0x00, 0x00, 0x33, 0x87,
	0xe8, 0x00, 0x1b, 0x0e, 0x0e, 0x00, 0x23, 0x2c, 0xc7, 0x8b, 0x03, 0x2f, 0x86, 0x11,
	0x1b, 0xde, 0x55, 0x01, 0x13, 0x7e, 0x7e, 0x00, 0x1b, 0x0f, 0x0f, 0x00, 0x23, 0x2e,
	0xe7, 0x8b, 0x03, 0x2f, 0x06, 0x12, 0x93, 0x0f, 0x20, 0x00, 0x1b, 0x0f, 0x0f, 0x00,
	0x23, 0x20, 0xe7, 0x8d, 0x03, 0x2f, 0x86, 0x12, 0x1b, 0x0f, 0x0f, 0x00, 0x23, 0x22,
	0xe7, 0x8d, 0x03, 0x2f, 0x06, 0x13, 0x1b, 0x0f, 0x0f, 0x00, 0x23, 0x24, 0xe7, 0x8d,
	0x03, 0x2f, 0x86, 0x13, 0x1b, 0x0f, 0x0f, 0x00, 0x23, 0x26, 0xe7, 0x8d, 0x03, 0x2f,
	0x06, 0x14, 0x1b, 0x0f, 0x0f, 0x00, 0x23, 0x28, 0xe7, 0x8d, 0x03, 0x2f, 0x86, 0x14,
	0x1b, 0x0f, 0x0f, 0x00, 0x23, 0x2a, 0xe7, 0x8d, 0x03, 0x2f, 0x06, 0x15, 0x1b, 0x0f,
	0x0f, 0x00, 0x23, 0x2c, 0xe7, 0x8d, 0x03, 0x2f, 0x86, 0x15, 0x1b, 0x0f, 0x0f, 0x00,
	0x23, 0x2e, 0xe7, 0x8d, 0x03, 0x2f, 0x06, 0x16, 0x1b, 0x0f, 0x0f, 0x00, 0x23, 0x20,
	0xe7, 0x8f, 0x03, 0x2f, 0x86, 0x16, 0x1b, 0x0f, 0x0f, 0x00, 0x23, 0x22, 0xe7, 0x8f,
	0x03, 0x2f, 0x06, 0x17, 0x1b, 0x0f, 0x0f, 0x00, 0x23, 0x24, 0xe7, 0x8f, 0x03, 0x2f,
	0x86, 0x17, 0x1b, 0x0f, 0x0f, 0x00, 0x23, 0x26, 0xe7, 0x8f, 0x03, 0x2f, 0x06, 0x18,
	0x1b, 0x0f, 0x0f, 0x00, 0x23, 0x28, 0xe7, 0x8f, 0x03, 0x2f, 0x86, 0x18, 0x1b, 0x0f,
	0x0f, 0x00, 0x23, 0x2a, 0xe7, 0x8f, 0x03, 0x2f, 0x06, 0x19, 0x1b, 0x0f, 0x0f, 0x00,
	0x23, 0x2c, 0xe7, 0x8f, 0x03, 0x2f, 0x86, 0x19, 0x1b, 0x0f, 0x0f, 0x00, 0x23, 0x2e,
	0xe7, 0x8f, 0x03, 0x2f, 0x06, 0x1a, 0x1b, 0x0f, 0x0f, 0x00, 0x23, 0x20, 0xe7, 0x91,
	0x03, 0x2f, 0x86, 0x1a, 0x1b, 0x0f, 0x0f, 0x00, 0x23, 0x22, 0xe7, 0x91, 0x03, 0x2f,
	0x06, 0x1b, 0x1b, 0x0f, 0x0f, 0x00, 0x23, 0x24, 0xe7, 0x91, 0x03, 0x2f, 0x86, 0x1b,
	0x1b, 0x0f, 0x0f, 0x00, 0x23, 0x26, 0xe7, 0x91, 0x03, 0x2f, 0x06, 0x1c, 0x1b, 0x0f,
	0x0f, 0x00, 0x23, 0x28, 0xe7, 0x91, 0x03, 0x2f, 0x86, 0x1c, 0x1b, 0x0f, 0x0f, 0x00,
	0x23, 0x2a, 0xe7, 0x91, 0x03, 0x2f, 0x06, 0x1d, 0x1b, 0x0f, 0x0f, 0x00, 0x23, 0x2c,
	0xe7, 0x91, 0x03, 0x2f, 0x86, 0x1d, 0x1b, 0x0f, 0x0f, 0x00, 0x23, 0x2e, 0xe7, 0x91,
	0x03, 0x2f, 0x06, 0x1e, 0x1b, 0x0f, 0x0f, 0x00, 0x23, 0x20, 0xe7, 0x93, 0x03, 0x26,
	0x06, 0x00, 0x1b, 0x06, 0x06, 0x00, 0x23, 0x28, 0xc7, 0x82, 0x03, 0x27, 0x47, 0x8a,
	0x1b, 0x07, 0x07, 0x00, 0x63, 0x18, 0xfe, 0x01, 0x13, 0xd6, 0x55, 0x01, 0x13, 0x76,
	0x86, 0x01, 0x33, 0x67, 0xe6, 0x00, 0x37, 0x06, 0x72, 0x20, 0x13, 0x06, 0x86, 0xfb,
	0x37, 0xde, 0x00, 0x00, 0x33, 0x8e, 0xc8, 0x01, 0x33, 0x77, 0xc7, 0x00, 0x23, 0x22,
	0xee, 0x8a, 0x03, 0x27, 0x4e, 0x8c, 0x37, 0x06, 0x00, 0x80, 0x33, 0x67, 0xc7, 0x00,
	0x23, 0x22, 0xee, 0x8c, 0x13, 0x07, 0x30, 0x00, 0x13, 0x17, 0x07, 0x03, 0x03, 0x26,
	0x07, 0x06, 0x37, 0x07, 0x00, 0x10, 0x13, 0x07, 0xc7, 0xff, 0x13, 0x76, 0x36, 0x00,
	0x33, 0x77, 0xe3, 0x00, 0x33, 0x67, 0xc7, 0x00, 0x37, 0x06, 0x00, 0x60, 0x33, 0x67,
	0xc7, 0x00, 0x23, 0x20, 0xee, 0x86, 0x03, 0x27, 0x0e, 0x83, 0x03, 0x26, 0x4e, 0x8a,
	0x13, 0x77, 0x07, 0xff, 0x1b, 0x56, 0x96, 0x00, 0x13, 0x76, 0x16, 0x00, 0x33, 0x67,
	0xd7, 0x01, 0x63, 0x00, 0x06, 0x02, 0x37, 0xf6, 0xff, 0xff, 0x13, 0x06, 0xf6, 0x0f,
	0x33, 0x77, 0xc7, 0x00, 0x37, 0x16, 0x00, 0x00, 0x13, 0x06, 0x06, 0xf0, 0xb3, 0xf5,
	0xc5, 0x00, 0x33, 0xe7, 0xe5, 0x00, 0x37, 0xde, 0x00, 0x00, 0x33, 0x8e, 0xc8, 0x01,
	0x23, 0x28, 0xee, 0x82, 0x03, 0x27, 0x0e, 0x83, 0x63, 0x02, 0x07, 0x00, 0x13, 0xd7,
	0x36, 0x00, 0x1b, 0xd3, 0x86, 0x00, 0x13, 0x77, 0x87, 0x01, 0x33, 0x67, 0x67, 0x00,
	0x13, 0x06, 0x10, 0x00, 0x3b, 0x16, 0xe6, 0x00, 0x1b, 0x08, 0x08, 0x00, 0x37, 0xc7,
	0x00, 0x00, 0x33, 0x87, 0xe8, 0x00, 0x23, 0x2c, 0x0e, 0x85, 0x23, 0x28, 0xc7, 0x20,
	0x13, 0x07, 0x10, 0x00, 0x23, 0xa8, 0xe7, 0x46, 0x03, 0xe7, 0x87, 0x02, 0x63, 0x02,
	0x07, 0x00, 0x37, 0xf7, 0x03, 0x00, 0x33, 0x87, 0xe8, 0x00, 0x83, 0x25, 0x07, 0x05,
	0x1b, 0xd6, 0x36, 0x00, 0x13, 0x76, 0x86, 0x01, 0x33, 0x66, 0x66, 0x00, 0x03, 0x27,
	0x4e, 0x83, 0xbb, 0xd5, 0xc5, 0x00, 0x93, 0xf5, 0x15, 0x00, 0x1b, 0x06, 0x06, 0x00,
	0x1b, 0x07, 0x07, 0x00, 0x63, 0x84, 0x05, 0x00, 0x6f, 0x50, 0x10, 0x0d, 0x03, 0x28,
	0xce, 0x83, 0x93, 0x05, 0xe0, 0x00, 0x63, 0xe4, 0x05, 0x01, 0x6f, 0x50, 0x10, 0x0c,
	0xb7, 0x05, 0x08, 0x00, 0x33, 0x67, 0xb7, 0x00, 0xb7, 0xd5, 0x00, 0x00, 0xb3, 0x85,
	0xb8, 0x00, 0x23, 0xaa, 0xe5, 0x82, 0x23, 0xb8, 0x07, 0x46, 0x03, 0xe7, 0x87, 0x02,
	0x63, 0x02, 0x07, 0x00, 0x03, 0xa7, 0x85, 0x82, 0x83, 0xa5, 0x45, 0x82, 0x13, 0x17,
	0x07, 0x02, 0x93, 0x95, 0x05, 0x02, 0x93, 0xd5, 0x05, 0x02, 0x33, 0x67, 0xb7, 0x00,
	0x03, 0x27, 0xc7, 0x1f, 0x63, 0x00, 0x07, 0x06, 0x37, 0x27, 0x00, 0x00, 0x13, 0x07,
	0x87, 0x00, 0xb3, 0xe6, 0xe6, 0x00, 0x37, 0x27, 0x00, 0x00, 0x1b, 0x07, 0x17, 0x10,
	0x13, 0x17, 0x37, 0x02, 0x93, 0x96, 0x06, 0x02, 0xb3, 0xe6, 0xe6, 0x00, 0x13, 0x07,
	0x10, 0x00, 0x23, 0xa8, 0xe7, 0x46, 0x03, 0xe7, 0x87, 0x02, 0x63, 0x02, 0x07, 0x00,
	0x37, 0xf7, 0x03, 0x00, 0xb3, 0x86, 0xe6, 0x00, 0x03, 0xa7, 0x06, 0x05, 0x93, 0x05,
	0x10, 0x00, 0x3b, 0x96, 0xc5, 0x00, 0x33, 0x67, 0xc7, 0x00, 0x1b, 0x07, 0x07, 0x00,
	0x23, 0xa8, 0xe6, 0x04, 0x23, 0xb8, 0x07, 0x46, 0x03, 0xe7, 0x87, 0x02, 0x63, 0x02,
	0x07, 0x00, 0xb7, 0xd6, 0x00, 0x00, 0x33, 0x87, 0xd8, 0x00, 0x93, 0x05, 0x10, 0x00,
	0x23, 0x26, 0xb7, 0x82, 0xb3, 0x06, 0xd5, 0x00, 0x37, 0x36, 0x00, 0x00, 0x23, 0xa6,
	0xc6, 0x8a, 0x83, 0xa6, 0xc6, 0x8a, 0x83, 0x26, 0x87, 0x82, 0x03, 0x26, 0x47, 0x82,
	0x1b, 0x87, 0x06, 0x00, 0x9b, 0x06, 0x06, 0x00, 0x13, 0x06, 0x00, 0x00, 0x23, 0xb0,
	0xc7, 0x12, 0x93, 0x17, 0x07, 0x02, 0x13, 0x97, 0x06, 0x02, 0x13, 0x57, 0x07, 0x02,
	0xb3, 0xe7, 0xe7, 0x00, 0x23, 0xa8, 0xb7, 0x40, 0x93, 0x07, 0x02, 0x00, 0x03, 0xb7,
	0x07, 0x09, 0xe3, 0x1e, 0x07, 0xfe, 0xb7, 0xd7, 0x00, 0x00, 0x33, 0x05, 0xf5, 0x00,
	0xb7, 0x27, 0x00, 0x00, 0x23, 0x26, 0xf5, 0x8a, 0x83, 0x27, 0xc5, 0x8a, 0x6f, 0xe0,
	0x9f, 0xc4, 0x83, 0x26, 0x04, 0x16, 0x83, 0x55, 0xe4, 0x15, 0x13, 0x0e, 0x30, 0x00,
	0x1b, 0xd3, 0x86, 0x00, 0x93, 0x95, 0x25, 0x03, 0x1b, 0xd6, 0x06, 0x01, 0x1b, 0xd8,
	0x46, 0x01, 0x93, 0xd5, 0x25, 0x03, 0x93, 0x78, 0xf3, 0x00, 0x13, 0x76, 0x16, 0x00,
	0x13, 0x78, 0x18, 0x00, 0x1b, 0x85, 0xe5, 0xff, 0x63, 0x94, 0xc8, 0x01, 0x6f, 0x30,
	0x40, 0x2d, 0x13, 0x73, 0xc3, 0x00, 0x63, 0x16, 0x03, 0x74, 0x63, 0x94, 0x08, 0x00,
	0x6f, 0x20, 0x90, 0x5e, 0x13, 0x07, 0x20, 0x00, 0x63, 0x84, 0xe8, 0x00, 0x6f, 0xe0,
	0x5f, 0xbf, 0x1b, 0xd7, 0x96, 0x01, 0x13, 0x77, 0x37, 0x00, 0x23, 0xb0, 0xe7, 0x12,
	0x83, 0x67, 0x84, 0x16, 0x83, 0x66, 0x44, 0x16, 0x93, 0x97, 0x07, 0x02, 0xb3, 0x86,
	0xf6, 0x00, 0x63, 0x04, 0x06, 0x00, 0x6f, 0x40, 0x50, 0x5f, 0x63, 0x0a, 0x05, 0x02,
	0x1b, 0x07, 0x46, 0x00, 0x93, 0x17, 0x07, 0x02, 0x13, 0xd7, 0xe7, 0x01, 0x33, 0x07,
	0xe4, 0x00, 0x9b, 0x17, 0x26, 0x00, 0x03, 0x27, 0xc7, 0x15, 0x93, 0x97, 0x07, 0x02,
	0x93, 0xd7, 0x07, 0x02, 0xb3, 0x87, 0xd7, 0x00, 0x23, 0xa0, 0xe7, 0x00, 0x1b, 0x06,
	0x16, 0x00, 0xe3, 0x1a, 0xc5, 0xfc, 0x63, 0x14, 0x08, 0x00, 0x6f, 0xe0, 0x5f, 0xb9,
	0x93, 0x07, 0x02, 0x00, 0x03, 0xb7, 0x07, 0x09, 0xe3, 0x1e, 0x07, 0xfe, 0x6f, 0xe0,
	0x5f, 0xb8, 0x93, 0x08, 0x30, 0x00, 0x63, 0x14, 0x15, 0x01, 0x6f, 0xe0, 0x5f, 0xd7,
	0x13, 0x78, 0x48, 0x00, 0x63, 0x04, 0x08, 0x00, 0x6f, 0x20, 0x80, 0x4f, 0x63, 0x14,
	0x05, 0x00, 0x6f, 0x50, 0x90, 0x49, 0x13, 0x08, 0x20, 0x00, 0x63, 0x14, 0x05, 0x01,
	0x6f, 0xe0, 0x5f, 0xd5, 0x6f, 0xe0, 0x5f, 0xd5, 0x03, 0x66, 0x44, 0x52, 0x9b, 0x55,
	0xd8, 0x01, 0x13, 0x16, 0x06, 0x02, 0xb3, 0x06, 0xd6, 0x00, 0x37, 0xd6, 0x00, 0x00,
	0xb3, 0x86, 0xc6, 0x00, 0x03, 0xa8, 0x06, 0x83, 0x13, 0x78, 0xf8, 0x00, 0x93, 0x06,
	0x50, 0x00, 0x23, 0xbc, 0xd7, 0x18, 0x13, 0x06, 0x02, 0x00, 0x83, 0x36, 0x86, 0x04,
	0x93, 0xf6, 0x06, 0x02, 0xe3, 0x8c, 0x06, 0xfe, 0x03, 0xe5, 0x87, 0x30, 0x83, 0xb6,
	0x07, 0x07, 0x37, 0x36, 0x00, 0x00, 0x13, 0x06, 0x16, 0x80, 0xb3, 0xe6, 0xc6, 0x00,
	0x23, 0xac, 0xd7, 0x08, 0x83, 0xe6, 0x87, 0x02, 0x63, 0x82, 0x06, 0x00, 0x37, 0xa6,
	0x00, 0x00, 0x33, 0x07, 0xc7, 0x00, 0x93, 0x08, 0xf0, 0xff, 0x23, 0x2a, 0x17, 0x51,
	0x93, 0x06, 0xf0, 0x01, 0x23, 0x2c, 0xd7, 0x50, 0x23, 0x2a, 0x17, 0x51, 0x23, 0x2c,
	0xd7, 0x50, 0x83, 0x28, 0x87, 0x47, 0x83, 0x26, 0xc7, 0x47, 0x9b, 0x95, 0x05, 0x01,
	0x93, 0x98, 0x08, 0x02, 0x93, 0xd8, 0x08, 0x02, 0x93, 0x96, 0x06, 0x02, 0xb3, 0xe6,
	0x16, 0x01, 0xb7, 0xf8, 0xff, 0x01, 0x93, 0x98, 0x78, 0x00, 0xb3, 0xf6, 0x16, 0x01,
	0xb3, 0xe6, 0xb6, 0x00, 0x93, 0x05, 0x10, 0x00, 0xbb, 0x95, 0x05, 0x01, 0xb3, 0xe6,
	0xb6, 0x00, 0x9b, 0x86, 0x06, 0x00, 0x23, 0x2c, 0xd7, 0x46, 0x03, 0x27, 0x87, 0x47,
	0x93, 0x05, 0x10, 0x00, 0xb3, 0x95, 0x05, 0x01, 0x33, 0x86, 0xcd, 0x00, 0x83, 0x26,
	0x06, 0x4c, 0x03, 0x27, 0x46, 0x4c, 0x93, 0x96, 0x06, 0x02, 0x93, 0xd6, 0x06, 0x02,
	0x13, 0x17, 0x07, 0x02, 0x33, 0x67, 0xd7, 0x00, 0x33, 0x77, 0xb7, 0x00, 0xe3, 0x02,
	0x07, 0xfe, 0x13, 0x07, 0x50, 0x00, 0x23, 0xb0, 0xe7, 0x1a, 0x23, 0xac, 0xa7, 0x08,
	0x83, 0xe7, 0x87, 0x02, 0x63, 0x82, 0x07, 0x00, 0x6f, 0xe0, 0x5f, 0xa5, 0xb7, 0x15,
	0x00, 0x00, 0x93, 0x85, 0xc5, 0xbc, 0x63, 0x94, 0xb6, 0x00, 0x6f, 0x40, 0x00, 0x10,
	0x93, 0x05, 0xf0, 0x51, 0x63, 0xe4, 0xd5, 0x00, 0x6f, 0x40, 0x80, 0x0e, 0xb7, 0xf5,
	0xff, 0xff, 0x9b, 0x85, 0x95, 0xac, 0xbb, 0x86, 0xd5, 0x00, 0x63, 0xe4, 0xde, 0x00,
	0x6f, 0x40, 0x00, 0x0e, 0x83, 0x25, 0xc4, 0x16, 0x13, 0x15, 0x25, 0x00, 0xb3, 0x06,
	0xa7, 0x00, 0x23, 0xa0, 0xb6, 0x00, 0x03, 0x65, 0x84, 0x16, 0x6f, 0xe0, 0x5f, 0xb2,
	0x6f, 0xf0, 0xcf, 0xa4, 0x63, 0x14, 0x06, 0x00, 0x6f, 0xe0, 0x5f, 0xbb, 0x83, 0xb6,
	0x85, 0x0f, 0xb3, 0x86, 0xf6, 0x40, 0x63, 0xf4, 0xe6, 0x01, 0x6f, 0xe0, 0x1f, 0xb6,
	0x6f, 0xe0, 0xdf, 0x9e, 0x63, 0x14, 0x96, 0x00, 0x6f, 0x30, 0x80, 0x62, 0x63, 0x16,
	0x16, 0x00, 0xe3, 0xf0, 0xdb, 0xfe, 0x6f, 0xe0, 0xdf, 0xb8, 0xe3, 0x1c, 0x76, 0xfc,
	0x63, 0x84, 0xdb, 0x00, 0x6f, 0xe0, 0x1f, 0xb8, 0x6f, 0xf0, 0xdf, 0xfc, 0xb3, 0x87,
	0x6f, 0x00, 0xb3, 0x87, 0xe7, 0x01, 0x23, 0xa2, 0x07, 0x88, 0x03, 0xa7, 0xc7, 0x87,
	0x33, 0x77, 0x87, 0x01, 0x23, 0xae, 0xe7, 0x86, 0x03, 0xa7, 0xc7, 0x82, 0x13, 0x77,
	0x17, 0x00, 0x63, 0x14, 0x07, 0x00, 0x6f, 0xe0, 0x9f, 0xd9, 0x03, 0xa5, 0x07, 0x86,
	0x03, 0xa8, 0x47, 0x82, 0x83, 0xa8, 0x87, 0x82, 0x03, 0xa7, 0xc7, 0x8a, 0x83, 0x37,
	0x81, 0x00, 0x1b, 0x08, 0x08, 0x00, 0x1b, 0x57, 0x87, 0x01, 0x33, 0x75, 0xf5, 0x00,
	0xb7, 0x07, 0x00, 0x80, 0x33, 0x65, 0xf5, 0x00, 0x1b, 0x05, 0x05, 0x00, 0x9b, 0x87,
	0x08, 0x00, 0x13, 0x77, 0x37, 0x00, 0x23, 0x30, 0xe6, 0x12, 0x13, 0x17, 0x77, 0x00,
	0x23, 0x3c, 0xe6, 0x0c, 0x23, 0x30, 0x26, 0x13, 0x13, 0x18, 0x08, 0x02, 0x93, 0x97,
	0x07, 0x02, 0x13, 0x58, 0x08, 0x02, 0xb3, 0xe7, 0x07, 0x01, 0x23, 0xa0, 0xa7, 0x3c,
	0x6f, 0xe0, 0xdf, 0xd3, 0x37, 0x43, 0x00, 0x00, 0x9b, 0xd5, 0x05, 0x01, 0x13, 0x03,
	0xf3, 0xff, 0x13, 0x15, 0x05, 0x02, 0x93, 0x98, 0x08, 0x02, 0x13, 0x55, 0x05, 0x02,
	0xb3, 0xf5, 0x65, 0x00, 0x13, 0x08, 0x08, 0xff, 0x33, 0x65, 0x15, 0x01, 0x9b, 0x85,
	0x05, 0x00, 0x63, 0x10, 0x08, 0x02, 0x63, 0x9e, 0x65, 0x00, 0x23, 0x24, 0xc4, 0x36,
	0x13, 0x06, 0x00, 0x00, 0x23, 0xbc, 0xc7, 0x0c, 0x03, 0x26, 0x05, 0x00, 0x23, 0x2e,
	0xc4, 0x14, 0x6f, 0xe0, 0x4f, 0xf8, 0x1b, 0x86, 0x25, 0x00, 0x23, 0x24, 0xc4, 0x36,
	0x13, 0x06, 0x00, 0x00, 0x23, 0xbc, 0xc7, 0x0c, 0x13, 0x86, 0x81, 0x92, 0x93, 0x95,
	0x25, 0x00, 0x13, 0x88, 0x01, 0x93, 0x33, 0x08, 0xb8, 0x00, 0x33, 0x05, 0xc5, 0x40,
	0xb3, 0x05, 0xc5, 0x00, 0x83, 0xa5, 0x05, 0x00, 0x13, 0x06, 0x46, 0x00, 0x23, 0x2c,
	0xb6, 0x04, 0xe3, 0x18, 0xc8, 0xfe, 0x6f, 0xe0, 0x8f, 0xf4, 0x83, 0x28, 0x44, 0x16,
	0x83, 0x25, 0x04, 0x16, 0x03, 0x33, 0x84, 0x16, 0x03, 0x3e, 0x04, 0x17, 0x1b, 0xd5,
	0xc8, 0x01, 0x23, 0x24, 0xc4, 0x10, 0x23, 0x26, 0xb4, 0x10, 0x23, 0x3c, 0x64, 0x12,
	0x23, 0x30, 0xc4, 0x15, 0x13, 0x76, 0x75, 0x00, 0x63, 0x04, 0x06, 0x00, 0x6f, 0x20,
	0xc0, 0x23, 0x23, 0x20, 0x04, 0x11, 0xb7, 0x0e, 0x00, 0x10, 0x13, 0x86, 0xfe, 0xff,
	0xb3, 0xf8, 0xc8, 0x00, 0x23, 0x22, 0x14, 0x13, 0x03, 0x36, 0x84, 0x10, 0x13, 0x56,
	0xc6, 0x03, 0x13, 0x76, 0x36, 0x00, 0x63, 0x14, 0x06, 0x00, 0x6f, 0x20, 0x40, 0x29,
	0x93, 0x05, 0x20, 0x00, 0x63, 0x04, 0xb6, 0x00, 0x6f, 0xe0, 0xdf, 0x85, 0x83, 0x25,
	0x04, 0x10, 0x13, 0x06, 0x10, 0x00, 0x63, 0x94, 0xc5, 0x00, 0x6f, 0x40, 0x10, 0x20,
	0x63, 0x84, 0x05, 0x00, 0x6f, 0xe0, 0x5f, 0x84, 0x03, 0x66, 0x44, 0x52, 0x37, 0xd5,
	0x00, 0x00, 0x13, 0x16, 0x06, 0x02, 0x33, 0x06, 0xd6, 0x00, 0x33, 0x06, 0xa6, 0x00,
	0x37, 0x35, 0x00, 0x00, 0x23, 0x26, 0xa6, 0x8a, 0x03, 0x26, 0xc6, 0x8a, 0x63, 0x02,
	0x06, 0x00, 0x03, 0x28, 0x44, 0x12, 0x37, 0xc5, 0x00, 0x00, 0x33, 0x85, 0xa6, 0x00,
	0x03, 0x26, 0x05, 0x38, 0x63, 0x0c, 0x06, 0x00, 0x03, 0x25, 0x45, 0x3b, 0x13, 0x86,
	0xce, 0xff, 0x33, 0x76, 0xc5, 0x00, 0x63, 0x14, 0xc8, 0x00, 0x6f, 0x50, 0x10, 0x67,
	0x13, 0x06, 0x10, 0x00, 0x13, 0x16, 0x86, 0x02, 0x37, 0xc5, 0x00, 0x00, 0x33, 0x86,
	0xc6, 0x00, 0x33, 0x06, 0xa6, 0x00, 0x03, 0x25, 0x06, 0x38, 0x63, 0x0e, 0x05, 0x00,
	0x03, 0x26, 0x46, 0x3b, 0x37, 0x05, 0x00, 0x10, 0x13, 0x05, 0xc5, 0xff, 0x33, 0x76,
	0xa6, 0x00, 0x63, 0x14, 0xc8, 0x00, 0x6f, 0x50, 0x10, 0x65, 0x13, 0x06, 0x10, 0x00,
	0x13, 0x16, 0x66, 0x02, 0x37, 0xc5, 0x00, 0x00, 0x33, 0x86, 0xc6, 0x00, 0x33, 0x06,
	0xa6, 0x00, 0x03, 0x25, 0x06, 0x38, 0x63, 0x0e, 0x05, 0x00, 0x03, 0x26, 0x46, 0x3b,
	0x37, 0x05, 0x00, 0x10, 0x13, 0x05, 0xc5, 0xff, 0x33, 0x76, 0xa6, 0x00, 0x63, 0x14,
	0xc8, 0x00, 0x6f, 0x50, 0x90, 0x62, 0x13, 0x06, 0x50, 0x00, 0x13, 0x16, 0x66, 0x02,
	0xb7, 0xc5, 0x00, 0x00, 0x33, 0x86, 0xc6, 0x00, 0x33, 0x06, 0xb6, 0x00, 0x83, 0x25,
	0x06, 0x38, 0x63, 0x8e, 0x05, 0x00, 0x03, 0x26, 0x46, 0x3b, 0xb7, 0x05, 0x00, 0x10,
	0x93, 0x85, 0xc5, 0xff, 0x33, 0x76, 0xb6, 0x00, 0x63, 0x14, 0xc8, 0x00, 0x6f, 0x50,
	0xd0, 0x27, 0x83, 0x67, 0x44, 0x52, 0x37, 0xd7, 0x00, 0x00, 0x93, 0x97, 0x07, 0x02,
	0xb3, 0x87, 0xd7, 0x00, 0xb3, 0x87, 0xe7, 0x00, 0x37, 0x27, 0x00, 0x00, 0x23, 0xa6,
	0xe7, 0x8a, 0x83, 0xa7, 0xc7, 0x8a, 0x63, 0x82, 0x07, 0x00, 0x6f, 0xe0, 0x4f, 0xf3,
	0x03, 0x26, 0x04, 0x16, 0x93, 0x05, 0x50, 0x00, 0x1b, 0x53, 0x86, 0x00, 0x9b, 0x58,
	0x06, 0x01, 0x1b, 0x55, 0x46, 0x01, 0x13, 0x7e, 0xf6, 0x00, 0x13, 0x78, 0xf3, 0x00,
	0x93, 0xf8, 0x18, 0x00, 0x13, 0x75, 0x15, 0x00, 0x63, 0x14, 0xbe, 0x00, 0x6f, 0x40,
	0x10, 0x00, 0x63, 0xec, 0xc5, 0x17, 0x93, 0x06, 0x30, 0x00, 0x63, 0x14, 0xde, 0x00,
	0x6f, 0x40, 0x90, 0x00, 0x93, 0x75, 0xc6, 0x00, 0x63, 0x8a, 0x05, 0x0a, 0x93, 0x07,
	0x40, 0x00, 0x63, 0x04, 0xfe, 0x00, 0x6f, 0x20, 0x40, 0x10, 0x83, 0x27, 0x44, 0x16,
	0x13, 0x96, 0x07, 0x02, 0x93, 0x56, 0xe6, 0x01, 0x63, 0x94, 0x08, 0x00, 0x6f, 0x40,
	0xd0, 0x01, 0x9b, 0x87, 0x17, 0x00, 0x13, 0x96, 0x07, 0x02, 0x93, 0x57, 0xe6, 0x01,
	0xb3, 0x06, 0xd7, 0x00, 0xb3, 0x07, 0xf7, 0x00, 0x83, 0xa7, 0x07, 0x00, 0x83, 0xa5,
	0x06, 0x00, 0x13, 0x06, 0x00, 0x00, 0x93, 0x97, 0x07, 0x02, 0x93, 0x96, 0x05, 0x02,
	0x93, 0xd6, 0x06, 0x02, 0x9b, 0x85, 0x05, 0x00, 0xb3, 0xe6, 0xf6, 0x00, 0x93, 0x07,
	0x30, 0x00, 0x63, 0x14, 0xf8, 0x00, 0x6f, 0x50, 0xc0, 0x7a, 0x13, 0x73, 0xc3, 0x00,
	0x63, 0x04, 0x03, 0x00, 0x6f, 0x20, 0x50, 0x5a, 0x63, 0x0e, 0x08, 0x12, 0x93, 0x07,
	0x20, 0x00, 0x63, 0x04, 0xf8, 0x00, 0x6f, 0xe0, 0x4f, 0xe7, 0x83, 0x67, 0x04, 0x17,
	0x03, 0x67, 0xc4, 0x16, 0x93, 0x97, 0x07, 0x02, 0xb3, 0xe7, 0xe7, 0x00, 0x23, 0xa0,
	0xb7, 0x00, 0x63, 0x84, 0x08, 0x00, 0x23, 0xa2, 0xc7, 0x00, 0x63, 0x14, 0x05, 0x00,
	0x6f, 0xe0, 0x0f, 0xe5, 0x93, 0x07, 0x02, 0x00, 0x03, 0xb7, 0x07, 0x09, 0xe3, 0x1e,
	0x07, 0xfe, 0x6f, 0xe0, 0x0f, 0xe4, 0x63, 0x14, 0x0e, 0x00, 0x6f, 0x40, 0x50, 0x43,
	0x63, 0x14, 0xde, 0x00, 0x6f, 0x40, 0x50, 0x42, 0x83, 0x65, 0x84, 0x16, 0x03, 0x6e,
	0x44, 0x16, 0x9b, 0x56, 0xd6, 0x00, 0x13, 0x96, 0x05, 0x02, 0x33, 0x66, 0xc6, 0x01,
	0x93, 0xf6, 0x36, 0x00, 0x23, 0xb0, 0xd7, 0x12, 0x93, 0x96, 0x76, 0x00, 0x23, 0xbc,
	0xd7, 0x0c, 0x63, 0x94, 0x08, 0x00, 0x6f, 0x50, 0x00, 0x18, 0x83, 0xb5, 0x87, 0x02,
	0xb7, 0x46, 0x00, 0x00, 0x93, 0xd5, 0x65, 0x02, 0x23, 0xac, 0xd7, 0x08, 0x83, 0xe6,
	0x87, 0x02, 0x63, 0x82, 0x06, 0x00, 0x83, 0xe6, 0x87, 0x02, 0x63, 0x82, 0x06, 0x00,
	0x03, 0x6e, 0x06, 0x00, 0x83, 0x66, 0x46, 0x00, 0x93, 0x96, 0x06, 0x02, 0xb3, 0xe6,
	0xc6, 0x01, 0x13, 0x06, 0x02, 0x00, 0x03, 0x3e, 0x06, 0x09, 0xe3, 0x1e, 0x0e, 0xfe,
	0x1b, 0x96, 0x45, 0x01, 0xb7, 0x05, 0xf0, 0x00, 0x33, 0x76, 0xb6, 0x00, 0x13, 0x66,
	0x86, 0x00, 0x13, 0x16, 0x06, 0x02, 0x13, 0x56, 0x06, 0x02, 0x23, 0xac, 0xc7, 0x08,
	0x03, 0xe6, 0x87, 0x02, 0x63, 0x02, 0x06, 0x00, 0x83, 0xe7, 0x87, 0x02, 0x63, 0x82,
	0x07, 0x00, 0x9b, 0x85, 0x06, 0x00, 0x13, 0xd6, 0x06, 0x42, 0x6f, 0xf0, 0x9f, 0xef,
	0x93, 0x05, 0x90, 0x00, 0x63, 0x14, 0xbe, 0x00, 0x6f, 0x40, 0x00, 0x7e, 0x63, 0xf4,
	0xc5, 0x09, 0x93, 0x06, 0xa0, 0x00, 0x63, 0x04, 0xde, 0x00, 0x6f, 0x10, 0x50, 0x79,
	0x83, 0xb6, 0x07, 0x10, 0x93, 0x05, 0x00, 0x00, 0x93, 0x07, 0x30, 0x00, 0x63, 0x14,
	0xf8, 0x00, 0x6f, 0x40, 0x50, 0x1f, 0x13, 0x76, 0xc3, 0x00, 0x63, 0x04, 0x06, 0x00,
	0x6f, 0x10, 0xd0, 0x30, 0xe3, 0x1a, 0x08, 0xec, 0x63, 0x94, 0x08, 0x00, 0x6f, 0x40,
	0x80, 0x6b, 0x83, 0x67, 0xc4, 0x16, 0x1b, 0x86, 0x06, 0x00, 0x93, 0xd6, 0x06, 0x42,
	0x93, 0x97, 0x27, 0x00, 0xb3, 0x07, 0xf7, 0x00, 0x23, 0xa0, 0xc7, 0x00, 0x83, 0x27,
	0xc4, 0x16, 0x9b, 0x87, 0x17, 0x00, 0x13, 0x96, 0x07, 0x02, 0x93, 0x57, 0xe6, 0x01,
	0xb3, 0x07, 0xf7, 0x00, 0x23, 0xa0, 0xd7, 0x00, 0x63, 0x14, 0x05, 0x00, 0x6f, 0xe0,
	0x0f, 0xd1, 0x83, 0x67, 0xc4, 0x16, 0x93, 0x97, 0x27, 0x00, 0xb3, 0x07, 0xf7, 0x00,
	0x83, 0xa7, 0x07, 0x00, 0x6f, 0xe0, 0xcf, 0xcf, 0x13, 0x76, 0x86, 0x00, 0x63, 0x1c,
	0x06, 0x28, 0x83, 0x67, 0x44, 0x52, 0x93, 0x97, 0x07, 0x02, 0xb3, 0x87, 0xd7, 0x00,
	0xb7, 0xd6, 0x00, 0x00, 0xb3, 0x87, 0xd7, 0x00, 0x83, 0xa6, 0x87, 0x89, 0x83, 0xa5,
	0x47, 0x89, 0x93, 0x97, 0x06, 0x02, 0x93, 0x96, 0x05, 0x02, 0x93, 0xd6, 0x06, 0x02,
	0x9b, 0x85, 0x05, 0x00, 0xb3, 0xe6, 0xf6, 0x00, 0x6f, 0xf0, 0x9f, 0xf5, 0x13, 0x07,
	0x50, 0x00, 0x63, 0x84, 0xe8, 0x00, 0x6f, 0xe0, 0x4f, 0xcb, 0x1b, 0xd7, 0x96, 0x01,
	0x13, 0x77, 0x37, 0x00, 0x23, 0xb0, 0xe7, 0x12, 0x83, 0x67, 0x84, 0x16, 0x83, 0x66,
	0x44, 0x16, 0x93, 0x97, 0x07, 0x02, 0xb3, 0x86, 0xf6, 0x00, 0x63, 0x04, 0x06, 0x00,
	0x6f, 0x40, 0x80, 0x6c, 0x63, 0x0a, 0x05, 0x02, 0x1b, 0x07, 0x46, 0x00, 0x93, 0x17,
	0x07, 0x02, 0x13, 0xd7, 0xe7, 0x01, 0x33, 0x07, 0xe4, 0x00, 0x9b, 0x17, 0x26, 0x00,
	0x03, 0x27, 0xc7, 0x15, 0x93, 0x97, 0x07, 0x02, 0x93, 0xd7, 0x07, 0x02, 0xb3, 0x87,
	0xd7, 0x00, 0x23, 0xa0, 0xe7, 0x00, 0x1b, 0x06, 0x16, 0x00, 0xe3, 0x1a, 0xc5, 0xfc,
	0x63, 0x14, 0x08, 0x00, 0x6f, 0xe0, 0x4f, 0xc5, 0x93, 0x07, 0x02, 0x00, 0x03, 0xb7,
	0x07, 0x09, 0xe3, 0x1e, 0x07, 0xfe, 0x6f, 0xe0, 0x4f, 0xc4, 0x23, 0x24, 0xc4, 0x10,
	0x83, 0xb8, 0x07, 0x07, 0x13, 0x95, 0x08, 0x02, 0x33, 0x85, 0xa6, 0x00, 0x37, 0xd3,
	0x00, 0x00, 0x33, 0x05, 0x65, 0x00, 0x03, 0x28, 0x45, 0x82, 0x03, 0x26, 0x85, 0x82,
	0x83, 0x25, 0xc5, 0x8a, 0x13, 0x18, 0x08, 0x02, 0x13, 0x58, 0x08, 0x02, 0x13, 0x16,
	0x06, 0x02, 0x33, 0x66, 0x06, 0x01, 0x37, 0x38, 0x00, 0x00, 0x23, 0x26, 0x05, 0x8b,
	0x03, 0x25, 0xc5, 0x8a, 0x23, 0x22, 0x14, 0x53, 0x23, 0x34, 0xc4, 0x52, 0x9b, 0x85,
	0x05, 0x00, 0x63, 0x02, 0x05, 0x00, 0x9b, 0xd5, 0x85, 0x01, 0x93, 0xf5, 0x35, 0x00,
	0x23, 0xb0, 0xb7, 0x12, 0x93, 0x95, 0x75, 0x00, 0x23, 0xbc, 0xb7, 0x0c, 0x93, 0x05,
	0x00, 0x00, 0x23, 0xb0, 0xb7, 0x12, 0x83, 0x25, 0xc4, 0x15, 0x23, 0x28, 0xb6, 0x38,
	0x83, 0x25, 0x04, 0x16, 0x23, 0x2a, 0xb6, 0x38, 0x83, 0x25, 0x44, 0x16, 0x23, 0x2c,
	0xb6, 0x38, 0x83, 0x25, 0x84, 0x16, 0x23, 0x2e, 0xb6, 0x38, 0x83, 0x25, 0xc4, 0x16,
	0x23, 0x20, 0xb6, 0x3a, 0x83, 0x25, 0x04, 0x17, 0x23, 0x22, 0xb6, 0x3a, 0x83, 0x25,
	0x44, 0x17, 0x23, 0x24, 0xb6, 0x3a, 0x83, 0x25, 0x84, 0x17, 0x23, 0x26, 0xb6, 0x3a,
	0x03, 0x66, 0x44, 0x52, 0xb7, 0x25, 0x00, 0x00, 0x13, 0x16, 0x06, 0x02, 0x33, 0x06,
	0xd6, 0x00, 0x33, 0x06, 0x66, 0x00, 0x23, 0x26, 0xb6, 0x8a, 0x03, 0x26, 0xc6, 0x8a,
	0x63, 0x02, 0x06, 0x00, 0x03, 0x25, 0x04, 0x16, 0x1b, 0x56, 0xd5, 0x01, 0x63, 0x04,
	0x06, 0x00, 0x6f, 0xe0, 0x8f, 0xb6, 0x1b, 0x56, 0x05, 0x01, 0x13, 0x76, 0xf6, 0x0f,
	0x63, 0x04, 0x06, 0x00, 0x23, 0x20, 0xc4, 0x52, 0x03, 0x66, 0x44, 0x52, 0x37, 0xd8,
	0x00, 0x00, 0x83, 0x65, 0x84, 0x16, 0x13, 0x16, 0x06, 0x02, 0x33, 0x06, 0xd6, 0x00,
	0x33, 0x06, 0x06, 0x01, 0x83, 0x28, 0x46, 0x8a, 0x03, 0x63, 0x44, 0x16, 0x93, 0x95,
	0x05, 0x02, 0x9b, 0x88, 0x08, 0x00, 0x23, 0x22, 0x16, 0x8b, 0x13, 0x15, 0x05, 0x03,
	0xb7, 0x38, 0x00, 0x00, 0xb3, 0xe5, 0x65, 0x00, 0x13, 0x55, 0x05, 0x03, 0x23, 0x26,
	0x16, 0x8b, 0x23, 0x3c, 0xb4, 0x36, 0x03, 0x26, 0xc6, 0x8a, 0x23, 0x24, 0xa4, 0x38,
	0x23, 0xb4, 0x01, 0xba, 0x63, 0x02, 0x06, 0x00, 0x03, 0x36, 0x84, 0x52, 0x93, 0x05,
	0x00, 0x00, 0x13, 0x06, 0x86, 0x1f, 0x23, 0xb0, 0xb7, 0x12, 0x23, 0xbc, 0xb7, 0x0c,
	0x83, 0xe5, 0x87, 0x30, 0x37, 0x45, 0x00, 0x00, 0x23, 0xac, 0xa7, 0x08, 0x03, 0xe5,
	0x87, 0x02, 0x63, 0x02, 0x05, 0x00, 0x03, 0x65, 0x06, 0x00, 0x03, 0x66, 0x46, 0x00,
	0x13, 0x16, 0x06, 0x02, 0x33, 0x66, 0xa6, 0x00, 0x23, 0xac, 0xb7, 0x08, 0x83, 0xe7,
	0x87, 0x02, 0x63, 0x82, 0x07, 0x00, 0xb7, 0xc5, 0x00, 0x00, 0xb3, 0x05, 0xb7, 0x00,
	0x1b, 0x05, 0x06, 0x00, 0x23, 0xa4, 0xa5, 0x0c, 0x13, 0x56, 0x06, 0x42, 0x23, 0xa6,
	0xc5, 0x0c, 0x83, 0x67, 0x44, 0x52, 0x37, 0x86, 0x00, 0x00, 0x33, 0x07, 0xc7, 0x00,
	0x03, 0x25, 0xc4, 0x16, 0x37, 0x06, 0x00, 0x80, 0x83, 0x25, 0x04, 0x17, 0x13, 0x06,
	0x56, 0x00, 0x23, 0x20, 0xc7, 0x24, 0x93, 0x97, 0x07, 0x02, 0x23, 0x22, 0xa7, 0x24,
	0xb3, 0x87, 0xd7, 0x00, 0x23, 0x22, 0xb7, 0x24, 0xb3, 0x87, 0x07, 0x01, 0x37, 0x27,
	0x00, 0x00, 0x23, 0xa6, 0xe7, 0x8a, 0x83, 0xa7, 0xc7, 0x8a, 0x63, 0x82, 0x07, 0x00,
	0x6f, 0xe0, 0x0f, 0xa6, 0x93, 0x07, 0x80, 0x00, 0x63, 0x04, 0xfe, 0x00, 0x6f, 0x10,
	0x50, 0x47, 0x83, 0x67, 0x44, 0x52, 0x93, 0x97, 0x07, 0x02, 0xb3, 0x87, 0xd7, 0x00,
	0xb7, 0xd6, 0x00, 0x00, 0xb3, 0x87, 0xd7, 0x00, 0x83, 0xa6, 0x07, 0x8a, 0x83, 0xa5,
	0xc7, 0x89, 0x6f, 0xf0, 0x1f, 0xd6, 0x03, 0x37, 0x01, 0x00, 0x9b, 0x8b, 0x4b, 0x00,
	0x93, 0x07, 0x00, 0x01, 0x13, 0x07, 0x07, 0x07, 0x23, 0x30, 0xe1, 0x00, 0x63, 0x94,
	0xfb, 0x00, 0x6f, 0xe0, 0x8f, 0xa1, 0x03, 0x37, 0x84, 0x52, 0x83, 0x27, 0x44, 0x52,
	0x6f, 0xe0, 0xcf, 0xd3, 0x03, 0xa6, 0x45, 0x8b, 0x13, 0x05, 0x40, 0x01, 0x13, 0x76,
	0xf6, 0x01, 0x63, 0x02, 0xa6, 0x40, 0x37, 0x36, 0x00, 0x00, 0x23, 0xa6, 0xc5, 0x8a,
	0x03, 0xa6, 0xc5, 0x8a, 0x63, 0x02, 0x06, 0x00, 0x03, 0x36, 0x04, 0x53, 0x93, 0x98,
	0x08, 0x03, 0x13, 0x05, 0x00, 0x05, 0x13, 0x16, 0x06, 0x02, 0x33, 0x06, 0xd6, 0x00,
	0x33, 0x06, 0xd6, 0x01, 0x83, 0x25, 0x46, 0x82, 0x03, 0x26, 0x86, 0x82, 0x93, 0x95,
	0x05, 0x02, 0x93, 0xd5, 0x05, 0x02, 0x13, 0x16, 0x06, 0x02, 0x33, 0x66, 0xb6, 0x00,
	0xb7, 0xc5, 0xad, 0xde, 0x93, 0x85, 0xf5, 0xee, 0x23, 0xa0, 0xb8, 0x7c, 0xb7, 0x25,
	0x03, 0x00, 0xb3, 0x05, 0xb7, 0x00, 0x23, 0xa2, 0xa5, 0x04, 0x13, 0x06, 0x06, 0x40,
	0x13, 0x05, 0x02, 0x00, 0x83, 0x35, 0x05, 0x03, 0xe3, 0x9e, 0x05, 0xfe, 0x93, 0x05,
	0x10, 0x00, 0x23, 0xb8, 0xb7, 0x0c, 0xb7, 0x05, 0x03, 0x00, 0xb3, 0x05, 0xb7, 0x00,
	0x1b, 0x08, 0x06, 0x00, 0x23, 0xa0, 0x05, 0x21, 0x13, 0x56, 0x06, 0x42, 0x37, 0x25,
	0x03, 0x00, 0x23, 0xa2, 0xc5, 0x20, 0x13, 0x05, 0x85, 0x04, 0x23, 0xa4, 0xa5, 0x20,
	0x23, 0xa6, 0x05, 0x20, 0x37, 0x25, 0x00, 0x62, 0x23, 0xa0, 0xa5, 0x1e, 0x03, 0xb5,
	0x07, 0x4b, 0x9b, 0x08, 0x05, 0x00, 0x23, 0xa8, 0x15, 0x27, 0x13, 0x55, 0x05, 0x42,
	0x23, 0xaa, 0xa5, 0x26, 0x37, 0x05, 0x00, 0x68, 0x13, 0x05, 0x05, 0x2a, 0x23, 0xa8,
	0xa5, 0x20, 0x93, 0x05, 0x02, 0x00, 0x03, 0xbf, 0x05, 0x03, 0xe3, 0x1e, 0x0f, 0xfe,
	0x93, 0x05, 0x10, 0x00, 0x23, 0xb8, 0xb7, 0x0c, 0xb7, 0x05, 0x03, 0x00, 0xb3, 0x05,
	0xb7, 0x00, 0x23, 0xa0, 0x05, 0x21, 0x23, 0xa2, 0xc5, 0x20, 0x37, 0x26, 0x03, 0x00,
	0x13, 0x06, 0x86, 0x04, 0x23, 0xa4, 0xc5, 0x20, 0x23, 0xa6, 0x05, 0x20, 0x37, 0x26,
	0x00, 0x62, 0x23, 0xa0, 0xc5, 0x1e, 0x03, 0xb6, 0x07, 0x4b, 0x1b, 0x05, 0x06, 0x00,
	0x23, 0xa8, 0xa5, 0x26, 0x13, 0x56, 0x06, 0x42, 0x23, 0xaa, 0xc5, 0x26, 0x37, 0x06,
	0x00, 0x68, 0x13, 0x06, 0x46, 0x00, 0x13, 0x03, 0x30, 0x00, 0xb7, 0xc8, 0xad, 0xde,
	0x23, 0xa8, 0xc5, 0x20, 0x13, 0x13, 0x03, 0x03, 0x13, 0x05, 0xd0, 0x01, 0x93, 0x88,
	0xf8, 0xee, 0x03, 0x28, 0x03, 0x7c, 0x1b, 0x08, 0x08, 0x00, 0xf3, 0x25, 0x00, 0xb0,
	0x13, 0x00, 0x00, 0x00, 0x73, 0x26, 0x00, 0xb0, 0x33, 0x06, 0xb6, 0x40, 0xe3, 0x7a,
	0xc5, 0xfe, 0xe3, 0x02, 0x18, 0xff, 0x13, 0x06, 0x00, 0x00, 0x23, 0xb8, 0xc7, 0x0c,
	0x03, 0x36, 0x04, 0x53, 0xb7, 0xd5, 0x00, 0x00, 0x13, 0x16, 0x06, 0x02, 0x33, 0x06,
	0xd6, 0x00, 0x33, 0x06, 0xb6, 0x00, 0xb7, 0x25, 0x00, 0x00, 0x23, 0x26, 0xb6, 0x8a,
	0x03, 0x26, 0xc6, 0x8a, 0x63, 0x02, 0x06, 0x00, 0x03, 0x26, 0x44, 0x52, 0xb7, 0x25,
	0x00, 0x00, 0x9b, 0x85, 0x15, 0x10, 0x93, 0x95, 0x35, 0x02, 0x13, 0x1e, 0x06, 0x02,
	0x33, 0x6e, 0xbe, 0x00, 0xb7, 0x23, 0x03, 0x00, 0xb3, 0x05, 0x77, 0x00, 0x83, 0xa2,
	0xc5, 0x01, 0x13, 0xd5, 0xe2, 0x01, 0x13, 0x75, 0x15, 0x00, 0x9b, 0x82, 0x02, 0x00,
	0x63, 0x1c, 0x05, 0x10, 0x23, 0xaa, 0x05, 0x12, 0x03, 0xe8, 0x87, 0x30, 0x03, 0xb6,
	0x07, 0x06, 0x1b, 0x06, 0x06, 0x00, 0x13, 0x36, 0x16, 0x00, 0x37, 0x15, 0x00, 0x00,
	0x13, 0x05, 0x15, 0x03, 0x1b, 0x16, 0x66, 0x00, 0x33, 0x66, 0xa6, 0x00, 0x13, 0x16,
	0x06, 0x02, 0x13, 0x56, 0x06, 0x02, 0x23, 0xac, 0xc7, 0x08, 0x03, 0xe6, 0x87, 0x02,
	0x63, 0x02, 0x06, 0x00, 0x23, 0xaa, 0x05, 0x12, 0x23, 0xac, 0x07, 0x09, 0x03, 0xe6,
	0x87, 0x02, 0x63, 0x02, 0x06, 0x00, 0x03, 0xb6, 0x07, 0x06, 0x1b, 0x06, 0x06, 0x00,
	0x23, 0x34, 0xc1, 0x00, 0x03, 0xb6, 0x87, 0x06, 0x1b, 0x06, 0x06, 0x00, 0x23, 0x38,
	0xc1, 0x00, 0x37, 0x06, 0x00, 0xa0, 0x13, 0x06, 0xc6, 0xff, 0x23, 0x38, 0xc1, 0x02,
	0x33, 0x86, 0x7d, 0x00, 0x23, 0x3c, 0xc1, 0x02, 0x37, 0x06, 0x03, 0x00, 0x13, 0x0b,
	0x30, 0x00, 0xb7, 0xd0, 0x00, 0x00, 0x37, 0xc9, 0xad, 0xde, 0x33, 0x88, 0xcd, 0x00,
	0x13, 0x86, 0x83, 0x04, 0x93, 0x15, 0x0b, 0x03, 0x93, 0x04, 0x00, 0x00, 0x13, 0x09,
	0xf9, 0xee, 0x33, 0x0e, 0x1e, 0x00, 0x23, 0x30, 0xc1, 0x00, 0x1b, 0x86, 0xa4, 0x01,
	0x3b, 0xd6, 0xc2, 0x00, 0x93, 0x72, 0x16, 0x00, 0x63, 0x92, 0x02, 0x26, 0x63, 0x94,
	0x04, 0x00, 0x6f, 0x40, 0xc0, 0x05, 0x37, 0x26, 0x03, 0x00, 0xb7, 0x08, 0x00, 0x80,
	0x13, 0x05, 0x06, 0x0f, 0x13, 0x8f, 0x0d, 0x00, 0xb7, 0x0e, 0x00, 0x40, 0x93, 0xc8,
	0xf8, 0xff, 0x37, 0x0e, 0x00, 0x80, 0x93, 0x05, 0x86, 0x10, 0x33, 0x08, 0xaf, 0x00,
	0x03, 0x26, 0x08, 0x00, 0x33, 0x73, 0xd6, 0x01, 0x1b, 0x03, 0x03, 0x00, 0x1b, 0x06,
	0x06, 0x00, 0x63, 0x0e, 0x03, 0x00, 0x33, 0x76, 0x16, 0x01, 0x23, 0x20, 0xc8, 0x00,
	0x03, 0x26, 0x08, 0x00, 0x33, 0x66, 0xc6, 0x01, 0x1b, 0x06, 0x06, 0x00, 0x23, 0x20,
	0xc8, 0x00, 0x13, 0x05, 0x45, 0x00, 0xe3, 0x16, 0xb5, 0xfc, 0x03, 0x26, 0x44, 0x52,
	0xb7, 0x25, 0x00, 0x00, 0x9b, 0x85, 0x15, 0x10, 0x93, 0x95, 0x35, 0x02, 0x13, 0x15,
	0x06, 0x02, 0x33, 0x65, 0xb5, 0x00, 0xb7, 0x25, 0x03, 0x00, 0x33, 0x89, 0xbd, 0x00,
	0x37, 0x38, 0x03, 0x00, 0xb7, 0xd5, 0x00, 0x00, 0x93, 0x03, 0x30, 0x00, 0xb7, 0xc2,
	0xad, 0xde, 0x33, 0x05, 0xb5, 0x00, 0x33, 0x88, 0x0d, 0x01, 0xb7, 0x05, 0x03, 0x00,
	0x13, 0x96, 0x03, 0x03, 0x93, 0x09, 0x00, 0x00, 0x93, 0x04, 0xc0, 0x01, 0x93, 0x82,
	0xf2, 0xee, 0xb3, 0x85, 0xbd, 0x00, 0x23, 0x30, 0x01, 0x01, 0x13, 0x08, 0x30, 0x00,
	0x13, 0x18, 0x08, 0x03, 0x13, 0x9e, 0x34, 0x00, 0x13, 0x08, 0x08, 0x28, 0x33, 0x0e,
	0x0e, 0x01, 0x13, 0x0f, 0x00, 0x00, 0xb7, 0xc0, 0x00, 0x00, 0xb7, 0x3a, 0x00, 0x00,
	0x03, 0x28, 0x0e, 0x00, 0x1b, 0x58, 0xe8, 0x01, 0x63, 0x14, 0x78, 0x00, 0x6f, 0x20,
	0x00, 0x1c, 0x1b, 0x0f, 0x0f, 0x10, 0x13, 0x08, 0x00, 0x20, 0x13, 0x0e, 0x8e, 0x03,
	0xe3, 0x12, 0x0f, 0xff, 0x93, 0x84, 0xe4, 0x00, 0x13, 0x08, 0x80, 0x03, 0x9b, 0x89,
	0x09, 0x04, 0xe3, 0x9a, 0x04, 0xfb, 0xb7, 0x25, 0x03, 0x00, 0xb3, 0x85, 0xbd, 0x00,
	0x23, 0x30, 0xb1, 0x00, 0xb7, 0x05, 0x03, 0x00, 0x33, 0x88, 0xbd, 0x00, 0xb7, 0x05,
	0x00, 0x40, 0x93, 0x85, 0xf5, 0xff, 0x23, 0x34, 0xb1, 0x00, 0xb7, 0x05, 0x72, 0x20,
	0x93, 0x00, 0x30, 0x00, 0x37, 0xcf, 0xad, 0xde, 0x93, 0x85, 0x85, 0xfb, 0x13, 0x96,
	0x00, 0x03, 0xb7, 0x0a, 0x00, 0x68, 0x13, 0x0f, 0xff, 0xee, 0x23, 0x38, 0xb1, 0x00,
	0x23, 0x3c, 0xf1, 0x00, 0x93, 0x07, 0x30, 0x00, 0x93, 0x97, 0x07, 0x03, 0x93, 0x92,
	0x34, 0x00, 0x93, 0x87, 0x07, 0x28, 0xb3, 0x88, 0xf2, 0x00, 0x93, 0x05, 0x06, 0x36,
	0xb7, 0x27, 0x03, 0x00, 0x37, 0x29, 0x00, 0x00, 0xb7, 0x09, 0x00, 0x10, 0x13, 0x8a,
	0x87, 0x04, 0xb3, 0x82, 0xb2, 0x00, 0x93, 0x89, 0xc9, 0xff, 0x93, 0x07, 0x89, 0x00,
	0x83, 0xa5, 0x08, 0x00, 0x9b, 0xd5, 0xe5, 0x01, 0x63, 0x82, 0x15, 0x14, 0x93, 0x88,
	0x88, 0x03, 0xe3, 0x98, 0x12, 0xff, 0x93, 0x84, 0xc4, 0x01, 0x93, 0x05, 0x80, 0x0a,
	0xe3, 0x98, 0xb4, 0xfa, 0x83, 0x37, 0x81, 0x01, 0x13, 0x08, 0x10, 0x00, 0x23, 0xa8,
	0x07, 0x47, 0x03, 0xe6, 0x87, 0x02, 0x63, 0x02, 0x06, 0x00, 0x03, 0x36, 0x04, 0x53,
	0xb7, 0xd5, 0x00, 0x00, 0xb7, 0x08, 0x0c, 0x00, 0x13, 0x16, 0x06, 0x02, 0x33, 0x06,
	0xd6, 0x00, 0x33, 0x06, 0xb6, 0x00, 0x03, 0x25, 0x46, 0x83, 0x33, 0x65, 0x15, 0x01,
	0x23, 0x2a, 0xa6, 0x82, 0x23, 0xb8, 0x07, 0x46, 0x83, 0xe7, 0x87, 0x02, 0x63, 0x82,
	0x07, 0x00, 0x83, 0x37, 0x04, 0x53, 0x93, 0x97, 0x07, 0x02, 0xb3, 0x87, 0xd7, 0x00,
	0x33, 0x86, 0xb7, 0x00, 0x83, 0x25, 0xc6, 0x82, 0x93, 0xf5, 0x15, 0x00, 0x63, 0x94,
	0x05, 0x00, 0x23, 0x26, 0x06, 0x83, 0x37, 0x26, 0x03, 0x00, 0x33, 0x07, 0xc7, 0x00,
	0x13, 0x06, 0x10, 0x00, 0x23, 0x22, 0xc7, 0x14, 0x37, 0xd7, 0x00, 0x00, 0xb3, 0x87,
	0xe7, 0x00, 0x37, 0x07, 0x00, 0x80, 0x23, 0xa8, 0xe7, 0x8a, 0x13, 0x06, 0x70, 0x0c,
	0x13, 0x85, 0x0c, 0x00, 0xb7, 0xd5, 0x00, 0x00, 0x73, 0x27, 0x00, 0xb0, 0x13, 0x00,
	0x00, 0x00, 0xf3, 0x27, 0x00, 0xb0, 0xb3, 0x87, 0xe7, 0x40, 0xe3, 0x7a, 0xf6, 0xfe,
	0x83, 0x37, 0x04, 0x53, 0x93, 0x97, 0x07, 0x02, 0x33, 0x87, 0xa7, 0x00, 0x33, 0x07,
	0xb7, 0x00, 0x03, 0x27, 0x47, 0x8b, 0x13, 0x77, 0xf7, 0x00, 0xe3, 0x1a, 0x07, 0xfc,
	0x6f, 0xe0, 0x4f, 0xd7, 0x13, 0x96, 0x64, 0x00, 0x23, 0x30, 0xc1, 0x02, 0x13, 0x06,
	0x30, 0x00, 0x37, 0x05, 0x00, 0x68, 0x13, 0x16, 0x06, 0x03, 0x13, 0x06, 0x06, 0x28,
	0x93, 0x1e, 0x3f, 0x00, 0x13, 0x05, 0x45, 0x00, 0xb3, 0x8e, 0xce, 0x00, 0x93, 0x09,
	0x00, 0x00, 0x37, 0x3c, 0x00, 0x00, 0x13, 0x06, 0x02, 0x00, 0x23, 0x34, 0xa1, 0x02,
	0x03, 0x35, 0x81, 0x00, 0x63, 0x14, 0x95, 0x00, 0x6f, 0x40, 0xd0, 0x0d, 0x03, 0xa5,
	0x0e, 0x00, 0x1b, 0x55, 0xe5, 0x01, 0x63, 0x14, 0x65, 0x01, 0x6f, 0x50, 0xc0, 0x42,
	0x13, 0x05, 0x10, 0x00, 0x93, 0x8e, 0x8e, 0x03, 0x63, 0x84, 0xa9, 0x00, 0x6f, 0x30,
	0xd0, 0x70, 0x13, 0x0f, 0xef, 0x00, 0x6f, 0xf0, 0xdf, 0xd3, 0x03, 0xab, 0x88, 0x00,
	0x83, 0xab, 0x08, 0x01, 0x03, 0xa3, 0x88, 0x01, 0x83, 0xa5, 0x08, 0x02, 0x03, 0xa5,
	0x88, 0x02, 0x83, 0xae, 0x08, 0x03, 0x13, 0x13, 0x03, 0x02, 0x13, 0x15, 0x05, 0x02,
	0x13, 0x53, 0x03, 0x02, 0x13, 0x55, 0x05, 0x02, 0x93, 0x95, 0x05, 0x02, 0x93, 0x9e,
	0x0e, 0x02, 0x1b, 0x0b, 0x0b, 0x00, 0x9b, 0x8b, 0x0b, 0x00, 0xb3, 0xe5, 0x65, 0x00,
	0xb3, 0xee, 0xae, 0x00, 0x03, 0x25, 0x44, 0x52, 0x37, 0x23, 0x00, 0x00, 0x1b, 0x03,
	0x13, 0x10, 0x13, 0x13, 0x33, 0x02, 0x93, 0x1f, 0x05, 0x02, 0xb3, 0xef, 0x6f, 0x00,
	0x13, 0x15, 0x05, 0x02, 0x33, 0x05, 0x95, 0x01, 0x37, 0xd3, 0x00, 0x00, 0x33, 0x05,
	0x65, 0x00, 0x23, 0x26, 0x25, 0x8b, 0x03, 0x25, 0xc5, 0x8a, 0x63, 0x02, 0x05, 0x00,
	0x1b, 0x5e, 0xdb, 0x00, 0x13, 0x75, 0xfe, 0x0f, 0x9b, 0x13, 0x85, 0x00, 0x13, 0x7e,
	0x0e, 0x06, 0x1b, 0x15, 0x35, 0x00, 0x93, 0xf3, 0x03, 0x70, 0x13, 0x75, 0x05, 0x0c,
	0x1b, 0x0e, 0x0e, 0x02, 0x33, 0x65, 0x75, 0x00, 0x1b, 0x5e, 0x1e, 0x00, 0x33, 0x65,
	0xc5, 0x01, 0x13, 0x1e, 0x05, 0x02, 0x33, 0x0e, 0x9e, 0x01, 0xb3, 0x03, 0x6e, 0x00,
	0x37, 0x0e, 0x00, 0x80, 0x1b, 0x05, 0x05, 0x00, 0x23, 0xa4, 0xc3, 0x87, 0xb7, 0x23,
	0x00, 0x00, 0x9b, 0x83, 0x13, 0x10, 0x93, 0x93, 0x33, 0x02, 0x13, 0x1e, 0x05, 0x02,
	0x33, 0x6e, 0x7e, 0x00, 0x1b, 0x55, 0x2b, 0x01, 0x13, 0x75, 0x35, 0x00, 0x93, 0x03,
	0x20, 0x00, 0x63, 0x14, 0x75, 0x00, 0x6f, 0x10, 0x00, 0x20, 0x33, 0x05, 0x6e, 0x00,
	0x9b, 0x83, 0x05, 0x00, 0x23, 0x22, 0x75, 0x82, 0x93, 0xd3, 0x05, 0x42, 0x23, 0x24,
	0x75, 0x82, 0x13, 0x95, 0x00, 0x03, 0x23, 0x24, 0xe5, 0x1f, 0x03, 0x35, 0x01, 0x00,
	0x33, 0x83, 0x6f, 0x00, 0x93, 0x85, 0xc5, 0x20, 0x23, 0x22, 0x05, 0x04, 0x37, 0x35,
	0x00, 0x00, 0x23, 0x26, 0xa3, 0x8a, 0x03, 0x25, 0xc3, 0x8a, 0x13, 0x03, 0x02, 0x00,
	0x03, 0x35, 0x03, 0x03, 0xe3, 0x1e, 0x05, 0xfe, 0x13, 0x05, 0x02, 0x00, 0x13, 0x03,
	0x10, 0x00, 0x23, 0x38, 0x62, 0x0c, 0x9b, 0x83, 0x05, 0x00, 0x23, 0x20, 0x78, 0x20,
	0x13, 0xd3, 0x05, 0x42, 0x23, 0x22, 0x68, 0x20, 0x23, 0x24, 0x48, 0x21, 0x23, 0x26,
	0x08, 0x20, 0xb7, 0x25, 0x00, 0x62, 0x23, 0x20, 0xb8, 0x1e, 0x83, 0x35, 0x02, 0x4b,
	0x1b, 0x8c, 0x05, 0x00, 0x23, 0x28, 0x88, 0x27, 0x93, 0xd5, 0x05, 0x42, 0x23, 0x2a,
	0xb8, 0x26, 0xb7, 0x05, 0x00, 0x68, 0x9b, 0x85, 0x45, 0x0f, 0x23, 0x28, 0xb8, 0x20,
	0x83, 0x35, 0x05, 0x03, 0xe3, 0x9e, 0x05, 0xfe, 0x13, 0x05, 0x10, 0x00, 0x23, 0x38,
	0xa2, 0x0c, 0x23, 0x20, 0x78, 0x20, 0x23, 0x22, 0x68, 0x20, 0x23, 0x24, 0x48, 0x21,
	0x23, 0x26, 0x08, 0x20, 0x37, 0x25, 0x00, 0x62, 0x23, 0x20, 0xa8, 0x1e, 0x83, 0x35,
	0x02, 0x4b, 0x1b, 0x85, 0x05, 0x00, 0x23, 0x28, 0xa8, 0x26, 0x93, 0xd5, 0x05, 0x42,
	0x23, 0x2a, 0xb8, 0x26, 0x93, 0x85, 0x4a, 0x00, 0x23, 0x28, 0xb8, 0x20, 0x13, 0x03,
	0xd0, 0x01, 0x83, 0x23, 0x86, 0x1e, 0x9b, 0x83, 0x03, 0x00, 0x73, 0x25, 0x00, 0xb0,
	0x13, 0x00, 0x00, 0x00, 0xf3, 0x25, 0x00, 0xb0, 0xb3, 0x85, 0xa5, 0x40, 0xe3, 0x7a,
	0xb3, 0xfe, 0xe3, 0x82, 0xe3, 0xff, 0x93, 0x05, 0x00, 0x00, 0x23, 0x38, 0xb2, 0x0c,
	0xb7, 0xd5, 0x00, 0x00, 0x33, 0x85, 0xbf, 0x00, 0x23, 0x26, 0x25, 0x8b, 0x03, 0x25,
	0xc5, 0x8a, 0x03, 0x25, 0x06, 0x00, 0xb3, 0x05, 0xbe, 0x00, 0x83, 0x33, 0x81, 0x00,
	0x1b, 0x05, 0x05, 0x00, 0x23, 0xa8, 0xa5, 0x82, 0x03, 0xa5, 0x45, 0x8b, 0x03, 0x23,
	0x86, 0x00, 0x13, 0x75, 0xf5, 0x00, 0x1b, 0x03, 0x03, 0x00, 0x23, 0xaa, 0x65, 0x82,
	0x03, 0x23, 0x06, 0x01, 0x1b, 0x03, 0x03, 0x00, 0x23, 0xac, 0x65, 0x82, 0x03, 0x23,
	0x86, 0x01, 0x1b, 0x03, 0x03, 0x00, 0x23, 0xae, 0x65, 0x82, 0x03, 0x23, 0x06, 0x02,
	0x1b, 0x03, 0x03, 0x00, 0x23, 0xa0, 0x65, 0x84, 0x03, 0x23, 0x86, 0x02, 0x1b, 0x03,
	0x03, 0x00, 0x23, 0xa2, 0x65, 0x84, 0x03, 0x23, 0x06, 0x03, 0x1b, 0x03, 0x03, 0x00,
	0x23, 0xa4, 0x65, 0x84, 0x03, 0x23, 0x86, 0x03, 0x1b, 0x03, 0x03, 0x00, 0x23, 0xa6,
	0x65, 0x84, 0x03, 0x23, 0x06, 0x04, 0x1b, 0x03, 0x03, 0x00, 0x23, 0xa8, 0x65, 0x84,
	0x03, 0x23, 0x86, 0x04, 0x1b, 0x03, 0x03, 0x00, 0x23, 0xaa, 0x65, 0x84, 0x03, 0x23,
	0x06, 0x05, 0x1b, 0x03, 0x03, 0x00, 0x23, 0xac, 0x65, 0x84, 0x03, 0x23, 0x86, 0x05,
	0x1b, 0x03, 0x03, 0x00, 0x23, 0xae, 0x65, 0x84, 0x03, 0x23, 0x06, 0x06, 0x33, 0x73,
	0x73, 0x00, 0x23, 0xa0, 0x65, 0x86, 0x03, 0x23, 0x06, 0x07, 0x1b, 0x03, 0x03, 0x00,
	0x23, 0xa4, 0x65, 0x86, 0x03, 0x23, 0x86, 0x07, 0x1b, 0x03, 0x03, 0x00, 0x23, 0xa6,
	0x65, 0x86, 0x03, 0x23, 0x06, 0x08, 0x1b, 0x03, 0x03, 0x00, 0x23, 0xa8, 0x65, 0x86,
	0x03, 0x23, 0x86, 0x08, 0x1b, 0x03, 0x03, 0x00, 0x23, 0xaa, 0x65, 0x86, 0x03, 0x23,
	0x06, 0x09, 0x1b, 0x03, 0x03, 0x00, 0x23, 0xac, 0x65, 0x86, 0x03, 0x23, 0x86, 0x09,
	0x1b, 0x03, 0x03, 0x00, 0x23, 0xae, 0x65, 0x86, 0x03, 0x23, 0x06, 0x0a, 0x1b, 0x03,
	0x03, 0x00, 0x23, 0xa0, 0x65, 0x88, 0x03, 0x23, 0x86, 0x0a, 0x1b, 0x03, 0x03, 0x00,
	0x23, 0xa2, 0x65, 0x88, 0x03, 0x23, 0x06, 0x0b, 0x1b, 0x03, 0x03, 0x00, 0x23, 0xa4,
	0x65, 0x88, 0x03, 0x23, 0x06, 0x0c, 0x1b, 0x03, 0x03, 0x00, 0x23, 0xa8, 0x65, 0x88,
	0x03, 0x23, 0x86, 0x0c, 0x1b, 0x03, 0x03, 0x00, 0x23, 0xaa, 0x65, 0x88, 0x03, 0x23,
	0x06, 0x0d, 0x1b, 0x03, 0x03, 0x00, 0x23, 0xac, 0x65, 0x88, 0x03, 0x23, 0x86, 0x0d,
	0x1b, 0x03, 0x03, 0x00, 0x23, 0xae, 0x65, 0x88, 0x03, 0x23, 0x06, 0x0e, 0x1b, 0x03,
	0x03, 0x00, 0x23, 0xa0, 0x65, 0x8a, 0x03, 0x23, 0x86, 0x0e, 0x1b, 0x03, 0x03, 0x00,
	0x23, 0xa2, 0x65, 0x8a, 0x03, 0x23, 0x06, 0x0f, 0x1b, 0x03, 0x03, 0x00, 0x23, 0xa4,
	0x65, 0x8a, 0x63, 0x0e, 0x15, 0x00, 0x03, 0x25, 0x06, 0x10, 0x1b, 0x05, 0x05, 0x00,
	0x23, 0xa8, 0xa5, 0x8a, 0x03, 0x25, 0x86, 0x10, 0x1b, 0x05, 0x05, 0x00, 0x23, 0xaa,
	0xa5, 0x8a, 0x13, 0x55, 0x0e, 0x02, 0x13, 0x75, 0x05, 0x7f, 0x13, 0x63, 0x85, 0x00,
	0x93, 0x05, 0x80, 0x01, 0x63, 0x0c, 0xb3, 0x00, 0xb7, 0xd5, 0x00, 0x00, 0xb3, 0x05,
	0xbe, 0x00, 0x03, 0xa3, 0x45, 0x8a, 0x13, 0x63, 0x03, 0x08, 0x23, 0xa2, 0x65, 0x8a,
	0x03, 0x23, 0x06, 0x11, 0xb7, 0xd5, 0x00, 0x00, 0xb3, 0x05, 0xbe, 0x00, 0x1b, 0x03,
	0x03, 0x00, 0x23, 0xac, 0x65, 0x8a, 0x83, 0x23, 0x86, 0x11, 0x1b, 0x53, 0x5b, 0x01,
	0x13, 0x73, 0x73, 0x00, 0x9b, 0x83, 0x03, 0x00, 0x23, 0xae, 0x75, 0x8a, 0x83, 0x23,
	0x06, 0x12, 0x13, 0x0c, 0x20, 0x00, 0x9b, 0x83, 0x03, 0x00, 0x23, 0xa0, 0x75, 0x8c,
	0x83, 0x23, 0x86, 0x12, 0x9b, 0x83, 0x03, 0x00, 0x23, 0xa2, 0x75, 0x8c, 0x83, 0x23,
	0x06, 0x13, 0x9b, 0x83, 0x03, 0x00, 0x23, 0xa4, 0x75, 0x8c, 0x83, 0x23, 0x86, 0x13,
	0x9b, 0x83, 0x03, 0x00, 0x23, 0xa6, 0x75, 0x8c, 0x83, 0x23, 0x06, 0x14, 0x9b, 0x83,
	0x03, 0x00, 0x23, 0xa8, 0x75, 0x8c, 0x83, 0x23, 0x86, 0x14, 0x9b, 0x83, 0x03, 0x00,
	0x23, 0xaa, 0x75, 0x8c, 0x83, 0x23, 0x06, 0x15, 0x9b, 0x83, 0x03, 0x00, 0x23, 0xac,
	0x75, 0x8c, 0x83, 0x23, 0x86, 0x15, 0x9b, 0x83, 0x03, 0x00, 0x23, 0xae, 0x75, 0x8c,
	0x83, 0x23, 0x06, 0x16, 0x9b, 0x83, 0x03, 0x00, 0x23, 0xa0, 0x75, 0x8e, 0x83, 0x23,
	0x86, 0x16, 0x9b, 0x83, 0x03, 0x00, 0x23, 0xa2, 0x75, 0x8e, 0x83, 0x23, 0x06, 0x17,
	0x9b, 0x83, 0x03, 0x00, 0x23, 0xa4, 0x75, 0x8e, 0x83, 0x23, 0x86, 0x17, 0x9b, 0x83,
	0x03, 0x00, 0x23, 0xa6, 0x75, 0x8e, 0x83, 0x23, 0x06, 0x18, 0x9b, 0x83, 0x03, 0x00,
	0x23, 0xa8, 0x75, 0x8e, 0x83, 0x23, 0x86, 0x18, 0x9b, 0x83, 0x03, 0x00, 0x23, 0xaa,
	0x75, 0x8e, 0x83, 0x23, 0x06, 0x19, 0x9b, 0x83, 0x03, 0x00, 0x23, 0xac, 0x75, 0x8e,
	0x83, 0x23, 0x86, 0x19, 0x9b, 0x83, 0x03, 0x00, 0x23, 0xae, 0x75, 0x8e, 0x83, 0x23,
	0x06, 0x1a, 0x9b, 0x83, 0x03, 0x00, 0x23, 0xa0, 0x75, 0x90, 0x83, 0x23, 0x86, 0x1a,
	0x9b, 0x83, 0x03, 0x00, 0x23, 0xa2, 0x75, 0x90, 0x83, 0x23, 0x06, 0x1b, 0x9b, 0x83,
	0x03, 0x00, 0x23, 0xa4, 0x75, 0x90, 0x83, 0x23, 0x86, 0x1b, 0x9b, 0x83, 0x03, 0x00,
	0x23, 0xa6, 0x75, 0x90, 0x83, 0x23, 0x06, 0x1c, 0x9b, 0x83, 0x03, 0x00, 0x23, 0xa8,
	0x75, 0x90, 0x83, 0x23, 0x86, 0x1c, 0x9b, 0x83, 0x03, 0x00, 0x23, 0xaa, 0x75, 0x90,
	0x83, 0x23, 0x06, 0x1d, 0x9b, 0x83, 0x03, 0x00, 0x23, 0xac, 0x75, 0x90, 0x83, 0x23,
	0x86, 0x1d, 0x9b, 0x83, 0x03, 0x00, 0x23, 0xae, 0x75, 0x90, 0x83, 0x23, 0x06, 0x1e,
	0x9b, 0x83, 0x03, 0x00, 0x23, 0xa0, 0x75, 0x92, 0x83, 0x23, 0x06, 0x00, 0x9b, 0x83,
	0x03, 0x00, 0x23, 0xa8, 0x75, 0x82, 0x83, 0xa5, 0x45, 0x8a, 0x9b, 0x85, 0x05, 0x00,
	0x63, 0x1a, 0x83, 0x01, 0x1b, 0x53, 0x8b, 0x01, 0x1b, 0x13, 0x33, 0x00, 0x13, 0x73,
	0x83, 0x01, 0xb3, 0x65, 0xb3, 0x00, 0x03, 0x33, 0x01, 0x01, 0xb7, 0xd3, 0x00, 0x00,
	0xb3, 0x03, 0x7e, 0x00, 0xb3, 0xf5, 0x65, 0x00, 0x23, 0xa2, 0xb3, 0x8a, 0x83, 0xa5,
	0x43, 0x8c, 0x33, 0xf3, 0x3b, 0x01, 0xb7, 0x0b, 0x00, 0x80, 0xb3, 0xe5, 0x75, 0x01,
	0x23, 0xa2, 0xb3, 0x8c, 0x83, 0x2b, 0x06, 0x06, 0x9b, 0x55, 0x8b, 0x00, 0x93, 0xf5,
	0xf5, 0x00, 0x93, 0xfb, 0x3b, 0x00, 0x33, 0x63, 0x73, 0x01, 0xb7, 0x0b, 0x00, 0x60,
	0x33, 0x63, 0x73, 0x01, 0x23, 0xa0, 0x63, 0x86, 0x83, 0xab, 0x03, 0x83, 0x03, 0xa3,
	0x43, 0x8a, 0x93, 0xfb, 0x0b, 0xff, 0x13, 0x73, 0x03, 0x20, 0xb3, 0xe5, 0x75, 0x01,
	0x63, 0x00, 0x03, 0x02, 0x37, 0xf3, 0xff, 0xff, 0x13, 0x03, 0xf3, 0x0f, 0x33, 0xf3,
	0x65, 0x00, 0xb7, 0x15, 0x00, 0x00, 0x93, 0x85, 0x05, 0xf0, 0xb3, 0x75, 0xbb, 0x00,
	0xb3, 0xe5, 0x65, 0x00, 0xb7, 0xd3, 0x00, 0x00, 0xb3, 0x03, 0x7e, 0x00, 0x23, 0xa8,
	0xb3, 0x82, 0x83, 0xa5, 0x03, 0x83, 0x63, 0x82, 0x05, 0x00, 0x93, 0x55, 0x35, 0x00,
	0x9b, 0x8e, 0x0e, 0x00, 0x1b, 0x53, 0x85, 0x00, 0x93, 0xf5, 0x85, 0x01, 0xb3, 0xe5,
	0x65, 0x00, 0x23, 0xac, 0xd3, 0x85, 0x93, 0x0e, 0x10, 0x00, 0xbb, 0x9e, 0xbe, 0x00,
	0xb7, 0xc5, 0x00, 0x00, 0xb3, 0x05, 0xbe, 0x00, 0x23, 0xa8, 0xd5, 0x21, 0x13, 0x7b,
	0x0b, 0x08, 0x63, 0x08, 0x0b, 0x02, 0x93, 0x0e, 0x10, 0x00, 0x23, 0x28, 0xd2, 0x47,
	0x83, 0x6e, 0x82, 0x02, 0x63, 0x82, 0x0e, 0x00, 0x83, 0xae, 0x43, 0x83, 0x37, 0x0b,
	0x04, 0x00, 0xb3, 0xee, 0x6e, 0x01, 0x23, 0xaa, 0xd3, 0x83, 0x23, 0x38, 0x02, 0x46,
	0x83, 0x65, 0x82, 0x02, 0x63, 0x82, 0x05, 0x00, 0xb7, 0xde, 0x00, 0x00, 0xb3, 0x0e,
	0xde, 0x01, 0x83, 0xa5, 0x8e, 0x82, 0x83, 0xae, 0x4e, 0x82, 0x93, 0x95, 0x05, 0x02,
	0x93, 0x9e, 0x0e, 0x02, 0x93, 0xde, 0x0e, 0x02, 0xb3, 0xe5, 0xd5, 0x01, 0x83, 0xa5,
	0xc5, 0x1f, 0x63, 0x82, 0x05, 0x06, 0xb3, 0x65, 0xf5, 0x00, 0xb7, 0x2e, 0x00, 0x00,
	0x9b, 0x8e, 0x1e, 0x10, 0x93, 0x9e, 0x3e, 0x02, 0x93, 0x95, 0x05, 0x02, 0xb3, 0xe5,
	0xd5, 0x01, 0x93, 0x0e, 0x10, 0x00, 0x23, 0x28, 0xd2, 0x47, 0x83, 0x6e, 0x82, 0x02,
	0x63, 0x82, 0x0e, 0x00, 0xb7, 0xfe, 0x03, 0x00, 0xb3, 0x8e, 0xd5, 0x01, 0x9b, 0x55,
	0x35, 0x00, 0x93, 0xf5, 0x85, 0x01, 0x03, 0xa5, 0x0e, 0x05, 0xb3, 0xe5, 0x65, 0x00,
	0x13, 0x03, 0x10, 0x00, 0xbb, 0x15, 0xb3, 0x00, 0xb3, 0x65, 0xb5, 0x00, 0x9b, 0x85,
	0x05, 0x00, 0x23, 0xa8, 0xbe, 0x04, 0x23, 0x38, 0x02, 0x46, 0x83, 0x63, 0x82, 0x02,
	0x63, 0x82, 0x03, 0x00, 0xb7, 0xd5, 0x00, 0x00, 0x33, 0x0e, 0xbe, 0x00, 0x93, 0x0e,
	0x10, 0x00, 0x23, 0x26, 0xde, 0x83, 0xb3, 0x85, 0xbf, 0x00, 0x37, 0x35, 0x00, 0x00,
	0x23, 0xa6, 0xa5, 0x8a, 0x83, 0xa5, 0xc5, 0x8a, 0x83, 0x25, 0x8e, 0x82, 0x03, 0x23,
	0x4e, 0x82, 0x13, 0x05, 0x02, 0x00, 0x9b, 0x85, 0x05, 0x00, 0x1b, 0x03, 0x03, 0x00,
	0x13, 0x0e, 0x00, 0x00, 0x23, 0x30, 0xc2, 0x13, 0x13, 0x13, 0x03, 0x02, 0x93, 0x95,
	0x05, 0x02, 0x13, 0x53, 0x03, 0x02, 0xb3, 0xe5, 0x65, 0x00, 0x23, 0xa8, 0xd5, 0x41,
	0x83, 0x35, 0x05, 0x09, 0xe3, 0x9e, 0x05, 0xfe, 0xb7, 0xd5, 0x00, 0x00, 0xb3, 0x8f,
	0xbf, 0x00, 0x23, 0xa6, 0x2f, 0x8b, 0x83, 0xa5, 0xcf, 0x8a, 0x6f, 0xf0, 0x0f, 0xfc,
	0x83, 0xa2, 0x45, 0x8b, 0x93, 0xf2, 0xf2, 0x03, 0x37, 0x26, 0x03, 0x00, 0x33, 0x06,
	0xc7, 0x00, 0x83, 0x2e, 0xc6, 0x01, 0x93, 0x08, 0x00, 0x00, 0x93, 0x80, 0x0c, 0x00,
	0x9b, 0x8e, 0x0e, 0x00, 0xb7, 0xd3, 0x00, 0x00, 0x13, 0x0f, 0x10, 0x00, 0x13, 0x0e,
	0x70, 0x0c, 0x93, 0x0f, 0x00, 0x20, 0x1b, 0x86, 0xa8, 0x01, 0x3b, 0xd6, 0xce, 0x00,
	0x13, 0x76, 0x16, 0x00, 0x63, 0x18, 0x06, 0x00, 0x63, 0x8a, 0xe8, 0x05, 0x93, 0x08,
	0x03, 0x00, 0x6f, 0xf0, 0x9f, 0xfe, 0x13, 0x99, 0x68, 0x00, 0x93, 0x04, 0x00, 0x00,
	0x83, 0x35, 0x04, 0x53, 0x33, 0xe6, 0x24, 0x01, 0x13, 0x66, 0x06, 0x03, 0x13, 0x16,
	0x06, 0x02, 0x13, 0x56, 0x06, 0x02, 0x93, 0xf5, 0x05, 0x7f, 0x63, 0x8e, 0xc5, 0x00,
	0x13, 0x15, 0x06, 0x02, 0x33, 0x05, 0x15, 0x00, 0x33, 0x05, 0x75, 0x00, 0x03, 0x26,
	0xc5, 0x82, 0x63, 0x04, 0x06, 0x00, 0x6f, 0x30, 0xc0, 0x61, 0x9b, 0x84, 0x04, 0x10,
	0xe3, 0x94, 0xf4, 0xfd, 0x6f, 0xf0, 0x1f, 0xfb, 0x13, 0x06, 0x00, 0x00, 0x93, 0x03,
	0x20, 0x00, 0x13, 0x8e, 0x0c, 0x00, 0x37, 0xc3, 0x00, 0x00, 0x13, 0x05, 0x10, 0x00,
	0x93, 0x15, 0x06, 0x02, 0xb3, 0x05, 0xbe, 0x00, 0xb3, 0x85, 0x65, 0x00, 0x83, 0xae,
	0x05, 0x38, 0x63, 0x84, 0x0e, 0x00, 0x23, 0xa6, 0xa5, 0x3c, 0x93, 0x05, 0x06, 0x10,
	0x93, 0x95, 0x05, 0x02, 0xb3, 0x85, 0xc5, 0x01, 0xb3, 0x85, 0x65, 0x00, 0x83, 0xae,
	0x05, 0x38, 0x1b, 0x06, 0x06, 0x10, 0x63, 0x84, 0x0e, 0x00, 0x23, 0xa6, 0xa5, 0x3c,
	0x13, 0x76, 0xf6, 0x0f, 0x13, 0x06, 0x06, 0x04, 0x63, 0x90, 0xa3, 0x18, 0x03, 0xb6,
	0x07, 0x2f, 0x93, 0x00, 0x20, 0x00, 0x13, 0x05, 0x70, 0x0c, 0x93, 0x8e, 0x0c, 0x00,
	0x37, 0xce, 0x00, 0x00, 0x93, 0x0f, 0x10, 0x00, 0x13, 0x13, 0x08, 0x02, 0x13, 0x0f,
	0x20, 0x00, 0x13, 0x53, 0x03, 0x02, 0xf3, 0x25, 0x00, 0xb0, 0x13, 0x00, 0x00, 0x00,
	0x73, 0x26, 0x00, 0xb0, 0x33, 0x06, 0xb6, 0x40, 0xe3, 0x7a, 0xc5, 0xfe, 0x13, 0x16,
	0x03, 0x02, 0x33, 0x06, 0xd6, 0x01, 0x33, 0x06, 0xc6, 0x01, 0x03, 0x26, 0x06, 0x38,
	0x9b, 0x08, 0x06, 0x00, 0xe3, 0x1c, 0x06, 0xfc, 0x1b, 0x08, 0x08, 0x10, 0x63, 0x0a,
	0xff, 0x01, 0x13, 0x13, 0x08, 0x02, 0x13, 0x8f, 0x03, 0x00, 0x13, 0x53, 0x03, 0x02,
	0x6f, 0xf0, 0x1f, 0xfc, 0x13, 0x78, 0xf8, 0x0f, 0x13, 0x08, 0x08, 0x04, 0x63, 0x92,
	0xe0, 0x11, 0x03, 0x35, 0x84, 0x37, 0x03, 0x33, 0x04, 0x38, 0x13, 0x08, 0x00, 0x00,
	0x93, 0x83, 0x0c, 0x00, 0xb7, 0xdf, 0x00, 0x00, 0x13, 0x0f, 0x50, 0x40, 0x93, 0x0e,
	0x10, 0x00, 0x13, 0x0e, 0x00, 0x02, 0x13, 0x76, 0x15, 0x00, 0x63, 0x00, 0x06, 0x04,
	0x9b, 0x15, 0x88, 0x00, 0x1b, 0x16, 0x38, 0x00, 0x93, 0xf5, 0x05, 0x70, 0x13, 0x76,
	0x06, 0x0c, 0x33, 0x66, 0xb6, 0x00, 0x13, 0x66, 0x06, 0x01, 0x13, 0x16, 0x06, 0x02,
	0x33, 0x06, 0x76, 0x00, 0x33, 0x06, 0xf6, 0x01, 0x83, 0x25, 0xc6, 0x82, 0x93, 0xf5,
	0x15, 0x00, 0x63, 0x88, 0x05, 0x00, 0xbb, 0x95, 0x0e, 0x01, 0x23, 0x22, 0xe6, 0x89,
	0x33, 0x63, 0xb3, 0x00, 0x13, 0x55, 0x15, 0x00, 0x63, 0x06, 0x05, 0x00, 0x1b, 0x08,
	0x18, 0x00, 0xe3, 0x18, 0xc8, 0xfb, 0x23, 0x30, 0x64, 0x38, 0x13, 0x06, 0x10, 0x02,
	0x63, 0x8a, 0xc2, 0x00, 0x37, 0xc6, 0x00, 0x00, 0x33, 0x06, 0xc7, 0x00, 0x93, 0x05,
	0x20, 0x00, 0x23, 0x20, 0xb6, 0x2e, 0x13, 0x05, 0x70, 0x0c, 0x13, 0x8f, 0x0c, 0x00,
	0xb7, 0xde, 0x00, 0x00, 0x13, 0x0e, 0x00, 0x10, 0x6f, 0x00, 0x00, 0x01, 0x9b, 0x88,
	0x88, 0x00, 0x63, 0x94, 0xc8, 0x01, 0x6f, 0xd0, 0x5f, 0xa7, 0x13, 0x76, 0x13, 0x00,
	0x13, 0x53, 0x13, 0x00, 0xe3, 0x06, 0x06, 0xfe, 0x1b, 0x96, 0x58, 0x00, 0x13, 0x76,
	0x06, 0x70, 0x13, 0xf8, 0x08, 0x0c, 0x33, 0x68, 0xc8, 0x00, 0x13, 0x68, 0x08, 0x01,
	0x13, 0x18, 0x08, 0x02, 0x33, 0x08, 0xe8, 0x01, 0x33, 0x08, 0xd8, 0x01, 0xf3, 0x25,
	0x00, 0xb0, 0x13, 0x00, 0x00, 0x00, 0x73, 0x26, 0x00, 0xb0, 0x33, 0x06, 0xb6, 0x40,
	0xe3, 0x7a, 0xc5, 0xfe, 0x03, 0x26, 0xc8, 0x82, 0x13, 0x76, 0x16, 0x00, 0xe3, 0x12,
	0x06, 0xfe, 0x6f, 0xf0, 0x9f, 0xfa, 0x93, 0x00, 0x10, 0x00, 0x6f, 0xf0, 0x1f, 0xea,
	0x93, 0x83, 0x08, 0x00, 0x6f, 0xf0, 0xdf, 0xe3, 0x37, 0x35, 0x00, 0x00, 0x23, 0xa6,
	0xa5, 0x8a, 0x83, 0xa5, 0xc5, 0x8a, 0x63, 0x82, 0x05, 0x00, 0x83, 0x35, 0x04, 0x53,
	0x93, 0x95, 0x05, 0x02, 0x33, 0x83, 0xd5, 0x00, 0xb3, 0x0e, 0xd3, 0x01, 0x83, 0xa8,
	0x4e, 0x82, 0x03, 0xa8, 0x8e, 0x82, 0x03, 0xa5, 0xce, 0x8a, 0x83, 0xa5, 0xce, 0x8a,
	0x93, 0x98, 0x08, 0x02, 0x93, 0xd8, 0x08, 0x02, 0x13, 0x18, 0x08, 0x02, 0x1b, 0x55,
	0x85, 0x01, 0x33, 0x68, 0x18, 0x01, 0x9b, 0x85, 0x05, 0x00, 0x13, 0x75, 0x35, 0x00,
	0x23, 0xb0, 0xa7, 0x12, 0x13, 0x15, 0x75, 0x00, 0x23, 0xbc, 0xa7, 0x0c, 0x23, 0xbc,
	0xc7, 0x0c, 0x83, 0x38, 0x08, 0x1e, 0x63, 0x80, 0x08, 0x0e, 0x03, 0x36, 0x88, 0x1e,
	0x63, 0x0c, 0x06, 0x0c, 0x37, 0x38, 0x00, 0x00, 0x9b, 0x95, 0x15, 0x00, 0x93, 0xf5,
	0xe5, 0x01, 0x1b, 0x05, 0x08, 0x30, 0x1b, 0x08, 0x18, 0x30, 0x3b, 0x85, 0xa5, 0x00,
	0xbb, 0x85, 0x05, 0x01, 0x13, 0x15, 0x05, 0x02, 0x93, 0x95, 0x05, 0x02, 0x13, 0x55,
	0x05, 0x02, 0x93, 0xd5, 0x05, 0x02, 0x13, 0x15, 0x25, 0x00, 0x93, 0x95, 0x25, 0x00,
	0x33, 0x03, 0xb7, 0x00, 0x33, 0x0e, 0xa7, 0x00, 0x03, 0x29, 0x0e, 0x00, 0x83, 0x24,
	0x03, 0x00, 0xb7, 0x05, 0x01, 0x00, 0x23, 0x20, 0x0e, 0x00, 0x1b, 0x09, 0x09, 0x00,
	0x9b, 0x84, 0x04, 0x00, 0x23, 0x20, 0xb3, 0x00, 0x83, 0xe5, 0x87, 0x02, 0x63, 0x82,
	0x05, 0x00, 0x83, 0x33, 0x04, 0x53, 0x37, 0x0f, 0x03, 0x00, 0x93, 0x00, 0x00, 0x00,
	0x93, 0xe9, 0x13, 0x00, 0x93, 0x0e, 0x02, 0x00, 0x33, 0x8f, 0xed, 0x01, 0xb7, 0x02,
	0x10, 0x00, 0xb7, 0x0f, 0x00, 0x08, 0x93, 0x75, 0x16, 0x00, 0x63, 0x98, 0x05, 0x78,
	0x13, 0x56, 0x16, 0x00, 0x9b, 0x80, 0x00, 0x40, 0xe3, 0x18, 0x06, 0xfe, 0x13, 0x08,
	0x02, 0x00, 0x03, 0x36, 0x08, 0x03, 0xe3, 0x1e, 0x06, 0xfe, 0x23, 0x20, 0x2e, 0x01,
	0x37, 0xc8, 0x00, 0x00, 0x23, 0x20, 0x93, 0x00, 0x33, 0x08, 0x07, 0x01, 0x03, 0x25,
	0x48, 0x19, 0x93, 0x95, 0x03, 0x02, 0x13, 0x06, 0x90, 0x00, 0x1b, 0x55, 0x15, 0x00,
	0x13, 0x75, 0xf5, 0x01, 0x33, 0x83, 0xd5, 0x00, 0x63, 0x16, 0xc5, 0x00, 0x13, 0x06,
	0x10, 0x00, 0x23, 0x2a, 0xc8, 0x18, 0x37, 0xd5, 0x00, 0x00, 0x33, 0x06, 0xa3, 0x00,
	0xb7, 0x25, 0x00, 0x00, 0x23, 0x26, 0xb6, 0x8a, 0x03, 0x26, 0xc6, 0x8a, 0x63, 0x02,
	0x06, 0x00, 0x03, 0x36, 0x04, 0x53, 0xb7, 0x35, 0x00, 0x00, 0x13, 0x16, 0x06, 0x02,
	0x33, 0x06, 0xd6, 0x00, 0x33, 0x06, 0xa6, 0x00, 0x23, 0x26, 0xb6, 0x8a, 0x03, 0x26,
	0xc6, 0x8a, 0x63, 0x02, 0x06, 0x00, 0x03, 0x36, 0x04, 0x53, 0x13, 0x16, 0x06, 0x02,
	0x33, 0x06, 0xd6, 0x00, 0x33, 0x06, 0xa6, 0x00, 0x03, 0x25, 0x46, 0x82, 0x83, 0x25,
	0x86, 0x82, 0x13, 0x06, 0x30, 0x00, 0x13, 0x15, 0x05, 0x02, 0x13, 0x55, 0x05, 0x02,
	0x93, 0x95, 0x05, 0x02, 0xb3, 0xe5, 0xa5, 0x00, 0x37, 0xc5, 0xad, 0xde, 0x13, 0x16,
	0x06, 0x03, 0x13, 0x05, 0xf5, 0xee, 0x23, 0x24, 0xa6, 0x1e, 0x37, 0x26, 0x03, 0x00,
	0x33, 0x06, 0xc7, 0x00, 0x93, 0x85, 0xc5, 0x20, 0x23, 0x22, 0x06, 0x04, 0x13, 0x05,
	0x02, 0x00, 0x03, 0x36, 0x05, 0x03, 0xe3, 0x1e, 0x06, 0xfe, 0x13, 0x06, 0x10, 0x00,
	0x23, 0xb8, 0xc7, 0x0c, 0x37, 0x06, 0x03, 0x00, 0x33, 0x06, 0xc7, 0x00, 0x1b, 0x88,
	0x05, 0x00, 0x23, 0x20, 0x06, 0x21, 0x93, 0xd5, 0x05, 0x42, 0x37, 0x25, 0x03, 0x00,
	0x23, 0x22, 0xb6, 0x20, 0x13, 0x05, 0x85, 0x04, 0x23, 0x24, 0xa6, 0x20, 0x23, 0x26,
	0x06, 0x20, 0x37, 0x25, 0x00, 0x62, 0x23, 0x20, 0xa6, 0x1e, 0x03, 0xb5, 0x07, 0x4b,
	0x9b, 0x08, 0x05, 0x00, 0x23, 0x28, 0x16, 0x27, 0x13, 0x55, 0x05, 0x42, 0x23, 0x2a,
	0xa6, 0x26, 0x37, 0x05, 0x00, 0x68, 0x13, 0x05, 0x45, 0x0f, 0x23, 0x28, 0xa6, 0x20,
	0x13, 0x05, 0x02, 0x00, 0x03, 0x36, 0x05, 0x03, 0xe3, 0x1e, 0x06, 0xfe, 0x13, 0x06,
	0x10, 0x00, 0x23, 0xb8, 0xc7, 0x0c, 0x37, 0x06, 0x03, 0x00, 0x33, 0x06, 0xc7, 0x00,
	0x23, 0x20, 0x06, 0x21, 0x23, 0x22, 0xb6, 0x20, 0xb7, 0x25, 0x03, 0x00, 0x93, 0x85,
	0x85, 0x04, 0x23, 0x24, 0xb6, 0x20, 0x23, 0x26, 0x06, 0x20, 0xb7, 0x25, 0x00, 0x62,
	0x23, 0x20, 0xb6, 0x1e, 0x83, 0xb5, 0x07, 0x4b, 0x1b, 0x85, 0x05, 0x00, 0x23, 0x28,
	0xa6, 0x26, 0x93, 0xd5, 0x05, 0x42, 0x23, 0x2a, 0xb6, 0x26, 0xb7, 0x05, 0x00, 0x68,
	0x93, 0x85, 0x45, 0x00, 0x13, 0x03, 0x30, 0x00, 0xb7, 0xc8, 0xad, 0xde, 0x23, 0x28,
	0xb6, 0x20, 0x13, 0x13, 0x03, 0x03, 0x13, 0x05, 0xd0, 0x01, 0x93, 0x88, 0xf8, 0xee,
	0x03, 0x28, 0x83, 0x1e, 0x1b, 0x08, 0x08, 0x00, 0xf3, 0x25, 0x00, 0xb0, 0x13, 0x00,
	0x00, 0x00, 0x73, 0x26, 0x00, 0xb0, 0x33, 0x06, 0xb6, 0x40, 0xe3, 0x7a, 0xc5, 0xfe,
	0xe3, 0x02, 0x18, 0xff, 0x13, 0x06, 0x00, 0x00, 0x23, 0xb8, 0xc7, 0x0c, 0x03, 0x36,
	0x04, 0x53, 0x37, 0xd5, 0x00, 0x00, 0xb7, 0x25, 0x00, 0x00, 0x13, 0x16, 0x06, 0x02,
	0x33, 0x06, 0xd6, 0x00, 0x33, 0x06, 0xa6, 0x00, 0x23, 0x26, 0xb6, 0x8a, 0x03, 0x26,
	0xc6, 0x8a, 0x63, 0x02, 0x06, 0x00, 0x13, 0x08, 0x30, 0x00, 0x83, 0x38, 0x04, 0x53,
	0x13, 0x18, 0x08, 0x03, 0x03, 0x26, 0x08, 0x00, 0x93, 0x95, 0x08, 0x02, 0xb3, 0x85,
	0xd5, 0x00, 0x33, 0x85, 0xa5, 0x00, 0x1b, 0x06, 0x06, 0x00, 0x23, 0x28, 0xc5, 0x82,
	0x03, 0x26, 0x88, 0x00, 0x13, 0x03, 0x80, 0x01, 0x1b, 0x06, 0x06, 0x00, 0x23, 0x2a,
	0xc5, 0x82, 0x03, 0x26, 0x08, 0x01, 0x1b, 0x06, 0x06, 0x00, 0x23, 0x2c, 0xc5, 0x82,
	0x03, 0x26, 0x88, 0x01, 0x1b, 0x06, 0x06, 0x00, 0x23, 0x2e, 0xc5, 0x82, 0x03, 0x26,
	0x08, 0x02, 0x1b, 0x06, 0x06, 0x00, 0x23, 0x20, 0xc5, 0x84, 0x03, 0x26, 0x88, 0x02,
	0x1b, 0x06, 0x06, 0x00, 0x23, 0x22, 0xc5, 0x84, 0x03, 0x26, 0x08, 0x03, 0x1b, 0x06,
	0x06, 0x00, 0x23, 0x24, 0xc5, 0x84, 0x03, 0x26, 0x88, 0x03, 0x1b, 0x06, 0x06, 0x00,
	0x23, 0x26, 0xc5, 0x84, 0x03, 0x26, 0x08, 0x04, 0x1b, 0x06, 0x06, 0x00, 0x23, 0x28,
	0xc5, 0x84, 0x03, 0x26, 0x88, 0x04, 0x1b, 0x06, 0x06, 0x00, 0x23, 0x2a, 0xc5, 0x84,
	0x03, 0x26, 0x08, 0x05, 0x1b, 0x06, 0x06, 0x00, 0x23, 0x2c, 0xc5, 0x84, 0x03, 0x26,
	0x88, 0x05, 0x1b, 0x06, 0x06, 0x00, 0x23, 0x2e, 0xc5, 0x84, 0x03, 0x26, 0x08, 0x06,
	0x13, 0x16, 0x26, 0x02, 0x13, 0x56, 0x26, 0x02, 0x23, 0x20, 0xc5, 0x86, 0x03, 0x26,
	0x08, 0x07, 0x1b, 0x06, 0x06, 0x00, 0x23, 0x24, 0xc5, 0x86, 0x03, 0x26, 0x88, 0x07,
	0x1b, 0x06, 0x06, 0x00, 0x23, 0x26, 0xc5, 0x86, 0x03, 0x26, 0x08, 0x08, 0x1b, 0x06,
	0x06, 0x00, 0x23, 0x28, 0xc5, 0x86, 0x03, 0x26, 0x88, 0x08, 0x1b, 0x06, 0x06, 0x00,
	0x23, 0x2a, 0xc5, 0x86, 0x03, 0x26, 0x08, 0x09, 0x1b, 0x06, 0x06, 0x00, 0x23, 0x2c,
	0xc5, 0x86, 0x03, 0x26, 0x88, 0x09, 0x1b, 0x06, 0x06, 0x00, 0x23, 0x2e, 0xc5, 0x86,
	0x03, 0x26, 0x08, 0x0a, 0x1b, 0x06, 0x06, 0x00, 0x23, 0x20, 0xc5, 0x88, 0x03, 0x26,
	0x88, 0x0a, 0x1b, 0x06, 0x06, 0x00, 0x23, 0x22, 0xc5, 0x88, 0x03, 0x26, 0x08, 0x0b,
	0x1b, 0x06, 0x06, 0x00, 0x23, 0x24, 0xc5, 0x88, 0x03, 0x26, 0x08, 0x0c, 0x1b, 0x06,
	0x06, 0x00, 0x23, 0x28, 0xc5, 0x88, 0x03, 0x26, 0x88, 0x0c, 0x1b, 0x06, 0x06, 0x00,
	0x23, 0x2a, 0xc5, 0x88, 0x03, 0x26, 0x08, 0x0d, 0x1b, 0x06, 0x06, 0x00, 0x23, 0x2c,
	0xc5, 0x88, 0x03, 0x26, 0x88, 0x0d, 0x1b, 0x06, 0x06, 0x00, 0x23, 0x2e, 0xc5, 0x88,
	0x03, 0x26, 0x08, 0x0e, 0x1b, 0x06, 0x06, 0x00, 0x23, 0x20, 0xc5, 0x8a, 0x03, 0x26,
	0x88, 0x0e, 0x1b, 0x06, 0x06, 0x00, 0x23, 0x22, 0xc5, 0x8a, 0x03, 0x26, 0x08, 0x0f,
	0x1b, 0x06, 0x06, 0x00, 0x23, 0x24, 0xc5, 0x8a, 0x63, 0x88, 0x68, 0x00, 0x03, 0x26,
	0x45, 0x8a, 0x13, 0x66, 0x06, 0x08, 0x23, 0x22, 0xc5, 0x8a, 0x13, 0x08, 0x30, 0x00,
	0x13, 0x18, 0x08, 0x03, 0x03, 0x26, 0x08, 0x11, 0x37, 0xd5, 0x00, 0x00, 0x33, 0x85,
	0xa5, 0x00, 0x1b, 0x06, 0x06, 0x00, 0x23, 0x2c, 0xc5, 0x8a, 0x03, 0x26, 0x88, 0x11,
	0xb7, 0x08, 0x02, 0x00, 0x93, 0x88, 0x08, 0xf8, 0x1b, 0x06, 0x06, 0x00, 0x23, 0x2e,
	0xc5, 0x8a, 0x03, 0x26, 0x08, 0x12, 0x1b, 0x06, 0x06, 0x00, 0x23, 0x20, 0xc5, 0x8c,
	0x03, 0x26, 0x88, 0x12, 0x1b, 0x06, 0x06, 0x00, 0x23, 0x22, 0xc5, 0x8c, 0x03, 0x26,
	0x08, 0x13, 0x1b, 0x06, 0x06, 0x00, 0x23, 0x24, 0xc5, 0x8c, 0x03, 0x26, 0x88, 0x13,
	0x1b, 0x06, 0x06, 0x00, 0x23, 0x26, 0xc5, 0x8c, 0x03, 0x26, 0x08, 0x14, 0x1b, 0x06,
	0x06, 0x00, 0x23, 0x28, 0xc5, 0x8c, 0x03, 0x26, 0x88, 0x14, 0x1b, 0x06, 0x06, 0x00,
	0x23, 0x2a, 0xc5, 0x8c, 0x03, 0x26, 0x08, 0x15, 0x1b, 0x06, 0x06, 0x00, 0x23, 0x2c,
	0xc5, 0x8c, 0x03, 0x26, 0x88, 0x15, 0x1b, 0x06, 0x06, 0x00, 0x23, 0x2e, 0xc5, 0x8c,
	0x03, 0x26, 0x08, 0x16, 0x1b, 0x06, 0x06, 0x00, 0x23, 0x20, 0xc5, 0x8e, 0x03, 0x26,
	0x88, 0x16, 0x1b, 0x06, 0x06, 0x00, 0x23, 0x22, 0xc5, 0x8e, 0x03, 0x26, 0x08, 0x17,
	0x1b, 0x06, 0x06, 0x00, 0x23, 0x24, 0xc5, 0x8e, 0x03, 0x26, 0x88, 0x17, 0x1b, 0x06,
	0x06, 0x00, 0x23, 0x26, 0xc5, 0x8e, 0x03, 0x26, 0x08, 0x18, 0x1b, 0x06, 0x06, 0x00,
	0x23, 0x28, 0xc5, 0x8e, 0x03, 0x26, 0x88, 0x18, 0x1b, 0x06, 0x06, 0x00, 0x23, 0x2a,
	0xc5, 0x8e, 0x03, 0x26, 0x08, 0x19, 0x1b, 0x06, 0x06, 0x00, 0x23, 0x2c, 0xc5, 0x8e,
	0x03, 0x26, 0x88, 0x19, 0x1b, 0x06, 0x06, 0x00, 0x23, 0x2e, 0xc5, 0x8e, 0x03, 0x26,
	0x08, 0x1a, 0x1b, 0x06, 0x06, 0x00, 0x23, 0x20, 0xc5, 0x90, 0x03, 0x26, 0x88, 0x1a,
	0x1b, 0x06, 0x06, 0x00, 0x23, 0x22, 0xc5, 0x90, 0x03, 0x26, 0x08, 0x1b, 0x1b, 0x06,
	0x06, 0x00, 0x23, 0x24, 0xc5, 0x90, 0x03, 0x26, 0x88, 0x1b, 0x1b, 0x06, 0x06, 0x00,
	0x23, 0x26, 0xc5, 0x90, 0x03, 0x26, 0x08, 0x1c, 0x1b, 0x06, 0x06, 0x00, 0x23, 0x28,
	0xc5, 0x90, 0x03, 0x26, 0x88, 0x1c, 0x1b, 0x06, 0x06, 0x00, 0x23, 0x2a, 0xc5, 0x90,
	0x03, 0x26, 0x08, 0x1d, 0x1b, 0x06, 0x06, 0x00, 0x23, 0x2c, 0xc5, 0x90, 0x03, 0x26,
	0x88, 0x1d, 0x1b, 0x06, 0x06, 0x00, 0x23, 0x2e, 0xc5, 0x90, 0x03, 0x26, 0x08, 0x1e,
	0x1b, 0x06, 0x06, 0x00, 0x23, 0x20, 0xc5, 0x92, 0x03, 0x26, 0x08, 0x00, 0x1b, 0x06,
	0x06, 0x00, 0x23, 0x28, 0xc5, 0x82, 0x03, 0x26, 0x45, 0x8a, 0x33, 0x76, 0x16, 0x01,
	0x23, 0x22, 0xc5, 0x8a, 0x03, 0x26, 0x45, 0x8c, 0xb7, 0x08, 0x00, 0x80, 0x33, 0x66,
	0x16, 0x01, 0x23, 0x22, 0xc5, 0x8c, 0x03, 0x26, 0x08, 0x06, 0x1b, 0x56, 0xe6, 0x01,
	0x13, 0x76, 0x16, 0x00, 0x63, 0x0c, 0x06, 0x00, 0x03, 0x26, 0x08, 0x06, 0x37, 0x08,
	0x00, 0x40, 0x33, 0x66, 0x06, 0x01, 0x23, 0x20, 0xc5, 0x86, 0x03, 0x26, 0x05, 0x86,
	0x37, 0xd5, 0x00, 0x00, 0xb3, 0x85, 0xa5, 0x00, 0x03, 0xa6, 0x85, 0x85, 0x83, 0xa5,
	0xc5, 0x85, 0x13, 0x08, 0x00, 0x00, 0x13, 0x16, 0x06, 0x02, 0x93, 0x95, 0x05, 0x02,
	0x13, 0x56, 0x06, 0x02, 0x33, 0x66, 0xb6, 0x00, 0x23, 0xb0, 0x07, 0x13, 0x23, 0xbc,
	0x07, 0x0d, 0x83, 0xe5, 0x87, 0x30, 0xb7, 0x48, 0x00, 0x00, 0x23, 0xac, 0x17, 0x09,
	0x83, 0xe8, 0x87, 0x02, 0x63, 0x82, 0x08, 0x00, 0x83, 0x68, 0x06, 0x00, 0x03, 0x66,
	0x46, 0x00, 0x13, 0x16, 0x06, 0x02, 0x33, 0x66, 0x16, 0x01, 0x23, 0xac, 0xb7, 0x08,
	0x83, 0xe5, 0x87, 0x02, 0x63, 0x82, 0x05, 0x00, 0x83, 0x35, 0x04, 0x53, 0x9b, 0x08,
	0x06, 0x00, 0x13, 0x56, 0x06, 0x42, 0x93, 0x95, 0x05, 0x02, 0xb3, 0x85, 0xd5, 0x00,
	0xb3, 0x85, 0xa5, 0x00, 0x23, 0xae, 0x15, 0x8f, 0x23, 0xa0, 0xc5, 0x90, 0x03, 0xa6,
	0x45, 0x82, 0x03, 0xa5, 0x85, 0x82, 0xb7, 0x38, 0x00, 0x00, 0x13, 0x16, 0x06, 0x02,
	0x13, 0x56, 0x06, 0x02, 0x23, 0xa6, 0x15, 0x8b, 0x13, 0x15, 0x05, 0x02, 0x33, 0x65,
	0xc5, 0x00, 0x03, 0xa6, 0xc5, 0x8a, 0x63, 0x02, 0x06, 0x00, 0x23, 0xb0, 0x07, 0x13,
	0x23, 0xbc, 0x07, 0x0d, 0x13, 0x84, 0x81, 0x82, 0x13, 0x08, 0x00, 0x39, 0x13, 0x06,
	0x04, 0x00, 0x93, 0x88, 0x81, 0x84, 0x33, 0x08, 0x88, 0x40, 0xb3, 0x05, 0xa6, 0x00,
	0xb3, 0x85, 0x05, 0x01, 0x83, 0xa5, 0x05, 0x00, 0x13, 0x06, 0x46, 0x00, 0x23, 0x2e,
	0xb6, 0xfe, 0xe3, 0x16, 0x16, 0xff, 0x93, 0x05, 0x02, 0x00, 0x03, 0xb6, 0x05, 0x09,
	0xe3, 0x1e, 0x06, 0xfe, 0x03, 0x36, 0x04, 0x53, 0xb7, 0xd5, 0x00, 0x00, 0x03, 0x3e,
	0x84, 0x00, 0x13, 0x16, 0x06, 0x02, 0x33, 0x06, 0xd6, 0x00, 0x33, 0x06, 0xb6, 0x00,
	0xb7, 0x25, 0x00, 0x00, 0x23, 0x26, 0xb6, 0x8a, 0x83, 0x28, 0x04, 0x01, 0x83, 0x25,
	0x44, 0x00, 0x03, 0x28, 0x44, 0x01, 0x03, 0x26, 0xc6, 0x8a, 0x63, 0x02, 0x06, 0x00,
	0x1b, 0xd6, 0xd5, 0x01, 0x63, 0x18, 0x06, 0x0e, 0x1b, 0xd6, 0x05, 0x01, 0x13, 0x76,
	0xf6, 0x0f, 0x63, 0x04, 0x06, 0x00, 0x23, 0x20, 0xc4, 0x52, 0x03, 0x66, 0x44, 0x52,
	0x37, 0xd5, 0x00, 0x00, 0x93, 0x95, 0x05, 0x03, 0x13, 0x16, 0x06, 0x02, 0x33, 0x06,
	0xd6, 0x00, 0x33, 0x06, 0xa6, 0x00, 0x03, 0x23, 0x46, 0x8a, 0x93, 0xd5, 0x05, 0x03,
	0x23, 0x24, 0xb4, 0x38, 0x9b, 0x05, 0x03, 0x00, 0x23, 0x22, 0xb6, 0x8a, 0xb7, 0x35,
	0x00, 0x00, 0x23, 0x26, 0xb6, 0x8a, 0x23, 0x3c, 0xc4, 0x37, 0x23, 0xb4, 0x01, 0xba,
	0x03, 0x26, 0xc6, 0x8a, 0x63, 0x02, 0x06, 0x00, 0x03, 0x36, 0x84, 0x52, 0x93, 0x05,
	0x00, 0x00, 0x13, 0x06, 0x86, 0x1f, 0x23, 0xb0, 0xb7, 0x12, 0x23, 0xbc, 0xb7, 0x0c,
	0x83, 0xe5, 0x87, 0x30, 0x37, 0x43, 0x00, 0x00, 0x23, 0xac, 0x67, 0x08, 0x03, 0xe3,
	0x87, 0x02, 0x63, 0x02, 0x03, 0x00, 0x03, 0x63, 0x06, 0x00, 0x03, 0x66, 0x46, 0x00,
	0x13, 0x16, 0x06, 0x02, 0x33, 0x66, 0x66, 0x00, 0x23, 0xac, 0xb7, 0x08, 0x83, 0xe7,
	0x87, 0x02, 0x63, 0x82, 0x07, 0x00, 0xb7, 0xc5, 0x00, 0x00, 0xb3, 0x05, 0xb7, 0x00,
	0x1b, 0x03, 0x06, 0x00, 0x23, 0xa4, 0x65, 0x0c, 0x13, 0x56, 0x06, 0x42, 0x23, 0xa6,
	0xc5, 0x0c, 0x83, 0x67, 0x44, 0x52, 0x37, 0x86, 0x00, 0x00, 0x33, 0x07, 0xc7, 0x00,
	0x37, 0x06, 0x00, 0x80, 0x13, 0x06, 0x56, 0x00, 0x23, 0x20, 0xc7, 0x24, 0x93, 0x97,
	0x07, 0x02, 0x23, 0x22, 0x17, 0x25, 0xb3, 0x87, 0xd7, 0x00, 0x23, 0x22, 0x07, 0x25,
	0xb3, 0x87, 0xa7, 0x00, 0x37, 0x27, 0x00, 0x00, 0x23, 0xa6, 0xe7, 0x8a, 0x83, 0xa7,
	0xc7, 0x8a, 0x63, 0x82, 0x07, 0x00, 0x83, 0x37, 0x04, 0x53, 0x37, 0xd7, 0x00, 0x00,
	0x13, 0x06, 0x70, 0x0c, 0x93, 0x97, 0x07, 0x02, 0xb3, 0x87, 0xd7, 0x00, 0xb3, 0x87,
	0xe7, 0x00, 0x37, 0x07, 0x00, 0x80, 0x23, 0xa8, 0xe7, 0x8a, 0x13, 0x85, 0x0c, 0x00,
	0xb7, 0xd5, 0x00, 0x00, 0x73, 0x27, 0x00, 0xb0, 0x13, 0x00, 0x00, 0x00, 0xf3, 0x27,
	0x00, 0xb0, 0xb3, 0x87, 0xe7, 0x40, 0xe3, 0x7a, 0xf6, 0xfe, 0x83, 0x37, 0x04, 0x53,
	0x93, 0x97, 0x07, 0x02, 0x33, 0x87, 0xa7, 0x00, 0x33, 0x07, 0xb7, 0x00, 0x03, 0x27,
	0x47, 0x8b, 0x13, 0x77, 0xf7, 0x00, 0xe3, 0x1a, 0x07, 0xfc, 0x6f, 0xd0, 0x8f, 0xb1,
	0x83, 0xb5, 0x0e, 0x03, 0xe3, 0x9e, 0x05, 0xfe, 0x23, 0xb8, 0x3e, 0x0d, 0x13, 0x56,
	0x16, 0x00, 0x13, 0x75, 0x16, 0x00, 0x9b, 0x85, 0x05, 0x40, 0xe3, 0x1a, 0x05, 0xfe,
	0x23, 0x20, 0x5f, 0x1e, 0x1b, 0x85, 0x08, 0x00, 0x23, 0x20, 0xaf, 0x20, 0x13, 0xd5,
	0x08, 0x42, 0x23, 0x22, 0xaf, 0x20, 0x23, 0x24, 0x1f, 0x20, 0x23, 0x26, 0x0f, 0x20,
	0x23, 0x28, 0x0f, 0x26, 0x33, 0xe5, 0xf5, 0x01, 0x13, 0x98, 0x05, 0x02, 0x23, 0x2a,
	0x0f, 0x26, 0x1b, 0x05, 0x05, 0x00, 0x13, 0x58, 0x08, 0x02, 0x23, 0x28, 0xaf, 0x20,
	0xbb, 0x80, 0x15, 0x00, 0xb3, 0x88, 0x08, 0x01, 0x6f, 0xf0, 0x1f, 0x82, 0x13, 0x0f,
	0x40, 0x00, 0x63, 0x14, 0xe6, 0x01, 0x6f, 0xd0, 0x0f, 0xdf, 0x6f, 0xc0, 0x1f, 0xa7,
	0x13, 0x05, 0x40, 0x00, 0x63, 0x14, 0xa6, 0x00, 0x6f, 0x30, 0xc0, 0x5a, 0x13, 0x05,
	0x50, 0x00, 0x63, 0x04, 0xa6, 0x00, 0x6f, 0x30, 0x40, 0x57, 0x13, 0x06, 0x40, 0x00,
	0x23, 0x20, 0xc4, 0x10, 0x6f, 0xd0, 0xcf, 0xd0, 0x93, 0x07, 0x40, 0x00, 0x63, 0x14,
	0xf8, 0x00, 0x6f, 0x10, 0xd0, 0x12, 0x93, 0x07, 0x50, 0x00, 0x63, 0x04, 0xf8, 0x00,
	0x6f, 0xc0, 0x5f, 0xa3, 0x83, 0x67, 0x04, 0x17, 0x03, 0x67, 0xc4, 0x16, 0x93, 0x97,
	0x07, 0x02, 0xb3, 0xe7, 0xe7, 0x00, 0x63, 0x94, 0x08, 0x00, 0x6f, 0x20, 0x90, 0x3c,
	0x13, 0x06, 0x00, 0x00, 0x23, 0xa0, 0xb7, 0x00, 0x23, 0xa2, 0xc7, 0x00, 0x63, 0x14,
	0x05, 0x00, 0x6f, 0xc0, 0x9f, 0xa0, 0x93, 0x07, 0x02, 0x00, 0x03, 0xb7, 0x07, 0x09,
	0xe3, 0x1e, 0x07, 0xfe, 0x6f, 0xc0, 0x9f, 0x9f, 0x37, 0x0c, 0x00, 0xa0, 0x13, 0x0c,
	0xcc, 0xff, 0x33, 0x05, 0x6e, 0x00, 0x9b, 0x83, 0x05, 0x00, 0xb3, 0xfb, 0x8b, 0x01,
	0x37, 0x0c, 0x00, 0x60, 0x23, 0x22, 0x75, 0x82, 0xb3, 0xeb, 0x8b, 0x01, 0x93, 0xd3,
	0x05, 0x42, 0x1b, 0x5b, 0x8b, 0x00, 0x23, 0x24, 0x75, 0x82, 0x93, 0x85, 0x05, 0x20,
	0x13, 0x7b, 0xfb, 0x00, 0x9b, 0x8b, 0x0b, 0x00, 0x13, 0x95, 0x00, 0x03, 0x23, 0x24,
	0xe5, 0x1d, 0x03, 0x35, 0x01, 0x00, 0x33, 0x83, 0x6f, 0x00, 0x23, 0x22, 0x05, 0x04,
	0x37, 0x35, 0x00, 0x00, 0x23, 0x26, 0xa3, 0x8a, 0x03, 0x25, 0xc3, 0x8a, 0x13, 0x03,
	0x02, 0x00, 0x03, 0x35, 0x03, 0x03, 0xe3, 0x1e, 0x05, 0xfe, 0x13, 0x05, 0x02, 0x00,
	0x13, 0x03, 0x10, 0x00, 0x23, 0x38, 0x62, 0x0c, 0x9b, 0x83, 0x05, 0x00, 0x23, 0x20,
	0x78, 0x20, 0x13, 0xdc, 0x05, 0x42, 0x23, 0x22, 0x88, 0x21, 0x23, 0x24, 0x48, 0x21,
	0x23, 0x26, 0x08, 0x20, 0xb7, 0x25, 0x00, 0x62, 0x23, 0x20, 0xb8, 0x1e, 0x03, 0x33,
	0x02, 0x4b, 0x9b, 0x05, 0x03, 0x00, 0x23, 0x28, 0xb8, 0x26, 0x13, 0x53, 0x03, 0x42,
	0x23, 0x2a, 0x68, 0x26, 0x93, 0x85, 0x4a, 0x0e, 0x23, 0x28, 0xb8, 0x20, 0x83, 0x35,
	0x05, 0x03, 0xe3, 0x9e, 0x05, 0xfe, 0x13, 0x05, 0x10, 0x00, 0x23, 0x38, 0xa2, 0x0c,
	0x23, 0x20, 0x78, 0x20, 0x23, 0x22, 0x88, 0x21, 0x23, 0x24, 0x48, 0x21, 0x23, 0x26,
	0x08, 0x20, 0x37, 0x25, 0x00, 0x62, 0x23, 0x20, 0xa8, 0x1e, 0x83, 0x35, 0x02, 0x4b,
	0x1b, 0x85, 0x05, 0x00, 0x23, 0x28, 0xa8, 0x26, 0x93, 0xd5, 0x05, 0x42, 0x23, 0x2a,
	0xb8, 0x26, 0x93, 0x85, 0x4a, 0x00, 0x23, 0x28, 0xb8, 0x20, 0x13, 0x03, 0xd0, 0x01,
	0x83, 0x23, 0x86, 0x1c, 0x9b, 0x83, 0x03, 0x00, 0x73, 0x25, 0x00, 0xb0, 0x13, 0x00,
	0x00, 0x00, 0xf3, 0x25, 0x00, 0xb0, 0xb3, 0x85, 0xa5, 0x40, 0xe3, 0x7a, 0xb3, 0xfe,
	0xe3, 0x82, 0xe3, 0xff, 0x13, 0x05, 0x02, 0x00, 0x93, 0x05, 0x00, 0x00, 0x23, 0x38,
	0xb2, 0x0c, 0xb7, 0xd5, 0x00, 0x00, 0x33, 0x83, 0xbf, 0x00, 0x23, 0x26, 0x23, 0x8b,
	0x03, 0x23, 0xc3, 0x8a, 0x03, 0x23, 0x86, 0x01, 0xb3, 0x05, 0xbe, 0x00, 0x13, 0x73,
	0x03, 0xff, 0x33, 0x63, 0x63, 0x01, 0x23, 0xa8, 0x65, 0x82, 0x03, 0xa3, 0x05, 0x83,
	0x63, 0x02, 0x03, 0x00, 0x03, 0x23, 0x06, 0x02, 0x1b, 0x03, 0x03, 0x00, 0x23, 0xaa,
	0x65, 0x82, 0x03, 0x23, 0x86, 0x02, 0x1b, 0x03, 0x03, 0x00, 0x23, 0xac, 0x65, 0x82,
	0x03, 0x23, 0x06, 0x03, 0x1b, 0x03, 0x03, 0x00, 0x23, 0xae, 0x65, 0x82, 0x03, 0x23,
	0x86, 0x03, 0x1b, 0x03, 0x03, 0x00, 0x23, 0xa0, 0x65, 0x84, 0x03, 0x23, 0x06, 0x04,
	0x1b, 0x03, 0x03, 0x00, 0x23, 0xa2, 0x65, 0x84, 0x03, 0x23, 0x86, 0x04, 0x1b, 0x03,
	0x03, 0x00, 0x23, 0xa4, 0x65, 0x84, 0x03, 0x23, 0x06, 0x05, 0x1b, 0x03, 0x03, 0x00,
	0x23, 0xa6, 0x65, 0x84, 0x03, 0x23, 0x86, 0x05, 0x1b, 0x03, 0x03, 0x00, 0x23, 0xa8,
	0x65, 0x84, 0x03, 0x23, 0x06, 0x06, 0x1b, 0x03, 0x03, 0x00, 0x23, 0xaa, 0x65, 0x84,
	0x03, 0x23, 0x86, 0x06, 0x1b, 0x03, 0x03, 0x00, 0x23, 0xac, 0x65, 0x84, 0x03, 0x23,
	0x06, 0x07, 0x1b, 0x03, 0x03, 0x00, 0x23, 0xae, 0x65, 0x84, 0x03, 0x23, 0x86, 0x08,
	0x1b, 0x03, 0x03, 0x00, 0x23, 0xa4, 0x65, 0x86, 0x23, 0xa0, 0x75, 0x87, 0x03, 0x23,
	0x06, 0x0e, 0x1b, 0x03, 0x03, 0x00, 0x23, 0xaa, 0x65, 0x88, 0x03, 0x23, 0x86, 0x0e,
	0x1b, 0x03, 0x03, 0x00, 0x23, 0xac, 0x65, 0x88, 0x03, 0x23, 0x06, 0x0f, 0x1b, 0x03,
	0x03, 0x00, 0x23, 0xae, 0x65, 0x88, 0x03, 0x23, 0x86, 0x0f, 0x1b, 0x03, 0x03, 0x00,
	0x23, 0xa0, 0x65, 0x8a, 0x03, 0x23, 0x06, 0x10, 0x1b, 0x03, 0x03, 0x00, 0x23, 0xa2,
	0x65, 0x8a, 0x03, 0x23, 0x86, 0x10, 0x1b, 0x03, 0x03, 0x00, 0x23, 0xa4, 0x65, 0x8a,
	0x03, 0x23, 0x86, 0x11, 0x1b, 0x03, 0x03, 0x00, 0x23, 0xa8, 0x65, 0x8a, 0x03, 0x23,
	0x86, 0x19, 0x1b, 0x03, 0x03, 0x00, 0x23, 0xa8, 0x65, 0x8e, 0x83, 0x35, 0x05, 0x09,
	0xe3, 0x9e, 0x05, 0xfe, 0x37, 0xd5, 0x00, 0x00, 0x33, 0x05, 0xae, 0x00, 0x1b, 0x83,
	0x0e, 0x00, 0x23, 0x2c, 0x65, 0x84, 0x13, 0xd3, 0x0e, 0x42, 0x23, 0x2e, 0x65, 0x84,
	0x03, 0x25, 0x85, 0x86, 0x13, 0x05, 0x02, 0x00, 0x23, 0x30, 0xb2, 0x12, 0x23, 0x3c,
	0xb2, 0x0c, 0x23, 0x30, 0xb2, 0x12, 0x23, 0x3c, 0xb2, 0x0c, 0x03, 0x33, 0x82, 0x02,
	0xb7, 0x43, 0x00, 0x00, 0x9b, 0x15, 0x4b, 0x01, 0xb3, 0xe5, 0x75, 0x00, 0x93, 0x95,
	0x05, 0x02, 0x13, 0x53, 0x63, 0x02, 0x93, 0xd5, 0x05, 0x02, 0x23, 0x2c, 0xb2, 0x08,
	0x83, 0x65, 0x82, 0x02, 0x63, 0x82, 0x05, 0x00, 0x83, 0x65, 0x82, 0x02, 0x63, 0x82,
	0x05, 0x00, 0x83, 0xe5, 0x0e, 0x00, 0x83, 0xee, 0x4e, 0x00, 0x93, 0x9e, 0x0e, 0x02,
	0xb3, 0xee, 0xbe, 0x00, 0x83, 0x35, 0x05, 0x09, 0xe3, 0x9e, 0x05, 0xfe, 0x37, 0x05,
	0xf0, 0x00, 0x1b, 0x13, 0x43, 0x01, 0x33, 0x73, 0xa3, 0x00, 0x13, 0x63, 0x83, 0x00,
	0x13, 0x13, 0x03, 0x02, 0x13, 0x05, 0x02, 0x00, 0x13, 0x53, 0x03, 0x02, 0x23, 0x2c,
	0x62, 0x08, 0x03, 0x63, 0x82, 0x02, 0x63, 0x02, 0x03, 0x00, 0x03, 0x63, 0x82, 0x02,
	0x63, 0x02, 0x03, 0x00, 0xb7, 0xd3, 0x00, 0x00, 0x33, 0x0e, 0x7e, 0x00, 0x1b, 0x83,
	0x0e, 0x00, 0x23, 0x2e, 0x6e, 0x8e, 0x93, 0xde, 0x0e, 0x42, 0x23, 0x20, 0xde, 0x91,
	0x93, 0x0e, 0x10, 0x00, 0x23, 0x26, 0xde, 0x83, 0x03, 0x23, 0x8e, 0x86, 0xb3, 0x83,
	0x7f, 0x00, 0x37, 0x3b, 0x00, 0x00, 0x23, 0xa6, 0x63, 0x8b, 0x1b, 0x53, 0x83, 0x01,
	0x83, 0xa3, 0xc3, 0x8a, 0x13, 0x73, 0x33, 0x00, 0x23, 0x30, 0x62, 0x12, 0x13, 0x13,
	0x73, 0x00, 0x23, 0x3c, 0x62, 0x0c, 0x03, 0x23, 0x8e, 0x82, 0x03, 0x2e, 0x4e, 0x82,
	0x1b, 0x03, 0x03, 0x00, 0x1b, 0x0e, 0x0e, 0x00, 0x23, 0x30, 0xb2, 0x12, 0x93, 0x15,
	0x03, 0x02, 0x13, 0x13, 0x0e, 0x02, 0x13, 0x53, 0x03, 0x02, 0xb3, 0xe5, 0x65, 0x00,
	0x93, 0x85, 0x85, 0x20, 0x23, 0xa0, 0xd5, 0x01, 0x83, 0x35, 0x05, 0x09, 0xe3, 0x9e,
	0x05, 0xfe, 0xb7, 0xd5, 0x00, 0x00, 0xb3, 0x85, 0xbf, 0x00, 0x23, 0xa6, 0x25, 0x8b,
	0x83, 0xa5, 0xc5, 0x8a, 0x6f, 0xe0, 0x9f, 0x86, 0x13, 0x08, 0x40, 0x00, 0x63, 0x14,
	0x05, 0x01, 0x6f, 0x30, 0x00, 0x18, 0x13, 0x08, 0x50, 0x00, 0x63, 0x04, 0x05, 0x01,
	0x6f, 0xc0, 0x1f, 0x86, 0x13, 0x05, 0x40, 0x00, 0x6f, 0xc0, 0x5f, 0x85, 0x13, 0x05,
	0x40, 0x00, 0x63, 0x04, 0xa6, 0x00, 0x6f, 0xd0, 0x5f, 0xdc, 0x23, 0xa4, 0x01, 0x92,
	0x6f, 0xd0, 0xdf, 0xdb, 0x23, 0xb0, 0x35, 0x13, 0x23, 0xbc, 0x35, 0x0d, 0x83, 0xb6,
	0x85, 0x02, 0x93, 0xdb, 0x66, 0x02, 0x23, 0xac, 0x65, 0x09, 0x83, 0xe6, 0x85, 0x02,
	0x63, 0x82, 0x06, 0x00, 0x83, 0xe6, 0x85, 0x02, 0x63, 0x82, 0x06, 0x00, 0x03, 0x68,
	0x03, 0x00, 0x1b, 0x08, 0x08, 0x00, 0x83, 0xb6, 0x05, 0x09, 0xe3, 0x9e, 0x06, 0xfe,
	0x9b, 0x96, 0x4b, 0x01, 0xb3, 0xf6, 0x56, 0x01, 0x93, 0xe6, 0x86, 0x00, 0x93, 0x96,
	0x06, 0x02, 0x93, 0xd6, 0x06, 0x02, 0x23, 0xac, 0xd5, 0x08, 0x83, 0xe6, 0x85, 0x02,
	0x63, 0x82, 0x06, 0x00, 0x83, 0xe6, 0x85, 0x02, 0x63, 0x82, 0x06, 0x00, 0x6f, 0xc0,
	0x4f, 0xf6, 0x93, 0x05, 0x00, 0x00, 0x93, 0x06, 0x00, 0x00, 0x6f, 0xe0, 0x0f, 0x87,
	0x37, 0x05, 0x00, 0xc0, 0xb3, 0xf5, 0xa5, 0x00, 0x63, 0x84, 0x05, 0x00, 0x6f, 0x10,
	0x50, 0x5a, 0x37, 0xc8, 0x00, 0x00, 0x93, 0x05, 0x70, 0x0c, 0xb3, 0x88, 0x0d, 0x01,
	0x73, 0x25, 0x00, 0xb0, 0x13, 0x00, 0x00, 0x00, 0x73, 0x26, 0x00, 0xb0, 0x33, 0x06,
	0xa6, 0x40, 0xe3, 0xfa, 0xc5, 0xfe, 0x03, 0xa6, 0x48, 0x2d, 0xe3, 0x14, 0x06, 0xfe,
	0x83, 0xb8, 0x87, 0x06, 0x03, 0x25, 0xc4, 0x10, 0x83, 0x67, 0x44, 0x52, 0x33, 0x06,
	0x07, 0x01, 0x13, 0x18, 0x45, 0x02, 0x13, 0x58, 0x48, 0x02, 0x23, 0x2e, 0x06, 0x2d,
	0x1b, 0x98, 0xc8, 0x01, 0x23, 0x2e, 0x06, 0x0d, 0x93, 0x97, 0x07, 0x02, 0xb3, 0x87,
	0xd7, 0x00, 0x83, 0x26, 0x04, 0x4e, 0x23, 0x22, 0xb6, 0x0e, 0x37, 0xd6, 0x00, 0x00,
	0xb3, 0x87, 0xc7, 0x00, 0x83, 0xa7, 0x07, 0x83, 0x9b, 0xd6, 0xf6, 0x01, 0x9b, 0x87,
	0x07, 0x00, 0x63, 0x84, 0x06, 0x00, 0x6f, 0x20, 0x10, 0x17, 0xb7, 0x07, 0x01, 0x00,
	0x33, 0x65, 0xf5, 0x00, 0x23, 0x26, 0xa4, 0x10, 0xb7, 0xc7, 0x00, 0x00, 0xb3, 0x07,
	0xf7, 0x00, 0x23, 0xa4, 0xd7, 0x0e, 0x37, 0x07, 0x00, 0x04, 0x23, 0xaa, 0xe7, 0x2c,
	0x6f, 0xc0, 0xcf, 0xd2, 0x93, 0xf4, 0xf4, 0x0f, 0x93, 0x05, 0x10, 0x00, 0x93, 0x0f,
	0x00, 0x00, 0x63, 0x14, 0xb6, 0x00, 0x93, 0x0f, 0x00, 0x60, 0x13, 0x08, 0x80, 0x05,
	0x3b, 0x08, 0x98, 0x02, 0xb7, 0x15, 0x00, 0x00, 0x9b, 0x88, 0x05, 0x2e, 0x1b, 0x83,
	0x25, 0x2f, 0x1b, 0x16, 0x36, 0x00, 0x3b, 0x0f, 0x96, 0x00, 0x9b, 0x8e, 0xb5, 0x30,
	0x1b, 0x8e, 0x65, 0x31, 0x13, 0x05, 0x70, 0x0c, 0x3b, 0x08, 0xf8, 0x01, 0xbb, 0x08,
	0x18, 0x01, 0x93, 0x98, 0x08, 0x02, 0x93, 0xd8, 0xe8, 0x01, 0xb3, 0x08, 0x17, 0x01,
	0x03, 0xa6, 0x08, 0x00, 0x3b, 0x03, 0x68, 0x00, 0x13, 0x13, 0x03, 0x02, 0x13, 0x53,
	0x03, 0x02, 0x13, 0x76, 0xe6, 0xff, 0x13, 0x13, 0x23, 0x00, 0x23, 0xa0, 0xc8, 0x00,
	0x33, 0x03, 0x67, 0x00, 0xbb, 0x0e, 0xd8, 0x01, 0x23, 0x20, 0x03, 0x00, 0x13, 0x96,
	0x0e, 0x02, 0x83, 0x25, 0x44, 0x12, 0x13, 0x56, 0x06, 0x02, 0x3b, 0x0e, 0xc8, 0x01,
	0x13, 0x16, 0x26, 0x00, 0x13, 0x1e, 0x0e, 0x02, 0x13, 0x5e, 0xee, 0x01, 0x33, 0x06,
	0xc7, 0x00, 0x23, 0x20, 0xb6, 0x00, 0xb3, 0x05, 0xc7, 0x01, 0x03, 0xa6, 0x05, 0x00,
	0x33, 0x8e, 0xcd, 0x01, 0x13, 0x66, 0x16, 0x00, 0x23, 0xa0, 0xc5, 0x00, 0xf3, 0x25,
	0x00, 0xb0, 0x13, 0x00, 0x00, 0x00, 0x73, 0x26, 0x00, 0xb0, 0x33, 0x06, 0xb6, 0x40,
	0xe3, 0x7a, 0xc5, 0xfe, 0x03, 0x26, 0x0e, 0x00, 0x13, 0x76, 0x16, 0x00, 0xe3, 0x12,
	0x06, 0xfe, 0x13, 0x1e, 0x0f, 0x02, 0x03, 0x35, 0x84, 0x12, 0x93, 0x55, 0xde, 0x01,
	0xb3, 0x05, 0xb4, 0x00, 0x23, 0xb8, 0xa5, 0x38, 0x03, 0x2f, 0x04, 0x11, 0x83, 0x65,
	0x44, 0x52, 0x37, 0xde, 0x00, 0x00, 0x93, 0x95, 0x05, 0x02, 0xb3, 0x85, 0xd5, 0x00,
	0xb3, 0x85, 0xc5, 0x01, 0x37, 0x3e, 0x00, 0x00, 0x23, 0xa6, 0xc5, 0x8b, 0x83, 0xa5,
	0xc5, 0x8a, 0x63, 0x82, 0x05, 0x00, 0x23, 0xb0, 0xc7, 0x12, 0x23, 0xbc, 0xc7, 0x0c,
	0x13, 0x84, 0x81, 0x82, 0x13, 0x06, 0x04, 0x00, 0x13, 0x8e, 0xc1, 0x8d, 0xb3, 0x05,
	0x85, 0x40, 0x33, 0x05, 0xb6, 0x00, 0x03, 0x25, 0x05, 0x00, 0x13, 0x06, 0x46, 0x00,
	0x23, 0x2e, 0xa6, 0xfe, 0xe3, 0x18, 0xc6, 0xff, 0x93, 0x05, 0x02, 0x00, 0x03, 0xb6,
	0x05, 0x09, 0xe3, 0x1e, 0x06, 0xfe, 0x83, 0x25, 0x04, 0x00, 0x37, 0x06, 0x00, 0xf1,
	0x13, 0x06, 0xf6, 0xff, 0xb3, 0xf5, 0xc5, 0x00, 0x1b, 0x16, 0x8f, 0x01, 0x3b, 0x06,
	0xb6, 0x00, 0x23, 0xa0, 0xc8, 0x00, 0x37, 0x16, 0x00, 0x00, 0x1b, 0x06, 0x16, 0x2e,
	0x3b, 0x06, 0xc8, 0x00, 0x93, 0x82, 0x01, 0x84, 0x93, 0x05, 0x04, 0x00, 0x93, 0x8f,
	0x0d, 0x00, 0x03, 0xaf, 0x45, 0x00, 0x93, 0x13, 0x06, 0x02, 0x13, 0xd5, 0xe3, 0x01,
	0x33, 0x85, 0xaf, 0x00, 0x23, 0x20, 0xe5, 0x01, 0x93, 0x85, 0x45, 0x00, 0x1b, 0x06,
	0x16, 0x00, 0xe3, 0x92, 0xb2, 0xfe, 0x37, 0x15, 0x00, 0x00, 0x1b, 0x05, 0x85, 0x2e,
	0x3b, 0x05, 0xa8, 0x00, 0x13, 0x86, 0x41, 0x84, 0x93, 0x82, 0x01, 0x87, 0x93, 0x8f,
	0x0d, 0x00, 0x03, 0x2f, 0x06, 0x00, 0x93, 0x13, 0x05, 0x02, 0x93, 0xd5, 0xe3, 0x01,
	0xb3, 0x85, 0xbf, 0x00, 0x23, 0xa0, 0xe5, 0x01, 0x13, 0x06, 0x46, 0x00, 0x1b, 0x05,
	0x15, 0x00, 0xe3, 0x92, 0xc2, 0xfe, 0x37, 0x16, 0x00, 0x00, 0x1b, 0x06, 0x96, 0x30,
	0x3b, 0x06, 0xc8, 0x00, 0x83, 0x25, 0x84, 0x04, 0x13, 0x16, 0x06, 0x02, 0x13, 0x56,
	0xe6, 0x01, 0x33, 0x06, 0xc7, 0x00, 0x23, 0x20, 0xb6, 0x00, 0x93, 0x82, 0x41, 0x8a,
	0x13, 0x86, 0x41, 0x87, 0x13, 0x8f, 0x0d, 0x00, 0x03, 0x25, 0x06, 0x00, 0x93, 0x9f,
	0x0e, 0x02, 0x93, 0xd5, 0xef, 0x01, 0xb3, 0x05, 0xbf, 0x00, 0x23, 0xa0, 0xa5, 0x00,
	0x13, 0x06, 0x46, 0x00, 0x9b, 0x8e, 0x1e, 0x00, 0xe3, 0x92, 0xc2, 0xfe, 0x37, 0x15,
	0x00, 0x00, 0x1b, 0x05, 0x05, 0x32, 0x3b, 0x05, 0xa8, 0x00, 0x13, 0x86, 0x41, 0x8a,
	0x13, 0x8f, 0x0d, 0x00, 0x83, 0x2e, 0x06, 0x00, 0x93, 0x1f, 0x05, 0x02, 0x93, 0xd5,
	0xef, 0x01, 0xb3, 0x05, 0xbf, 0x00, 0x23, 0xa0, 0xd5, 0x01, 0x13, 0x06, 0x46, 0x00,
	0x1b, 0x05, 0x15, 0x00, 0xe3, 0x12, 0xce, 0xfe, 0x03, 0x66, 0x44, 0x52, 0x37, 0xde,
	0x00, 0x00, 0xb7, 0x25, 0x00, 0x00, 0x13, 0x16, 0x06, 0x02, 0x33, 0x06, 0xd6, 0x00,
	0x33, 0x06, 0xc6, 0x01, 0x23, 0x26, 0xb6, 0x8a, 0x03, 0x26, 0xc6, 0x8a, 0x63, 0x02,
	0x06, 0x00, 0x37, 0x16, 0x00, 0x00, 0x1b, 0x05, 0x36, 0x31, 0x3b, 0x05, 0xa8, 0x00,
	0x1b, 0x06, 0x26, 0x31, 0x83, 0x35, 0x04, 0x13, 0x3b, 0x06, 0xc8, 0x00, 0x13, 0x15,
	0x05, 0x02, 0x13, 0x55, 0x05, 0x02, 0x13, 0x16, 0x06, 0x02, 0x13, 0x15, 0x25, 0x00,
	0x13, 0x56, 0x06, 0x02, 0x33, 0x05, 0xa7, 0x00, 0x9b, 0x8e, 0x05, 0x00, 0x13, 0x16,
	0x26, 0x00, 0x23, 0x20, 0xd5, 0x01, 0x33, 0x06, 0xc7, 0x00, 0x13, 0xd5, 0x05, 0x42,
	0x23, 0x20, 0xa6, 0x00, 0x37, 0x06, 0x00, 0x10, 0x23, 0x20, 0xc3, 0x00, 0x03, 0x66,
	0x44, 0x52, 0x13, 0x05, 0x00, 0x00, 0x13, 0x16, 0x06, 0x02, 0xb3, 0x06, 0xd6, 0x00,
	0xb3, 0x86, 0xc6, 0x01, 0x83, 0xa6, 0x86, 0x86, 0x23, 0xb0, 0xa7, 0x12, 0x23, 0xbc,
	0xa7, 0x0c, 0x83, 0xb6, 0x87, 0x02, 0x03, 0x26, 0x04, 0x11, 0x37, 0x05, 0xf0, 0x00,
	0x93, 0xd6, 0x66, 0x02, 0x1b, 0x16, 0x46, 0x01, 0x33, 0x76, 0xa6, 0x00, 0x37, 0x45,
	0x00, 0x00, 0x33, 0x66, 0xa6, 0x00, 0x13, 0x16, 0x06, 0x02, 0x13, 0x56, 0x06, 0x02,
	0x23, 0xac, 0xc7, 0x08, 0x03, 0xe6, 0x87, 0x02, 0x63, 0x02, 0x06, 0x00, 0x03, 0xe6,
	0x87, 0x02, 0x63, 0x02, 0x06, 0x00, 0x03, 0xe5, 0x05, 0x00, 0x03, 0xe6, 0x45, 0x00,
	0x13, 0x16, 0x06, 0x02, 0x33, 0x65, 0xa6, 0x00, 0x93, 0x05, 0x02, 0x00, 0x03, 0xb6,
	0x05, 0x09, 0xe3, 0x1e, 0x06, 0xfe, 0x37, 0x06, 0xf0, 0x00, 0x9b, 0x96, 0x46, 0x01,
	0xb3, 0xf6, 0xc6, 0x00, 0x93, 0xe6, 0x86, 0x00, 0x93, 0x96, 0x06, 0x02, 0x93, 0xd6,
	0x06, 0x02, 0x23, 0xac, 0xd7, 0x08, 0x83, 0xe6, 0x87, 0x02, 0x63, 0x82, 0x06, 0x00,
	0x83, 0xe7, 0x87, 0x02, 0x63, 0x82, 0x07, 0x00, 0xb7, 0x17, 0x00, 0x00, 0x9b, 0x86,
	0x57, 0x2e, 0xbb, 0x06, 0xd8, 0x00, 0x9b, 0x87, 0x67, 0x2e, 0x93, 0x96, 0x06, 0x02,
	0x93, 0xd6, 0x06, 0x02, 0xbb, 0x07, 0xf8, 0x00, 0x93, 0x96, 0x26, 0x00, 0x93, 0x97,
	0x07, 0x02, 0xb3, 0x06, 0xd7, 0x00, 0x93, 0xd7, 0x07, 0x02, 0x1b, 0x06, 0x05, 0x00,
	0x23, 0xa0, 0xc6, 0x00, 0x93, 0x97, 0x27, 0x00, 0x93, 0x56, 0x05, 0x42, 0xb3, 0x07,
	0xf7, 0x00, 0x23, 0xa0, 0xd7, 0x00, 0x83, 0xa7, 0x08, 0x00, 0x93, 0xe7, 0x17, 0x00,
	0x23, 0xa0, 0xf8, 0x00, 0x83, 0x67, 0x04, 0x10, 0x93, 0x87, 0x87, 0x04, 0x93, 0x97,
	0x27, 0x00, 0xb3, 0x07, 0xf4, 0x00, 0x03, 0xa7, 0x07, 0x37, 0x1b, 0x07, 0xf7, 0xff,
	0x23, 0xa8, 0xe7, 0x36, 0x6f, 0xc0, 0x4f, 0x95, 0x03, 0x25, 0x44, 0x16, 0x83, 0x25,
	0x04, 0x17, 0x03, 0x38, 0x84, 0x16, 0x03, 0x26, 0x04, 0x10, 0x23, 0x22, 0xa4, 0x12,
	0x23, 0x34, 0x04, 0x15, 0x23, 0x28, 0xb4, 0x14, 0x63, 0x04, 0x06, 0x00, 0x6f, 0xc0,
	0x0f, 0x93, 0x03, 0x2e, 0x04, 0x52, 0xb7, 0xc5, 0x00, 0x00, 0xb3, 0x85, 0xb6, 0x00,
	0x03, 0xa8, 0x05, 0x38, 0x63, 0x0e, 0x08, 0x00, 0x83, 0xa5, 0x45, 0x3b, 0x37, 0x08,
	0x00, 0x10, 0x13, 0x08, 0xc8, 0xff, 0xb3, 0xf5, 0x05, 0x01, 0x63, 0x14, 0xb5, 0x00,
	0x6f, 0x30, 0x00, 0x41, 0x93, 0x05, 0x10, 0x00, 0x93, 0x95, 0x85, 0x02, 0x37, 0xc8,
	0x00, 0x00, 0xb3, 0x85, 0xb6, 0x00, 0xb3, 0x85, 0x05, 0x01, 0x03, 0xa8, 0x05, 0x38,
	0x63, 0x0e, 0x08, 0x00, 0x83, 0xa5, 0x45, 0x3b, 0x37, 0x08, 0x00, 0x10, 0x13, 0x08,
	0xc8, 0xff, 0xb3, 0xf5, 0x05, 0x01, 0x63, 0x14, 0xb5, 0x00, 0x6f, 0x30, 0x40, 0x3e,
	0x93, 0x05, 0x10, 0x00, 0x93, 0x95, 0x65, 0x02, 0x37, 0xc8, 0x00, 0x00, 0xb3, 0x85,
	0xb6, 0x00, 0xb3, 0x85, 0x05, 0x01, 0x03, 0xa8, 0x05, 0x38, 0x63, 0x0e, 0x08, 0x00,
	0x83, 0xa5, 0x45, 0x3b, 0x37, 0x08, 0x00, 0x10, 0x13, 0x08, 0xc8, 0xff, 0xb3, 0xf5,
	0x05, 0x01, 0x63, 0x14, 0xb5, 0x00, 0x6f, 0x30, 0xc0, 0x73, 0x13, 0x06, 0x50, 0x00,
	0x13, 0x16, 0x66, 0x02, 0xb7, 0xc5, 0x00, 0x00, 0x33, 0x86, 0xc6, 0x00, 0x33, 0x06,
	0xb6, 0x00, 0x83, 0x25, 0x06, 0x38, 0x63, 0x94, 0x05, 0x00, 0x6f, 0xc0, 0xcf, 0x87,
	0x03, 0x26, 0x46, 0x3b, 0xb7, 0x05, 0x00, 0x10, 0x93, 0x85, 0xc5, 0xff, 0x33, 0x76,
	0xb6, 0x00, 0x63, 0x04, 0xc5, 0x00, 0x6f, 0xc0, 0x4f, 0x86, 0x93, 0x05, 0x10, 0x00,
	0x13, 0x06, 0x10, 0x00, 0x9b, 0x95, 0x65, 0x00, 0x1b, 0x16, 0x86, 0x00, 0x33, 0x66,
	0xb6, 0x00, 0x13, 0x15, 0x06, 0x02, 0xb3, 0x06, 0xd5, 0x00, 0xb7, 0xc5, 0x00, 0x00,
	0xb3, 0x85, 0xb6, 0x00, 0x13, 0x08, 0x80, 0x01, 0x23, 0xa2, 0x05, 0x3f, 0x03, 0xa8,
	0x45, 0x3e, 0x13, 0x1e, 0x0e, 0x02, 0x13, 0x08, 0x90, 0x01, 0x23, 0xa2, 0x05, 0x3f,
	0x37, 0x98, 0x98, 0x00, 0x13, 0x08, 0x08, 0x68, 0x13, 0x5e, 0x0e, 0x02, 0x9b, 0x08,
	0x06, 0x00, 0x33, 0x0e, 0x0e, 0x03, 0x03, 0xa6, 0x45, 0x3e, 0x03, 0xbf, 0x87, 0x0f,
	0xb7, 0xc5, 0x00, 0x00, 0x33, 0x03, 0x95, 0x01, 0x93, 0x0e, 0x02, 0x00, 0x13, 0x05,
	0x70, 0x0c, 0x33, 0x03, 0xb3, 0x00, 0x73, 0x28, 0x00, 0xb0, 0x13, 0x00, 0x00, 0x00,
	0x73, 0x26, 0x00, 0xb0, 0x33, 0x06, 0x06, 0x41, 0xe3, 0x7a, 0xc5, 0xfe, 0x03, 0xb6,
	0x8e, 0x0f, 0x33, 0x06, 0xe6, 0x41, 0x63, 0x74, 0xce, 0x00, 0x6f, 0x20, 0x90, 0x32,
	0x03, 0x26, 0x03, 0x3e, 0x13, 0x78, 0x06, 0x04, 0x1b, 0x06, 0x06, 0x00, 0xe3, 0x08,
	0x08, 0xfc, 0x1b, 0x56, 0x46, 0x00, 0x13, 0x76, 0x36, 0x00, 0x13, 0x05, 0x10, 0x00,
	0x63, 0x14, 0xa6, 0x00, 0x6f, 0x30, 0x80, 0x65, 0x13, 0x05, 0x20, 0x00, 0x63, 0x14,
	0xa6, 0x00, 0x6f, 0x30, 0x00, 0x1d, 0x63, 0x14, 0x06, 0x00, 0x6f, 0x30, 0x80, 0x0e,
	0xb3, 0x87, 0xb6, 0x00, 0x23, 0xa2, 0x07, 0x3e, 0x6f, 0xb0, 0x1f, 0xf9, 0x1b, 0x56,
	0xb6, 0x01, 0x13, 0x76, 0x16, 0x00, 0x63, 0x14, 0x06, 0x00, 0x6f, 0xc0, 0x8f, 0xf3,
	0x37, 0x16, 0x00, 0x00, 0x93, 0x05, 0x16, 0x04, 0x23, 0xac, 0xb7, 0x08, 0x83, 0xe5,
	0x87, 0x02, 0x63, 0x82, 0x05, 0x00, 0x13, 0x06, 0x06, 0x80, 0x23, 0x20, 0xc7, 0x04,
	0x93, 0x05, 0x70, 0x0c, 0x33, 0x85, 0xad, 0x00, 0xb7, 0x08, 0x00, 0x08, 0x73, 0x26,
	0x00, 0xb0, 0x13, 0x00, 0x00, 0x00, 0x73, 0x27, 0x00, 0xb0, 0x33, 0x07, 0xc7, 0x40,
	0xe3, 0xfa, 0xe5, 0xfe, 0x03, 0x27, 0xc5, 0x01, 0x33, 0x77, 0x17, 0x01, 0x1b, 0x07,
	0x07, 0x00, 0xe3, 0x10, 0x07, 0xfe, 0x6f, 0xc0, 0x8f, 0xee, 0x37, 0x0f, 0x04, 0x00,
	0xb7, 0x5e, 0x00, 0x00, 0x37, 0x9e, 0xff, 0x1f, 0x37, 0x23, 0xff, 0xff, 0x93, 0x05,
	0x00, 0x00, 0x93, 0x80, 0x0c, 0x00, 0xb7, 0xd3, 0x00, 0x00, 0xb7, 0x02, 0x00, 0x40,
	0x13, 0x0f, 0x0f, 0xf0, 0x93, 0x8e, 0x1e, 0x30, 0x13, 0x0e, 0xfe, 0xef, 0xb7, 0x0f,
	0xf0, 0x7f, 0x13, 0x03, 0xf3, 0xff, 0x1b, 0x99, 0x45, 0x00, 0x93, 0x04, 0x00, 0x00,
	0x63, 0x88, 0x05, 0x0c, 0x93, 0x07, 0x10, 0x00, 0x63, 0x8a, 0xf5, 0x00, 0x9b, 0x85,
	0x15, 0x00, 0x93, 0x07, 0x30, 0x00, 0xe3, 0x92, 0xf5, 0xfe, 0x6f, 0xc0, 0x4f, 0xec,
	0x93, 0x08, 0x40, 0x00, 0xe3, 0xf6, 0x14, 0xff, 0x1b, 0x95, 0x64, 0x00, 0x33, 0x65,
	0xa9, 0x00, 0x1b, 0x05, 0x05, 0x00, 0x13, 0x06, 0x00, 0x00, 0x13, 0x08, 0x10, 0x00,
	0x63, 0x84, 0x05, 0x00, 0x63, 0x96, 0x05, 0x09, 0x63, 0x74, 0x16, 0x09, 0x9b, 0x17,
	0x86, 0x00, 0xb3, 0x67, 0xf5, 0x00, 0x93, 0x97, 0x07, 0x02, 0xb3, 0x87, 0x17, 0x00,
	0xb3, 0x87, 0x77, 0x00, 0x03, 0xa7, 0x07, 0x86, 0x23, 0xa0, 0x57, 0x86, 0x23, 0xa6,
	0x07, 0x84, 0x23, 0xae, 0x07, 0x8e, 0x23, 0xa0, 0x07, 0x90, 0x03, 0xa7, 0x87, 0x86,
	0x1b, 0x06, 0x16, 0x00, 0x33, 0x77, 0xe7, 0x01, 0x23, 0xa4, 0xe7, 0x86, 0x23, 0xa0,
	0x07, 0x86, 0x23, 0xa6, 0x07, 0x82, 0x23, 0xa2, 0x07, 0x88, 0x23, 0xa4, 0x07, 0x88,
	0x23, 0xaa, 0xd7, 0x83, 0x03, 0xa7, 0x07, 0x8c, 0x33, 0x77, 0xc7, 0x01, 0x23, 0xa0,
	0xe7, 0x8c, 0x03, 0xa7, 0x87, 0x87, 0x33, 0x77, 0xf7, 0x01, 0x1b, 0x07, 0x07, 0x00,
	0x23, 0xac, 0xe7, 0x86, 0x03, 0xa7, 0xc7, 0x87, 0x33, 0x77, 0x67, 0x00, 0x23, 0xae,
	0xe7, 0x86, 0x23, 0xa2, 0x07, 0x8c, 0x23, 0xa4, 0x07, 0x8c, 0x23, 0xaa, 0x07, 0x8e,
	0x6f, 0xf0, 0x5f, 0xf7, 0x9b, 0x84, 0x14, 0x00, 0x6f, 0xf0, 0x5f, 0xf3, 0x93, 0x08,
	0x20, 0x00, 0x6f, 0xf0, 0xdf, 0xf4, 0x83, 0x26, 0x44, 0x16, 0xb7, 0x15, 0x00, 0x00,
	0x93, 0x85, 0xc5, 0xbc, 0x63, 0x86, 0xb6, 0x08, 0x93, 0x05, 0xf0, 0x51, 0x63, 0xfe,
	0xd5, 0x06, 0xb7, 0xf5, 0xff, 0xff, 0x9b, 0x85, 0x95, 0xac, 0xbb, 0x85, 0xd5, 0x00,
	0x93, 0x08, 0x10, 0x00, 0x63, 0xf8, 0xb8, 0x06, 0x63, 0x04, 0x06, 0x00, 0x6f, 0x20,
	0x90, 0x11, 0x93, 0x88, 0x0d, 0x00, 0x63, 0x16, 0x05, 0x00, 0x6f, 0x00, 0x80, 0x03,
	0x83, 0x26, 0x44, 0x16, 0x9b, 0x05, 0x46, 0x00, 0x93, 0x97, 0x05, 0x02, 0x93, 0xd5,
	0xe7, 0x01, 0xb3, 0x05, 0xb4, 0x00, 0xbb, 0x07, 0xd6, 0x00, 0x83, 0xa6, 0xc5, 0x15,
	0x93, 0x95, 0x07, 0x02, 0x93, 0xd7, 0xe5, 0x01, 0xb3, 0x87, 0xf8, 0x00, 0x23, 0xa0,
	0xd7, 0x00, 0x1b, 0x06, 0x16, 0x00, 0xe3, 0x18, 0xc5, 0xfc, 0x63, 0x14, 0x08, 0x00,
	0x6f, 0xb0, 0x1f, 0xda, 0x83, 0x67, 0x44, 0x16, 0x93, 0x97, 0x27, 0x00, 0xb3, 0x07,
	0xf7, 0x00, 0x83, 0xa7, 0x07, 0x00, 0x6f, 0xb0, 0xdf, 0xd8, 0x93, 0x05, 0xd0, 0x50,
	0xe3, 0xfc, 0xd5, 0xf8, 0x83, 0xe8, 0x87, 0x30, 0x83, 0xb6, 0x07, 0x07, 0xb7, 0x35,
	0x00, 0x00, 0x93, 0x85, 0x15, 0x80, 0xb3, 0xe6, 0xb6, 0x00, 0x23, 0xac, 0xd7, 0x08,
	0x83, 0xe6, 0x87, 0x02, 0x63, 0x82, 0x06, 0x00, 0x63, 0x04, 0x06, 0x00, 0x6f, 0x20,
	0x90, 0x05, 0x13, 0x83, 0x0d, 0x00, 0x63, 0x0c, 0x05, 0x02, 0x9b, 0x05, 0x46, 0x00,
	0x83, 0x26, 0x44, 0x16, 0x13, 0x9e, 0x05, 0x02, 0x93, 0x55, 0xee, 0x01, 0xbb, 0x86,
	0xc6, 0x00, 0xb3, 0x05, 0xb4, 0x00, 0x83, 0xa5, 0xc5, 0x15, 0x13, 0x9e, 0x06, 0x02,
	0x93, 0x56, 0xee, 0x01, 0xb3, 0x06, 0xd3, 0x00, 0x23, 0xa0, 0xb6, 0x00, 0x1b, 0x06,
	0x16, 0x00, 0xe3, 0x18, 0xc5, 0xfc, 0x63, 0x0a, 0x08, 0x00, 0x83, 0x66, 0x44, 0x16,
	0x93, 0x96, 0x26, 0x00, 0x33, 0x07, 0xd7, 0x00, 0x03, 0x27, 0x07, 0x00, 0x23, 0xac,
	0x17, 0x09, 0x83, 0xe7, 0x87, 0x02, 0x63, 0x82, 0x07, 0x00, 0x6f, 0xb0, 0xdf, 0xcf,
	0x03, 0x2a, 0x0e, 0x01, 0x03, 0x23, 0x8e, 0x01, 0x03, 0x28, 0x0e, 0x02, 0x83, 0x28,
	0x8e, 0x02, 0x83, 0x2e, 0x0e, 0x03, 0x13, 0x13, 0x03, 0x02, 0x93, 0x98, 0x08, 0x02,
	0x13, 0x53, 0x03, 0x02, 0x93, 0xd8, 0x08, 0x02, 0x13, 0x18, 0x08, 0x02, 0x93, 0x9e,
	0x0e, 0x02, 0x1b, 0x0a, 0x0a, 0x00, 0x33, 0x68, 0x68, 0x00, 0xb3, 0xee, 0x1e, 0x01,
	0xb3, 0xef, 0xe9, 0x01, 0xb7, 0x28, 0x00, 0x00, 0x9b, 0x88, 0x18, 0x10, 0x93, 0x98,
	0x38, 0x02, 0x93, 0x9f, 0x0f, 0x02, 0xb3, 0xef, 0x1f, 0x01, 0xb3, 0x88, 0x1f, 0x00,
	0x1b, 0x03, 0x08, 0x00, 0x23, 0xac, 0x68, 0x36, 0x13, 0x53, 0x08, 0x42, 0x23, 0xae,
	0x68, 0x36, 0x37, 0x0b, 0x00, 0x40, 0x1b, 0x83, 0x0e, 0x00, 0x23, 0xa6, 0x68, 0x3a,
	0x33, 0x6a, 0x6a, 0x01, 0x13, 0xd3, 0x0e, 0x42, 0x23, 0xa8, 0x68, 0x3a, 0x13, 0x08,
	0x08, 0x20, 0x1b, 0x0a, 0x0a, 0x00, 0x93, 0x98, 0x03, 0x03, 0x23, 0xac, 0x58, 0x10,
	0x23, 0x22, 0x09, 0x04, 0x23, 0x26, 0x55, 0x8b, 0x83, 0x28, 0xc5, 0x8a, 0x13, 0x03,
	0x02, 0x00, 0x83, 0x38, 0x03, 0x03, 0xe3, 0x9e, 0x08, 0xfe, 0x93, 0x08, 0x02, 0x00,
	0x13, 0x03, 0x10, 0x00, 0x23, 0x38, 0x62, 0x0c, 0x1b, 0x0b, 0x08, 0x00, 0x23, 0xa0,
	0x65, 0x21, 0x13, 0x58, 0x08, 0x42, 0x37, 0x23, 0x03, 0x00, 0x23, 0xa2, 0x05, 0x21,
	0x1b, 0x03, 0x83, 0x04, 0x23, 0xa4, 0x65, 0x20, 0x23, 0xa6, 0x05, 0x20, 0x37, 0x23,
	0x00, 0x62, 0x23, 0xa0, 0x65, 0x1e, 0x03, 0x33, 0x02, 0x4b, 0x9b, 0x0b, 0x03, 0x00,
	0x23, 0xa8, 0x75, 0x27, 0x13, 0x53, 0x03, 0x42, 0x23, 0xaa, 0x65, 0x26, 0x37, 0x03,
	0x00, 0x68, 0x1b, 0x03, 0xc3, 0x08, 0x23, 0xa8, 0x65, 0x20, 0x03, 0xb3, 0x08, 0x03,
	0xe3, 0x1e, 0x03, 0xfe, 0x13, 0x03, 0x10, 0x00, 0x23, 0x38, 0x62, 0x0c, 0x23, 0xa0,
	0x65, 0x21, 0x23, 0xa2, 0x05, 0x21, 0x37, 0x28, 0x03, 0x00, 0x1b, 0x08, 0x88, 0x04,
	0x23, 0xa4, 0x05, 0x21, 0x23, 0xa6, 0x05, 0x20, 0x37, 0x28, 0x00, 0x62, 0x23, 0xa0,
	0x05, 0x1f, 0x03, 0x38, 0x02, 0x4b, 0x9b, 0x08, 0x08, 0x00, 0x23, 0xa8, 0x15, 0x27,
	0x13, 0x58, 0x08, 0x42, 0x23, 0xaa, 0x05, 0x27, 0x37, 0x08, 0x00, 0x68, 0x1b, 0x08,
	0x48, 0x00, 0x23, 0xa8, 0x05, 0x21, 0x13, 0x03, 0xd0, 0x01, 0x03, 0x2b, 0x86, 0x11,
	0x1b, 0x0b, 0x0b, 0x00, 0xf3, 0x28, 0x00, 0xb0, 0x13, 0x00, 0x00, 0x00, 0x73, 0x28,
	0x00, 0xb0, 0x33, 0x08, 0x18, 0x41, 0xe3, 0x7a, 0x03, 0xff, 0xe3, 0x02, 0x5b, 0xfe,
	0x13, 0x08, 0x00, 0x00, 0x23, 0x38, 0x02, 0x0d, 0x37, 0x28, 0x00, 0x00, 0x23, 0x26,
	0x05, 0x8b, 0x03, 0x28, 0xc5, 0x8a, 0x83, 0x28, 0x86, 0x01, 0x33, 0x88, 0x1f, 0x00,
	0x9b, 0x88, 0x08, 0x00, 0x23, 0x22, 0x18, 0x39, 0x83, 0x28, 0x06, 0x03, 0x9b, 0x88,
	0x08, 0x00, 0x23, 0x28, 0x18, 0x39, 0x83, 0x28, 0x86, 0x03, 0x9b, 0x88, 0x08, 0x00,
	0x23, 0x2a, 0x18, 0x39, 0x83, 0x28, 0x06, 0x04, 0x9b, 0x88, 0x08, 0x00, 0x23, 0x2c,
	0x18, 0x39, 0x83, 0x28, 0x86, 0x04, 0x9b, 0x88, 0x08, 0x00, 0x23, 0x2e, 0x18, 0x39,
	0x83, 0x28, 0x86, 0x05, 0x9b, 0x88, 0x08, 0x00, 0x23, 0x22, 0x18, 0x3b, 0x83, 0x28,
	0x06, 0x06, 0x9b, 0x88, 0x08, 0x00, 0x23, 0x24, 0x18, 0x3b, 0x83, 0x28, 0x86, 0x07,
	0x9b, 0x88, 0x08, 0x00, 0x23, 0x2a, 0x18, 0x3b, 0x83, 0x28, 0x06, 0x08, 0x9b, 0x88,
	0x08, 0x00, 0x23, 0x2c, 0x18, 0x3b, 0x03, 0x28, 0x86, 0x08, 0x13, 0x78, 0x08, 0x04,
	0x63, 0x0e, 0x08, 0x04, 0x13, 0xd8, 0x0f, 0x02, 0x13, 0x78, 0x08, 0x7f, 0x1b, 0x53,
	0x68, 0x00, 0x83, 0x28, 0xc9, 0x14, 0x13, 0x73, 0x33, 0x00, 0x1b, 0x58, 0x88, 0x00,
	0x33, 0x68, 0x03, 0x01, 0x13, 0x03, 0x10, 0x00, 0x3b, 0x18, 0x03, 0x01, 0xb3, 0xe8,
	0x08, 0x01, 0x9b, 0x88, 0x08, 0x00, 0x23, 0x26, 0x19, 0x15, 0x13, 0x03, 0x10, 0x00,
	0x23, 0x28, 0x62, 0x46, 0x03, 0x63, 0x82, 0x02, 0x63, 0x02, 0x03, 0x00, 0x37, 0xf3,
	0x03, 0x00, 0x33, 0x83, 0x6f, 0x00, 0x23, 0x2c, 0x13, 0x05, 0x23, 0x38, 0x02, 0x46,
	0x03, 0x68, 0x82, 0x02, 0x63, 0x02, 0x08, 0x00, 0x03, 0x38, 0x01, 0x00, 0x93, 0x0b,
	0x10, 0x00, 0x03, 0x23, 0x08, 0x80, 0x13, 0x08, 0x02, 0x00, 0x1b, 0x03, 0x03, 0x00,
	0x23, 0x28, 0x72, 0x47, 0x83, 0x68, 0x82, 0x02, 0x63, 0x82, 0x08, 0x00, 0x83, 0x28,
	0x86, 0x08, 0x1b, 0x13, 0x73, 0x00, 0x13, 0x73, 0xf3, 0x0f, 0x33, 0x63, 0x13, 0x01,
	0xb3, 0x88, 0x1f, 0x00, 0x23, 0xae, 0x68, 0x3a, 0x23, 0x38, 0x02, 0x46, 0x03, 0x63,
	0x82, 0x02, 0x63, 0x02, 0x03, 0x00, 0x03, 0x23, 0x06, 0x0a, 0x13, 0x0b, 0x00, 0x00,
	0x1b, 0x03, 0x03, 0x00, 0x23, 0xa0, 0x68, 0x3c, 0x03, 0x23, 0x06, 0x0e, 0x1b, 0x03,
	0x03, 0x00, 0x23, 0xa8, 0x68, 0x3c, 0x03, 0x23, 0x86, 0x0e, 0x1b, 0x03, 0x03, 0x00,
	0x23, 0xaa, 0x68, 0x3c, 0x03, 0x23, 0x06, 0x10, 0x1b, 0x03, 0x03, 0x00, 0x23, 0xa0,
	0x68, 0x3e, 0x03, 0x23, 0x86, 0x10, 0x1b, 0x03, 0x03, 0x00, 0x23, 0xa2, 0x68, 0x3e,
	0x03, 0x23, 0x06, 0x11, 0x1b, 0x03, 0x03, 0x00, 0x23, 0xa4, 0x68, 0x3e, 0x03, 0x23,
	0x86, 0x01, 0x23, 0xaa, 0x48, 0x3b, 0x1b, 0x03, 0x03, 0x00, 0x23, 0x30, 0x62, 0x13,
	0x23, 0x3c, 0x62, 0x0d, 0x03, 0x6a, 0x82, 0x30, 0x37, 0x0c, 0xf0, 0x00, 0x1b, 0x13,
	0x43, 0x01, 0x33, 0x73, 0x83, 0x01, 0x37, 0x4c, 0x00, 0x00, 0x33, 0x63, 0x83, 0x01,
	0x13, 0x13, 0x03, 0x02, 0x13, 0x53, 0x03, 0x02, 0x23, 0x2c, 0x62, 0x08, 0x03, 0x63,
	0x82, 0x02, 0x63, 0x02, 0x03, 0x00, 0x03, 0xec, 0x0e, 0x00, 0x03, 0xe3, 0x4e, 0x00,
	0x13, 0x13, 0x03, 0x02, 0x33, 0x63, 0x83, 0x01, 0x23, 0x2c, 0x42, 0x09, 0x83, 0x6e,
	0x82, 0x02, 0x63, 0x82, 0x0e, 0x00, 0x9b, 0x0e, 0x03, 0x00, 0x23, 0xa2, 0xd8, 0x3d,
	0x13, 0x53, 0x03, 0x42, 0x23, 0xa4, 0x68, 0x3c, 0x23, 0x26, 0x55, 0x8b, 0x03, 0x23,
	0xc5, 0x8a, 0x03, 0xa3, 0x88, 0x3e, 0x1b, 0x53, 0x83, 0x01, 0x13, 0x73, 0x33, 0x00,
	0x23, 0x30, 0x62, 0x12, 0x13, 0x13, 0x73, 0x00, 0x23, 0x3c, 0x62, 0x0c, 0x03, 0xa3,
	0xc8, 0x37, 0x83, 0xae, 0x88, 0x37, 0x9b, 0x08, 0x03, 0x00, 0x1b, 0x83, 0x0e, 0x00,
	0x23, 0x30, 0x62, 0x13, 0x13, 0x13, 0x03, 0x02, 0x93, 0x98, 0x08, 0x02, 0x13, 0x53,
	0x03, 0x02, 0xb3, 0xe8, 0x68, 0x00, 0x23, 0xa4, 0x78, 0x21, 0x83, 0x38, 0x08, 0x09,
	0xe3, 0x9e, 0x08, 0xfe, 0x37, 0x28, 0x00, 0x00, 0x23, 0x26, 0x05, 0x8b, 0x03, 0x28,
	0xc5, 0x8a, 0xb3, 0x8f, 0x1f, 0x00, 0x13, 0x08, 0x10, 0x00, 0x23, 0xa0, 0x0f, 0x39,
	0x6f, 0xd0, 0xdf, 0xa8, 0x83, 0x27, 0x44, 0x16, 0x1b, 0xd8, 0x27, 0x00, 0x9b, 0xd7,
	0x27, 0x00, 0x63, 0x04, 0x06, 0x00, 0x6f, 0x10, 0x10, 0x37, 0xb7, 0x16, 0x03, 0x00,
	0x93, 0x85, 0x25, 0x00, 0x13, 0x06, 0x40, 0x00, 0xb3, 0x86, 0xdd, 0x00, 0x63, 0x04,
	0x05, 0x02, 0x13, 0x18, 0x06, 0x02, 0x13, 0x55, 0xe8, 0x01, 0x33, 0x05, 0xa4, 0x00,
	0x03, 0x25, 0xc5, 0x15, 0x23, 0xaa, 0xf6, 0x00, 0x1b, 0x06, 0x16, 0x00, 0x23, 0xac,
	0xa6, 0x00, 0x9b, 0x87, 0x47, 0x00, 0xe3, 0x90, 0xc5, 0xfe, 0xb7, 0x17, 0x03, 0x00,
	0xb3, 0x07, 0xf7, 0x00, 0x83, 0xa7, 0x47, 0x02, 0x6f, 0xb0, 0x5f, 0x8e, 0x93, 0x07,
	0x40, 0x00, 0x63, 0x04, 0xf8, 0x7c, 0x93, 0x07, 0x50, 0x00, 0x63, 0x04, 0xf8, 0x00,
	0x6f, 0xb0, 0x1f, 0x8d, 0x83, 0x67, 0x04, 0x17, 0x03, 0x67, 0xc4, 0x16, 0x93, 0x97,
	0x07, 0x02, 0xb3, 0xe7, 0xe7, 0x00, 0x6f, 0xe0, 0x9f, 0xea, 0x63, 0x84, 0xdb, 0x00,
	0x6f, 0xc0, 0x9f, 0xeb, 0x6f, 0xb0, 0x5f, 0xa6, 0x63, 0xf4, 0x76, 0x01, 0x6f, 0xb0,
	0xdf, 0xa5, 0x6f, 0xc0, 0x9f, 0xea, 0x9b, 0xd7, 0xd5, 0x01, 0x9b, 0xd4, 0xd5, 0x01,
	0x63, 0x94, 0x07, 0x00, 0x6f, 0xb0, 0x5f, 0x89, 0x9b, 0x84, 0xf4, 0xff, 0x93, 0x97,
	0x04, 0x02, 0x37, 0x09, 0x00, 0x10, 0x13, 0x8a, 0x81, 0x92, 0x93, 0xd4, 0xe7, 0x01,
	0x93, 0x09, 0xf9, 0xff, 0xb3, 0x84, 0x44, 0x01, 0x13, 0x09, 0xc9, 0xff, 0x83, 0x28,
	0x4a, 0x06, 0x23, 0x22, 0x14, 0x13, 0x83, 0x35, 0x02, 0x07, 0x13, 0x95, 0x05, 0x02,
	0xb3, 0x87, 0xac, 0x00, 0xb7, 0xd6, 0x00, 0x00, 0xb3, 0x87, 0xd7, 0x00, 0x03, 0xa7,
	0x47, 0x82, 0x83, 0xa7, 0x87, 0x82, 0x23, 0x22, 0xb4, 0x52, 0x13, 0x17, 0x07, 0x02,
	0x13, 0x57, 0x07, 0x02, 0x93, 0x97, 0x07, 0x02, 0xb3, 0xe7, 0xe7, 0x00, 0x23, 0x34,
	0xf4, 0x52, 0x83, 0x2a, 0x04, 0x10, 0x63, 0x00, 0x06, 0x08, 0x93, 0x07, 0x10, 0x00,
	0x13, 0x07, 0x00, 0x00, 0x63, 0x80, 0xfa, 0x46, 0x37, 0x1f, 0x00, 0x00, 0x13, 0x06,
	0x00, 0x00, 0x1b, 0x0e, 0x0f, 0x2e, 0x13, 0x88, 0x0d, 0x00, 0x9b, 0x0f, 0xbf, 0x30,
	0x93, 0x0e, 0x80, 0x00, 0xbb, 0x06, 0xc7, 0x01, 0x93, 0x97, 0x06, 0x02, 0x13, 0xd5,
	0xe7, 0x01, 0xb3, 0x07, 0xa8, 0x00, 0x83, 0xa7, 0x07, 0x00, 0x93, 0xf7, 0x17, 0x00,
	0x63, 0x80, 0x07, 0x02, 0xbb, 0x05, 0xf7, 0x01, 0x93, 0x97, 0x05, 0x02, 0x13, 0xd3,
	0xe7, 0x01, 0xb3, 0x07, 0x68, 0x00, 0x83, 0xa7, 0x07, 0x00, 0xb3, 0xf7, 0x37, 0x01,
	0x63, 0x80, 0xf8, 0x10, 0x1b, 0x06, 0x16, 0x00, 0x1b, 0x07, 0x87, 0x05, 0xe3, 0x10,
	0xd6, 0xfd, 0x63, 0x94, 0x44, 0x01, 0x6f, 0xb0, 0x0f, 0xfc, 0x03, 0x26, 0x44, 0x15,
	0x13, 0x0a, 0x4a, 0x00, 0x6f, 0xf0, 0x5f, 0xf4, 0x13, 0x07, 0x30, 0x00, 0x63, 0x64,
	0x57, 0x09, 0x13, 0x07, 0x10, 0x00, 0x63, 0x6e, 0x57, 0x61, 0x63, 0x88, 0x0a, 0x3e,
	0x93, 0x06, 0x00, 0x00, 0x93, 0x82, 0x0c, 0x00, 0x37, 0xdf, 0x00, 0x00, 0xb7, 0x03,
	0x00, 0x40, 0x93, 0x0f, 0x40, 0x00, 0x13, 0x03, 0x00, 0x00, 0x9b, 0x9e, 0x66, 0x00,
	0x9b, 0x15, 0x83, 0x00, 0xb3, 0xe5, 0xbe, 0x00, 0x9b, 0x85, 0x05, 0x00, 0x13, 0xe8,
	0x05, 0x01, 0x13, 0x17, 0x08, 0x02, 0x33, 0x06, 0x57, 0x00, 0x33, 0x06, 0xe6, 0x01,
	0x03, 0x2e, 0xc6, 0x82, 0x13, 0x7e, 0x1e, 0x00, 0x63, 0x02, 0x0e, 0x02, 0x03, 0x26,
	0x06, 0x86, 0x33, 0x7e, 0x76, 0x00, 0x1b, 0x0e, 0x0e, 0x00, 0x1b, 0x06, 0x06, 0x00,
	0x63, 0x08, 0x0e, 0x00, 0x33, 0x76, 0x26, 0x01, 0x63, 0x94, 0xc8, 0x00, 0x6f, 0x10,
	0x50, 0x1a, 0x1b, 0x03, 0x13, 0x00, 0xe3, 0x1a, 0xf3, 0xfb, 0x9b, 0x86, 0x16, 0x00,
	0xe3, 0x92, 0xf6, 0xfb, 0x6f, 0xf0, 0x5f, 0xf6, 0x93, 0x07, 0x40, 0x00, 0xe3, 0x9e,
	0xfa, 0xf4, 0x93, 0x17, 0x47, 0x02, 0x33, 0x87, 0xfc, 0x00, 0x33, 0x07, 0xd7, 0x00,
	0x03, 0x27, 0xc7, 0x82, 0xe3, 0x04, 0x07, 0xf4, 0xb3, 0x87, 0xfc, 0x00, 0x33, 0x86,
	0xd7, 0x00, 0x93, 0x07, 0x10, 0x00, 0x23, 0x22, 0xf6, 0x88, 0x13, 0x07, 0x70, 0x0c,
	0xf3, 0x26, 0x00, 0xb0, 0x13, 0x00, 0x00, 0x00, 0xf3, 0x27, 0x00, 0xb0, 0xb3, 0x87,
	0xd7, 0x40, 0xe3, 0x7a, 0xf7, 0xfe, 0x83, 0x27, 0xc6, 0x82, 0xe3, 0x94, 0x07, 0xfe,
	0x6f, 0xf0, 0x5f, 0xf1, 0x9b, 0x07, 0x2f, 0x2f, 0xbb, 0x07, 0xf7, 0x00, 0x13, 0x98,
	0x07, 0x02, 0x93, 0x57, 0xe8, 0x01, 0x33, 0x88, 0xfd, 0x00, 0x03, 0x28, 0x08, 0x00,
	0xe3, 0x0c, 0x08, 0xee, 0xb3, 0x8e, 0xad, 0x00, 0x83, 0xa8, 0x0e, 0x00, 0x1b, 0x08,
	0x6f, 0x31, 0x3b, 0x08, 0x07, 0x01, 0x93, 0xf8, 0xe8, 0xff, 0x23, 0xa0, 0x1e, 0x01,
	0x93, 0x18, 0x08, 0x02, 0xb3, 0x87, 0xfd, 0x00, 0x13, 0xd8, 0xe8, 0x01, 0x23, 0xa0,
	0x07, 0x00, 0x33, 0x8e, 0x0d, 0x01, 0x83, 0x27, 0x0e, 0x00, 0x93, 0x08, 0x70, 0x0c,
	0x93, 0xe7, 0x17, 0x00, 0x23, 0x20, 0xfe, 0x00, 0x73, 0x28, 0x00, 0xb0, 0x13, 0x00,
	0x00, 0x00, 0xf3, 0x27, 0x00, 0xb0, 0xb3, 0x87, 0x07, 0x41, 0xe3, 0xfa, 0xf8, 0xfe,
	0x03, 0x28, 0x0e, 0x00, 0x13, 0x78, 0x18, 0x00, 0xe3, 0x12, 0x08, 0xfe, 0x83, 0x67,
	0x44, 0x52, 0xb7, 0xd8, 0x00, 0x00, 0x93, 0x97, 0x07, 0x02, 0xb3, 0x87, 0x97, 0x01,
	0xb3, 0x87, 0x17, 0x01, 0xb7, 0x38, 0x00, 0x00, 0x23, 0xa6, 0x17, 0x8b, 0x83, 0xa7,
	0xc7, 0x8a, 0x63, 0x82, 0x07, 0x00, 0x9b, 0x97, 0x3a, 0x00, 0xbb, 0x87, 0xc7, 0x00,
	0x13, 0x96, 0x07, 0x02, 0x93, 0x57, 0xd6, 0x01, 0xb3, 0x07, 0xf4, 0x00, 0x83, 0xb7,
	0x07, 0x39, 0x23, 0x30, 0x02, 0x13, 0x37, 0x16, 0x00, 0x00, 0x1b, 0x06, 0x76, 0x2e,
	0x3b, 0x06, 0xe6, 0x00, 0x13, 0x88, 0x07, 0x00, 0x13, 0x8e, 0x0d, 0x00, 0x93, 0x9e,
	0x06, 0x02, 0x93, 0xd8, 0xee, 0x01, 0xb3, 0x08, 0x1e, 0x01, 0x83, 0xa8, 0x08, 0x00,
	0x13, 0x08, 0x48, 0x00, 0x9b, 0x86, 0x16, 0x00, 0x9b, 0x88, 0x08, 0x00, 0x23, 0x2e,
	0x18, 0xff, 0xe3, 0x10, 0xd6, 0xfe, 0x37, 0x16, 0x00, 0x00, 0x9b, 0x06, 0x86, 0x2e,
	0x1b, 0x06, 0x36, 0x2f, 0x93, 0x88, 0xc7, 0x01, 0xbb, 0x86, 0xe6, 0x00, 0x3b, 0x06,
	0xe6, 0x00, 0x13, 0x8e, 0x0d, 0x00, 0x93, 0x9e, 0x06, 0x02, 0x13, 0xd8, 0xee, 0x01,
	0x33, 0x08, 0x0e, 0x01, 0x03, 0x28, 0x08, 0x00, 0x93, 0x88, 0x48, 0x00, 0x9b, 0x86,
	0x16, 0x00, 0x1b, 0x08, 0x08, 0x00, 0x23, 0xae, 0x08, 0xff, 0xe3, 0x10, 0xd6, 0xfe,
	0xb7, 0x16, 0x00, 0x00, 0x1b, 0x86, 0x96, 0x30, 0x3b, 0x06, 0xc7, 0x00, 0x13, 0x18,
	0x06, 0x02, 0x13, 0x56, 0xe8, 0x01, 0x33, 0x86, 0xcd, 0x00, 0x03, 0x26, 0x06, 0x00,
	0x9b, 0x86, 0x76, 0x31, 0x93, 0x88, 0x0d, 0x00, 0x1b, 0x06, 0x06, 0x00, 0x13, 0x88,
	0xc7, 0x04, 0x23, 0xa4, 0xc7, 0x04, 0xbb, 0x86, 0xe6, 0x00, 0x13, 0x9e, 0x05, 0x02,
	0x13, 0x56, 0xee, 0x01, 0x33, 0x86, 0xc8, 0x00, 0x03, 0x26, 0x06, 0x00, 0x13, 0x08,
	0x48, 0x00, 0x9b, 0x85, 0x15, 0x00, 0x1b, 0x06, 0x06, 0x00, 0x23, 0x2e, 0xc8, 0xfe,
	0xe3, 0x90, 0xb6, 0xfe, 0x37, 0x16, 0x00, 0x00, 0x9b, 0x06, 0x06, 0x32, 0x1b, 0x06,
	0xe6, 0x32, 0x93, 0x87, 0xc7, 0x07, 0xbb, 0x86, 0xe6, 0x00, 0xbb, 0x05, 0xe6, 0x00,
	0x13, 0x88, 0x0d, 0x00, 0x93, 0x98, 0x06, 0x02, 0x13, 0xd6, 0xe8, 0x01, 0x33, 0x06,
	0xc8, 0x00, 0x03, 0x26, 0x06, 0x00, 0x93, 0x87, 0x47, 0x00, 0x9b, 0x86, 0x16, 0x00,
	0x1b, 0x06, 0x06, 0x00, 0x23, 0xae, 0xc7, 0xfe, 0xe3, 0x90, 0xd5, 0xfe, 0x13, 0x96,
	0x0a, 0x02, 0x83, 0x67, 0x44, 0x52, 0x93, 0x56, 0xe6, 0x01, 0x93, 0x86, 0x06, 0x12,
	0xb3, 0x06, 0xd4, 0x00, 0x03, 0xa6, 0x06, 0x37, 0x93, 0x97, 0x07, 0x02, 0xb3, 0x87,
	0x97, 0x01, 0xb7, 0xd5, 0x00, 0x00, 0xb3, 0x87, 0xb7, 0x00, 0xb7, 0x25, 0x00, 0x00,
	0x1b, 0x06, 0x16, 0x00, 0x23, 0xa6, 0xb7, 0x8a, 0x23, 0xa8, 0xc6, 0x36, 0x83, 0xa7,
	0xc7, 0x8a, 0x63, 0x82, 0x07, 0x00, 0xb7, 0x17, 0x00, 0x00, 0x9b, 0x86, 0x37, 0x2e,
	0xbb, 0x06, 0xd7, 0x00, 0x1b, 0x88, 0x47, 0x2e, 0x3b, 0x08, 0x07, 0x01, 0x13, 0x96,
	0x06, 0x02, 0x93, 0x56, 0xe6, 0x01, 0x93, 0x15, 0x08, 0x02, 0x1b, 0x86, 0x57, 0x31,
	0x3b, 0x06, 0xc7, 0x00, 0xb3, 0x86, 0xdd, 0x00, 0x13, 0xd8, 0xe5, 0x01, 0x9b, 0x85,
	0x57, 0x2e, 0x23, 0xa0, 0x06, 0x00, 0x93, 0x18, 0x06, 0x02, 0xbb, 0x05, 0xb7, 0x00,
	0x33, 0x88, 0x0d, 0x01, 0x1b, 0x86, 0x67, 0x2e, 0x23, 0x20, 0x08, 0x00, 0x3b, 0x06,
	0xc7, 0x00, 0x93, 0xd6, 0xe8, 0x01, 0x13, 0x98, 0x05, 0x02, 0xb3, 0x86, 0xdd, 0x00,
	0x93, 0x08, 0x10, 0x00, 0x93, 0x55, 0xe8, 0x01, 0x13, 0x18, 0x06, 0x02, 0x23, 0xa0,
	0x16, 0x01, 0xb3, 0x85, 0xbd, 0x00, 0x13, 0x56, 0xe8, 0x01, 0x1b, 0x88, 0x17, 0x2e,
	0x23, 0xa0, 0x05, 0x00, 0x3b, 0x08, 0x07, 0x01, 0x33, 0x86, 0xcd, 0x00, 0x9b, 0x85,
	0x37, 0x31, 0x23, 0x20, 0x06, 0x00, 0xbb, 0x05, 0xb7, 0x00, 0x13, 0x16, 0x08, 0x02,
	0x23, 0xa0, 0x06, 0x00, 0x13, 0x58, 0xe6, 0x01, 0x93, 0x96, 0x05, 0x02, 0x1b, 0x86,
	0x27, 0x31, 0x93, 0xd5, 0xe6, 0x01, 0xbb, 0x06, 0xc7, 0x00, 0x9b, 0x87, 0xa7, 0x2e,
	0x33, 0x86, 0xbd, 0x00, 0x93, 0x95, 0x06, 0x02, 0xbb, 0x07, 0xf7, 0x00, 0x93, 0xd6,
	0xe5, 0x01, 0x33, 0x88, 0x0d, 0x01, 0x23, 0x20, 0x08, 0x00, 0x33, 0x87, 0xdd, 0x00,
	0x93, 0x96, 0x07, 0x02, 0x23, 0x20, 0x16, 0x01, 0x93, 0xd7, 0xe6, 0x01, 0x23, 0x20,
	0x07, 0x00, 0xb3, 0x87, 0xfd, 0x00, 0x23, 0xa0, 0x07, 0x00, 0x33, 0x83, 0x6d, 0x00,
	0x23, 0x20, 0x03, 0x00, 0xb3, 0x87, 0xad, 0x00, 0x23, 0xa0, 0x07, 0x00, 0x13, 0x07,
	0x02, 0x00, 0x83, 0x37, 0x07, 0x09, 0x9b, 0x87, 0x07, 0x00, 0xe3, 0x9c, 0x07, 0xfe,
	0x6f, 0xf0, 0x5f, 0xc0, 0x13, 0x07, 0x00, 0x60, 0x6f, 0xf0, 0x1f, 0xba, 0x63, 0xe4,
	0x76, 0x01, 0x6f, 0xb0, 0xcf, 0xd6, 0x6f, 0xc0, 0x9f, 0x9b, 0x03, 0x28, 0x04, 0x52,
	0xb7, 0xc7, 0x00, 0x00, 0x33, 0x87, 0xfc, 0x00, 0x03, 0x27, 0x07, 0x38, 0x63, 0x0c,
	0x07, 0x00, 0xb3, 0x87, 0xfc, 0x00, 0x83, 0xa7, 0x47, 0x3b, 0xb3, 0xf7, 0x27, 0x01,
	0x63, 0x94, 0xf8, 0x00, 0x6f, 0x20, 0x50, 0x72, 0x93, 0x07, 0x10, 0x00, 0x93, 0x97,
	0x87, 0x02, 0x33, 0x87, 0xfc, 0x00, 0xb7, 0xc6, 0x00, 0x00, 0x33, 0x07, 0xd7, 0x00,
	0x03, 0x27, 0x07, 0x38, 0x63, 0x0e, 0x07, 0x00, 0xb3, 0x87, 0xfc, 0x00, 0xb3, 0x87,
	0xd7, 0x00, 0x83, 0xa7, 0x47, 0x3b, 0xb3, 0xf7, 0x27, 0x01, 0x63, 0x94, 0xf8, 0x00,
	0x6f, 0x20, 0x80, 0x49, 0x93, 0x07, 0x10, 0x00, 0x93, 0x97, 0x67, 0x02, 0x33, 0x87,
	0xfc, 0x00, 0xb7, 0xc6, 0x00, 0x00, 0x33, 0x07, 0xd7, 0x00, 0x03, 0x27, 0x07, 0x38,
	0x63, 0x0e, 0x07, 0x00, 0xb3, 0x87, 0xfc, 0x00, 0xb3, 0x87, 0xd7, 0x00, 0x83, 0xa7,
	0x47, 0x3b, 0xb3, 0xf7, 0x27, 0x01, 0x63, 0x94, 0xf8, 0x00, 0x6f, 0x20, 0x50, 0x6b,
	0x93, 0x07, 0x50, 0x00, 0x93, 0x97, 0x67, 0x02, 0x33, 0x87, 0xfc, 0x00, 0xb7, 0xc6,
	0x00, 0x00, 0x33, 0x07, 0xd7, 0x00, 0x03, 0x27, 0x07, 0x38, 0xe3, 0x02, 0x07, 0xb4,
	0xb3, 0x87, 0xfc, 0x00, 0xb3, 0x87, 0xd7, 0x00, 0x83, 0xa7, 0x47, 0x3b, 0x93, 0x0b,
	0x10, 0x00, 0x93, 0x0a, 0x10, 0x00, 0xb3, 0xf7, 0x27, 0x01, 0xe3, 0x94, 0xf8, 0xb2,
	0x37, 0xc5, 0x00, 0x00, 0x33, 0x87, 0xad, 0x00, 0x83, 0x26, 0xc7, 0x68, 0x13, 0x18,
	0x08, 0x02, 0x13, 0x58, 0x08, 0x02, 0x93, 0xe7, 0x16, 0x00, 0x23, 0x26, 0xf7, 0x68,
	0xb7, 0x97, 0x98, 0x00, 0x93, 0x87, 0x07, 0x68, 0x33, 0x08, 0xf8, 0x02, 0x83, 0x27,
	0xc7, 0x68, 0x9b, 0x86, 0x06, 0x00, 0x13, 0x06, 0x02, 0x00, 0x93, 0x07, 0x10, 0x00,
	0x23, 0x28, 0xf2, 0x46, 0x83, 0x65, 0x82, 0x02, 0x63, 0x82, 0x05, 0x00, 0x9b, 0x95,
	0x6b, 0x00, 0x1b, 0x9b, 0x8a, 0x00, 0x33, 0x6b, 0xbb, 0x00, 0x13, 0x1b, 0x0b, 0x02,
	0xb3, 0x05, 0x9b, 0x01, 0xb3, 0x85, 0xa5, 0x00, 0x03, 0xa5, 0xc5, 0x3b, 0x1b, 0x05,
	0x05, 0x00, 0x23, 0x38, 0x02, 0x46, 0x83, 0x68, 0x82, 0x02, 0x63, 0x82, 0x08, 0x00,
	0x23, 0xa6, 0xf5, 0x3c, 0x83, 0xa7, 0xc5, 0x3c, 0x23, 0x26, 0xd7, 0x68, 0x13, 0x75,
	0x05, 0x04, 0x83, 0x27, 0xc7, 0x68, 0x83, 0x38, 0x82, 0x0f, 0x83, 0x67, 0x44, 0x52,
	0x37, 0xd7, 0x00, 0x00, 0x03, 0x3c, 0x84, 0x52, 0x93, 0x97, 0x07, 0x02, 0xb3, 0x87,
	0x97, 0x01, 0x33, 0x87, 0xe7, 0x00, 0x83, 0x27, 0xc7, 0x8a, 0xb7, 0x36, 0x00, 0x00,
	0x23, 0x26, 0xd7, 0x8a, 0x13, 0x0c, 0x0c, 0x47, 0x9b, 0x87, 0x07, 0x00, 0x03, 0x27,
	0xc7, 0x8a, 0x63, 0x02, 0x07, 0x00, 0x9b, 0xd7, 0x87, 0x01, 0x93, 0xf7, 0x37, 0x00,
	0x23, 0x30, 0xf2, 0x12, 0x93, 0x97, 0x77, 0x00, 0x23, 0x3c, 0xf2, 0x0c, 0x13, 0x07,
	0x70, 0x0c, 0xf3, 0x26, 0x00, 0xb0, 0x13, 0x00, 0x00, 0x00, 0xf3, 0x27, 0x00, 0xb0,
	0xb3, 0x87, 0xd7, 0x40, 0xe3, 0x7a, 0xf7, 0xfe, 0x83, 0xa7, 0xc5, 0x3c, 0x63, 0x92,
	0x07, 0x06, 0x83, 0x37, 0x82, 0x0f, 0x63, 0x04, 0x05, 0x00, 0x6f, 0x20, 0x10, 0x4f,
	0x93, 0x07, 0x00, 0x00, 0x23, 0x30, 0xf2, 0x12, 0x9b, 0x97, 0x1b, 0x00, 0xbb, 0x87,
	0x57, 0x01, 0x1b, 0x97, 0x37, 0x00, 0xbb, 0x07, 0xf7, 0x40, 0x9b, 0x97, 0x27, 0x00,
	0x93, 0x97, 0x07, 0x02, 0x93, 0xd7, 0x07, 0x02, 0xb3, 0x87, 0x87, 0x01, 0x23, 0xa0,
	0x07, 0x00, 0x83, 0x67, 0x44, 0x52, 0x37, 0xd7, 0x00, 0x00, 0x93, 0x97, 0x07, 0x02,
	0xb3, 0x87, 0x97, 0x01, 0xb3, 0x87, 0xe7, 0x00, 0x37, 0x27, 0x00, 0x00, 0x23, 0xa6,
	0xe7, 0x8a, 0x83, 0xa7, 0xc7, 0x8a, 0x63, 0x82, 0x07, 0x00, 0x6f, 0xf0, 0x9f, 0x9d,
	0x83, 0x37, 0x86, 0x0f, 0xb3, 0x87, 0x17, 0x41, 0xe3, 0x7e, 0xf8, 0xf6, 0x6f, 0xf0,
	0x9f, 0xf9, 0x9b, 0x8a, 0xea, 0xff, 0x9b, 0x87, 0x0a, 0x00, 0x63, 0x94, 0xe7, 0x00,
	0x6f, 0x10, 0xd0, 0x77, 0xb7, 0x15, 0x00, 0x00, 0x1b, 0x8f, 0x05, 0x2e, 0x13, 0x8e,
	0x0d, 0x00, 0x9b, 0x8f, 0xb5, 0x30, 0x93, 0x0e, 0x80, 0x00, 0x3b, 0x87, 0xe7, 0x01,
	0x93, 0x16, 0x07, 0x02, 0x13, 0xd5, 0xe6, 0x01, 0xb3, 0x06, 0xae, 0x00, 0x83, 0xa6,
	0x06, 0x00, 0x93, 0xf6, 0x16, 0x00, 0x63, 0x82, 0x06, 0x02, 0x3b, 0x83, 0xf7, 0x01,
	0x93, 0x16, 0x03, 0x02, 0x13, 0xd8, 0xe6, 0x01, 0xb3, 0x06, 0x0e, 0x01, 0x83, 0xa6,
	0x06, 0x00, 0xb3, 0xf6, 0x36, 0x01, 0x63, 0x94, 0xd8, 0x00, 0x6f, 0x10, 0x50, 0x73,
	0x1b, 0x06, 0x16, 0x00, 0x9b, 0x87, 0x87, 0x05, 0xe3, 0x1e, 0xd6, 0xfb, 0x6f, 0xf0,
	0x9f, 0x95, 0x93, 0x06, 0x00, 0x00, 0x83, 0x67, 0xc4, 0x16, 0x93, 0x97, 0x27, 0x00,
	0xb3, 0x07, 0xf7, 0x00, 0x23, 0xa0, 0xb7, 0x00, 0x63, 0x94, 0x08, 0x00, 0x6f, 0xc0,
	0xdf, 0xbe, 0x83, 0x27, 0xc4, 0x16, 0x93, 0xd6, 0x06, 0x42, 0x6f, 0xc0, 0xdf, 0xbc,
	0x23, 0xb4, 0x01, 0xba, 0x03, 0x37, 0x04, 0x53, 0x37, 0xd6, 0x00, 0x00, 0x13, 0x17,
	0x07, 0x02, 0x33, 0x07, 0xd7, 0x00, 0x33, 0x06, 0xc7, 0x00, 0x03, 0x26, 0x46, 0x8b,
	0x13, 0x76, 0x06, 0x03, 0x63, 0x12, 0x06, 0x00, 0x83, 0xb4, 0x07, 0x55, 0x13, 0x06,
	0x00, 0x00, 0x23, 0xbc, 0xc7, 0x5a, 0x37, 0xd6, 0x00, 0x00, 0x33, 0x07, 0xc7, 0x00,
	0xb7, 0x35, 0x00, 0x00, 0x23, 0x26, 0xb7, 0x8a, 0x03, 0x27, 0xc7, 0x8a, 0x63, 0x02,
	0x07, 0x00, 0x03, 0x35, 0x04, 0x53, 0x37, 0x88, 0x00, 0x00, 0x13, 0x08, 0x08, 0x04,
	0x93, 0x15, 0x05, 0x02, 0xb3, 0x86, 0xd5, 0x00, 0x33, 0x87, 0xc6, 0x00, 0x03, 0x26,
	0x47, 0x8a, 0x33, 0x76, 0x06, 0x01, 0x63, 0x0a, 0x06, 0x04, 0x03, 0xb8, 0x07, 0x25,
	0x13, 0x56, 0x85, 0x00, 0x13, 0x76, 0x76, 0x00, 0x23, 0xb8, 0xc7, 0x2e, 0x03, 0xb6,
	0x07, 0x26, 0x1b, 0x06, 0x06, 0x00, 0x23, 0x24, 0xc7, 0x8c, 0x03, 0x26, 0x47, 0x8a,
	0x13, 0x76, 0x26, 0x00, 0x63, 0x10, 0x06, 0x02, 0x03, 0xb5, 0x87, 0x2f, 0x03, 0x26,
	0xc7, 0x8c, 0xb7, 0xf8, 0x00, 0x00, 0x33, 0x76, 0x16, 0x01, 0x33, 0x66, 0xa6, 0x00,
	0x1b, 0x06, 0x06, 0x00, 0x23, 0x26, 0xc7, 0x8c, 0x13, 0x17, 0x08, 0x02, 0x13, 0x57,
	0x07, 0x02, 0x23, 0xb8, 0xe7, 0x2e, 0x37, 0xd5, 0x00, 0x00, 0x33, 0x85, 0xa6, 0x00,
	0x03, 0x27, 0x45, 0x8a, 0x37, 0x86, 0xff, 0xff, 0x13, 0x06, 0xf6, 0xff, 0x33, 0x76,
	0xe6, 0x00, 0x13, 0x57, 0xd7, 0x00, 0x23, 0x22, 0xc5, 0x8a, 0x13, 0x77, 0x17, 0x00,
	0x63, 0x04, 0x07, 0x08, 0x03, 0x27, 0xc5, 0x8e, 0x03, 0x28, 0x45, 0x82, 0x03, 0x26,
	0x85, 0x82, 0x03, 0x25, 0xc5, 0x8a, 0x9b, 0x58, 0xc7, 0x00, 0x93, 0xf8, 0xf8, 0x03,
	0x1b, 0x55, 0x85, 0x01, 0x1b, 0x07, 0x07, 0x00, 0x1b, 0x08, 0x08, 0x00, 0x1b, 0x06,
	0x06, 0x00, 0x13, 0x75, 0x35, 0x00, 0x23, 0xb0, 0xa7, 0x12, 0x13, 0x15, 0x75, 0x00,
	0x23, 0xbc, 0xa7, 0x0c, 0x13, 0x05, 0x00, 0x00, 0x23, 0xb0, 0xa7, 0x12, 0x13, 0x15,
	0x08, 0x02, 0x13, 0x55, 0x05, 0x02, 0x13, 0x16, 0x06, 0x02, 0x1b, 0x57, 0x47, 0x00,
	0x33, 0x66, 0xa6, 0x00, 0x13, 0x77, 0xf7, 0x03, 0x37, 0x15, 0x03, 0x00, 0x13, 0x06,
	0x06, 0x70, 0x33, 0x07, 0x17, 0x01, 0x33, 0x85, 0xad, 0x00, 0x23, 0x24, 0x15, 0x07,
	0x03, 0x28, 0xc5, 0x06, 0x1b, 0x83, 0x08, 0x00, 0x9b, 0x88, 0x18, 0x00, 0x1b, 0x08,
	0x08, 0x00, 0x23, 0x20, 0x06, 0x01, 0xe3, 0x14, 0x67, 0xfe, 0x37, 0xd7, 0x00, 0x00,
	0x33, 0x87, 0xe6, 0x00, 0x83, 0x26, 0x47, 0x82, 0x03, 0x25, 0x87, 0x82, 0x03, 0x27,
	0xc7, 0x8a, 0x93, 0x96, 0x06, 0x02, 0x93, 0xd6, 0x06, 0x02, 0x13, 0x15, 0x05, 0x02,
	0x33, 0x65, 0xd5, 0x00, 0x1b, 0x57, 0x87, 0x01, 0x93, 0x06, 0x05, 0x20, 0x13, 0x77,
	0x37, 0x00, 0x23, 0xb0, 0xe7, 0x12, 0x13, 0x17, 0x77, 0x00, 0x23, 0xbc, 0xe7, 0x0c,
	0x13, 0x07, 0x00, 0x00, 0x23, 0xb0, 0xe7, 0x12, 0x23, 0xa0, 0xd6, 0x00, 0x13, 0xd7,
	0x06, 0x02, 0x23, 0xa2, 0xe6, 0x00, 0x37, 0x03, 0x10, 0x00, 0x37, 0xc8, 0x00, 0x00,
	0xb7, 0x38, 0x00, 0x00, 0x37, 0xde, 0xff, 0xff, 0x13, 0x03, 0x13, 0x50, 0x13, 0x08,
	0x88, 0x62, 0x37, 0xff, 0xff, 0xff, 0x13, 0x06, 0x45, 0x20, 0x93, 0x86, 0xb8, 0x20,
	0xb3, 0x8e, 0x95, 0x01, 0x33, 0x08, 0xa8, 0x40, 0x93, 0x85, 0xb8, 0x22, 0x13, 0x85,
	0x38, 0x24, 0x1b, 0x0e, 0x5e, 0xdf, 0x13, 0x13, 0xe3, 0x00, 0x13, 0x0f, 0xff, 0xff,
	0x93, 0x88, 0xc8, 0x22, 0x3b, 0x87, 0xc6, 0x01, 0x33, 0x57, 0xe3, 0x00, 0x13, 0x77,
	0x17, 0x00, 0x63, 0x12, 0x07, 0x50, 0x33, 0x07, 0xc8, 0x00, 0x33, 0x87, 0xee, 0x00,
	0x03, 0x27, 0x07, 0x00, 0x1b, 0x07, 0x07, 0x00, 0x63, 0x8e, 0xb6, 0x4c, 0x23, 0x22,
	0xe6, 0x00, 0x9b, 0x86, 0x16, 0x00, 0x13, 0x06, 0x46, 0x00, 0xe3, 0x98, 0xa6, 0xfc,
	0x13, 0x07, 0x10, 0x00, 0x23, 0xbc, 0xe7, 0x12, 0xef, 0x30, 0x80, 0x11, 0x83, 0x37,
	0x04, 0x53, 0x37, 0xd7, 0x00, 0x00, 0xb7, 0x06, 0xf0, 0x7f, 0x93, 0x97, 0x07, 0x02,
	0xb3, 0x87, 0x97, 0x01, 0xb3, 0x87, 0xe7, 0x00, 0x23, 0xae, 0x07, 0x86, 0x03, 0xa7,
	0x87, 0x87, 0x37, 0x05, 0x00, 0x40, 0x13, 0x88, 0x0c, 0x00, 0x33, 0x77, 0xd7, 0x00,
	0x23, 0xac, 0xe7, 0x86, 0x03, 0xa7, 0x47, 0x83, 0xb7, 0x06, 0x04, 0x00, 0x93, 0x86,
	0x06, 0xf0, 0x33, 0x77, 0xd7, 0x00, 0x23, 0xaa, 0xe7, 0x82, 0x03, 0xa6, 0x07, 0x86,
	0x93, 0x06, 0x70, 0x0c, 0xb7, 0xd8, 0x00, 0x00, 0x13, 0x76, 0x36, 0x00, 0x33, 0x65,
	0xa6, 0x00, 0x73, 0x27, 0x00, 0xb0, 0x13, 0x00, 0x00, 0x00, 0xf3, 0x27, 0x00, 0xb0,
	0xb3, 0x87, 0xe7, 0x40, 0xe3, 0xfa, 0xf6, 0xfe, 0x83, 0x37, 0x04, 0x53, 0x93, 0x97,
	0x07, 0x02, 0x33, 0x87, 0x07, 0x01, 0x33, 0x07, 0x17, 0x01, 0x23, 0x20, 0xa7, 0x86,
	0x83, 0x25, 0x07, 0x86, 0x23, 0x20, 0xc7, 0x86, 0x83, 0x25, 0x07, 0x86, 0x1b, 0xd7,
	0xf5, 0x01, 0x9b, 0x85, 0x05, 0x00, 0xe3, 0x12, 0x07, 0xfc, 0xb3, 0x86, 0x97, 0x01,
	0xb3, 0x86, 0x16, 0x01, 0x03, 0xa5, 0x46, 0x8b, 0x93, 0x06, 0x20, 0x02, 0x13, 0x75,
	0xf5, 0x03, 0x63, 0x14, 0xd5, 0x00, 0x6f, 0x10, 0x50, 0x3f, 0x33, 0x87, 0x97, 0x01,
	0x33, 0x07, 0x17, 0x01, 0x03, 0x27, 0x47, 0x88, 0x93, 0x06, 0x70, 0x00, 0x13, 0x76,
	0xf7, 0x00, 0x1b, 0x07, 0x07, 0x00, 0x1b, 0x57, 0x87, 0x00, 0x63, 0x14, 0xd6, 0x00,
	0x6f, 0x10, 0x50, 0x39, 0x93, 0x05, 0x00, 0x00, 0x13, 0x77, 0x17, 0x00, 0xb3, 0x87,
	0x97, 0x01, 0x37, 0xd8, 0x00, 0x00, 0xb3, 0x87, 0x07, 0x01, 0x23, 0xa6, 0x07, 0x82,
	0x83, 0xe6, 0xc7, 0x82, 0x63, 0x82, 0x06, 0x00, 0x23, 0xa6, 0x07, 0x84, 0x23, 0xae,
	0x07, 0x8e, 0x23, 0xa0, 0x07, 0x90, 0x83, 0xa6, 0x87, 0x86, 0x37, 0x06, 0x04, 0x00,
	0x13, 0x06, 0x06, 0xf0, 0xb3, 0xf6, 0xc6, 0x00, 0x23, 0xa4, 0xd7, 0x86, 0x23, 0xa4,
	0x07, 0x90, 0xb7, 0x26, 0x00, 0x00, 0x23, 0xa6, 0xd7, 0x8a, 0x83, 0xa7, 0xc7, 0x8a,
	0x63, 0x82, 0x07, 0x00, 0x83, 0x37, 0x04, 0x53, 0x93, 0x97, 0x07, 0x02, 0xb3, 0x86,
	0x97, 0x01, 0xb3, 0x86, 0x06, 0x01, 0x83, 0xa6, 0xc6, 0x8a, 0x13, 0x06, 0x10, 0x1c,
	0x93, 0x06, 0x02, 0x00, 0x23, 0x38, 0xc2, 0x50, 0x03, 0xb6, 0x86, 0x4b, 0x1b, 0x06,
	0x06, 0x00, 0xe3, 0x1c, 0x06, 0xfe, 0xb3, 0x87, 0x97, 0x01, 0xb7, 0xd6, 0x00, 0x00,
	0xb3, 0x87, 0xd7, 0x00, 0xb7, 0x36, 0x00, 0x00, 0x23, 0xa6, 0xd7, 0x8a, 0x83, 0xa7,
	0xc7, 0x8a, 0x63, 0x82, 0x07, 0x00, 0x63, 0x9e, 0x05, 0x0a, 0x93, 0x07, 0x20, 0x02,
	0x63, 0x0a, 0xf5, 0x0a, 0xb7, 0xc7, 0x00, 0x00, 0xb3, 0x87, 0xfd, 0x00, 0x93, 0x06,
	0x20, 0x00, 0x23, 0xa0, 0xd7, 0x2e, 0x63, 0x00, 0x07, 0x0a, 0x37, 0xc7, 0x00, 0x00,
	0x93, 0x06, 0x70, 0x0c, 0x13, 0x85, 0x07, 0x00, 0xf3, 0x25, 0x00, 0xb0, 0x13, 0x00,
	0x00, 0x00, 0xf3, 0x27, 0x00, 0xb0, 0xb3, 0x87, 0xb7, 0x40, 0xe3, 0xfa, 0xf6, 0xfe,
	0x83, 0x27, 0x45, 0x2d, 0xe3, 0x94, 0x07, 0xfe, 0x83, 0x27, 0x44, 0x52, 0x33, 0x87,
	0xed, 0x00, 0x93, 0x05, 0x10, 0x00, 0x23, 0x2e, 0xb7, 0x2c, 0x9b, 0x96, 0x47, 0x01,
	0xb7, 0x05, 0x00, 0x70, 0x93, 0x97, 0x07, 0x02, 0xb3, 0xf6, 0xb6, 0x00, 0x23, 0x2e,
	0xd7, 0x0c, 0xb3, 0x87, 0x97, 0x01, 0x37, 0xd7, 0x00, 0x00, 0xb3, 0x87, 0xe7, 0x00,
	0x83, 0xa7, 0x07, 0x83, 0x93, 0xf7, 0xf7, 0x00, 0x13, 0x87, 0xc7, 0x05, 0x13, 0x17,
	0x27, 0x00, 0x33, 0x07, 0xe4, 0x00, 0x03, 0x27, 0x07, 0x37, 0x1b, 0x57, 0xf7, 0x01,
	0x63, 0x0a, 0x07, 0x00, 0x93, 0x87, 0xc7, 0x04, 0x93, 0x97, 0x27, 0x00, 0xb3, 0x07,
	0xf4, 0x00, 0x03, 0xd7, 0x07, 0x37, 0xb7, 0xc7, 0x00, 0x00, 0xb3, 0x87, 0xfd, 0x00,
	0x23, 0xa4, 0xe7, 0x0e, 0x37, 0x07, 0x00, 0x04, 0x23, 0xaa, 0xe7, 0x2c, 0x83, 0x37,
	0x04, 0x53, 0x37, 0xd8, 0x00, 0x00, 0x93, 0x97, 0x07, 0x02, 0xb3, 0x87, 0x97, 0x01,
	0xb3, 0x87, 0x07, 0x01, 0x03, 0xa5, 0x47, 0x82, 0x83, 0xa6, 0x87, 0x82, 0x03, 0xa7,
	0xc7, 0x8a, 0x1b, 0x05, 0x05, 0x00, 0x9b, 0x86, 0x06, 0x00, 0x1b, 0x57, 0x87, 0x01,
	0x13, 0x77, 0x37, 0x00, 0x23, 0x30, 0xe2, 0x12, 0x13, 0x17, 0x77, 0x00, 0x23, 0x3c,
	0xe2, 0x0c, 0x13, 0x07, 0x00, 0x00, 0x23, 0x30, 0xe2, 0x12, 0x13, 0x97, 0x06, 0x02,
	0x93, 0x16, 0x05, 0x02, 0x93, 0xd6, 0x06, 0x02, 0x33, 0x67, 0xd7, 0x00, 0x23, 0x24,
	0x07, 0x20, 0x13, 0x05, 0x10, 0x00, 0x23, 0x3c, 0xa2, 0x12, 0x37, 0x27, 0x00, 0x00,
	0x23, 0xa6, 0xe7, 0x8a, 0x83, 0xa7, 0xc7, 0x8a, 0x63, 0x82, 0x07, 0x00, 0x83, 0x37,
	0x04, 0x53, 0x93, 0x94, 0x04, 0x02, 0x93, 0xd4, 0x04, 0x02, 0x93, 0x97, 0x07, 0x02,
	0xb3, 0x87, 0x97, 0x01, 0xb3, 0x87, 0x07, 0x01, 0x23, 0xa6, 0x07, 0x82, 0x23, 0xa2,
	0x07, 0x88, 0x23, 0xa0, 0x07, 0x92, 0x23, 0x3c, 0x92, 0x5a, 0xb7, 0x37, 0x03, 0x00,
	0x33, 0x87, 0xfd, 0x00, 0x03, 0x27, 0x07, 0x80, 0x13, 0x77, 0x17, 0x00, 0x63, 0x0c,
	0x07, 0x08, 0x93, 0x06, 0x00, 0x01, 0x13, 0x15, 0x65, 0x02, 0x37, 0x17, 0x01, 0x00,
	0x1b, 0x07, 0x17, 0x80, 0x13, 0x17, 0x07, 0x02, 0xb3, 0x05, 0xf7, 0x00, 0x23, 0xa2,
	0xd5, 0x80, 0x33, 0x07, 0xa7, 0x00, 0x23, 0xa8, 0xd5, 0xaa, 0x33, 0x07, 0xf7, 0x00,
	0x23, 0x22, 0xd7, 0x80, 0x37, 0xa5, 0x02, 0x00, 0x23, 0x28, 0xd7, 0xaa, 0xb3, 0x85,
	0xfd, 0x00, 0x13, 0x07, 0x70, 0x0c, 0xb3, 0x88, 0xad, 0x00, 0x83, 0xa7, 0x05, 0x8f,
	0x03, 0xa3, 0x45, 0x8f, 0x1b, 0x88, 0x07, 0x00, 0x1b, 0x03, 0x03, 0x00, 0xf3, 0x26,
	0x00, 0xb0, 0x13, 0x00, 0x00, 0x00, 0xf3, 0x27, 0x00, 0xb0, 0xb3, 0x87, 0xd7, 0x40,
	0xe3, 0x7a, 0xf7, 0xfe, 0x23, 0xa2, 0x08, 0x40, 0xb3, 0x77, 0x68, 0x00, 0xe3, 0x8a,
	0x07, 0xfc, 0x33, 0x85, 0xad, 0x00, 0x03, 0x27, 0xc5, 0x00, 0xb7, 0xf6, 0x00, 0x00,
	0x33, 0x67, 0xd7, 0x00, 0x23, 0x26, 0xe5, 0x00, 0x37, 0x37, 0x03, 0x00, 0xb3, 0x87,
	0xed, 0x00, 0x23, 0xa8, 0x07, 0x8e, 0x23, 0xaa, 0x07, 0x8e, 0xb7, 0x25, 0x03, 0x00,
	0xb3, 0x87, 0xbd, 0x00, 0x83, 0xa7, 0xc7, 0x40, 0x93, 0xf7, 0x17, 0x00, 0x63, 0x88,
	0x07, 0x0a, 0x13, 0x07, 0x10, 0x00, 0x13, 0x17, 0x67, 0x02, 0xb7, 0x06, 0x00, 0x01,
	0xb7, 0x17, 0x01, 0x00, 0x9b, 0x87, 0x17, 0x80, 0x93, 0x97, 0x07, 0x02, 0x33, 0x85,
	0xb7, 0x00, 0xb3, 0x87, 0xe7, 0x00, 0xb3, 0x87, 0xb7, 0x00, 0x23, 0x2e, 0xd5, 0x40,
	0x23, 0xae, 0xd7, 0x40, 0xb7, 0xa7, 0x02, 0x00, 0xb3, 0x85, 0xbd, 0x00, 0x13, 0x07,
	0x70, 0x0c, 0x33, 0x88, 0xfd, 0x00, 0x83, 0xa7, 0x05, 0x47, 0x03, 0xae, 0x45, 0x47,
	0x03, 0xa3, 0x85, 0x47, 0x83, 0xa8, 0xc5, 0x47, 0x1b, 0x85, 0x07, 0x00, 0x1b, 0x0e,
	0x0e, 0x00, 0x1b, 0x03, 0x03, 0x00, 0x9b, 0x88, 0x08, 0x00, 0xf3, 0x26, 0x00, 0xb0,
	0x13, 0x00, 0x00, 0x00, 0xf3, 0x27, 0x00, 0xb0, 0xb3, 0x87, 0xd7, 0x40, 0xe3, 0x7a,
	0xf7, 0xfe, 0xb3, 0x77, 0xc5, 0x01, 0xb3, 0xf7, 0x67, 0x00, 0x23, 0x22, 0x08, 0x40,
	0xb3, 0xf7, 0x17, 0x01, 0xe3, 0x8e, 0x07, 0xfa, 0xb7, 0x27, 0x03, 0x00, 0xb3, 0x87,
	0xfd, 0x00, 0x03, 0xa7, 0x07, 0x41, 0xb7, 0x06, 0x00, 0x3c, 0x33, 0x67, 0xd7, 0x00,
	0x23, 0xa8, 0xe7, 0x40, 0x23, 0xa8, 0x07, 0x46, 0x23, 0xaa, 0x07, 0x46, 0x23, 0xac,
	0x07, 0x46, 0x23, 0xae, 0x07, 0x46, 0x83, 0x37, 0x04, 0x53, 0x37, 0xd7, 0x00, 0x00,
	0x03, 0x23, 0x84, 0x38, 0x93, 0x97, 0x07, 0x02, 0xb3, 0x87, 0x97, 0x01, 0xb3, 0x87,
	0xe7, 0x00, 0x83, 0xa5, 0x47, 0x8b, 0x83, 0xa7, 0x47, 0x8b, 0x13, 0x07, 0x02, 0x00,
	0x9b, 0xd5, 0x05, 0x01, 0x93, 0xf5, 0x35, 0x00, 0x9b, 0x86, 0x07, 0x00, 0x03, 0x6e,
	0x82, 0x30, 0xb7, 0xc8, 0x01, 0x00, 0xb7, 0x4e, 0x00, 0x00, 0x93, 0x88, 0x08, 0x33,
	0x37, 0x08, 0x10, 0x00, 0x37, 0x05, 0x00, 0x01, 0x6f, 0x00, 0x00, 0x01, 0x3b, 0x06,
	0xc8, 0x00, 0x1b, 0x53, 0x13, 0x00, 0x63, 0x0a, 0xa6, 0x04, 0x93, 0x77, 0x13, 0x00,
	0xe3, 0x88, 0x07, 0xfe, 0xb3, 0x67, 0xd6, 0x01, 0x93, 0x97, 0x07, 0x02, 0x93, 0xd7,
	0x07, 0x02, 0x23, 0x2c, 0xf7, 0x08, 0x83, 0x67, 0x87, 0x02, 0x63, 0x82, 0x07, 0x00,
	0x23, 0x38, 0x17, 0x51, 0x83, 0x37, 0x87, 0x4b, 0x9b, 0x87, 0x07, 0x00, 0xe3, 0x9c,
	0x07, 0xfe, 0x6f, 0xf0, 0x5f, 0xfc, 0x33, 0x77, 0xe7, 0x01, 0x13, 0x06, 0x46, 0x00,
	0x93, 0x86, 0x08, 0x00, 0x23, 0x20, 0xe6, 0x00, 0x6f, 0xf0, 0x5f, 0xaf, 0x13, 0x07,
	0x00, 0x00, 0x6f, 0xf0, 0xdf, 0xb0, 0x23, 0x2c, 0xc2, 0x09, 0x83, 0x67, 0x82, 0x02,
	0x63, 0x82, 0x07, 0x00, 0x93, 0xf7, 0x06, 0x03, 0xb3, 0xe7, 0xb7, 0x00, 0xe3, 0x90,
	0x07, 0x60, 0x83, 0x37, 0x04, 0x53, 0x37, 0xd7, 0x00, 0x00, 0x93, 0x85, 0x0c, 0x00,
	0x93, 0x97, 0x07, 0x02, 0xb3, 0x87, 0x97, 0x01, 0xb3, 0x87, 0xe7, 0x00, 0x37, 0x07,
	0x00, 0x80, 0x23, 0xa8, 0xe7, 0x8a, 0x37, 0xd6, 0x00, 0x00, 0x13, 0x07, 0x70, 0x0c,
	0xf3, 0x26, 0x00, 0xb0, 0x13, 0x00, 0x00, 0x00, 0xf3, 0x27, 0x00, 0xb0, 0xb3, 0x87,
	0xd7, 0x40, 0xe3, 0x7a, 0xf7, 0xfe, 0x83, 0x37, 0x04, 0x53, 0x93, 0x97, 0x07, 0x02,
	0xb3, 0x86, 0xb7, 0x00, 0xb3, 0x86, 0xc6, 0x00, 0x83, 0xa6, 0x46, 0x8b, 0x93, 0xf6,
	0xf6, 0x00, 0xe3, 0x9a, 0x06, 0xfc, 0xb3, 0x87, 0x97, 0x01, 0xb3, 0x87, 0xc7, 0x00,
	0x23, 0xa8, 0x07, 0x8a, 0x6f, 0xb0, 0x4f, 0x9a, 0x33, 0x05, 0xa7, 0x00, 0x23, 0x20,
	0x75, 0x01, 0x6f, 0xa0, 0x5f, 0x95, 0x93, 0x05, 0xd0, 0x50, 0x63, 0xe4, 0xd5, 0x00,
	0x6f, 0xb0, 0x9f, 0xf2, 0x03, 0xe5, 0x87, 0x30, 0x83, 0xb6, 0x07, 0x07, 0xb7, 0x35,
	0x00, 0x00, 0x93, 0x85, 0x15, 0x80, 0xb3, 0xe6, 0xb6, 0x00, 0x23, 0xac, 0xd7, 0x08,
	0x83, 0xe6, 0x87, 0x02, 0x63, 0x82, 0x06, 0x00, 0x83, 0x66, 0x44, 0x16, 0x83, 0x25,
	0xc4, 0x16, 0x93, 0x96, 0x26, 0x00, 0xb3, 0x06, 0xd7, 0x00, 0x23, 0xa0, 0xb6, 0x00,
	0x23, 0xac, 0xa7, 0x08, 0x83, 0xe6, 0x87, 0x02, 0x63, 0x82, 0x06, 0x00, 0x03, 0x65,
	0x84, 0x16, 0x6f, 0xa0, 0x9f, 0xa1, 0x9b, 0x55, 0xd8, 0x01, 0x93, 0x06, 0x50, 0x00,
	0x23, 0xbc, 0xd7, 0x18, 0x13, 0x05, 0x02, 0x00, 0x83, 0x36, 0x85, 0x04, 0x93, 0xf6,
	0x06, 0x02, 0xe3, 0x8c, 0x06, 0xfe, 0x83, 0xe8, 0x87, 0x30, 0x83, 0xb6, 0x07, 0x07,
	0x37, 0x35, 0x00, 0x00, 0x13, 0x05, 0x15, 0x80, 0xb3, 0xe6, 0xa6, 0x00, 0x23, 0xac,
	0xd7, 0x08, 0x83, 0xe6, 0x87, 0x02, 0x63, 0x82, 0x06, 0x00, 0x37, 0xa8, 0x00, 0x00,
	0x33, 0x07, 0x07, 0x01, 0x13, 0x03, 0xf0, 0xff, 0x23, 0x2a, 0x67, 0x50, 0x13, 0x05,
	0xf0, 0x01, 0x23, 0x2c, 0xa7, 0x50, 0x23, 0x2a, 0x67, 0x50, 0x23, 0x2c, 0xa7, 0x50,
	0x03, 0x25, 0x87, 0x47, 0x83, 0x26, 0xc7, 0x47, 0x9b, 0x95, 0x05, 0x01, 0x13, 0x15,
	0x05, 0x02, 0x13, 0x55, 0x05, 0x02, 0x93, 0x96, 0x06, 0x02, 0xb3, 0xe6, 0xa6, 0x00,
	0x37, 0xf5, 0xff, 0x01, 0x13, 0x15, 0x75, 0x00, 0xb3, 0xf6, 0xa6, 0x00, 0xb3, 0xe6,
	0xb6, 0x00, 0x93, 0x05, 0x10, 0x00, 0xbb, 0x95, 0xc5, 0x00, 0xb3, 0xe6, 0xb6, 0x00,
	0x9b, 0x86, 0x06, 0x00, 0x23, 0x2c, 0xd7, 0x46, 0x03, 0x27, 0x87, 0x47, 0x93, 0x05,
	0x10, 0x00, 0xb3, 0x95, 0xc5, 0x00, 0xb3, 0x86, 0x0d, 0x01, 0x03, 0xa6, 0x06, 0x4c,
	0x03, 0xa7, 0x46, 0x4c, 0x13, 0x16, 0x06, 0x02, 0x13, 0x56, 0x06, 0x02, 0x13, 0x17,
	0x07, 0x02, 0x33, 0x67, 0xc7, 0x00, 0x33, 0x77, 0xb7, 0x00, 0xe3, 0x02, 0x07, 0xfe,
	0x13, 0x07, 0x50, 0x00, 0x23, 0xb0, 0xe7, 0x1a, 0x6f, 0xe0, 0x1f, 0xb2, 0x23, 0xb0,
	0xc7, 0x12, 0x37, 0x06, 0x00, 0x40, 0x23, 0x30, 0xc3, 0x01, 0x63, 0x94, 0xc5, 0x00,
	0x6f, 0xa0, 0x5f, 0x81, 0x13, 0x05, 0x02, 0x00, 0x03, 0x36, 0x05, 0x09, 0x1b, 0x06,
	0x06, 0x00, 0xe3, 0x1c, 0x06, 0xfe, 0x37, 0x06, 0x00, 0x80, 0x63, 0x94, 0xc5, 0x00,
	0x6f, 0xa0, 0x8f, 0xff, 0x37, 0xc8, 0x00, 0x00, 0x93, 0x05, 0x70, 0x0c, 0xb3, 0x88,
	0x0d, 0x01, 0x73, 0x25, 0x00, 0xb0, 0x13, 0x00, 0x00, 0x00, 0x73, 0x26, 0x00, 0xb0,
	0x33, 0x06, 0xa6, 0x40, 0xe3, 0xfa, 0xc5, 0xfe, 0x03, 0xa6, 0x48, 0x2d, 0xe3, 0x14,
	0x06, 0xfe, 0x6f, 0xe0, 0x0f, 0xa3, 0x83, 0xa5, 0xc9, 0x8a, 0x37, 0x33, 0x00, 0x00,
	0x23, 0xa6, 0x69, 0x8a, 0x9b, 0x85, 0x05, 0x00, 0x03, 0xa5, 0xc9, 0x8a, 0x63, 0x02,
	0x05, 0x00, 0x9b, 0xd5, 0x85, 0x01, 0x93, 0xf5, 0x35, 0x00, 0x23, 0xb0, 0xb7, 0x12,
	0x93, 0x95, 0x75, 0x00, 0x23, 0xbc, 0xb7, 0x0c, 0x03, 0x2e, 0x84, 0x11, 0x03, 0x28,
	0x44, 0x11, 0x03, 0x25, 0x04, 0x11, 0x9b, 0x1e, 0x1e, 0x00, 0xbb, 0x8e, 0x0e, 0x01,
	0x9b, 0x95, 0x3e, 0x00, 0xbb, 0x85, 0xd5, 0x41, 0x1b, 0x1e, 0x0e, 0x01, 0x1b, 0x15,
	0x85, 0x00, 0x9b, 0x95, 0x25, 0x00, 0x33, 0x65, 0xc5, 0x01, 0x1b, 0x18, 0xd8, 0x00,
	0x93, 0x95, 0x05, 0x02, 0x33, 0x65, 0x05, 0x01, 0x93, 0xd5, 0x05, 0x02, 0x37, 0x08,
	0x00, 0x30, 0x33, 0x65, 0x05, 0x01, 0x93, 0x85, 0x05, 0x47, 0xb3, 0x85, 0x15, 0x01,
	0x1b, 0x05, 0x05, 0x00, 0x03, 0x2e, 0x44, 0x12, 0x83, 0x3e, 0x84, 0x12, 0x83, 0x38,
	0x04, 0x13, 0x23, 0xb0, 0xc7, 0x12, 0x37, 0xa6, 0x05, 0xc0, 0x13, 0x06, 0x06, 0x20,
	0x23, 0xa0, 0xc5, 0x00, 0x23, 0xa2, 0xa5, 0x00, 0x23, 0xa4, 0xc5, 0x01, 0x23, 0xa6,
	0xd5, 0x01, 0x93, 0xd2, 0x0e, 0x02, 0x23, 0xa8, 0x55, 0x00, 0x23, 0xaa, 0x15, 0x01,
	0x13, 0xd6, 0x08, 0x02, 0x23, 0xac, 0xc5, 0x00, 0x83, 0x65, 0x44, 0x52, 0x93, 0x95,
	0x05, 0x02, 0xb3, 0x86, 0xd5, 0x00, 0xb3, 0x86, 0xe6, 0x01, 0xb7, 0x25, 0x00, 0x00,
	0x23, 0xa6, 0xb6, 0x8a, 0x83, 0xa6, 0xc6, 0x8a, 0x63, 0x82, 0x06, 0x00, 0x03, 0x25,
	0x44, 0x11, 0x83, 0x26, 0x84, 0x11, 0x1b, 0x15, 0x85, 0x00, 0x9b, 0x96, 0x66, 0x00,
	0x33, 0x65, 0xd5, 0x00, 0xb7, 0x26, 0x00, 0x00, 0x9b, 0x86, 0x16, 0x10, 0x93, 0x96,
	0x36, 0x02, 0x13, 0x15, 0x05, 0x02, 0x33, 0x65, 0xd5, 0x00, 0x03, 0x28, 0x44, 0x52,
	0xb7, 0x26, 0x00, 0x00, 0x9b, 0x86, 0x16, 0x10, 0x93, 0x96, 0x36, 0x02, 0x13, 0x18,
	0x08, 0x02, 0x33, 0x68, 0xd8, 0x00, 0xb7, 0xc6, 0x00, 0x00, 0xb3, 0x06, 0xd5, 0x00,
	0x9b, 0x85, 0x0e, 0x00, 0x23, 0xac, 0xb6, 0x36, 0x9b, 0x85, 0x02, 0x00, 0x23, 0xae,
	0xb6, 0x36, 0x9b, 0x85, 0x08, 0x00, 0x23, 0xa6, 0xb6, 0x3a, 0x1b, 0x06, 0x06, 0x00,
	0x23, 0xa8, 0xc6, 0x3a, 0xb7, 0x06, 0x00, 0x40, 0x13, 0x86, 0x0e, 0x20, 0x33, 0x6e,
	0xde, 0x00, 0xb7, 0xc6, 0xad, 0xde, 0x93, 0x86, 0xf6, 0xee, 0x93, 0x9f, 0x0f, 0x03,
	0x23, 0xac, 0xdf, 0x10, 0xb7, 0x26, 0x03, 0x00, 0xb3, 0x06, 0xd7, 0x00, 0x23, 0xa2,
	0x06, 0x04, 0x33, 0x0f, 0xe8, 0x01, 0x23, 0x26, 0x6f, 0x8a, 0x83, 0x26, 0xcf, 0x8a,
	0x93, 0x05, 0x02, 0x00, 0x83, 0xb6, 0x05, 0x03, 0xe3, 0x9e, 0x06, 0xfe, 0x93, 0x06,
	0x10, 0x00, 0x23, 0xb8, 0xd7, 0x0c, 0xb7, 0x06, 0x03, 0x00, 0xb3, 0x06, 0xd7, 0x00,
	0x1b, 0x03, 0x06, 0x00, 0x23, 0xa0, 0x66, 0x20, 0x13, 0x56, 0x06, 0x42, 0xb7, 0x25,
	0x03, 0x00, 0x23, 0xa2, 0xc6, 0x20, 0x93, 0x85, 0x85, 0x04, 0x23, 0xa4, 0xb6, 0x20,
	0x23, 0xa6, 0x06, 0x20, 0xb7, 0x25, 0x00, 0x62, 0x23, 0xa0, 0xb6, 0x1e, 0x83, 0xb5,
	0x07, 0x4b, 0x9b, 0x8e, 0x05, 0x00, 0x23, 0xa8, 0xd6, 0x27, 0x93, 0xd5, 0x05, 0x42,
	0x23, 0xaa, 0xb6, 0x26, 0xb7, 0x05, 0x00, 0x68, 0x93, 0x85, 0xc5, 0x08, 0x23, 0xa8,
	0xb6, 0x20, 0x93, 0x05, 0x02, 0x00, 0x83, 0xb6, 0x05, 0x03, 0xe3, 0x9e, 0x06, 0xfe,
	0x93, 0x06, 0x10, 0x00, 0x23, 0xb8, 0xd7, 0x0c, 0xb7, 0x06, 0x03, 0x00, 0xb3, 0x06,
	0xd7, 0x00, 0x23, 0xa0, 0x66, 0x20, 0x23, 0xa2, 0xc6, 0x20, 0x37, 0x26, 0x03, 0x00,
	0x13, 0x06, 0x86, 0x04, 0x23, 0xa4, 0xc6, 0x20, 0x23, 0xa6, 0x06, 0x20, 0x37, 0x26,
	0x00, 0x62, 0x23, 0xa0, 0xc6, 0x1e, 0x03, 0xb6, 0x07, 0x4b, 0x9b, 0x05, 0x06, 0x00,
	0x23, 0xa8, 0xb6, 0x26, 0x13, 0x56, 0x06, 0x42, 0x23, 0xaa, 0xc6, 0x26, 0x37, 0x06,
	0x00, 0x68, 0x13, 0x06, 0x46, 0x00, 0x13, 0x0f, 0x30, 0x00, 0xb7, 0xce, 0xad, 0xde,
	0x23, 0xa8, 0xc6, 0x20, 0x13, 0x1f, 0x0f, 0x03, 0x93, 0x05, 0xd0, 0x01, 0x93, 0x8e,
	0xfe, 0xee, 0x03, 0x23, 0x8f, 0x11, 0x1b, 0x03, 0x03, 0x00, 0x73, 0x26, 0x00, 0xb0,
	0x13, 0x00, 0x00, 0x00, 0xf3, 0x26, 0x00, 0xb0, 0xb3, 0x86, 0xc6, 0x40, 0xe3, 0xfa,
	0xd5, 0xfe, 0xe3, 0x02, 0xd3, 0xff, 0x93, 0x06, 0x00, 0x00, 0x23, 0xb8, 0xd7, 0x0c,
	0xb7, 0xd6, 0x00, 0x00, 0xb3, 0x06, 0xd8, 0x00, 0x37, 0x26, 0x00, 0x00, 0x23, 0xa6,
	0xc6, 0x8a, 0x13, 0x06, 0x30, 0x00, 0x13, 0x16, 0x06, 0x03, 0x83, 0xa6, 0xc6, 0x8a,
	0x83, 0x25, 0x86, 0x01, 0xb7, 0xc6, 0x00, 0x00, 0xb3, 0x06, 0xd5, 0x00, 0x9b, 0x85,
	0x05, 0x00, 0x23, 0xa2, 0xb6, 0x38, 0x83, 0x25, 0x06, 0x03, 0x9b, 0x85, 0x05, 0x00,
	0x23, 0xa8, 0xb6, 0x38, 0x83, 0x25, 0x86, 0x03, 0x9b, 0x85, 0x05, 0x00, 0x23, 0xaa,
	0xb6, 0x38, 0x83, 0x25, 0x06, 0x04, 0x9b, 0x85, 0x05, 0x00, 0x23, 0xac, 0xb6, 0x38,
	0x83, 0x25, 0x86, 0x04, 0x9b, 0x85, 0x05, 0x00, 0x23, 0xae, 0xb6, 0x38, 0x83, 0x25,
	0x86, 0x05, 0x9b, 0x85, 0x05, 0x00, 0x23, 0xa2, 0xb6, 0x3a, 0x83, 0x25, 0x06, 0x06,
	0x9b, 0x85, 0x05, 0x00, 0x23, 0xa4, 0xb6, 0x3a, 0x83, 0x25, 0x86, 0x07, 0x9b, 0x85,
	0x05, 0x00, 0x23, 0xaa, 0xb6, 0x3a, 0x83, 0x25, 0x06, 0x08, 0x9b, 0x85, 0x05, 0x00,
	0x23, 0xac, 0xb6, 0x3a, 0x83, 0x26, 0x86, 0x08, 0x9b, 0xd6, 0x66, 0x00, 0x93, 0xf6,
	0x16, 0x00, 0x63, 0x82, 0x06, 0x06, 0x13, 0x56, 0x05, 0x02, 0x13, 0x76, 0x06, 0x7f,
	0x37, 0x23, 0x03, 0x00, 0x33, 0x03, 0x67, 0x00, 0x9b, 0x55, 0x66, 0x00, 0x83, 0x26,
	0xc3, 0x14, 0x93, 0xf5, 0x35, 0x00, 0x1b, 0x56, 0x86, 0x00, 0x33, 0xe6, 0xc5, 0x00,
	0x93, 0x05, 0x10, 0x00, 0x3b, 0x96, 0xc5, 0x00, 0xb3, 0xe6, 0xc6, 0x00, 0x9b, 0x86,
	0x06, 0x00, 0x23, 0x26, 0xd3, 0x14, 0x13, 0x06, 0x10, 0x00, 0x23, 0xa8, 0xc7, 0x46,
	0x03, 0xe6, 0x87, 0x02, 0x63, 0x02, 0x06, 0x00, 0x37, 0xf6, 0x03, 0x00, 0x33, 0x06,
	0xc5, 0x00, 0x23, 0x2c, 0xd6, 0x04, 0x23, 0xb8, 0x07, 0x46, 0x83, 0xe6, 0x87, 0x02,
	0x63, 0x82, 0x06, 0x00, 0xb7, 0x36, 0x03, 0x00, 0x33, 0x07, 0xd7, 0x00, 0x03, 0x27,
	0x07, 0x80, 0x13, 0x06, 0x10, 0x00, 0x1b, 0x07, 0x07, 0x00, 0x23, 0xa8, 0xc7, 0x46,
	0x83, 0xe6, 0x87, 0x02, 0x63, 0x82, 0x06, 0x00, 0x93, 0x06, 0x30, 0x00, 0x93, 0x96,
	0x06, 0x03, 0x83, 0xa5, 0x86, 0x08, 0x1b, 0x17, 0x77, 0x00, 0x13, 0x77, 0xf7, 0x0f,
	0x33, 0x67, 0xb7, 0x00, 0xb7, 0xc5, 0x00, 0x00, 0xb3, 0x05, 0xb5, 0x00, 0x23, 0xae,
	0xe5, 0x3a, 0x23, 0xb8, 0x07, 0x46, 0x03, 0xe7, 0x87, 0x02, 0x63, 0x02, 0x07, 0x00,
	0x03, 0xa7, 0x06, 0x0a, 0x13, 0x03, 0x00, 0x00, 0x1b, 0x07, 0x07, 0x00, 0x23, 0xa0,
	0xe5, 0x3c, 0x03, 0xa7, 0x06, 0x0e, 0x1b, 0x07, 0x07, 0x00, 0x23, 0xa8, 0xe5, 0x3c,
	0x03, 0xa7, 0x86, 0x0e, 0x1b, 0x07, 0x07, 0x00, 0x23, 0xaa, 0xe5, 0x3c, 0x03, 0xa7,
	0x06, 0x10, 0x1b, 0x07, 0x07, 0x00, 0x23, 0xa0, 0xe5, 0x3e, 0x03, 0xa7, 0x86, 0x10,
	0x1b, 0x07, 0x07, 0x00, 0x23, 0xa2, 0xe5, 0x3e, 0x03, 0xa7, 0x06, 0x11, 0x1b, 0x07,
	0x07, 0x00, 0x23, 0xa4, 0xe5, 0x3e, 0x83, 0xa6, 0x86, 0x01, 0x23, 0xaa, 0xc5, 0x3b,
	0x9b, 0x86, 0x06, 0x00, 0x23, 0xb0, 0x67, 0x12, 0x23, 0xbc, 0x67, 0x0c, 0x03, 0xee,
	0x87, 0x30, 0x37, 0x07, 0xf0, 0x00, 0x9b, 0x96, 0x46, 0x01, 0xb3, 0xf6, 0xe6, 0x00,
	0x37, 0x47, 0x00, 0x00, 0xb3, 0xe6, 0xe6, 0x00, 0x93, 0x96, 0x06, 0x02, 0x93, 0xd6,
	0x06, 0x02, 0x23, 0xac, 0xd7, 0x08, 0x03, 0xe7, 0x87, 0x02, 0x63, 0x02, 0x07, 0x00,
	0x83, 0xe6, 0x08, 0x00, 0x03, 0xe7, 0x48, 0x00, 0x13, 0x17, 0x07, 0x02, 0x33, 0x67,
	0xd7, 0x00, 0x23, 0xac, 0xc7, 0x09, 0x83, 0xe6, 0x87, 0x02, 0x63, 0x82, 0x06, 0x00,
	0x9b, 0x06, 0x07, 0x00, 0x23, 0xa2, 0xd5, 0x3c, 0x13, 0x57, 0x07, 0x42, 0x23, 0xa4,
	0xe5, 0x3c, 0x37, 0xd7, 0x00, 0x00, 0x33, 0x07, 0xe8, 0x00, 0xb7, 0x36, 0x00, 0x00,
	0x23, 0x26, 0xd7, 0x8a, 0x03, 0x27, 0xc7, 0x8a, 0x03, 0xa7, 0x85, 0x3e, 0x1b, 0x57,
	0x87, 0x01, 0x13, 0x77, 0x37, 0x00, 0x23, 0xb0, 0xe7, 0x12, 0x13, 0x17, 0x77, 0x00,
	0x23, 0xbc, 0xe7, 0x0c, 0x03, 0xa7, 0xc5, 0x37, 0x83, 0xa6, 0x85, 0x37, 0x1b, 0x07,
	0x07, 0x00, 0x9b, 0x86, 0x06, 0x00, 0x23, 0xb0, 0x67, 0x12, 0x93, 0x17, 0x07, 0x02,
	0x13, 0x97, 0x06, 0x02, 0x13, 0x57, 0x07, 0x02, 0xb3, 0xe7, 0xe7, 0x00, 0x23, 0xa4,
	0xc7, 0x20, 0x13, 0x07, 0x02, 0x00, 0x83, 0x37, 0x07, 0x09, 0xe3, 0x9e, 0x07, 0xfe,
	0xb7, 0xd7, 0x00, 0x00, 0x33, 0x08, 0xf8, 0x00, 0xb7, 0x27, 0x00, 0x00, 0x23, 0x26,
	0xf8, 0x8a, 0xb7, 0xc7, 0x00, 0x00, 0x33, 0x05, 0xf5, 0x00, 0x83, 0x27, 0xc8, 0x8a,
	0x93, 0x07, 0x10, 0x00, 0x23, 0x20, 0xf5, 0x38, 0x6f, 0xa0, 0xcf, 0xac, 0x9b, 0x0e,
	0xe6, 0xff, 0x13, 0x86, 0x0e, 0x00, 0x23, 0x20, 0xd4, 0x11, 0x93, 0xf5, 0xf4, 0x0f,
	0xe3, 0x8e, 0x4e, 0x61, 0x13, 0x08, 0x80, 0x05, 0x3b, 0x08, 0xb8, 0x02, 0x37, 0x15,
	0x00, 0x00, 0x9b, 0x08, 0x05, 0x2e, 0x1b, 0x16, 0x36, 0x00, 0x3b, 0x0f, 0xb6, 0x00,
	0x1b, 0x03, 0x25, 0x2f, 0x9b, 0x0f, 0xb5, 0x30, 0x1b, 0x0e, 0x65, 0x31, 0x13, 0x05,
	0x70, 0x0c, 0x3b, 0x08, 0xd8, 0x01, 0xbb, 0x08, 0x18, 0x01, 0x13, 0x96, 0x08, 0x02,
	0x93, 0x58, 0xe6, 0x01, 0xb3, 0x08, 0x17, 0x01, 0x03, 0xa6, 0x08, 0x00, 0x3b, 0x03,
	0x68, 0x00, 0x93, 0x15, 0x03, 0x02, 0x13, 0xd3, 0xe5, 0x01, 0x13, 0x76, 0xe6, 0xff,
	0x23, 0xa0, 0xc8, 0x00, 0x33, 0x03, 0x67, 0x00, 0x23, 0x20, 0x03, 0x00, 0xbb, 0x0e,
	0xf8, 0x01, 0x83, 0x25, 0x44, 0x12, 0x93, 0x9f, 0x0e, 0x02, 0x3b, 0x0e, 0xc8, 0x01,
	0x13, 0xd6, 0xef, 0x01, 0x93, 0x1f, 0x0e, 0x02, 0x13, 0xde, 0xef, 0x01, 0x33, 0x06,
	0xc7, 0x00, 0x23, 0x20, 0xb6, 0x00, 0xb3, 0x05, 0xc7, 0x01, 0x03, 0xa6, 0x05, 0x00,
	0x33, 0x8e, 0xcd, 0x01, 0x13, 0x66, 0x16, 0x00, 0x23, 0xa0, 0xc5, 0x00, 0xf3, 0x25,
	0x00, 0xb0, 0x13, 0x00, 0x00, 0x00, 0x73, 0x26, 0x00, 0xb0, 0x33, 0x06, 0xb6, 0x40,
	0xe3, 0x7a, 0xc5, 0xfe, 0x83, 0x25, 0x0e, 0x00, 0x93, 0xf5, 0x15, 0x00, 0xe3, 0x92,
	0x05, 0xfe, 0x13, 0x1e, 0x0f, 0x02, 0x03, 0x35, 0x84, 0x12, 0x13, 0x56, 0xde, 0x01,
	0x33, 0x06, 0xc4, 0x00, 0x23, 0x38, 0xa6, 0x38, 0x03, 0x2f, 0x04, 0x11, 0x03, 0x66,
	0x44, 0x52, 0x37, 0xde, 0x00, 0x00, 0x13, 0x16, 0x06, 0x02, 0x33, 0x06, 0xd6, 0x00,
	0x33, 0x06, 0xc6, 0x01, 0x37, 0x3e, 0x00, 0x00, 0x23, 0x26, 0xc6, 0x8b, 0x03, 0x26,
	0xc6, 0x8a, 0x63, 0x02, 0x06, 0x00, 0x23, 0xb0, 0xb7, 0x12, 0x23, 0xbc, 0xb7, 0x0c,
	0x13, 0x84, 0x81, 0x82, 0x13, 0x06, 0x04, 0x00, 0x13, 0x8e, 0xc1, 0x8d, 0xb3, 0x05,
	0x85, 0x40, 0x33, 0x05, 0xb6, 0x00, 0x03, 0x25, 0x05, 0x00, 0x13, 0x06, 0x46, 0x00,
	0x23, 0x2e, 0xa6, 0xfe, 0xe3, 0x18, 0xc6, 0xff, 0x13, 0x06, 0x02, 0x00, 0x83, 0x35,
	0x06, 0x09, 0xe3, 0x9e, 0x05, 0xfe, 0x83, 0x25, 0x04, 0x00, 0x37, 0x05, 0x00, 0xf1,
	0x13, 0x05, 0xf5, 0xff, 0xb3, 0xf5, 0xa5, 0x00, 0x1b, 0x16, 0x8f, 0x01, 0x3b, 0x06,
	0xb6, 0x00, 0x23, 0xa0, 0xc8, 0x00, 0x37, 0x16, 0x00, 0x00, 0x1b, 0x06, 0x16, 0x2e,
	0x3b, 0x06, 0xc8, 0x00, 0x93, 0x8f, 0x01, 0x84, 0x93, 0x05, 0x04, 0x00, 0x13, 0x8f,
	0x0d, 0x00, 0x83, 0xa2, 0x45, 0x00, 0x93, 0x13, 0x06, 0x02, 0x13, 0xd5, 0xe3, 0x01,
	0x33, 0x05, 0xaf, 0x00, 0x23, 0x20, 0x55, 0x00, 0x93, 0x85, 0x45, 0x00, 0x1b, 0x06,
	0x16, 0x00, 0xe3, 0x92, 0xbf, 0xfe, 0x37, 0x16, 0x00, 0x00, 0x1b, 0x06, 0x86, 0x2e,
	0x3b, 0x06, 0xc8, 0x00, 0x93, 0x85, 0x41, 0x84, 0x93, 0x82, 0x01, 0x87, 0x93, 0x8f,
	0x0d, 0x00, 0x03, 0xaf, 0x05, 0x00, 0x93, 0x13, 0x06, 0x02, 0x13, 0xd5, 0xe3, 0x01,
	0x33, 0x85, 0xaf, 0x00, 0x23, 0x20, 0xe5, 0x01, 0x93, 0x85, 0x45, 0x00, 0x1b, 0x06,
	0x16, 0x00, 0xe3, 0x92, 0xb2, 0xfe, 0x37, 0x16, 0x00, 0x00, 0x1b, 0x06, 0x96, 0x30,
	0x3b, 0x06, 0xc8, 0x00, 0x83, 0x25, 0x84, 0x04, 0x13, 0x15, 0x06, 0x02, 0x13, 0x56,
	0xe5, 0x01, 0x33, 0x06, 0xc7, 0x00, 0x23, 0x20, 0xb6, 0x00, 0x93, 0x82, 0x41, 0x8a,
	0x13, 0x86, 0x41, 0x87, 0x13, 0x8f, 0x0d, 0x00, 0x03, 0x25, 0x06, 0x00, 0x93, 0x9f,
	0x0e, 0x02, 0x93, 0xd5, 0xef, 0x01, 0xb3, 0x05, 0xbf, 0x00, 0x23, 0xa0, 0xa5, 0x00,
	0x13, 0x06, 0x46, 0x00, 0x9b, 0x8e, 0x1e, 0x00, 0xe3, 0x92, 0xc2, 0xfe, 0xb7, 0x15,
	0x00, 0x00, 0x9b, 0x85, 0x05, 0x32, 0xbb, 0x05, 0xb8, 0x00, 0x13, 0x86, 0x41, 0x8a,
	0x13, 0x8f, 0x0d, 0x00, 0x83, 0x2e, 0x06, 0x00, 0x93, 0x9f, 0x05, 0x02, 0x13, 0xd5,
	0xef, 0x01, 0x33, 0x05, 0xaf, 0x00, 0x23, 0x20, 0xd5, 0x01, 0x13, 0x06, 0x46, 0x00,
	0x9b, 0x85, 0x15, 0x00, 0xe3, 0x12, 0xce, 0xfe, 0x03, 0x66, 0x44, 0x52, 0x37, 0xde,
	0x00, 0x00, 0xb7, 0x25, 0x00, 0x00, 0x13, 0x16, 0x06, 0x02, 0x33, 0x06, 0xd6, 0x00,
	0x33, 0x06, 0xc6, 0x01, 0x23, 0x26, 0xb6, 0x8a, 0x03, 0x26, 0xc6, 0x8a, 0x63, 0x02,
	0x06, 0x00, 0x37, 0x16, 0x00, 0x00, 0x1b, 0x05, 0x36, 0x31, 0x83, 0x35, 0x04, 0x13,
	0x3b, 0x05, 0xa8, 0x00, 0x1b, 0x06, 0x26, 0x31, 0x3b, 0x06, 0xc8, 0x00, 0x93, 0x1e,
	0x05, 0x02, 0x13, 0xd5, 0xee, 0x01, 0x13, 0x1f, 0x06, 0x02, 0x33, 0x05, 0xa7, 0x00,
	0x9b, 0x8e, 0x05, 0x00, 0x13, 0x56, 0xef, 0x01, 0x23, 0x20, 0xd5, 0x01, 0x33, 0x06,
	0xc7, 0x00, 0x13, 0xd5, 0x05, 0x42, 0x23, 0x20, 0xa6, 0x00, 0x37, 0x06, 0x00, 0x10,
	0x23, 0x20, 0xc3, 0x00, 0x03, 0x66, 0x44, 0x52, 0x13, 0x05, 0x00, 0x00, 0x13, 0x16,
	0x06, 0x02, 0xb3, 0x06, 0xd6, 0x00, 0xb3, 0x86, 0xc6, 0x01, 0x83, 0xa6, 0x86, 0x86,
	0x23, 0xb0, 0xa7, 0x12, 0x23, 0xbc, 0xa7, 0x0c, 0x03, 0xb6, 0x87, 0x02, 0x83, 0x26,
	0x04, 0x11, 0x37, 0x05, 0xf0, 0x00, 0x13, 0x56, 0x66, 0x02, 0x9b, 0x96, 0x46, 0x01,
	0xb3, 0xf6, 0xa6, 0x00, 0x37, 0x45, 0x00, 0x00, 0xb3, 0xe6, 0xa6, 0x00, 0x93, 0x96,
	0x06, 0x02, 0x93, 0xd6, 0x06, 0x02, 0x23, 0xac, 0xd7, 0x08, 0x83, 0xe6, 0x87, 0x02,
	0x63, 0x82, 0x06, 0x00, 0x83, 0xe6, 0x87, 0x02, 0x63, 0x82, 0x06, 0x00, 0x03, 0xe5,
	0x05, 0x00, 0x83, 0xe6, 0x45, 0x00, 0x93, 0x96, 0x06, 0x02, 0xb3, 0xe6, 0xa6, 0x00,
	0x13, 0x05, 0x02, 0x00, 0x83, 0x35, 0x05, 0x09, 0xe3, 0x9e, 0x05, 0xfe, 0xb7, 0x05,
	0xf0, 0x00, 0x1b, 0x16, 0x46, 0x01, 0x33, 0x76, 0xb6, 0x00, 0x13, 0x66, 0x86, 0x00,
	0x13, 0x16, 0x06, 0x02, 0x13, 0x56, 0x06, 0x02, 0x23, 0xac, 0xc7, 0x08, 0x03, 0xe6,
	0x87, 0x02, 0x63, 0x02, 0x06, 0x00, 0x83, 0xe7, 0x87, 0x02, 0x63, 0x82, 0x07, 0x00,
	0xb7, 0x17, 0x00, 0x00, 0x1b, 0x86, 0x57, 0x2e, 0x3b, 0x06, 0xc8, 0x00, 0x93, 0x15,
	0x06, 0x02, 0x9b, 0x87, 0x67, 0x2e, 0x13, 0xd6, 0xe5, 0x01, 0xbb, 0x07, 0xf8, 0x00,
	0x9b, 0x85, 0x06, 0x00, 0x33, 0x06, 0xc7, 0x00, 0x13, 0x95, 0x07, 0x02, 0x93, 0x57,
	0xe5, 0x01, 0x23, 0x20, 0xb6, 0x00, 0x93, 0xd6, 0x06, 0x42, 0x6f, 0xd0, 0x9f, 0xdb,
	0x93, 0x04, 0x10, 0x00, 0x6f, 0xb0, 0xdf, 0xf8, 0x6f, 0xa0, 0x4f, 0xf7, 0x23, 0x22,
	0xe5, 0x89, 0xf3, 0x25, 0x00, 0xb0, 0x13, 0x00, 0x00, 0x00, 0x73, 0x26, 0x00, 0xb0,
	0x33, 0x06, 0xb6, 0x40, 0xe3, 0x7a, 0xce, 0xfe, 0x03, 0x26, 0xc5, 0x82, 0xe3, 0x14,
	0x06, 0xfe, 0x6f, 0xc0, 0x9f, 0x9c, 0x83, 0x66, 0x84, 0x16, 0x83, 0x67, 0x44, 0x16,
	0x93, 0x05, 0x00, 0x00, 0x93, 0x96, 0x06, 0x02, 0xb3, 0xe6, 0xf6, 0x00, 0x6f, 0xb0,
	0xdf, 0x98, 0x83, 0x26, 0x44, 0x16, 0xb7, 0x17, 0x03, 0x00, 0xb3, 0x07, 0xf7, 0x00,
	0x9b, 0xd6, 0x26, 0x00, 0x23, 0xa0, 0xd7, 0x00, 0x83, 0xa5, 0x47, 0x00, 0x63, 0x86,
	0x08, 0x02, 0x03, 0xa6, 0x47, 0x00, 0x93, 0x96, 0x05, 0x02, 0x93, 0xd6, 0x06, 0x02,
	0x93, 0x17, 0x06, 0x02, 0x9b, 0x85, 0x05, 0x00, 0x1b, 0x06, 0x06, 0x00, 0xb3, 0xe6,
	0xf6, 0x00, 0x6f, 0xb0, 0x1f, 0x82, 0xb3, 0x06, 0xd7, 0x00, 0x83, 0xa5, 0x06, 0x00,
	0x9b, 0x85, 0x05, 0x00, 0x93, 0x07, 0x30, 0x00, 0x63, 0x04, 0xf8, 0x4e, 0x13, 0x76,
	0xc3, 0x00, 0x63, 0x10, 0x06, 0x02, 0x63, 0x04, 0x08, 0x00, 0x6f, 0xb0, 0x9f, 0x81,
	0x83, 0x67, 0xc4, 0x16, 0x93, 0x97, 0x27, 0x00, 0xb3, 0x07, 0xf7, 0x00, 0x23, 0xa0,
	0xb7, 0x00, 0x6f, 0xb0, 0xdf, 0x96, 0x93, 0x07, 0x40, 0x00, 0x63, 0x14, 0xf8, 0x00,
	0x6f, 0xe0, 0xdf, 0xd5, 0x93, 0x07, 0x50, 0x00, 0x63, 0x04, 0xf8, 0x00, 0x6f, 0x90,
	0x9f, 0xe6, 0x83, 0x67, 0x04, 0x17, 0x03, 0x67, 0xc4, 0x16, 0x93, 0x97, 0x07, 0x02,
	0xb3, 0xe7, 0xe7, 0x00, 0x23, 0xa0, 0xb7, 0x00, 0x6f, 0xd0, 0x4f, 0xc4, 0x93, 0x0f,
	0x00, 0x00, 0x93, 0x82, 0x0c, 0x00, 0x37, 0xdf, 0x00, 0x00, 0xb7, 0x00, 0x00, 0x40,
	0x93, 0x8e, 0xce, 0xff, 0x13, 0x0e, 0x00, 0x40, 0x93, 0x03, 0x00, 0x10, 0x13, 0x06,
	0x00, 0x00, 0x33, 0xe3, 0xcf, 0x00, 0x13, 0x63, 0x03, 0x01, 0x93, 0x15, 0x03, 0x02,
	0x33, 0x85, 0x55, 0x00, 0x33, 0x05, 0xe5, 0x01, 0x03, 0x28, 0xc5, 0x82, 0x13, 0x78,
	0x18, 0x00, 0x63, 0x00, 0x08, 0x02, 0x03, 0x25, 0x05, 0x86, 0x33, 0x78, 0x15, 0x00,
	0x1b, 0x08, 0x08, 0x00, 0x1b, 0x05, 0x05, 0x00, 0x63, 0x06, 0x08, 0x00, 0x33, 0x75,
	0xd5, 0x01, 0xe3, 0x82, 0xa8, 0x1e, 0x1b, 0x06, 0x06, 0x10, 0xe3, 0x10, 0xc6, 0xfd,
	0x9b, 0x8f, 0x0f, 0x04, 0xe3, 0x9a, 0x7f, 0xfa, 0x6f, 0x90, 0x1f, 0xde, 0x83, 0x27,
	0xc4, 0x16, 0x23, 0xa0, 0xf6, 0x00, 0x6f, 0xb0, 0xcf, 0xa3, 0x93, 0x89, 0x02, 0x00,
	0x6f, 0xc0, 0x8f, 0x8c, 0x83, 0x27, 0xc4, 0x16, 0x23, 0xa0, 0xf6, 0x00, 0x6f, 0xb0,
	0x9f, 0x96, 0x83, 0x26, 0xc4, 0x16, 0xb7, 0x17, 0x03, 0x00, 0xb3, 0x07, 0xf7, 0x00,
	0x23, 0xaa, 0x07, 0x01, 0x23, 0xac, 0xd7, 0x00, 0x6f, 0xe0, 0x8f, 0xcb, 0x83, 0xb6,
	0x87, 0x0f, 0x93, 0x05, 0x00, 0x00, 0x6f, 0xb0, 0x5f, 0x83, 0x03, 0x2e, 0x44, 0x10,
	0x93, 0x08, 0x10, 0x00, 0x13, 0x06, 0x20, 0x00, 0x63, 0x04, 0x1e, 0x03, 0x33, 0x06,
	0x97, 0x01, 0x33, 0x06, 0xe6, 0x01, 0x83, 0x28, 0x46, 0x83, 0x37, 0x0e, 0x00, 0x40,
	0x13, 0x06, 0x10, 0x00, 0xb3, 0xf8, 0xc8, 0x01, 0x9b, 0x88, 0x08, 0x00, 0x63, 0x84,
	0x08, 0x00, 0x13, 0x06, 0x30, 0x00, 0xb3, 0x08, 0x97, 0x01, 0x37, 0xde, 0x00, 0x00,
	0xb3, 0x88, 0xc8, 0x01, 0x83, 0xa8, 0xc8, 0x82, 0x13, 0x66, 0x06, 0x50, 0x93, 0xf8,
	0x18, 0x00, 0x63, 0x8c, 0x08, 0x00, 0xb3, 0x08, 0x97, 0x01, 0xb3, 0x88, 0xc8, 0x01,
	0x1b, 0x06, 0x06, 0x00, 0x23, 0xa2, 0xc8, 0x88, 0x03, 0xa6, 0x48, 0x88, 0x93, 0x08,
	0x02, 0x00, 0x03, 0x3e, 0x82, 0x0f, 0xb7, 0xde, 0x00, 0x00, 0x33, 0x85, 0xac, 0x00,
	0x33, 0x05, 0xd5, 0x01, 0x03, 0x26, 0xc5, 0x8a, 0x37, 0x3f, 0x00, 0x00, 0x23, 0x26,
	0xe5, 0x8b, 0x03, 0x2f, 0xc5, 0x8a, 0x1b, 0x06, 0x06, 0x00, 0x13, 0x85, 0x07, 0x4e,
	0x63, 0x02, 0x0f, 0x00, 0x1b, 0x56, 0x86, 0x01, 0x13, 0x76, 0x36, 0x00, 0x23, 0x30,
	0xc2, 0x12, 0x13, 0x16, 0x76, 0x00, 0x23, 0x3c, 0xc2, 0x0c, 0x93, 0x07, 0x00, 0x00,
	0x23, 0x30, 0xf2, 0x12, 0x9b, 0x96, 0x26, 0x00, 0xbb, 0x86, 0x66, 0x00, 0x9b, 0x97,
	0x36, 0x00, 0xbb, 0x87, 0xd7, 0x40, 0x9b, 0x97, 0x27, 0x00, 0x93, 0x97, 0x07, 0x02,
	0x93, 0xd7, 0x07, 0x02, 0xb3, 0x87, 0xa7, 0x00, 0x23, 0xa0, 0x07, 0x00, 0x83, 0x67,
	0x44, 0x52, 0xb7, 0x26, 0x00, 0x00, 0x93, 0x97, 0x07, 0x02, 0xb3, 0x87, 0x97, 0x01,
	0xb3, 0x87, 0xd7, 0x01, 0x23, 0xa6, 0xd7, 0x8a, 0x83, 0xa7, 0xc7, 0x8a, 0x63, 0x82,
	0x07, 0x00, 0x83, 0x67, 0x04, 0x52, 0xb7, 0x96, 0x98, 0x00, 0x93, 0x86, 0x06, 0x68,
	0x33, 0x05, 0x97, 0x01, 0x33, 0x83, 0xd7, 0x02, 0x33, 0x05, 0xd5, 0x01, 0x93, 0x06,
	0x70, 0x0c, 0x83, 0xb7, 0x88, 0x0f, 0xb3, 0x87, 0xc7, 0x41, 0x63, 0x68, 0xf3, 0x2e,
	0x73, 0x26, 0x00, 0xb0, 0x13, 0x00, 0x00, 0x00, 0xf3, 0x27, 0x00, 0xb0, 0xb3, 0x87,
	0xc7, 0x40, 0xe3, 0xfa, 0xf6, 0xfe, 0x83, 0x27, 0xc5, 0x82, 0x93, 0xf7, 0x17, 0x00,
	0xe3, 0x9c, 0x07, 0xfc, 0xb7, 0x27, 0x00, 0x00, 0x93, 0x87, 0x87, 0x01, 0xb3, 0xe7,
	0xf5, 0x00, 0x37, 0x27, 0x00, 0x00, 0x1b, 0x07, 0x17, 0x10, 0x13, 0x17, 0x37, 0x02,
	0x93, 0x97, 0x07, 0x02, 0xb3, 0xe7, 0xe7, 0x00, 0x93, 0x06, 0x10, 0x00, 0x23, 0x28,
	0xd2, 0x46, 0x03, 0x67, 0x82, 0x02, 0x63, 0x02, 0x07, 0x00, 0x37, 0xf7, 0x03, 0x00,
	0xb3, 0x87, 0xe7, 0x00, 0x03, 0xa7, 0x07, 0x05, 0x1b, 0x06, 0x07, 0x00, 0x63, 0x06,
	0x07, 0x02, 0x9b, 0x56, 0x38, 0x00, 0x93, 0xf6, 0x86, 0x01, 0x1b, 0x58, 0x88, 0x00,
	0xb3, 0xe6, 0x06, 0x01, 0x13, 0x07, 0x10, 0x00, 0x3b, 0x17, 0xd7, 0x00, 0x13, 0x47,
	0xf7, 0xff, 0x33, 0x77, 0xc7, 0x00, 0x1b, 0x07, 0x07, 0x00, 0x23, 0xa8, 0xe7, 0x04,
	0x23, 0x38, 0x02, 0x46, 0x83, 0x67, 0x82, 0x02, 0x63, 0x82, 0x07, 0x00, 0x6f, 0xe0,
	0x0f, 0xc2, 0x93, 0xf7, 0xf7, 0x00, 0x93, 0x87, 0xc7, 0x04, 0x93, 0x97, 0x27, 0x00,
	0xb3, 0x07, 0xf4, 0x00, 0x83, 0xd6, 0x07, 0x37, 0x6f, 0xd0, 0xcf, 0xe8, 0x83, 0x37,
	0x04, 0x53, 0x37, 0xd7, 0x00, 0x00, 0x93, 0x85, 0x0c, 0x00, 0x93, 0x97, 0x07, 0x02,
	0xb3, 0x87, 0x97, 0x01, 0xb3, 0x87, 0xe7, 0x00, 0x37, 0x07, 0x00, 0x80, 0x23, 0xa8,
	0xe7, 0x8a, 0x93, 0x06, 0x70, 0x0c, 0x37, 0xd6, 0x00, 0x00, 0x73, 0x27, 0x00, 0xb0,
	0x13, 0x00, 0x00, 0x00, 0xf3, 0x27, 0x00, 0xb0, 0xb3, 0x87, 0xe7, 0x40, 0xe3, 0xfa,
	0xf6, 0xfe, 0x83, 0x37, 0x04, 0x53, 0x93, 0x97, 0x07, 0x02, 0x33, 0x87, 0xb7, 0x00,
	0x33, 0x07, 0xc7, 0x00, 0x03, 0x27, 0x47, 0x8b, 0x13, 0x77, 0xf7, 0x00, 0xe3, 0x1a,
	0x07, 0xfc, 0x6f, 0xf0, 0x4f, 0xa0, 0x83, 0x26, 0xc4, 0x16, 0xb7, 0x17, 0x03, 0x00,
	0xb3, 0x07, 0xf7, 0x00, 0x9b, 0xd6, 0x26, 0x00, 0x23, 0xaa, 0xd7, 0x00, 0x63, 0x88,
	0x08, 0x1a, 0x13, 0x06, 0x00, 0x00, 0xb7, 0x17, 0x03, 0x00, 0xb3, 0x07, 0xf7, 0x00,
	0x23, 0xac, 0xb7, 0x00, 0x23, 0xac, 0xc7, 0x00, 0x63, 0x14, 0x05, 0x00, 0x6f, 0x90,
	0xdf, 0xb3, 0x6f, 0xe0, 0x8f, 0xa4, 0x03, 0x38, 0x85, 0x1e, 0x83, 0x38, 0x04, 0x53,
	0x63, 0x14, 0x08, 0x00, 0x6f, 0xa0, 0x0f, 0x8b, 0x37, 0x35, 0x00, 0x00, 0x1b, 0x16,
	0x16, 0x00, 0x13, 0x76, 0xe6, 0x01, 0x9b, 0x05, 0x05, 0x30, 0x1b, 0x05, 0x15, 0x30,
	0xbb, 0x05, 0xb6, 0x00, 0x3b, 0x06, 0xa6, 0x00, 0x93, 0x95, 0x05, 0x02, 0x13, 0x16,
	0x06, 0x02, 0x93, 0xd5, 0x05, 0x02, 0x13, 0x56, 0x06, 0x02, 0x93, 0x95, 0x25, 0x00,
	0x13, 0x16, 0x26, 0x00, 0x33, 0x0e, 0xb7, 0x00, 0x33, 0x06, 0xc7, 0x00, 0x83, 0x2f,
	0x0e, 0x00, 0x03, 0x2f, 0x06, 0x00, 0x37, 0x07, 0x01, 0x00, 0x23, 0x20, 0x0e, 0x00,
	0x9b, 0x8f, 0x0f, 0x00, 0x1b, 0x0f, 0x0f, 0x00, 0x23, 0x20, 0xe6, 0x00, 0x03, 0xb7,
	0x07, 0x2f, 0xb7, 0x05, 0x03, 0x00, 0x93, 0xe4, 0x18, 0x00, 0x93, 0x0e, 0x00, 0x00,
	0x93, 0x02, 0x02, 0x00, 0xb3, 0x85, 0xbd, 0x00, 0xb7, 0x00, 0xc0, 0x20, 0xb7, 0x03,
	0x00, 0x04, 0x13, 0x77, 0x18, 0x00, 0x63, 0x1c, 0x07, 0x02, 0x13, 0x58, 0x18, 0x00,
	0x9b, 0x8e, 0x0e, 0x40, 0xe3, 0x18, 0x08, 0xfe, 0x03, 0xb7, 0x07, 0x03, 0x1b, 0x07,
	0x07, 0x00, 0x63, 0x0a, 0x07, 0x00, 0x93, 0x05, 0x02, 0x00, 0x03, 0xb7, 0x05, 0x03,
	0x1b, 0x07, 0x07, 0x00, 0xe3, 0x1c, 0x07, 0xfe, 0x23, 0x20, 0xfe, 0x01, 0x23, 0x20,
	0xe6, 0x01, 0x6f, 0x90, 0xdf, 0xff, 0x03, 0xb7, 0x02, 0x03, 0xe3, 0x1e, 0x07, 0xfe,
	0x23, 0xb8, 0x92, 0x0c, 0x13, 0x05, 0x00, 0x00, 0x13, 0x58, 0x18, 0x00, 0x13, 0x77,
	0x18, 0x00, 0x1b, 0x05, 0x05, 0x40, 0xe3, 0x1a, 0x07, 0xfe, 0x23, 0xa0, 0x15, 0x1e,
	0x23, 0xa0, 0xd5, 0x21, 0x23, 0xa2, 0x05, 0x20, 0x1b, 0x07, 0x03, 0x00, 0x23, 0xa4,
	0xe5, 0x20, 0x13, 0x57, 0x03, 0x42, 0x23, 0xa6, 0xe5, 0x20, 0x23, 0xa8, 0x05, 0x26,
	0x33, 0x67, 0x75, 0x00, 0x13, 0x19, 0x05, 0x02, 0x23, 0xaa, 0x05, 0x26, 0x1b, 0x07,
	0x07, 0x00, 0x13, 0x59, 0x09, 0x02, 0x23, 0xa8, 0xe5, 0x20, 0xbb, 0x0e, 0xd5, 0x01,
	0x33, 0x03, 0x23, 0x01, 0x6f, 0xf0, 0x5f, 0xf7, 0x93, 0x06, 0x00, 0x00, 0x6f, 0xb0,
	0x0f, 0xca, 0x83, 0x27, 0x44, 0x16, 0x13, 0x96, 0x07, 0x02, 0x93, 0x56, 0xe6, 0x01,
	0xe3, 0x82, 0x08, 0xb4, 0x9b, 0x87, 0x17, 0x00, 0x13, 0x96, 0x07, 0x02, 0x93, 0x57,
	0xe6, 0x01, 0xb3, 0x07, 0xf7, 0x00, 0xb3, 0x06, 0xd7, 0x00, 0x03, 0xa6, 0x07, 0x00,
	0x83, 0xa5, 0x06, 0x00, 0x93, 0x17, 0x06, 0x02, 0x93, 0x96, 0x05, 0x02, 0x93, 0xd6,
	0x06, 0x02, 0x1b, 0x06, 0x06, 0x00, 0x9b, 0x85, 0x05, 0x00, 0xb3, 0xe6, 0xf6, 0x00,
	0x6f, 0xb0, 0x8f, 0xb2, 0x83, 0x26, 0xc4, 0x16, 0xb7, 0x17, 0x03, 0x00, 0xb3, 0x07,
	0xf7, 0x00, 0x9b, 0xd6, 0x26, 0x00, 0x23, 0xaa, 0xd7, 0x00, 0xb7, 0x17, 0x03, 0x00,
	0xb3, 0x07, 0xf7, 0x00, 0x83, 0xa7, 0x87, 0x01, 0x63, 0x14, 0x05, 0x00, 0x6f, 0x90,
	0x9f, 0x99, 0x6f, 0xe0, 0x4f, 0x8a, 0xb3, 0x07, 0x97, 0x01, 0x37, 0xd6, 0x00, 0x00,
	0xb3, 0x87, 0xc7, 0x00, 0x23, 0xa2, 0x07, 0x88, 0x83, 0xa6, 0xc7, 0x87, 0x93, 0x96,
	0x16, 0x02, 0x93, 0xd6, 0x16, 0x02, 0x23, 0xae, 0xd7, 0x86, 0x83, 0xa7, 0xc7, 0x82,
	0x93, 0xf7, 0x17, 0x00, 0xe3, 0x86, 0x07, 0xd0, 0xb3, 0x07, 0x97, 0x01, 0xb3, 0x87,
	0xc7, 0x00, 0x83, 0xa6, 0x07, 0x86, 0x03, 0xa6, 0x47, 0x82, 0x03, 0xa7, 0x87, 0x82,
	0x83, 0xa7, 0xc7, 0x8a, 0xb3, 0xf6, 0x26, 0x01, 0x37, 0x05, 0x00, 0x80, 0x9b, 0xd7,
	0x87, 0x01, 0xb3, 0xe6, 0xa6, 0x00, 0x1b, 0x06, 0x06, 0x00, 0x1b, 0x07, 0x07, 0x00,
	0x93, 0xf7, 0x37, 0x00, 0x23, 0x30, 0xf2, 0x12, 0x93, 0x97, 0x77, 0x00, 0x23, 0x3c,
	0xf2, 0x0c, 0x93, 0x07, 0x00, 0x00, 0x23, 0x30, 0xf2, 0x12, 0x93, 0x17, 0x07, 0x02,
	0x13, 0x17, 0x06, 0x02, 0x13, 0x57, 0x07, 0x02, 0xb3, 0xe7, 0xe7, 0x00, 0x23, 0xa0,
	0xd7, 0x3c, 0x6f, 0xf0, 0xdf, 0xca, 0xb7, 0x06, 0x00, 0xa0, 0x93, 0x86, 0xc6, 0xff,
	0xb3, 0x85, 0xe8, 0x01, 0xb3, 0x76, 0xd3, 0x00, 0x37, 0x03, 0x00, 0x60, 0x23, 0xa2,
	0x75, 0x82, 0xb3, 0xe6, 0x66, 0x00, 0x23, 0xa4, 0xc5, 0x82, 0x13, 0x06, 0x0e, 0x20,
	0x9b, 0x85, 0x06, 0x00, 0x93, 0x06, 0x30, 0x00, 0x37, 0xc3, 0xad, 0xde, 0x93, 0x96,
	0x06, 0x03, 0x13, 0x03, 0xf3, 0xee, 0x23, 0xa4, 0x66, 0x1c, 0xb7, 0x26, 0x03, 0x00,
	0xb3, 0x06, 0xd7, 0x00, 0x23, 0xa2, 0x06, 0x04, 0x33, 0x0f, 0xe5, 0x01, 0x23, 0x26,
	0x1f, 0x8a, 0x83, 0x26, 0xcf, 0x8a, 0x93, 0x06, 0x02, 0x00, 0x03, 0xb3, 0x06, 0x03,
	0xe3, 0x1e, 0x03, 0xfe, 0x93, 0x06, 0x10, 0x00, 0x23, 0xb8, 0xd7, 0x0c, 0xb7, 0x06,
	0x03, 0x00, 0xb3, 0x06, 0xd7, 0x00, 0x1b, 0x0e, 0x06, 0x00, 0x23, 0xa0, 0xc6, 0x21,
	0x13, 0x56, 0x06, 0x42, 0x37, 0x23, 0x03, 0x00, 0x23, 0xa2, 0xc6, 0x20, 0x13, 0x03,
	0x83, 0x04, 0x23, 0xa4, 0x66, 0x20, 0x23, 0xa6, 0x06, 0x20, 0x37, 0x23, 0x00, 0x62,
	0x23, 0xa0, 0x66, 0x1e, 0x03, 0xb3, 0x07, 0x4b, 0x1b, 0x0f, 0x03, 0x00, 0x23, 0xa8,
	0xe6, 0x27, 0x13, 0x53, 0x03, 0x42, 0x23, 0xaa, 0x66, 0x26, 0x37, 0x03, 0x00, 0x68,
	0x13, 0x03, 0x43, 0x0e, 0x23, 0xa8, 0x66, 0x20, 0x93, 0x06, 0x02, 0x00, 0x03, 0xb3,
	0x06, 0x03, 0xe3, 0x1e, 0x03, 0xfe, 0x93, 0x06, 0x10, 0x00, 0x23, 0xb8, 0xd7, 0x0c,
	0xb7, 0x06, 0x03, 0x00, 0x33, 0x07, 0xd7, 0x00, 0x23, 0x20, 0xc7, 0x21, 0xb7, 0x26,
	0x03, 0x00, 0x23, 0x22, 0xc7, 0x20, 0x93, 0x86, 0x86, 0x04, 0x23, 0x24, 0xd7, 0x20,
	0x23, 0x26, 0x07, 0x20, 0xb7, 0x26, 0x00, 0x62, 0x23, 0x20, 0xd7, 0x1e, 0x83, 0xb6,
	0x07, 0x4b, 0x1b, 0x86, 0x06, 0x00, 0x23, 0x28, 0xc7, 0x26, 0x93, 0xd6, 0x06, 0x42,
	0x23, 0x2a, 0xd7, 0x26, 0xb7, 0x06, 0x00, 0x68, 0x93, 0x86, 0x46, 0x00, 0x13, 0x0e,
	0x30, 0x00, 0x37, 0xc3, 0xad, 0xde, 0x23, 0x28, 0xd7, 0x20, 0x13, 0x1e, 0x0e, 0x03,
	0x93, 0x06, 0xd0, 0x01, 0x13, 0x03, 0xf3, 0xee, 0x03, 0x2f, 0x8e, 0x1c, 0x1b, 0x0f,
	0x0f, 0x00, 0x73, 0x26, 0x00, 0xb0, 0x13, 0x00, 0x00, 0x00, 0x73, 0x27, 0x00, 0xb0,
	0x33, 0x07, 0xc7, 0x40, 0xe3, 0xfa, 0xe6, 0xfe, 0xe3, 0x02, 0x6f, 0xfe, 0x13, 0x07,
	0x00, 0x00, 0x23, 0xb8, 0xe7, 0x0c, 0xb7, 0xd6, 0x00, 0x00, 0x33, 0x07, 0xd5, 0x00,
	0x37, 0x26, 0x00, 0x00, 0x23, 0x26, 0xc7, 0x8a, 0x13, 0x06, 0x30, 0x00, 0x03, 0x27,
	0xc7, 0x8a, 0x13, 0x16, 0x06, 0x03, 0x03, 0x27, 0x86, 0x01, 0xb3, 0x86, 0xd8, 0x00,
	0x13, 0x77, 0x07, 0xff, 0x33, 0x67, 0xd7, 0x01, 0x23, 0xa8, 0xe6, 0x82, 0x03, 0xa7,
	0x06, 0x83, 0x63, 0x02, 0x07, 0x00, 0x03, 0x27, 0x06, 0x02, 0x13, 0x03, 0x02, 0x00,
	0x1b, 0x07, 0x07, 0x00, 0x23, 0xaa, 0xe6, 0x82, 0x03, 0x27, 0x86, 0x02, 0x1b, 0x07,
	0x07, 0x00, 0x23, 0xac, 0xe6, 0x82, 0x03, 0x27, 0x06, 0x03, 0x1b, 0x07, 0x07, 0x00,
	0x23, 0xae, 0xe6, 0x82, 0x03, 0x27, 0x86, 0x03, 0x1b, 0x07, 0x07, 0x00, 0x23, 0xa0,
	0xe6, 0x84, 0x03, 0x27, 0x06, 0x04, 0x1b, 0x07, 0x07, 0x00, 0x23, 0xa2, 0xe6, 0x84,
	0x03, 0x27, 0x86, 0x04, 0x1b, 0x07, 0x07, 0x00, 0x23, 0xa4, 0xe6, 0x84, 0x03, 0x27,
	0x06, 0x05, 0x1b, 0x07, 0x07, 0x00, 0x23, 0xa6, 0xe6, 0x84, 0x03, 0x27, 0x86, 0x05,
	0x1b, 0x07, 0x07, 0x00, 0x23, 0xa8, 0xe6, 0x84, 0x03, 0x27, 0x06, 0x06, 0x1b, 0x07,
	0x07, 0x00, 0x23, 0xaa, 0xe6, 0x84, 0x03, 0x27, 0x86, 0x06, 0x1b, 0x07, 0x07, 0x00,
	0x23, 0xac, 0xe6, 0x84, 0x03, 0x27, 0x06, 0x07, 0x1b, 0x07, 0x07, 0x00, 0x23, 0xae,
	0xe6, 0x84, 0x03, 0x27, 0x86, 0x08, 0x1b, 0x07, 0x07, 0x00, 0x23, 0xa4, 0xe6, 0x86,
	0x23, 0xa0, 0xb6, 0x86, 0x03, 0x27, 0x06, 0x0e, 0x1b, 0x07, 0x07, 0x00, 0x23, 0xaa,
	0xe6, 0x88, 0x03, 0x27, 0x86, 0x0e, 0x1b, 0x07, 0x07, 0x00, 0x23, 0xac, 0xe6, 0x88,
	0x03, 0x27, 0x06, 0x0f, 0x1b, 0x07, 0x07, 0x00, 0x23, 0xae, 0xe6, 0x88, 0x03, 0x27,
	0x86, 0x0f, 0x1b, 0x07, 0x07, 0x00, 0x23, 0xa0, 0xe6, 0x8a, 0x03, 0x27, 0x06, 0x10,
	0x1b, 0x07, 0x07, 0x00, 0x23, 0xa2, 0xe6, 0x8a, 0x03, 0x27, 0x86, 0x10, 0x1b, 0x07,
	0x07, 0x00, 0x23, 0xa4, 0xe6, 0x8a, 0x03, 0x27, 0x86, 0x11, 0x1b, 0x07, 0x07, 0x00,
	0x23, 0xa8, 0xe6, 0x8a, 0x03, 0x27, 0x86, 0x19, 0x1b, 0x07, 0x07, 0x00, 0x23, 0xa8,
	0xe6, 0x8e, 0x03, 0x37, 0x03, 0x09, 0xe3, 0x1e, 0x07, 0xfe, 0xb7, 0xd6, 0x00, 0x00,
	0xb3, 0x86, 0xd8, 0x00, 0x1b, 0x06, 0x08, 0x00, 0x23, 0xac, 0xc6, 0x84, 0x9b, 0x82,
	0x02, 0x00, 0x23, 0xae, 0x56, 0x84, 0x83, 0xa6, 0x86, 0x86, 0x23, 0xb0, 0xe7, 0x12,
	0x23, 0xbc, 0xe7, 0x0c, 0x23, 0xb0, 0xe7, 0x12, 0x23, 0xbc, 0xe7, 0x0c, 0x03, 0xb7,
	0x87, 0x02, 0x37, 0x46, 0x00, 0x00, 0x9b, 0x96, 0x4e, 0x01, 0xb3, 0xe6, 0xc6, 0x00,
	0x93, 0x96, 0x06, 0x02, 0x13, 0x57, 0x67, 0x02, 0x93, 0xd6, 0x06, 0x02, 0x23, 0xac,
	0xd7, 0x08, 0x83, 0xe6, 0x87, 0x02, 0x63, 0x82, 0x06, 0x00, 0x83, 0xe6, 0x87, 0x02,
	0x63, 0x82, 0x06, 0x00, 0x03, 0x66, 0x08, 0x00, 0x83, 0x66, 0x48, 0x00, 0x93, 0x96,
	0x06, 0x02, 0xb3, 0xe6, 0xc6, 0x00, 0x13, 0x06, 0x02, 0x00, 0x83, 0x35, 0x06, 0x09,
	0xe3, 0x9e, 0x05, 0xfe, 0x37, 0x06, 0xf0, 0x00, 0x1b, 0x17, 0x47, 0x01, 0x33, 0x77,
	0xc7, 0x00, 0x13, 0x67, 0x87, 0x00, 0x13, 0x17, 0x07, 0x02, 0x13, 0x57, 0x07, 0x02,
	0x23, 0xac, 0xe7, 0x08, 0x03, 0xe7, 0x87, 0x02, 0x63, 0x02, 0x07, 0x00, 0x03, 0xe7,
	0x87, 0x02, 0x63, 0x02, 0x07, 0x00, 0x37, 0xd7, 0x00, 0x00, 0xb3, 0x88, 0xe8, 0x00,
	0x1b, 0x86, 0x06, 0x00, 0x23, 0xae, 0xc8, 0x8e, 0x93, 0xd6, 0x06, 0x42, 0x23, 0xa0,
	0xd8, 0x90, 0x13, 0x06, 0x10, 0x00, 0x23, 0xa6, 0xc8, 0x82, 0x83, 0xa6, 0x88, 0x86,
	0x33, 0x07, 0xe5, 0x00, 0x37, 0x38, 0x00, 0x00, 0x23, 0x26, 0x07, 0x8b, 0x9b, 0xd6,
	0x86, 0x01, 0x03, 0x27, 0xc7, 0x8a, 0x93, 0xf6, 0x36, 0x00, 0x23, 0xb0, 0xd7, 0x12,
	0x93, 0x96, 0x76, 0x00, 0x23, 0xbc, 0xd7, 0x0c, 0x03, 0xa7, 0x88, 0x82, 0x83, 0xa6,
	0x48, 0x82, 0x1b, 0x07, 0x07, 0x00, 0x9b, 0x86, 0x06, 0x00, 0x23, 0xb0, 0xb7, 0x12,
	0x93, 0x17, 0x07, 0x02, 0x13, 0x97, 0x06, 0x02, 0x13, 0x57, 0x07, 0x02, 0xb3, 0xe7,
	0xe7, 0x00, 0x93, 0x87, 0x87, 0x20, 0x23, 0xa0, 0xc7, 0x00, 0x93, 0x07, 0x02, 0x00,
	0x03, 0xb7, 0x07, 0x09, 0xe3, 0x1e, 0x07, 0xfe, 0xb7, 0xd7, 0x00, 0x00, 0xb3, 0x07,
	0xf5, 0x00, 0x37, 0x27, 0x00, 0x00, 0x23, 0xa6, 0xe7, 0x8a, 0x83, 0xa7, 0xc7, 0x8a,
	0x6f, 0x90, 0x4f, 0xd4, 0x1b, 0x16, 0x16, 0x00, 0x13, 0xff, 0x33, 0x00, 0x13, 0x76,
	0x66, 0x00, 0x3b, 0x06, 0xe6, 0x01, 0x1b, 0x1f, 0x36, 0x00, 0x3b, 0x06, 0xcf, 0x40,
	0x1b, 0x16, 0x26, 0x00, 0x13, 0x16, 0x06, 0x02, 0x13, 0x56, 0x06, 0x02, 0x93, 0x88,
	0x08, 0x40, 0x33, 0x06, 0x16, 0x01, 0x6f, 0xa0, 0x4f, 0x92, 0x37, 0x06, 0x08, 0x34,
	0xb3, 0xe5, 0xc5, 0x00, 0x6f, 0xa0, 0x0f, 0x8c, 0x83, 0x66, 0x44, 0x16, 0x03, 0x26,
	0xc4, 0x16, 0x93, 0x96, 0x26, 0x00, 0xb3, 0x06, 0xd7, 0x00, 0x23, 0xa0, 0xc6, 0x00,
	0x6f, 0xd0, 0x4f, 0xfd, 0x23, 0xa4, 0x01, 0x92, 0x6f, 0x90, 0x8f, 0xee, 0x03, 0x26,
	0x04, 0x10, 0x6f, 0x90, 0x1f, 0xfa, 0x23, 0x20, 0x04, 0x11, 0x13, 0x06, 0x10, 0x00,
	0x6f, 0x90, 0x5f, 0xf9, 0x03, 0x26, 0xc4, 0x16, 0x93, 0x95, 0x06, 0x02, 0x93, 0xd7,
	0xe5, 0x01, 0xb3, 0x07, 0xf7, 0x00, 0x23, 0xa0, 0xc7, 0x00, 0x6f, 0xd0, 0x8f, 0xf1,
	0x23, 0xa4, 0x01, 0x92, 0x13, 0x06, 0x00, 0x00, 0x6f, 0x90, 0x1f, 0xf7, 0xb7, 0xc7,
	0x00, 0x00, 0xb3, 0x87, 0xf6, 0x00, 0x23, 0xa2, 0x07, 0x3e, 0x6f, 0x90, 0x0f, 0xca,
	0x93, 0x0e, 0x00, 0x60, 0x6f, 0xf0, 0x4f, 0x9e, 0xb7, 0x05, 0xf8, 0xff, 0x93, 0x85,
	0xf5, 0xff, 0x33, 0x77, 0xb7, 0x00, 0x6f, 0xa0, 0x0f, 0xf4, 0x83, 0xb6, 0x87, 0x02,
	0xb7, 0x45, 0x00, 0x00, 0x93, 0xd6, 0x66, 0x02, 0x23, 0xac, 0xb7, 0x08, 0x83, 0xe5,
	0x87, 0x02, 0x63, 0x82, 0x05, 0x00, 0x83, 0xe5, 0x87, 0x02, 0x63, 0x82, 0x05, 0x00,
	0x03, 0x66, 0x06, 0x00, 0x9b, 0x05, 0x06, 0x00, 0x13, 0x06, 0x02, 0x00, 0x03, 0x3e,
	0x06, 0x09, 0xe3, 0x1e, 0x0e, 0xfe, 0x37, 0x06, 0xf0, 0x00, 0x9b, 0x96, 0x46, 0x01,
	0xb3, 0xf6, 0xc6, 0x00, 0x93, 0xe6, 0x86, 0x00, 0x93, 0x96, 0x06, 0x02, 0x93, 0xd6,
	0x06, 0x02, 0x23, 0xac, 0xd7, 0x08, 0x83, 0xe6, 0x87, 0x02, 0x63, 0x82, 0x06, 0x00,
	0x83, 0xe7, 0x87, 0x02, 0x63, 0x82, 0x07, 0x00, 0x6f, 0xf0, 0xcf, 0xd7, 0x03, 0x35,
	0x01, 0x01, 0x63, 0x04, 0x35, 0x01, 0x6f, 0xb0, 0x0f, 0xf2, 0x6f, 0xb0, 0xcf, 0xf2,
	0x03, 0x6e, 0x04, 0x52, 0x37, 0x95, 0x98, 0x00, 0xb3, 0x8e, 0xd5, 0x00, 0x13, 0x05,
	0x05, 0x68, 0x33, 0x0e, 0xae, 0x02, 0x33, 0x86, 0xee, 0x01, 0x13, 0x05, 0x40, 0x40,
	0x23, 0x22, 0xa6, 0x88, 0x83, 0xbf, 0x87, 0x0f, 0xb7, 0xd8, 0x00, 0x00, 0xb3, 0x85,
	0x95, 0x01, 0x13, 0x05, 0x70, 0x0c, 0xb3, 0x85, 0x15, 0x01, 0x13, 0x0f, 0x02, 0x00,
	0x73, 0x28, 0x00, 0xb0, 0x13, 0x00, 0x00, 0x00, 0x73, 0x26, 0x00, 0xb0, 0x33, 0x06,
	0x06, 0x41, 0xe3, 0x7a, 0xc5, 0xfe, 0x03, 0xa6, 0x45, 0x88, 0x13, 0x76, 0xf6, 0x00,
	0x63, 0x0c, 0x06, 0x00, 0x03, 0x36, 0x8f, 0x0f, 0x33, 0x06, 0xf6, 0x41, 0xe3, 0x7c,
	0xce, 0xfc, 0xb3, 0x88, 0x1e, 0x01, 0x23, 0xa2, 0x08, 0x88, 0x1b, 0x56, 0x63, 0x00,
	0x1b, 0x16, 0x36, 0x00, 0x1b, 0x53, 0x83, 0x00, 0x13, 0x76, 0x86, 0x01, 0x33, 0x66,
	0x66, 0x00, 0x93, 0x05, 0x10, 0x00, 0xbb, 0x95, 0xc5, 0x00, 0x37, 0xc6, 0x00, 0x00,
	0x33, 0x86, 0xce, 0x00, 0x23, 0x28, 0xb6, 0x20, 0x03, 0x26, 0xc4, 0x10, 0xb7, 0x05,
	0x00, 0xc0, 0x33, 0x76, 0xb6, 0x00, 0x63, 0x14, 0x06, 0x08, 0xb7, 0xc5, 0x00, 0x00,
	0x13, 0x05, 0x70, 0x0c, 0xb3, 0x88, 0xbd, 0x00, 0x73, 0x28, 0x00, 0xb0, 0x13, 0x00,
	0x00, 0x00, 0x73, 0x26, 0x00, 0xb0, 0x33, 0x06, 0x06, 0x41, 0xe3, 0x7a, 0xc5, 0xfe,
	0x03, 0xa6, 0x48, 0x2d, 0xe3, 0x14, 0x06, 0xfe, 0x83, 0xb8, 0x87, 0x06, 0x03, 0x28,
	0xc4, 0x10, 0x33, 0x06, 0xb7, 0x00, 0x83, 0x67, 0x44, 0x52, 0x93, 0x15, 0x48, 0x02,
	0x93, 0xd5, 0x45, 0x02, 0x23, 0x2e, 0xb6, 0x2c, 0x9b, 0x95, 0xc8, 0x01, 0x23, 0x2e,
	0xb6, 0x0c, 0x93, 0x97, 0x07, 0x02, 0xb3, 0x87, 0xd7, 0x00, 0x23, 0x22, 0xa6, 0x0e,
	0x37, 0xd6, 0x00, 0x00, 0x83, 0x26, 0x04, 0x4e, 0xb3, 0x87, 0xc7, 0x00, 0x83, 0xa7,
	0x07, 0x83, 0x9b, 0xd6, 0xf6, 0x01, 0x9b, 0x87, 0x07, 0x00, 0x63, 0x9e, 0x06, 0xf0,
	0xb7, 0x07, 0x01, 0x00, 0x33, 0x68, 0xf8, 0x00, 0x23, 0x26, 0x04, 0x11, 0x6f, 0xc0,
	0xdf, 0xda, 0x93, 0x05, 0x00, 0x00, 0x23, 0xb0, 0xb7, 0x12, 0x03, 0x35, 0x84, 0x13,
	0x03, 0x38, 0x04, 0x14, 0xb7, 0x05, 0x00, 0x40, 0x23, 0x30, 0x05, 0x01, 0x63, 0x14,
	0xb6, 0x00, 0x6f, 0x90, 0xcf, 0xac, 0x13, 0x05, 0x02, 0x00, 0x83, 0x35, 0x05, 0x09,
	0x9b, 0x85, 0x05, 0x00, 0xe3, 0x9c, 0x05, 0xfe, 0xb7, 0x05, 0x00, 0x80, 0x63, 0x14,
	0xb6, 0x00, 0x6f, 0x90, 0x0f, 0xab, 0xb7, 0xc5, 0x00, 0x00, 0x13, 0x08, 0x70, 0x0c,
	0xb3, 0x88, 0xbd, 0x00, 0x73, 0x25, 0x00, 0xb0, 0x13, 0x00, 0x00, 0x00, 0x73, 0x26,
	0x00, 0xb0, 0x33, 0x06, 0xa6, 0x40, 0xe3, 0x7a, 0xc8, 0xfe, 0x03, 0xa6, 0x48, 0x2d,
	0xe3, 0x14, 0x06, 0xfe, 0x83, 0xb8, 0x87, 0x06, 0x03, 0x25, 0xc4, 0x10, 0x33, 0x06,
	0xb7, 0x00, 0x83, 0x67, 0x44, 0x52, 0x93, 0x15, 0x45, 0x02, 0x93, 0xd5, 0x45, 0x02,
	0x23, 0x2e, 0xb6, 0x2c, 0x9b, 0x95, 0xc8, 0x01, 0x93, 0x97, 0x07, 0x02, 0x23, 0x2e,
	0xb6, 0x0c, 0xb3, 0x87, 0xd7, 0x00, 0x23, 0x22, 0x06, 0x0f, 0x83, 0x26, 0x04, 0x4e,
	0x6f, 0xc0, 0x9f, 0xce, 0x13, 0x77, 0x17, 0x00, 0x93, 0x05, 0x10, 0x00, 0xb3, 0x86,
	0x97, 0x01, 0x37, 0xd6, 0x00, 0x00, 0xb3, 0x86, 0xc6, 0x00, 0x83, 0xa6, 0x46, 0x8a,
	0x9b, 0xd6, 0xe6, 0x01, 0x93, 0xf6, 0x16, 0x00, 0x63, 0x84, 0x06, 0x00, 0x6f, 0xe0,
	0x4f, 0xc5, 0xb7, 0xc6, 0x00, 0x00, 0xb3, 0x86, 0xdd, 0x00, 0x13, 0x06, 0x30, 0x00,
	0x23, 0xa0, 0xc6, 0x2e, 0x6f, 0xe0, 0x0f, 0xc4, 0x63, 0x94, 0x05, 0x00, 0x6f, 0xe0,
	0x8f, 0xc3, 0x93, 0x05, 0x00, 0x00, 0x6f, 0xf0, 0x1f, 0xfc, 0x93, 0x07, 0x00, 0x60,
	0x6f, 0xe0, 0x4f, 0x88, 0x9b, 0x86, 0x25, 0x2f, 0xbb, 0x86, 0xd7, 0x00, 0x93, 0x98,
	0x06, 0x02, 0x93, 0xd6, 0xe8, 0x01, 0xb3, 0x88, 0xdd, 0x00, 0x83, 0xa8, 0x08, 0x00,
	0x63, 0x94, 0x08, 0x00, 0x6f, 0xd0, 0x9f, 0xa1, 0x33, 0x8e, 0xad, 0x00, 0x83, 0x28,
	0x0e, 0x00, 0x9b, 0x85, 0x65, 0x31, 0xbb, 0x85, 0xb7, 0x00, 0x93, 0xf8, 0xe8, 0xff,
	0x23, 0x20, 0x1e, 0x01, 0x93, 0x98, 0x05, 0x02, 0xb3, 0x86, 0xdd, 0x00, 0x93, 0xd5,
	0xe8, 0x01, 0x23, 0xa0, 0x06, 0x00, 0xb3, 0x85, 0xbd, 0x00, 0x83, 0xa6, 0x05, 0x00,
	0x93, 0x08, 0x70, 0x0c, 0x93, 0xe6, 0x16, 0x00, 0x23, 0xa0, 0xd5, 0x00, 0x73, 0x2e,
	0x00, 0xb0, 0x13, 0x00, 0x00, 0x00, 0xf3, 0x26, 0x00, 0xb0, 0xb3, 0x86, 0xc6, 0x41,
	0xe3, 0xfa, 0xd8, 0xfe, 0x03, 0xae, 0x05, 0x00, 0x13, 0x7e, 0x1e, 0x00, 0xe3, 0x12,
	0x0e, 0xfe, 0x83, 0x66, 0x44, 0x52, 0xb7, 0xd5, 0x00, 0x00, 0x93, 0x96, 0x06, 0x02,
	0xb3, 0x86, 0x96, 0x01, 0xb3, 0x86, 0xb6, 0x00, 0xb7, 0x35, 0x00, 0x00, 0x23, 0xa6,
	0xb6, 0x8a, 0x83, 0xa6, 0xc6, 0x8a, 0x63, 0x82, 0x06, 0x00, 0x9b, 0x96, 0x3a, 0x00,
	0xbb, 0x86, 0xc6, 0x00, 0x13, 0x96, 0x06, 0x02, 0x93, 0x56, 0xd6, 0x01, 0xb3, 0x06,
	0xd4, 0x00, 0x83, 0xb6, 0x06, 0x39, 0x23, 0x30, 0xc2, 0x13, 0x37, 0x16, 0x00, 0x00,
	0x1b, 0x06, 0x76, 0x2e, 0x3b, 0x06, 0xf6, 0x00, 0x93, 0x85, 0x06, 0x00, 0x13, 0x8e,
	0x0d, 0x00, 0x93, 0x1e, 0x07, 0x02, 0x93, 0xd8, 0xee, 0x01, 0xb3, 0x08, 0x1e, 0x01,
	0x83, 0xa8, 0x08, 0x00, 0x93, 0x85, 0x45, 0x00, 0x1b, 0x07, 0x17, 0x00, 0x9b, 0x88,
	0x08, 0x00, 0x23, 0xae, 0x15, 0xff, 0xe3, 0x10, 0xe6, 0xfe, 0x37, 0x17, 0x00, 0x00,
	0x1b, 0x06, 0x87, 0x2e, 0x1b, 0x07, 0x37, 0x2f, 0x93, 0x85, 0xc6, 0x01, 0x3b, 0x06,
	0xf6, 0x00, 0x3b, 0x07, 0xf7, 0x00, 0x13, 0x8e, 0x0d, 0x00, 0x93, 0x1e, 0x06, 0x02,
	0x93, 0xd8, 0xee, 0x01, 0xb3, 0x08, 0x1e, 0x01, 0x83, 0xa8, 0x08, 0x00, 0x93, 0x85,
	0x45, 0x00, 0x1b, 0x06, 0x16, 0x00, 0x9b, 0x88, 0x08, 0x00, 0x23, 0xae, 0x15, 0xff,
	0xe3, 0x10, 0xc7, 0xfe, 0x37, 0x16, 0x00, 0x00, 0x1b, 0x07, 0x96, 0x30, 0x3b, 0x87,
	0xe7, 0x00, 0x93, 0x15, 0x07, 0x02, 0x13, 0xd7, 0xe5, 0x01, 0x33, 0x87, 0xed, 0x00,
	0x83, 0x25, 0x07, 0x00, 0x1b, 0x07, 0x76, 0x31, 0x13, 0x8e, 0x0d, 0x00, 0x1b, 0x86,
	0x05, 0x00, 0x93, 0x88, 0xc6, 0x04, 0x23, 0xa4, 0xc6, 0x04, 0x3b, 0x07, 0xf7, 0x00,
	0x93, 0x15, 0x03, 0x02, 0x13, 0xd6, 0xe5, 0x01, 0x33, 0x06, 0xce, 0x00, 0x03, 0x26,
	0x06, 0x00, 0x93, 0x88, 0x48, 0x00, 0x1b, 0x03, 0x13, 0x00, 0x1b, 0x06, 0x06, 0x00,
	0x23, 0xae, 0xc8, 0xfe, 0xe3, 0x10, 0x67, 0xfe, 0x37, 0x17, 0x00, 0x00, 0x1b, 0x06,
	0x07, 0x32, 0x1b, 0x07, 0xe7, 0x32, 0x93, 0x86, 0xc6, 0x07, 0x3b, 0x06, 0xf6, 0x00,
	0x3b, 0x07, 0xf7, 0x00, 0x93, 0x88, 0x0d, 0x00, 0x13, 0x13, 0x06, 0x02, 0x93, 0x55,
	0xe3, 0x01, 0xb3, 0x85, 0xb8, 0x00, 0x83, 0xa5, 0x05, 0x00, 0x93, 0x86, 0x46, 0x00,
	0x1b, 0x06, 0x16, 0x00, 0x9b, 0x85, 0x05, 0x00, 0x23, 0xae, 0xb6, 0xfe, 0xe3, 0x10,
	0xc7, 0xfe, 0x13, 0x96, 0x0a, 0x02, 0x03, 0x67, 0x44, 0x52, 0x93, 0x56, 0xe6, 0x01,
	0x93, 0x86, 0x06, 0x12, 0xb3, 0x06, 0xd4, 0x00, 0x03, 0xa6, 0x06, 0x37, 0x13, 0x17,
	0x07, 0x02, 0x33, 0x07, 0x97, 0x01, 0xb7, 0xd5, 0x00, 0x00, 0x33, 0x07, 0xb7, 0x00,
	0xb7, 0x25, 0x00, 0x00, 0x1b, 0x06, 0x16, 0x00, 0x23, 0x26, 0xb7, 0x8a, 0x23, 0xa8,
	0xc6, 0x36, 0x03, 0x27, 0xc7, 0x8a, 0x63, 0x02, 0x07, 0x00, 0x37, 0x17, 0x00, 0x00,
	0x9b, 0x06, 0x37, 0x2e, 0xbb, 0x86, 0xd7, 0x00, 0x9b, 0x08, 0x47, 0x2e, 0xbb, 0x88,
	0x17, 0x01, 0x13, 0x96, 0x06, 0x02, 0x93, 0x56, 0xe6, 0x01, 0x93, 0x95, 0x08, 0x02,
	0x1b, 0x06, 0x57, 0x31, 0x3b, 0x86, 0xc7, 0x00, 0xb3, 0x86, 0xdd, 0x00, 0x93, 0xd8,
	0xe5, 0x01, 0x9b, 0x05, 0x57, 0x2e, 0x23, 0xa0, 0x06, 0x00, 0x13, 0x13, 0x06, 0x02,
	0xbb, 0x85, 0xb7, 0x00, 0xb3, 0x88, 0x1d, 0x01, 0x1b, 0x06, 0x67, 0x2e, 0x23, 0xa0,
	0x08, 0x00, 0x3b, 0x86, 0xc7, 0x00, 0x93, 0x56, 0xe3, 0x01, 0x93, 0x98, 0x05, 0x02,
	0xb3, 0x86, 0xdd, 0x00, 0x13, 0x03, 0x10, 0x00, 0x93, 0xd5, 0xe8, 0x01, 0x93, 0x18,
	0x06, 0x02, 0x23, 0xa0, 0x66, 0x00, 0xb3, 0x85, 0xbd, 0x00, 0x13, 0xd6, 0xe8, 0x01,
	0x9b, 0x08, 0x17, 0x2e, 0x23, 0xa0, 0x05, 0x00, 0xbb, 0x88, 0x17, 0x01, 0x33, 0x86,
	0xcd, 0x00, 0x9b, 0x05, 0x37, 0x31, 0x23, 0x20, 0x06, 0x00, 0xbb, 0x85, 0xb7, 0x00,
	0x13, 0x96, 0x08, 0x02, 0x23, 0xa0, 0x06, 0x00, 0x93, 0x58, 0xe6, 0x01, 0x93, 0x96,
	0x05, 0x02, 0x1b, 0x06, 0x27, 0x31, 0x93, 0xd5, 0xe6, 0x01, 0xbb, 0x86, 0xc7, 0x00,
	0x1b, 0x07, 0xa7, 0x2e, 0x33, 0x86, 0xbd, 0x00, 0x93, 0x95, 0x06, 0x02, 0xbb, 0x87,
	0xe7, 0x00, 0x93, 0xd6, 0xe5, 0x01, 0xb3, 0x88, 0x1d, 0x01, 0x23, 0xa0, 0x08, 0x00,
	0x33, 0x87, 0xdd, 0x00, 0x93, 0x96, 0x07, 0x02, 0x23, 0x20, 0x66, 0x00, 0x93, 0xd7,
	0xe6, 0x01, 0x23, 0x20, 0x07, 0x00, 0xb3, 0x87, 0xfd, 0x00, 0x23, 0xa0, 0x07, 0x00,
	0x33, 0x88, 0x0d, 0x01, 0x23, 0x20, 0x08, 0x00, 0xb3, 0x87, 0xad, 0x00, 0x23, 0xa0,
	0x07, 0x00, 0x13, 0x07, 0x02, 0x00, 0x83, 0x37, 0x07, 0x09, 0x9b, 0x87, 0x07, 0x00,
	0xe3, 0x9c, 0x07, 0xfe, 0x6f, 0xd0, 0x4f, 0xf2, 0x83, 0x26, 0xc4, 0x16, 0xb7, 0x17,
	0x03, 0x00, 0xb3, 0x07, 0xf7, 0x00, 0x9b, 0xd6, 0x26, 0x00, 0x23, 0xaa, 0xd7, 0x00,
	0x6f, 0xf0, 0x0f, 0xb8, 0x13, 0x05, 0x10, 0x00, 0x23, 0x20, 0xa4, 0x10, 0x6f, 0x90,
	0x4f, 0x8c, 0x93, 0x0b, 0x00, 0x00, 0x93, 0x0a, 0x10, 0x00, 0x6f, 0xd0, 0x1f, 0xbd,
	0x33, 0x07, 0xb7, 0x00, 0x03, 0x25, 0xc7, 0x68, 0xb3, 0x85, 0xb6, 0x00, 0x03, 0x2e,
	0x84, 0x14, 0x93, 0x66, 0x15, 0x00, 0x23, 0x26, 0xd7, 0x68, 0x83, 0x26, 0xc7, 0x68,
	0x03, 0xa8, 0xc5, 0x3b, 0x93, 0x06, 0x20, 0x00, 0x03, 0xa6, 0x45, 0x3c, 0xbb, 0x96,
	0x06, 0x01, 0x9b, 0x86, 0xf6, 0xff, 0x33, 0x76, 0xd6, 0x00, 0x1b, 0x06, 0x06, 0x00,
	0x23, 0xac, 0xc5, 0x3a, 0x03, 0xa8, 0x85, 0x3b, 0x83, 0x26, 0x44, 0x12, 0x23, 0xa0,
	0xc5, 0x3c, 0x03, 0x26, 0x07, 0x3c, 0x03, 0x23, 0xc4, 0x14, 0x03, 0x28, 0x04, 0x15,
	0x23, 0x28, 0xc7, 0x35, 0x1b, 0xd6, 0x88, 0x00, 0x9b, 0x96, 0x16, 0x00, 0x23, 0x2a,
	0x67, 0x34, 0xb3, 0xe6, 0xc6, 0x00, 0x23, 0x2c, 0x07, 0x35, 0x9b, 0x86, 0x06, 0x00,
	0x23, 0x2e, 0xd7, 0x34, 0x83, 0x26, 0xc7, 0x35, 0x23, 0xa2, 0x05, 0x3e, 0x9b, 0x06,
	0x05, 0x00, 0x03, 0xa6, 0x45, 0x3e, 0x23, 0x26, 0xd7, 0x68, 0x03, 0x27, 0xc7, 0x68,
	0x83, 0x66, 0x04, 0x52, 0x37, 0x97, 0x98, 0x00, 0x13, 0x07, 0x07, 0x68, 0xb3, 0x86,
	0xe6, 0x02, 0x83, 0xb7, 0x87, 0x0f, 0x37, 0xc7, 0x00, 0x00, 0x13, 0x05, 0x70, 0x0c,
	0x93, 0x05, 0x02, 0x00, 0x33, 0x87, 0xed, 0x00, 0x73, 0x28, 0x00, 0xb0, 0x13, 0x00,
	0x00, 0x00, 0x73, 0x26, 0x00, 0xb0, 0x33, 0x06, 0x06, 0x41, 0xe3, 0x7a, 0xc5, 0xfe,
	0x03, 0xb6, 0x85, 0x0f, 0x33, 0x06, 0xf6, 0x40, 0x63, 0xf4, 0xc6, 0x00, 0x6f, 0x80,
	0x5f, 0xde, 0x03, 0x26, 0xc7, 0x35, 0xe3, 0x1c, 0x06, 0xfc, 0x6f, 0x80, 0x9f, 0xdd,
	0x33, 0x07, 0xb7, 0x00, 0x03, 0x25, 0xc7, 0x68, 0xb3, 0x85, 0xb6, 0x00, 0x03, 0x2e,
	0x84, 0x14, 0x93, 0x66, 0x15, 0x00, 0x23, 0x26, 0xd7, 0x68, 0x83, 0x26, 0xc7, 0x68,
	0x03, 0xa8, 0xc5, 0x3b, 0x93, 0x06, 0x20, 0x00, 0x03, 0xa6, 0x45, 0x3c, 0xbb, 0x96,
	0x06, 0x01, 0x9b, 0x86, 0xf6, 0xff, 0x33, 0x76, 0xd6, 0x00, 0x1b, 0x06, 0x06, 0x00,
	0x23, 0xac, 0xc5, 0x3a, 0x03, 0xa8, 0x85, 0x3b, 0x83, 0x26, 0x44, 0x12, 0x23, 0xa0,
	0xc5, 0x3c, 0x03, 0x26, 0x07, 0x3c, 0x03, 0x23, 0xc4, 0x14, 0x03, 0x28, 0x04, 0x15,
	0x23, 0x28, 0xc7, 0x35, 0x1b, 0xd6, 0x88, 0x00, 0x9b, 0x96, 0x16, 0x00, 0x23, 0x2a,
	0x67, 0x34, 0xb3, 0xe6, 0xc6, 0x00, 0x23, 0x2c, 0x07, 0x35, 0x9b, 0x86, 0x06, 0x00,
	0x23, 0x2e, 0xd7, 0x34, 0x83, 0x26, 0xc7, 0x35, 0x23, 0xa2, 0x05, 0x3e, 0x9b, 0x06,
	0x05, 0x00, 0x03, 0xa6, 0x45, 0x3e, 0x23, 0x26, 0xd7, 0x68, 0x03, 0x27, 0xc7, 0x68,
	0x83, 0x66, 0x04, 0x52, 0x37, 0x97, 0x98, 0x00, 0x13, 0x07, 0x07, 0x68, 0xb3, 0x86,
	0xe6, 0x02, 0x83, 0xb7, 0x87, 0x0f, 0x37, 0xc7, 0x00, 0x00, 0x13, 0x05, 0x70, 0x0c,
	0x93, 0x05, 0x02, 0x00, 0x33, 0x87, 0xed, 0x00, 0x73, 0x28, 0x00, 0xb0, 0x13, 0x00,
	0x00, 0x00, 0x73, 0x26, 0x00, 0xb0, 0x33, 0x06, 0x06, 0x41, 0xe3, 0x7a, 0xc5, 0xfe,
	0x03, 0xb6, 0x85, 0x0f, 0x33, 0x06, 0xf6, 0x40, 0x63, 0xf4, 0xc6, 0x00, 0x6f, 0x80,
	0x5f, 0xd0, 0x03, 0x26, 0xc7, 0x35, 0xe3, 0x1c, 0x06, 0xfc, 0x6f, 0x80, 0x9f, 0xcf,
	0x93, 0x05, 0x00, 0x00, 0x6f, 0xc0, 0x9f, 0xc9, 0x93, 0x05, 0x00, 0x00, 0x13, 0x06,
	0x10, 0x00, 0x6f, 0xc0, 0xdf, 0xc8, 0x13, 0x06, 0x10, 0x00, 0x93, 0x05, 0x10, 0x00,
	0x1b, 0x16, 0x66, 0x00, 0x9b, 0x95, 0x85, 0x00, 0xb3, 0xe5, 0xc5, 0x00, 0x93, 0x95,
	0x05, 0x02, 0xb3, 0x85, 0xd5, 0x00, 0x37, 0xc5, 0x00, 0x00, 0x37, 0x96, 0x00, 0x00,
	0x33, 0x06, 0xc7, 0x00, 0xb3, 0x85, 0xa5, 0x00, 0x13, 0x05, 0x00, 0x01, 0x83, 0xa8,
	0xc5, 0x37, 0x03, 0xa8, 0x85, 0x37, 0x03, 0x23, 0x46, 0x10, 0x23, 0x22, 0xa6, 0x10,
	0x03, 0x25, 0x46, 0x10, 0x13, 0x0e, 0x20, 0x01, 0x03, 0x25, 0x86, 0x11, 0x23, 0x22,
	0xc6, 0x11, 0x03, 0x2e, 0x46, 0x10, 0x83, 0x2e, 0x86, 0x11, 0x13, 0x0e, 0x40, 0x01,
	0x23, 0x22, 0xc6, 0x11, 0x03, 0x2e, 0x46, 0x10, 0x13, 0x0f, 0x80, 0x01, 0x03, 0x2e,
	0x86, 0x11, 0x23, 0x22, 0xe6, 0x11, 0x03, 0x2f, 0x46, 0x10, 0x83, 0x2f, 0x86, 0x11,
	0x13, 0x0f, 0xc0, 0x01, 0x23, 0x22, 0xe6, 0x11, 0x03, 0x2f, 0x46, 0x10, 0x1b, 0x03,
	0x03, 0x00, 0x03, 0x2f, 0x86, 0x11, 0x13, 0x75, 0xf5, 0x3f, 0x23, 0x22, 0x66, 0x10,
	0x93, 0xfe, 0xfe, 0x3f, 0x03, 0xa3, 0x85, 0x3b, 0x3b, 0x06, 0xd5, 0x01, 0x83, 0xae,
	0x05, 0x3c, 0x13, 0x75, 0xfe, 0x3f, 0x03, 0xae, 0x45, 0x3c, 0x3b, 0x06, 0xa6, 0x00,
	0x93, 0xf5, 0xff, 0x3f, 0x3b, 0x06, 0xb6, 0x00, 0x13, 0x7f, 0xff, 0x3f, 0x1b, 0x85,
	0x08, 0x00, 0x9b, 0x05, 0x08, 0x00, 0x3b, 0x06, 0xe6, 0x01, 0x1b, 0x08, 0x03, 0x00,
	0x9b, 0x08, 0x0e, 0x00, 0x1b, 0x83, 0x0e, 0x00, 0x03, 0xbe, 0x87, 0x0f, 0x93, 0x95,
	0x05, 0x02, 0x93, 0xd5, 0x05, 0x02, 0x13, 0x15, 0x05, 0x02, 0x33, 0x65, 0xb5, 0x00,
	0x93, 0x05, 0x00, 0x00, 0x23, 0xb0, 0xb7, 0x12, 0x23, 0x3c, 0xc5, 0x15, 0x13, 0x0e,
	0x02, 0x00, 0x83, 0x35, 0x0e, 0x09, 0x9b, 0x85, 0x05, 0x00, 0xe3, 0x9c, 0x05, 0xfe,
	0x23, 0x28, 0xc5, 0x16, 0x23, 0x2a, 0x65, 0x16, 0x23, 0x2c, 0x15, 0x17, 0x23, 0x2e,
	0x05, 0x17, 0x93, 0x05, 0x02, 0x00, 0x03, 0xb6, 0x05, 0x09, 0x1b, 0x06, 0x06, 0x00,
	0xe3, 0x1c, 0x06, 0xfe, 0x37, 0x16, 0x03, 0x00, 0x33, 0x08, 0xc7, 0x00, 0x23, 0x20,
	0x08, 0x80, 0x03, 0xb6, 0x07, 0x2f, 0x1b, 0x06, 0x06, 0x00, 0x63, 0x04, 0x06, 0x22,
	0x37, 0xd6, 0x00, 0x00, 0xb3, 0x08, 0xc7, 0x00, 0x03, 0xa6, 0x88, 0xe0, 0x13, 0x03,
	0x00, 0x10, 0x03, 0xa6, 0xc8, 0xe0, 0x23, 0x20, 0x68, 0x80, 0x03, 0xb6, 0x07, 0x2f,
	0x1b, 0x06, 0x06, 0x00, 0x63, 0x02, 0x06, 0x20, 0x03, 0xa6, 0x88, 0xe0, 0x03, 0xa6,
	0xc8, 0xe0, 0x23, 0x20, 0x08, 0x80, 0x03, 0xb6, 0x07, 0x2f, 0x1b, 0x06, 0x06, 0x00,
	0x63, 0x06, 0x06, 0x1e, 0x93, 0x05, 0x10, 0x00, 0x03, 0xa6, 0xc8, 0xe2, 0x23, 0x20,
	0xb8, 0x80, 0x03, 0xb6, 0x07, 0x2f, 0x1b, 0x06, 0x06, 0x00, 0x63, 0x0a, 0x06, 0x1c,
	0x03, 0xa6, 0xc8, 0xe2, 0x23, 0x20, 0x68, 0x80, 0x03, 0xb6, 0x07, 0x2f, 0x1b, 0x06,
	0x06, 0x00, 0x63, 0x00, 0x06, 0x1c, 0x03, 0xa6, 0xc8, 0xe2, 0x13, 0x06, 0x10, 0x10,
	0x23, 0x20, 0xc8, 0x80, 0x03, 0xb6, 0x07, 0x2f, 0x1b, 0x06, 0x06, 0x00, 0x63, 0x04,
	0x06, 0x1a, 0x03, 0xa6, 0xc8, 0xe2, 0x23, 0x20, 0x08, 0x80, 0x03, 0xb6, 0x07, 0x2f,
	0x1b, 0x06, 0x06, 0x00, 0x63, 0x0a, 0x06, 0x18, 0x03, 0xa6, 0x48, 0xe7, 0x23, 0x20,
	0xb8, 0x80, 0x03, 0xb6, 0x07, 0x2f, 0x1b, 0x06, 0x06, 0x00, 0x63, 0x00, 0x06, 0x18,
	0x03, 0xa6, 0x48, 0xe7, 0x23, 0x20, 0x68, 0x80, 0x03, 0xb6, 0x07, 0x2f, 0x1b, 0x06,
	0x06, 0x00, 0x63, 0x06, 0x06, 0x16, 0xb7, 0xd5, 0x00, 0x00, 0x37, 0x16, 0x03, 0x00,
	0xb3, 0x05, 0xb7, 0x00, 0x33, 0x06, 0xc7, 0x00, 0x13, 0x03, 0x10, 0x10, 0x03, 0xa8,
	0x45, 0xe7, 0x23, 0x20, 0x66, 0x80, 0x03, 0xb8, 0x07, 0x2f, 0x1b, 0x08, 0x08, 0x00,
	0x63, 0x02, 0x08, 0x14, 0x03, 0xa8, 0x45, 0xe7, 0x23, 0x20, 0x06, 0x80, 0x03, 0xb8,
	0x07, 0x2f, 0x1b, 0x08, 0x08, 0x00, 0x63, 0x08, 0x08, 0x12, 0x03, 0xa8, 0xc5, 0xe3,
	0x13, 0x08, 0x10, 0x00, 0x23, 0x20, 0x06, 0x81, 0x03, 0xb8, 0x07, 0x2f, 0x1b, 0x08,
	0x08, 0x00, 0x63, 0x0c, 0x08, 0x10, 0x13, 0x08, 0x00, 0x10, 0x83, 0xa8, 0xc5, 0xe3,
	0x23, 0x20, 0x06, 0x81, 0x83, 0xb8, 0x07, 0x2f, 0x9b, 0x88, 0x08, 0x00, 0x63, 0x80,
	0x08, 0x10, 0x83, 0xa8, 0xc5, 0xe3, 0x23, 0x20, 0x66, 0x80, 0x83, 0xb8, 0x07, 0x2f,
	0x9b, 0x88, 0x08, 0x00, 0x63, 0x86, 0x08, 0x0e, 0x83, 0xa8, 0xc5, 0xe3, 0x23, 0x20,
	0x06, 0x80, 0x83, 0xb8, 0x07, 0x2f, 0x9b, 0x88, 0x08, 0x00, 0x63, 0x8c, 0x08, 0x0c,
	0x83, 0xa8, 0xc5, 0xe4, 0x23, 0x20, 0x06, 0x81, 0x83, 0xb8, 0x07, 0x2f, 0x9b, 0x88,
	0x08, 0x00, 0x63, 0x82, 0x08, 0x0c, 0x83, 0xa8, 0xc5, 0xe4, 0x23, 0x20, 0x06, 0x80,
	0x83, 0xb8, 0x07, 0x2f, 0x9b, 0x88, 0x08, 0x00, 0x63, 0x88, 0x08, 0x0a, 0x83, 0xa8,
	0x05, 0xe3, 0x23, 0x20, 0x06, 0x81, 0x03, 0xb8, 0x07, 0x2f, 0x1b, 0x08, 0x08, 0x00,
	0x63, 0x0e, 0x08, 0x08, 0x83, 0xa5, 0x05, 0xe3, 0x23, 0x20, 0x06, 0x80, 0x03, 0xb6,
	0x07, 0x2f, 0x1b, 0x06, 0x06, 0x00, 0x63, 0x04, 0x06, 0x08, 0xb7, 0xd5, 0x00, 0x00,
	0xb3, 0x05, 0xb7, 0x00, 0x03, 0xa6, 0x05, 0xeb, 0x37, 0x16, 0x03, 0x00, 0x33, 0x07,
	0xc7, 0x00, 0x23, 0x20, 0x07, 0x80, 0x03, 0xb6, 0x07, 0x2f, 0x1b, 0x06, 0x06, 0x00,
	0x63, 0x02, 0x06, 0x06, 0x03, 0xa6, 0x45, 0xe6, 0x37, 0x06, 0x01, 0x00, 0x23, 0x20,
	0xc7, 0x80, 0x03, 0xb6, 0x07, 0x2f, 0x1b, 0x06, 0x06, 0x00, 0x63, 0x06, 0x06, 0x04,
	0x03, 0xa6, 0x45, 0xe6, 0x37, 0x06, 0x00, 0xe0, 0x23, 0x20, 0xc7, 0x80, 0x13, 0x07,
	0x00, 0x00, 0x23, 0xb0, 0xe7, 0x12, 0xb7, 0x17, 0x87, 0xd7, 0x93, 0x87, 0x27, 0xf4,
	0x23, 0x20, 0xf5, 0x16, 0xb7, 0x57, 0x6c, 0xc9, 0x93, 0x87, 0x57, 0x79, 0x23, 0x22,
	0xf5, 0x16, 0x13, 0x07, 0x02, 0x00, 0x83, 0x37, 0x07, 0x09, 0x9b, 0x87, 0x07, 0x00,
	0xe3, 0x9c, 0x07, 0xfe, 0x6f, 0xa0, 0x4f, 0xa3, 0x13, 0x06, 0x00, 0x00, 0x6f, 0xf0,
	0xdf, 0xca, 0x37, 0x15, 0x00, 0x00, 0x13, 0x05, 0x25, 0x1c, 0xef, 0x00, 0x10, 0x73,
	0x13, 0x06, 0x00, 0x00, 0x93, 0x05, 0x10, 0x00, 0x6f, 0xf0, 0x5f, 0xc9, 0x13, 0x06,
	0x10, 0x00, 0x6f, 0xf0, 0xdf, 0xc8, 0x93, 0x05, 0x10, 0x00, 0x6f, 0xc0, 0x5f, 0x90,
	0x03, 0x2e, 0x84, 0x14, 0x03, 0x25, 0x44, 0x12, 0x03, 0x23, 0xc4, 0x14, 0x33, 0x07,
	0xb7, 0x00, 0x03, 0x28, 0x04, 0x15, 0x23, 0x28, 0xc7, 0x35, 0x9b, 0xd8, 0x88, 0x00,
	0x1b, 0x15, 0x15, 0x00, 0x23, 0x2a, 0x67, 0x34, 0x33, 0x65, 0x15, 0x01, 0x23, 0x2c,
	0x07, 0x35, 0x1b, 0x05, 0x05, 0x00, 0x23, 0x2e, 0xa7, 0x34, 0xb3, 0x85, 0xb6, 0x00,
	0x03, 0x27, 0xc7, 0x35, 0x23, 0xa2, 0xc5, 0x3e, 0x03, 0xa7, 0x45, 0x3e, 0x83, 0x66,
	0x04, 0x52, 0x37, 0x97, 0x98, 0x00, 0x13, 0x07, 0x07, 0x68, 0xb3, 0x86, 0xe6, 0x02,
	0x83, 0xb7, 0x87, 0x0f, 0x37, 0xc7, 0x00, 0x00, 0x13, 0x05, 0x70, 0x0c, 0x93, 0x05,
	0x02, 0x00, 0x33, 0x87, 0xed, 0x00, 0x73, 0x28, 0x00, 0xb0, 0x13, 0x00, 0x00, 0x00,
	0x73, 0x26, 0x00, 0xb0, 0x33, 0x06, 0x06, 0x41, 0xe3, 0x7a, 0xc5, 0xfe, 0x03, 0xb6,
	0x85, 0x0f, 0x33, 0x06, 0xf6, 0x40, 0x63, 0xf4, 0xc6, 0x00, 0x6f, 0x80, 0x1f, 0x8d,
	0x03, 0x26, 0xc7, 0x35, 0xe3, 0x1c, 0x06, 0xfc, 0x6f, 0x80, 0x5f, 0x8c, 0x83, 0xaf,
	0x8e, 0x00, 0x03, 0xaa, 0x0e, 0x01, 0x83, 0xab, 0x8e, 0x01, 0x03, 0xa3, 0x0e, 0x02,
	0x83, 0xaa, 0x8e, 0x02, 0x83, 0x33, 0x01, 0x02, 0x83, 0xa8, 0x0e, 0x03, 0x1b, 0x95,
	0x89, 0x00, 0x93, 0x9b, 0x0b, 0x02, 0x93, 0x9a, 0x0a, 0x02, 0x93, 0xdb, 0x0b, 0x02,
	0x93, 0xda, 0x0a, 0x02, 0x33, 0xe5, 0xa3, 0x00, 0x13, 0x13, 0x03, 0x02, 0x93, 0x98,
	0x08, 0x02, 0x9b, 0x8f, 0x0f, 0x00, 0x1b, 0x0a, 0x0a, 0x00, 0x33, 0x63, 0x73, 0x01,
	0xb3, 0xe8, 0x58, 0x01, 0x13, 0x65, 0x05, 0x03, 0xb7, 0x2a, 0x00, 0x00, 0x9b, 0x8a,
	0x1a, 0x10, 0x93, 0x9a, 0x3a, 0x02, 0x13, 0x15, 0x05, 0x02, 0x33, 0x65, 0x55, 0x01,
	0x83, 0x33, 0x01, 0x03, 0xb3, 0x0a, 0x15, 0x00, 0x9b, 0x0b, 0x03, 0x00, 0x33, 0x7a,
	0x7a, 0x00, 0xb7, 0x03, 0x00, 0x60, 0x33, 0x6a, 0x7a, 0x00, 0x23, 0xa2, 0x7a, 0x83,
	0x9b, 0x03, 0x0a, 0x00, 0x93, 0x5b, 0x03, 0x42, 0x9b, 0xdf, 0x8f, 0x00, 0x23, 0xa4,
	0x7a, 0x83, 0x13, 0x03, 0x03, 0x20, 0x93, 0xff, 0xff, 0x00, 0x23, 0x3c, 0x71, 0x00,
	0x83, 0x33, 0x81, 0x03, 0x13, 0x1a, 0x0b, 0x03, 0x23, 0x24, 0x2a, 0x1d, 0x23, 0xa2,
	0x03, 0x04, 0x23, 0x26, 0x8e, 0x8b, 0x03, 0x2a, 0xce, 0x8a, 0x03, 0x3a, 0x06, 0x03,
	0xe3, 0x1e, 0x0a, 0xfe, 0x13, 0x0a, 0x10, 0x00, 0x23, 0x38, 0x46, 0x0d, 0x9b, 0x0a,
	0x03, 0x00, 0x83, 0x33, 0x01, 0x00, 0x23, 0x20, 0x58, 0x21, 0x13, 0x53, 0x03, 0x42,
	0x23, 0x22, 0x68, 0x20, 0x23, 0x24, 0x78, 0x20, 0x23, 0x26, 0x08, 0x20, 0x37, 0x2a,
	0x00, 0x62, 0x23, 0x20, 0x48, 0x1f, 0x03, 0x3a, 0x06, 0x4b, 0x9b, 0x0b, 0x0a, 0x00,
	0x23, 0x28, 0x78, 0x27, 0x13, 0x5a, 0x0a, 0x42, 0xb7, 0x03, 0x00, 0x68, 0x23, 0x2a,
	0x48, 0x27, 0x9b, 0x83, 0x43, 0x0e, 0x23, 0x28, 0x78, 0x20, 0x03, 0x3a, 0x06, 0x03,
	0xe3, 0x1e, 0x0a, 0xfe, 0x13, 0x0a, 0x10, 0x00, 0x23, 0x38, 0x46, 0x0d, 0x23, 0x20,
	0x58, 0x21, 0x23, 0x22, 0x68, 0x20, 0x03, 0x33, 0x01, 0x00, 0x23, 0x24, 0x68, 0x20,
	0x23, 0x26, 0x08, 0x20, 0x37, 0x23, 0x00, 0x62, 0x23, 0x20, 0x68, 0x1e, 0x03, 0x33,
	0x06, 0x4b, 0x1b, 0x0a, 0x03, 0x00, 0x23, 0x28, 0x48, 0x27, 0x13, 0x53, 0x03, 0x42,
	0x23, 0x2a, 0x68, 0x26, 0x03, 0x33, 0x81, 0x02, 0x13, 0x0a, 0xd0, 0x01, 0x23, 0x28,
	0x68, 0x20, 0x83, 0xab, 0x85, 0x1c, 0x9b, 0x8b, 0x0b, 0x00, 0xf3, 0x2a, 0x00, 0xb0,
	0x13, 0x00, 0x00, 0x00, 0x73, 0x23, 0x00, 0xb0, 0x33, 0x03, 0x53, 0x41, 0xe3, 0x7a,
	0x6a, 0xfe, 0xe3, 0x82, 0x2b, 0xff, 0x13, 0x03, 0x00, 0x00, 0x23, 0x38, 0x66, 0x0c,
	0x37, 0x23, 0x00, 0x00, 0x23, 0x26, 0x6e, 0x8a, 0x03, 0x23, 0xce, 0x8a, 0x03, 0xaa,
	0x85, 0x01, 0x33, 0x03, 0x15, 0x00, 0x13, 0x7a, 0x0a, 0xff, 0x33, 0x6a, 0xfa, 0x01,
	0x23, 0x28, 0x43, 0x83, 0x03, 0x2a, 0x03, 0x83, 0x63, 0x02, 0x0a, 0x00, 0x03, 0xaa,
	0x05, 0x02, 0x83, 0x33, 0x81, 0x01, 0x1b, 0x0a, 0x0a, 0x00, 0x23, 0x2a, 0x43, 0x83,
	0x03, 0xaa, 0x85, 0x02, 0x1b, 0x0a, 0x0a, 0x00, 0x23, 0x2c, 0x43, 0x83, 0x03, 0xaa,
	0x05, 0x03, 0x1b, 0x0a, 0x0a, 0x00, 0x23, 0x2e, 0x43, 0x83, 0x03, 0xaa, 0x85, 0x03,
	0x1b, 0x0a, 0x0a, 0x00, 0x23, 0x20, 0x43, 0x85, 0x03, 0xaa, 0x05, 0x04, 0x1b, 0x0a,
	0x0a, 0x00, 0x23, 0x22, 0x43, 0x85, 0x03, 0xaa, 0x85, 0x04, 0x1b, 0x0a, 0x0a, 0x00,
	0x23, 0x24, 0x43, 0x85, 0x03, 0xaa, 0x05, 0x05, 0x1b, 0x0a, 0x0a, 0x00, 0x23, 0x26,
	0x43, 0x85, 0x03, 0xaa, 0x85, 0x05, 0x1b, 0x0a, 0x0a, 0x00, 0x23, 0x28, 0x43, 0x85,
	0x03, 0xaa, 0x05, 0x06, 0x1b, 0x0a, 0x0a, 0x00, 0x23, 0x2a, 0x43, 0x85, 0x03, 0xaa,
	0x85, 0x06, 0x1b, 0x0a, 0x0a, 0x00, 0x23, 0x2c, 0x43, 0x85, 0x03, 0xaa, 0x05, 0x07,
	0x1b, 0x0a, 0x0a, 0x00, 0x23, 0x2e, 0x43, 0x85, 0x03, 0xaa, 0x85, 0x08, 0x1b, 0x0a,
	0x0a, 0x00, 0x23, 0x24, 0x43, 0x87, 0x23, 0x20, 0x73, 0x86, 0x03, 0xaa, 0x05, 0x0e,
	0x1b, 0x0a, 0x0a, 0x00, 0x23, 0x2a, 0x43, 0x89, 0x03, 0xaa, 0x85, 0x0e, 0x1b, 0x0a,
	0x0a, 0x00, 0x23, 0x2c, 0x43, 0x89, 0x03, 0xaa, 0x05, 0x0f, 0x1b, 0x0a, 0x0a, 0x00,
	0x23, 0x2e, 0x43, 0x89, 0x03, 0xaa, 0x85, 0x0f, 0x1b, 0x0a, 0x0a, 0x00, 0x23, 0x20,
	0x43, 0x8b, 0x03, 0xaa, 0x05, 0x10, 0x1b, 0x0a, 0x0a, 0x00, 0x23, 0x22, 0x43, 0x8b,
	0x03, 0xaa, 0x85, 0x10, 0x1b, 0x0a, 0x0a, 0x00, 0x23, 0x24, 0x43, 0x8b, 0x03, 0xaa,
	0x85, 0x11, 0x1b, 0x0a, 0x0a, 0x00, 0x23, 0x28, 0x43, 0x8b, 0x03, 0xaa, 0x85, 0x19,
	0x1b, 0x0a, 0x0a, 0x00, 0x23, 0x28, 0x43, 0x8f, 0x03, 0x33, 0x06, 0x09, 0xe3, 0x1e,
	0x03, 0xfe, 0x33, 0x0a, 0x15, 0x00, 0x9b, 0x8a, 0x08, 0x00, 0x23, 0x2c, 0x5a, 0x85,
	0x93, 0xda, 0x08, 0x42, 0x23, 0x2e, 0x5a, 0x85, 0x03, 0x2a, 0x8a, 0x86, 0x23, 0x30,
	0x66, 0x12, 0x23, 0x3c, 0x66, 0x0c, 0x23, 0x30, 0x66, 0x12, 0x23, 0x3c, 0x66, 0x0c,
	0x03, 0x33, 0x86, 0x02, 0x1b, 0x9a, 0x4f, 0x01, 0xb7, 0x4f, 0x00, 0x00, 0xb3, 0x6f,
	0xfa, 0x01, 0x93, 0x9f, 0x0f, 0x02, 0x13, 0x53, 0x63, 0x02, 0x93, 0xdf, 0x0f, 0x02,
	0x23, 0x2c, 0xf6, 0x09, 0x83, 0x6f, 0x86, 0x02, 0x63, 0x82, 0x0f, 0x00, 0x83, 0x6f,
	0x86, 0x02, 0x63, 0x82, 0x0f, 0x00, 0x83, 0xef, 0x08, 0x00, 0x83, 0xe8, 0x48, 0x00,
	0x93, 0x98, 0x08, 0x02, 0xb3, 0xe8, 0xf8, 0x01, 0x83, 0x3f, 0x06, 0x09, 0xe3, 0x9e,
	0x0f, 0xfe, 0x37, 0x0a, 0xf0, 0x00, 0x1b, 0x13, 0x43, 0x01, 0x33, 0x73, 0x43, 0x01,
	0x13, 0x63, 0x83, 0x00, 0x13, 0x13, 0x03, 0x02, 0x13, 0x53, 0x03, 0x02, 0x23, 0x2c,
	0x66, 0x08, 0x03, 0x63, 0x86, 0x02, 0x63, 0x02, 0x03, 0x00, 0x03, 0x63, 0x86, 0x02,
	0x63, 0x02, 0x03, 0x00, 0x33, 0x05, 0x15, 0x00, 0x1b, 0x83, 0x08, 0x00, 0x23, 0x2e,
	0x65, 0x8e, 0x93, 0xd8, 0x08, 0x42, 0x23, 0x20, 0x15, 0x91, 0x13, 0x03, 0x10, 0x00,
	0x23, 0x26, 0x65, 0x82, 0x83, 0x28, 0x85, 0x86, 0x23, 0x26, 0x8e, 0x8b, 0x03, 0x2a,
	0xce, 0x8a, 0x9b, 0xd8, 0x88, 0x01, 0x93, 0xf8, 0x38, 0x00, 0x23, 0x30, 0x16, 0x13,
	0x93, 0x98, 0x78, 0x00, 0x23, 0x3c, 0x16, 0x0d, 0x83, 0x28, 0x85, 0x82, 0x03, 0x25,
	0x45, 0x82, 0x9b, 0x88, 0x08, 0x00, 0x1b, 0x05, 0x05, 0x00, 0x23, 0x30, 0xf6, 0x13,
	0x13, 0x15, 0x05, 0x02, 0x13, 0x55, 0x05, 0x02, 0x93, 0x98, 0x08, 0x02, 0xb3, 0xe8,
	0xa8, 0x00, 0x13, 0x85, 0x88, 0x20, 0x23, 0x20, 0x65, 0x00, 0x03, 0x35, 0x06, 0x09,
	0xe3, 0x1e, 0x05, 0xfe, 0x37, 0x25, 0x00, 0x00, 0x23, 0x26, 0xae, 0x8a, 0x03, 0x25,
	0xce, 0x8a, 0x6f, 0xa0, 0xdf, 0x81, 0x37, 0xd6, 0x00, 0x00, 0x93, 0x05, 0xc1, 0x05,
	0x13, 0x05, 0x36, 0x85, 0x23, 0x2e, 0x01, 0x04, 0xef, 0x00, 0x00, 0x47, 0x13, 0x07,
	0x10, 0x00, 0x23, 0x28, 0xe2, 0x46, 0x83, 0x67, 0x82, 0x02, 0x63, 0x82, 0x07, 0x00,
	0xb7, 0xc7, 0x00, 0x00, 0xb3, 0x06, 0x9b, 0x01, 0x1b, 0x97, 0x3b, 0x00, 0xb3, 0x86,
	0xf6, 0x00, 0x33, 0xe7, 0xea, 0x00, 0x93, 0x07, 0x10, 0x00, 0x03, 0xa5, 0xc6, 0x3b,
	0x83, 0x25, 0xc1, 0x05, 0xbb, 0x97, 0xe7, 0x00, 0x93, 0xc7, 0xf7, 0xff, 0x9b, 0x87,
	0x07, 0x00, 0xb3, 0xf5, 0xf5, 0x00, 0x37, 0xd6, 0x00, 0x00, 0x93, 0x77, 0xf5, 0xfb,
	0x23, 0xae, 0xf6, 0x3a, 0x13, 0x05, 0x36, 0x85, 0x23, 0x30, 0xb1, 0x00, 0xef, 0x00,
	0xc0, 0x2f, 0x83, 0x35, 0x01, 0x00, 0xb3, 0x07, 0x9b, 0x01, 0x37, 0xf7, 0x03, 0x00,
	0xb3, 0x87, 0xe7, 0x00, 0x23, 0xac, 0xb7, 0x04, 0x23, 0x38, 0x02, 0x46, 0x83, 0x67,
	0x82, 0x02, 0x63, 0x82, 0x07, 0x00, 0x6f, 0xd0, 0x8f, 0xa8, 0x93, 0x0b, 0x10, 0x00,
	0x6f, 0xd0, 0x4f, 0x98, 0x93, 0x0b, 0x00, 0x00, 0x6f, 0xd0, 0xcf, 0x97, 0x13, 0x01,
	0x01, 0xff, 0x23, 0x34, 0x11, 0x00, 0xef, 0x20, 0x80, 0x19, 0x63, 0x08, 0x05, 0x00,
	0x83, 0x30, 0x81, 0x00, 0x13, 0x01, 0x01, 0x01, 0x67, 0x80, 0x00, 0x00, 0x13, 0x05,
	0x20, 0x15, 0xef, 0x00, 0x90, 0x1f, 0x6f, 0x20, 0xc0, 0x18, 0x97, 0xe7, 0x0e, 0x00,
	0x93, 0x87, 0x07, 0x23, 0x23, 0x30, 0xf5, 0x00, 0x23, 0x34, 0x05, 0x00, 0x67, 0x80,
	0x00, 0x00, 0x93, 0x07, 0x80, 0x00, 0x17, 0xe7, 0x0e, 0x00, 0x13, 0x07, 0x87, 0x23,
	0x93, 0x97, 0x07, 0x02, 0x93, 0x87, 0x87, 0x00, 0x23, 0x30, 0xe5, 0x00, 0x13, 0x07,
	0x40, 0x00, 0x23, 0x28, 0xe5, 0x1a, 0x23, 0x30, 0xf5, 0x12, 0x23, 0x34, 0xf5, 0x12,
	0x23, 0x34, 0x05, 0x00, 0x23, 0x38, 0x05, 0x00, 0x23, 0x2c, 0x05, 0x00, 0x93, 0x07,
	0x05, 0x13, 0x13, 0x07, 0x05, 0x17, 0x23, 0xa0, 0x07, 0x00, 0x23, 0xa0, 0x07, 0x04,
	0x93, 0x87, 0x47, 0x00, 0xe3, 0x9a, 0xe7, 0xfe, 0x93, 0x07, 0x05, 0x02, 0x13, 0x07,
	0x05, 0x12, 0x23, 0xb0, 0x07, 0x00, 0x93, 0x87, 0x87, 0x00, 0xe3, 0x9c, 0xe7, 0xfe,
	0x23, 0x2a, 0x05, 0x1a, 0x23, 0x3c, 0x05, 0x1a, 0x67, 0x80, 0x00, 0x00, 0x67, 0x80,
	0x00, 0x00, 0x13, 0x01, 0x01, 0xfe, 0xb7, 0x17, 0x00, 0x00, 0x23, 0x38, 0x81, 0x00,
	0x23, 0x34, 0x91, 0x00, 0x23, 0x3c, 0x11, 0x00, 0x93, 0x87, 0x07, 0xff, 0x13, 0x04,
	0x05, 0x00, 0x93, 0x84, 0x05, 0x00, 0x63, 0x0a, 0xf6, 0x02, 0x1b, 0x15, 0x24, 0x00,
	0x13, 0x15, 0x05, 0x02, 0x93, 0x05, 0x10, 0x00, 0x13, 0x55, 0x05, 0x02, 0xef, 0x10,
	0x10, 0x1b, 0x83, 0x30, 0x81, 0x01, 0x03, 0x34, 0x01, 0x01, 0x23, 0xb0, 0xa4, 0x00,
	0x83, 0x34, 0x81, 0x00, 0x13, 0x05, 0x00, 0x00, 0x13, 0x01, 0x01, 0x02, 0x67, 0x80,
	0x00, 0x00, 0x13, 0x05, 0x00, 0x07, 0xef, 0x10, 0x40, 0x5b, 0x1b, 0x06, 0x05, 0x00,
	0x6f, 0xf0, 0x5f, 0xfc, 0x13, 0x01, 0x01, 0xfe, 0xb7, 0x17, 0x00, 0x00, 0x23, 0x38,
	0x81, 0x00, 0x23, 0x34, 0x91, 0x00, 0x23, 0x3c, 0x11, 0x00, 0x93, 0x87, 0x07, 0xff,
	0x13, 0x04, 0x05, 0x00, 0x93, 0x84, 0x05, 0x00, 0x63, 0x0a, 0xf6, 0x02, 0x1b, 0x15,
	0x24, 0x00, 0x13, 0x15, 0x05, 0x02, 0x93, 0x05, 0x00, 0x00, 0x13, 0x55, 0x05, 0x02,
	0xef, 0x10, 0xd0, 0x14, 0x83, 0x30, 0x81, 0x01, 0x03, 0x34, 0x01, 0x01, 0x23, 0xa0,
	0xa4, 0x00, 0x83, 0x34, 0x81, 0x00, 0x13, 0x05, 0x00, 0x00, 0x13, 0x01, 0x01, 0x02,
	0x67, 0x80, 0x00, 0x00, 0x13, 0x05, 0x00, 0x07, 0xef, 0x10, 0x00, 0x55, 0x1b, 0x06,
	0x05, 0x00, 0x6f, 0xf0, 0x5f, 0xfc, 0x1b, 0x15, 0x25, 0x00, 0x93, 0x16, 0x06, 0x02,
	0x13, 0x15, 0x05, 0x02, 0x13, 0x01, 0x01, 0xff, 0x13, 0x55, 0x05, 0x02, 0x93, 0xd6,
	0x06, 0x02, 0x13, 0x06, 0x10, 0x00, 0x23, 0x34, 0x11, 0x00, 0xef, 0x10, 0x40, 0x68,
	0x83, 0x30, 0x81, 0x00, 0x13, 0x05, 0x00, 0x00, 0x13, 0x01, 0x01, 0x01, 0x67, 0x80,
	0x00, 0x00, 0x13, 0x01, 0x01, 0xff, 0xb7, 0x37, 0x00, 0x00, 0x93, 0x95, 0x05, 0x02,
	0x93, 0x16, 0x06, 0x02, 0x23, 0x34, 0x11, 0x00, 0x93, 0x87, 0xf7, 0x0f, 0x93, 0xd5,
	0x05, 0x02, 0x93, 0xd6, 0x06, 0x02, 0x63, 0x04, 0xf5, 0x02, 0x1b, 0x15, 0x25, 0x00,
	0x13, 0x15, 0x05, 0x02, 0x13, 0x55, 0x05, 0x02, 0x13, 0x06, 0x00, 0x00, 0xef, 0x10,
	0xc0, 0x63, 0x83, 0x30, 0x81, 0x00, 0x13, 0x05, 0x00, 0x00, 0x13, 0x01, 0x01, 0x01,
	0x67, 0x80, 0x00, 0x00, 0x37, 0xc5, 0x00, 0x00, 0x13, 0x86, 0x06, 0x00, 0x13, 0x05,
	0xc5, 0x3f, 0xef, 0x10, 0xc0, 0x50, 0x83, 0x30, 0x81, 0x00, 0x13, 0x05, 0x00, 0x00,
	0x13, 0x01, 0x01, 0x01, 0x67, 0x80, 0x00, 0x00, 0x13, 0x01, 0x01, 0xff, 0x23, 0x34,
	0x11, 0x00, 0xef, 0x10, 0x80, 0x4c, 0x83, 0x30, 0x81, 0x00, 0x13, 0x05, 0x00, 0x00,
	0x13, 0x01, 0x01, 0x01, 0x67, 0x80, 0x00, 0x00, 0x13, 0x01, 0x01, 0xff, 0x23, 0x30,
	0x81, 0x00, 0x23, 0x34, 0x11, 0x00, 0x13, 0x04, 0x05, 0x00, 0xef, 0x10, 0x40, 0x4b,
	0x23, 0x20, 0xa4, 0x00, 0x83, 0x30, 0x81, 0x00, 0x03, 0x34, 0x01, 0x00, 0x13, 0x05,
	0x00, 0x00, 0x13, 0x01, 0x01, 0x01, 0x67, 0x80, 0x00, 0x00, 0x13, 0x01, 0x01, 0xff,
	0x23, 0x34, 0x11, 0x00, 0xef, 0x10, 0x10, 0x26, 0x83, 0x30, 0x81, 0x00, 0x13, 0x05,
	0x00, 0x00, 0x13, 0x01, 0x01, 0x01, 0x67, 0x80, 0x00, 0x00, 0x13, 0x01, 0x01, 0xff,
	0x23, 0x30, 0x81, 0x00, 0x23, 0x34, 0x11, 0x00, 0x13, 0x04, 0x05, 0x00, 0xef, 0x10,
	0x90, 0x25, 0x13, 0x77, 0x35, 0x00, 0x9b, 0x56, 0x25, 0x00, 0x63, 0x90, 0xe6, 0x02,
	0x9b, 0x57, 0x25, 0x00, 0x83, 0x30, 0x81, 0x00, 0x23, 0x20, 0xf4, 0x00, 0x03, 0x34,
	0x01, 0x00, 0x13, 0x05, 0x00, 0x00, 0x13, 0x01, 0x01, 0x01, 0x67, 0x80, 0x00, 0x00,
	0x83, 0x30, 0x81, 0x00, 0x03, 0x34, 0x01, 0x00, 0x13, 0x05, 0x20, 0x00, 0x13, 0x01,
	0x01, 0x01, 0x67, 0x80, 0x00, 0x00, 0x1b, 0x15, 0x25, 0x00, 0x13, 0x15, 0x05, 0x02,
	0x93, 0x95, 0x05, 0x02, 0x13, 0x01, 0x01, 0xff, 0x13, 0x55, 0x05, 0x02, 0x13, 0x06,
	0x00, 0x00, 0x93, 0xd5, 0x05, 0x02, 0x23, 0x34, 0x11, 0x00, 0xef, 0x10, 0xc0, 0x57,
	0x83, 0x30, 0x81, 0x00, 0x13, 0x05, 0x00, 0x00, 0x13, 0x01, 0x01, 0x01, 0x67, 0x80,
	0x00, 0x00, 0x1b, 0x15, 0x25, 0x00, 0x13, 0x15, 0x05, 0x02, 0x13, 0x01, 0x01, 0xff,
	0x13, 0x55, 0x05, 0x02, 0x13, 0x06, 0x10, 0x00, 0x23, 0x34, 0x11, 0x00, 0xef, 0x10,
	0x00, 0x55, 0x83, 0x30, 0x81, 0x00, 0x13, 0x05, 0x00, 0x00, 0x13, 0x01, 0x01, 0x01,
	0x67, 0x80, 0x00, 0x00, 0x13, 0x01, 0x01, 0xff, 0xb7, 0x37, 0x00, 0x00, 0x93, 0x95,
	0x05, 0x02, 0x93, 0x16, 0x06, 0x02, 0x23, 0x34, 0x11, 0x00, 0x93, 0x87, 0xf7, 0x0f,
	0x93, 0xd5, 0x05, 0x02, 0x93, 0xd6, 0x06, 0x02, 0x63, 0x04, 0xf5, 0x02, 0x1b, 0x15,
	0x25, 0x00, 0x13, 0x15, 0x05, 0x02, 0x13, 0x55, 0x05, 0x02, 0x13, 0x06, 0x00, 0x00,
	0xef, 0x10, 0x00, 0x4c, 0x83, 0x30, 0x81, 0x00, 0x13, 0x05, 0x00, 0x00, 0x13, 0x01,
	0x01, 0x01, 0x67, 0x80, 0x00, 0x00, 0x37, 0xc5, 0x00, 0x00, 0x13, 0x86, 0x06, 0x00,
	0x13, 0x05, 0xc5, 0x3f, 0xef, 0x10, 0x00, 0x39, 0x83, 0x30, 0x81, 0x00, 0x13, 0x05,
	0x00, 0x00, 0x13, 0x01, 0x01, 0x01, 0x67, 0x80, 0x00, 0x00, 0x1b, 0x15, 0x25, 0x00,
	0x93, 0x16, 0x06, 0x02, 0x13, 0x15, 0x05, 0x02, 0x13, 0x01, 0x01, 0xff, 0x13, 0x55,
	0x05, 0x02, 0x93, 0xd6, 0x06, 0x02, 0x13, 0x06, 0x10, 0x00, 0x23, 0x34, 0x11, 0x00,
	0xef, 0x10, 0xc0, 0x46, 0x83, 0x30, 0x81, 0x00, 0x13, 0x05, 0x00, 0x00, 0x13, 0x01,
	0x01, 0x01, 0x67, 0x80, 0x00, 0x00, 0x13, 0x01, 0x01, 0xff, 0x13, 0x15, 0x25, 0x00,
	0x23, 0x34, 0x11, 0x00, 0xef, 0x10, 0x00, 0x61, 0x83, 0x30, 0x81, 0x00, 0x13, 0x05,
	0x00, 0x00, 0x13, 0x01, 0x01, 0x01, 0x67, 0x80, 0x00, 0x00, 0x1b, 0x15, 0x25, 0x00,
	0x13, 0x01, 0x01, 0xff, 0x13, 0x15, 0x05, 0x02, 0x23, 0x30, 0x81, 0x00, 0x13, 0x55,
	0x05, 0x02, 0x13, 0x84, 0x05, 0x00, 0x93, 0x05, 0x00, 0x00, 0x23, 0x34, 0x11, 0x00,
	0xef, 0x10, 0x80, 0x6d, 0x23, 0x20, 0xa4, 0x00, 0x83, 0x30, 0x81, 0x00, 0x03, 0x34,
	0x01, 0x00, 0x13, 0x05, 0x00, 0x00, 0x13, 0x01, 0x01, 0x01, 0x67, 0x80, 0x00, 0x00,
	0x1b, 0x15, 0x25, 0x00, 0x13, 0x01, 0x01, 0xff, 0x13, 0x15, 0x05, 0x02, 0x23, 0x30,
	0x81, 0x00, 0x13, 0x55, 0x05, 0x02, 0x13, 0x84, 0x05, 0x00, 0x93, 0x05, 0x10, 0x00,
	0x23, 0x34, 0x11, 0x00, 0xef, 0x10, 0xc0, 0x69, 0x23, 0x30, 0xa4, 0x00, 0x83, 0x30,
	0x81, 0x00, 0x03, 0x34, 0x01, 0x00, 0x13, 0x05, 0x00, 0x00, 0x13, 0x01, 0x01, 0x01,
	0x67, 0x80, 0x00, 0x00, 0x13, 0x01, 0x01, 0xfe, 0xb7, 0x17, 0x00, 0x00, 0x23, 0x38,
	0x81, 0x00, 0x23, 0x34, 0x91, 0x00, 0x23, 0x3c, 0x11, 0x00, 0x93, 0x87, 0x07, 0xff,
	0x13, 0x04, 0x05, 0x00, 0x93, 0x84, 0x05, 0x00, 0x63, 0x0a, 0xf6, 0x02, 0x1b, 0x15,
	0x24, 0x00, 0x13, 0x15, 0x05, 0x02, 0x93, 0x05, 0x00, 0x00, 0x13, 0x55, 0x05, 0x02,
	0xef, 0x10, 0x40, 0x60, 0x83, 0x30, 0x81, 0x01, 0x03, 0x34, 0x01, 0x01, 0x23, 0xa0,
	0xa4, 0x00, 0x83, 0x34, 0x81, 0x00, 0x13, 0x05, 0x00, 0x00, 0x13, 0x01, 0x01, 0x02,
	0x67, 0x80, 0x00, 0x00, 0x13, 0x05, 0x00, 0x07, 0xef, 0x10, 0x80, 0x20, 0x1b, 0x06,
	0x05, 0x00, 0x6f, 0xf0, 0x5f, 0xfc, 0x13, 0x01, 0x01, 0xfe, 0xb7, 0x17, 0x00, 0x00,
	0x23, 0x38, 0x81, 0x00, 0x23, 0x34, 0x91, 0x00, 0x23, 0x3c, 0x11, 0x00, 0x93, 0x87,
	0x07, 0xff, 0x13, 0x04, 0x05, 0x00, 0x93, 0x84, 0x05, 0x00, 0x63, 0x0a, 0xf6, 0x02,
	0x1b, 0x15, 0x24, 0x00, 0x13, 0x15, 0x05, 0x02, 0x93, 0x05, 0x10, 0x00, 0x13, 0x55,
	0x05, 0x02, 0xef, 0x10, 0x00, 0x5a, 0x83, 0x30, 0x81, 0x01, 0x03, 0x34, 0x01, 0x01,
	0x23, 0xb0, 0xa4, 0x00, 0x83, 0x34, 0x81, 0x00, 0x13, 0x05, 0x00, 0x00, 0x13, 0x01,
	0x01, 0x02, 0x67, 0x80, 0x00, 0x00, 0x13, 0x05, 0x00, 0x07, 0xef, 0x10, 0x40, 0x1a,
	0x1b, 0x06, 0x05, 0x00, 0x6f, 0xf0, 0x5f, 0xfc, 0x13, 0x01, 0x01, 0xff, 0x23, 0x30,
	0x81, 0x00, 0x13, 0x15, 0x25, 0x00, 0x13, 0x84, 0x05, 0x00, 0x93, 0x05, 0x06, 0x00,
	0x23, 0x34, 0x11, 0x00, 0xef, 0x10, 0xc0, 0x71, 0x23, 0x20, 0xa4, 0x00, 0x83, 0x30,
	0x81, 0x00, 0x03, 0x34, 0x01, 0x00, 0x13, 0x05, 0x00, 0x00, 0x13, 0x01, 0x01, 0x01,
	0x67, 0x80, 0x00, 0x00, 0x13, 0x01, 0x01, 0xff, 0x23, 0x30, 0x81, 0x00, 0x37, 0x04,
	0xff, 0xff, 0x13, 0x04, 0xc4, 0xff, 0x33, 0x74, 0xa4, 0x00, 0x23, 0x34, 0x11, 0x00,
	0x1b, 0x04, 0x04, 0x00, 0x63, 0x14, 0x04, 0x02, 0x13, 0x65, 0x05, 0x03, 0x13, 0x15,
	0x05, 0x02, 0x13, 0x55, 0x05, 0x02, 0xef, 0x10, 0x00, 0x78, 0x83, 0x30, 0x81, 0x00,
	0x13, 0x05, 0x04, 0x00, 0x03, 0x34, 0x01, 0x00, 0x13, 0x01, 0x01, 0x01, 0x67, 0x80,
	0x00, 0x00, 0x13, 0x04, 0x40, 0x06, 0x83, 0x30, 0x81, 0x00, 0x13, 0x05, 0x04, 0x00,
	0x03, 0x34, 0x01, 0x00, 0x13, 0x01, 0x01, 0x01, 0x67, 0x80, 0x00, 0x00, 0x13, 0x01,
	0x01, 0xff, 0x23, 0x30, 0x81, 0x00, 0x37, 0x04, 0xff, 0xff, 0x13, 0x04, 0xc4, 0xff,
	0x33, 0x74, 0xa4, 0x00, 0x23, 0x34, 0x11, 0x00, 0x1b, 0x04, 0x04, 0x00, 0x63, 0x14,
	0x04, 0x02, 0x13, 0x65, 0x05, 0x02, 0x13, 0x15, 0x05, 0x02, 0x13, 0x55, 0x05, 0x02,
	0xef, 0x10, 0x40, 0x72, 0x83, 0x30, 0x81, 0x00, 0x13, 0x05, 0x04, 0x00, 0x03, 0x34,
	0x01, 0x00, 0x13, 0x01, 0x01, 0x01, 0x67, 0x80, 0x00, 0x00, 0x13, 0x04, 0x40, 0x06,
	0x83, 0x30, 0x81, 0x00, 0x13, 0x05, 0x04, 0x00, 0x03, 0x34, 0x01, 0x00, 0x13, 0x01,
	0x01, 0x01, 0x67, 0x80, 0x00, 0x00, 0x13, 0x01, 0x01, 0xff, 0x23, 0x30, 0x81, 0x00,
	0x37, 0x04, 0xff, 0xff, 0x13, 0x04, 0xc4, 0xff, 0x33, 0x74, 0xa4, 0x00, 0x23, 0x34,
	0x11, 0x00, 0x1b, 0x04, 0x04, 0x00, 0x63, 0x14, 0x04, 0x02, 0x13, 0x65, 0x05, 0x01,
	0x13, 0x15, 0x05, 0x02, 0x13, 0x55, 0x05, 0x02, 0xef, 0x10, 0x80, 0x6c, 0x83, 0x30,
	0x81, 0x00, 0x13, 0x05, 0x04, 0x00, 0x03, 0x34, 0x01, 0x00, 0x13, 0x01, 0x01, 0x01,
	0x67, 0x80, 0x00, 0x00, 0x13, 0x04, 0x40, 0x06, 0x83, 0x30, 0x81, 0x00, 0x13, 0x05,
	0x04, 0x00, 0x03, 0x34, 0x01, 0x00, 0x13, 0x01, 0x01, 0x01, 0x67, 0x80, 0x00, 0x00,
	0x13, 0x01, 0x01, 0xff, 0x23, 0x30, 0x81, 0x00, 0x37, 0x04, 0xff, 0xff, 0x13, 0x04,
	0xc4, 0xff, 0x33, 0x74, 0xa4, 0x00, 0x23, 0x34, 0x11, 0x00, 0x1b, 0x04, 0x04, 0x00,
	0x63, 0x12, 0x04, 0x02, 0x13, 0x15, 0x05, 0x02, 0x13, 0x55, 0x05, 0x02, 0xef, 0x10,
	0x00, 0x67, 0x83, 0x30, 0x81, 0x00, 0x13, 0x05, 0x04, 0x00, 0x03, 0x34, 0x01, 0x00,
	0x13, 0x01, 0x01, 0x01, 0x67, 0x80, 0x00, 0x00, 0x13, 0x04, 0x40, 0x06, 0x83, 0x30,
	0x81, 0x00, 0x13, 0x05, 0x04, 0x00, 0x03, 0x34, 0x01, 0x00, 0x13, 0x01, 0x01, 0x01,
	0x67, 0x80, 0x00, 0x00, 0x13, 0x01, 0x01, 0xff, 0x23, 0x34, 0x11, 0x00, 0x13, 0x05,
	0x00, 0x09, 0xef, 0x00, 0xd0, 0x7e, 0xe3, 0x1c, 0x05, 0xfe, 0x83, 0x30, 0x81, 0x00,
	0x13, 0x01, 0x01, 0x01, 0x67, 0x80, 0x00, 0x00, 0x13, 0x01, 0x01, 0xfe, 0x23, 0x38,
	0x81, 0x00, 0x13, 0x74, 0xf5, 0xf3, 0x23, 0x3c, 0x11, 0x00, 0x23, 0x34, 0x91, 0x00,
	0x1b, 0x04, 0x04, 0x00, 0x63, 0x1a, 0x04, 0x02, 0x13, 0x65, 0x35, 0x00, 0x13, 0x15,
	0x05, 0x02, 0x13, 0x55, 0x05, 0x02, 0x93, 0x04, 0x06, 0x00, 0xef, 0x10, 0x80, 0x67,
	0x23, 0xb0, 0xa4, 0x00, 0x83, 0x30, 0x81, 0x01, 0x13, 0x05, 0x04, 0x00, 0x03, 0x34,
	0x01, 0x01, 0x83, 0x34, 0x81, 0x00, 0x13, 0x01, 0x01, 0x02, 0x67, 0x80, 0x00, 0x00,
	0x13, 0x04, 0x40, 0x06, 0x83, 0x30, 0x81, 0x01, 0x13, 0x05, 0x04, 0x00, 0x03, 0x34,
	0x01, 0x01, 0x83, 0x34, 0x81, 0x00, 0x13, 0x01, 0x01, 0x02, 0x67, 0x80, 0x00, 0x00,
	0x13, 0x01, 0x01, 0xfe, 0x23, 0x38, 0x81, 0x00, 0x13, 0x74, 0xf5, 0xf3, 0x23, 0x3c,
	0x11, 0x00, 0x23, 0x34, 0x91, 0x00, 0x1b, 0x04, 0x04, 0x00, 0x63, 0x1a, 0x04, 0x02,
	0x13, 0x65, 0x25, 0x00, 0x13, 0x15, 0x05, 0x02, 0x13, 0x55, 0x05, 0x02, 0x93, 0x04,
	0x06, 0x00, 0xef, 0x10, 0x00, 0x61, 0x23, 0xa0, 0xa4, 0x00, 0x83, 0x30, 0x81, 0x01,
	0x13, 0x05, 0x04, 0x00, 0x03, 0x34, 0x01, 0x01, 0x83, 0x34, 0x81, 0x00, 0x13, 0x01,
	0x01, 0x02, 0x67, 0x80, 0x00, 0x00, 0x13, 0x04, 0x40, 0x06, 0x83, 0x30, 0x81, 0x01,
	0x13, 0x05, 0x04, 0x00, 0x03, 0x34, 0x01, 0x01, 0x83, 0x34, 0x81, 0x00, 0x13, 0x01,
	0x01, 0x02, 0x67, 0x80, 0x00, 0x00, 0x13, 0x01, 0x01, 0xfe, 0x23, 0x38, 0x81, 0x00,
	0x13, 0x74, 0xf5, 0xf3, 0x23, 0x3c, 0x11, 0x00, 0x23, 0x34, 0x91, 0x00, 0x1b, 0x04,
	0x04, 0x00, 0x63, 0x1a, 0x04, 0x02, 0x13, 0x65, 0x15, 0x00, 0x13, 0x15, 0x05, 0x02,
	0x13, 0x55, 0x05, 0x02, 0x93, 0x04, 0x06, 0x00, 0xef, 0x10, 0x80, 0x5a, 0x23, 0x90,
	0xa4, 0x00, 0x83, 0x30, 0x81, 0x01, 0x13, 0x05, 0x04, 0x00, 0x03, 0x34, 0x01, 0x01,
	0x83, 0x34, 0x81, 0x00, 0x13, 0x01, 0x01, 0x02, 0x67, 0x80, 0x00, 0x00, 0x13, 0x04,
	0x40, 0x06, 0x83, 0x30, 0x81, 0x01, 0x13, 0x05, 0x04, 0x00, 0x03, 0x34, 0x01, 0x01,
	0x83, 0x34, 0x81, 0x00, 0x13, 0x01, 0x01, 0x02, 0x67, 0x80, 0x00, 0x00, 0x13, 0x01,
	0x01, 0xfe, 0x23, 0x38, 0x81, 0x00, 0x13, 0x74, 0xf5, 0xf3, 0x23, 0x3c, 0x11, 0x00,
	0x23, 0x34, 0x91, 0x00, 0x1b, 0x04, 0x04, 0x00, 0x63, 0x18, 0x04, 0x02, 0x13, 0x15,
	0x05, 0x02, 0x13, 0x55, 0x05, 0x02, 0x93, 0x04, 0x06, 0x00, 0xef, 0x10, 0x40, 0x54,
	0x23, 0x80, 0xa4, 0x00, 0x83, 0x30, 0x81, 0x01, 0x13, 0x05, 0x04, 0x00, 0x03, 0x34,
	0x01, 0x01, 0x83, 0x34, 0x81, 0x00, 0x13, 0x01, 0x01, 0x02, 0x67, 0x80, 0x00, 0x00,
	0x13, 0x04, 0x40, 0x06, 0x83, 0x30, 0x81, 0x01, 0x13, 0x05, 0x04, 0x00, 0x03, 0x34,
	0x01, 0x01, 0x83, 0x34, 0x81, 0x00, 0x13, 0x01, 0x01, 0x02, 0x67, 0x80, 0x00, 0x00,
	0x13, 0x01, 0x01, 0xff, 0x93, 0x05, 0x10, 0x00, 0x13, 0x05, 0x00, 0x53, 0x23, 0x34,
	0x11, 0x00, 0xef, 0x00, 0x10, 0x64, 0x83, 0x30, 0x81, 0x00, 0x13, 0x05, 0x00, 0x00,
	0x13, 0x01, 0x01, 0x01, 0x67, 0x80, 0x00, 0x00, 0x13, 0x01, 0x01, 0xff, 0x93, 0x05,
	0x00, 0x00, 0x13, 0x05, 0x00, 0x53, 0x23, 0x34, 0x11, 0x00, 0xef, 0x00, 0xd0, 0x61,
	0x83, 0x30, 0x81, 0x00, 0x13, 0x05, 0x00, 0x00, 0x13, 0x01, 0x01, 0x01, 0x67, 0x80,
	0x00, 0x00, 0x6f, 0x10, 0x40, 0x53, 0x9b, 0x07, 0xd5, 0xff, 0x9b, 0x86, 0x07, 0x00,
	0x13, 0x07, 0xc0, 0x01, 0x63, 0x6e, 0xd7, 0x12, 0x93, 0x96, 0x07, 0x02, 0x17, 0xe7,
	0x0e, 0x00, 0x13, 0x07, 0x47, 0x88, 0x93, 0xd7, 0xe6, 0x01, 0xb3, 0x87, 0xe7, 0x00,
	0x83, 0xa7, 0x07, 0x00, 0x13, 0x01, 0x01, 0xfe, 0x23, 0x38, 0x81, 0x00, 0xb3, 0x87,
	0xe7, 0x00, 0x23, 0x3c, 0x11, 0x00, 0x23, 0x34, 0x91, 0x00, 0x13, 0x04, 0x05, 0x00,
	0x67, 0x80, 0x07, 0x00, 0x13, 0x05, 0x40, 0x06, 0x83, 0x30, 0x81, 0x01, 0x03, 0x34,
	0x01, 0x01, 0x83, 0x34, 0x81, 0x00, 0x13, 0x01, 0x01, 0x02, 0x67, 0x80, 0x00, 0x00,
	0x23, 0xb8, 0xb1, 0xda, 0x13, 0x05, 0x00, 0x00, 0x6f, 0xf0, 0x5f, 0xfe, 0x23, 0xb0,
	0xb1, 0xd6, 0x13, 0x05, 0x00, 0x00, 0x6f, 0xf0, 0x9f, 0xfd, 0x23, 0xb4, 0xb1, 0xd6,
	0x13, 0x05, 0x00, 0x00, 0x6f, 0xf0, 0xdf, 0xfc, 0x23, 0xb8, 0xb1, 0xd6, 0x13, 0x05,
	0x00, 0x00, 0x6f, 0xf0, 0x1f, 0xfc, 0x23, 0xbc, 0xb1, 0xd6, 0xb7, 0x24, 0x03, 0x00,
	0x93, 0x05, 0x00, 0x00, 0x13, 0x85, 0x84, 0x03, 0xef, 0x10, 0x40, 0x17, 0x93, 0x07,
	0x10, 0x00, 0xbb, 0x97, 0x87, 0x00, 0xb3, 0x65, 0xf5, 0x00, 0x93, 0x95, 0x05, 0x02,
	0x13, 0x85, 0x84, 0x03, 0x13, 0x06, 0x00, 0x00, 0x93, 0xd5, 0x05, 0x02, 0xef, 0x00,
	0xd0, 0x6d, 0x83, 0x30, 0x81, 0x01, 0x03, 0x34, 0x01, 0x01, 0x83, 0x34, 0x81, 0x00,
	0x13, 0x05, 0x00, 0x00, 0x13, 0x01, 0x01, 0x02, 0x67, 0x80, 0x00, 0x00, 0x23, 0xbc,
	0xb1, 0xd8, 0x13, 0x05, 0x00, 0x00, 0x6f, 0xf0, 0x9f, 0xf6, 0x23, 0xb0, 0xb1, 0xd8,
	0x13, 0x05, 0x00, 0x00, 0x6f, 0xf0, 0xdf, 0xf5, 0x23, 0xb4, 0xb1, 0xd8, 0x13, 0x05,
	0x00, 0x00, 0x6f, 0xf0, 0x1f, 0xf5, 0x23, 0xb8, 0xb1, 0xd8, 0x13, 0x05, 0x00, 0x00,
	0x6f, 0xf0, 0x5f, 0xf4, 0x23, 0xbc, 0xb1, 0xda, 0x6f, 0xf0, 0x5f, 0xf8, 0x23, 0xb0,
	0xb1, 0xdc, 0x6f, 0xf0, 0xdf, 0xf7, 0x23, 0xb4, 0xb1, 0xdc, 0x13, 0x05, 0x00, 0x00,
	0x6f, 0xf0, 0x9f, 0xf2, 0x23, 0xb8, 0xb1, 0xdc, 0x13, 0x05, 0x00, 0x00, 0x6f, 0xf0,
	0xdf, 0xf1, 0x23, 0xb0, 0xb1, 0xda, 0x13, 0x05, 0x00, 0x00, 0x6f, 0xf0, 0x1f, 0xf1,
	0x23, 0xb4, 0xb1, 0xda, 0x13, 0x05, 0x00, 0x00, 0x6f, 0xf0, 0x5f, 0xf0, 0x13, 0x05,
	0x40, 0x06, 0x67, 0x80, 0x00, 0x00, 0x13, 0x01, 0x01, 0xfe, 0x23, 0x34, 0x91, 0x00,
	0xb7, 0xe5, 0x00, 0x00, 0xb7, 0x04, 0x03, 0x00, 0x23, 0x38, 0x81, 0x00, 0x93, 0x85,
	0xd5, 0xea, 0x13, 0x04, 0x05, 0x00, 0x13, 0x06, 0x00, 0x00, 0x13, 0x85, 0x04, 0x10,
	0x23, 0x3c, 0x11, 0x00, 0xef, 0x00, 0x10, 0x62, 0x93, 0x15, 0x04, 0x02, 0x13, 0x06,
	0x00, 0x00, 0x93, 0xd5, 0x05, 0x02, 0x13, 0x85, 0x44, 0x10, 0xef, 0x00, 0xd0, 0x60,
	0x6f, 0x00, 0x00, 0x00, 0x13, 0x01, 0x01, 0xfe, 0x23, 0x20, 0xa1, 0x00, 0x83, 0x37,
	0x01, 0x00, 0x23, 0x3c, 0x11, 0x00, 0x13, 0x06, 0x20, 0x00, 0x93, 0xf7, 0xf7, 0x01,
	0x9b, 0x87, 0xd7, 0x01, 0x13, 0xf7, 0xf7, 0x01, 0x63, 0x6e, 0xe6, 0x08, 0x13, 0xd7,
	0xa5, 0x03, 0xb7, 0x88, 0xff, 0xff, 0x9b, 0x06, 0x05, 0x00, 0x13, 0x78, 0xf7, 0x00,
	0x13, 0x83, 0xf8, 0x7f, 0x1b, 0x18, 0xb8, 0x00, 0xb3, 0xf6, 0x66, 0x00, 0xb3, 0xe6,
	0x06, 0x01, 0x23, 0x20, 0xd1, 0x00, 0x23, 0x34, 0x01, 0x00, 0x93, 0x76, 0xb7, 0x00,
	0x63, 0x8c, 0xc6, 0x08, 0x13, 0xd7, 0x65, 0x03, 0x13, 0xd6, 0x45, 0x03, 0x13, 0x77,
	0x77, 0x00, 0x13, 0x76, 0x36, 0x00, 0x1b, 0x16, 0x56, 0x00, 0x1b, 0x17, 0x77, 0x00,
	0x13, 0xd8, 0x05, 0x03, 0x83, 0x28, 0x01, 0x00, 0x33, 0x67, 0xc7, 0x00, 0x1b, 0x16,
	0xc8, 0x01, 0x33, 0x67, 0xc7, 0x00, 0x37, 0x06, 0x00, 0x10, 0x13, 0x06, 0xf6, 0xc1,
	0x33, 0xf6, 0xc8, 0x00, 0x33, 0x67, 0xc7, 0x00, 0x23, 0x20, 0xe1, 0x00, 0x13, 0x07,
	0x30, 0x00, 0x63, 0x94, 0xe6, 0x06, 0x13, 0xd7, 0xf5, 0x02, 0x13, 0x77, 0x17, 0x00,
	0x63, 0x04, 0x07, 0x18, 0x13, 0x07, 0xf0, 0xff, 0x13, 0x17, 0x07, 0x03, 0x33, 0xe7,
	0xe5, 0x00, 0x23, 0x34, 0xe1, 0x00, 0x6f, 0x00, 0x80, 0x00, 0x23, 0x34, 0xb1, 0x00,
	0x93, 0xf7, 0xf7, 0x01, 0x13, 0x07, 0xc0, 0x01, 0x63, 0x6c, 0xf7, 0x06, 0x17, 0xd7,
	0x0e, 0x00, 0x13, 0x07, 0xc7, 0x6a, 0x93, 0x97, 0x27, 0x00, 0xb3, 0x87, 0xe7, 0x00,
	0x83, 0xa7, 0x07, 0x00, 0xb3, 0x87, 0xe7, 0x00, 0x67, 0x80, 0x07, 0x00, 0x83, 0x26,
	0x01, 0x00, 0x93, 0x88, 0xf8, 0xff, 0x13, 0xd7, 0xa5, 0x01, 0xb3, 0xf6, 0x16, 0x01,
	0x23, 0x20, 0xd1, 0x00, 0x23, 0x26, 0xe1, 0x00, 0x03, 0x27, 0x01, 0x00, 0xb7, 0x86,
	0x00, 0x00, 0x93, 0x86, 0x06, 0x80, 0x33, 0x77, 0xd7, 0x00, 0x1b, 0x07, 0x07, 0x80,
	0xe3, 0x06, 0x07, 0xfa, 0x03, 0x37, 0x81, 0x00, 0x93, 0x95, 0x65, 0x02, 0xb7, 0x06,
	0x00, 0xfc, 0x93, 0xd5, 0x65, 0x02, 0x33, 0x77, 0xd7, 0x00, 0x33, 0x67, 0xb7, 0x00,
	0x23, 0x34, 0xe1, 0x00, 0x93, 0xf7, 0xf7, 0x01, 0x13, 0x07, 0xc0, 0x01, 0xe3, 0x78,
	0xf7, 0xf8, 0x93, 0x15, 0x05, 0x02, 0x37, 0x05, 0x03, 0x00, 0x13, 0x06, 0x00, 0x00,
	0x93, 0xd5, 0x05, 0x02, 0x13, 0x05, 0xc5, 0x11, 0xef, 0x00, 0x10, 0x4b, 0x6f, 0x00,
	0x00, 0x00, 0x83, 0xb7, 0x01, 0xd9, 0x63, 0x88, 0x07, 0x02, 0x03, 0x35, 0x01, 0x00,
	0x83, 0x35, 0x81, 0x00, 0x83, 0x30, 0x81, 0x01, 0x13, 0x01, 0x01, 0x02, 0x67, 0x80,
	0x07, 0x00, 0x83, 0xb7, 0x81, 0xd7, 0xe3, 0x94, 0x07, 0xfe, 0x13, 0x05, 0x60, 0x32,
	0xef, 0xf0, 0x9f, 0xe3, 0x83, 0xb7, 0x81, 0xd9, 0xe3, 0x9c, 0x07, 0xfc, 0x83, 0x30,
	0x81, 0x01, 0x13, 0x01, 0x01, 0x02, 0x67, 0x80, 0x00, 0x00, 0x83, 0xb7, 0x01, 0xd8,
	0xe3, 0x92, 0x07, 0xfc, 0x6f, 0xf0, 0xdf, 0xfe, 0x83, 0xb7, 0x81, 0xd8, 0xe3, 0x9c,
	0x07, 0xfa, 0x6f, 0xf0, 0x1f, 0xfe, 0x83, 0xb7, 0x81, 0xd6, 0xe3, 0x96, 0x07, 0xfa,
	0x6f, 0xf0, 0x5f, 0xfd, 0x83, 0xb7, 0x01, 0xd7, 0xe3, 0x90, 0x07, 0xfa, 0x6f, 0xf0,
	0x9f, 0xfc, 0x83, 0xb7, 0x01, 0xd6, 0xe3, 0x9a, 0x07, 0xf8, 0x6f, 0xf0, 0xdf, 0xfb,
	0x83, 0xb7, 0x01, 0xdd, 0xe3, 0x94, 0x07, 0xf8, 0x6f, 0xf0, 0x1f, 0xfb, 0x83, 0xb7,
	0x01, 0xda, 0xe3, 0x9e, 0x07, 0xf6, 0x6f, 0xf0, 0x5f, 0xfa, 0x83, 0xb7, 0x81, 0xda,
	0xe3, 0x98, 0x07, 0xf6, 0x6f, 0xf0, 0x9f, 0xf9, 0x83, 0xb7, 0x01, 0xdb, 0xe3, 0x92,
	0x07, 0xf6, 0x6f, 0xf0, 0xdf, 0xf8, 0x83, 0xb7, 0x01, 0xdc, 0xe3, 0x9c, 0x07, 0xf4,
	0x6f, 0xf0, 0x1f, 0xf8, 0x83, 0xb7, 0x81, 0xdc, 0xe3, 0x96, 0x07, 0xf4, 0x6f, 0xf0,
	0x5f, 0xf7, 0x83, 0xb7, 0x81, 0xdb, 0xe3, 0x90, 0x07, 0xf4, 0x6f, 0xf0, 0x9f, 0xf6,
	0x13, 0x97, 0x05, 0x01, 0x13, 0x57, 0x07, 0x01, 0x23, 0x34, 0xe1, 0x00, 0x6f, 0xf0,
	0x9f, 0xe8, 0x13, 0x01, 0x01, 0xff, 0x23, 0x30, 0x81, 0x00, 0x13, 0x74, 0xc5, 0xff,
	0x23, 0x34, 0x11, 0x00, 0x1b, 0x04, 0x04, 0x00, 0x63, 0x12, 0x04, 0x04, 0x93, 0x07,
	0x06, 0x00, 0x9b, 0x97, 0x27, 0x00, 0x93, 0x97, 0x07, 0x02, 0x13, 0x86, 0x06, 0x00,
	0x93, 0xd7, 0x07, 0x02, 0x93, 0x16, 0x07, 0x02, 0x13, 0x15, 0x05, 0x02, 0x13, 0x55,
	0x05, 0x02, 0x93, 0xd6, 0x06, 0x02, 0xb3, 0x85, 0xb7, 0x00, 0xef, 0x10, 0x40, 0x13,
	0x83, 0x30, 0x81, 0x00, 0x13, 0x05, 0x04, 0x00, 0x03, 0x34, 0x01, 0x00, 0x13, 0x01,
	0x01, 0x01, 0x67, 0x80, 0x00, 0x00, 0x13, 0x04, 0x40, 0x06, 0x83, 0x30, 0x81, 0x00,
	0x13, 0x05, 0x04, 0x00, 0x03, 0x34, 0x01, 0x00, 0x13, 0x01, 0x01, 0x01, 0x67, 0x80,
	0x00, 0x00, 0x13, 0x01, 0x01, 0xfd, 0x23, 0x3c, 0x91, 0x00, 0x93, 0x04, 0x05, 0x00,
	0x37, 0xa5, 0x02, 0x00, 0x23, 0x30, 0x81, 0x02, 0x13, 0x05, 0x85, 0x62, 0x13, 0x84,
	0x05, 0x00, 0x93, 0x05, 0x00, 0x00, 0x23, 0x38, 0x21, 0x01, 0x23, 0x34, 0x31, 0x01,
	0x23, 0x30, 0x41, 0x01, 0x23, 0x34, 0x11, 0x02, 0x13, 0x09, 0x06, 0x00, 0x93, 0x89,
	0x06, 0x00, 0xef, 0x00, 0x90, 0x59, 0x93, 0x77, 0xf5, 0x0f, 0x13, 0xd7, 0x77, 0x00,
	0x13, 0x0a, 0x20, 0x00, 0x63, 0x0a, 0x07, 0x06, 0x1b, 0xd6, 0x37, 0x00, 0x1b, 0xd7,
	0x57, 0x00, 0x13, 0x76, 0x36, 0x00, 0x13, 0x77, 0x37, 0x00, 0x1b, 0x17, 0x47, 0x00,
	0x93, 0x77, 0x75, 0x00, 0x1b, 0x16, 0x66, 0x00, 0x33, 0x66, 0xe6, 0x00, 0x9b, 0x97,
	0x87, 0x00, 0x33, 0x66, 0xf6, 0x00, 0x37, 0xd5, 0x00, 0x00, 0x13, 0xfa, 0xc4, 0xff,
	0x1b, 0x06, 0x06, 0x00, 0x93, 0x05, 0x10, 0x00, 0x13, 0x05, 0x45, 0x84, 0x1b, 0x0a,
	0x0a, 0x00, 0xef, 0x00, 0xd0, 0x4f, 0x63, 0x18, 0x0a, 0x04, 0x1b, 0x14, 0x24, 0x00,
	0x13, 0x14, 0x04, 0x02, 0x13, 0x54, 0x04, 0x02, 0x93, 0x96, 0x09, 0x02, 0xb3, 0x05,
	0xa4, 0x00, 0x13, 0x95, 0x04, 0x02, 0x93, 0xd6, 0x06, 0x02, 0x13, 0x06, 0x09, 0x00,
	0x13, 0x55, 0x05, 0x02, 0xef, 0x10, 0xc0, 0x04, 0x83, 0x30, 0x81, 0x02, 0x03, 0x34,
	0x01, 0x02, 0x83, 0x34, 0x81, 0x01, 0x03, 0x39, 0x01, 0x01, 0x83, 0x39, 0x81, 0x00,
	0x13, 0x05, 0x0a, 0x00, 0x03, 0x3a, 0x01, 0x00, 0x13, 0x01, 0x01, 0x03, 0x67, 0x80,
	0x00, 0x00, 0x13, 0x0a, 0x40, 0x06, 0x6f, 0xf0, 0x9f, 0xfd, 0x13, 0x01, 0x01, 0xff,
	0x23, 0x34, 0x11, 0x00, 0xef, 0x10, 0x40, 0x04, 0x83, 0x30, 0x81, 0x00, 0x13, 0x05,
	0x00, 0x00, 0x13, 0x01, 0x01, 0x01, 0x67, 0x80, 0x00, 0x00, 0x13, 0x01, 0x01, 0xff,
	0x23, 0x30, 0x81, 0x00, 0x23, 0x34, 0x11, 0x00, 0x13, 0x04, 0x05, 0x00, 0xef, 0x10,
	0x00, 0x08, 0x23, 0x20, 0xa4, 0x00, 0x83, 0x30, 0x81, 0x00, 0x03, 0x34, 0x01, 0x00,
	0x13, 0x05, 0x00, 0x00, 0x13, 0x01, 0x01, 0x01, 0x67, 0x80, 0x00, 0x00, 0x13, 0x01,
	0x01, 0xff, 0x23, 0x34, 0x11, 0x00, 0xef, 0xf0, 0x1e, 0xda, 0x83, 0x30, 0x81, 0x00,
	0x13, 0x05, 0x00, 0x00, 0x13, 0x01, 0x01, 0x01, 0x67, 0x80, 0x00, 0x00, 0x13, 0x01,
	0x01, 0xff, 0x23, 0x34, 0x11, 0x00, 0xef, 0xf0, 0xde, 0xda, 0x83, 0x30, 0x81, 0x00,
	0x13, 0x05, 0x00, 0x00, 0x13, 0x01, 0x01, 0x01, 0x67, 0x80, 0x00, 0x00, 0x37, 0x25,
	0x03, 0x00, 0x13, 0x01, 0x01, 0xff, 0x13, 0x05, 0xc5, 0x0d, 0x13, 0x06, 0x00, 0x00,
	0x93, 0x05, 0x10, 0x00, 0x23, 0x34, 0x11, 0x00, 0xef, 0x00, 0x90, 0x1d, 0x83, 0x30,
	0x81, 0x00, 0x13, 0x05, 0x00, 0x00, 0x13, 0x01, 0x01, 0x01, 0x67, 0x80, 0x00, 0x00,
	0x13, 0x01, 0x01, 0xfd, 0x23, 0x3c, 0x91, 0x00, 0x93, 0x04, 0x05, 0x00, 0x13, 0x05,
	0x80, 0x02, 0x23, 0x34, 0x11, 0x02, 0x23, 0x30, 0x81, 0x02, 0x23, 0x38, 0x21, 0x01,
	0x23, 0x34, 0x31, 0x01, 0x23, 0x30, 0x41, 0x01, 0x93, 0x09, 0x06, 0x00, 0x13, 0x8a,
	0x05, 0x00, 0xef, 0x00, 0x00, 0x7f, 0x93, 0x05, 0x10, 0x00, 0x13, 0x09, 0x05, 0x00,
	0x13, 0x05, 0x00, 0x53, 0xef, 0x00, 0x40, 0x7f, 0x1b, 0xd5, 0xa4, 0x01, 0x13, 0x75,
	0x35, 0x00, 0xef, 0x00, 0xd0, 0x5d, 0xef, 0x00, 0x90, 0x00, 0x9b, 0xd7, 0xc4, 0x01,
	0x37, 0x47, 0x00, 0x00, 0x9b, 0x97, 0x47, 0x01, 0xb3, 0xe7, 0xe7, 0x00, 0x13, 0x04,
	0x05, 0x00, 0x9b, 0x85, 0x07, 0x00, 0x13, 0x05, 0x80, 0x09, 0xef, 0x00, 0x40, 0x7c,
	0x93, 0x94, 0x64, 0x02, 0x13, 0xd6, 0x64, 0x02, 0x93, 0x05, 0x0a, 0x00, 0x13, 0x85,
	0x09, 0x00, 0x13, 0x59, 0xf9, 0x03, 0x1b, 0x04, 0x04, 0x00, 0xef, 0x10, 0xd0, 0x29,
	0x13, 0x05, 0x00, 0x09, 0xef, 0x00, 0xc0, 0x78, 0xe3, 0x1c, 0x05, 0xfe, 0x9b, 0x15,
	0x44, 0x01, 0x93, 0x95, 0x05, 0x02, 0x93, 0xd5, 0x05, 0x02, 0x93, 0xe5, 0x85, 0x00,
	0x13, 0x05, 0x80, 0x09, 0xef, 0x00, 0x40, 0x78, 0x93, 0x05, 0x09, 0x00, 0x13, 0x05,
	0x00, 0x53, 0xef, 0x00, 0x80, 0x77, 0x83, 0x30, 0x81, 0x02, 0x03, 0x34, 0x01, 0x02,
	0x83, 0x34, 0x81, 0x01, 0x03, 0x39, 0x01, 0x01, 0x83, 0x39, 0x81, 0x00, 0x03, 0x3a,
	0x01, 0x00, 0x13, 0x05, 0x00, 0x00, 0x13, 0x01, 0x01, 0x03, 0x67, 0x80, 0x00, 0x00,
	0x13, 0x01, 0x01, 0xfd, 0x23, 0x3c, 0x91, 0x00, 0x93, 0x04, 0x05, 0x00, 0x13, 0x05,
	0x80, 0x02, 0x23, 0x34, 0x11, 0x02, 0x23, 0x30, 0x81, 0x02, 0x23, 0x38, 0x21, 0x01,
	0x23, 0x34, 0x31, 0x01, 0x23, 0x30, 0x41, 0x01, 0x93, 0x09, 0x06, 0x00, 0x13, 0x8a,
	0x05, 0x00, 0xef, 0x00, 0x00, 0x71, 0x93, 0x05, 0x10, 0x00, 0x13, 0x09, 0x05, 0x00,
	0x13, 0x05, 0x00, 0x53, 0xef, 0x00, 0x40, 0x71, 0x1b, 0xd5, 0xa4, 0x01, 0x13, 0x75,
	0x35, 0x00, 0xef, 0x00, 0xd0, 0x4f, 0xef, 0x00, 0x80, 0x72, 0x9b, 0xd7, 0xc4, 0x01,
	0x37, 0x47, 0x00, 0x00, 0x9b, 0x97, 0x47, 0x01, 0xb3, 0xe7, 0xe7, 0x00, 0x13, 0x04,
	0x05, 0x00, 0x9b, 0x85, 0x07, 0x00, 0x13, 0x05, 0x80, 0x09, 0xef, 0x00, 0x40, 0x6e,
	0x93, 0x94, 0x64, 0x02, 0x13, 0xd6, 0x64, 0x02, 0x93, 0x05, 0x0a, 0x00, 0x13, 0x85,
	0x09, 0x00, 0x13, 0x59, 0xf9, 0x03, 0x1b, 0x04, 0x04, 0x00, 0xef, 0x10, 0xd0, 0x1b,
	0x13, 0x05, 0x00, 0x09, 0xef, 0x00, 0xc0, 0x6a, 0xe3, 0x1c, 0x05, 0xfe, 0x9b, 0x15,
	0x44, 0x01, 0x93, 0x95, 0x05, 0x02, 0x93, 0xd5, 0x05, 0x02, 0x93, 0xe5, 0x85, 0x00,
	0x13, 0x05, 0x80, 0x09, 0xef, 0x00, 0x40, 0x6a, 0x93, 0x05, 0x09, 0x00, 0x13, 0x05,
	0x00, 0x53, 0xef, 0x00, 0x80, 0x69, 0x83, 0x30, 0x81, 0x02, 0x03, 0x34, 0x01, 0x02,
	0x83, 0x34, 0x81, 0x01, 0x03, 0x39, 0x01, 0x01, 0x83, 0x39, 0x81, 0x00, 0x03, 0x3a,
	0x01, 0x00, 0x13, 0x05, 0x00, 0x00, 0x13, 0x01, 0x01, 0x03, 0x67, 0x80, 0x00, 0x00,
	0x13, 0x01, 0x01, 0xfb, 0x23, 0x3c, 0x91, 0x02, 0x23, 0x38, 0x21, 0x03, 0x23, 0x34,
	0x31, 0x03, 0x23, 0x34, 0x11, 0x04, 0x23, 0x30, 0x81, 0x04, 0x23, 0x30, 0x41, 0x03,
	0x23, 0x3c, 0x51, 0x01, 0x23, 0x34, 0xa1, 0x00, 0x93, 0x84, 0x05, 0x00, 0x13, 0x09,
	0x06, 0x00, 0x93, 0x09, 0x80, 0x0c, 0x63, 0x86, 0x05, 0x00, 0x93, 0x09, 0x00, 0x00,
	0x63, 0x0c, 0x06, 0x0e, 0x13, 0x04, 0x10, 0x00, 0x93, 0x07, 0x30, 0x06, 0x13, 0x14,
	0x14, 0x03, 0x6f, 0x00, 0x80, 0x00, 0x63, 0x8a, 0x07, 0x12, 0x03, 0x37, 0x04, 0x03,
	0x9b, 0x87, 0xf7, 0xff, 0xe3, 0x1a, 0x07, 0xfe, 0x83, 0x26, 0x04, 0x07, 0xb7, 0x27,
	0x00, 0x00, 0x03, 0x27, 0x04, 0x07, 0x13, 0x86, 0x87, 0x00, 0xb3, 0xe6, 0xc6, 0x00,
	0x23, 0x2c, 0xd4, 0x08, 0x13, 0x67, 0x17, 0x00, 0x23, 0x28, 0xe4, 0x0c, 0x93, 0x87,
	0x17, 0x00, 0x23, 0x2c, 0xf4, 0x08, 0x83, 0x35, 0x04, 0x4b, 0xb7, 0x0a, 0x03, 0x00,
	0x13, 0x06, 0x10, 0x00, 0x13, 0x85, 0x0a, 0x27, 0xef, 0x00, 0x00, 0x77, 0x03, 0x2a,
	0x81, 0x00, 0xb7, 0x07, 0x00, 0x60, 0x37, 0x07, 0x00, 0x60, 0xb3, 0x77, 0xfa, 0x00,
	0x63, 0x88, 0xe7, 0x08, 0x13, 0x06, 0x10, 0x00, 0x93, 0x85, 0x04, 0x00, 0x13, 0x85,
	0x0a, 0x20, 0xef, 0x00, 0xc0, 0x74, 0xb7, 0x07, 0x30, 0x00, 0xb3, 0x77, 0xfa, 0x00,
	0x37, 0x07, 0x30, 0x00, 0x63, 0x8a, 0xe7, 0x08, 0x37, 0x05, 0x03, 0x00, 0x13, 0x06,
	0x10, 0x00, 0x93, 0x05, 0x09, 0x00, 0x13, 0x05, 0x85, 0x20, 0xef, 0x00, 0x80, 0x72,
	0x37, 0x04, 0x03, 0x00, 0x93, 0x15, 0x0a, 0x02, 0x93, 0xd5, 0x05, 0x02, 0x13, 0x05,
	0x04, 0x1e, 0x13, 0x06, 0x00, 0x00, 0xef, 0x00, 0x00, 0x71, 0x83, 0x65, 0xc1, 0x00,
	0x13, 0x06, 0x00, 0x00, 0x13, 0x05, 0x04, 0x21, 0xef, 0x00, 0x00, 0x70, 0x83, 0x30,
	0x81, 0x04, 0x03, 0x34, 0x01, 0x04, 0x83, 0x34, 0x81, 0x03, 0x03, 0x39, 0x01, 0x03,
	0x03, 0x3a, 0x01, 0x02, 0x83, 0x3a, 0x81, 0x01, 0x13, 0x85, 0x09, 0x00, 0x83, 0x39,
	0x81, 0x02, 0x13, 0x01, 0x01, 0x05, 0x67, 0x80, 0x00, 0x00, 0x93, 0x09, 0x80, 0x0c,
	0x6f, 0xf0, 0x9f, 0xf0, 0x23, 0x38, 0x94, 0x38, 0x83, 0x35, 0x04, 0x39, 0x13, 0x06,
	0x10, 0x00, 0x13, 0x85, 0x0a, 0x20, 0xef, 0x00, 0xc0, 0x6b, 0xb7, 0x07, 0x30, 0x00,
	0xb3, 0x77, 0xfa, 0x00, 0x37, 0x07, 0x30, 0x00, 0xe3, 0x9a, 0xe7, 0xf6, 0x93, 0x07,
	0x10, 0x00, 0x93, 0x97, 0x17, 0x03, 0x23, 0xb8, 0x27, 0x39, 0x83, 0xb5, 0x07, 0x39,
	0x37, 0x05, 0x03, 0x00, 0x13, 0x06, 0x10, 0x00, 0x13, 0x05, 0x85, 0x20, 0xef, 0x00,
	0xc0, 0x68, 0x6f, 0xf0, 0x5f, 0xf6, 0x93, 0x09, 0x30, 0x00, 0x6f, 0xf0, 0x5f, 0xf8,
	0xb7, 0x17, 0x00, 0x00, 0x93, 0x87, 0x07, 0xe0, 0xb3, 0x77, 0xf5, 0x00, 0x9b, 0x87,
	0x07, 0x00, 0x13, 0x07, 0x00, 0x20, 0x63, 0x9e, 0xe7, 0x02, 0x1b, 0x58, 0x85, 0x00,
	0x13, 0x01, 0x01, 0xff, 0x93, 0x06, 0x06, 0x00, 0x93, 0x07, 0x00, 0x00, 0x13, 0x86,
	0x05, 0x00, 0x13, 0x07, 0x00, 0x00, 0x93, 0x75, 0xf8, 0x00, 0x13, 0x75, 0xf5, 0x07,
	0x23, 0x34, 0x11, 0x00, 0xef, 0x00, 0xd0, 0x48, 0x83, 0x30, 0x81, 0x00, 0x13, 0x05,
	0x00, 0x00, 0x13, 0x01, 0x01, 0x01, 0x67, 0x80, 0x00, 0x00, 0x13, 0x05, 0x40, 0x06,
	0x67, 0x80, 0x00, 0x00, 0x13, 0x01, 0x01, 0xfe, 0x37, 0x17, 0x00, 0x00, 0x93, 0x07,
	0x05, 0x00, 0x23, 0x38, 0x81, 0x00, 0x13, 0x04, 0x07, 0xf0, 0x33, 0x74, 0xf4, 0x00,
	0x1b, 0x58, 0x85, 0x00, 0x23, 0x3c, 0x11, 0x00, 0x23, 0x34, 0x91, 0x00, 0x1b, 0x04,
	0x04, 0x00, 0x93, 0x88, 0x05, 0x00, 0x13, 0xf5, 0xf7, 0x07, 0x93, 0x75, 0xf8, 0x00,
	0x63, 0x06, 0x04, 0x06, 0x93, 0x06, 0x00, 0x10, 0x63, 0x0c, 0xd4, 0x08, 0x13, 0x07,
	0x07, 0xe0, 0x33, 0x77, 0xf7, 0x00, 0x1b, 0x07, 0x07, 0x00, 0x93, 0x07, 0x00, 0x20,
	0x13, 0x04, 0x40, 0x06, 0x63, 0x0e, 0xf7, 0x00, 0x83, 0x30, 0x81, 0x01, 0x13, 0x05,
	0x04, 0x00, 0x03, 0x34, 0x01, 0x01, 0x83, 0x34, 0x81, 0x00, 0x13, 0x01, 0x01, 0x02,
	0x67, 0x80, 0x00, 0x00, 0x93, 0x06, 0x06, 0x00, 0x93, 0x07, 0x00, 0x00, 0x13, 0x07,
	0x00, 0x00, 0x13, 0x86, 0x08, 0x00, 0xef, 0x00, 0x10, 0x3f, 0x13, 0x04, 0x00, 0x00,
	0x83, 0x30, 0x81, 0x01, 0x13, 0x05, 0x04, 0x00, 0x03, 0x34, 0x01, 0x01, 0x83, 0x34,
	0x81, 0x00, 0x13, 0x01, 0x01, 0x02, 0x67, 0x80, 0x00, 0x00, 0x93, 0x84, 0x06, 0x00,
	0x93, 0x07, 0x00, 0x00, 0x93, 0x06, 0x06, 0x00, 0x13, 0x07, 0x00, 0x00, 0x13, 0x86,
	0x08, 0x00, 0xef, 0x00, 0xd0, 0x3b, 0x23, 0xb0, 0xa4, 0x00, 0x83, 0x30, 0x81, 0x01,
	0x13, 0x05, 0x04, 0x00, 0x03, 0x34, 0x01, 0x01, 0x83, 0x34, 0x81, 0x00, 0x13, 0x01,
	0x01, 0x02, 0x67, 0x80, 0x00, 0x00, 0x13, 0x04, 0x40, 0x06, 0x83, 0x30, 0x81, 0x01,
	0x13, 0x05, 0x04, 0x00, 0x03, 0x34, 0x01, 0x01, 0x83, 0x34, 0x81, 0x00, 0x13, 0x01,
	0x01, 0x02, 0x67, 0x80, 0x00, 0x00, 0x13, 0x01, 0x01, 0xfe, 0x37, 0x18, 0x00, 0x00,
	0x93, 0x07, 0x05, 0x00, 0x23, 0x38, 0x81, 0x00, 0x13, 0x04, 0x08, 0xf0, 0x33, 0x74,
	0xf4, 0x00, 0x9b, 0x58, 0x85, 0x00, 0x23, 0x34, 0x91, 0x00, 0x23, 0x3c, 0x11, 0x00,
	0x1b, 0x04, 0x04, 0x00, 0x13, 0x83, 0x05, 0x00, 0x93, 0x04, 0x07, 0x00, 0x13, 0xf5,
	0xf7, 0x07, 0x93, 0xf5, 0xf8, 0x00, 0x63, 0x06, 0x04, 0x06, 0x13, 0x07, 0x00, 0x10,
	0x63, 0x0a, 0xe4, 0x08, 0x13, 0x08, 0x08, 0xe0, 0x33, 0x78, 0xf8, 0x00, 0x1b, 0x08,
	0x08, 0x00, 0x93, 0x07, 0x00, 0x20, 0x13, 0x04, 0x40, 0x06, 0x63, 0x0e, 0xf8, 0x00,
	0x83, 0x30, 0x81, 0x01, 0x13, 0x05, 0x04, 0x00, 0x03, 0x34, 0x01, 0x01, 0x83, 0x34,
	0x81, 0x00, 0x13, 0x01, 0x01, 0x02, 0x67, 0x80, 0x00, 0x00, 0x93, 0x06, 0x06, 0x00,
	0x93, 0x07, 0x00, 0x00, 0x13, 0x07, 0x00, 0x00, 0x13, 0x06, 0x03, 0x00, 0xef, 0x00,
	0xd0, 0x2f, 0x13, 0x04, 0x00, 0x00, 0x83, 0x30, 0x81, 0x01, 0x13, 0x05, 0x04, 0x00,
	0x03, 0x34, 0x01, 0x01, 0x83, 0x34, 0x81, 0x00, 0x13, 0x01, 0x01, 0x02, 0x67, 0x80,
	0x00, 0x00, 0x93, 0x06, 0x06, 0x00, 0x93, 0x07, 0x00, 0x00, 0x13, 0x07, 0x00, 0x00,
	0x13, 0x06, 0x03, 0x00, 0xef, 0x00, 0xd0, 0x2c, 0x23, 0xb0, 0xa4, 0x00, 0x83, 0x30,
	0x81, 0x01, 0x13, 0x05, 0x04, 0x00, 0x03, 0x34, 0x01, 0x01, 0x83, 0x34, 0x81, 0x00,
	0x13, 0x01, 0x01, 0x02, 0x67, 0x80, 0x00, 0x00, 0x93, 0x97, 0x77, 0x02, 0x13, 0x87,
	0x06, 0x00, 0x93, 0xd7, 0x37, 0x03, 0x93, 0x06, 0x06, 0x00, 0x13, 0x06, 0x03, 0x00,
	0xef, 0x00, 0x90, 0x29, 0x13, 0x04, 0x00, 0x00, 0x23, 0xb0, 0xa4, 0x00, 0x83, 0x30,
	0x81, 0x01, 0x13, 0x05, 0x04, 0x00, 0x03, 0x34, 0x01, 0x01, 0x83, 0x34, 0x81, 0x00,
	0x13, 0x01, 0x01, 0x02, 0x67, 0x80, 0x00, 0x00, 0x37, 0x25, 0x03, 0x00, 0x13, 0x01,
	0x01, 0xff, 0x13, 0x05, 0x05, 0x0e, 0x13, 0x06, 0x00, 0x00, 0x93, 0x05, 0x00, 0x00,
	0x23, 0x34, 0x11, 0x00, 0xef, 0x00, 0x00, 0x41, 0x83, 0x30, 0x81, 0x00, 0x13, 0x05,
	0x00, 0x00, 0x13, 0x01, 0x01, 0x01, 0x67, 0x80, 0x00, 0x00, 0x13, 0x01, 0x01, 0xff,
	0x23, 0x34, 0x11, 0x00, 0xef, 0x00, 0x50, 0x30, 0x83, 0x30, 0x81, 0x00, 0x13, 0x45,
	0xf5, 0xff, 0x13, 0x55, 0xf5, 0x43, 0x13, 0x75, 0xc5, 0xf9, 0x13, 0x05, 0x45, 0x06,
	0x13, 0x01, 0x01, 0x01, 0x67, 0x80, 0x00, 0x00, 0x93, 0x77, 0x35, 0x00, 0x13, 0x57,
	0x05, 0x42, 0x13, 0x01, 0x01, 0xfe, 0x1b, 0x15, 0xc7, 0x00, 0x1b, 0x86, 0x05, 0x00,
	0x9b, 0x95, 0xc7, 0x01, 0x23, 0x3c, 0x11, 0x00, 0xef, 0x00, 0xd0, 0x38, 0x83, 0x30,
	0x81, 0x01, 0x13, 0x05, 0x00, 0x00, 0x13, 0x01, 0x01, 0x02, 0x67, 0x80, 0x00, 0x00,
	0xb7, 0x26, 0x00, 0x00, 0x93, 0x86, 0x86, 0x00, 0x13, 0x01, 0x01, 0xfe, 0x1b, 0xd7,
	0x85, 0x00, 0x9b, 0xd7, 0x35, 0x00, 0xb3, 0xe5, 0xd5, 0x00, 0x23, 0x38, 0x81, 0x00,
	0x13, 0x94, 0x05, 0x02, 0x13, 0x77, 0x77, 0x00, 0x23, 0x30, 0x21, 0x01, 0x93, 0xf7,
	0x87, 0x01, 0x13, 0x54, 0x04, 0x02, 0x13, 0x09, 0x05, 0x00, 0x37, 0xf5, 0x03, 0x00,
	0xb3, 0xe7, 0xe7, 0x00, 0x23, 0x34, 0x91, 0x00, 0x93, 0x05, 0x04, 0x00, 0x13, 0x05,
	0x05, 0x05, 0x93, 0x04, 0x10, 0x00, 0xbb, 0x94, 0xf4, 0x00, 0x23, 0x3c, 0x11, 0x00,
	0xef, 0x00, 0x40, 0x26, 0x13, 0x07, 0x10, 0x00, 0x9b, 0x07, 0x05, 0x00, 0x63, 0x02,
	0xe9, 0x04, 0x93, 0xc5, 0xf4, 0xff, 0x9b, 0x85, 0x05, 0x00, 0xb3, 0xf5, 0xf5, 0x00,
	0x93, 0x95, 0x05, 0x02, 0x37, 0xf5, 0x03, 0x00, 0x13, 0x06, 0x04, 0x00, 0x93, 0xd5,
	0x05, 0x02, 0x13, 0x05, 0x05, 0x05, 0xef, 0x00, 0x80, 0x1c, 0x83, 0x30, 0x81, 0x01,
	0x03, 0x34, 0x01, 0x01, 0x83, 0x34, 0x81, 0x00, 0x03, 0x39, 0x01, 0x00, 0x13, 0x05,
	0x00, 0x00, 0x13, 0x01, 0x01, 0x02, 0x67, 0x80, 0x00, 0x00, 0xb3, 0xe7, 0x97, 0x00,
	0x9b, 0x85, 0x07, 0x00, 0x6f, 0xf0, 0x5f, 0xfc, 0x13, 0x01, 0x01, 0xfd, 0x1b, 0xd7,
	0x85, 0x00, 0x9b, 0xd7, 0x35, 0x00, 0x13, 0x77, 0x77, 0x00, 0x23, 0x30, 0x41, 0x01,
	0x93, 0xf7, 0x87, 0x01, 0x13, 0x0a, 0x05, 0x00, 0x37, 0x25, 0x03, 0x00, 0xb3, 0xe7,
	0xe7, 0x00, 0x23, 0x30, 0x81, 0x02, 0x23, 0x3c, 0x91, 0x00, 0x13, 0x84, 0x05, 0x00,
	0x13, 0x05, 0xc5, 0x14, 0x93, 0x05, 0x00, 0x00, 0x93, 0x04, 0x10, 0x00, 0x23, 0x34,
	0x11, 0x02, 0x23, 0x38, 0x21, 0x01, 0x23, 0x34, 0x31, 0x01, 0xbb, 0x94, 0xf4, 0x00,
	0xef, 0x00, 0x00, 0x52, 0xb7, 0x27, 0x00, 0x00, 0x93, 0x87, 0x87, 0x00, 0x33, 0x64,
	0xf4, 0x00, 0x13, 0x14, 0x04, 0x02, 0x93, 0x09, 0x05, 0x00, 0x13, 0x54, 0x04, 0x02,
	0x37, 0xc5, 0x00, 0x00, 0x93, 0x05, 0x04, 0x00, 0x13, 0x05, 0xc5, 0x3b, 0xef, 0x00,
	0x40, 0x19, 0x93, 0x07, 0x10, 0x00, 0x9b, 0x89, 0x09, 0x00, 0x1b, 0x09, 0x05, 0x00,
	0x63, 0x00, 0xfa, 0x08, 0x93, 0xc4, 0xf4, 0xff, 0x9b, 0x84, 0x04, 0x00, 0xb3, 0xf4,
	0x34, 0x01, 0x13, 0x79, 0xf9, 0xfb, 0x93, 0x94, 0x04, 0x02, 0x93, 0xd4, 0x04, 0x02,
	0x37, 0x25, 0x03, 0x00, 0x93, 0x85, 0x04, 0x00, 0x13, 0x05, 0xc5, 0x14, 0x13, 0x06,
	0x00, 0x00, 0xef, 0x00, 0x40, 0x24, 0x93, 0x15, 0x09, 0x02, 0x37, 0xc5, 0x00, 0x00,
	0x13, 0x06, 0x04, 0x00, 0x93, 0xd5, 0x05, 0x02, 0x13, 0x05, 0xc5, 0x3b, 0xef, 0x00,
	0x40, 0x0d, 0x37, 0xf5, 0x03, 0x00, 0x13, 0x06, 0x04, 0x00, 0x93, 0x85, 0x04, 0x00,
	0x13, 0x05, 0x85, 0x05, 0xef, 0x00, 0x00, 0x0c, 0x83, 0x30, 0x81, 0x02, 0x03, 0x34,
	0x01, 0x02, 0x83, 0x34, 0x81, 0x01, 0x03, 0x39, 0x01, 0x01, 0x83, 0x39, 0x81, 0x00,
	0x03, 0x3a, 0x01, 0x00, 0x13, 0x05, 0x00, 0x00, 0x13, 0x01, 0x01, 0x03, 0x67, 0x80,
	0x00, 0x00, 0xb3, 0xe9, 0x99, 0x00, 0x9b, 0x84, 0x09, 0x00, 0x13, 0x69, 0x09, 0x04,
	0x6f, 0xf0, 0x9f, 0xf8, 0xb7, 0x45, 0x03, 0x06, 0x37, 0x25, 0x03, 0x00, 0x13, 0x06,
	0x00, 0x00, 0x93, 0x85, 0x35, 0x10, 0x13, 0x05, 0x45, 0x12, 0x6f, 0x00, 0xc0, 0x1c,
	0x37, 0x05, 0x03, 0x00, 0x13, 0x06, 0x00, 0x00, 0x97, 0xd5, 0x0e, 0x00, 0x83, 0xb5,
	0x85, 0xbe, 0x13, 0x05, 0xc5, 0x11, 0x6f, 0x00, 0x40, 0x1b, 0x00, 0x00, 0x00, 0x00,
	0x00, 0x00, 0x00, 0x00, 0x9b, 0x02, 0x20, 0x00, 0x93, 0x92, 0x02, 0x03, 0xb3, 0x82,
	0xa2, 0x00, 0x03, 0xb5, 0x02, 0x00, 0x67, 0x80, 0x00, 0x00, 0x9b, 0x02, 0x20, 0x00,
	0x93, 0x92, 0x02, 0x03, 0xb3, 0x82, 0xa2, 0x00, 0x23, 0xb0, 0xb2, 0x00, 0x67, 0x80,
	0x00, 0x00, 0x9b, 0x02, 0x20, 0x00, 0x93, 0x92, 0x02, 0x03, 0x23, 0xac, 0xa2, 0x38,
	0x67, 0x80, 0x00, 0x00, 0x9b, 0x02, 0x20, 0x00, 0x93, 0x92, 0x02, 0x03, 0x03, 0xb3,
	0x82, 0x02, 0x13, 0x53, 0x63, 0x02, 0x13, 0x75, 0xf3, 0x00, 0x67, 0x80, 0x00, 0x00,
	0x1b, 0x0e, 0x20, 0x00, 0x13, 0x1e, 0x0e, 0x03, 0x93, 0x03, 0x10, 0x00, 0x83, 0x3f,
	0x8e, 0x02, 0x93, 0xdf, 0xff, 0x03, 0x93, 0xff, 0x1f, 0x00, 0x23, 0x28, 0x7e, 0x52,
	0x83, 0x32, 0x8e, 0x02, 0x63, 0x92, 0xf2, 0x01, 0x37, 0x13, 0x00, 0x00, 0x1b, 0x03,
	0x03, 0xff, 0x63, 0x14, 0xc3, 0x00, 0x03, 0x26, 0x0e, 0x07, 0x37, 0x23, 0x00, 0x00,
	0x1b, 0x03, 0x83, 0x00, 0x33, 0x63, 0xc3, 0x00, 0x23, 0x2c, 0x6e, 0x08, 0x23, 0x28,
	0x7e, 0x46, 0x9b, 0x02, 0x10, 0x00, 0x93, 0x92, 0x02, 0x03, 0x33, 0x05, 0x55, 0x00,
	0x23, 0x20, 0xb5, 0x00, 0x23, 0x28, 0xfe, 0x53, 0x83, 0x33, 0x8e, 0x02, 0x63, 0x92,
	0xf3, 0x01, 0x23, 0x28, 0x0e, 0x46, 0x67, 0x80, 0x00, 0x00, 0x1b, 0x0e, 0x20, 0x00,
	0x13, 0x1e, 0x0e, 0x03, 0x93, 0x03, 0x10, 0x00, 0x83, 0x3f, 0x8e, 0x02, 0x93, 0xdf,
	0xff, 0x03, 0x93, 0xff, 0x1f, 0x00, 0x23, 0x28, 0x7e, 0x52, 0x83, 0x32, 0x8e, 0x02,
	0x63, 0x92, 0xf2, 0x01, 0x37, 0x23, 0x00, 0x00, 0x1b, 0x03, 0x83, 0x00, 0x33, 0x63,
	0xb3, 0x00, 0x23, 0x2c, 0x6e, 0x08, 0x23, 0x28, 0x7e, 0x46, 0x9b, 0x02, 0x10, 0x00,
	0x93, 0x92, 0x02, 0x03, 0xb3, 0x02, 0x55, 0x00, 0x03, 0xb5, 0x02, 0x00, 0x23, 0x28,
	0xfe, 0x53, 0x83, 0x33, 0x8e, 0x02, 0x63, 0x92, 0xf3, 0x01, 0x23, 0x28, 0x0e, 0x46,
	0x67, 0x80, 0x00, 0x00, 0x1b, 0x0e, 0x20, 0x00, 0x13, 0x1e, 0x0e, 0x03, 0x93, 0x03,
	0x10, 0x00, 0x23, 0x28, 0x7e, 0x52, 0x03, 0x23, 0x0e, 0x07, 0xb7, 0x23, 0x00, 0x00,
	0x9b, 0x83, 0x13, 0x00, 0x33, 0x63, 0x73, 0x00, 0x23, 0x2c, 0x6e, 0x08, 0x93, 0x03,
	0x10, 0x00, 0x23, 0x28, 0x7e, 0x46, 0x9b, 0x02, 0x10, 0x00, 0x93, 0x92, 0x02, 0x03,
	0x33, 0x05, 0x55, 0x00, 0x23, 0x20, 0xb5, 0x00, 0x23, 0x28, 0x0e, 0x46, 0x23, 0x28,
	0x0e, 0x52, 0x67, 0x80, 0x00, 0x00, 0x1b, 0x0e, 0x20, 0x00, 0x13, 0x1e, 0x0e, 0x03,
	0x93, 0x03, 0x10, 0x00, 0x83, 0x3f, 0x8e, 0x02, 0x93, 0xdf, 0xff, 0x03, 0x93, 0xff,
	0x1f, 0x00, 0x23, 0x28, 0x7e, 0x52, 0x83, 0x32, 0x8e, 0x02, 0x63, 0x92, 0xf2, 0x01,
	0x37, 0x13, 0x00, 0x00, 0x1b, 0x03, 0x03, 0xff, 0x63, 0x14, 0xd3, 0x00, 0x83, 0x26,
	0x0e, 0x07, 0x37, 0x23, 0x00, 0x00, 0x1b, 0x03, 0x83, 0x00, 0x33, 0x63, 0xd3, 0x00,
	0x23, 0x2c, 0x6e, 0x08, 0x6f, 0x00, 0xc0, 0x03, 0x1b, 0x0e, 0x20, 0x00, 0x13, 0x1e,
	0x0e, 0x03, 0x93, 0x03, 0x10, 0x00, 0x83, 0x3f, 0x8e, 0x02, 0x93, 0xdf, 0xff, 0x03,
	0x93, 0xff, 0x1f, 0x00, 0x23, 0x28, 0x7e, 0x52, 0x83, 0x32, 0x8e, 0x02, 0x63, 0x92,
	0xf2, 0x01, 0x03, 0x23, 0x0e, 0x07, 0xb7, 0x23, 0x00, 0x00, 0x9b, 0x83, 0x13, 0x00,
	0x33, 0x63, 0x73, 0x00, 0x23, 0x2c, 0x6e, 0x08, 0x9b, 0x02, 0x10, 0x00, 0x93, 0x92,
	0x02, 0x03, 0x33, 0x05, 0x55, 0x00, 0x23, 0x20, 0xb5, 0x00, 0x63, 0x08, 0x06, 0x00,
	0x13, 0x05, 0x45, 0x00, 0x93, 0xd5, 0x05, 0x02, 0x23, 0x20, 0xb5, 0x00, 0x23, 0x28,
	0xfe, 0x53, 0x83, 0x33, 0x8e, 0x02, 0x63, 0x92, 0xf3, 0x01, 0x67, 0x80, 0x00, 0x00,
	0x1b, 0x0e, 0x20, 0x00, 0x13, 0x1e, 0x0e, 0x03, 0x93, 0x03, 0x10, 0x00, 0x83, 0x3f,
	0x8e, 0x02, 0x93, 0xdf, 0xff, 0x03, 0x93, 0xff, 0x1f, 0x00, 0x23, 0x28, 0x7e, 0x52,
	0x83, 0x32, 0x8e, 0x02, 0x63, 0x92, 0xf2, 0x01, 0x03, 0x23, 0x0e, 0x07, 0xb7, 0x23,
	0x00, 0x00, 0x9b, 0x83, 0x13, 0x00, 0x33, 0x63, 0x73, 0x00, 0xb7, 0x13, 0x00, 0x00,
	0x9b, 0x83, 0x13, 0x80, 0x33, 0x63, 0x73, 0x00, 0x23, 0x2c, 0x6e, 0x08, 0x6f, 0xf0,
	0xdf, 0xf8, 0x1b, 0x0e, 0x20, 0x00, 0x13, 0x1e, 0x0e, 0x03, 0x93, 0x03, 0x10, 0x00,
	0x83, 0x3f, 0x8e, 0x02, 0x93, 0xdf, 0xff, 0x03, 0x93, 0xff, 0x1f, 0x00, 0x23, 0x28,
	0x7e, 0x52, 0x83, 0x32, 0x8e, 0x02, 0x63, 0x92, 0xf2, 0x01, 0x03, 0x23, 0x0e, 0x07,
	0xb7, 0x23, 0x00, 0x00, 0x9b, 0x83, 0x13, 0x00, 0x33, 0x63, 0x73, 0x00, 0x23, 0x2c,
	0x6e, 0x08, 0x93, 0xfe, 0x06, 0x70, 0x93, 0xf6, 0x06, 0x0c, 0x93, 0xd6, 0x26, 0x00,
	0xb3, 0xe6, 0xde, 0x00, 0x93, 0x86, 0x16, 0x00, 0x9b, 0x02, 0x10, 0x00, 0x93, 0x92,
	0x02, 0x03, 0xb7, 0xce, 0x00, 0x00, 0x9b, 0x8e, 0x0e, 0x36, 0xb3, 0x8e, 0x5e, 0x00,
	0x13, 0x0f, 0x00, 0x00, 0x63, 0x0a, 0x0f, 0x00, 0x13, 0x03, 0x00, 0x01, 0x93, 0x03,
	0x10, 0x00, 0x33, 0x03, 0x73, 0x40, 0xe3, 0x1e, 0x03, 0xfe, 0x93, 0x03, 0x10, 0x00,
	0x13, 0x0f, 0x1f, 0x00, 0x23, 0xa0, 0x7e, 0x00, 0x83, 0xe3, 0x0e, 0x00, 0xe3, 0x8e,
	0x03, 0xfc, 0x37, 0xc3, 0x00, 0x00, 0x1b, 0x03, 0xc3, 0x25, 0x33, 0x03, 0x53, 0x00,
	0x23, 0x20, 0xd3, 0x00, 0x33, 0x05, 0x55, 0x00, 0x23, 0x20, 0xb5, 0x00, 0x63, 0x08,
	0x06, 0x00, 0x13, 0x05, 0x45, 0x00, 0x93, 0xd5, 0x05, 0x02, 0x23, 0x20, 0xb5, 0x00,
	0x23, 0x28, 0xfe, 0x53, 0x83, 0x33, 0x8e, 0x02, 0x63, 0x92, 0xf3, 0x01, 0x23, 0x20,
	0x03, 0x00, 0x23, 0xa0, 0x0e, 0x00, 0x67, 0x80, 0x00, 0x00, 0x1b, 0x0e, 0x20, 0x00,
	0x13, 0x1e, 0x0e, 0x03, 0x93, 0x03, 0x10, 0x00, 0x83, 0x3f, 0x8e, 0x02, 0x93, 0xdf,
	0xff, 0x03, 0x93, 0xff, 0x1f, 0x00, 0x23, 0x28, 0x7e, 0x52, 0x83, 0x32, 0x8e, 0x02,
	0x63, 0x92, 0xf2, 0x01, 0x83, 0x3e, 0x8e, 0x02, 0x93, 0xde, 0x6e, 0x02, 0x93, 0xfe,
	0xfe, 0x00, 0x23, 0x2c, 0xce, 0x38, 0x03, 0x23, 0x0e, 0x07, 0xb7, 0x23, 0x00, 0x00,
	0x9b, 0x83, 0x13, 0x00, 0x33, 0x63, 0x73, 0x00, 0x23, 0x2c, 0x6e, 0x08, 0x9b, 0x02,
	0x10, 0x00, 0x93, 0x92, 0x02, 0x03, 0x33, 0x05, 0x55, 0x00, 0x23, 0x20, 0xb5, 0x00,
	0x23, 0x2c, 0xde, 0x39, 0x23, 0x28, 0xfe, 0x53, 0x83, 0x33, 0x8e, 0x02, 0x63, 0x92,
	0xf3, 0x01, 0x67, 0x80, 0x00, 0x00, 0x1b, 0x0e, 0x20, 0x00, 0x13, 0x1e, 0x0e, 0x03,
	0x93, 0x03, 0x10, 0x00, 0x23, 0x28, 0x7e, 0x52, 0x03, 0x23, 0x0e, 0x07, 0xb7, 0x23,
	0x00, 0x00, 0x9b, 0x83, 0x13, 0x00, 0x33, 0x63, 0x73, 0x00, 0x23, 0x2c, 0x6e, 0x08,
	0x93, 0x03, 0x10, 0x00, 0x23, 0x28, 0x7e, 0x46, 0x9b, 0x02, 0x10, 0x00, 0x93, 0x92,
	0x02, 0x03, 0xb3, 0x02, 0x55, 0x00, 0x03, 0xe5, 0x02, 0x00, 0x23, 0x28, 0x0e, 0x46,
	0x23, 0x28, 0x0e, 0x52, 0x67, 0x80, 0x00, 0x00, 0x1b, 0x0e, 0x20, 0x00, 0x13, 0x1e,
	0x0e, 0x03, 0x93, 0x03, 0x10, 0x00, 0x83, 0x3f, 0x8e, 0x02, 0x93, 0xdf, 0xff, 0x03,
	0x93, 0xff, 0x1f, 0x00, 0x23, 0x28, 0x7e, 0x52, 0x83, 0x32, 0x8e, 0x02, 0x63, 0x92,
	0xf2, 0x01, 0x37, 0x13, 0x00, 0x00, 0x1b, 0x03, 0x03, 0xff, 0x63, 0x14, 0xc3, 0x00,
	0x03, 0x26, 0x0e, 0x07, 0x37, 0x23, 0x00, 0x00, 0x1b, 0x03, 0x83, 0x00, 0x33, 0x63,
	0xc3, 0x00, 0x23, 0x2c, 0x6e, 0x08, 0x6f, 0x00, 0xc0, 0x07, 0x1b, 0x0e, 0x20, 0x00,
	0x13, 0x1e, 0x0e, 0x03, 0x93, 0x03, 0x10, 0x00, 0x83, 0x3f, 0x8e, 0x02, 0x93, 0xdf,
	0xff, 0x03, 0x93, 0xff, 0x1f, 0x00, 0x23, 0x28, 0x7e, 0x52, 0x83, 0x32, 0x8e, 0x02,
	0x63, 0x92, 0xf2, 0x01, 0x03, 0x23, 0x0e, 0x07, 0xb7, 0x23, 0x00, 0x00, 0x9b, 0x83,
	0x13, 0x00, 0x33, 0x63, 0x73, 0x00, 0x23, 0x2c, 0x6e, 0x08, 0x6f, 0x00, 0x00, 0x04,
	0x1b, 0x0e, 0x20, 0x00, 0x13, 0x1e, 0x0e, 0x03, 0x93, 0x03, 0x10, 0x00, 0x83, 0x3f,
	0x8e, 0x02, 0x93, 0xdf, 0xff, 0x03, 0x93, 0xff, 0x1f, 0x00, 0x23, 0x28, 0x7e, 0x52,
	0x03, 0x23, 0x0e, 0x07, 0xb7, 0x23, 0x00, 0x00, 0x9b, 0x83, 0x13, 0x00, 0x33, 0x63,
	0x73, 0x00, 0xb7, 0x13, 0x00, 0x00, 0x9b, 0x83, 0x13, 0x80, 0x33, 0x63, 0x73, 0x00,
	0x23, 0x2c, 0x6e, 0x08, 0x9b, 0x02, 0x10, 0x00, 0x93, 0x92, 0x02, 0x03, 0xb3, 0x02,
	0x55, 0x00, 0x03, 0xe5, 0x02, 0x00, 0x63, 0x8a, 0x05, 0x00, 0x93, 0x82, 0x42, 0x00,
	0x03, 0xe3, 0x02, 0x00, 0x13, 0x13, 0x03, 0x02, 0x33, 0x65, 0x65, 0x00, 0x23, 0x28,
	0xfe, 0x53, 0x83, 0x33, 0x8e, 0x02, 0x63, 0x92, 0xf3, 0x01, 0x67, 0x80, 0x00, 0x00,
	0x1b, 0x0e, 0x20, 0x00, 0x13, 0x1e, 0x0e, 0x03, 0x93, 0x03, 0x10, 0x00, 0x83, 0x3f,
	0x8e, 0x02, 0x93, 0xdf, 0xff, 0x03, 0x93, 0xff, 0x1f, 0x00, 0x23, 0x28, 0x7e, 0x52,
	0x83, 0x32, 0x8e, 0x02, 0x63, 0x92, 0xf2, 0x01, 0x03, 0x23, 0x0e, 0x07, 0xb7, 0x23,
	0x00, 0x00, 0x9b, 0x83, 0x13, 0x00, 0x33, 0x63, 0x73, 0x00, 0x23, 0x2c, 0x6e, 0x08,
	0x93, 0x7e, 0x06, 0x70, 0x13, 0x76, 0x06, 0x0c, 0x13, 0x56, 0x26, 0x00, 0x33, 0xe6,
	0xce, 0x00, 0x13, 0x06, 0x16, 0x00, 0x9b, 0x02, 0x10, 0x00, 0x93, 0x92, 0x02, 0x03,
	0xb7, 0xce, 0x00, 0x00, 0x9b, 0x8e, 0x0e, 0x36, 0xb3, 0x8e, 0x5e, 0x00, 0x13, 0x0f,
	0x00, 0x00, 0x63, 0x0a, 0x0f, 0x00, 0x13, 0x03, 0x00, 0x01, 0x93, 0x03, 0x10, 0x00,
	0x33, 0x03, 0x73, 0x40, 0xe3, 0x1e, 0x03, 0xfe, 0x93, 0x03, 0x10, 0x00, 0x13, 0x0f,
	0x1f, 0x00, 0x23, 0xa0, 0x7e, 0x00, 0x83, 0xe3, 0x0e, 0x00, 0xe3, 0x8e, 0x03, 0xfc,
	0x37, 0xc3, 0x00, 0x00, 0x1b, 0x03, 0xc3, 0x25, 0x33, 0x03, 0x53, 0x00, 0x23, 0x20,
	0xc3, 0x00, 0xb3, 0x02, 0x55, 0x00, 0x03, 0xe5, 0x02, 0x00, 0x63, 0x8a, 0x05, 0x00,
	0x93, 0x82, 0x42, 0x00, 0x03, 0xef, 0x02, 0x00, 0x13, 0x1f, 0x0f, 0x02, 0x33, 0x65,
	0xe5, 0x01, 0x23, 0x28, 0xfe, 0x53, 0x83, 0x33, 0x8e, 0x02, 0x63, 0x92, 0xf3, 0x01,
	0x23, 0x20, 0x03, 0x00, 0x23, 0xa0, 0x0e, 0x00, 0x67, 0x80, 0x00, 0x00, 0x1b, 0x0e,
	0x20, 0x00, 0x13, 0x1e, 0x0e, 0x03, 0x93, 0x03, 0x10, 0x00, 0x83, 0x3f, 0x8e, 0x02,
	0x93, 0xdf, 0xff, 0x03, 0x93, 0xff, 0x1f, 0x00, 0x23, 0x28, 0x7e, 0x52, 0x83, 0x32,
	0x8e, 0x02, 0x63, 0x92, 0xf2, 0x01, 0x83, 0x3e, 0x8e, 0x02, 0x93, 0xde, 0x6e, 0x02,
	0x93, 0xfe, 0xfe, 0x00, 0x23, 0x2c, 0xbe, 0x38, 0x03, 0x23, 0x0e, 0x07, 0xb7, 0x23,
	0x00, 0x00, 0x9b, 0x83, 0x13, 0x00, 0x33, 0x63, 0x73, 0x00, 0x23, 0x2c, 0x6e, 0x08,
	0x9b, 0x02, 0x10, 0x00, 0x93, 0x92, 0x02, 0x03, 0xb3, 0x02, 0x55, 0x00, 0x03, 0xe5,
	0x02, 0x00, 0x23, 0x2c, 0xde, 0x39, 0x23, 0x28, 0xfe, 0x53, 0x83, 0x33, 0x8e, 0x02,
	0x63, 0x92, 0xf3, 0x01, 0x67, 0x80, 0x00, 0x00, 0x9b, 0x02, 0x20, 0x00, 0x93, 0x92,
	0x02, 0x03, 0x13, 0x73, 0x35, 0x00, 0x23, 0xa0, 0x62, 0x12, 0x13, 0x13, 0x73, 0x00,
	0x23, 0xac, 0x62, 0x0c, 0x67, 0x80, 0x00, 0x00, 0x9b, 0x02, 0x20, 0x00, 0x93, 0x92,
	0x02, 0x03, 0x03, 0xb3, 0x82, 0x02, 0x13, 0x55, 0x03, 0x02, 0x13, 0x75, 0x35, 0x00,
	0x13, 0x53, 0x53, 0x03, 0x13, 0x73, 0xc3, 0x00, 0x33, 0x65, 0xa3, 0x00, 0x67, 0x80,
	0x00, 0x00, 0x9b, 0x02, 0x20, 0x00, 0x93, 0x92, 0x02, 0x03, 0x93, 0x03, 0x10, 0x00,
	0x83, 0xbf, 0x82, 0x02, 0x93, 0xdf, 0xff, 0x03, 0x93, 0xff, 0x1f, 0x00, 0x23, 0xa8,
	0x72, 0x52, 0x03, 0xb3, 0x82, 0x02, 0x63, 0x12, 0xf3, 0x01, 0x13, 0x73, 0x35, 0x00,
	0x23, 0xa0, 0x62, 0x12, 0x13, 0x53, 0x45, 0x00, 0x13, 0x73, 0x33, 0x00, 0x63, 0x06,
	0x03, 0x02, 0x93, 0x03, 0x10, 0x00, 0x63, 0x0e, 0x73, 0x00, 0x93, 0x03, 0x20, 0x00,
	0x63, 0x06, 0x73, 0x00, 0x23, 0xb0, 0xc5, 0x00, 0x6f, 0x00, 0x80, 0x01, 0x23, 0xa0,
	0xc5, 0x00, 0x6f, 0x00, 0x00, 0x01, 0x23, 0x90, 0xc5, 0x00, 0x6f, 0x00, 0x80, 0x00,
	0x23, 0x80, 0xc5, 0x00, 0x13, 0x53, 0x05, 0x01, 0x63, 0x06, 0x03, 0x00, 0x03, 0xa3,
	0x02, 0x09, 0xe3, 0x1e, 0x03, 0xfe, 0x23, 0xa8, 0xf2, 0x53, 0x83, 0xb3, 0x82, 0x02,
	0x63, 0x92, 0xf3, 0x01, 0x67, 0x80, 0x00, 0x00, 0x9b, 0x02, 0x20, 0x00, 0x93, 0x92,
	0x02, 0x03, 0x93, 0x03, 0x10, 0x00, 0x83, 0xbf, 0x82, 0x02, 0x93, 0xdf, 0xff, 0x03,
	0x93, 0xff, 0x1f, 0x00, 0x23, 0xa8, 0x72, 0x52, 0x03, 0xb3, 0x82, 0x02, 0x63, 0x12,
	0xf3, 0x01, 0x13, 0x73, 0x05, 0x0c, 0x23, 0xac, 0x62, 0x0c, 0x13, 0x73, 0x35, 0x00,
	0x63, 0x06, 0x03, 0x02, 0x93, 0x03, 0x10, 0x00, 0x63, 0x0e, 0x73, 0x00, 0x93, 0x03,
	0x20, 0x00, 0x63, 0x06, 0x73, 0x00, 0x03, 0xb5, 0x05, 0x00, 0x6f, 0x00, 0x80, 0x01,
	0x03, 0xa5, 0x05, 0x00, 0x6f, 0x00, 0x00, 0x01, 0x03, 0x95, 0x05, 0x00, 0x6f, 0x00,
	0x80, 0x00, 0x03, 0x85, 0x05, 0x00, 0x23, 0xa8, 0xf2, 0x53, 0x83, 0xb3, 0x82, 0x02,
	0x63, 0x92, 0xf3, 0x01, 0x67, 0x80, 0x00, 0x00, 0x13, 0x00, 0x00, 0x00, 0x1b, 0x0e,
	0x20, 0x00, 0x13, 0x1e, 0x0e, 0x03, 0x23, 0x28, 0x0e, 0x52, 0x73, 0x00, 0x50, 0x10,
	0x67, 0x80, 0x00, 0x00, 0x9b, 0x02, 0x20, 0x00, 0x93, 0x92, 0x02, 0x03, 0x13, 0x73,
	0x35, 0x00, 0x23, 0xa0, 0x62, 0x12, 0x93, 0x72, 0x00, 0x00, 0x83, 0x23, 0x06, 0x00,
	0x23, 0xa0, 0x75, 0x00, 0x13, 0x06, 0x46, 0x00, 0x93, 0x85, 0x45, 0x00, 0x93, 0x82,
	0x12, 0x00, 0xe3, 0xc6, 0xd2, 0xfe, 0x67, 0x80, 0x00, 0x00, 0x9b, 0x02, 0x20, 0x00,
	0x93, 0x92, 0x02, 0x03, 0x03, 0xe3, 0x02, 0x04, 0xb3, 0x03, 0x05, 0x00, 0x23, 0xa0,
	0x63, 0x00, 0x13, 0x5e, 0x03, 0x01, 0xb7, 0x4e, 0x00, 0x00, 0x9b, 0x8e, 0xfe, 0xff,
	0x33, 0xfe, 0xce, 0x01, 0x63, 0x12, 0xde, 0x03, 0x13, 0x5f, 0x83, 0x00, 0x13, 0x7f,
	0xff, 0x0f, 0x93, 0x0f, 0x00, 0x01, 0x63, 0x1a, 0xff, 0x01, 0x93, 0x0f, 0x00, 0x00,
	0x23, 0xa8, 0xf2, 0x15, 0x23, 0xa0, 0xf2, 0x07, 0x6f, 0x00, 0x80, 0x01, 0x93, 0x83,
	0x43, 0x00, 0x03, 0xe3, 0x02, 0x04, 0x23, 0xa0, 0x63, 0x00, 0x13, 0x0e, 0xfe, 0xff,
	0xe3, 0x58, 0x0e, 0xfe, 0x67, 0x80, 0x00, 0x00, 0x9b, 0x02, 0x20, 0x00, 0x93, 0x92,
	0x02, 0x03, 0x03, 0xe5, 0x02, 0x04, 0x67, 0x80, 0x00, 0x00, 0x9b, 0x02, 0x20, 0x00,
	0x93, 0x92, 0x02, 0x03, 0x1b, 0x03, 0x30, 0x00, 0x13, 0x13, 0x13, 0x02, 0x13, 0x03,
	0x13, 0x00, 0x23, 0xac, 0xa2, 0x0c, 0x23, 0xb4, 0xc2, 0x0e, 0x23, 0xbc, 0xd2, 0x0e,
	0x23, 0xb0, 0x62, 0x38, 0x23, 0xa4, 0x62, 0x10, 0x13, 0x03, 0x10, 0x00, 0x63, 0x8a,
	0x65, 0x02, 0x13, 0x03, 0x20, 0x00, 0x63, 0x8c, 0x65, 0x06, 0x13, 0x03, 0x30, 0x00,
	0x63, 0x8e, 0x65, 0x06, 0x03, 0xb3, 0x82, 0x07, 0xe3, 0x1e, 0x03, 0xfe, 0x03, 0xb3,
	0x02, 0x08, 0x6f, 0x00, 0x80, 0x02, 0x93, 0x83, 0xf3, 0xff, 0xe3, 0x9e, 0x03, 0xfe,
	0x13, 0x03, 0x10, 0x00, 0x23, 0xa4, 0x62, 0x10, 0x03, 0xb3, 0x82, 0x07, 0xe3, 0x1e,
	0x03, 0xfe, 0x03, 0xb3, 0x02, 0x08, 0xb3, 0x83, 0x07, 0x00, 0xe3, 0x10, 0xe3, 0xfe,
	0x13, 0x01, 0x01, 0xfe, 0x23, 0x38, 0x61, 0x00, 0x23, 0x34, 0x11, 0x00, 0x37, 0xd5,
	0x00, 0x00, 0x1b, 0x05, 0x45, 0x89, 0xb3, 0x05, 0x03, 0x00, 0x13, 0x06, 0x10, 0x00,
	0x83, 0xb6, 0x02, 0x07, 0xef, 0xf0, 0x8f, 0xf7, 0x83, 0x30, 0x81, 0x00, 0x03, 0x33,
	0x01, 0x01, 0x13, 0x01, 0x01, 0x02, 0x33, 0x05, 0x03, 0x00, 0x67, 0x80, 0x00, 0x00,
	0x03, 0xb3, 0x02, 0x32, 0xe3, 0x1e, 0x03, 0xfe, 0x67, 0x80, 0x00, 0x00, 0x03, 0xb3,
	0x82, 0x07, 0xe3, 0x1e, 0x03, 0xfe, 0x67, 0x80, 0x00, 0x00, 0x9b, 0x02, 0x20, 0x00,
	0x93, 0x92, 0x02, 0x03, 0x1b, 0x03, 0x10, 0x00, 0x13, 0x13, 0x03, 0x03, 0x93, 0x03,
	0x10, 0x00, 0x83, 0xbf, 0x82, 0x02, 0x93, 0xdf, 0xff, 0x03, 0x93, 0xff, 0x1f, 0x00,
	0x23, 0xa8, 0x72, 0x52, 0x83, 0xb3, 0x82, 0x02, 0x63, 0x92, 0x72, 0x00, 0x83, 0xa3,
	0x02, 0x07, 0x37, 0x2e, 0x00, 0x00, 0x1b, 0x0e, 0x1e, 0x00, 0xb3, 0xe3, 0xc3, 0x01,
	0x23, 0xac, 0x72, 0x08, 0x83, 0xb3, 0x82, 0x0f, 0x33, 0x8e, 0xa3, 0x00, 0x13, 0x86,
	0x03, 0x00, 0x37, 0x2f, 0x03, 0x00, 0x1b, 0x0f, 0x0f, 0x0e, 0x33, 0x0f, 0x6f, 0x00,
	0x23, 0x20, 0xcf, 0x01, 0x93, 0x5e, 0x0e, 0x02, 0x13, 0x0f, 0x4f, 0x00, 0x23, 0x20,
	0xdf, 0x01, 0xb7, 0xa3, 0x02, 0x00, 0x9b, 0x83, 0x43, 0x40, 0xb3, 0x83, 0x63, 0x00,
	0x93, 0x0e, 0x00, 0x00, 0x23, 0xa0, 0xd3, 0x01, 0x83, 0x6e, 0x0f, 0x00, 0x13, 0x0f,
	0xcf, 0xff, 0x03, 0x6f, 0x0f, 0x00, 0x93, 0x9e, 0x0e, 0x02, 0x33, 0x6f, 0xdf, 0x01,
	0x63, 0x0c, 0xee, 0x01, 0x13, 0x05, 0xf0, 0xff, 0x23, 0xa8, 0xf2, 0x53, 0x83, 0xb3,
	0x82, 0x02, 0x63, 0x92, 0xf3, 0x01, 0x67, 0x80, 0x00, 0x00, 0x03, 0xbe, 0x82, 0x0f,
	0x33, 0x0e, 0xce, 0x40, 0x33, 0x05, 0xc5, 0x41, 0x23, 0xa8, 0xf2, 0x53, 0x83, 0xb3,
	0x82, 0x02, 0x63, 0x92, 0xf3, 0x01, 0x67, 0x80, 0x00, 0x00, 0x9b, 0x02, 0x20, 0x00,
	0x93, 0x92, 0x02, 0x03, 0x93, 0x03, 0x10, 0x00, 0x83, 0xbf, 0x82, 0x02, 0x93, 0xdf,
	0xff, 0x03, 0x93, 0xff, 0x1f, 0x00, 0x23, 0xa8, 0x72, 0x52, 0x83, 0xb3, 0x82, 0x02,
	0x63, 0x92, 0xf3, 0x01, 0x1b, 0x03, 0x10, 0x00, 0x13, 0x13, 0x03, 0x03, 0x83, 0xa3,
	0x02, 0x07, 0x37, 0x2e, 0x00, 0x00, 0x1b, 0x0e, 0x1e, 0x00, 0xb3, 0xe3, 0xc3, 0x01,
	0x23, 0xac, 0x72, 0x08, 0x93, 0x0e, 0x00, 0x10, 0x93, 0x8e, 0xfe, 0xff, 0xe3, 0x9e,
	0x0e, 0xfe, 0x37, 0xce, 0x00, 0x00, 0x1b, 0x0e, 0x4e, 0x2d, 0x33, 0x0e, 0x6e, 0x00,
	0x03, 0x6f, 0x0e, 0x00, 0xe3, 0x12, 0x0f, 0xfe, 0x37, 0xce, 0x00, 0x00, 0x1b, 0x0e,
	0xce, 0x0d, 0x33, 0x0e, 0x6e, 0x00, 0x23, 0x20, 0xbe, 0x00, 0x37, 0xce, 0x00, 0x00,
	0x1b, 0x0e, 0xce, 0x2d, 0x33, 0x0e, 0x6e, 0x00, 0x23, 0x20, 0xce, 0x00, 0x37, 0xce,
	0x00, 0x00, 0x1b, 0x0e, 0x8e, 0x0e, 0x33, 0x0e, 0x63, 0x00, 0x23, 0x20, 0x0e, 0x00,
	0x37, 0xce, 0x00, 0x00, 0x1b, 0x0e, 0x4e, 0x0e, 0x33, 0x0e, 0x6e, 0x00, 0x93, 0x0e,
	0x10, 0x0b, 0x23, 0x20, 0xde, 0x01, 0x37, 0xce, 0x00, 0x00, 0x1b, 0x0e, 0x4e, 0x2d,
	0x33, 0x0e, 0x6e, 0x00, 0x93, 0x0e, 0x10, 0x00, 0x93, 0x9e, 0xae, 0x01, 0xb3, 0x6e,
	0xdf, 0x01, 0x23, 0x20, 0xde, 0x01, 0x23, 0xa8, 0xf2, 0x53, 0x83, 0xb3, 0x82, 0x02,
	0x63, 0x92, 0xf3, 0x01, 0x67, 0x80, 0x00, 0x00, 0x9b, 0x02, 0x10, 0x00, 0x93, 0x92,
	0x02, 0x03, 0x1b, 0x03, 0x20, 0x00, 0x13, 0x13, 0x03, 0x03, 0x83, 0x33, 0x03, 0x03,
	0xe3, 0x9e, 0x03, 0xfe, 0x83, 0x23, 0x03, 0x07, 0x37, 0x2e, 0x00, 0x00, 0x1b, 0x0e,
	0x1e, 0x00, 0x33, 0x6e, 0x7e, 0x00, 0x23, 0x2c, 0xc3, 0x09, 0x13, 0xee, 0x13, 0x00,
	0x23, 0x28, 0xc3, 0x0d, 0x37, 0x0f, 0x03, 0x00, 0x1b, 0x0f, 0x0f, 0x20, 0x33, 0x0f,
	0x5f, 0x00, 0x23, 0x20, 0xcf, 0x00, 0x13, 0x56, 0x06, 0x02, 0x13, 0x0f, 0x4f, 0x00,
	0x23, 0x20, 0xcf, 0x00, 0x37, 0x0f, 0x03, 0x00, 0x1b, 0x0f, 0x8f, 0x20, 0x33, 0x0f,
	0x5f, 0x00, 0x23, 0x20, 0xdf, 0x00, 0x93, 0xd6, 0x06, 0x02, 0x13, 0x0f, 0x4f, 0x00,
	0x23, 0x20, 0xdf, 0x00, 0x37, 0x0f, 0x03, 0x00, 0x1b, 0x0f, 0x0f, 0x1e, 0x33, 0x0f,
	0x5f, 0x00, 0x23, 0x20, 0xaf, 0x00, 0x37, 0x0f, 0x03, 0x00, 0x1b, 0x0f, 0x0f, 0x21,
	0x33, 0x0f, 0x5f, 0x00, 0x23, 0x20, 0xbf, 0x00, 0x67, 0x80, 0x00, 0x00, 0x00, 0x00,
	0x00, 0x00, 0x00, 0x00, 0x00, 0x00, 0x00, 0x00, 0x00, 0x00, 0xb7, 0x17, 0x11, 0xf0,
	0x93, 0x05, 0x05, 0x00, 0x03, 0xb5, 0x87, 0xf6, 0x6f, 0x00, 0x40, 0x01, 0xb7, 0x17,
	0x11, 0xf0, 0x93, 0x05, 0x05, 0x00, 0x03, 0xb5, 0x87, 0xf6, 0x6f, 0x00, 0x90, 0x2c,
	0x13, 0x01, 0x01, 0xfa, 0x23, 0x34, 0x91, 0x04, 0x23, 0x30, 0x21, 0x05, 0x23, 0x3c,
	0x11, 0x04, 0x23, 0x38, 0x81, 0x04, 0x23, 0x3c, 0x31, 0x03, 0x23, 0x38, 0x41, 0x03,
	0x23, 0x34, 0x51, 0x03, 0x23, 0x30, 0x61, 0x03, 0x23, 0x3c, 0x71, 0x01, 0x23, 0x38,
	0x81, 0x01, 0x23, 0x34, 0x91, 0x01, 0x93, 0x84, 0x75, 0x01, 0x93, 0x07, 0xe0, 0x02,
	0x13, 0x09, 0x05, 0x00, 0x63, 0xe6, 0x97, 0x06, 0x93, 0x07, 0x00, 0x02, 0x63, 0xe2,
	0xb7, 0x26, 0xef, 0x00, 0x10, 0x0e, 0x93, 0x04, 0x00, 0x02, 0x93, 0x07, 0x00, 0x05,
	0x13, 0x06, 0x40, 0x00, 0xb7, 0x09, 0x11, 0xf0, 0x93, 0x89, 0x09, 0x00, 0xb3, 0x87,
	0xf9, 0x00, 0x03, 0xb4, 0x87, 0x00, 0x13, 0x87, 0x07, 0xff, 0x63, 0x0e, 0xe4, 0x26,
	0x83, 0x37, 0x84, 0x00, 0x83, 0x36, 0x84, 0x01, 0x03, 0x36, 0x04, 0x01, 0x93, 0xf7,
	0xc7, 0xff, 0xb3, 0x07, 0xf4, 0x00, 0x03, 0xb7, 0x87, 0x00, 0x23, 0x3c, 0xd6, 0x00,
	0x23, 0xb8, 0xc6, 0x00, 0x13, 0x67, 0x17, 0x00, 0x13, 0x05, 0x09, 0x00, 0x23, 0xb4,
	0xe7, 0x00, 0xef, 0x00, 0x10, 0x09, 0x13, 0x05, 0x04, 0x01, 0x6f, 0x00, 0x00, 0x21,
	0xb7, 0x07, 0x00, 0x80, 0x93, 0xf4, 0x04, 0xff, 0x93, 0xc7, 0xf7, 0xff, 0x63, 0xea,
	0x97, 0x1e, 0x63, 0xe8, 0xb4, 0x1e, 0xef, 0x00, 0xd0, 0x06, 0x93, 0x07, 0x70, 0x1f,
	0x63, 0xf2, 0x97, 0x4e, 0x93, 0xd7, 0x94, 0x00, 0x63, 0x88, 0x07, 0x34, 0x13, 0x07,
	0x40, 0x00, 0x63, 0x68, 0xf7, 0x40, 0x93, 0xd7, 0x64, 0x00, 0x1b, 0x86, 0x97, 0x03,
	0x9b, 0x16, 0x16, 0x00, 0x1b, 0x85, 0x87, 0x03, 0x93, 0x96, 0x36, 0x00, 0xb7, 0x09,
	0x11, 0xf0, 0x93, 0x89, 0x09, 0x00, 0xb3, 0x86, 0xd9, 0x00, 0x03, 0xb4, 0x86, 0x00,
	0x93, 0x86, 0x06, 0xff, 0x63, 0x8a, 0x86, 0x1e, 0x93, 0x05, 0xf0, 0x01, 0x6f, 0x00,
	0x00, 0x01, 0x63, 0x54, 0x07, 0x36, 0x03, 0x34, 0x84, 0x01, 0x63, 0x80, 0x86, 0x1e,
	0x83, 0x37, 0x84, 0x00, 0x93, 0xf7, 0xc7, 0xff, 0x33, 0x87, 0x97, 0x40, 0xe3, 0xd4,
	0xe5, 0xfe, 0x03, 0xb4, 0x09, 0x02, 0x37, 0x08, 0x11, 0xf0, 0x13, 0x08, 0x08, 0x01,
	0x13, 0x06, 0x05, 0x00, 0x63, 0x16, 0x04, 0x1d, 0x83, 0xb7, 0x89, 0x00, 0x1b, 0x57,
	0x26, 0x40, 0x93, 0x05, 0x10, 0x00, 0xb3, 0x95, 0xe5, 0x00, 0x63, 0xfa, 0xb7, 0x22,
	0x03, 0xb4, 0x09, 0x01, 0x83, 0x3a, 0x84, 0x00, 0x93, 0xfa, 0xca, 0xff, 0x63, 0xe8,
	0x9a, 0x00, 0xb3, 0x87, 0x9a, 0x40, 0x13, 0x07, 0xf0, 0x01, 0x63, 0x42, 0xf7, 0x2e,
	0xb7, 0x1c, 0x11, 0xf0, 0x03, 0xba, 0x81, 0xe1, 0x03, 0xb7, 0x8c, 0xf5, 0x93, 0x07,
	0xf0, 0xff, 0x33, 0x0c, 0x54, 0x01, 0x33, 0x8a, 0x44, 0x01, 0x63, 0x06, 0xf7, 0x4e,
	0xb7, 0x17, 0x00, 0x00, 0x93, 0x87, 0xf7, 0x01, 0x33, 0x0a, 0xfa, 0x00, 0xb7, 0xf7,
	0xff, 0xff, 0x33, 0x7a, 0xfa, 0x00, 0x93, 0x05, 0x0a, 0x00, 0x13, 0x05, 0x09, 0x00,
	0xef, 0x00, 0xc0, 0x78, 0x93, 0x07, 0xf0, 0xff, 0x13, 0x0b, 0x05, 0x00, 0x63, 0x06,
	0xf5, 0x42, 0x63, 0x62, 0x85, 0x43, 0x93, 0x8b, 0x01, 0xde, 0x03, 0xa7, 0x0b, 0x00,
	0xbb, 0x07, 0x47, 0x01, 0x23, 0xa0, 0xfb, 0x00, 0x93, 0x86, 0x07, 0x00, 0x63, 0x04,
	0xac, 0x54, 0x03, 0xb7, 0x8c, 0xf5, 0x93, 0x07, 0xf0, 0xff, 0x63, 0x0c, 0xf7, 0x54,
	0xb3, 0x07, 0x8b, 0x41, 0xbb, 0x87, 0xd7, 0x00, 0x23, 0xa0, 0xfb, 0x00, 0x93, 0x7c,
	0xfb, 0x00, 0x63, 0x84, 0x0c, 0x4a, 0xb7, 0x17, 0x00, 0x00, 0x33, 0x0b, 0x9b, 0x41,
	0x13, 0x8c, 0x07, 0x01, 0x13, 0x0b, 0x0b, 0x01, 0x33, 0x0c, 0x9c, 0x41, 0x33, 0x0a,
	0x4b, 0x01, 0x93, 0x87, 0xf7, 0xff, 0x33, 0x0c, 0x4c, 0x41, 0x33, 0x7c, 0xfc, 0x00,
	0x93, 0x05, 0x0c, 0x00, 0x13, 0x05, 0x09, 0x00, 0xef, 0x00, 0x40, 0x71, 0x93, 0x07,
	0xf0, 0xff, 0x63, 0x04, 0xf5, 0x56, 0x33, 0x05, 0x65, 0x41, 0x1b, 0x07, 0x0c, 0x00,
	0x33, 0x0a, 0x85, 0x01, 0x83, 0xa7, 0x0b, 0x00, 0x23, 0xb8, 0x69, 0x01, 0x13, 0x6a,
	0x1a, 0x00, 0xbb, 0x87, 0xe7, 0x00, 0x23, 0xa0, 0xfb, 0x00, 0x23, 0x34, 0x4b, 0x01,
	0x63, 0x06, 0x34, 0x4f, 0x13, 0x06, 0xf0, 0x01, 0x63, 0x76, 0x56, 0x4f, 0x83, 0x36,
	0x84, 0x00, 0x13, 0x87, 0x8a, 0xfe, 0x13, 0x77, 0x07, 0xff, 0x93, 0xf6, 0x16, 0x00,
	0xb3, 0xe6, 0xe6, 0x00, 0x23, 0x34, 0xd4, 0x00, 0x93, 0x05, 0x90, 0x00, 0xb3, 0x06,
	0xe4, 0x00, 0x23, 0xb4, 0xb6, 0x00, 0x23, 0xb8, 0xb6, 0x00, 0x63, 0x60, 0xe6, 0x52,
	0x03, 0x3a, 0x8b, 0x00, 0x13, 0x04, 0x0b, 0x00, 0x83, 0xb6, 0x01, 0xe1, 0x63, 0xf4,
	0xf6, 0x00, 0x23, 0xb8, 0xf1, 0xe0, 0x83, 0xb6, 0x81, 0xe0, 0x63, 0xf4, 0xf6, 0x34,
	0x23, 0xb4, 0xf1, 0xe0, 0x6f, 0x00, 0x00, 0x34, 0x93, 0x07, 0xc0, 0x00, 0x23, 0x20,
	0xf9, 0x00, 0x13, 0x05, 0x00, 0x00, 0x83, 0x30, 0x81, 0x05, 0x03, 0x34, 0x01, 0x05,
	0x83, 0x34, 0x81, 0x04, 0x03, 0x39, 0x01, 0x04, 0x83, 0x39, 0x81, 0x03, 0x03, 0x3a,
	0x01, 0x03, 0x83, 0x3a, 0x81, 0x02, 0x03, 0x3b, 0x01, 0x02, 0x83, 0x3b, 0x81, 0x01,
	0x03, 0x3c, 0x01, 0x01, 0x83, 0x3c, 0x81, 0x00, 0x13, 0x01, 0x01, 0x06, 0x67, 0x80,
	0x00, 0x00, 0x03, 0xb4, 0x87, 0x01, 0x1b, 0x06, 0x26, 0x00, 0xe3, 0x90, 0x87, 0xd8,
	0x03, 0xb4, 0x09, 0x02, 0x37, 0x08, 0x11, 0xf0, 0x13, 0x08, 0x08, 0x01, 0xe3, 0x0e,
	0x04, 0xe3, 0x83, 0x37, 0x84, 0x00, 0x93, 0x06, 0xf0, 0x01, 0x93, 0xf7, 0xc7, 0xff,
	0x33, 0x87, 0x97, 0x40, 0x63, 0xcc, 0xe6, 0x24, 0x23, 0xb4, 0x09, 0x03, 0x23, 0xb0,
	0x09, 0x03, 0x63, 0x56, 0x07, 0x10, 0x13, 0x07, 0xf0, 0x1f, 0x63, 0x6c, 0xf7, 0x14,
	0x93, 0xd7, 0x37, 0x00, 0x1b, 0x87, 0x17, 0x00, 0x1b, 0x17, 0x17, 0x00, 0x13, 0x17,
	0x37, 0x00, 0x03, 0xb5, 0x89, 0x00, 0x33, 0x87, 0xe9, 0x00, 0x83, 0x35, 0x07, 0x00,
	0x9b, 0xd6, 0x27, 0x40, 0x93, 0x07, 0x10, 0x00, 0xb3, 0x97, 0xd7, 0x00, 0xb3, 0xe7,
	0xa7, 0x00, 0x93, 0x06, 0x07, 0xff, 0x23, 0x3c, 0xd4, 0x00, 0x23, 0x38, 0xb4, 0x00,
	0x23, 0xb4, 0xf9, 0x00, 0x23, 0x30, 0x87, 0x00, 0x23, 0xbc, 0x85, 0x00, 0x1b, 0x57,
	0x26, 0x40, 0x93, 0x05, 0x10, 0x00, 0xb3, 0x95, 0xe5, 0x00, 0xe3, 0xea, 0xb7, 0xdc,
	0x33, 0xf7, 0xf5, 0x00, 0x63, 0x14, 0x07, 0x02, 0x93, 0x95, 0x15, 0x00, 0x13, 0x76,
	0xc6, 0xff, 0x33, 0xf7, 0xf5, 0x00, 0x1b, 0x06, 0x46, 0x00, 0x63, 0x1a, 0x07, 0x00,
	0x93, 0x95, 0x15, 0x00, 0x33, 0xf7, 0xf5, 0x00, 0x1b, 0x06, 0x46, 0x00, 0xe3, 0x0a,
	0x07, 0xfe, 0x93, 0x08, 0xf0, 0x01, 0x1b, 0x03, 0x16, 0x00, 0x1b, 0x13, 0x13, 0x00,
	0x13, 0x13, 0x33, 0x00, 0x13, 0x03, 0x03, 0xff, 0x33, 0x83, 0x69, 0x00, 0x13, 0x05,
	0x03, 0x00, 0x83, 0x37, 0x85, 0x01, 0x13, 0x0e, 0x06, 0x00, 0x63, 0x0e, 0xf5, 0x12,
	0x03, 0xb7, 0x87, 0x00, 0x13, 0x84, 0x07, 0x00, 0x83, 0xb7, 0x87, 0x01, 0x13, 0x77,
	0xc7, 0xff, 0xb3, 0x06, 0x97, 0x40, 0x63, 0xce, 0xd8, 0x12, 0xe3, 0xc2, 0x06, 0xfe,
	0x33, 0x07, 0xe4, 0x00, 0x83, 0x36, 0x87, 0x00, 0x03, 0x36, 0x04, 0x01, 0x13, 0x05,
	0x09, 0x00, 0x93, 0xe6, 0x16, 0x00, 0x23, 0x34, 0xd7, 0x00, 0x23, 0x3c, 0xf6, 0x00,
	0x23, 0xb8, 0xc7, 0x00, 0xef, 0x00, 0xc0, 0x51, 0x13, 0x05, 0x04, 0x01, 0x6f, 0xf0,
	0xdf, 0xe9, 0x93, 0x06, 0x00, 0x40, 0x13, 0x06, 0x00, 0x04, 0x13, 0x05, 0xf0, 0x03,
	0x6f, 0xf0, 0x5f, 0xcc, 0xb3, 0x07, 0xf4, 0x00, 0x03, 0xb7, 0x87, 0x00, 0x13, 0x05,
	0x09, 0x00, 0x13, 0x67, 0x17, 0x00, 0x23, 0xb4, 0xe7, 0x00, 0xef, 0x00, 0xc0, 0x4e,
	0x13, 0x05, 0x04, 0x01, 0x6f, 0xf0, 0xdf, 0xe6, 0x13, 0xe7, 0x14, 0x00, 0x23, 0x34,
	0xe4, 0x00, 0xb3, 0x04, 0x94, 0x00, 0x23, 0xb8, 0x99, 0x00, 0x93, 0xe7, 0x17, 0x00,
	0x13, 0x05, 0x09, 0x00, 0x23, 0xb4, 0xf4, 0x00, 0xef, 0x00, 0x40, 0x4c, 0x13, 0x05,
	0x04, 0x01, 0x6f, 0xf0, 0x5f, 0xe4, 0x83, 0x36, 0x84, 0x01, 0x03, 0x36, 0x04, 0x01,
	0x6f, 0xf0, 0x5f, 0xc0, 0x13, 0xd7, 0x97, 0x00, 0x93, 0x06, 0x40, 0x00, 0x63, 0xfc,
	0xe6, 0x12, 0x93, 0x06, 0x40, 0x01, 0x63, 0xe8, 0xe6, 0x22, 0x9b, 0x05, 0xc7, 0x05,
	0x9b, 0x95, 0x15, 0x00, 0x9b, 0x06, 0xb7, 0x05, 0x93, 0x95, 0x35, 0x00, 0xb3, 0x85,
	0xb9, 0x00, 0x03, 0xb7, 0x05, 0x00, 0x93, 0x85, 0x05, 0xff, 0x63, 0x84, 0xe5, 0x1c,
	0x83, 0x36, 0x87, 0x00, 0x93, 0xf6, 0xc6, 0xff, 0x63, 0xf6, 0xd7, 0x00, 0x03, 0x37,
	0x07, 0x01, 0xe3, 0x98, 0xe5, 0xfe, 0x83, 0x35, 0x87, 0x01, 0x83, 0xb7, 0x89, 0x00,
	0x23, 0x3c, 0xb4, 0x00, 0x23, 0x38, 0xe4, 0x00, 0x23, 0xb8, 0x85, 0x00, 0x23, 0x3c,
	0x87, 0x00, 0x6f, 0xf0, 0x1f, 0xe9, 0x13, 0x07, 0x40, 0x01, 0x63, 0x70, 0xf7, 0x12,
	0x13, 0x07, 0x40, 0x05, 0x63, 0x68, 0xf7, 0x1e, 0x93, 0xd7, 0xc4, 0x00, 0x1b, 0x86,
	0xf7, 0x06, 0x9b, 0x16, 0x16, 0x00, 0x1b, 0x85, 0xe7, 0x06, 0x93, 0x96, 0x36, 0x00,
	0x6f, 0xf0, 0x5f, 0xbe, 0x1b, 0x0e, 0x1e, 0x00, 0x93, 0x77, 0x3e, 0x00, 0x13, 0x05,
	0x05, 0x01, 0x63, 0x88, 0x07, 0x10, 0x83, 0x37, 0x85, 0x01, 0x6f, 0xf0, 0x1f, 0xeb,
	0x03, 0x36, 0x04, 0x01, 0x93, 0xe5, 0x14, 0x00, 0x23, 0x34, 0xb4, 0x00, 0x23, 0x3c,
	0xf6, 0x00, 0x23, 0xb8, 0xc7, 0x00, 0xb3, 0x04, 0x94, 0x00, 0x23, 0xb4, 0x99, 0x02,
	0x23, 0xb0, 0x99, 0x02, 0x93, 0xe7, 0x16, 0x00, 0x23, 0xbc, 0x04, 0x01, 0x23, 0xb8,
	0x04, 0x01, 0x23, 0xb4, 0xf4, 0x00, 0x33, 0x07, 0xe4, 0x00, 0x13, 0x05, 0x09, 0x00,
	0x23, 0x30, 0xd7, 0x00, 0xef, 0x00, 0xc0, 0x3c, 0x13, 0x05, 0x04, 0x01, 0x6f, 0xf0,
	0xdf, 0xd4, 0x93, 0xe6, 0x14, 0x00, 0x23, 0x34, 0xd4, 0x00, 0xb3, 0x04, 0x94, 0x00,
	0x23, 0xb4, 0x99, 0x02, 0x23, 0xb0, 0x99, 0x02, 0x93, 0x66, 0x17, 0x00, 0x23, 0xbc,
	0x04, 0x01, 0x23, 0xb8, 0x04, 0x01, 0x23, 0xb4, 0xd4, 0x00, 0xb3, 0x07, 0xf4, 0x00,
	0x13, 0x05, 0x09, 0x00, 0x23, 0xb0, 0xe7, 0x00, 0xef, 0x00, 0x00, 0x39, 0x13, 0x05,
	0x04, 0x01, 0x6f, 0xf0, 0x1f, 0xd1, 0x13, 0xd6, 0x34, 0x00, 0x9b, 0x07, 0x16, 0x00,
	0x9b, 0x97, 0x17, 0x00, 0x1b, 0x06, 0x06, 0x00, 0x93, 0x97, 0x37, 0x00, 0x6f, 0xf0,
	0xdf, 0xa9, 0x13, 0xd7, 0x67, 0x00, 0x9b, 0x05, 0x97, 0x03, 0x9b, 0x95, 0x15, 0x00,
	0x9b, 0x06, 0x87, 0x03, 0x93, 0x95, 0x35, 0x00, 0x6f, 0xf0, 0x1f, 0xed, 0x63, 0x04,
	0x34, 0x13, 0x03, 0xb4, 0x09, 0x01, 0x03, 0x3a, 0x84, 0x00, 0x13, 0x7a, 0xca, 0xff,
	0xb3, 0x07, 0x9a, 0x40, 0x63, 0x66, 0x9a, 0x00, 0x13, 0x07, 0xf0, 0x01, 0xe3, 0x4c,
	0xf7, 0xe4, 0x13, 0x05, 0x09, 0x00, 0xef, 0x00, 0x00, 0x33, 0x13, 0x05, 0x00, 0x00,
	0x6f, 0xf0, 0x1f, 0xcb, 0x1b, 0x86, 0xc7, 0x05, 0x9b, 0x16, 0x16, 0x00, 0x1b, 0x85,
	0xb7, 0x05, 0x93, 0x96, 0x36, 0x00, 0x6f, 0xf0, 0x5f, 0xad, 0x83, 0x37, 0x03, 0x01,
	0x1b, 0x06, 0xf6, 0xff, 0x63, 0x9a, 0x67, 0x1c, 0x93, 0x77, 0x36, 0x00, 0x13, 0x03,
	0x03, 0xff, 0xe3, 0x96, 0x07, 0xfe, 0x03, 0xb7, 0x89, 0x00, 0x93, 0xc7, 0xf5, 0xff,
	0xb3, 0xf7, 0xe7, 0x00, 0x23, 0xb4, 0xf9, 0x00, 0x93, 0x95, 0x15, 0x00, 0xe3, 0xe4,
	0xb7, 0xb0, 0xe3, 0x82, 0x05, 0xb0, 0x33, 0xf7, 0xf5, 0x00, 0x63, 0x1a, 0x07, 0x00,
	0x93, 0x95, 0x15, 0x00, 0x33, 0xf7, 0xf5, 0x00, 0x1b, 0x0e, 0x4e, 0x00, 0xe3, 0x0a,
	0x07, 0xfe, 0x13, 0x06, 0x0e, 0x00, 0x6f, 0xf0, 0x5f, 0xd4, 0x13, 0x0a, 0x0a, 0x02,
	0x6f, 0xf0, 0x9f, 0xb2, 0x03, 0xb5, 0x89, 0x00, 0x9b, 0xd6, 0x26, 0x40, 0x93, 0x07,
	0x10, 0x00, 0xb3, 0x97, 0xd7, 0x00, 0xb3, 0xe7, 0xa7, 0x00, 0x23, 0xb4, 0xf9, 0x00,
	0x6f, 0xf0, 0x1f, 0xe4, 0x33, 0x0c, 0x4b, 0x01, 0x33, 0x0c, 0x80, 0x41, 0x13, 0x1c,
	0x4c, 0x03, 0x13, 0x5c, 0x4c, 0x03, 0x93, 0x05, 0x0c, 0x00, 0x13, 0x05, 0x09, 0x00,
	0xef, 0x00, 0x40, 0x28, 0x93, 0x07, 0xf0, 0xff, 0x13, 0x07, 0x00, 0x00, 0xe3, 0x18,
	0xf5, 0xb6, 0x6f, 0xf0, 0x9f, 0xb7, 0x93, 0x06, 0x40, 0x05, 0x63, 0xe4, 0xe6, 0x08,
	0x13, 0xd7, 0xc7, 0x00, 0x9b, 0x05, 0xf7, 0x06, 0x9b, 0x95, 0x15, 0x00, 0x9b, 0x06,
	0xe7, 0x06, 0x93, 0x95, 0x35, 0x00, 0x6f, 0xf0, 0x9f, 0xdc, 0x13, 0x07, 0x40, 0x15,
	0x63, 0x64, 0xf7, 0x08, 0x93, 0xd7, 0xf4, 0x00, 0x1b, 0x86, 0x87, 0x07, 0x9b, 0x16,
	0x16, 0x00, 0x1b, 0x85, 0x77, 0x07, 0x93, 0x96, 0x36, 0x00, 0x6f, 0xf0, 0x1f, 0x9f,
	0x93, 0x8b, 0x01, 0xde, 0x83, 0xa7, 0x0b, 0x00, 0xbb, 0x86, 0x47, 0x01, 0x23, 0xa0,
	0xdb, 0x00, 0x6f, 0xf0, 0x1f, 0xac, 0x13, 0x17, 0x4c, 0x03, 0xe3, 0x1c, 0x07, 0xaa,
	0x03, 0xb4, 0x09, 0x01, 0x33, 0x8a, 0x4a, 0x01, 0x13, 0x6a, 0x1a, 0x00, 0x23, 0x34,
	0x44, 0x01, 0x6f, 0xf0, 0x1f, 0xb6, 0x23, 0xbc, 0x6c, 0xf5, 0x6f, 0xf0, 0x5f, 0xab,
	0x13, 0x04, 0x0b, 0x00, 0x6f, 0xf0, 0x1f, 0xb5, 0x93, 0x07, 0x10, 0x00, 0x23, 0x34,
	0xfb, 0x00, 0x6f, 0xf0, 0x1f, 0xeb, 0x93, 0x06, 0x40, 0x15, 0x63, 0xe6, 0xe6, 0x06,
	0x13, 0xd7, 0xf7, 0x00, 0x9b, 0x05, 0x87, 0x07, 0x9b, 0x95, 0x15, 0x00, 0x9b, 0x06,
	0x77, 0x07, 0x93, 0x95, 0x35, 0x00, 0x6f, 0xf0, 0xdf, 0xd3, 0x13, 0x07, 0x40, 0x55,
	0x63, 0x66, 0xf7, 0x06, 0x93, 0xd7, 0x24, 0x01, 0x1b, 0x86, 0xd7, 0x07, 0x9b, 0x16,
	0x16, 0x00, 0x1b, 0x85, 0xc7, 0x07, 0x93, 0x96, 0x36, 0x00, 0x6f, 0xf0, 0x5f, 0x96,
	0x93, 0x8c, 0x0c, 0xff, 0x33, 0x0a, 0x9a, 0x01, 0x33, 0x0a, 0x6a, 0x41, 0x13, 0x07,
	0x00, 0x00, 0x6f, 0xf0, 0x9f, 0xa9, 0x93, 0x05, 0x04, 0x01, 0x13, 0x05, 0x09, 0x00,
	0xef, 0x00, 0xc0, 0x31, 0x03, 0xb4, 0x09, 0x01, 0x83, 0xa7, 0x0b, 0x00, 0x03, 0x3a,
	0x84, 0x00, 0x6f, 0xf0, 0x5f, 0xad, 0x93, 0x06, 0x40, 0x55, 0x63, 0xe6, 0xe6, 0x02,
	0x13, 0xd7, 0x27, 0x01, 0x9b, 0x05, 0xd7, 0x07, 0x9b, 0x95, 0x15, 0x00, 0x9b, 0x06,
	0xc7, 0x07, 0x93, 0x95, 0x35, 0x00, 0x6f, 0xf0, 0xdf, 0xcc, 0x93, 0x06, 0x00, 0x7f,
	0x13, 0x06, 0xf0, 0x07, 0x13, 0x05, 0xe0, 0x07, 0x6f, 0xf0, 0x5f, 0x90, 0x93, 0x05,
	0x00, 0x7f, 0x93, 0x06, 0xe0, 0x07, 0x6f, 0xf0, 0x1f, 0xcb, 0x83, 0xb7, 0x89, 0x00,
	0x6f, 0xf0, 0x9f, 0xe4, 0xb3, 0x47, 0xb5, 0x00, 0x93, 0xf7, 0x77, 0x00, 0xb3, 0x08,
	0xc5, 0x00, 0x63, 0x96, 0x07, 0x06, 0x93, 0x07, 0x70, 0x00, 0x63, 0xf2, 0xc7, 0x06,
	0x93, 0x77, 0x75, 0x00, 0x13, 0x07, 0x05, 0x00, 0x63, 0x9a, 0x07, 0x0c, 0x13, 0xf6,
	0x88, 0xff, 0xb3, 0x06, 0xe6, 0x40, 0x93, 0x07, 0x00, 0x04, 0x93, 0x02, 0x00, 0x04,
	0x63, 0xc2, 0xd7, 0x06, 0x93, 0x86, 0x05, 0x00, 0x93, 0x07, 0x07, 0x00, 0x63, 0x78,
	0xc7, 0x02, 0x03, 0xb8, 0x06, 0x00, 0x93, 0x87, 0x87, 0x00, 0x93, 0x86, 0x86, 0x00,
	0x23, 0xbc, 0x07, 0xff, 0xe3, 0xe8, 0xc7, 0xfe, 0x93, 0x07, 0xf6, 0xff, 0xb3, 0x87,
	0xe7, 0x40, 0x93, 0xf7, 0x87, 0xff, 0x93, 0x87, 0x87, 0x00, 0x33, 0x07, 0xf7, 0x00,
	0xb3, 0x85, 0xf5, 0x00, 0x63, 0x68, 0x17, 0x01, 0x67, 0x80, 0x00, 0x00, 0x13, 0x07,
	0x05, 0x00, 0xe3, 0x7c, 0x15, 0xff, 0x83, 0xc7, 0x05, 0x00, 0x13, 0x07, 0x17, 0x00,
	0x93, 0x85, 0x15, 0x00, 0xa3, 0x0f, 0xf7, 0xfe, 0xe3, 0x68, 0x17, 0xff, 0x67, 0x80,
	0x00, 0x00, 0x83, 0xb6, 0x85, 0x00, 0x83, 0xb7, 0x85, 0x03, 0x83, 0xbf, 0x05, 0x00,
	0x03, 0xbf, 0x05, 0x01, 0x83, 0xbe, 0x85, 0x01, 0x03, 0xbe, 0x05, 0x02, 0x03, 0xb3,
	0x85, 0x02, 0x03, 0xb8, 0x05, 0x03, 0x23, 0x34, 0xd7, 0x00, 0x83, 0xb6, 0x05, 0x04,
	0x23, 0x30, 0xf7, 0x01, 0x23, 0x38, 0xe7, 0x01, 0x23, 0x3c, 0xd7, 0x01, 0x23, 0x30,
	0xc7, 0x03, 0x23, 0x34, 0x67, 0x02, 0x23, 0x38, 0x07, 0x03, 0x23, 0x3c, 0xf7, 0x02,
	0x13, 0x07, 0x87, 0x04, 0xb3, 0x07, 0xe6, 0x40, 0x23, 0x3c, 0xd7, 0xfe, 0x93, 0x85,
	0x85, 0x04, 0xe3, 0xc6, 0xf2, 0xfa, 0x6f, 0xf0, 0x9f, 0xf4, 0x83, 0xc6, 0x05, 0x00,
	0x13, 0x07, 0x17, 0x00, 0x93, 0x77, 0x77, 0x00, 0xa3, 0x0f, 0xd7, 0xfe, 0x93, 0x85,
	0x15, 0x00, 0xe3, 0x8e, 0x07, 0xf0, 0x83, 0xc6, 0x05, 0x00, 0x13, 0x07, 0x17, 0x00,
	0x93, 0x77, 0x77, 0x00, 0xa3, 0x0f, 0xd7, 0xfe, 0x93, 0x85, 0x15, 0x00, 0xe3, 0x9a,
	0x07, 0xfc, 0x6f, 0xf0, 0x1f, 0xf0, 0x67, 0x80, 0x00, 0x00, 0x67, 0x80, 0x00, 0x00,
	0x13, 0x01, 0x01, 0xfe, 0x23, 0x38, 0x81, 0x00, 0x23, 0x34, 0x91, 0x00, 0x13, 0x04,
	0x05, 0x00, 0x13, 0x85, 0x05, 0x00, 0x23, 0x3c, 0x11, 0x00, 0x23, 0xa0, 0x01, 0xe2,
	0xef, 0x00, 0x80, 0x65, 0x93, 0x07, 0xf0, 0xff, 0x63, 0x0c, 0xf5, 0x00, 0x83, 0x30,
	0x81, 0x01, 0x03, 0x34, 0x01, 0x01, 0x83, 0x34, 0x81, 0x00, 0x13, 0x01, 0x01, 0x02,
	0x67, 0x80, 0x00, 0x00, 0x83, 0xa7, 0x01, 0xe2, 0xe3, 0x84, 0x07, 0xfe, 0x83, 0x30,
	0x81, 0x01, 0x23, 0x20, 0xf4, 0x00, 0x03, 0x34, 0x01, 0x01, 0x83, 0x34, 0x81, 0x00,
	0x13, 0x01, 0x01, 0x02, 0x67, 0x80, 0x00, 0x00, 0x13, 0x01, 0x01, 0xfd, 0x23, 0x34,
	0x31, 0x01, 0xb7, 0x09, 0x11, 0xf0, 0x23, 0x30, 0x81, 0x02, 0x23, 0x3c, 0x91, 0x00,
	0x23, 0x38, 0x21, 0x01, 0x23, 0x30, 0x41, 0x01, 0x23, 0x34, 0x11, 0x02, 0x13, 0x8a,
	0x05, 0x00, 0x13, 0x09, 0x05, 0x00, 0x93, 0x89, 0x09, 0x00, 0xef, 0xf0, 0x1f, 0xf7,
	0x03, 0xb7, 0x09, 0x01, 0xb7, 0x17, 0x00, 0x00, 0x13, 0x84, 0xf7, 0xfd, 0x83, 0x34,
	0x87, 0x00, 0x33, 0x04, 0x44, 0x41, 0x93, 0xf4, 0xc4, 0xff, 0x33, 0x04, 0x94, 0x00,
	0x13, 0x54, 0xc4, 0x00, 0x13, 0x04, 0xf4, 0xff, 0x13, 0x14, 0xc4, 0x00, 0x63, 0x4e,
	0xf4, 0x00, 0x93, 0x05, 0x00, 0x00, 0x13, 0x05, 0x09, 0x00, 0xef, 0xf0, 0x1f, 0xf4,
	0x83, 0xb7, 0x09, 0x01, 0xb3, 0x87, 0x97, 0x00, 0x63, 0x08, 0xf5, 0x02, 0x13, 0x05,
	0x09, 0x00, 0xef, 0xf0, 0x9f, 0xf2, 0x83, 0x30, 0x81, 0x02, 0x03, 0x34, 0x01, 0x02,
	0x83, 0x34, 0x81, 0x01, 0x03, 0x39, 0x01, 0x01, 0x83, 0x39, 0x81, 0x00, 0x03, 0x3a,
	0x01, 0x00, 0x13, 0x05, 0x00, 0x00, 0x13, 0x01, 0x01, 0x03, 0x67, 0x80, 0x00, 0x00,
	0xb3, 0x05, 0x80, 0x40, 0x13, 0x05, 0x09, 0x00, 0xef, 0xf0, 0xdf, 0xef, 0x93, 0x07,
	0xf0, 0xff, 0x63, 0x08, 0xf5, 0x04, 0x93, 0x87, 0x01, 0xde, 0x03, 0xa7, 0x07, 0x00,
	0x83, 0xb6, 0x09, 0x01, 0xb3, 0x84, 0x84, 0x40, 0x93, 0xe4, 0x14, 0x00, 0x3b, 0x07,
	0x87, 0x40, 0x13, 0x05, 0x09, 0x00, 0x23, 0xb4, 0x96, 0x00, 0x23, 0xa0, 0xe7, 0x00,
	0xef, 0xf0, 0x9f, 0xec, 0x83, 0x30, 0x81, 0x02, 0x03, 0x34, 0x01, 0x02, 0x83, 0x34,
	0x81, 0x01, 0x03, 0x39, 0x01, 0x01, 0x83, 0x39, 0x81, 0x00, 0x03, 0x3a, 0x01, 0x00,
	0x13, 0x05, 0x10, 0x00, 0x13, 0x01, 0x01, 0x03, 0x67, 0x80, 0x00, 0x00, 0x93, 0x05,
	0x00, 0x00, 0x13, 0x05, 0x09, 0x00, 0xef, 0xf0, 0xdf, 0xe9, 0x03, 0xb7, 0x09, 0x01,
	0x93, 0x06, 0xf0, 0x01, 0xb3, 0x07, 0xe5, 0x40, 0xe3, 0xde, 0xf6, 0xf4, 0xb7, 0x16,
	0x11, 0xf0, 0x83, 0xb6, 0x86, 0xf5, 0x93, 0xe7, 0x17, 0x00, 0x23, 0x34, 0xf7, 0x00,
	0x33, 0x05, 0xd5, 0x40, 0x23, 0xa0, 0xa1, 0xde, 0x6f, 0xf0, 0x1f, 0xf4, 0x63, 0x8e,
	0x05, 0x12, 0x13, 0x01, 0x01, 0xfe, 0x23, 0x38, 0x81, 0x00, 0x23, 0x34, 0x91, 0x00,
	0x13, 0x84, 0x05, 0x00, 0x93, 0x04, 0x05, 0x00, 0x23, 0x3c, 0x11, 0x00, 0xef, 0xf0,
	0x9f, 0xe4, 0x03, 0x35, 0x84, 0xff, 0x13, 0x07, 0x04, 0xff, 0xb7, 0x05, 0x11, 0xf0,
	0x93, 0x77, 0xe5, 0xff, 0x33, 0x06, 0xf7, 0x00, 0x93, 0x85, 0x05, 0x00, 0x83, 0x36,
	0x86, 0x00, 0x03, 0xb8, 0x05, 0x01, 0x93, 0xf6, 0xc6, 0xff, 0x63, 0x00, 0xc8, 0x1c,
	0x23, 0x34, 0xd6, 0x00, 0x13, 0x75, 0x15, 0x00, 0x33, 0x08, 0xd6, 0x00, 0x63, 0x14,
	0x05, 0x0a, 0x03, 0x33, 0x04, 0xff, 0x03, 0x38, 0x88, 0x00, 0x37, 0x05, 0x11, 0xf0,
	0x33, 0x07, 0x67, 0x40, 0x83, 0x38, 0x07, 0x01, 0x13, 0x05, 0x05, 0x01, 0xb3, 0x87,
	0x67, 0x00, 0x13, 0x78, 0x18, 0x00, 0x63, 0x86, 0xa8, 0x14, 0x03, 0x33, 0x87, 0x01,
	0x23, 0xbc, 0x68, 0x00, 0x23, 0x38, 0x13, 0x01, 0x63, 0x0a, 0x08, 0x1e, 0x93, 0xe6,
	0x17, 0x00, 0x23, 0x34, 0xd7, 0x00, 0x23, 0x30, 0xf6, 0x00, 0x93, 0x06, 0xf0, 0x1f,
	0x63, 0xec, 0xf6, 0x0a, 0x93, 0xd7, 0x37, 0x00, 0x9b, 0x86, 0x17, 0x00, 0x9b, 0x96,
	0x16, 0x00, 0x93, 0x96, 0x36, 0x00, 0x03, 0xb8, 0x85, 0x00, 0xb3, 0x86, 0xd5, 0x00,
	0x03, 0xb5, 0x06, 0x00, 0x1b, 0xd6, 0x27, 0x40, 0x93, 0x07, 0x10, 0x00, 0xb3, 0x97,
	0xc7, 0x00, 0xb3, 0xe7, 0x07, 0x01, 0x13, 0x86, 0x06, 0xff, 0x23, 0x3c, 0xc7, 0x00,
	0x23, 0x38, 0xa7, 0x00, 0x23, 0xb4, 0xf5, 0x00, 0x23, 0xb0, 0xe6, 0x00, 0x23, 0x3c,
	0xe5, 0x00, 0x03, 0x34, 0x01, 0x01, 0x83, 0x30, 0x81, 0x01, 0x13, 0x85, 0x04, 0x00,
	0x83, 0x34, 0x81, 0x00, 0x13, 0x01, 0x01, 0x02, 0x6f, 0xf0, 0x1f, 0xd7, 0x03, 0x35,
	0x88, 0x00, 0x13, 0x75, 0x15, 0x00, 0x63, 0x1e, 0x05, 0x02, 0x37, 0x05, 0x11, 0xf0,
	0xb3, 0x87, 0xd7, 0x00, 0x13, 0x05, 0x05, 0x01, 0x83, 0x36, 0x06, 0x01, 0x93, 0xe8,
	0x17, 0x00, 0x33, 0x08, 0xf7, 0x00, 0x63, 0x8c, 0xa6, 0x16, 0x03, 0x36, 0x86, 0x01,
	0x23, 0xbc, 0xc6, 0x00, 0x23, 0x38, 0xd6, 0x00, 0x23, 0x34, 0x17, 0x01, 0x23, 0x30,
	0xf8, 0x00, 0x6f, 0xf0, 0x1f, 0xf6, 0x67, 0x80, 0x00, 0x00, 0x93, 0xe6, 0x17, 0x00,
	0x23, 0x3c, 0xd4, 0xfe, 0x23, 0x30, 0xf6, 0x00, 0x93, 0x06, 0xf0, 0x1f, 0xe3, 0xf8,
	0xf6, 0xf4, 0x93, 0xd6, 0x97, 0x00, 0x13, 0x06, 0x40, 0x00, 0x63, 0x6c, 0xd6, 0x0e,
	0x93, 0xd6, 0x67, 0x00, 0x1b, 0x85, 0x96, 0x03, 0x1b, 0x15, 0x15, 0x00, 0x1b, 0x86,
	0x86, 0x03, 0x13, 0x15, 0x35, 0x00, 0x33, 0x85, 0xa5, 0x00, 0x83, 0x36, 0x05, 0x00,
	0x13, 0x05, 0x05, 0xff, 0x63, 0x0a, 0xd5, 0x12, 0x03, 0xb6, 0x86, 0x00, 0x13, 0x76,
	0xc6, 0xff, 0x63, 0xf6, 0xc7, 0x00, 0x83, 0xb6, 0x06, 0x01, 0xe3, 0x18, 0xd5, 0xfe,
	0x03, 0xb5, 0x86, 0x01, 0x23, 0x3c, 0xa7, 0x00, 0x23, 0x38, 0xd7, 0x00, 0x03, 0x34,
	0x01, 0x01, 0x23, 0x38, 0xe5, 0x00, 0x83, 0x30, 0x81, 0x01, 0x13, 0x85, 0x04, 0x00,
	0x83, 0x34, 0x81, 0x00, 0x23, 0xbc, 0xe6, 0x00, 0x13, 0x01, 0x01, 0x02, 0x6f, 0xf0,
	0x9f, 0xca, 0x63, 0x1c, 0x08, 0x14, 0x83, 0x35, 0x86, 0x01, 0x03, 0x36, 0x06, 0x01,
	0xb3, 0x86, 0xf6, 0x00, 0x03, 0x34, 0x01, 0x01, 0x23, 0x3c, 0xb6, 0x00, 0x23, 0xb8,
	0xc5, 0x00, 0x93, 0xe7, 0x16, 0x00, 0x83, 0x30, 0x81, 0x01, 0x23, 0x34, 0xf7, 0x00,
	0x13, 0x85, 0x04, 0x00, 0x33, 0x07, 0xd7, 0x00, 0x83, 0x34, 0x81, 0x00, 0x23, 0x30,
	0xd7, 0x00, 0x13, 0x01, 0x01, 0x02, 0x6f, 0xf0, 0x9f, 0xc6, 0x13, 0x75, 0x15, 0x00,
	0xb3, 0x86, 0xd7, 0x00, 0x63, 0x10, 0x05, 0x02, 0x03, 0x35, 0x04, 0xff, 0x33, 0x07,
	0xa7, 0x40, 0x83, 0x37, 0x87, 0x01, 0x03, 0x36, 0x07, 0x01, 0xb3, 0x86, 0xa6, 0x00,
	0x23, 0x3c, 0xf6, 0x00, 0x23, 0xb8, 0xc7, 0x00, 0xb7, 0x17, 0x11, 0xf0, 0x13, 0xe6,
	0x16, 0x00, 0x83, 0xb7, 0x07, 0xf6, 0x23, 0x34, 0xc7, 0x00, 0x23, 0xb8, 0xe5, 0x00,
	0xe3, 0xe2, 0xf6, 0xea, 0x83, 0xb5, 0x81, 0xe1, 0x13, 0x85, 0x04, 0x00, 0xef, 0xf0,
	0xdf, 0xc7, 0x6f, 0xf0, 0x5f, 0xe9, 0x13, 0x06, 0x40, 0x01, 0x63, 0x76, 0xd6, 0x02,
	0x13, 0x06, 0x40, 0x05, 0x63, 0x68, 0xd6, 0x06, 0x93, 0xd6, 0xc7, 0x00, 0x1b, 0x85,
	0xf6, 0x06, 0x1b, 0x15, 0x15, 0x00, 0x1b, 0x86, 0xe6, 0x06, 0x13, 0x15, 0x35, 0x00,
	0x6f, 0xf0, 0xdf, 0xef, 0xb3, 0x87, 0xd7, 0x00, 0x6f, 0xf0, 0x5f, 0xe9, 0x1b, 0x85,
	0xc6, 0x05, 0x1b, 0x15, 0x15, 0x00, 0x1b, 0x86, 0xb6, 0x05, 0x13, 0x15, 0x35, 0x00,
	0x6f, 0xf0, 0x1f, 0xee, 0x23, 0xb4, 0xe5, 0x02, 0x23, 0xb0, 0xe5, 0x02, 0x23, 0x3c,
	0xa7, 0x00, 0x23, 0x38, 0xa7, 0x00, 0x23, 0x34, 0x17, 0x01, 0x23, 0x30, 0xf8, 0x00,
	0x6f, 0xf0, 0x5f, 0xe3, 0x03, 0xb8, 0x85, 0x00, 0x1b, 0x56, 0x26, 0x40, 0x93, 0x07,
	0x10, 0x00, 0xb3, 0x97, 0xc7, 0x00, 0xb3, 0xe7, 0x07, 0x01, 0x23, 0xb4, 0xf5, 0x00,
	0x6f, 0xf0, 0x1f, 0xed, 0x13, 0x06, 0x40, 0x15, 0x63, 0x6e, 0xd6, 0x00, 0x93, 0xd6,
	0xf7, 0x00, 0x1b, 0x85, 0x86, 0x07, 0x1b, 0x15, 0x15, 0x00, 0x1b, 0x86, 0x76, 0x07,
	0x13, 0x15, 0x35, 0x00, 0x6f, 0xf0, 0x9f, 0xe8, 0x13, 0x06, 0x40, 0x55, 0x63, 0x6e,
	0xd6, 0x00, 0x93, 0xd6, 0x27, 0x01, 0x1b, 0x85, 0xd6, 0x07, 0x1b, 0x15, 0x15, 0x00,
	0x1b, 0x86, 0xc6, 0x07, 0x13, 0x15, 0x35, 0x00, 0x6f, 0xf0, 0x9f, 0xe6, 0x13, 0x05,
	0x00, 0x7f, 0x13, 0x06, 0xe0, 0x07, 0x6f, 0xf0, 0xdf, 0xe5, 0x93, 0xe6, 0x17, 0x00,
	0x23, 0x34, 0xd7, 0x00, 0x23, 0x30, 0xf6, 0x00, 0x6f, 0xf0, 0xdf, 0xdb, 0x13, 0x01,
	0x01, 0xfd, 0x23, 0x38, 0x21, 0x01, 0x03, 0xb9, 0x05, 0x00, 0x23, 0x30, 0x81, 0x02,
	0x23, 0x3c, 0x91, 0x00, 0x23, 0x34, 0x11, 0x02, 0x23, 0x34, 0x31, 0x01, 0x23, 0x30,
	0x41, 0x01, 0x13, 0x84, 0x05, 0x00, 0x93, 0x04, 0x05, 0x00, 0x63, 0x02, 0x09, 0x04,
	0x83, 0x39, 0x09, 0x00, 0x63, 0x88, 0x09, 0x02, 0x03, 0xba, 0x09, 0x00, 0x63, 0x0e,
	0x0a, 0x00, 0x83, 0x35, 0x0a, 0x00, 0x63, 0x84, 0x05, 0x00, 0xef, 0xf0, 0xdf, 0xfb,
	0x93, 0x05, 0x0a, 0x00, 0x13, 0x85, 0x04, 0x00, 0xef, 0xf0, 0x5f, 0xc8, 0x93, 0x85,
	0x09, 0x00, 0x13, 0x85, 0x04, 0x00, 0xef, 0xf0, 0x9f, 0xc7, 0x93, 0x05, 0x09, 0x00,
	0x13, 0x85, 0x04, 0x00, 0xef, 0xf0, 0xdf, 0xc6, 0x93, 0x05, 0x04, 0x00, 0x03, 0x34,
	0x01, 0x02, 0x83, 0x30, 0x81, 0x02, 0x03, 0x39, 0x01, 0x01, 0x83, 0x39, 0x81, 0x00,
	0x03, 0x3a, 0x01, 0x00, 0x13, 0x85, 0x04, 0x00, 0x83, 0x34, 0x81, 0x01, 0x13, 0x01,
	0x01, 0x03, 0x6f, 0xf0, 0x5f, 0xc4, 0xb7, 0x17, 0x11, 0xf0, 0x83, 0xb7, 0x87, 0xf6,
	0x63, 0x8a, 0xa7, 0x10, 0x83, 0x35, 0x85, 0x07, 0x13, 0x01, 0x01, 0xfd, 0x23, 0x3c,
	0x91, 0x00, 0x23, 0x34, 0x11, 0x02, 0x23, 0x30, 0x81, 0x02, 0x23, 0x38, 0x21, 0x01,
	0x23, 0x34, 0x31, 0x01, 0x93, 0x04, 0x05, 0x00, 0x63, 0x80, 0x05, 0x04, 0x13, 0x09,
	0x00, 0x00, 0x93, 0x09, 0x00, 0x20, 0xb3, 0x87, 0x25, 0x01, 0x03, 0xb4, 0x07, 0x00,
	0x63, 0x0e, 0x04, 0x00, 0x93, 0x05, 0x04, 0x00, 0x03, 0x34, 0x04, 0x00, 0x13, 0x85,
	0x04, 0x00, 0xef, 0xf0, 0x1f, 0xbf, 0xe3, 0x18, 0x04, 0xfe, 0x83, 0xb5, 0x84, 0x07,
	0x13, 0x09, 0x89, 0x00, 0xe3, 0x1c, 0x39, 0xfd, 0x13, 0x85, 0x04, 0x00, 0xef, 0xf0,
	0x9f, 0xbd, 0x83, 0xb5, 0x04, 0x06, 0x63, 0x86, 0x05, 0x00, 0x13, 0x85, 0x04, 0x00,
	0xef, 0xf0, 0x9f, 0xbc, 0x03, 0xb4, 0x84, 0x1f, 0x63, 0x00, 0x04, 0x02, 0x13, 0x89,
	0x04, 0x20, 0x63, 0x0c, 0x24, 0x01, 0x93, 0x05, 0x04, 0x00, 0x03, 0x34, 0x04, 0x00,
	0x13, 0x85, 0x04, 0x00, 0xef, 0xf0, 0x9f, 0xba, 0xe3, 0x18, 0x89, 0xfe, 0x83, 0xb5,
	0x84, 0x08, 0x63, 0x86, 0x05, 0x00, 0x13, 0x85, 0x04, 0x00, 0xef, 0xf0, 0x5f, 0xb9,
	0x83, 0xa7, 0x04, 0x05, 0x63, 0x86, 0x07, 0x04, 0x83, 0xb7, 0x84, 0x05, 0x13, 0x85,
	0x04, 0x00, 0xe7, 0x80, 0x07, 0x00, 0x03, 0xb4, 0x04, 0x52, 0x63, 0x0c, 0x04, 0x02,
	0x83, 0x35, 0x04, 0x00, 0x63, 0x86, 0x05, 0x00, 0x13, 0x85, 0x04, 0x00, 0xef, 0xf0,
	0x5f, 0xe9, 0x93, 0x05, 0x04, 0x00, 0x03, 0x34, 0x01, 0x02, 0x83, 0x30, 0x81, 0x02,
	0x03, 0x39, 0x01, 0x01, 0x83, 0x39, 0x81, 0x00, 0x13, 0x85, 0x04, 0x00, 0x83, 0x34,
	0x81, 0x01, 0x13, 0x01, 0x01, 0x03, 0x6f, 0xf0, 0x5f, 0xb4, 0x83, 0x30, 0x81, 0x02,
	0x03, 0x34, 0x01, 0x02, 0x83, 0x34, 0x81, 0x01, 0x03, 0x39, 0x01, 0x01, 0x83, 0x39,
	0x81, 0x00, 0x13, 0x01, 0x01, 0x03, 0x67, 0x80, 0x00, 0x00, 0x67, 0x80, 0x00, 0x00,
	0x03, 0xb7, 0x81, 0xe2, 0x13, 0x01, 0x01, 0xff, 0x23, 0x34, 0x11, 0x00, 0x93, 0x07,
	0x05, 0x00, 0x63, 0x10, 0x07, 0x02, 0x93, 0x08, 0x60, 0x0d, 0x13, 0x05, 0x00, 0x00,
	0x73, 0x00, 0x00, 0x00, 0x13, 0x06, 0xf0, 0xff, 0x13, 0x07, 0x05, 0x00, 0x63, 0x0a,
	0xc5, 0x02, 0x23, 0xb4, 0xa1, 0xe2, 0x93, 0x08, 0x60, 0x0d, 0x33, 0x85, 0xe7, 0x00,
	0x73, 0x00, 0x00, 0x00, 0x03, 0xb7, 0x81, 0xe2, 0xb3, 0x87, 0xe7, 0x00, 0x63, 0x1c,
	0xf5, 0x00, 0x83, 0x30, 0x81, 0x00, 0x23, 0xb4, 0xa1, 0xe2, 0x13, 0x05, 0x07, 0x00,
	0x13, 0x01, 0x01, 0x01, 0x67, 0x80, 0x00, 0x00, 0xef, 0x00, 0xc0, 0x01, 0x83, 0x30,
	0x81, 0x00, 0x93, 0x07, 0xc0, 0x00, 0x23, 0x20, 0xf5, 0x00, 0x13, 0x05, 0xf0, 0xff,
	0x13, 0x01, 0x01, 0x01, 0x67, 0x80, 0x00, 0x00, 0xb7, 0x17, 0x11, 0xf0, 0x03, 0xb5,
	0x87, 0xf6, 0x67, 0x80, 0x00, 0x00, 0x13, 0x01, 0x01, 0xff, 0x23, 0x34, 0x11, 0x00,
	0xef, 0xe0, 0x0f, 0xc9, 0x97, 0x05, 0xff, 0xff, 0x93, 0x85, 0x85, 0x57, 0x13, 0x05,
	0x60, 0x00, 0xef, 0xd0, 0x8f, 0xec, 0x1b, 0x05, 0x05, 0x00, 0x63, 0x0a, 0x05, 0x00,
	0x83, 0x30, 0x81, 0x00, 0x13, 0x05, 0xf0, 0xff, 0x13, 0x01, 0x01, 0x01, 0x67, 0x80,
	0x00, 0x00, 0x97, 0x55, 0xff, 0xff, 0x93, 0x85, 0x45, 0x02, 0x13, 0x05, 0x70, 0x00,
	0xef, 0xd0, 0x0f, 0xea, 0x9b, 0x07, 0x05, 0x00, 0xe3, 0x9e, 0x07, 0xfc, 0xef, 0xd0,
	0x0f, 0xe9, 0x6f, 0xf0, 0xdf, 0xff, 0x93, 0x87, 0x81, 0x82, 0x17, 0xb7, 0x0e, 0x00,
	0x13, 0x07, 0x87, 0x01, 0x13, 0x85, 0x81, 0xb9, 0x23, 0xb0, 0xe7, 0x36, 0x23, 0xb4,
	0x07, 0x36, 0x6f, 0xc0, 0x9f, 0xde, 0x12, 0xf6, 0xe2, 0x3f, 0xff, 0x5d, 0xd8, 0x59,
	0xd7, 0xf9, 0x80, 0x00, 0xc6, 0x8e, 0xfe, 0x75, 0xe2, 0xba, 0xfd, 0xca, 0x9c, 0x2d,
	0x99, 0x41, 0xce, 0x19, 0x43, 0x8f, 0x56, 0x87, 0x69, 0x6b, 0x3d, 0xf8, 0xdb, 0xf7,
	0x6e, 0x0a, 0xa2, 0x79, 0x32, 0x09, 0x3c, 0x29, 0xdb, 0x64, 0xcd, 0x5a, 0xd3, 0x32,
	0x0b, 0x5f, 0xb7, 0x29, 0xf6, 0x0c, 0x6b, 0x8b, 0x7d, 0x74, 0x00, 0x3b, 0xc6, 0xb2,
	0xfd, 0xe0, 0xa9, 0xd9, 0x5c, 0x33, 0xfd, 0xf3, 0xc1, 0xeb, 0x3a, 0xdc, 0x25, 0xf4,
	0x09, 0xcb, 0x4f, 0x3b, 0x7c, 0xc5, 0x83, 0x49, 0x4d, 0x26, 0x46, 0x5e, 0xdb, 0xba,
	0x36, 0x18, 0x95, 0x74, 0xec, 0x12, 0xec, 0x2a, 0x4f, 0x74, 0xf2, 0x35, 0x7e, 0x24,
	0x4b, 0x86, 0x2b, 0x0d, 0x5b, 0x39, 0x0e, 0x65, 0x3b, 0x91, 0x1f, 0x2e, 0xde, 0x20,
	0xf6, 0x55, 0x6a, 0x16, 0xd8, 0x8b, 0x8c, 0x77, 0x97, 0x10, 0x72, 0xaa, 0x52, 0xc6,
	0x2a, 0x33, 0x88, 0x70, 0x6e, 0x67, 0x68, 0x2f, 0x49, 0x39, 0x5d, 0x63, 0x46, 0x99,
	0x26, 0xa7, 0x50, 0xe6, 0x79, 0xea, 0x48, 0xad, 0x23, 0x2a, 0xda, 0x5f, 0x67, 0xea,
	0x3a, 0xf2, 0x24, 0x55, 0x6d, 0x27, 0xc6, 0xa9, 0x31, 0xd1, 0x52, 0xeb, 0x89, 0x05,
	0xa2, 0x23, 0xdd, 0x15, 0x1c, 0xbf, 0x77, 0x99, 0x21, 0x5e, 0x3f, 0xec, 0x4f, 0x6e,
	0x0e, 0x0f, 0x8d, 0xed, 0x6c, 0x11, 0x24, 0xb3, 0x82, 0xfc, 0x3e, 0x5a, 0xee, 0x96,
	0x95, 0xc3, 0x23, 0xbb, 0x9e, 0x46, 0x50, 0x37, 0x2a, 0x2b, 0x14, 0x1d, 0x23, 0x11,
	0x5b, 0x6a, 0x66, 0xcd, 0x09, 0xcf, 0x21, 0xf1, 0xf4, 0xbe, 0x0f, 0x6e, 0xe2, 0xd6,
	0x2a, 0x80, 0x8e, 0xd3, 0x6a, 0x9d, 0x56, 0xfb, 0xa5, 0x46, 0x27, 0x82, 0x18, 0x95,
	0x6f, 0xa8, 0x7f, 0xa0, 0x49, 0xf0, 0x20, 0x0a, 0xca, 0xbb,
};

#endif